alpha,framing,condition,layer,layer_tag,content_id,belief,delta,kl,entropy
-8.0,eval,d,2,best,c006,0.5764598846435547,-0.4367704391479492,0.04115995392203331,0.4199894070625305
-8.0,eval,d,2,best,c017,0.4882469177246094,-0.13750457763671875,0.04115995392203331,0.4199894070625305
-8.0,eval,d,2,best,c039,0.11855411529541016,-0.5830698013305664,0.04115995392203331,0.4199894070625305
-8.0,eval,d,2,best,c036,0.039836883544921875,-0.2228841781616211,0.04115995392203331,0.4199894070625305
-8.0,eval,d,2,best,c009,-0.4325551986694336,-0.37450218200683594,0.04115995392203331,0.4199894070625305
-8.0,eval,d,2,best,c000,0.3298931121826172,-0.2589998245239258,0.04115995392203331,0.4199894070625305
-8.0,eval,d,2,best,c013,1.1933202743530273,-0.4701213836669922,0.04115995392203331,0.4199894070625305
-8.0,eval,d,2,best,c049,0.31728649139404297,-0.294219970703125,0.04115995392203331,0.4199894070625305
-8.0,eval,d,2,best,c058,0.1258678436279297,-0.461578369140625,0.04115995392203331,0.4199894070625305
-8.0,eval,d,2,best,c024,0.07925128936767578,-0.07135486602783203,0.04115995392203331,0.4199894070625305
-8.0,eval,d,2,best,c042,0.8276968002319336,-0.09316539764404297,0.04115995392203331,0.4199894070625305
-8.0,eval,d,2,best,c047,0.13935279846191406,-0.2861013412475586,0.04115995392203331,0.4199894070625305
-8.0,eval,d,2,best,c043,-0.5668325424194336,0.16791439056396484,0.04115995392203331,0.4199894070625305
-8.0,eval,d,2,best,c003,0.12604618072509766,-0.5775661468505859,0.04115995392203331,0.4199894070625305
-8.0,eval,d,2,best,c041,0.5354108810424805,-0.21311283111572266,0.04115995392203331,0.4199894070625305
-8.0,eval,d,2,best,c008,-0.20604896545410156,-0.13698482513427734,0.04115995392203331,0.4199894070625305
-8.0,eval,d,2,best,c045,1.7037858963012695,-0.15134620666503906,0.04115995392203331,0.4199894070625305
-8.0,eval,d,2,best,c011,0.5924310684204102,-0.31775569915771484,0.04115995392203331,0.4199894070625305
-8.0,eval,d,2,best,c020,1.5841693878173828,-0.24006175994873047,0.04115995392203331,0.4199894070625305
-8.0,eval,d,2,best,c044,1.7399606704711914,-0.2533245086669922,0.04115995392203331,0.4199894070625305
-8.0,eval,d,2,best,c016,0.26776885986328125,-0.37035083770751953,0.04115995392203331,0.4199894070625305
-8.0,eval,d,2,best,c056,0.6194944381713867,-0.18059158325195312,0.04115995392203331,0.4199894070625305
-8.0,eval,d,2,best,c025,0.12939071655273438,-0.029318809509277344,0.04115995392203331,0.4199894070625305
-8.0,eval,d,2,best,c029,-0.14815711975097656,-0.4883251190185547,0.04115995392203331,0.4199894070625305
-8.0,eval,d,2,best,c014,-0.09567451477050781,-0.4935436248779297,0.04115995392203331,0.4199894070625305
-8.0,eval,d,2,best,c002,0.40537071228027344,-0.10912799835205078,0.04115995392203331,0.4199894070625305
-8.0,eval,d,2,best,c023,0.39958953857421875,-0.171478271484375,0.04115995392203331,0.4199894070625305
-8.0,eval,d,2,best,c046,-0.09671592712402344,-0.7231988906860352,0.04115995392203331,0.4199894070625305
-8.0,eval,d,2,best,c022,0.1852102279663086,-0.02932453155517578,0.04115995392203331,0.4199894070625305
-8.0,eval,d,2,best,c050,0.7775869369506836,-0.3372993469238281,0.04115995392203331,0.4199894070625305
-8.0,eval,d,2,best,c006,0.7896528244018555,-0.3934183120727539,0.04115995392203331,0.4199894070625305
-8.0,eval,d,2,best,c017,0.5857439041137695,-0.2944908142089844,0.04115995392203331,0.4199894070625305
-8.0,eval,d,2,best,c039,-0.2969388961791992,-0.5683841705322266,0.04115995392203331,0.4199894070625305
-8.0,eval,d,2,best,c036,0.36580467224121094,-0.2700319290161133,0.04115995392203331,0.4199894070625305
-8.0,eval,d,2,best,c009,0.3860502243041992,-0.5873842239379883,0.04115995392203331,0.4199894070625305
-8.0,eval,d,2,best,c000,0.2535533905029297,-0.3644886016845703,0.04115995392203331,0.4199894070625305
-8.0,eval,d,2,best,c013,0.3083677291870117,-0.42700862884521484,0.04115995392203331,0.4199894070625305
-8.0,eval,d,2,best,c049,-0.40778636932373047,-0.3573179244995117,0.04115995392203331,0.4199894070625305
-8.0,eval,d,2,best,c058,0.03133583068847656,-0.6246318817138672,0.04115995392203331,0.4199894070625305
-8.0,eval,d,2,best,c024,0.031581878662109375,-0.2204875946044922,0.04115995392203331,0.4199894070625305
-8.0,eval,d,2,best,c042,-0.034130096435546875,-0.21794700622558594,0.04115995392203331,0.4199894070625305
-8.0,eval,d,2,best,c047,0.4095277786254883,-0.29370975494384766,0.04115995392203331,0.4199894070625305
-8.0,eval,d,2,best,c043,0.1215829849243164,0.06610774993896484,0.04115995392203331,0.4199894070625305
-8.0,eval,d,2,best,c003,0.0763406753540039,-0.4188051223754883,0.04115995392203331,0.4199894070625305
-8.0,eval,d,2,best,c041,0.3901052474975586,0.16257762908935547,0.04115995392203331,0.4199894070625305
-8.0,eval,d,2,best,c008,-0.005137443542480469,-0.3428821563720703,0.04115995392203331,0.4199894070625305
-8.0,eval,d,2,best,c045,0.24632835388183594,-0.29331302642822266,0.04115995392203331,0.4199894070625305
-8.0,eval,d,2,best,c011,0.019222259521484375,-0.242950439453125,0.04115995392203331,0.4199894070625305
-8.0,eval,d,2,best,c020,0.694706916809082,-0.0703115463256836,0.04115995392203331,0.4199894070625305
-8.0,eval,d,2,best,c044,-0.13973236083984375,-0.3580913543701172,0.04115995392203331,0.4199894070625305
-8.0,eval,d,2,best,c016,0.12160778045654297,-0.4475564956665039,0.04115995392203331,0.4199894070625305
-8.0,eval,d,2,best,c056,-0.14026737213134766,-0.08735179901123047,0.04115995392203331,0.4199894070625305
-8.0,eval,d,2,best,c025,0.030303955078125,-0.19719886779785156,0.04115995392203331,0.4199894070625305
-8.0,eval,d,2,best,c029,-0.14440345764160156,-0.3112831115722656,0.04115995392203331,0.4199894070625305
-8.0,eval,d,2,best,c014,-0.056511878967285156,-0.4030447006225586,0.04115995392203331,0.4199894070625305
-8.0,eval,d,2,best,c002,0.2539033889770508,-0.2388906478881836,0.04115995392203331,0.4199894070625305
-8.0,eval,d,2,best,c023,0.5976619720458984,-0.2221975326538086,0.04115995392203331,0.4199894070625305
-8.0,eval,d,2,best,c046,0.35001182556152344,0.2233734130859375,0.04115995392203331,0.4199894070625305
-8.0,eval,d,2,best,c022,0.5378856658935547,0.20999908447265625,0.04115995392203331,0.4199894070625305
-8.0,eval,d,2,best,c050,0.6114091873168945,-0.33445262908935547,0.04115995392203331,0.4199894070625305
-8.0,deploy,d,2,best,c006,0.009927749633789062,-0.33627891540527344,0.019940543919801712,0.23718170821666718
-8.0,deploy,d,2,best,c017,-0.3449583053588867,-0.1534862518310547,0.019940543919801712,0.23718170821666718
-8.0,deploy,d,2,best,c039,-0.4470815658569336,-0.2174520492553711,0.019940543919801712,0.23718170821666718
-8.0,deploy,d,2,best,c036,-0.3647470474243164,-0.3783740997314453,0.019940543919801712,0.23718170821666718
-8.0,deploy,d,2,best,c009,-0.5244474411010742,-0.14925765991210938,0.019940543919801712,0.23718170821666718
-8.0,deploy,d,2,best,c000,-0.2277517318725586,0.03396129608154297,0.019940543919801712,0.23718170821666718
-8.0,deploy,d,2,best,c013,-0.10262870788574219,-0.41815948486328125,0.019940543919801712,0.23718170821666718
-8.0,deploy,d,2,best,c049,-0.4911975860595703,-0.12706661224365234,0.019940543919801712,0.23718170821666718
-8.0,deploy,d,2,best,c058,-0.4035329818725586,-0.07861328125,0.019940543919801712,0.23718170821666718
-8.0,deploy,d,2,best,c024,-0.44214344024658203,-0.062157630920410156,0.019940543919801712,0.23718170821666718
-8.0,deploy,d,2,best,c042,-0.38953495025634766,-0.0917501449584961,0.019940543919801712,0.23718170821666718
-8.0,deploy,d,2,best,c047,-0.1925497055053711,-0.37870311737060547,0.019940543919801712,0.23718170821666718
-8.0,deploy,d,2,best,c043,-0.5332021713256836,0.1712779998779297,0.019940543919801712,0.23718170821666718
-8.0,deploy,d,2,best,c003,-0.1539306640625,-0.02968597412109375,0.019940543919801712,0.23718170821666718
-8.0,deploy,d,2,best,c041,-0.6983156204223633,0.1080474853515625,0.019940543919801712,0.23718170821666718
-8.0,deploy,d,2,best,c008,-0.3804922103881836,-0.08040428161621094,0.019940543919801712,0.23718170821666718
-8.0,deploy,d,2,best,c045,-0.3013954162597656,0.09456348419189453,0.019940543919801712,0.23718170821666718
-8.0,deploy,d,2,best,c011,-0.018148422241210938,-0.13427352905273438,0.019940543919801712,0.23718170821666718
-8.0,deploy,d,2,best,c020,-0.2384357452392578,0.1451244354248047,0.019940543919801712,0.23718170821666718
-8.0,deploy,d,2,best,c044,-0.42262744903564453,-0.11677169799804688,0.019940543919801712,0.23718170821666718
-8.0,deploy,d,2,best,c016,-0.34983158111572266,-0.14064693450927734,0.019940543919801712,0.23718170821666718
-8.0,deploy,d,2,best,c056,-0.28407859802246094,-0.2025775909423828,0.019940543919801712,0.23718170821666718
-8.0,deploy,d,2,best,c025,-0.3022270202636719,-0.06258773803710938,0.019940543919801712,0.23718170821666718
-8.0,deploy,d,2,best,c029,-0.7468376159667969,-0.017457008361816406,0.019940543919801712,0.23718170821666718
-8.0,deploy,d,2,best,c014,-0.27678680419921875,-0.6030683517456055,0.019940543919801712,0.23718170821666718
-8.0,deploy,d,2,best,c002,-0.2765083312988281,-0.021180152893066406,0.019940543919801712,0.23718170821666718
-8.0,deploy,d,2,best,c023,-0.1564922332763672,-0.009259223937988281,0.019940543919801712,0.23718170821666718
-8.0,deploy,d,2,best,c046,-0.44078636169433594,0.2827177047729492,0.019940543919801712,0.23718170821666718
-8.0,deploy,d,2,best,c022,-0.19412899017333984,-0.24938583374023438,0.019940543919801712,0.23718170821666718
-8.0,deploy,d,2,best,c050,-0.17114543914794922,-0.14020633697509766,0.019940543919801712,0.23718170821666718
-8.0,deploy,d,2,best,c006,-0.12101078033447266,-0.19383811950683594,0.019940543919801712,0.23718170821666718
-8.0,deploy,d,2,best,c017,-0.14542579650878906,-0.24776268005371094,0.019940543919801712,0.23718170821666718
-8.0,deploy,d,2,best,c039,-0.2612590789794922,0.09095096588134766,0.019940543919801712,0.23718170821666718
-8.0,deploy,d,2,best,c036,-0.5649757385253906,-0.31281375885009766,0.019940543919801712,0.23718170821666718
-8.0,deploy,d,2,best,c009,-0.7379913330078125,-0.6574563980102539,0.019940543919801712,0.23718170821666718
-8.0,deploy,d,2,best,c000,-0.39234256744384766,-0.05668067932128906,0.019940543919801712,0.23718170821666718
-8.0,deploy,d,2,best,c013,0.03555011749267578,-0.33578968048095703,0.019940543919801712,0.23718170821666718
-8.0,deploy,d,2,best,c049,-0.6194877624511719,0.1635456085205078,0.019940543919801712,0.23718170821666718
-8.0,deploy,d,2,best,c058,-0.36750030517578125,0.032874107360839844,0.019940543919801712,0.23718170821666718
-8.0,deploy,d,2,best,c024,-0.29264354705810547,-0.2105855941772461,0.019940543919801712,0.23718170821666718
-8.0,deploy,d,2,best,c042,-0.5677022933959961,-0.05837249755859375,0.019940543919801712,0.23718170821666718
-8.0,deploy,d,2,best,c047,-0.44586658477783203,-0.5165872573852539,0.019940543919801712,0.23718170821666718
-8.0,deploy,d,2,best,c043,-0.8080730438232422,0.40862464904785156,0.019940543919801712,0.23718170821666718
-8.0,deploy,d,2,best,c003,-0.2779264450073242,-0.09416675567626953,0.019940543919801712,0.23718170821666718
-8.0,deploy,d,2,best,c041,-0.24245452880859375,-0.04601764678955078,0.019940543919801712,0.23718170821666718
-8.0,deploy,d,2,best,c008,-0.4772510528564453,0.22048568725585938,0.019940543919801712,0.23718170821666718
-8.0,deploy,d,2,best,c045,-0.48644161224365234,0.2863655090332031,0.019940543919801712,0.23718170821666718
-8.0,deploy,d,2,best,c011,-0.1795825958251953,-0.3884315490722656,0.019940543919801712,0.23718170821666718
-8.0,deploy,d,2,best,c020,-0.2037181854248047,0.02019500732421875,0.019940543919801712,0.23718170821666718
-8.0,deploy,d,2,best,c044,-0.3384437561035156,-0.1506328582763672,0.019940543919801712,0.23718170821666718
-8.0,deploy,d,2,best,c016,-0.0900411605834961,-0.2887535095214844,0.019940543919801712,0.23718170821666718
-8.0,deploy,d,2,best,c056,-0.10598468780517578,-0.07164573669433594,0.019940543919801712,0.23718170821666718
-8.0,deploy,d,2,best,c025,-0.18703079223632812,-0.17944812774658203,0.019940543919801712,0.23718170821666718
-8.0,deploy,d,2,best,c029,-0.7043304443359375,-0.28943347930908203,0.019940543919801712,0.23718170821666718
-8.0,deploy,d,2,best,c014,-0.633448600769043,-0.3435182571411133,0.019940543919801712,0.23718170821666718
-8.0,deploy,d,2,best,c002,-0.46553993225097656,-0.0025177001953125,0.019940543919801712,0.23718170821666718
-8.0,deploy,d,2,best,c023,-0.05510139465332031,0.1261758804321289,0.019940543919801712,0.23718170821666718
-8.0,deploy,d,2,best,c046,-0.2368927001953125,0.12087440490722656,0.019940543919801712,0.23718170821666718
-8.0,deploy,d,2,best,c022,-0.3885469436645508,0.0880441665649414,0.019940543919801712,0.23718170821666718
-8.0,deploy,d,2,best,c050,-0.43245601654052734,0.04724311828613281,0.019940543919801712,0.23718170821666718
-8.0,eval,random,2,best,c006,0.753869374593099,-0.2593609491984049,0.06267545496424039,0.5366248190402985
-8.0,eval,random,2,best,c017,0.43967405954996747,-0.18607743581136066,0.06267545496424039,0.5366248190402985
-8.0,eval,random,2,best,c039,0.5526672999064127,-0.14895661671956384,0.06267545496424039,0.5366248190402985
-8.0,eval,random,2,best,c036,0.06585693359375,-0.19686412811279297,0.06267545496424039,0.5366248190402985
-8.0,eval,random,2,best,c009,-0.23580169677734375,-0.1777486801147461,0.06267545496424039,0.5366248190402985
-8.0,eval,random,2,best,c000,0.37778695424397785,-0.21110598246256512,0.06267545496424039,0.5366248190402985
-8.0,eval,random,2,best,c013,1.3426577250162761,-0.3207839330037434,0.06267545496424039,0.5366248190402985
-8.0,eval,random,2,best,c049,0.5177526473999023,-0.09375381469726562,0.06267545496424039,0.5366248190402985
-8.0,eval,random,2,best,c058,0.6063149770100912,0.018868764241536495,0.06267545496424039,0.5366248190402985
-8.0,eval,random,2,best,c024,0.0015481313069661458,-0.14905802408854166,0.06267545496424039,0.5366248190402985
-8.0,eval,random,2,best,c042,0.6243451436360677,-0.2965170542399088,0.06267545496424039,0.5366248190402985
-8.0,eval,random,2,best,c047,0.39190038045247394,-0.033553759256998716,0.06267545496424039,0.5366248190402985
-8.0,eval,random,2,best,c043,-0.8217128117879232,-0.08696587880452478,0.06267545496424039,0.5366248190402985
-8.0,eval,random,2,best,c003,0.4676421483357747,-0.23597017923990887,0.06267545496424039,0.5366248190402985
-8.0,eval,random,2,best,c041,0.6008240381876627,-0.1476996739705404,0.06267545496424039,0.5366248190402985
-8.0,eval,random,2,best,c008,-0.20386695861816406,-0.13480281829833984,0.06267545496424039,0.5366248190402985
-8.0,eval,random,2,best,c045,1.606821060180664,-0.24831104278564453,0.06267545496424039,0.5366248190402985
-8.0,eval,random,2,best,c011,0.6108277638753256,-0.29935900370279944,0.06267545496424039,0.5366248190402985
-8.0,eval,random,2,best,c020,1.6508188247680664,-0.17341232299804688,0.06267545496424039,0.5366248190402985
-8.0,eval,random,2,best,c044,1.7155850728352864,-0.2777001063028972,0.06267545496424039,0.5366248190402985
-8.0,eval,random,2,best,c016,0.2994842529296875,-0.3386354446411133,0.06267545496424039,0.5366248190402985
-8.0,eval,random,2,best,c056,0.47867774963378906,-0.3214082717895508,0.06267545496424039,0.5366248190402985
-8.0,eval,random,2,best,c025,0.02448876698811849,-0.13422075907389322,0.06267545496424039,0.5366248190402985
-8.0,eval,random,2,best,c029,0.18445142110188803,-0.1557165781656901,0.06267545496424039,0.5366248190402985
-8.0,eval,random,2,best,c014,0.07935333251953125,-0.3185157775878906,0.06267545496424039,0.5366248190402985
-8.0,eval,random,2,best,c002,0.33849843343098956,-0.17600027720133465,0.06267545496424039,0.5366248190402985
-8.0,eval,random,2,best,c023,0.3669392267862956,-0.20412858327229816,0.06267545496424039,0.5366248190402985
-8.0,eval,random,2,best,c046,0.5445270538330078,-0.0819559097290039,0.06267545496424039,0.5366248190402985
-8.0,eval,random,2,best,c022,0.16448084513346353,-0.05005391438802084,0.06267545496424039,0.5366248190402985
-8.0,eval,random,2,best,c050,0.6067190170288086,-0.5081672668457031,0.06267545496424039,0.5366248190402985
-8.0,eval,random,2,best,c006,0.9625606536865234,-0.22051048278808594,0.06267545496424039,0.5366248190402985
-8.0,eval,random,2,best,c017,0.7392110824584961,-0.1410236358642578,0.06267545496424039,0.5366248190402985
-8.0,eval,random,2,best,c039,0.1297775904337565,-0.14166768391927084,0.06267545496424039,0.5366248190402985
-8.0,eval,random,2,best,c036,0.3786223729451497,-0.2572142283121745,0.06267545496424039,0.5366248190402985
-8.0,eval,random,2,best,c009,0.6458047231038412,-0.3276297251383463,0.06267545496424039,0.5366248190402985
-8.0,eval,random,2,best,c000,0.34511597951253253,-0.27292601267496747,0.06267545496424039,0.5366248190402985
-8.0,eval,random,2,best,c013,0.39363829294840497,-0.3417380650838216,0.06267545496424039,0.5366248190402985
-8.0,eval,random,2,best,c049,-0.13172594706217447,-0.08125750223795572,0.06267545496424039,0.5366248190402985
-8.0,eval,random,2,best,c058,0.5363133748372396,-0.11965433756510413,0.06267545496424039,0.5366248190402985
-8.0,eval,random,2,best,c024,0.13356939951578775,-0.11850007375081381,0.06267545496424039,0.5366248190402985
-8.0,eval,random,2,best,c042,0.0070616404215494795,-0.1767552693684896,0.06267545496424039,0.5366248190402985
-8.0,eval,random,2,best,c047,0.5687770843505859,-0.13446044921875,0.06267545496424039,0.5366248190402985
-8.0,eval,random,2,best,c043,-0.07478586832682292,-0.1302611033121745,0.06267545496424039,0.5366248190402985
-8.0,eval,random,2,best,c003,0.23166847229003906,-0.2634773254394531,0.06267545496424039,0.5366248190402985
-8.0,eval,random,2,best,c041,0.11071236928304036,-0.11681524912516277,0.06267545496424039,0.5366248190402985
-8.0,eval,random,2,best,c008,0.11677328745524089,-0.22097142537434894,0.06267545496424039,0.5366248190402985
-8.0,eval,random,2,best,c045,0.21521981557210287,-0.3244215647379557,0.06267545496424039,0.5366248190402985
-8.0,eval,random,2,best,c011,0.07772413889567058,-0.18444856007893878,0.06267545496424039,0.5366248190402985
-8.0,eval,random,2,best,c020,0.5894476572672526,-0.17557080586751306,0.06267545496424039,0.5366248190402985
-8.0,eval,random,2,best,c044,-0.06838671366373698,-0.28674570719401044,0.06267545496424039,0.5366248190402985
-8.0,eval,random,2,best,c016,0.3276182810465495,-0.24154599507649738,0.06267545496424039,0.5366248190402985
-8.0,eval,random,2,best,c056,-0.27297337849934894,-0.22005780537923175,0.06267545496424039,0.5366248190402985
-8.0,eval,random,2,best,c025,0.1440572738647461,-0.08344554901123047,0.06267545496424039,0.5366248190402985
-8.0,eval,random,2,best,c029,0.2412745157877604,0.07439486185709634,0.06267545496424039,0.5366248190402985
-8.0,eval,random,2,best,c014,0.10153992970784505,-0.2449928919474284,0.06267545496424039,0.5366248190402985
-8.0,eval,random,2,best,c002,0.33597755432128906,-0.1568164825439453,0.06267545496424039,0.5366248190402985
-8.0,eval,random,2,best,c023,0.7510248819986979,-0.06883462270100915,0.06267545496424039,0.5366248190402985
-8.0,eval,random,2,best,c046,0.11100133260091145,-0.015637079874674484,0.06267545496424039,0.5366248190402985
-8.0,eval,random,2,best,c022,0.3310435612996419,0.003156979878743471,0.06267545496424039,0.5366248190402985
-8.0,eval,random,2,best,c050,0.5767529805501302,-0.36910883585611975,0.06267545496424039,0.5366248190402985
-6.0,eval,d,2,best,c006,0.6786708831787109,-0.33455944061279297,0.028690539300441742,0.44700413942337036
-6.0,eval,d,2,best,c017,0.5010128021240234,-0.12473869323730469,0.028690539300441742,0.44700413942337036
-6.0,eval,d,2,best,c039,0.22757911682128906,-0.4740447998046875,0.028690539300441742,0.44700413942337036
-6.0,eval,d,2,best,c036,0.05997943878173828,-0.2027416229248047,0.028690539300441742,0.44700413942337036
-6.0,eval,d,2,best,c009,-0.3500652313232422,-0.29201221466064453,0.028690539300441742,0.44700413942337036
-6.0,eval,d,2,best,c000,0.3771638870239258,-0.2117290496826172,0.028690539300441742,0.44700413942337036
-6.0,eval,d,2,best,c013,1.2620115280151367,-0.4014301300048828,0.028690539300441742,0.44700413942337036
-6.0,eval,d,2,best,c049,0.36026668548583984,-0.2512397766113281,0.028690539300441742,0.44700413942337036
-6.0,eval,d,2,best,c058,0.2135782241821289,-0.3738679885864258,0.028690539300441742,0.44700413942337036
-6.0,eval,d,2,best,c024,0.08057212829589844,-0.07003402709960938,0.028690539300441742,0.44700413942337036
-6.0,eval,d,2,best,c042,0.8324403762817383,-0.08842182159423828,0.028690539300441742,0.44700413942337036
-6.0,eval,d,2,best,c047,0.22777175903320312,-0.19768238067626953,0.028690539300441742,0.44700413942337036
-6.0,eval,d,2,best,c043,-0.5826950073242188,0.1520519256591797,0.028690539300441742,0.44700413942337036
-6.0,eval,d,2,best,c003,0.2504549026489258,-0.4531574249267578,0.028690539300441742,0.44700413942337036
-6.0,eval,d,2,best,c041,0.6032552719116211,-0.14526844024658203,0.028690539300441742,0.44700413942337036
-6.0,eval,d,2,best,c008,-0.1382598876953125,-0.06919574737548828,0.028690539300441742,0.44700413942337036
-6.0,eval,d,2,best,c045,1.7111635208129883,-0.1439685821533203,0.028690539300441742,0.44700413942337036
-6.0,eval,d,2,best,c011,0.6271839141845703,-0.2830028533935547,0.028690539300441742,0.44700413942337036
-6.0,eval,d,2,best,c020,1.5940847396850586,-0.2301464080810547,0.028690539300441742,0.44700413942337036
-6.0,eval,d,2,best,c044,1.8130359649658203,-0.18024921417236328,0.028690539300441742,0.44700413942337036
-6.0,eval,d,2,best,c016,0.32703304290771484,-0.31108665466308594,0.028690539300441742,0.44700413942337036
-6.0,eval,d,2,best,c056,0.6195344924926758,-0.18055152893066406,0.028690539300441742,0.44700413942337036
-6.0,eval,d,2,best,c025,0.12070369720458984,-0.038005828857421875,0.028690539300441742,0.44700413942337036
-6.0,eval,d,2,best,c029,-0.009987831115722656,-0.3501558303833008,0.028690539300441742,0.44700413942337036
-6.0,eval,d,2,best,c014,0.07240676879882812,-0.32546234130859375,0.028690539300441742,0.44700413942337036
-6.0,eval,d,2,best,c002,0.3740196228027344,-0.14047908782958984,0.028690539300441742,0.44700413942337036
-6.0,eval,d,2,best,c023,0.4352846145629883,-0.13578319549560547,0.028690539300441742,0.44700413942337036
-6.0,eval,d,2,best,c046,-0.028835296630859375,-0.6553182601928711,0.028690539300441742,0.44700413942337036
-6.0,eval,d,2,best,c022,0.13783836364746094,-0.07669639587402344,0.028690539300441742,0.44700413942337036
-6.0,eval,d,2,best,c050,0.8813943862915039,-0.2334918975830078,0.028690539300441742,0.44700413942337036
-6.0,eval,d,2,best,c006,0.8669462203979492,-0.31612491607666016,0.028690539300441742,0.44700413942337036
-6.0,eval,d,2,best,c017,0.6570491790771484,-0.22318553924560547,0.028690539300441742,0.44700413942337036
-6.0,eval,d,2,best,c039,-0.1500835418701172,-0.42152881622314453,0.028690539300441742,0.44700413942337036
-6.0,eval,d,2,best,c036,0.3855581283569336,-0.2502784729003906,0.028690539300441742,0.44700413942337036
-6.0,eval,d,2,best,c009,0.6037349700927734,-0.36969947814941406,0.028690539300441742,0.44700413942337036
-6.0,eval,d,2,best,c000,0.32828712463378906,-0.28975486755371094,0.028690539300441742,0.44700413942337036
-6.0,eval,d,2,best,c013,0.39656543731689453,-0.33881092071533203,0.028690539300441742,0.44700413942337036
-6.0,eval,d,2,best,c049,-0.321868896484375,-0.27140045166015625,0.028690539300441742,0.44700413942337036
-6.0,eval,d,2,best,c058,0.12374305725097656,-0.5322246551513672,0.028690539300441742,0.44700413942337036
-6.0,eval,d,2,best,c024,0.11097240447998047,-0.1410970687866211,0.028690539300441742,0.44700413942337036
-6.0,eval,d,2,best,c042,-0.01476287841796875,-0.1985797882080078,0.028690539300441742,0.44700413942337036
-6.0,eval,d,2,best,c047,0.4661531448364258,-0.23708438873291016,0.028690539300441742,0.44700413942337036
-6.0,eval,d,2,best,c043,0.13355636596679688,0.07808113098144531,0.028690539300441742,0.44700413942337036
-6.0,eval,d,2,best,c003,0.20869922637939453,-0.28644657135009766,0.028690539300441742,0.44700413942337036
-6.0,eval,d,2,best,c041,0.3416624069213867,0.1141347885131836,0.028690539300441742,0.44700413942337036
-6.0,eval,d,2,best,c008,0.06759357452392578,-0.27015113830566406,0.028690539300441742,0.44700413942337036
-6.0,eval,d,2,best,c045,0.29468345642089844,-0.24495792388916016,0.028690539300441742,0.44700413942337036
-6.0,eval,d,2,best,c011,0.08754444122314453,-0.17462825775146484,0.028690539300441742,0.44700413942337036
-6.0,eval,d,2,best,c020,0.6561756134033203,-0.10884284973144531,0.028690539300441742,0.44700413942337036
-6.0,eval,d,2,best,c044,-0.05541515350341797,-0.2737741470336914,0.028690539300441742,0.44700413942337036
-6.0,eval,d,2,best,c016,0.24490642547607422,-0.32425785064697266,0.028690539300441742,0.44700413942337036
-6.0,eval,d,2,best,c056,-0.1447601318359375,-0.09184455871582031,0.028690539300441742,0.44700413942337036
-6.0,eval,d,2,best,c025,-0.0077228546142578125,-0.23522567749023438,0.028690539300441742,0.44700413942337036
-6.0,eval,d,2,best,c029,-0.03637981414794922,-0.20325946807861328,0.028690539300441742,0.44700413942337036
-6.0,eval,d,2,best,c014,0.03252601623535156,-0.3140068054199219,0.028690539300441742,0.44700413942337036
-6.0,eval,d,2,best,c002,0.3055715560913086,-0.18722248077392578,0.028690539300441742,0.44700413942337036
-6.0,eval,d,2,best,c023,0.5870580673217773,-0.2328014373779297,0.028690539300441742,0.44700413942337036
-6.0,eval,d,2,best,c046,0.2627983093261719,0.13615989685058594,0.028690539300441742,0.44700413942337036
-6.0,eval,d,2,best,c022,0.4340858459472656,0.10619926452636719,0.028690539300441742,0.44700413942337036
-6.0,eval,d,2,best,c050,0.6426887512207031,-0.3031730651855469,0.028690539300441742,0.44700413942337036
-6.0,deploy,d,2,best,c006,0.12433052062988281,-0.2218761444091797,0.011930907145142555,0.2668376863002777
-6.0,deploy,d,2,best,c017,-0.2707042694091797,-0.07923221588134766,0.011930907145142555,0.2668376863002777
-6.0,deploy,d,2,best,c039,-0.34549617767333984,-0.11586666107177734,0.011930907145142555,0.2668376863002777
-6.0,deploy,d,2,best,c036,-0.2800788879394531,-0.29370594024658203,0.011930907145142555,0.2668376863002777
-6.0,deploy,d,2,best,c009,-0.4278841018676758,-0.05269432067871094,0.011930907145142555,0.2668376863002777
-6.0,deploy,d,2,best,c000,-0.19554615020751953,0.06616687774658203,0.011930907145142555,0.2668376863002777
-6.0,deploy,d,2,best,c013,0.03325939178466797,-0.2822713851928711,0.011930907145142555,0.2668376863002777
-6.0,deploy,d,2,best,c049,-0.43611907958984375,-0.07198810577392578,0.011930907145142555,0.2668376863002777
-6.0,deploy,d,2,best,c058,-0.32781505584716797,-0.002895355224609375,0.011930907145142555,0.2668376863002777
-6.0,deploy,d,2,best,c024,-0.37187957763671875,0.008106231689453125,0.011930907145142555,0.2668376863002777
-6.0,deploy,d,2,best,c042,-0.3400421142578125,-0.04225730895996094,0.011930907145142555,0.2668376863002777
-6.0,deploy,d,2,best,c047,-0.09770774841308594,-0.2838611602783203,0.011930907145142555,0.2668376863002777
-6.0,deploy,d,2,best,c043,-0.5332069396972656,0.17127323150634766,0.011930907145142555,0.2668376863002777
-6.0,deploy,d,2,best,c003,-0.11340808868408203,0.010836601257324219,0.011930907145142555,0.2668376863002777
-6.0,deploy,d,2,best,c041,-0.6570510864257812,0.14931201934814453,0.011930907145142555,0.2668376863002777
-6.0,deploy,d,2,best,c008,-0.34549903869628906,-0.045411109924316406,0.011930907145142555,0.2668376863002777
-6.0,deploy,d,2,best,c045,-0.28961753845214844,0.10634136199951172,0.011930907145142555,0.2668376863002777
-6.0,deploy,d,2,best,c011,0.05827140808105469,-0.05785369873046875,0.011930907145142555,0.2668376863002777
-6.0,deploy,d,2,best,c020,-0.22585010528564453,0.15771007537841797,0.011930907145142555,0.2668376863002777
-6.0,deploy,d,2,best,c044,-0.34929370880126953,-0.043437957763671875,0.011930907145142555,0.2668376863002777
-6.0,deploy,d,2,best,c016,-0.2828636169433594,-0.07367897033691406,0.011930907145142555,0.2668376863002777
-6.0,deploy,d,2,best,c056,-0.24862003326416016,-0.16711902618408203,0.011930907145142555,0.2668376863002777
-6.0,deploy,d,2,best,c025,-0.259796142578125,-0.0201568603515625,0.011930907145142555,0.2668376863002777
-6.0,deploy,d,2,best,c029,-0.6688070297241211,0.060573577880859375,0.011930907145142555,0.2668376863002777
-6.0,deploy,d,2,best,c014,-0.1294708251953125,-0.4557523727416992,0.011930907145142555,0.2668376863002777
-6.0,deploy,d,2,best,c002,-0.23734378814697266,0.017984390258789062,0.011930907145142555,0.2668376863002777
-6.0,deploy,d,2,best,c023,-0.11861896514892578,0.028614044189453125,0.011930907145142555,0.2668376863002777
-6.0,deploy,d,2,best,c046,-0.44870662689208984,0.2747974395751953,0.011930907145142555,0.2668376863002777
-6.0,deploy,d,2,best,c022,-0.11814498901367188,-0.1734018325805664,0.011930907145142555,0.2668376863002777
-6.0,deploy,d,2,best,c050,-0.1304645538330078,-0.09952545166015625,0.011930907145142555,0.2668376863002777
-6.0,deploy,d,2,best,c006,-0.029941558837890625,-0.1027688980102539,0.011930907145142555,0.2668376863002777
-6.0,deploy,d,2,best,c017,-0.04187488555908203,-0.1442117691040039,0.011930907145142555,0.2668376863002777
-6.0,deploy,d,2,best,c039,-0.20374011993408203,0.1484699249267578,0.011930907145142555,0.2668376863002777
-6.0,deploy,d,2,best,c036,-0.46547698974609375,-0.21331501007080078,0.011930907145142555,0.2668376863002777
-6.0,deploy,d,2,best,c009,-0.54522705078125,-0.4646921157836914,0.011930907145142555,0.2668376863002777
-6.0,deploy,d,2,best,c000,-0.3491983413696289,-0.013536453247070312,0.011930907145142555,0.2668376863002777
-6.0,deploy,d,2,best,c013,0.14499568939208984,-0.22634410858154297,0.011930907145142555,0.2668376863002777
-6.0,deploy,d,2,best,c049,-0.5765256881713867,0.20650768280029297,0.011930907145142555,0.2668376863002777
-6.0,deploy,d,2,best,c058,-0.32996177673339844,0.07041263580322266,0.011930907145142555,0.2668376863002777
-6.0,deploy,d,2,best,c024,-0.20515155792236328,-0.1230936050415039,0.011930907145142555,0.2668376863002777
-6.0,deploy,d,2,best,c042,-0.4765739440917969,0.03275585174560547,0.011930907145142555,0.2668376863002777
-6.0,deploy,d,2,best,c047,-0.2892789840698242,-0.3599996566772461,0.011930907145142555,0.2668376863002777
-6.0,deploy,d,2,best,c043,-0.8363981246948242,0.38029956817626953,0.011930907145142555,0.2668376863002777
-6.0,deploy,d,2,best,c003,-0.20275211334228516,-0.01899242401123047,0.011930907145142555,0.2668376863002777
-6.0,deploy,d,2,best,c041,-0.15848731994628906,0.037949562072753906,0.011930907145142555,0.2668376863002777
-6.0,deploy,d,2,best,c008,-0.48340702056884766,0.21432971954345703,0.011930907145142555,0.2668376863002777
-6.0,deploy,d,2,best,c045,-0.5059041976928711,0.2669029235839844,0.011930907145142555,0.2668376863002777
-6.0,deploy,d,2,best,c011,-0.05142784118652344,-0.26027679443359375,0.011930907145142555,0.2668376863002777
-6.0,deploy,d,2,best,c020,-0.18969345092773438,0.03421974182128906,0.011930907145142555,0.2668376863002777
-6.0,deploy,d,2,best,c044,-0.23717880249023438,-0.04936790466308594,0.011930907145142555,0.2668376863002777
-6.0,deploy,d,2,best,c016,0.030455589294433594,-0.1682567596435547,0.011930907145142555,0.2668376863002777
-6.0,deploy,d,2,best,c056,-0.07156562805175781,-0.03722667694091797,0.011930907145142555,0.2668376863002777
-6.0,deploy,d,2,best,c025,-0.14977455139160156,-0.14219188690185547,0.011930907145142555,0.2668376863002777
-6.0,deploy,d,2,best,c029,-0.6089620590209961,-0.19406509399414062,0.011930907145142555,0.2668376863002777
-6.0,deploy,d,2,best,c014,-0.5423393249511719,-0.2524089813232422,0.011930907145142555,0.2668376863002777
-6.0,deploy,d,2,best,c002,-0.42151451110839844,0.041507720947265625,0.011930907145142555,0.2668376863002777
-6.0,deploy,d,2,best,c023,-0.047560691833496094,0.13371658325195312,0.011930907145142555,0.2668376863002777
-6.0,deploy,d,2,best,c046,-0.2205667495727539,0.13720035552978516,0.011930907145142555,0.2668376863002777
-6.0,deploy,d,2,best,c022,-0.3701295852661133,0.1064615249633789,0.011930907145142555,0.2668376863002777
-6.0,deploy,d,2,best,c050,-0.4109039306640625,0.06879520416259766,0.011930907145142555,0.2668376863002777
-6.0,eval,random,2,best,c006,0.8387413024902344,-0.17448902130126953,0.03857070843999585,0.5409039457639059
-6.0,eval,random,2,best,c017,0.4833383560180664,-0.14241313934326172,0.03857070843999585,0.5409039457639059
-6.0,eval,random,2,best,c039,0.6150608062744141,-0.0865631103515625,0.03857070843999585,0.5409039457639059
-6.0,eval,random,2,best,c036,0.12412103017171223,-0.13860003153483075,0.03857070843999585,0.5409039457639059
-6.0,eval,random,2,best,c009,-0.1813373565673828,-0.12328433990478516,0.03857070843999585,0.5409039457639059
-6.0,eval,random,2,best,c000,0.4424603780110677,-0.14643255869547528,0.03857070843999585,0.5409039457639059
-6.0,eval,random,2,best,c013,1.4161138534545898,-0.2473278045654297,0.03857070843999585,0.5409039457639059
-6.0,eval,random,2,best,c049,0.5110893249511719,-0.1004171371459961,0.03857070843999585,0.5409039457639059
-6.0,eval,random,2,best,c058,0.6190147399902344,0.03156852722167969,0.03857070843999585,0.5409039457639059
-6.0,eval,random,2,best,c024,0.04602336883544922,-0.1045827865600586,0.03857070843999585,0.5409039457639059
-6.0,eval,random,2,best,c042,0.7381130854288737,-0.1827491124471029,0.03857070843999585,0.5409039457639059
-6.0,eval,random,2,best,c047,0.38813336690266925,-0.037320772806803404,0.03857070843999585,0.5409039457639059
-6.0,eval,random,2,best,c043,-0.8367258707682291,-0.10197893778483069,0.03857070843999585,0.5409039457639059
-6.0,eval,random,2,best,c003,0.5289138158162435,-0.17469851175944007,0.03857070843999585,0.5409039457639059
-6.0,eval,random,2,best,c041,0.6601537068684896,-0.0883700052897135,0.03857070843999585,0.5409039457639059
-6.0,eval,random,2,best,c008,-0.16868718465169272,-0.0996230443318685,0.03857070843999585,0.5409039457639059
-6.0,eval,random,2,best,c045,1.6742054621378581,-0.18092664082845045,0.03857070843999585,0.5409039457639059
-6.0,eval,random,2,best,c011,0.678791364034017,-0.23139540354410804,0.03857070843999585,0.5409039457639059
-6.0,eval,random,2,best,c020,1.7095044453938801,-0.11472670237223315,0.03857070843999585,0.5409039457639059
-6.0,eval,random,2,best,c044,1.7787399291992188,-0.21454524993896484,0.03857070843999585,0.5409039457639059
-6.0,eval,random,2,best,c016,0.4076684315999349,-0.2304512659708659,0.03857070843999585,0.5409039457639059
-6.0,eval,random,2,best,c056,0.5696185429890951,-0.23046747843424475,0.03857070843999585,0.5409039457639059
-6.0,eval,random,2,best,c025,0.0530249277750651,-0.10568459828694662,0.03857070843999585,0.5409039457639059
-6.0,eval,random,2,best,c029,0.24458916982014975,-0.09557882944742838,0.03857070843999585,0.5409039457639059
-6.0,eval,random,2,best,c014,0.14394728342692056,-0.25392182668050134,0.03857070843999585,0.5409039457639059
-6.0,eval,random,2,best,c002,0.387081782023112,-0.12741692860921222,0.03857070843999585,0.5409039457639059
-6.0,eval,random,2,best,c023,0.4415038426717122,-0.12956396738688153,0.03857070843999585,0.5409039457639059
-6.0,eval,random,2,best,c046,0.5525903701782227,-0.07389259338378906,0.03857070843999585,0.5409039457639059
-6.0,eval,random,2,best,c022,0.16970221201578775,-0.044832547505696624,0.03857070843999585,0.5409039457639059
-6.0,eval,random,2,best,c050,0.7648022969563802,-0.3500839869181315,0.03857070843999585,0.5409039457639059
-6.0,eval,random,2,best,c006,1.0385697682698567,-0.14450136820475268,0.03857070843999585,0.5409039457639059
-6.0,eval,random,2,best,c017,0.7724285125732422,-0.10780620574951172,0.03857070843999585,0.5409039457639059
-6.0,eval,random,2,best,c039,0.1938969294230143,-0.07754834493001303,0.03857070843999585,0.5409039457639059
-6.0,eval,random,2,best,c036,0.4689445495605469,-0.16689205169677734,0.03857070843999585,0.5409039457639059
-6.0,eval,random,2,best,c009,0.7296911875406901,-0.24374326070149743,0.03857070843999585,0.5409039457639059
-6.0,eval,random,2,best,c000,0.4289143880208333,-0.18912760416666669,0.03857070843999585,0.5409039457639059
-6.0,eval,random,2,best,c013,0.4888121287027995,-0.24656422932942706,0.03857070843999585,0.5409039457639059
-6.0,eval,random,2,best,c049,-0.09863344828287761,-0.04816500345865886,0.03857070843999585,0.5409039457639059
-6.0,eval,random,2,best,c058,0.5836416880289713,-0.07232602437337243,0.03857070843999585,0.5409039457639059
-6.0,eval,random,2,best,c024,0.19101874033610025,-0.06105073293050131,0.03857070843999585,0.5409039457639059
-6.0,eval,random,2,best,c042,0.041286468505859375,-0.1425304412841797,0.03857070843999585,0.5409039457639059
-6.0,eval,random,2,best,c047,0.5929997762044271,-0.11023775736490882,0.03857070843999585,0.5409039457639059
-6.0,eval,random,2,best,c043,-0.048007965087890625,-0.10348320007324219,0.03857070843999585,0.5409039457639059
-6.0,eval,random,2,best,c003,0.29955259958902997,-0.19559319814046222,0.03857070843999585,0.5409039457639059
-6.0,eval,random,2,best,c041,0.12919076283772787,-0.09833685557047525,0.03857070843999585,0.5409039457639059
-6.0,eval,random,2,best,c008,0.21473026275634766,-0.12301445007324219,0.03857070843999585,0.5409039457639059
-6.0,eval,random,2,best,c045,0.30760828653971356,-0.23203309377034503,0.03857070843999585,0.5409039457639059
-6.0,eval,random,2,best,c011,0.11708895365397136,-0.145083745320638,0.03857070843999585,0.5409039457639059
-6.0,eval,random,2,best,c020,0.6320006052652994,-0.13301785786946618,0.03857070843999585,0.5409039457639059
-6.0,eval,random,2,best,c044,-0.004740079243977864,-0.2230990727742513,0.03857070843999585,0.5409039457639059
-6.0,eval,random,2,best,c016,0.4219992955525716,-0.14716498057047528,0.03857070843999585,0.5409039457639059
-6.0,eval,random,2,best,c056,-0.22381369272867838,-0.1708981196085612,0.03857070843999585,0.5409039457639059
-6.0,eval,random,2,best,c025,0.16135406494140625,-0.06614875793457031,0.03857070843999585,0.5409039457639059
-6.0,eval,random,2,best,c029,0.21778329213460287,0.05090363820393881,0.03857070843999585,0.5409039457639059
-6.0,eval,random,2,best,c014,0.1633876164754232,-0.18314520517985025,0.03857070843999585,0.5409039457639059
-6.0,eval,random,2,best,c002,0.3920154571533203,-0.10077857971191406,0.03857070843999585,0.5409039457639059
-6.0,eval,random,2,best,c023,0.7735220591227213,-0.046337445576985714,0.03857070843999585,0.5409039457639059
-6.0,eval,random,2,best,c046,0.08422501881917317,-0.042413393656412765,0.03857070843999585,0.5409039457639059
-6.0,eval,random,2,best,c022,0.3159688313802083,-0.011917750040690123,0.03857070843999585,0.5409039457639059
-6.0,eval,random,2,best,c050,0.6819515228271484,-0.26391029357910156,0.03857070843999585,0.5409039457639059
-4.0,eval,d,2,best,c006,0.7952499389648438,-0.21798038482666016,0.014181409031152725,0.4825626313686371
-4.0,eval,d,2,best,c017,0.5237522125244141,-0.10199928283691406,0.014181409031152725,0.4825626313686371
-4.0,eval,d,2,best,c039,0.3767280578613281,-0.32489585876464844,0.014181409031152725,0.4825626313686371
-4.0,eval,d,2,best,c036,0.09745597839355469,-0.16526508331298828,0.014181409031152725,0.4825626313686371
-4.0,eval,d,2,best,c009,-0.2557392120361328,-0.19768619537353516,0.014181409031152725,0.4825626313686371
-4.0,eval,d,2,best,c000,0.44344520568847656,-0.1454477310180664,0.014181409031152725,0.4825626313686371
-4.0,eval,d,2,best,c013,1.377828598022461,-0.2856130599975586,0.014181409031152725,0.4825626313686371
-4.0,eval,d,2,best,c049,0.43355464935302734,-0.17795181274414062,0.014181409031152725,0.4825626313686371
-4.0,eval,d,2,best,c058,0.3299112319946289,-0.2575349807739258,0.014181409031152725,0.4825626313686371
-4.0,eval,d,2,best,c024,0.08354759216308594,-0.06705856323242188,0.014181409031152725,0.4825626313686371
-4.0,eval,d,2,best,c042,0.8444957733154297,-0.07636642456054688,0.014181409031152725,0.4825626313686371
-4.0,eval,d,2,best,c047,0.3066844940185547,-0.11876964569091797,0.014181409031152725,0.4825626313686371
-4.0,eval,d,2,best,c043,-0.6303539276123047,0.10439300537109375,0.014181409031152725,0.4825626313686371
-4.0,eval,d,2,best,c003,0.39506053924560547,-0.3085517883300781,0.014181409031152725,0.4825626313686371
-4.0,eval,d,2,best,c041,0.6600465774536133,-0.08847713470458984,0.014181409031152725,0.4825626313686371
-4.0,eval,d,2,best,c008,-0.07961082458496094,-0.010546684265136719,0.014181409031152725,0.4825626313686371
-4.0,eval,d,2,best,c045,1.7281646728515625,-0.1269674301147461,0.014181409031152725,0.4825626313686371
-4.0,eval,d,2,best,c011,0.6932773590087891,-0.21690940856933594,0.014181409031152725,0.4825626313686371
-4.0,eval,d,2,best,c020,1.6327171325683594,-0.1915140151977539,0.014181409031152725,0.4825626313686371
-4.0,eval,d,2,best,c044,1.876429557800293,-0.11685562133789062,0.014181409031152725,0.4825626313686371
-4.0,eval,d,2,best,c016,0.4015645980834961,-0.2365550994873047,0.014181409031152725,0.4825626313686371
-4.0,eval,d,2,best,c056,0.6522789001464844,-0.14780712127685547,0.014181409031152725,0.4825626313686371
-4.0,eval,d,2,best,c025,0.11851024627685547,-0.04019927978515625,0.014181409031152725,0.4825626313686371
-4.0,eval,d,2,best,c029,0.13161277770996094,-0.2085552215576172,0.014181409031152725,0.4825626313686371
-4.0,eval,d,2,best,c014,0.22364425659179688,-0.174224853515625,0.014181409031152725,0.4825626313686371
-4.0,eval,d,2,best,c002,0.3820648193359375,-0.13243389129638672,0.014181409031152725,0.4825626313686371
-4.0,eval,d,2,best,c023,0.48293304443359375,-0.088134765625,0.014181409031152725,0.4825626313686371
-4.0,eval,d,2,best,c046,0.09127616882324219,-0.5352067947387695,0.014181409031152725,0.4825626313686371
-4.0,eval,d,2,best,c022,0.12335586547851562,-0.09117889404296875,0.014181409031152725,0.4825626313686371
-4.0,eval,d,2,best,c050,0.9805593490600586,-0.13432693481445312,0.014181409031152725,0.4825626313686371
-4.0,eval,d,2,best,c006,0.9632654190063477,-0.21980571746826172,0.014181409031152725,0.4825626313686371
-4.0,eval,d,2,best,c017,0.7214717864990234,-0.15876293182373047,0.014181409031152725,0.4825626313686371
-4.0,eval,d,2,best,c039,0.011033058166503906,-0.26041221618652344,0.014181409031152725,0.4825626313686371
-4.0,eval,d,2,best,c036,0.45113086700439453,-0.1847057342529297,0.014181409031152725,0.4825626313686371
-4.0,eval,d,2,best,c009,0.7865324020385742,-0.18690204620361328,0.014181409031152725,0.4825626313686371
-4.0,eval,d,2,best,c000,0.41303348541259766,-0.20500850677490234,0.014181409031152725,0.4825626313686371
-4.0,eval,d,2,best,c013,0.4975910186767578,-0.23778533935546875,0.014181409031152725,0.4825626313686371
-4.0,eval,d,2,best,c049,-0.22092437744140625,-0.1704559326171875,0.014181409031152725,0.4825626313686371
-4.0,eval,d,2,best,c058,0.266021728515625,-0.38994598388671875,0.014181409031152725,0.4825626313686371
-4.0,eval,d,2,best,c024,0.17555999755859375,-0.07650947570800781,0.014181409031152725,0.4825626313686371
-4.0,eval,d,2,best,c042,0.025834083557128906,-0.15798282623291016,0.014181409031152725,0.4825626313686371
-4.0,eval,d,2,best,c047,0.5254907608032227,-0.17774677276611328,0.014181409031152725,0.4825626313686371
-4.0,eval,d,2,best,c043,0.12880706787109375,0.07333183288574219,0.014181409031152725,0.4825626313686371
-4.0,eval,d,2,best,c003,0.3307924270629883,-0.1643533706665039,0.014181409031152725,0.4825626313686371
-4.0,eval,d,2,best,c041,0.28209590911865234,0.05456829071044922,0.014181409031152725,0.4825626313686371
-4.0,eval,d,2,best,c008,0.15219497680664062,-0.18554973602294922,0.014181409031152725,0.4825626313686371
-4.0,eval,d,2,best,c045,0.35311126708984375,-0.18653011322021484,0.014181409031152725,0.4825626313686371
-4.0,eval,d,2,best,c011,0.15616130828857422,-0.10601139068603516,0.014181409031152725,0.4825626313686371
-4.0,eval,d,2,best,c020,0.6519479751586914,-0.11307048797607422,0.014181409031152725,0.4825626313686371
-4.0,eval,d,2,best,c044,0.038921356201171875,-0.17943763732910156,0.014181409031152725,0.4825626313686371
-4.0,eval,d,2,best,c016,0.3598651885986328,-0.20929908752441406,0.014181409031152725,0.4825626313686371
-4.0,eval,d,2,best,c056,-0.1351165771484375,-0.08220100402832031,0.014181409031152725,0.4825626313686371
-4.0,eval,d,2,best,c025,0.010974884033203125,-0.21652793884277344,0.014181409031152725,0.4825626313686371
-4.0,eval,d,2,best,c029,0.049920082092285156,-0.1169595718383789,0.014181409031152725,0.4825626313686371
-4.0,eval,d,2,best,c014,0.13091564178466797,-0.21561717987060547,0.014181409031152725,0.4825626313686371
-4.0,eval,d,2,best,c002,0.36269378662109375,-0.13010025024414062,0.014181409031152725,0.4825626313686371
-4.0,eval,d,2,best,c023,0.6143894195556641,-0.20547008514404297,0.014181409031152725,0.4825626313686371
-4.0,eval,d,2,best,c046,0.1844644546508789,0.05782604217529297,0.014181409031152725,0.4825626313686371
-4.0,eval,d,2,best,c022,0.3541250228881836,0.026238441467285156,0.014181409031152725,0.4825626313686371
-4.0,eval,d,2,best,c050,0.7245330810546875,-0.2213287353515625,0.014181409031152725,0.4825626313686371
-4.0,deploy,d,2,best,c006,0.21178340911865234,-0.13442325592041016,0.005074142944067717,0.3004891574382782
-4.0,deploy,d,2,best,c017,-0.22162723541259766,-0.030155181884765625,0.005074142944067717,0.3004891574382782
-4.0,deploy,d,2,best,c039,-0.25907325744628906,-0.029443740844726562,0.005074142944067717,0.3004891574382782
-4.0,deploy,d,2,best,c036,-0.1964893341064453,-0.21011638641357422,0.005074142944067717,0.3004891574382782
-4.0,deploy,d,2,best,c009,-0.3689918518066406,0.006197929382324219,0.005074142944067717,0.3004891574382782
-4.0,deploy,d,2,best,c000,-0.19834613800048828,0.06336688995361328,0.005074142944067717,0.3004891574382782
-4.0,deploy,d,2,best,c013,0.15355205535888672,-0.16197872161865234,0.005074142944067717,0.3004891574382782
-4.0,deploy,d,2,best,c049,-0.39093685150146484,-0.026805877685546875,0.005074142944067717,0.3004891574382782
-4.0,deploy,d,2,best,c058,-0.2842674255371094,0.04065227508544922,0.005074142944067717,0.3004891574382782
-4.0,deploy,d,2,best,c024,-0.3433513641357422,0.03663444519042969,0.005074142944067717,0.3004891574382782
-4.0,deploy,d,2,best,c042,-0.3207826614379883,-0.02299785614013672,0.005074142944067717,0.3004891574382782
-4.0,deploy,d,2,best,c047,0.01092529296875,-0.17522811889648438,0.005074142944067717,0.3004891574382782
-4.0,deploy,d,2,best,c043,-0.5738449096679688,0.13063526153564453,0.005074142944067717,0.3004891574382782
-4.0,deploy,d,2,best,c003,-0.10988712310791016,0.014357566833496094,0.005074142944067717,0.3004891574382782
-4.0,deploy,d,2,best,c041,-0.6746320724487305,0.1317310333251953,0.005074142944067717,0.3004891574382782
-4.0,deploy,d,2,best,c008,-0.3067331314086914,-0.00664520263671875,0.005074142944067717,0.3004891574382782
-4.0,deploy,d,2,best,c045,-0.32320499420166016,0.07275390625,0.005074142944067717,0.3004891574382782
-4.0,deploy,d,2,best,c011,0.0983114242553711,-0.017813682556152344,0.005074142944067717,0.3004891574382782
-4.0,deploy,d,2,best,c020,-0.2519712448120117,0.13158893585205078,0.005074142944067717,0.3004891574382782
-4.0,deploy,d,2,best,c044,-0.31042003631591797,-0.0045642852783203125,0.005074142944067717,0.3004891574382782
-4.0,deploy,d,2,best,c016,-0.24052047729492188,-0.03133583068847656,0.005074142944067717,0.3004891574382782
-4.0,deploy,d,2,best,c056,-0.2033376693725586,-0.12183666229248047,0.005074142944067717,0.3004891574382782
-4.0,deploy,d,2,best,c025,-0.2388744354248047,0.0007648468017578125,0.005074142944067717,0.3004891574382782
-4.0,deploy,d,2,best,c029,-0.6520872116088867,0.07729339599609375,0.005074142944067717,0.3004891574382782
-4.0,deploy,d,2,best,c014,0.027548789978027344,-0.2987327575683594,0.005074142944067717,0.3004891574382782
-4.0,deploy,d,2,best,c002,-0.23826313018798828,0.017065048217773438,0.005074142944067717,0.3004891574382782
-4.0,deploy,d,2,best,c023,-0.10884952545166016,0.03838348388671875,0.005074142944067717,0.3004891574382782
-4.0,deploy,d,2,best,c046,-0.5172863006591797,0.20621776580810547,0.005074142944067717,0.3004891574382782
-4.0,deploy,d,2,best,c022,-0.04946136474609375,-0.10471820831298828,0.005074142944067717,0.3004891574382782
-4.0,deploy,d,2,best,c050,-0.10255718231201172,-0.07161808013916016,0.005074142944067717,0.3004891574382782
-4.0,deploy,d,2,best,c006,0.016411781311035156,-0.056415557861328125,0.005074142944067717,0.3004891574382782
-4.0,deploy,d,2,best,c017,0.028949737548828125,-0.07338714599609375,0.005074142944067717,0.3004891574382782
-4.0,deploy,d,2,best,c039,-0.1874246597290039,0.16478538513183594,0.005074142944067717,0.3004891574382782
-4.0,deploy,d,2,best,c036,-0.3839244842529297,-0.13176250457763672,0.005074142944067717,0.3004891574382782
-4.0,deploy,d,2,best,c009,-0.36261558532714844,-0.28208065032958984,0.005074142944067717,0.3004891574382782
-4.0,deploy,d,2,best,c000,-0.3354911804199219,0.00017070770263671875,0.005074142944067717,0.3004891574382782
-4.0,deploy,d,2,best,c013,0.2370738983154297,-0.13426589965820312,0.005074142944067717,0.3004891574382782
-4.0,deploy,d,2,best,c049,-0.5835161209106445,0.19951725006103516,0.005074142944067717,0.3004891574382782
-4.0,deploy,d,2,best,c058,-0.32166194915771484,0.07871246337890625,0.005074142944067717,0.3004891574382782
-4.0,deploy,d,2,best,c024,-0.13779258728027344,-0.05573463439941406,0.005074142944067717,0.3004891574382782
-4.0,deploy,d,2,best,c042,-0.44146060943603516,0.06786918640136719,0.005074142944067717,0.3004891574382782
-4.0,deploy,d,2,best,c047,-0.1391582489013672,-0.20987892150878906,0.005074142944067717,0.3004891574382782
-4.0,deploy,d,2,best,c043,-0.9202098846435547,0.29648780822753906,0.005074142944067717,0.3004891574382782
-4.0,deploy,d,2,best,c003,-0.17290878295898438,0.010850906372070312,0.005074142944067717,0.3004891574382782
-4.0,deploy,d,2,best,c041,-0.13831043243408203,0.05812644958496094,0.005074142944067717,0.3004891574382782
-4.0,deploy,d,2,best,c008,-0.5337705612182617,0.16396617889404297,0.005074142944067717,0.3004891574382782
-4.0,deploy,d,2,best,c045,-0.5720796585083008,0.2007274627685547,0.005074142944067717,0.3004891574382782
-4.0,deploy,d,2,best,c011,0.06234455108642578,-0.14650440216064453,0.005074142944067717,0.3004891574382782
-4.0,deploy,d,2,best,c020,-0.1973552703857422,0.02655792236328125,0.005074142944067717,0.3004891574382782
-4.0,deploy,d,2,best,c044,-0.1878499984741211,-3.910064697265625e-05,0.005074142944067717,0.3004891574382782
-4.0,deploy,d,2,best,c016,0.11034488677978516,-0.08836746215820312,0.005074142944067717,0.3004891574382782
-4.0,deploy,d,2,best,c056,-0.053887367248535156,-0.019548416137695312,0.005074142944067717,0.3004891574382782
-4.0,deploy,d,2,best,c025,-0.1039276123046875,-0.0963449478149414,0.005074142944067717,0.3004891574382782
-4.0,deploy,d,2,best,c029,-0.5121622085571289,-0.09726524353027344,0.005074142944067717,0.3004891574382782
-4.0,deploy,d,2,best,c014,-0.45688438415527344,-0.16695404052734375,0.005074142944067717,0.3004891574382782
-4.0,deploy,d,2,best,c002,-0.4170522689819336,0.04596996307373047,0.005074142944067717,0.3004891574382782
-4.0,deploy,d,2,best,c023,-0.07439231872558594,0.10688495635986328,0.005074142944067717,0.3004891574382782
-4.0,deploy,d,2,best,c046,-0.25294017791748047,0.1048269271850586,0.005074142944067717,0.3004891574382782
-4.0,deploy,d,2,best,c022,-0.38214969635009766,0.09444141387939453,0.005074142944067717,0.3004891574382782
-4.0,deploy,d,2,best,c050,-0.41451263427734375,0.0651865005493164,0.005074142944067717,0.3004891574382782
-4.0,eval,random,2,best,c006,0.9064388275146484,-0.10679149627685547,0.017196476692333817,0.5456434289614359
-4.0,eval,random,2,best,c017,0.5320345560709635,-0.09371693929036462,0.017196476692333817,0.5456434289614359
-4.0,eval,random,2,best,c039,0.6654717127482096,-0.036152203877766964,0.017196476692333817,0.5456434289614359
-4.0,eval,random,2,best,c036,0.17645772298177084,-0.08626333872477213,0.017196476692333817,0.5456434289614359
-4.0,eval,random,2,best,c009,-0.13332303365071616,-0.0752700169881185,0.017196476692333817,0.5456434289614359
-4.0,eval,random,2,best,c000,0.49442100524902344,-0.09447193145751953,0.017196476692333817,0.5456434289614359
-4.0,eval,random,2,best,c013,1.4960486094156902,-0.16739304860432935,0.017196476692333817,0.5456434289614359
-4.0,eval,random,2,best,c049,0.5244010289510092,-0.08710543314615882,0.017196476692333817,0.5456434289614359
-4.0,eval,random,2,best,c058,0.6184593836466471,0.03101317087809241,0.017196476692333817,0.5456434289614359
-4.0,eval,random,2,best,c024,0.08165931701660156,-0.06894683837890625,0.017196476692333817,0.5456434289614359
-4.0,eval,random,2,best,c042,0.8265196482340494,-0.09434254964192712,0.017196476692333817,0.5456434289614359
-4.0,eval,random,2,best,c047,0.39185619354248047,-0.03359794616699219,0.017196476692333817,0.5456434289614359
-4.0,eval,random,2,best,c043,-0.8219280242919922,-0.08718109130859375,0.017196476692333817,0.5456434289614359
-4.0,eval,random,2,best,c003,0.5902347564697266,-0.11337757110595703,0.017196476692333817,0.5456434289614359
-4.0,eval,random,2,best,c041,0.6997912724812826,-0.048732439676920536,0.017196476692333817,0.5456434289614359
-4.0,eval,random,2,best,c008,-0.12946383158365884,-0.060399691263834626,0.017196476692333817,0.5456434289614359
-4.0,eval,random,2,best,c045,1.7354583740234375,-0.1196737289428711,0.017196476692333817,0.5456434289614359
-4.0,eval,random,2,best,c011,0.7555621465047201,-0.1546246210734049,0.017196476692333817,0.5456434289614359
-4.0,eval,random,2,best,c020,1.7513494491577148,-0.07288169860839844,0.017196476692333817,0.5456434289614359
-4.0,eval,random,2,best,c044,1.8485406239827473,-0.14474455515543627,0.017196476692333817,0.5456434289614359
-4.0,eval,random,2,best,c016,0.5015020370483398,-0.13661766052246094,0.017196476692333817,0.5456434289614359
-4.0,eval,random,2,best,c056,0.6497478485107422,-0.15033817291259766,0.017196476692333817,0.5456434289614359
-4.0,eval,random,2,best,c025,0.08309268951416016,-0.07561683654785156,0.017196476692333817,0.5456434289614359
-4.0,eval,random,2,best,c029,0.29054832458496094,-0.04961967468261719,0.017196476692333817,0.5456434289614359
-4.0,eval,random,2,best,c014,0.22101402282714844,-0.17685508728027344,0.017196476692333817,0.5456434289614359
-4.0,eval,random,2,best,c002,0.43296019236246747,-0.08153851826985675,0.017196476692333817,0.5456434289614359
-4.0,eval,random,2,best,c023,0.5032885869344076,-0.06777922312418616,0.017196476692333817,0.5456434289614359
-4.0,eval,random,2,best,c046,0.5641660690307617,-0.06231689453125,0.017196476692333817,0.5456434289614359
-4.0,eval,random,2,best,c022,0.17671966552734375,-0.037815093994140625,0.017196476692333817,0.5456434289614359
-4.0,eval,random,2,best,c050,0.9131441116333008,-0.20174217224121094,0.017196476692333817,0.5456434289614359
-4.0,eval,random,2,best,c006,1.0974775950113933,-0.08559354146321607,0.017196476692333817,0.5456434289614359
-4.0,eval,random,2,best,c017,0.8036947250366211,-0.07653999328613281,0.017196476692333817,0.5456434289614359
-4.0,eval,random,2,best,c039,0.2456528345743815,-0.025792439778645843,0.017196476692333817,0.5456434289614359
-4.0,eval,random,2,best,c036,0.5462611516316732,-0.089575449625651,0.017196476692333817,0.5456434289614359
-4.0,eval,random,2,best,c009,0.8246758778889974,-0.14875857035319007,0.017196476692333817,0.5456434289614359
-4.0,eval,random,2,best,c000,0.5019286473592123,-0.11611334482828772,0.017196476692333817,0.5456434289614359
-4.0,eval,random,2,best,c013,0.5775032043457031,-0.15787315368652344,0.017196476692333817,0.5456434289614359
-4.0,eval,random,2,best,c049,-0.07117048899332683,-0.020702044169108078,0.017196476692333817,0.5456434289614359
-4.0,eval,random,2,best,c058,0.6237014134724935,-0.03226629892985022,0.017196476692333817,0.5456434289614359
-4.0,eval,random,2,best,c024,0.22502263387044272,-0.027046839396158845,0.017196476692333817,0.5456434289614359
-4.0,eval,random,2,best,c042,0.08241017659505208,-0.10140673319498698,0.017196476692333817,0.5456434289614359
-4.0,eval,random,2,best,c047,0.6298348108927408,-0.07340272267659509,0.017196476692333817,0.5456434289614359
-4.0,eval,random,2,best,c043,-0.013069788614908854,-0.06854502360026042,0.017196476692333817,0.5456434289614359
-4.0,eval,random,2,best,c003,0.3712313969930013,-0.1239144007364909,0.017196476692333817,0.5456434289614359
-4.0,eval,random,2,best,c041,0.1602512995402018,-0.06727631886800131,0.017196476692333817,0.5456434289614359
-4.0,eval,random,2,best,c008,0.28816572825113934,-0.0495789845784505,0.017196476692333817,0.5456434289614359
-4.0,eval,random,2,best,c045,0.39594078063964844,-0.14370059967041016,0.017196476692333817,0.5456434289614359
-4.0,eval,random,2,best,c011,0.16050434112548828,-0.1016683578491211,0.017196476692333817,0.5456434289614359
-4.0,eval,random,2,best,c020,0.6712910334269205,-0.09372742970784509,0.017196476692333817,0.5456434289614359
-4.0,eval,random,2,best,c044,0.06913153330485027,-0.14922746022542316,0.017196476692333817,0.5456434289614359
-4.0,eval,random,2,best,c016,0.49261919657389325,-0.07654507954915363,0.017196476692333817,0.5456434289614359
-4.0,eval,random,2,best,c056,-0.16592184702555338,-0.11300627390543619,0.017196476692333817,0.5456434289614359
-4.0,eval,random,2,best,c025,0.1805706024169922,-0.046932220458984375,0.017196476692333817,0.5456434289614359
-4.0,eval,random,2,best,c029,0.19947528839111328,0.03259563446044922,0.017196476692333817,0.5456434289614359
-4.0,eval,random,2,best,c014,0.2251917521158854,-0.12134106953938803,0.017196476692333817,0.5456434289614359
-4.0,eval,random,2,best,c002,0.43657366434733075,-0.05622037251790363,0.017196476692333817,0.5456434289614359
-4.0,eval,random,2,best,c023,0.7943490346272787,-0.02551047007242835,0.017196476692333817,0.5456434289614359
-4.0,eval,random,2,best,c046,0.08591047922770183,-0.04072793324788411,0.017196476692333817,0.5456434289614359
-4.0,eval,random,2,best,c022,0.3094174067179362,-0.01846917470296222,0.017196476692333817,0.5456434289614359
-4.0,eval,random,2,best,c050,0.7850961685180664,-0.1607656478881836,0.017196476692333817,0.5456434289614359
-2.0,eval,d,2,best,c006,0.9136934280395508,-0.09953689575195312,0.003709004260599613,0.5172566175460815
-2.0,eval,d,2,best,c017,0.5684690475463867,-0.057282447814941406,0.003709004260599613,0.5172566175460815
-2.0,eval,d,2,best,c039,0.5478353500366211,-0.15378856658935547,0.003709004260599613,0.5172566175460815
-2.0,eval,d,2,best,c036,0.16900157928466797,-0.093719482421875,0.003709004260599613,0.5172566175460815
-2.0,eval,d,2,best,c009,-0.15295791625976562,-0.09490489959716797,0.003709004260599613,0.5172566175460815
-2.0,eval,d,2,best,c000,0.520843505859375,-0.06804943084716797,0.003709004260599613,0.5172566175460815
-2.0,eval,d,2,best,c013,1.5203666687011719,-0.14307498931884766,0.003709004260599613,0.5172566175460815
-2.0,eval,d,2,best,c049,0.52301025390625,-0.08849620819091797,0.003709004260599613,0.5172566175460815
-2.0,eval,d,2,best,c058,0.4546833038330078,-0.13276290893554688,0.003709004260599613,0.5172566175460815
-2.0,eval,d,2,best,c024,0.10845470428466797,-0.042151451110839844,0.003709004260599613,0.5172566175460815
-2.0,eval,d,2,best,c042,0.8842697143554688,-0.03659248352050781,0.003709004260599613,0.5172566175460815
-2.0,eval,d,2,best,c047,0.3742103576660156,-0.05124378204345703,0.003709004260599613,0.5172566175460815
-2.0,eval,d,2,best,c043,-0.6750707626342773,0.059676170349121094,0.003709004260599613,0.5172566175460815
-2.0,eval,d,2,best,c003,0.5533666610717773,-0.15024566650390625,0.003709004260599613,0.5172566175460815
-2.0,eval,d,2,best,c041,0.711237907409668,-0.037285804748535156,0.003709004260599613,0.5172566175460815
-2.0,eval,d,2,best,c008,-0.053704261779785156,0.015359878540039062,0.003709004260599613,0.5172566175460815
-2.0,eval,d,2,best,c045,1.7737770080566406,-0.08135509490966797,0.003709004260599613,0.5172566175460815
-2.0,eval,d,2,best,c011,0.7944679260253906,-0.11571884155273438,0.003709004260599613,0.5172566175460815
-2.0,eval,d,2,best,c020,1.70855712890625,-0.11567401885986328,0.003709004260599613,0.5172566175460815
-2.0,eval,d,2,best,c044,1.9376487731933594,-0.05563640594482422,0.003709004260599613,0.5172566175460815
-2.0,eval,d,2,best,c016,0.5072288513183594,-0.1308908462524414,0.003709004260599613,0.5172566175460815
-2.0,eval,d,2,best,c056,0.7186832427978516,-0.08140277862548828,0.003709004260599613,0.5172566175460815
-2.0,eval,d,2,best,c025,0.1336498260498047,-0.02505970001220703,0.003709004260599613,0.5172566175460815
-2.0,eval,d,2,best,c029,0.2559652328491211,-0.08420276641845703,0.003709004260599613,0.5172566175460815
-2.0,eval,d,2,best,c014,0.3409128189086914,-0.05695629119873047,0.003709004260599613,0.5172566175460815
-2.0,eval,d,2,best,c002,0.43710994720458984,-0.07738876342773438,0.003709004260599613,0.5172566175460815
-2.0,eval,d,2,best,c023,0.5341730117797852,-0.036894798278808594,0.003709004260599613,0.5172566175460815
-2.0,eval,d,2,best,c046,0.3077707290649414,-0.3187122344970703,0.003709004260599613,0.5172566175460815
-2.0,eval,d,2,best,c022,0.15038394927978516,-0.06415081024169922,0.003709004260599613,0.5172566175460815
-2.0,eval,d,2,best,c050,1.0591363906860352,-0.05574989318847656,0.003709004260599613,0.5172566175460815
-2.0,eval,d,2,best,c006,1.0759906768798828,-0.10708045959472656,0.003709004260599613,0.5172566175460815
-2.0,eval,d,2,best,c017,0.7955331802368164,-0.0847015380859375,0.003709004260599613,0.5172566175460815
-2.0,eval,d,2,best,c039,0.16155624389648438,-0.10988903045654297,0.003709004260599613,0.5172566175460815
-2.0,eval,d,2,best,c036,0.5485363006591797,-0.08730030059814453,0.003709004260599613,0.5172566175460815
-2.0,eval,d,2,best,c009,0.9183053970336914,-0.055129051208496094,0.003709004260599613,0.5172566175460815
-2.0,eval,d,2,best,c000,0.5130434036254883,-0.10499858856201172,0.003709004260599613,0.5172566175460815
-2.0,eval,d,2,best,c013,0.6188373565673828,-0.11653900146484375,0.003709004260599613,0.5172566175460815
-2.0,eval,d,2,best,c049,-0.1278371810913086,-0.07736873626708984,0.003709004260599613,0.5172566175460815
-2.0,eval,d,2,best,c058,0.44538116455078125,-0.2105865478515625,0.003709004260599613,0.5172566175460815
-2.0,eval,d,2,best,c024,0.22514629364013672,-0.026923179626464844,0.003709004260599613,0.5172566175460815
-2.0,eval,d,2,best,c042,0.09799671173095703,-0.08582019805908203,0.003709004260599613,0.5172566175460815
-2.0,eval,d,2,best,c047,0.6074581146240234,-0.0957794189453125,0.003709004260599613,0.5172566175460815
-2.0,eval,d,2,best,c043,0.10981941223144531,0.05434417724609375,0.003709004260599613,0.5172566175460815
-2.0,eval,d,2,best,c003,0.4333915710449219,-0.06175422668457031,0.003709004260599613,0.5172566175460815
-2.0,eval,d,2,best,c041,0.2439289093017578,0.016401290893554688,0.003709004260599613,0.5172566175460815
-2.0,eval,d,2,best,c008,0.24576663970947266,-0.09197807312011719,0.003709004260599613,0.5172566175460815
-2.0,eval,d,2,best,c045,0.4367828369140625,-0.1028585433959961,0.003709004260599613,0.5172566175460815
-2.0,eval,d,2,best,c011,0.22041702270507812,-0.04175567626953125,0.003709004260599613,0.5172566175460815
-2.0,eval,d,2,best,c020,0.6958255767822266,-0.06919288635253906,0.003709004260599613,0.5172566175460815
-2.0,eval,d,2,best,c044,0.13878631591796875,-0.07957267761230469,0.003709004260599613,0.5172566175460815
-2.0,eval,d,2,best,c016,0.46794795989990234,-0.10121631622314453,0.003709004260599613,0.5172566175460815
-2.0,eval,d,2,best,c056,-0.10267162322998047,-0.04975605010986328,0.003709004260599613,0.5172566175460815
-2.0,eval,d,2,best,c025,0.09525108337402344,-0.13225173950195312,0.003709004260599613,0.5172566175460815
-2.0,eval,d,2,best,c029,0.11175727844238281,-0.05512237548828125,0.003709004260599613,0.5172566175460815
-2.0,eval,d,2,best,c014,0.24215030670166016,-0.10438251495361328,0.003709004260599613,0.5172566175460815
-2.0,eval,d,2,best,c002,0.4284486770629883,-0.0643453598022461,0.003709004260599613,0.5172566175460815
-2.0,eval,d,2,best,c023,0.6967687606811523,-0.12309074401855469,0.003709004260599613,0.5172566175460815
-2.0,eval,d,2,best,c046,0.13770103454589844,0.0110626220703125,0.003709004260599613,0.5172566175460815
-2.0,eval,d,2,best,c022,0.3188047409057617,-0.009081840515136719,0.003709004260599613,0.5172566175460815
-2.0,eval,d,2,best,c050,0.8407411575317383,-0.10512065887451172,0.003709004260599613,0.5172566175460815
-2.0,deploy,d,2,best,c006,0.2887716293334961,-0.057435035705566406,0.0011305160587653518,0.32949161529541016
-2.0,deploy,d,2,best,c017,-0.1912059783935547,0.00026607513427734375,0.0011305160587653518,0.32949161529541016
-2.0,deploy,d,2,best,c039,-0.21202373504638672,0.01760578155517578,0.0011305160587653518,0.32949161529541016
-2.0,deploy,d,2,best,c036,-0.0924215316772461,-0.106048583984375,0.0011305160587653518,0.32949161529541016
-2.0,deploy,d,2,best,c009,-0.3490467071533203,0.02614307403564453,0.0011305160587653518,0.32949161529541016
-2.0,deploy,d,2,best,c000,-0.22094154357910156,0.040771484375,0.0011305160587653518,0.32949161529541016
-2.0,deploy,d,2,best,c013,0.2571115493774414,-0.058419227600097656,0.0011305160587653518,0.32949161529541016
-2.0,deploy,d,2,best,c049,-0.3638792037963867,0.00025177001953125,0.0011305160587653518,0.32949161529541016
-2.0,deploy,d,2,best,c058,-0.2851991653442383,0.03972053527832031,0.0011305160587653518,0.32949161529541016
-2.0,deploy,d,2,best,c024,-0.3441429138183594,0.0358428955078125,0.0011305160587653518,0.32949161529541016
-2.0,deploy,d,2,best,c042,-0.30456066131591797,-0.006775856018066406,0.0011305160587653518,0.32949161529541016
-2.0,deploy,d,2,best,c047,0.11838150024414062,-0.06777191162109375,0.0011305160587653518,0.32949161529541016
-2.0,deploy,d,2,best,c043,-0.6272077560424805,0.07727241516113281,0.0011305160587653518,0.32949161529541016
-2.0,deploy,d,2,best,c003,-0.11910057067871094,0.0051441192626953125,0.0011305160587653518,0.32949161529541016
-2.0,deploy,d,2,best,c041,-0.7233085632324219,0.0830545425415039,0.0011305160587653518,0.32949161529541016
-2.0,deploy,d,2,best,c008,-0.28563976287841797,0.014448165893554688,0.0011305160587653518,0.32949161529541016
-2.0,deploy,d,2,best,c045,-0.3640165328979492,0.03194236755371094,0.0011305160587653518,0.32949161529541016
-2.0,deploy,d,2,best,c011,0.11656761169433594,0.0004425048828125,0.0011305160587653518,0.32949161529541016
-2.0,deploy,d,2,best,c020,-0.3053169250488281,0.07824325561523438,0.0011305160587653518,0.32949161529541016
-2.0,deploy,d,2,best,c044,-0.2906045913696289,0.01525115966796875,0.0011305160587653518,0.32949161529541016
-2.0,deploy,d,2,best,c016,-0.21655750274658203,-0.007372856140136719,0.0011305160587653518,0.32949161529541016
-2.0,deploy,d,2,best,c056,-0.14447593688964844,-0.06297492980957031,0.0011305160587653518,0.32949161529541016
-2.0,deploy,d,2,best,c025,-0.2299327850341797,0.009706497192382812,0.0011305160587653518,0.32949161529541016
-2.0,deploy,d,2,best,c029,-0.6799144744873047,0.04946613311767578,0.0011305160587653518,0.32949161529541016
-2.0,deploy,d,2,best,c014,0.18949127197265625,-0.13679027557373047,0.0011305160587653518,0.32949161529541016
-2.0,deploy,d,2,best,c002,-0.2478933334350586,0.007434844970703125,0.0011305160587653518,0.32949161529541016
-2.0,deploy,d,2,best,c023,-0.11658191680908203,0.030651092529296875,0.0011305160587653518,0.32949161529541016
-2.0,deploy,d,2,best,c046,-0.6117343902587891,0.1117696762084961,0.0011305160587653518,0.32949161529541016
-2.0,deploy,d,2,best,c022,0.01346588134765625,-0.04179096221923828,0.0011305160587653518,0.32949161529541016
-2.0,deploy,d,2,best,c050,-0.06598377227783203,-0.03504467010498047,0.0011305160587653518,0.32949161529541016
-2.0,deploy,d,2,best,c006,0.04945659637451172,-0.023370742797851562,0.0011305160587653518,0.32949161529541016
-2.0,deploy,d,2,best,c017,0.07935047149658203,-0.022986412048339844,0.0011305160587653518,0.32949161529541016
-2.0,deploy,d,2,best,c039,-0.23430538177490234,0.1179046630859375,0.0011305160587653518,0.32949161529541016
-2.0,deploy,d,2,best,c036,-0.3045625686645508,-0.05240058898925781,0.0011305160587653518,0.32949161529541016
-2.0,deploy,d,2,best,c009,-0.20261383056640625,-0.12207889556884766,0.0011305160587653518,0.32949161529541016
-2.0,deploy,d,2,best,c000,-0.3331270217895508,0.0025348663330078125,0.0011305160587653518,0.32949161529541016
-2.0,deploy,d,2,best,c013,0.3191680908203125,-0.05217170715332031,0.0011305160587653518,0.32949161529541016
-2.0,deploy,d,2,best,c049,-0.652008056640625,0.1310253143310547,0.0011305160587653518,0.32949161529541016
-2.0,deploy,d,2,best,c058,-0.3474712371826172,0.052903175354003906,0.0011305160587653518,0.32949161529541016
-2.0,deploy,d,2,best,c024,-0.0902395248413086,-0.008181571960449219,0.0011305160587653518,0.32949161529541016
-2.0,deploy,d,2,best,c042,-0.4486217498779297,0.060708045959472656,0.0011305160587653518,0.32949161529541016
-2.0,deploy,d,2,best,c047,-0.010356903076171875,-0.08107757568359375,0.0011305160587653518,0.32949161529541016
-2.0,deploy,d,2,best,c043,-1.0441656112670898,0.1725320816040039,0.0011305160587653518,0.32949161529541016
-2.0,deploy,d,2,best,c003,-0.16945457458496094,0.01430511474609375,0.0011305160587653518,0.32949161529541016
-2.0,deploy,d,2,best,c041,-0.15541934967041016,0.04101753234863281,0.0011305160587653518,0.32949161529541016
-2.0,deploy,d,2,best,c008,-0.608551025390625,0.08918571472167969,0.0011305160587653518,0.32949161529541016
-2.0,deploy,d,2,best,c045,-0.6599512100219727,0.11285591125488281,0.0011305160587653518,0.32949161529541016
-2.0,deploy,d,2,best,c011,0.15442276000976562,-0.05442619323730469,0.0011305160587653518,0.32949161529541016
-2.0,deploy,d,2,best,c020,-0.208770751953125,0.015142440795898438,0.0011305160587653518,0.32949161529541016
-2.0,deploy,d,2,best,c044,-0.16806697845458984,0.019743919372558594,0.0011305160587653518,0.32949161529541016
-2.0,deploy,d,2,best,c016,0.16626930236816406,-0.03244304656982422,0.0011305160587653518,0.32949161529541016
-2.0,deploy,d,2,best,c056,-0.04119586944580078,-0.0068569183349609375,0.0011305160587653518,0.32949161529541016
-2.0,deploy,d,2,best,c025,-0.050467491149902344,-0.04288482666015625,0.0011305160587653518,0.32949161529541016
-2.0,deploy,d,2,best,c029,-0.4410524368286133,-0.026155471801757812,0.0011305160587653518,0.32949161529541016
-2.0,deploy,d,2,best,c014,-0.3673114776611328,-0.07738113403320312,0.0011305160587653518,0.32949161529541016
-2.0,deploy,d,2,best,c002,-0.43433570861816406,0.0286865234375,0.0011305160587653518,0.32949161529541016
-2.0,deploy,d,2,best,c023,-0.12186813354492188,0.059409141540527344,0.0011305160587653518,0.32949161529541016
-2.0,deploy,d,2,best,c046,-0.3012847900390625,0.05648231506347656,0.0011305160587653518,0.32949161529541016
-2.0,deploy,d,2,best,c022,-0.41631126403808594,0.06027984619140625,0.0011305160587653518,0.32949161529541016
-2.0,deploy,d,2,best,c050,-0.4380931854248047,0.04160594940185547,0.0011305160587653518,0.32949161529541016
-2.0,eval,random,2,best,c006,0.9649763107299805,-0.04825401306152344,0.004005388841809084,0.5474854509035746
-2.0,eval,random,2,best,c017,0.5815525054931641,-0.04419898986816406,0.004005388841809084,0.5474854509035746
-2.0,eval,random,2,best,c039,0.6931269963582357,-0.008496920267740848,0.004005388841809084,0.5474854509035746
-2.0,eval,random,2,best,c036,0.2215878168741862,-0.04113324483235678,0.004005388841809084,0.5474854509035746
-2.0,eval,random,2,best,c009,-0.09186522165934245,-0.033812204996744796,0.004005388841809084,0.5474854509035746
-2.0,eval,random,2,best,c000,0.5433432261149088,-0.04554971059163415,0.004005388841809084,0.5474854509035746
-2.0,eval,random,2,best,c013,1.5822725296020508,-0.08116912841796875,0.004005388841809084,0.5474854509035746
-2.0,eval,random,2,best,c049,0.5573212305704752,-0.054185231526692745,0.004005388841809084,0.5474854509035746
-2.0,eval,random,2,best,c058,0.6055943171183268,0.0181481043497721,0.004005388841809084,0.5474854509035746
-2.0,eval,random,2,best,c024,0.11371040344238281,-0.036895751953125,0.004005388841809084,0.5474854509035746
-2.0,eval,random,2,best,c042,0.8868293762207031,-0.03403282165527344,0.004005388841809084,0.5474854509035746
-2.0,eval,random,2,best,c047,0.4051583607991536,-0.02029577891031903,0.004005388841809084,0.5474854509035746
-2.0,eval,random,2,best,c043,-0.7834765116373698,-0.04872957865397132,0.004005388841809084,0.5474854509035746
-2.0,eval,random,2,best,c003,0.6502431233723959,-0.05336920420328772,0.004005388841809084,0.5474854509035746
-2.0,eval,random,2,best,c041,0.7282117207845052,-0.02031199137369788,0.004005388841809084,0.5474854509035746
-2.0,eval,random,2,best,c008,-0.09512933095296223,-0.026065190633138016,0.004005388841809084,0.5474854509035746
-2.0,eval,random,2,best,c045,1.7961575190226238,-0.05897458394368482,0.004005388841809084,0.5474854509035746
-2.0,eval,random,2,best,c011,0.8393583297729492,-0.07082843780517578,0.004005388841809084,0.5474854509035746
-2.0,eval,random,2,best,c020,1.787929852803548,-0.03630129496256518,0.004005388841809084,0.5474854509035746
-2.0,eval,random,2,best,c044,1.9241050084431965,-0.06918017069498705,0.004005388841809084,0.5474854509035746
-2.0,eval,random,2,best,c016,0.5774736404418945,-0.06064605712890625,0.004005388841809084,0.5474854509035746
-2.0,eval,random,2,best,c056,0.7252057393391927,-0.0748802820841471,0.004005388841809084,0.5474854509035746
-2.0,eval,random,2,best,c025,0.116455078125,-0.04225444793701172,0.004005388841809084,0.5474854509035746
-2.0,eval,random,2,best,c029,0.32047494252522785,-0.01969305674235028,0.004005388841809084,0.5474854509035746
-2.0,eval,random,2,best,c014,0.3097511927286784,-0.08811791737874347,0.004005388841809084,0.5474854509035746
-2.0,eval,random,2,best,c002,0.4761501948038737,-0.0383485158284505,0.004005388841809084,0.5474854509035746
-2.0,eval,random,2,best,c023,0.5455770492553711,-0.025490760803222656,0.004005388841809084,0.5474854509035746
-2.0,eval,random,2,best,c046,0.5850229263305664,-0.04146003723144531,0.004005388841809084,0.5474854509035746
-2.0,eval,random,2,best,c022,0.19057019551595053,-0.023964564005533845,0.004005388841809084,0.5474854509035746
-2.0,eval,random,2,best,c050,1.0328435897827148,-0.08204269409179688,0.004005388841809084,0.5474854509035746
-2.0,eval,random,2,best,c006,1.145663897196452,-0.03740723927815748,0.004005388841809084,0.5474854509035746
-2.0,eval,random,2,best,c017,0.8408228556315104,-0.03941186269124353,0.004005388841809084,0.5474854509035746
-2.0,eval,random,2,best,c039,0.27099037170410156,-0.00045490264892578125,0.004005388841809084,0.5474854509035746
-2.0,eval,random,2,best,c036,0.6016867955525717,-0.03414980570475257,0.004005388841809084,0.5474854509035746
-2.0,eval,random,2,best,c009,0.9130725860595703,-0.06036186218261719,0.004005388841809084,0.5474854509035746
-2.0,eval,random,2,best,c000,0.5649690628051758,-0.05307292938232422,0.004005388841809084,0.5474854509035746
-2.0,eval,random,2,best,c013,0.6613616943359375,-0.07401466369628906,0.004005388841809084,0.5474854509035746
-2.0,eval,random,2,best,c049,-0.0569922129313151,-0.006523768107096352,0.004005388841809084,0.5474854509035746
-2.0,eval,random,2,best,c058,0.6490491231282552,-0.006918589274088505,0.004005388841809084,0.5474854509035746
-2.0,eval,random,2,best,c024,0.2429507573445638,-0.009118715922037751,0.004005388841809084,0.5474854509035746
-2.0,eval,random,2,best,c042,0.13120619455973306,-0.052610715230306,0.004005388841809084,0.5474854509035746
-2.0,eval,random,2,best,c047,0.6693302790323893,-0.03390725453694665,0.004005388841809084,0.5474854509035746
-2.0,eval,random,2,best,c043,0.022642135620117188,-0.032833099365234375,0.004005388841809084,0.5474854509035746
-2.0,eval,random,2,best,c003,0.4394229253133138,-0.055722872416178404,0.004005388841809084,0.5474854509035746
-2.0,eval,random,2,best,c041,0.1958465576171875,-0.031681060791015625,0.004005388841809084,0.5474854509035746
-2.0,eval,random,2,best,c008,0.32587560017903644,-0.011869112650553404,0.004005388841809084,0.5474854509035746
-2.0,eval,random,2,best,c045,0.4743502934773763,-0.06529108683268231,0.004005388841809084,0.5474854509035746
-2.0,eval,random,2,best,c011,0.2099453608194987,-0.052227338155110686,0.004005388841809084,0.5474854509035746
-2.0,eval,random,2,best,c020,0.7153749465942383,-0.049643516540527344,0.004005388841809084,0.5474854509035746
-2.0,eval,random,2,best,c044,0.1469271977742513,-0.07143179575602213,0.004005388841809084,0.5474854509035746
-2.0,eval,random,2,best,c016,0.5385808944702148,-0.03058338165283203,0.004005388841809084,0.5474854509035746
-2.0,eval,random,2,best,c056,-0.10778077443440755,-0.05486520131429036,0.004005388841809084,0.5474854509035746
-2.0,eval,random,2,best,c025,0.20298449198404947,-0.024518330891927093,0.004005388841809084,0.5474854509035746
-2.0,eval,random,2,best,c029,0.18215497334798178,0.015275319417317718,0.004005388841809084,0.5474854509035746
-2.0,eval,random,2,best,c014,0.2880407969156901,-0.058492024739583315,0.004005388841809084,0.5474854509035746
-2.0,eval,random,2,best,c002,0.46872742970784503,-0.02406660715738934,0.004005388841809084,0.5474854509035746
-2.0,eval,random,2,best,c023,0.8114217122395834,-0.008437792460123661,0.004005388841809084,0.5474854509035746
-2.0,eval,random,2,best,c046,0.10406875610351562,-0.022569656372070312,0.004005388841809084,0.5474854509035746
-2.0,eval,random,2,best,c022,0.3141530354817708,-0.013733545939127623,0.004005388841809084,0.5474854509035746
-2.0,eval,random,2,best,c050,0.8765093485514323,-0.06935246785481775,0.004005388841809084,0.5474854509035746
-1.0,eval,d,2,best,c006,0.9675741195678711,-0.04565620422363281,0.0009452294325456023,0.5321738123893738
-1.0,eval,d,2,best,c017,0.5967206954956055,-0.029030799865722656,0.0009452294325456023,0.5321738123893738
-1.0,eval,d,2,best,c039,0.6303634643554688,-0.07126045227050781,0.0009452294325456023,0.5321738123893738
-1.0,eval,d,2,best,c036,0.2146444320678711,-0.048076629638671875,0.0009452294325456023,0.5321738123893738
-1.0,eval,d,2,best,c009,-0.10317325592041016,-0.0451202392578125,0.0009452294325456023,0.5321738123893738
-1.0,eval,d,2,best,c000,0.5576457977294922,-0.03124713897705078,0.0009452294325456023,0.5321738123893738
-1.0,eval,d,2,best,c013,1.5935955047607422,-0.06984615325927734,0.0009452294325456023,0.5321738123893738
-1.0,eval,d,2,best,c049,0.5672807693481445,-0.04422569274902344,0.0009452294325456023,0.5321738123893738
-1.0,eval,d,2,best,c058,0.5196809768676758,-0.0677652359008789,0.0009452294325456023,0.5321738123893738
-1.0,eval,d,2,best,c024,0.12842845916748047,-0.022177696228027344,0.0009452294325456023,0.5321738123893738
-1.0,eval,d,2,best,c042,0.9064216613769531,-0.014440536499023438,0.0009452294325456023,0.5321738123893738
-1.0,eval,d,2,best,c047,0.40241432189941406,-0.023039817810058594,0.0009452294325456023,0.5321738123893738
-1.0,eval,d,2,best,c043,-0.7012119293212891,0.033535003662109375,0.0009452294325456023,0.5321738123893738
-1.0,eval,d,2,best,c003,0.6309919357299805,-0.07262039184570312,0.0009452294325456023,0.5321738123893738
-1.0,eval,d,2,best,c041,0.7329235076904297,-0.015600204467773438,0.0009452294325456023,0.5321738123893738
-1.0,eval,d,2,best,c008,-0.056199073791503906,0.012865066528320312,0.0009452294325456023,0.5321738123893738
-1.0,eval,d,2,best,c045,1.8108930587768555,-0.044239044189453125,0.0009452294325456023,0.5321738123893738
-1.0,eval,d,2,best,c011,0.8524103164672852,-0.057776451110839844,0.0009452294325456023,0.5321738123893738
-1.0,eval,d,2,best,c020,1.762263298034668,-0.06196784973144531,0.0009452294325456023,0.5321738123893738
-1.0,eval,d,2,best,c044,1.9672555923461914,-0.026029586791992188,0.0009452294325456023,0.5321738123893738
-1.0,eval,d,2,best,c016,0.5708017349243164,-0.06731796264648438,0.0009452294325456023,0.5321738123893738
-1.0,eval,d,2,best,c056,0.7591791152954102,-0.04090690612792969,0.0009452294325456023,0.5321738123893738
-1.0,eval,d,2,best,c025,0.14632701873779297,-0.01238250732421875,0.0009452294325456023,0.5321738123893738
-1.0,eval,d,2,best,c029,0.30459117889404297,-0.035576820373535156,0.0009452294325456023,0.5321738123893738
-1.0,eval,d,2,best,c014,0.37818050384521484,-0.01968860626220703,0.0009452294325456023,0.5321738123893738
-1.0,eval,d,2,best,c002,0.4753122329711914,-0.03918647766113281,0.0009452294325456023,0.5321738123893738
-1.0,eval,d,2,best,c023,0.5554475784301758,-0.015620231628417969,0.0009452294325456023,0.5321738123893738
-1.0,eval,d,2,best,c046,0.45559024810791016,-0.17089271545410156,0.0009452294325456023,0.5321738123893738
-1.0,eval,d,2,best,c022,0.17888259887695312,-0.03565216064453125,0.0009452294325456023,0.5321738123893738
-1.0,eval,d,2,best,c050,1.089920997619629,-0.024965286254882812,0.0009452294325456023,0.5321738123893738
-1.0,eval,d,2,best,c006,1.1322050094604492,-0.050866127014160156,0.0009452294325456023,0.5321738123893738
-1.0,eval,d,2,best,c017,0.8372602462768555,-0.04297447204589844,0.0009452294325456023,0.5321738123893738
-1.0,eval,d,2,best,c039,0.22370243072509766,-0.04774284362792969,0.0009452294325456023,0.5321738123893738
-1.0,eval,d,2,best,c036,0.5961446762084961,-0.039691925048828125,0.0009452294325456023,0.5321738123893738
-1.0,eval,d,2,best,c009,0.9581708908081055,-0.015263557434082031,0.0009452294325456023,0.5321738123893738
-1.0,eval,d,2,best,c000,0.5664424896240234,-0.05159950256347656,0.0009452294325456023,0.5321738123893738
-1.0,eval,d,2,best,c013,0.6797122955322266,-0.0556640625,0.0009452294325456023,0.5321738123893738
-1.0,eval,d,2,best,c049,-0.08738327026367188,-0.036914825439453125,0.0009452294325456023,0.5321738123893738
-1.0,eval,d,2,best,c058,0.5473423004150391,-0.10862541198730469,0.0009452294325456023,0.5321738123893738
-1.0,eval,d,2,best,c024,0.24228954315185547,-0.009779930114746094,0.0009452294325456023,0.5321738123893738
-1.0,eval,d,2,best,c042,0.14114093780517578,-0.04267597198486328,0.0009452294325456023,0.5321738123893738
-1.0,eval,d,2,best,c047,0.6551351547241211,-0.048102378845214844,0.0009452294325456023,0.5321738123893738
-1.0,eval,d,2,best,c043,0.0888528823852539,0.033377647399902344,0.0009452294325456023,0.5321738123893738
-1.0,eval,d,2,best,c003,0.47107696533203125,-0.024068832397460938,0.0009452294325456023,0.5321738123893738
-1.0,eval,d,2,best,c041,0.23438644409179688,0.00685882568359375,0.0009452294325456023,0.5321738123893738
-1.0,eval,d,2,best,c008,0.2928791046142578,-0.04486560821533203,0.0009452294325456023,0.5321738123893738
-1.0,eval,d,2,best,c045,0.48746299743652344,-0.052178382873535156,0.0009452294325456023,0.5321738123893738
-1.0,eval,d,2,best,c011,0.24515724182128906,-0.017015457153320312,0.0009452294325456023,0.5321738123893738
-1.0,eval,d,2,best,c020,0.7297048568725586,-0.03531360626220703,0.0009452294325456023,0.5321738123893738
-1.0,eval,d,2,best,c044,0.18356037139892578,-0.034798622131347656,0.0009452294325456023,0.5321738123893738
-1.0,eval,d,2,best,c016,0.5197811126708984,-0.04938316345214844,0.0009452294325456023,0.5321738123893738
-1.0,eval,d,2,best,c056,-0.07910442352294922,-0.02618885040283203,0.0009452294325456023,0.5321738123893738
-1.0,eval,d,2,best,c025,0.15744495391845703,-0.07005786895751953,0.0009452294325456023,0.5321738123893738
-1.0,eval,d,2,best,c029,0.1386871337890625,-0.028192520141601562,0.0009452294325456023,0.5321738123893738
-1.0,eval,d,2,best,c014,0.2968778610229492,-0.04965496063232422,0.0009452294325456023,0.5321738123893738
-1.0,eval,d,2,best,c002,0.4618406295776367,-0.030953407287597656,0.0009452294325456023,0.5321738123893738
-1.0,eval,d,2,best,c023,0.7553491592407227,-0.06451034545898438,0.0009452294325456023,0.5321738123893738
-1.0,eval,d,2,best,c046,0.1287059783935547,0.00206756591796875,0.0009452294325456023,0.5321738123893738
-1.0,eval,d,2,best,c022,0.3186511993408203,-0.009235382080078125,0.0009452294325456023,0.5321738123893738
-1.0,eval,d,2,best,c050,0.8978404998779297,-0.04802131652832031,0.0009452294325456023,0.5321738123893738
-1.0,deploy,d,2,best,c006,0.3218526840209961,-0.024353981018066406,0.00026191864162683487,0.3403988480567932
-1.0,deploy,d,2,best,c017,-0.185791015625,0.005681037902832031,0.00026191864162683487,0.3403988480567932
-1.0,deploy,d,2,best,c039,-0.2119894027709961,0.017640113830566406,0.00026191864162683487,0.3403988480567932
-1.0,deploy,d,2,best,c036,-0.03720855712890625,-0.050835609436035156,0.00026191864162683487,0.3403988480567932
-1.0,deploy,d,2,best,c009,-0.35568714141845703,0.019502639770507812,0.00026191864162683487,0.3403988480567932
-1.0,deploy,d,2,best,c000,-0.2387247085571289,0.022988319396972656,0.00026191864162683487,0.3403988480567932
-1.0,deploy,d,2,best,c013,0.2945833206176758,-0.02094745635986328,0.00026191864162683487,0.3403988480567932
-1.0,deploy,d,2,best,c049,-0.3603839874267578,0.0037469863891601562,0.00026191864162683487,0.3403988480567932
-1.0,deploy,d,2,best,c058,-0.30074119567871094,0.024178504943847656,0.00026191864162683487,0.3403988480567932
-1.0,deploy,d,2,best,c024,-0.3563671112060547,0.023618698120117188,0.00026191864162683487,0.3403988480567932
-1.0,deploy,d,2,best,c042,-0.29822349548339844,-0.000438690185546875,0.00026191864162683487,0.3403988480567932
-1.0,deploy,d,2,best,c047,0.15948963165283203,-0.026663780212402344,0.00026191864162683487,0.3403988480567932
-1.0,deploy,d,2,best,c043,-0.6605281829833984,0.043951988220214844,0.00026191864162683487,0.3403988480567932
-1.0,deploy,d,2,best,c003,-0.12232017517089844,0.0019245147705078125,0.00026191864162683487,0.3403988480567932
-1.0,deploy,d,2,best,c041,-0.7588462829589844,0.047516822814941406,0.00026191864162683487,0.3403988480567932
-1.0,deploy,d,2,best,c008,-0.287445068359375,0.012642860412597656,0.00026191864162683487,0.3403988480567932
-1.0,deploy,d,2,best,c045,-0.38013648986816406,0.015822410583496094,0.00026191864162683487,0.3403988480567932
-1.0,deploy,d,2,best,c011,0.11914443969726562,0.0030193328857421875,0.00026191864162683487,0.3403988480567932
-1.0,deploy,d,2,best,c020,-0.3410758972167969,0.042484283447265625,0.00026191864162683487,0.3403988480567932
-1.0,deploy,d,2,best,c044,-0.29154300689697266,0.014312744140625,0.00026191864162683487,0.3403988480567932
-1.0,deploy,d,2,best,c016,-0.21039772033691406,-0.00121307373046875,0.00026191864162683487,0.3403988480567932
-1.0,deploy,d,2,best,c056,-0.11202335357666016,-0.03052234649658203,0.00026191864162683487,0.3403988480567932
-1.0,deploy,d,2,best,c025,-0.23125934600830078,0.008379936218261719,0.00026191864162683487,0.3403988480567932
-1.0,deploy,d,2,best,c029,-0.7036571502685547,0.02572345733642578,0.00026191864162683487,0.3403988480567932
-1.0,deploy,d,2,best,c014,0.2631416320800781,-0.0631399154663086,0.00026191864162683487,0.3403988480567932
-1.0,deploy,d,2,best,c002,-0.25101566314697266,0.0043125152587890625,0.00026191864162683487,0.3403988480567932
-1.0,deploy,d,2,best,c023,-0.12820816040039062,0.01902484893798828,0.00026191864162683487,0.3403988480567932
-1.0,deploy,d,2,best,c046,-0.6647958755493164,0.05870819091796875,0.00026191864162683487,0.3403988480567932
-1.0,deploy,d,2,best,c022,0.03868389129638672,-0.016572952270507812,0.00026191864162683487,0.3403988480567932
-1.0,deploy,d,2,best,c050,-0.0466156005859375,-0.015676498413085938,0.00026191864162683487,0.3403988480567932
-1.0,deploy,d,2,best,c006,0.06428909301757812,-0.008538246154785156,0.00026191864162683487,0.3403988480567932
-1.0,deploy,d,2,best,c017,0.09586906433105469,-0.0064678192138671875,0.00026191864162683487,0.3403988480567932
-1.0,deploy,d,2,best,c039,-0.285125732421875,0.06708431243896484,0.00026191864162683487,0.3403988480567932
-1.0,deploy,d,2,best,c036,-0.2720928192138672,-0.01993083953857422,0.00026191864162683487,0.3403988480567932
-1.0,deploy,d,2,best,c009,-0.13555049896240234,-0.05501556396484375,0.00026191864162683487,0.3403988480567932
-1.0,deploy,d,2,best,c000,-0.3335103988647461,0.0021514892578125,0.00026191864162683487,0.3403988480567932
-1.0,deploy,d,2,best,c013,0.3509340286254883,-0.02040576934814453,0.00026191864162683487,0.3403988480567932
-1.0,deploy,d,2,best,c049,-0.7098140716552734,0.07321929931640625,0.00026191864162683487,0.3403988480567932
-1.0,deploy,d,2,best,c058,-0.371185302734375,0.029189109802246094,0.00026191864162683487,0.3403988480567932
-1.0,deploy,d,2,best,c024,-0.07906341552734375,0.002994537353515625,0.00026191864162683487,0.3403988480567932
-1.0,deploy,d,2,best,c042,-0.4709148406982422,0.038414955139160156,0.00026191864162683487,0.3403988480567932
-1.0,deploy,d,2,best,c047,0.03809165954589844,-0.03262901306152344,0.00026191864162683487,0.3403988480567932
-1.0,deploy,d,2,best,c043,-1.123382568359375,0.09331512451171875,0.00026191864162683487,0.3403988480567932
-1.0,deploy,d,2,best,c003,-0.1736440658569336,0.010115623474121094,0.00026191864162683487,0.3403988480567932
-1.0,deploy,d,2,best,c041,-0.1727437973022461,0.023693084716796875,0.00026191864162683487,0.3403988480567932
-1.0,deploy,d,2,best,c008,-0.6520557403564453,0.045680999755859375,0.00026191864162683487,0.3403988480567932
-1.0,deploy,d,2,best,c045,-0.7120895385742188,0.06071758270263672,0.00026191864162683487,0.3403988480567932
-1.0,deploy,d,2,best,c011,0.18732643127441406,-0.02152252197265625,0.00026191864162683487,0.3403988480567932
-1.0,deploy,d,2,best,c020,-0.2147359848022461,0.009177207946777344,0.00026191864162683487,0.3403988480567932
-1.0,deploy,d,2,best,c044,-0.1710186004638672,0.01679229736328125,0.00026191864162683487,0.3403988480567932
-1.0,deploy,d,2,best,c016,0.1862659454345703,-0.012446403503417969,0.00026191864162683487,0.3403988480567932
-1.0,deploy,d,2,best,c056,-0.03593921661376953,-0.0016002655029296875,0.00026191864162683487,0.3403988480567932
-1.0,deploy,d,2,best,c025,-0.026111602783203125,-0.01852893829345703,0.00026191864162683487,0.3403988480567932
-1.0,deploy,d,2,best,c029,-0.4218759536743164,-0.0069789886474609375,0.00026191864162683487,0.3403988480567932
-1.0,deploy,d,2,best,c014,-0.3246574401855469,-0.03472709655761719,0.00026191864162683487,0.3403988480567932
-1.0,deploy,d,2,best,c002,-0.44730186462402344,0.015720367431640625,0.00026191864162683487,0.3403988480567932
-1.0,deploy,d,2,best,c023,-0.15019702911376953,0.031080245971679688,0.00026191864162683487,0.3403988480567932
-1.0,deploy,d,2,best,c046,-0.3279304504394531,0.029836654663085938,0.00026191864162683487,0.3403988480567932
-1.0,deploy,d,2,best,c022,-0.4421100616455078,0.034481048583984375,0.00026191864162683487,0.3403988480567932
-1.0,deploy,d,2,best,c050,-0.4562969207763672,0.02340221405029297,0.00026191864162683487,0.3403988480567932
-1.0,eval,random,2,best,c006,0.9908603032430013,-0.022370020548502567,0.000947504061817502,0.546752134958903
-1.0,eval,random,2,best,c017,0.604522705078125,-0.021228790283203125,0.000947504061817502,0.546752134958903
-1.0,eval,random,2,best,c039,0.6990687052408854,-0.002555211385091183,0.000947504061817502,0.546752134958903
-1.0,eval,random,2,best,c036,0.2424624760945638,-0.020258585611979157,0.000947504061817502,0.546752134958903
-1.0,eval,random,2,best,c009,-0.07392692565917969,-0.01587390899658203,0.000947504061817502,0.546752134958903
-1.0,eval,random,2,best,c000,0.5669657389322916,-0.02192719777425134,0.000947504061817502,0.546752134958903
-1.0,eval,random,2,best,c013,1.624074935913086,-0.039366722106933594,0.000947504061817502,0.546752134958903
-1.0,eval,random,2,best,c049,0.5816497802734375,-0.02985668182373047,0.000947504061817502,0.546752134958903
-1.0,eval,random,2,best,c058,0.5965423583984375,0.009096145629882812,0.000947504061817502,0.546752134958903
-1.0,eval,random,2,best,c024,0.13133557637532553,-0.019270579020182282,0.000947504061817502,0.546752134958903
-1.0,eval,random,2,best,c042,0.9067646662394205,-0.014097531636556027,0.000947504061817502,0.546752134958903
-1.0,eval,random,2,best,c047,0.41473134358723956,-0.010722796122233091,0.000947504061817502,0.546752134958903
-1.0,eval,random,2,best,c043,-0.7593231201171875,-0.024576187133789062,0.000947504061817502,0.546752134958903
-1.0,eval,random,2,best,c003,0.6783889134724935,-0.025223414103190067,0.000947504061817502,0.546752134958903
-1.0,eval,random,2,best,c041,0.7394399642944336,-0.009083747863769531,0.000947504061817502,0.546752134958903
-1.0,eval,random,2,best,c008,-0.08107821146647136,-0.01201407114664714,0.000947504061817502,0.546752134958903
-1.0,eval,random,2,best,c045,1.8261162439982097,-0.029015858968098884,0.000947504061817502,0.546752134958903
-1.0,eval,random,2,best,c011,0.8776858647664388,-0.03250090281168616,0.000947504061817502,0.546752134958903
-1.0,eval,random,2,best,c020,1.8060620625813801,-0.018169085184733147,0.000947504061817502,0.546752134958903
-1.0,eval,random,2,best,c044,1.960568110148112,-0.03271706899007154,0.000947504061817502,0.546752134958903
-1.0,eval,random,2,best,c016,0.6095921198527018,-0.028527577718098995,0.000947504061817502,0.546752134958903
-1.0,eval,random,2,best,c056,0.7626829147338867,-0.037403106689453125,0.000947504061817502,0.546752134958903
-1.0,eval,random,2,best,c025,0.13634141286214194,-0.022368113199869782,0.000947504061817502,0.546752134958903
-1.0,eval,random,2,best,c029,0.3309733072916667,-0.00919469197591144,0.000947504061817502,0.546752134958903
-1.0,eval,random,2,best,c014,0.3550710678100586,-0.04279804229736328,0.000947504061817502,0.546752134958903
-1.0,eval,random,2,best,c002,0.4961996078491211,-0.018299102783203125,0.000947504061817502,0.546752134958903
-1.0,eval,random,2,best,c023,0.559930165608724,-0.011137644449869755,0.000947504061817502,0.546752134958903
-1.0,eval,random,2,best,c046,0.6024751663208008,-0.024007797241210938,0.000947504061817502,0.546752134958903
-1.0,eval,random,2,best,c022,0.20133241017659506,-0.013202349344889314,0.000947504061817502,0.546752134958903
-1.0,eval,random,2,best,c050,1.0786218643188477,-0.03626441955566406,0.000947504061817502,0.546752134958903
-1.0,eval,random,2,best,c006,1.1659437815348308,-0.017127354939778572,0.000947504061817502,0.546752134958903
-1.0,eval,random,2,best,c017,0.8605740865071615,-0.01966063181559241,0.000947504061817502,0.546752134958903
-1.0,eval,random,2,best,c039,0.27362314860026044,0.0021778742472330914,0.000947504061817502,0.546752134958903
-1.0,eval,random,2,best,c036,0.6209850311279297,-0.014851570129394531,0.000947504061817502,0.546752134958903
-1.0,eval,random,2,best,c009,0.9478581746419271,-0.02557627360026038,0.000947504061817502,0.546752134958903
-1.0,eval,random,2,best,c000,0.593015988667806,-0.025026003519693973,0.000947504061817502,0.546752134958903
-1.0,eval,random,2,best,c013,0.7002220153808594,-0.03515434265136719,0.000947504061817502,0.546752134958903
-1.0,eval,random,2,best,c049,-0.053726514180501304,-0.0032580693562825544,0.000947504061817502,0.546752134958903
-1.0,eval,random,2,best,c058,0.6548347473144531,-0.001132965087890625,0.000947504061817502,0.546752134958903
-1.0,eval,random,2,best,c024,0.24851417541503906,-0.0035552978515625,0.000947504061817502,0.546752134958903
-1.0,eval,random,2,best,c042,0.1575352350870768,-0.02628167470296225,0.000947504061817502,0.546752134958903
-1.0,eval,random,2,best,c047,0.6874523162841797,-0.01578521728515625,0.000947504061817502,0.546752134958903
-1.0,eval,random,2,best,c043,0.03947798411051432,-0.015997250874837242,0.000947504061817502,0.546752134958903
-1.0,eval,random,2,best,c003,0.46935367584228516,-0.02579212188720703,0.000947504061817502,0.546752134958903
-1.0,eval,random,2,best,c041,0.21266937255859375,-0.014858245849609375,0.000947504061817502,0.546752134958903
-1.0,eval,random,2,best,c008,0.3337395985921224,-0.004005114237467466,0.000947504061817502,0.546752134958903
-1.0,eval,random,2,best,c045,0.5089371999104818,-0.030704180399576786,0.000947504061817502,0.546752134958903
-1.0,eval,random,2,best,c011,0.23610591888427734,-0.02606678009033203,0.000947504061817502,0.546752134958903
-1.0,eval,random,2,best,c020,0.7397950490315756,-0.025223414103190067,0.000947504061817502,0.546752134958903
-1.0,eval,random,2,best,c044,0.18433316548665366,-0.03402582804361978,0.000947504061817502,0.546752134958903
-1.0,eval,random,2,best,c016,0.5552072525024414,-0.013957023620605469,0.000947504061817502,0.546752134958903
-1.0,eval,random,2,best,c056,-0.0798330307006836,-0.026917457580566406,0.000947504061817502,0.546752134958903
-1.0,eval,random,2,best,c025,0.21516545613606772,-0.012337366739908845,0.000947504061817502,0.546752134958903
-1.0,eval,random,2,best,c029,0.17374610900878906,0.006866455078125,0.000947504061817502,0.546752134958903
-1.0,eval,random,2,best,c014,0.3184394836425781,-0.028093338012695312,0.000947504061817502,0.546752134958903
-1.0,eval,random,2,best,c002,0.4814271926879883,-0.011366844177246094,0.000947504061817502,0.546752134958903
-1.0,eval,random,2,best,c023,0.8169822692871094,-0.0028772354125976562,0.000947504061817502,0.546752134958903
-1.0,eval,random,2,best,c046,0.11533037821451823,-0.011308034261067704,0.000947504061817502,0.546752134958903
-1.0,eval,random,2,best,c022,0.3203004201253255,-0.007586161295572935,0.000947504061817502,0.546752134958903
-1.0,eval,random,2,best,c050,0.9145081837972006,-0.03135363260904944,0.000947504061817502,0.546752134958903
-0.5,eval,d,2,best,c006,0.9916591644287109,-0.02157115936279297,0.00023866447736509144,0.5388258099555969
-0.5,eval,d,2,best,c017,0.6113119125366211,-0.014439582824707031,0.00023866447736509144,0.5388258099555969
-0.5,eval,d,2,best,c039,0.6679239273071289,-0.033699989318847656,0.00023866447736509144,0.5388258099555969
-0.5,eval,d,2,best,c036,0.2386941909790039,-0.024026870727539062,0.00023866447736509144,0.5388258099555969
-0.5,eval,d,2,best,c009,-0.07985591888427734,-0.021802902221679688,0.00023866447736509144,0.5388258099555969
-0.5,eval,d,2,best,c000,0.5741672515869141,-0.014725685119628906,0.00023866447736509144,0.5388258099555969
-0.5,eval,d,2,best,c013,1.6291465759277344,-0.034295082092285156,0.00023866447736509144,0.5388258099555969
-0.5,eval,d,2,best,c049,0.5893697738647461,-0.022136688232421875,0.00023866447736509144,0.5388258099555969
-0.5,eval,d,2,best,c058,0.5531978607177734,-0.03424835205078125,0.00023866447736509144,0.5388258099555969
-0.5,eval,d,2,best,c024,0.139404296875,-0.011201858520507812,0.00023866447736509144,0.5388258099555969
-0.5,eval,d,2,best,c042,0.9150886535644531,-0.0057735443115234375,0.00023866447736509144,0.5388258099555969
-0.5,eval,d,2,best,c047,0.4146585464477539,-0.01079559326171875,0.00023866447736509144,0.5388258099555969
-0.5,eval,d,2,best,c043,-0.7168235778808594,0.017923355102539062,0.00023866447736509144,0.5388258099555969
-0.5,eval,d,2,best,c003,0.6681251525878906,-0.03548717498779297,0.00023866447736509144,0.5388258099555969
-0.5,eval,d,2,best,c041,0.7417144775390625,-0.006809234619140625,0.00023866447736509144,0.5388258099555969
-0.5,eval,d,2,best,c008,-0.061339378356933594,0.007724761962890625,0.00023866447736509144,0.5388258099555969
-0.5,eval,d,2,best,c045,1.8324432373046875,-0.022688865661621094,0.00023866447736509144,0.5388258099555969
-0.5,eval,d,2,best,c011,0.8815536499023438,-0.02863311767578125,0.00023866447736509144,0.5388258099555969
-0.5,eval,d,2,best,c020,1.7924814224243164,-0.031749725341796875,0.00023866447736509144,0.5388258099555969
-0.5,eval,d,2,best,c044,1.9810705184936523,-0.01221466064453125,0.00023866447736509144,0.5388258099555969
-0.5,eval,d,2,best,c016,0.6042156219482422,-0.033904075622558594,0.00023866447736509144,0.5388258099555969
-0.5,eval,d,2,best,c056,0.7798137664794922,-0.020272254943847656,0.00023866447736509144,0.5388258099555969
-0.5,eval,d,2,best,c025,0.15278244018554688,-0.005927085876464844,0.00023866447736509144,0.5388258099555969
-0.5,eval,d,2,best,c029,0.32419681549072266,-0.01597118377685547,0.00023866447736509144,0.5388258099555969
-0.5,eval,d,2,best,c014,0.39033031463623047,-0.007538795471191406,0.00023866447736509144,0.5388258099555969
-0.5,eval,d,2,best,c002,0.4950752258300781,-0.019423484802246094,0.00023866447736509144,0.5388258099555969
-0.5,eval,d,2,best,c023,0.5640735626220703,-0.0069942474365234375,0.00023866447736509144,0.5388258099555969
-0.5,eval,d,2,best,c046,0.5386972427368164,-0.08778572082519531,0.00023866447736509144,0.5388258099555969
-0.5,eval,d,2,best,c022,0.19597721099853516,-0.01855754852294922,0.00023866447736509144,0.5388258099555969
-0.5,eval,d,2,best,c050,1.103118896484375,-0.011767387390136719,0.00023866447736509144,0.5388258099555969
-0.5,eval,d,2,best,c006,1.158585548400879,-0.02448558807373047,0.00023866447736509144,0.5388258099555969
-0.5,eval,d,2,best,c017,0.8587074279785156,-0.02152729034423828,0.00023866447736509144,0.5388258099555969
-0.5,eval,d,2,best,c039,0.24970626831054688,-0.02173900604248047,0.00023866447736509144,0.5388258099555969
-0.5,eval,d,2,best,c036,0.6172924041748047,-0.01854419708251953,0.00023866447736509144,0.5388258099555969
-0.5,eval,d,2,best,c009,0.9693689346313477,-0.004065513610839844,0.00023866447736509144,0.5388258099555969
-0.5,eval,d,2,best,c000,0.592742919921875,-0.025299072265625,0.00023866447736509144,0.5388258099555969
-0.5,eval,d,2,best,c013,0.7084197998046875,-0.026956558227539062,0.00023866447736509144,0.5388258099555969
-0.5,eval,d,2,best,c049,-0.0684823989868164,-0.018013954162597656,0.00023866447736509144,0.5388258099555969
-0.5,eval,d,2,best,c058,0.6009674072265625,-0.05500030517578125,0.00023866447736509144,0.5388258099555969
-0.5,eval,d,2,best,c024,0.24821853637695312,-0.0038509368896484375,0.00023866447736509144,0.5388258099555969
-0.5,eval,d,2,best,c042,0.16281986236572266,-0.020997047424316406,0.00023866447736509144,0.5388258099555969
-0.5,eval,d,2,best,c047,0.6793975830078125,-0.023839950561523438,0.00023866447736509144,0.5388258099555969
-0.5,eval,d,2,best,c043,0.07390785217285156,0.0184326171875,0.00023866447736509144,0.5388258099555969
-0.5,eval,d,2,best,c003,0.48507118225097656,-0.010074615478515625,0.00023866447736509144,0.5388258099555969
-0.5,eval,d,2,best,c041,0.2308826446533203,0.0033550262451171875,0.00023866447736509144,0.5388258099555969
-0.5,eval,d,2,best,c008,0.31575870513916016,-0.021986007690429688,0.00023866447736509144,0.5388258099555969
-0.5,eval,d,2,best,c045,0.5136260986328125,-0.026015281677246094,0.00023866447736509144,0.5388258099555969
-0.5,eval,d,2,best,c011,0.2546653747558594,-0.00750732421875,0.00023866447736509144,0.5388258099555969
-0.5,eval,d,2,best,c020,0.7475252151489258,-0.017493247985839844,0.00023866447736509144,0.5388258099555969
-0.5,eval,d,2,best,c044,0.202545166015625,-0.015813827514648438,0.00023866447736509144,0.5388258099555969
-0.5,eval,d,2,best,c016,0.5448980331420898,-0.02426624298095703,0.00023866447736509144,0.5388258099555969
-0.5,eval,d,2,best,c056,-0.06614494323730469,-0.0132293701171875,0.00023866447736509144,0.5388258099555969
-0.5,eval,d,2,best,c025,0.19179630279541016,-0.035706520080566406,0.00023866447736509144,0.5388258099555969
-0.5,eval,d,2,best,c029,0.1524333953857422,-0.014446258544921875,0.00023866447736509144,0.5388258099555969
-0.5,eval,d,2,best,c014,0.3225269317626953,-0.024005889892578125,0.00023866447736509144,0.5388258099555969
-0.5,eval,d,2,best,c002,0.4777708053588867,-0.015023231506347656,0.00023866447736509144,0.5388258099555969
-0.5,eval,d,2,best,c023,0.7872209548950195,-0.0326385498046875,0.00023866447736509144,0.5388258099555969
-0.5,eval,d,2,best,c046,0.12704181671142578,0.00040340423583984375,0.00023866447736509144,0.5388258099555969
-0.5,eval,d,2,best,c022,0.3222484588623047,-0.00563812255859375,0.00023866447736509144,0.5388258099555969
-0.5,eval,d,2,best,c050,0.9232940673828125,-0.0225677490234375,0.00023866447736509144,0.5388258099555969
-0.5,deploy,d,2,best,c006,0.33545780181884766,-0.010748863220214844,6.26721594016999e-05,0.3448586165904999
-0.5,deploy,d,2,best,c017,-0.18694114685058594,0.004530906677246094,6.26721594016999e-05,0.3448586165904999
-0.5,deploy,d,2,best,c039,-0.2186565399169922,0.010972976684570312,6.26721594016999e-05,0.3448586165904999
-0.5,deploy,d,2,best,c036,-0.010883331298828125,-0.02451038360595703,6.26721594016999e-05,0.3448586165904999
-0.5,deploy,d,2,best,c009,-0.3636894226074219,0.011500358581542969,6.26721594016999e-05,0.3448586165904999
-0.5,deploy,d,2,best,c000,-0.24948787689208984,0.012225151062011719,6.26721594016999e-05,0.3448586165904999
-0.5,deploy,d,2,best,c013,0.3074636459350586,-0.008067131042480469,6.26721594016999e-05,0.3448586165904999
-0.5,deploy,d,2,best,c049,-0.3613157272338867,0.00281524658203125,6.26721594016999e-05,0.3448586165904999
-0.5,deploy,d,2,best,c058,-0.3117952346801758,0.013124465942382812,6.26721594016999e-05,0.3448586165904999
-0.5,deploy,d,2,best,c024,-0.36649227142333984,0.013493537902832031,6.26721594016999e-05,0.3448586165904999
-0.5,deploy,d,2,best,c042,-0.29695701599121094,0.000827789306640625,6.26721594016999e-05,0.3448586165904999
-0.5,deploy,d,2,best,c047,0.17489147186279297,-0.011261940002441406,6.26721594016999e-05,0.3448586165904999
-0.5,deploy,d,2,best,c043,-0.680790901184082,0.02368927001953125,6.26721594016999e-05,0.3448586165904999
-0.5,deploy,d,2,best,c003,-0.1233377456665039,0.0009069442749023438,6.26721594016999e-05,0.3448586165904999
-0.5,deploy,d,2,best,c041,-0.7807550430297852,0.025608062744140625,6.26721594016999e-05,0.3448586165904999
-0.5,deploy,d,2,best,c008,-0.29224109649658203,0.007846832275390625,6.26721594016999e-05,0.3448586165904999
-0.5,deploy,d,2,best,c045,-0.38773536682128906,0.008223533630371094,6.26721594016999e-05,0.3448586165904999
-0.5,deploy,d,2,best,c011,0.11842060089111328,0.0022954940795898438,6.26721594016999e-05,0.3448586165904999
-0.5,deploy,d,2,best,c020,-0.36144065856933594,0.022119522094726562,6.26721594016999e-05,0.3448586165904999
-0.5,deploy,d,2,best,c044,-0.29668712615966797,0.009168624877929688,6.26721594016999e-05,0.3448586165904999
-0.5,deploy,d,2,best,c016,-0.20905399322509766,0.00013065338134765625,6.26721594016999e-05,0.3448586165904999
-0.5,deploy,d,2,best,c056,-0.09622764587402344,-0.014726638793945312,6.26721594016999e-05,0.3448586165904999
-0.5,deploy,d,2,best,c025,-0.23433208465576172,0.005307197570800781,6.26721594016999e-05,0.3448586165904999
-0.5,deploy,d,2,best,c029,-0.7164478302001953,0.012932777404785156,6.26721594016999e-05,0.3448586165904999
-0.5,deploy,d,2,best,c014,0.2962179183959961,-0.030063629150390625,6.26721594016999e-05,0.3448586165904999
-0.5,deploy,d,2,best,c002,-0.2528085708618164,0.0025196075439453125,6.26721594016999e-05,0.3448586165904999
-0.5,deploy,d,2,best,c023,-0.1366720199584961,0.010560989379882812,6.26721594016999e-05,0.3448586165904999
-0.5,deploy,d,2,best,c046,-0.6932878494262695,0.030216217041015625,6.26721594016999e-05,0.3448586165904999
-0.5,deploy,d,2,best,c022,0.048323631286621094,-0.0069332122802734375,6.26721594016999e-05,0.3448586165904999
-0.5,deploy,d,2,best,c050,-0.03802299499511719,-0.007083892822265625,6.26721594016999e-05,0.3448586165904999
-0.5,deploy,d,2,best,c006,0.0698099136352539,-0.003017425537109375,6.26721594016999e-05,0.3448586165904999
-0.5,deploy,d,2,best,c017,0.10064029693603516,-0.0016965866088867188,6.26721594016999e-05,0.3448586165904999
-0.5,deploy,d,2,best,c039,-0.3168306350708008,0.03537940979003906,6.26721594016999e-05,0.3448586165904999
-0.5,deploy,d,2,best,c036,-0.2601346969604492,-0.00797271728515625,6.26721594016999e-05,0.3448586165904999
-0.5,deploy,d,2,best,c009,-0.10634136199951172,-0.025806427001953125,6.26721594016999e-05,0.3448586165904999
-0.5,deploy,d,2,best,c000,-0.3342399597167969,0.0014219284057617188,6.26721594016999e-05,0.3448586165904999
-0.5,deploy,d,2,best,c013,0.36281394958496094,-0.008525848388671875,6.26721594016999e-05,0.3448586165904999
-0.5,deploy,d,2,best,c049,-0.7445011138916016,0.038532257080078125,6.26721594016999e-05,0.3448586165904999
-0.5,deploy,d,2,best,c058,-0.3851642608642578,0.015210151672363281,6.26721594016999e-05,0.3448586165904999
-0.5,deploy,d,2,best,c024,-0.0784769058227539,0.0035810470581054688,6.26721594016999e-05,0.3448586165904999
-0.5,deploy,d,2,best,c042,-0.48789215087890625,0.021437644958496094,6.26721594016999e-05,0.3448586165904999
-0.5,deploy,d,2,best,c047,0.056586265563964844,-0.014134407043457031,6.26721594016999e-05,0.3448586165904999
-0.5,deploy,d,2,best,c043,-1.1681547164916992,0.04854297637939453,6.26721594016999e-05,0.3448586165904999
-0.5,deploy,d,2,best,c003,-0.17775917053222656,0.006000518798828125,6.26721594016999e-05,0.3448586165904999
-0.5,deploy,d,2,best,c041,-0.18361949920654297,0.0128173828125,6.26721594016999e-05,0.3448586165904999
-0.5,deploy,d,2,best,c008,-0.6747064590454102,0.02303028106689453,6.26721594016999e-05,0.3448586165904999
-0.5,deploy,d,2,best,c045,-0.7411623001098633,0.03164482116699219,6.26721594016999e-05,0.3448586165904999
-0.5,deploy,d,2,best,c011,0.19962120056152344,-0.009227752685546875,6.26721594016999e-05,0.3448586165904999
-0.5,deploy,d,2,best,c020,-0.21862506866455078,0.005288124084472656,6.26721594016999e-05,0.3448586165904999
-0.5,deploy,d,2,best,c044,-0.17733192443847656,0.010478973388671875,6.26721594016999e-05,0.3448586165904999
-0.5,deploy,d,2,best,c016,0.1936197280883789,-0.005092620849609375,6.26721594016999e-05,0.3448586165904999
-0.5,deploy,d,2,best,c056,-0.034481048583984375,-0.00014209747314453125,6.26721594016999e-05,0.3448586165904999
-0.5,deploy,d,2,best,c025,-0.015827178955078125,-0.008244514465332031,6.26721594016999e-05,0.3448586165904999
-0.5,deploy,d,2,best,c029,-0.4168109893798828,-0.0019140243530273438,6.26721594016999e-05,0.3448586165904999
-0.5,deploy,d,2,best,c014,-0.30591869354248047,-0.01598834991455078,6.26721594016999e-05,0.3448586165904999
-0.5,deploy,d,2,best,c002,-0.4547576904296875,0.008264541625976562,6.26721594016999e-05,0.3448586165904999
-0.5,deploy,d,2,best,c023,-0.16532611846923828,0.015951156616210938,6.26721594016999e-05,0.3448586165904999
-0.5,deploy,d,2,best,c046,-0.3422842025756836,0.015482902526855469,6.26721594016999e-05,0.3448586165904999
-0.5,deploy,d,2,best,c022,-0.45804691314697266,0.01854419708251953,6.26721594016999e-05,0.3448586165904999
-0.5,deploy,d,2,best,c050,-0.46724510192871094,0.012454032897949219,6.26721594016999e-05,0.3448586165904999
-0.5,eval,random,2,best,c006,1.0025485356648762,-0.010681788126627678,0.0002296134601541174,0.5459551016489664
-0.5,eval,random,2,best,c017,0.6153586705525717,-0.010392824808756473,0.0002296134601541174,0.5459551016489664
-0.5,eval,random,2,best,c039,0.7006540298461914,-0.0009698867797851562,0.0002296134601541174,0.5459551016489664
-0.5,eval,random,2,best,c036,0.25267569224039715,-0.010045369466145815,0.0002296134601541174,0.5459551016489664
-0.5,eval,random,2,best,c009,-0.06572977701822917,-0.007676760355631515,0.0002296134601541174,0.5459551016489664
-0.5,eval,random,2,best,c000,0.5782305399576823,-0.010662396748860714,0.0002296134601541174,0.5459551016489664
-0.5,eval,random,2,best,c013,1.644107182820638,-0.019334475199381584,0.0002296134601541174,0.5459551016489664
-0.5,eval,random,2,best,c049,0.5958741505940756,-0.01563231150309241,0.0002296134601541174,0.5459551016489664
-0.5,eval,random,2,best,c058,0.5919106801350912,0.004464467366536495,0.0002296134601541174,0.5459551016489664
-0.5,eval,random,2,best,c024,0.14078585306803384,-0.009820302327473968,0.0002296134601541174,0.5459551016489664
-0.5,eval,random,2,best,c042,0.9144935607910156,-0.0063686370849609375,0.0002296134601541174,0.5459551016489664
-0.5,eval,random,2,best,c047,0.4200010299682617,-0.0054531097412109375,0.0002296134601541174,0.5459551016489664
-0.5,eval,random,2,best,c043,-0.746959368387858,-0.012212435404459598,0.0002296134601541174,0.5459551016489664
-0.5,eval,random,2,best,c003,0.6914450327555338,-0.012167294820149777,0.0002296134601541174,0.5459551016489664
-0.5,eval,random,2,best,c041,0.7442817687988281,-0.004241943359375,0.0002296134601541174,0.5459551016489664
-0.5,eval,random,2,best,c008,-0.07483800252278645,-0.005773862202962235,0.0002296134601541174,0.5459551016489664
-0.5,eval,random,2,best,c045,1.8408253987630208,-0.014306704203287834,0.0002296134601541174,0.5459551016489664
-0.5,eval,random,2,best,c011,0.8947610855102539,-0.015425682067871094,0.0002296134601541174,0.5459551016489664
-0.5,eval,random,2,best,c020,1.8151305516560872,-0.009100596110026116,0.0002296134601541174,0.5459551016489664
-0.5,eval,random,2,best,c044,1.9775349299112956,-0.015750249226887947,0.0002296134601541174,0.5459551016489664
-0.5,eval,random,2,best,c016,0.6243079503377279,-0.01381174723307288,0.0002296134601541174,0.5459551016489664
-0.5,eval,random,2,best,c056,0.7814286549886068,-0.018657366434733036,0.0002296134601541174,0.5459551016489664
-0.5,eval,random,2,best,c025,0.1472469965616862,-0.01146252950032553,0.0002296134601541174,0.5459551016489664
-0.5,eval,random,2,best,c029,0.3356742858886719,-0.00449371337890625,0.0002296134601541174,0.5459551016489664
-0.5,eval,random,2,best,c014,0.3769655227661133,-0.020903587341308594,0.0002296134601541174,0.5459551016489664
-0.5,eval,random,2,best,c002,0.5056028366088867,-0.0088958740234375,0.0002296134601541174,0.5459551016489664
-0.5,eval,random,2,best,c023,0.5657990773518881,-0.005268732706705692,0.0002296134601541174,0.5459551016489664
-0.5,eval,random,2,best,c046,0.6136611302693685,-0.012821833292643192,0.0002296134601541174,0.5459551016489664
-0.5,eval,random,2,best,c022,0.2076253890991211,-0.006909370422363281,0.0002296134601541174,0.5459551016489664
-0.5,eval,random,2,best,c050,1.0978981653849285,-0.01698811848958326,0.0002296134601541174,0.5459551016489664
-0.5,eval,random,2,best,c006,1.174965540568034,-0.008105595906575447,0.0002296134601541174,0.5459551016489664
-0.5,eval,random,2,best,c017,0.8704442977905273,-0.009790420532226562,0.0002296134601541174,0.5459551016489664
-0.5,eval,random,2,best,c039,0.27298959096272785,0.0015443166097005023,0.0002296134601541174,0.5459551016489664
-0.5,eval,random,2,best,c036,0.6289307276407877,-0.006905873616536495,0.0002296134601541174,0.5459551016489664
-0.5,eval,random,2,best,c009,0.9618825912475586,-0.011551856994628906,0.0002296134601541174,0.5459551016489664
-0.5,eval,random,2,best,c000,0.6059735616048177,-0.012068430582682255,0.0002296134601541174,0.5459551016489664
-0.5,eval,random,2,best,c013,0.7183586756388346,-0.017017682393391964,0.0002296134601541174,0.5459551016489664
-0.5,eval,random,2,best,c049,-0.052216529846191406,-0.0017480850219726562,0.0002296134601541174,0.5459551016489664
-0.5,eval,random,2,best,c058,0.6559877395629883,2.002716064453125e-05,0.0002296134601541174,0.5459551016489664
-0.5,eval,random,2,best,c024,0.2505299250284831,-0.001539548238118471,0.0002296134601541174,0.5459551016489664
-0.5,eval,random,2,best,c042,0.1707614262898763,-0.013055483500162751,0.0002296134601541174,0.5459551016489664
-0.5,eval,random,2,best,c047,0.6957321166992188,-0.0075054168701171875,0.0002296134601541174,0.5459551016489664
-0.5,eval,random,2,best,c043,0.0475610097249349,-0.007914225260416664,0.0002296134601541174,0.5459551016489664
-0.5,eval,random,2,best,c003,0.48282432556152344,-0.01232147216796875,0.0002296134601541174,0.5459551016489664
-0.5,eval,random,2,best,c041,0.22041797637939453,-0.007109642028808594,0.0002296134601541174,0.5459551016489664
-0.5,eval,random,2,best,c008,0.33600934346516925,-0.0017353693644205914,0.0002296134601541174,0.5459551016489664
-0.5,eval,random,2,best,c045,0.5248142878214518,-0.014827092488606808,0.0002296134601541174,0.5459551016489664
-0.5,eval,random,2,best,c011,0.2492074966430664,-0.012965202331542969,0.0002296134601541174,0.5459551016489664
-0.5,eval,random,2,best,c020,0.7523469924926758,-0.012671470642089844,0.0002296134601541174,0.5459551016489664
-0.5,eval,random,2,best,c044,0.20191415150960287,-0.016444842020670564,0.0002296134601541174,0.5459551016489664
-0.5,eval,random,2,best,c016,0.5624755223592123,-0.006688753763834598,0.0002296134601541174,0.5459551016489664
-0.5,eval,random,2,best,c056,-0.06622250874837239,-0.013306935628255204,0.0002296134601541174,0.5459551016489664
-0.5,eval,random,2,best,c025,0.22135448455810547,-0.006148338317871094,0.0002296134601541174,0.5459551016489664
-0.5,eval,random,2,best,c029,0.1700124740600586,0.0031328201293945312,0.0002296134601541174,0.5459551016489664
-0.5,eval,random,2,best,c014,0.33285363515218097,-0.013679186503092466,0.0002296134601541174,0.5459551016489664
-0.5,eval,random,2,best,c002,0.4871981938680013,-0.005595842997233091,0.0002296134601541174,0.5459551016489664
-0.5,eval,random,2,best,c023,0.8187920252482096,-0.0010674794514974328,0.0002296134601541174,0.5459551016489664
-0.5,eval,random,2,best,c046,0.12105433146158855,-0.005584081013997391,0.0002296134601541174,0.5459551016489664
-0.5,eval,random,2,best,c022,0.32396984100341797,-0.003916740417480469,0.0002296134601541174,0.5459551016489664
-0.5,eval,random,2,best,c050,0.9310776392618815,-0.014784177144368527,0.0002296134601541174,0.5459551016489664
0.0,eval,d,2,best,c006,1.013230323791504,0.0,0.0,0.5448833703994751
0.0,eval,d,2,best,c017,0.6257514953613281,0.0,0.0,0.5448833703994751
0.0,eval,d,2,best,c039,0.7016239166259766,0.0,0.0,0.5448833703994751
0.0,eval,d,2,best,c036,0.26272106170654297,0.0,0.0,0.5448833703994751
0.0,eval,d,2,best,c009,-0.058053016662597656,0.0,0.0,0.5448833703994751
0.0,eval,d,2,best,c000,0.588892936706543,0.0,0.0,0.5448833703994751
0.0,eval,d,2,best,c013,1.6634416580200195,0.0,0.0,0.5448833703994751
0.0,eval,d,2,best,c049,0.611506462097168,0.0,0.0,0.5448833703994751
0.0,eval,d,2,best,c058,0.5874462127685547,0.0,0.0,0.5448833703994751
0.0,eval,d,2,best,c024,0.1506061553955078,0.0,0.0,0.5448833703994751
0.0,eval,d,2,best,c042,0.9208621978759766,0.0,0.0,0.5448833703994751
0.0,eval,d,2,best,c047,0.42545413970947266,0.0,0.0,0.5448833703994751
0.0,eval,d,2,best,c043,-0.7347469329833984,0.0,0.0,0.5448833703994751
0.0,eval,d,2,best,c003,0.7036123275756836,0.0,0.0,0.5448833703994751
0.0,eval,d,2,best,c041,0.7485237121582031,0.0,0.0,0.5448833703994751
0.0,eval,d,2,best,c008,-0.06906414031982422,0.0,0.0,0.5448833703994751
0.0,eval,d,2,best,c045,1.8551321029663086,0.0,0.0,0.5448833703994751
0.0,eval,d,2,best,c011,0.910186767578125,0.0,0.0,0.5448833703994751
0.0,eval,d,2,best,c020,1.8242311477661133,0.0,0.0,0.5448833703994751
0.0,eval,d,2,best,c044,1.9932851791381836,0.0,0.0,0.5448833703994751
0.0,eval,d,2,best,c016,0.6381196975708008,0.0,0.0,0.5448833703994751
0.0,eval,d,2,best,c056,0.8000860214233398,0.0,0.0,0.5448833703994751
0.0,eval,d,2,best,c025,0.15870952606201172,0.0,0.0,0.5448833703994751
0.0,eval,d,2,best,c029,0.3401679992675781,0.0,0.0,0.5448833703994751
0.0,eval,d,2,best,c014,0.3978691101074219,0.0,0.0,0.5448833703994751
0.0,eval,d,2,best,c002,0.5144987106323242,0.0,0.0,0.5448833703994751
0.0,eval,d,2,best,c023,0.5710678100585938,0.0,0.0,0.5448833703994751
0.0,eval,d,2,best,c046,0.6264829635620117,0.0,0.0,0.5448833703994751
0.0,eval,d,2,best,c022,0.21453475952148438,0.0,0.0,0.5448833703994751
0.0,eval,d,2,best,c050,1.1148862838745117,0.0,0.0,0.5448833703994751
0.0,eval,d,2,best,c006,1.1830711364746094,0.0,0.0,0.5448833703994751
0.0,eval,d,2,best,c017,0.8802347183227539,0.0,0.0,0.5448833703994751
0.0,eval,d,2,best,c039,0.27144527435302734,0.0,0.0,0.5448833703994751
0.0,eval,d,2,best,c036,0.6358366012573242,0.0,0.0,0.5448833703994751
0.0,eval,d,2,best,c009,0.9734344482421875,0.0,0.0,0.5448833703994751
0.0,eval,d,2,best,c000,0.6180419921875,0.0,0.0,0.5448833703994751
0.0,eval,d,2,best,c013,0.7353763580322266,0.0,0.0,0.5448833703994751
0.0,eval,d,2,best,c049,-0.05046844482421875,0.0,0.0,0.5448833703994751
0.0,eval,d,2,best,c058,0.6559677124023438,0.0,0.0,0.5448833703994751
0.0,eval,d,2,best,c024,0.25206947326660156,0.0,0.0,0.5448833703994751
0.0,eval,d,2,best,c042,0.18381690979003906,0.0,0.0,0.5448833703994751
0.0,eval,d,2,best,c047,0.7032375335693359,0.0,0.0,0.5448833703994751
0.0,eval,d,2,best,c043,0.05547523498535156,0.0,0.0,0.5448833703994751
0.0,eval,d,2,best,c003,0.4951457977294922,0.0,0.0,0.5448833703994751
0.0,eval,d,2,best,c041,0.22752761840820312,0.0,0.0,0.5448833703994751
0.0,eval,d,2,best,c008,0.33774471282958984,0.0,0.0,0.5448833703994751
0.0,eval,d,2,best,c045,0.5396413803100586,0.0,0.0,0.5448833703994751
0.0,eval,d,2,best,c011,0.2621726989746094,0.0,0.0,0.5448833703994751
0.0,eval,d,2,best,c020,0.7650184631347656,0.0,0.0,0.5448833703994751
0.0,eval,d,2,best,c044,0.21835899353027344,0.0,0.0,0.5448833703994751
0.0,eval,d,2,best,c016,0.5691642761230469,0.0,0.0,0.5448833703994751
0.0,eval,d,2,best,c056,-0.05291557312011719,0.0,0.0,0.5448833703994751
0.0,eval,d,2,best,c025,0.22750282287597656,0.0,0.0,0.5448833703994751
0.0,eval,d,2,best,c029,0.16687965393066406,0.0,0.0,0.5448833703994751
0.0,eval,d,2,best,c014,0.34653282165527344,0.0,0.0,0.5448833703994751
0.0,eval,d,2,best,c002,0.4927940368652344,0.0,0.0,0.5448833703994751
0.0,eval,d,2,best,c023,0.819859504699707,0.0,0.0,0.5448833703994751
0.0,eval,d,2,best,c046,0.12663841247558594,0.0,0.0,0.5448833703994751
0.0,eval,d,2,best,c022,0.32788658142089844,0.0,0.0,0.5448833703994751
0.0,eval,d,2,best,c050,0.94586181640625,0.0,0.0,0.5448833703994751
0.0,deploy,d,2,best,c006,0.3462066650390625,0.0,0.0,0.3486558496952057
0.0,deploy,d,2,best,c017,-0.19147205352783203,0.0,0.0,0.3486558496952057
0.0,deploy,d,2,best,c039,-0.2296295166015625,0.0,0.0,0.3486558496952057
0.0,deploy,d,2,best,c036,0.013627052307128906,0.0,0.0,0.3486558496952057
0.0,deploy,d,2,best,c009,-0.37518978118896484,0.0,0.0,0.3486558496952057
0.0,deploy,d,2,best,c000,-0.26171302795410156,0.0,0.0,0.3486558496952057
0.0,deploy,d,2,best,c013,0.31553077697753906,0.0,0.0,0.3486558496952057
0.0,deploy,d,2,best,c049,-0.36413097381591797,0.0,0.0,0.3486558496952057
0.0,deploy,d,2,best,c058,-0.3249197006225586,0.0,0.0,0.3486558496952057
0.0,deploy,d,2,best,c024,-0.3799858093261719,0.0,0.0,0.3486558496952057
0.0,deploy,d,2,best,c042,-0.29778480529785156,0.0,0.0,0.3486558496952057
0.0,deploy,d,2,best,c047,0.18615341186523438,0.0,0.0,0.3486558496952057
0.0,deploy,d,2,best,c043,-0.7044801712036133,0.0,0.0,0.3486558496952057
0.0,deploy,d,2,best,c003,-0.12424468994140625,0.0,0.0,0.3486558496952057
0.0,deploy,d,2,best,c041,-0.8063631057739258,0.0,0.0,0.3486558496952057
0.0,deploy,d,2,best,c008,-0.30008792877197266,0.0,0.0,0.3486558496952057
0.0,deploy,d,2,best,c045,-0.39595890045166016,0.0,0.0,0.3486558496952057
0.0,deploy,d,2,best,c011,0.11612510681152344,0.0,0.0,0.3486558496952057
0.0,deploy,d,2,best,c020,-0.3835601806640625,0.0,0.0,0.3486558496952057
0.0,deploy,d,2,best,c044,-0.30585575103759766,0.0,0.0,0.3486558496952057
0.0,deploy,d,2,best,c016,-0.2091846466064453,0.0,0.0,0.3486558496952057
0.0,deploy,d,2,best,c056,-0.08150100708007812,0.0,0.0,0.3486558496952057
0.0,deploy,d,2,best,c025,-0.2396392822265625,0.0,0.0,0.3486558496952057
0.0,deploy,d,2,best,c029,-0.7293806076049805,0.0,0.0,0.3486558496952057
0.0,deploy,d,2,best,c014,0.3262815475463867,0.0,0.0,0.3486558496952057
0.0,deploy,d,2,best,c002,-0.2553281784057617,0.0,0.0,0.3486558496952057
0.0,deploy,d,2,best,c023,-0.1472330093383789,0.0,0.0,0.3486558496952057
0.0,deploy,d,2,best,c046,-0.7235040664672852,0.0,0.0,0.3486558496952057
0.0,deploy,d,2,best,c022,0.05525684356689453,0.0,0.0,0.3486558496952057
0.0,deploy,d,2,best,c050,-0.030939102172851562,0.0,0.0,0.3486558496952057
0.0,deploy,d,2,best,c006,0.07282733917236328,0.0,0.0,0.3486558496952057
0.0,deploy,d,2,best,c017,0.10233688354492188,0.0,0.0,0.3486558496952057
0.0,deploy,d,2,best,c039,-0.35221004486083984,0.0,0.0,0.3486558496952057
0.0,deploy,d,2,best,c036,-0.25216197967529297,0.0,0.0,0.3486558496952057
0.0,deploy,d,2,best,c009,-0.0805349349975586,0.0,0.0,0.3486558496952057
0.0,deploy,d,2,best,c000,-0.3356618881225586,0.0,0.0,0.3486558496952057
0.0,deploy,d,2,best,c013,0.3713397979736328,0.0,0.0,0.3486558496952057
0.0,deploy,d,2,best,c049,-0.7830333709716797,0.0,0.0,0.3486558496952057
0.0,deploy,d,2,best,c058,-0.4003744125366211,0.0,0.0,0.3486558496952057
0.0,deploy,d,2,best,c024,-0.08205795288085938,0.0,0.0,0.3486558496952057
0.0,deploy,d,2,best,c042,-0.5093297958374023,0.0,0.0,0.3486558496952057
0.0,deploy,d,2,best,c047,0.07072067260742188,0.0,0.0,0.3486558496952057
0.0,deploy,d,2,best,c043,-1.2166976928710938,0.0,0.0,0.3486558496952057
0.0,deploy,d,2,best,c003,-0.1837596893310547,0.0,0.0,0.3486558496952057
0.0,deploy,d,2,best,c041,-0.19643688201904297,0.0,0.0,0.3486558496952057
0.0,deploy,d,2,best,c008,-0.6977367401123047,0.0,0.0,0.3486558496952057
0.0,deploy,d,2,best,c045,-0.7728071212768555,0.0,0.0,0.3486558496952057
0.0,deploy,d,2,best,c011,0.2088489532470703,0.0,0.0,0.3486558496952057
0.0,deploy,d,2,best,c020,-0.22391319274902344,0.0,0.0,0.3486558496952057
0.0,deploy,d,2,best,c044,-0.18781089782714844,0.0,0.0,0.3486558496952057
0.0,deploy,d,2,best,c016,0.19871234893798828,0.0,0.0,0.3486558496952057
0.0,deploy,d,2,best,c056,-0.034338951110839844,0.0,0.0,0.3486558496952057
0.0,deploy,d,2,best,c025,-0.007582664489746094,0.0,0.0,0.3486558496952057
0.0,deploy,d,2,best,c029,-0.41489696502685547,0.0,0.0,0.3486558496952057
0.0,deploy,d,2,best,c014,-0.2899303436279297,0.0,0.0,0.3486558496952057
0.0,deploy,d,2,best,c002,-0.46302223205566406,0.0,0.0,0.3486558496952057
0.0,deploy,d,2,best,c023,-0.18127727508544922,0.0,0.0,0.3486558496952057
0.0,deploy,d,2,best,c046,-0.35776710510253906,0.0,0.0,0.3486558496952057
0.0,deploy,d,2,best,c022,-0.4765911102294922,0.0,0.0,0.3486558496952057
0.0,deploy,d,2,best,c050,-0.47969913482666016,0.0,0.0,0.3486558496952057
0.5,eval,d,2,best,c006,1.0316638946533203,0.018433570861816406,0.0002422855031909421,0.5502923130989075
0.5,eval,d,2,best,c017,0.6396198272705078,0.013868331909179688,0.0002422855031909421,0.5502923130989075
0.5,eval,d,2,best,c039,0.7305431365966797,0.028919219970703125,0.0002422855031909421,0.5502923130989075
0.5,eval,d,2,best,c036,0.2857379913330078,0.023016929626464844,0.0002422855031909421,0.5502923130989075
0.5,eval,d,2,best,c009,-0.03830242156982422,0.019750595092773438,0.0002422855031909421,0.5502923130989075
0.5,eval,d,2,best,c000,0.6016073226928711,0.012714385986328125,0.0002422855031909421,0.5502923130989075
0.5,eval,d,2,best,c013,1.695876121520996,0.03243446350097656,0.0002422855031909421,0.5502923130989075
0.5,eval,d,2,best,c049,0.6337194442749023,0.022212982177734375,0.0002422855031909421,0.5502923130989075
0.5,eval,d,2,best,c058,0.6222658157348633,0.034819602966308594,0.0002422855031909421,0.5502923130989075
0.5,eval,d,2,best,c024,0.1616525650024414,0.011046409606933594,0.0002422855031909421,0.5502923130989075
0.5,eval,d,2,best,c042,0.9230194091796875,0.0021572113037109375,0.0002422855031909421,0.5502923130989075
0.5,eval,d,2,best,c047,0.4346780776977539,0.00922393798828125,0.0002422855031909421,0.5502923130989075
0.5,eval,d,2,best,c043,-0.7552347183227539,-0.02048778533935547,0.0002422855031909421,0.5502923130989075
0.5,eval,d,2,best,c003,0.7373838424682617,0.033771514892578125,0.0002422855031909421,0.5502923130989075
0.5,eval,d,2,best,c041,0.7527036666870117,0.004179954528808594,0.0002422855031909421,0.5502923130989075
0.5,eval,d,2,best,c008,-0.07961559295654297,-0.01055145263671875,0.0002422855031909421,0.5502923130989075
0.5,eval,d,2,best,c045,1.8782873153686523,0.02315521240234375,0.0002422855031909421,0.5502923130989075
0.5,eval,d,2,best,c011,0.9377985000610352,0.027611732482910156,0.0002422855031909421,0.5502923130989075
0.5,eval,d,2,best,c020,1.856729507446289,0.03249835968017578,0.0002422855031909421,0.5502923130989075
0.5,eval,d,2,best,c044,2.003066062927246,0.0097808837890625,0.0002422855031909421,0.5502923130989075
0.5,eval,d,2,best,c016,0.6720104217529297,0.033890724182128906,0.0002422855031909421,0.5502923130989075
0.5,eval,d,2,best,c056,0.8194675445556641,0.01938152313232422,0.0002422855031909421,0.5502923130989075
0.5,eval,d,2,best,c025,0.16363811492919922,0.0049285888671875,0.0002422855031909421,0.5502923130989075
0.5,eval,d,2,best,c029,0.3522806167602539,0.012112617492675781,0.0002422855031909421,0.5502923130989075
0.5,eval,d,2,best,c014,0.40074825286865234,0.0028791427612304688,0.0002422855031909421,0.5502923130989075
0.5,eval,d,2,best,c002,0.5329780578613281,0.018479347229003906,0.0002422855031909421,0.5502923130989075
0.5,eval,d,2,best,c023,0.5762128829956055,0.005145072937011719,0.0002422855031909421,0.5502923130989075
0.5,eval,d,2,best,c046,0.7171001434326172,0.09061717987060547,0.0002422855031909421,0.5502923130989075
0.5,eval,d,2,best,c022,0.23383140563964844,0.019296646118164062,0.0002422855031909421,0.5502923130989075
0.5,eval,d,2,best,c050,1.125229835510254,0.010343551635742188,0.0002422855031909421,0.5502923130989075
0.5,eval,d,2,best,c006,1.2050981521606445,0.022027015686035156,0.0002422855031909421,0.5502923130989075
0.5,eval,d,2,best,c017,0.9013662338256836,0.021131515502929688,0.0002422855031909421,0.5502923130989075
0.5,eval,d,2,best,c039,0.2880973815917969,0.01665210723876953,0.0002422855031909421,0.5502923130989075
0.5,eval,d,2,best,c036,0.6513576507568359,0.015521049499511719,0.0002422855031909421,0.5502923130989075
0.5,eval,d,2,best,c009,0.9693002700805664,-0.004134178161621094,0.0002422855031909421,0.5502923130989075
0.5,eval,d,2,best,c000,0.6419086456298828,0.023866653442382812,0.0002422855031909421,0.5502923130989075
0.5,eval,d,2,best,c013,0.7601356506347656,0.024759292602539062,0.0002422855031909421,0.5502923130989075
0.5,eval,d,2,best,c049,-0.03374290466308594,0.016725540161132812,0.0002422855031909421,0.5502923130989075
0.5,eval,d,2,best,c058,0.7118644714355469,0.055896759033203125,0.0002422855031909421,0.5502923130989075
0.5,eval,d,2,best,c024,0.2536811828613281,0.0016117095947265625,0.0002422855031909421,0.5502923130989075
0.5,eval,d,2,best,c042,0.20348262786865234,0.01966571807861328,0.0002422855031909421,0.5502923130989075
0.5,eval,d,2,best,c047,0.7261333465576172,0.02289581298828125,0.0002422855031909421,0.5502923130989075
0.5,eval,d,2,best,c043,0.033324241638183594,-0.02215099334716797,0.0002422855031909421,0.5502923130989075
0.5,eval,d,2,best,c003,0.5008821487426758,0.005736351013183594,0.0002422855031909421,0.5502923130989075
0.5,eval,d,2,best,c041,0.2237377166748047,-0.0037899017333984375,0.0002422855031909421,0.5502923130989075
0.5,eval,d,2,best,c008,0.35816478729248047,0.020420074462890625,0.0002422855031909421,0.5502923130989075
0.5,eval,d,2,best,c045,0.5646591186523438,0.025017738342285156,0.0002422855031909421,0.5502923130989075
0.5,eval,d,2,best,c011,0.2676200866699219,0.0054473876953125,0.0002422855031909421,0.5502923130989075
0.5,eval,d,2,best,c020,0.7817344665527344,0.01671600341796875,0.0002422855031909421,0.5502923130989075
0.5,eval,d,2,best,c044,0.23025131225585938,0.011892318725585938,0.0002422855031909421,0.5502923130989075
0.5,eval,d,2,best,c016,0.5922670364379883,0.023102760314941406,0.0002422855031909421,0.5502923130989075
0.5,eval,d,2,best,c056,-0.03980731964111328,0.013108253479003906,0.0002422855031909421,0.5502923130989075
0.5,eval,d,2,best,c025,0.26376914978027344,0.036266326904296875,0.0002422855031909421,0.5502923130989075
0.5,eval,d,2,best,c029,0.18223094940185547,0.015351295471191406,0.0002422855031909421,0.5502923130989075
0.5,eval,d,2,best,c014,0.36855602264404297,0.02202320098876953,0.0002422855031909421,0.5502923130989075
0.5,eval,d,2,best,c002,0.5064821243286133,0.013688087463378906,0.0002422855031909421,0.5502923130989075
0.5,eval,d,2,best,c023,0.8525819778442383,0.03272247314453125,0.0002422855031909421,0.5502923130989075
0.5,eval,d,2,best,c046,0.12681293487548828,0.00017452239990234375,0.0002422855031909421,0.5502923130989075
0.5,eval,d,2,best,c022,0.3350257873535156,0.0071392059326171875,0.0002422855031909421,0.5502923130989075
0.5,eval,d,2,best,c050,0.9649467468261719,0.019084930419921875,0.0002422855031909421,0.5502923130989075
0.5,deploy,d,2,best,c006,0.35340213775634766,0.007195472717285156,5.633545879391022e-05,0.35179227590560913
0.5,deploy,d,2,best,c017,-0.19995880126953125,-0.008486747741699219,5.633545879391022e-05,0.35179227590560913
0.5,deploy,d,2,best,c039,-0.24484825134277344,-0.015218734741210938,5.633545879391022e-05,0.35179227590560913
0.5,deploy,d,2,best,c036,0.03542327880859375,0.021796226501464844,5.633545879391022e-05,0.35179227590560913
0.5,deploy,d,2,best,c009,-0.390380859375,-0.015191078186035156,5.633545879391022e-05,0.35179227590560913
0.5,deploy,d,2,best,c000,-0.2757759094238281,-0.014062881469726562,5.633545879391022e-05,0.35179227590560913
0.5,deploy,d,2,best,c013,0.31813812255859375,0.0026073455810546875,5.633545879391022e-05,0.35179227590560913
0.5,deploy,d,2,best,c049,-0.3687610626220703,-0.004630088806152344,5.633545879391022e-05,0.35179227590560913
0.5,deploy,d,2,best,c058,-0.33995914459228516,-0.015039443969726562,5.633545879391022e-05,0.35179227590560913
0.5,deploy,d,2,best,c024,-0.3974189758300781,-0.01743316650390625,5.633545879391022e-05,0.35179227590560913
0.5,deploy,d,2,best,c042,-0.3015003204345703,-0.00371551513671875,5.633545879391022e-05,0.35179227590560913
0.5,deploy,d,2,best,c047,0.19295978546142578,0.006806373596191406,5.633545879391022e-05,0.35179227590560913
0.5,deploy,d,2,best,c043,-0.7323875427246094,-0.027907371520996094,5.633545879391022e-05,0.35179227590560913
0.5,deploy,d,2,best,c003,-0.12552738189697266,-0.0012826919555664062,5.633545879391022e-05,0.35179227590560913
0.5,deploy,d,2,best,c041,-0.8362007141113281,-0.029837608337402344,5.633545879391022e-05,0.35179227590560913
0.5,deploy,d,2,best,c008,-0.3112335205078125,-0.011145591735839844,5.633545879391022e-05,0.35179227590560913
0.5,deploy,d,2,best,c045,-0.4055137634277344,-0.009554862976074219,5.633545879391022e-05,0.35179227590560913
0.5,deploy,d,2,best,c011,0.11208915710449219,-0.00403594970703125,5.633545879391022e-05,0.35179227590560913
0.5,deploy,d,2,best,c020,-0.40767860412597656,-0.024118423461914062,5.633545879391022e-05,0.35179227590560913
0.5,deploy,d,2,best,c044,-0.31993770599365234,-0.014081954956054688,5.633545879391022e-05,0.35179227590560913
0.5,deploy,d,2,best,c016,-0.21114253997802734,-0.0019578933715820312,5.633545879391022e-05,0.35179227590560913
0.5,deploy,d,2,best,c056,-0.06846427917480469,0.013036727905273438,5.633545879391022e-05,0.35179227590560913
0.5,deploy,d,2,best,c025,-0.24761962890625,-0.0079803466796875,5.633545879391022e-05,0.35179227590560913
0.5,deploy,d,2,best,c029,-0.7423238754272461,-0.012943267822265625,5.633545879391022e-05,0.35179227590560913
0.5,deploy,d,2,best,c014,0.35286903381347656,0.026587486267089844,5.633545879391022e-05,0.35179227590560913
0.5,deploy,d,2,best,c002,-0.2591590881347656,-0.0038309097290039062,5.633545879391022e-05,0.35179227590560913
0.5,deploy,d,2,best,c023,-0.16008853912353516,-0.01285552978515625,5.633545879391022e-05,0.35179227590560913
0.5,deploy,d,2,best,c046,-0.7556819915771484,-0.03217792510986328,5.633545879391022e-05,0.35179227590560913
0.5,deploy,d,2,best,c022,0.059035301208496094,0.0037784576416015625,5.633545879391022e-05,0.35179227590560913
0.5,deploy,d,2,best,c050,-0.0258941650390625,0.0050449371337890625,5.633545879391022e-05,0.35179227590560913
0.5,deploy,d,2,best,c006,0.07223129272460938,-0.0005960464477539062,5.633545879391022e-05,0.35179227590560913
0.5,deploy,d,2,best,c017,0.10018539428710938,-0.0021514892578125,5.633545879391022e-05,0.35179227590560913
0.5,deploy,d,2,best,c039,-0.3906364440917969,-0.03842639923095703,5.633545879391022e-05,0.35179227590560913
0.5,deploy,d,2,best,c036,-0.2489795684814453,0.0031824111938476562,5.633545879391022e-05,0.35179227590560913
0.5,deploy,d,2,best,c009,-0.05869102478027344,0.021843910217285156,5.633545879391022e-05,0.35179227590560913
0.5,deploy,d,2,best,c000,-0.3382987976074219,-0.0026369094848632812,5.633545879391022e-05,0.35179227590560913
0.5,deploy,d,2,best,c013,0.37598228454589844,0.004642486572265625,5.633545879391022e-05,0.35179227590560913
0.5,deploy,d,2,best,c049,-0.8255119323730469,-0.04247856140136719,5.633545879391022e-05,0.35179227590560913
0.5,deploy,d,2,best,c058,-0.4166831970214844,-0.01630878448486328,5.633545879391022e-05,0.35179227590560913
0.5,deploy,d,2,best,c024,-0.09049415588378906,-0.008436203002929688,5.633545879391022e-05,0.35179227590560913
0.5,deploy,d,2,best,c042,-0.5356645584106445,-0.026334762573242188,5.633545879391022e-05,0.35179227590560913
0.5,deploy,d,2,best,c047,0.08011341094970703,0.009392738342285156,5.633545879391022e-05,0.35179227590560913
0.5,deploy,d,2,best,c043,-1.2689323425292969,-0.052234649658203125,5.633545879391022e-05,0.35179227590560913
0.5,deploy,d,2,best,c003,-0.19231128692626953,-0.008551597595214844,5.633545879391022e-05,0.35179227590560913
0.5,deploy,d,2,best,c041,-0.21168899536132812,-0.015252113342285156,5.633545879391022e-05,0.35179227590560913
0.5,deploy,d,2,best,c008,-0.7210512161254883,-0.023314476013183594,5.633545879391022e-05,0.35179227590560913
0.5,deploy,d,2,best,c045,-0.8075122833251953,-0.034705162048339844,5.633545879391022e-05,0.35179227590560913
0.5,deploy,d,2,best,c011,0.2148303985595703,0.0059814453125,5.633545879391022e-05,0.35179227590560913
0.5,deploy,d,2,best,c020,-0.23107433319091797,-0.007161140441894531,5.633545879391022e-05,0.35179227590560913
0.5,deploy,d,2,best,c044,-0.20328903198242188,-0.015478134155273438,5.633545879391022e-05,0.35179227590560913
0.5,deploy,d,2,best,c016,0.20133399963378906,0.0026216506958007812,5.633545879391022e-05,0.35179227590560913
0.5,deploy,d,2,best,c056,-0.03625202178955078,-0.0019130706787109375,5.633545879391022e-05,0.35179227590560913
0.5,deploy,d,2,best,c025,-0.0017824172973632812,0.0058002471923828125,5.633545879391022e-05,0.35179227590560913
0.5,deploy,d,2,best,c029,-0.41620922088623047,-0.001312255859375,5.633545879391022e-05,0.35179227590560913
0.5,deploy,d,2,best,c014,-0.2775716781616211,0.012358665466308594,5.633545879391022e-05,0.35179227590560913
0.5,deploy,d,2,best,c002,-0.4723491668701172,-0.009326934814453125,5.633545879391022e-05,0.35179227590560913
0.5,deploy,d,2,best,c023,-0.1982278823852539,-0.016950607299804688,5.633545879391022e-05,0.35179227590560913
0.5,deploy,d,2,best,c046,-0.3747835159301758,-0.01701641082763672,5.633545879391022e-05,0.35179227590560913
0.5,deploy,d,2,best,c022,-0.4982929229736328,-0.021701812744140625,5.633545879391022e-05,0.35179227590560913
0.5,deploy,d,2,best,c050,-0.4938840866088867,-0.014184951782226562,5.633545879391022e-05,0.35179227590560913
0.5,eval,random,2,best,c006,1.0226341883341472,0.009403864542643303,0.00021398242097347975,0.543552815914154
0.5,eval,random,2,best,c017,0.6356449127197266,0.009893417358398438,0.00021398242097347975,0.543552815914154
0.5,eval,random,2,best,c039,0.7022037506103516,0.000579833984375,0.00021398242097347975,0.543552815914154
0.5,eval,random,2,best,c036,0.27264563242594403,0.00992457071940106,0.00021398242097347975,0.543552815914154
0.5,eval,random,2,best,c009,-0.05095481872558594,0.007098197937011719,0.00021398242097347975,0.543552815914154
0.5,eval,random,2,best,c000,0.5989046096801758,0.010011672973632812,0.00021398242097347975,0.543552815914154
0.5,eval,random,2,best,c013,1.681979497273763,0.018537839253743416,0.00021398242097347975,0.543552815914154
0.5,eval,random,2,best,c049,0.6285069783528646,0.01700051625569665,0.00021398242097347975,0.543552815914154
0.5,eval,random,2,best,c058,0.583393414815267,-0.004052797953287723,0.00021398242097347975,0.543552815914154
0.5,eval,random,2,best,c024,0.16071351369222006,0.010107358296712249,0.00021398242097347975,0.543552815914154
0.5,eval,random,2,best,c042,0.9260040918986002,0.005141894022623661,0.00021398242097347975,0.543552815914154
0.5,eval,random,2,best,c047,0.43113263448079425,0.005678494771321596,0.00021398242097347975,0.543552815914154
0.5,eval,random,2,best,c043,-0.722935676574707,0.011811256408691406,0.00021398242097347975,0.543552815914154
0.5,eval,random,2,best,c003,0.7147172292073568,0.011104901631673214,0.00021398242097347975,0.543552815914154
0.5,eval,random,2,best,c041,0.7520694732666016,0.0035457611083984375,0.00021398242097347975,0.543552815914154
0.5,eval,random,2,best,c008,-0.06365966796875,0.005404472351074219,0.00021398242097347975,0.543552815914154
0.5,eval,random,2,best,c045,1.8688729604085286,0.013740857442219978,0.00021398242097347975,0.543552815914154
0.5,eval,random,2,best,c011,0.9237372080485026,0.013550440470377567,0.00021398242097347975,0.543552815914154
0.5,eval,random,2,best,c020,1.833277702331543,0.009046554565429688,0.00021398242097347975,0.543552815914154
0.5,eval,random,2,best,c044,2.0075899759928384,0.0143047968546548,0.00021398242097347975,0.543552815914154
0.5,eval,random,2,best,c016,0.650981585184733,0.012861887613932255,0.00021398242097347975,0.543552815914154
0.5,eval,random,2,best,c056,0.8186070124308268,0.018520991007486942,0.00021398242097347975,0.543552815914154
0.5,eval,random,2,best,c025,0.1706857681274414,0.011976242065429688,0.00021398242097347975,0.543552815914154
0.5,eval,random,2,best,c029,0.3447500864664714,0.004582087198893248,0.00021398242097347975,0.543552815914154
0.5,eval,random,2,best,c014,0.41746171315511066,0.019592603047688784,0.00021398242097347975,0.543552815914154
0.5,eval,random,2,best,c002,0.5227362314860026,0.008237520853678348,0.00021398242097347975,0.543552815914154
0.5,eval,random,2,best,c023,0.5758171081542969,0.004749298095703125,0.00021398242097347975,0.543552815914154
0.5,eval,random,2,best,c046,0.640391985575358,0.013909022013346317,0.00021398242097347975,0.543552815914154
0.5,eval,random,2,best,c022,0.2218478520711263,0.007313092549641936,0.00021398242097347975,0.543552815914154
0.5,eval,random,2,best,c050,1.1295267740885417,0.014640490214030022,0.00021398242097347975,0.543552815914154
0.5,eval,random,2,best,c006,1.190114974975586,0.0070438385009765625,0.00021398242097347975,0.543552815914154
0.5,eval,random,2,best,c017,0.8898983001708984,0.009663581848144531,0.00021398242097347975,0.543552815914154
0.5,eval,random,2,best,c039,0.26925500233968097,-0.0021902720133463727,0.00021398242097347975,0.543552815914154
0.5,eval,random,2,best,c036,0.6419556935628256,0.006119092305501339,0.00021398242097347975,0.543552815914154
0.5,eval,random,2,best,c009,0.9824409484863281,0.009006500244140625,0.00021398242097347975,0.543552815914154
0.5,eval,random,2,best,c000,0.629148801167806,0.011106808980306027,0.00021398242097347975,0.543552815914154
0.5,eval,random,2,best,c013,0.7509603500366211,0.015583992004394531,0.00021398242097347975,0.543552815914154
0.5,eval,random,2,best,c049,-0.04811986287434896,0.0023485819498697894,0.00021398242097347975,0.543552815914154
0.5,eval,random,2,best,c058,0.654870351155599,-0.0010973612467447547,0.00021398242097347975,0.543552815914154
0.5,eval,random,2,best,c024,0.2530415852864583,0.0009721120198567523,0.00021398242097347975,0.543552815914154
0.5,eval,random,2,best,c042,0.1964441935221354,0.012627283732096345,0.00021398242097347975,0.543552815914154
0.5,eval,random,2,best,c047,0.709888776143392,0.006651242574056027,0.00021398242097347975,0.543552815914154
0.5,eval,random,2,best,c043,0.06318855285644531,0.00771331787109375,0.00021398242097347975,0.543552815914154
0.5,eval,random,2,best,c003,0.5063047409057617,0.011158943176269531,0.00021398242097347975,0.543552815914154
0.5,eval,random,2,best,c041,0.23394203186035156,0.0064144134521484375,0.00021398242097347975,0.543552815914154
0.5,eval,random,2,best,c008,0.33922608693440753,0.0014813741048176898,0.00021398242097347975,0.543552815914154
0.5,eval,random,2,best,c045,0.5532229741414388,0.013581593831380245,0.00021398242097347975,0.543552815914154
0.5,eval,random,2,best,c011,0.2749195098876953,0.012746810913085938,0.00021398242097347975,0.543552815914154
0.5,eval,random,2,best,c020,0.7777188618977865,0.01270039876302087,0.00021398242097347975,0.543552815914154
0.5,eval,random,2,best,c044,0.23345947265625,0.015100479125976562,0.00021398242097347975,0.543552815914154
0.5,eval,random,2,best,c016,0.5753250122070312,0.006160736083984375,0.00021398242097347975,0.543552815914154
0.5,eval,random,2,best,c056,-0.03993542989095052,0.012980143229166664,0.00021398242097347975,0.543552815914154
0.5,eval,random,2,best,c025,0.23352432250976562,0.0060214996337890625,0.00021398242097347975,0.543552815914154
0.5,eval,random,2,best,c029,0.16467603047688803,-0.0022036234537760324,0.00021398242097347975,0.543552815914154
0.5,eval,random,2,best,c014,0.3593304951985677,0.012797673543294252,0.00021398242097347975,0.543552815914154
0.5,eval,random,2,best,c002,0.4981091817220052,0.005315144856770815,0.00021398242097347975,0.543552815914154
0.5,eval,random,2,best,c023,0.8201694488525391,0.00030994415283203125,0.00021398242097347975,0.543552815914154
0.5,eval,random,2,best,c046,0.13199329376220703,0.005354881286621094,0.00021398242097347975,0.543552815914154
0.5,eval,random,2,best,c022,0.3318726221720378,0.003986040751139341,0.00021398242097347975,0.543552815914154
0.5,eval,random,2,best,c050,0.9587329228719076,0.012871106465657589,0.00021398242097347975,0.543552815914154
1.0,eval,d,2,best,c006,1.046478271484375,0.033247947692871094,0.0009703227551653981,0.5549906492233276
1.0,eval,d,2,best,c017,0.6524314880371094,0.02667999267578125,0.0009703227551653981,0.5549906492233276
1.0,eval,d,2,best,c039,0.7537927627563477,0.052168846130371094,0.0009703227551653981,0.5549906492233276
1.0,eval,d,2,best,c036,0.30670928955078125,0.04398822784423828,0.0009703227551653981,0.5549906492233276
1.0,eval,d,2,best,c009,-0.021248817443847656,0.03680419921875,0.0009703227551653981,0.5549906492233276
1.0,eval,d,2,best,c000,0.6117868423461914,0.022893905639648438,0.0009703227551653981,0.5549906492233276
1.0,eval,d,2,best,c013,1.725815773010254,0.062374114990234375,0.0009703227551653981,0.5549906492233276
1.0,eval,d,2,best,c049,0.6557207107543945,0.04421424865722656,0.0009703227551653981,0.5549906492233276
1.0,eval,d,2,best,c058,0.6573238372802734,0.06987762451171875,0.0009703227551653981,0.5549906492233276
1.0,eval,d,2,best,c024,0.1721343994140625,0.021528244018554688,0.0009703227551653981,0.5549906492233276
1.0,eval,d,2,best,c042,0.9207477569580078,-0.00011444091796875,0.0009703227551653981,0.5549906492233276
1.0,eval,d,2,best,c047,0.44193458557128906,0.016480445861816406,0.0009703227551653981,0.5549906492233276
1.0,eval,d,2,best,c043,-0.7785329818725586,-0.043786048889160156,0.0009703227551653981,0.5549906492233276
1.0,eval,d,2,best,c003,0.7692222595214844,0.06560993194580078,0.0009703227551653981,0.5549906492233276
1.0,eval,d,2,best,c041,0.7536106109619141,0.0050868988037109375,0.0009703227551653981,0.5549906492233276
1.0,eval,d,2,best,c008,-0.09335803985595703,-0.024293899536132812,0.0009703227551653981,0.5549906492233276
1.0,eval,d,2,best,c045,1.9008779525756836,0.045745849609375,0.0009703227551653981,0.5549906492233276
1.0,eval,d,2,best,c011,0.9641971588134766,0.05401039123535156,0.0009703227551653981,0.5549906492233276
1.0,eval,d,2,best,c020,1.8890037536621094,0.0647726058959961,0.0009703227551653981,0.5549906492233276
1.0,eval,d,2,best,c044,2.009169578552246,0.0158843994140625,0.0009703227551653981,0.5549906492233276
1.0,eval,d,2,best,c016,0.7053623199462891,0.06724262237548828,0.0009703227551653981,0.5549906492233276
1.0,eval,d,2,best,c056,0.8373451232910156,0.03725910186767578,0.0009703227551653981,0.5549906492233276
1.0,eval,d,2,best,c025,0.16704654693603516,0.008337020874023438,0.0009703227551653981,0.5549906492233276
1.0,eval,d,2,best,c029,0.3602008819580078,0.020032882690429688,0.0009703227551653981,0.5549906492233276
1.0,eval,d,2,best,c014,0.39887332916259766,0.0010042190551757812,0.0009703227551653981,0.5549906492233276
1.0,eval,d,2,best,c002,0.5499448776245117,0.0354461669921875,0.0009703227551653981,0.5549906492233276
1.0,eval,d,2,best,c023,0.5793733596801758,0.008305549621582031,0.0009703227551653981,0.5549906492233276
1.0,eval,d,2,best,c046,0.8083314895629883,0.18184852600097656,0.0009703227551653981,0.5549906492233276
1.0,eval,d,2,best,c022,0.2533397674560547,0.03880500793457031,0.0009703227551653981,0.5549906492233276
1.0,eval,d,2,best,c050,1.134124755859375,0.01923847198486328,0.0009703227551653981,0.5549906492233276
1.0,eval,d,2,best,c006,1.2243108749389648,0.04123973846435547,0.0009703227551653981,0.5549906492233276
1.0,eval,d,2,best,c017,0.9215717315673828,0.041337013244628906,0.0009703227551653981,0.5549906492233276
1.0,eval,d,2,best,c039,0.29886817932128906,0.02742290496826172,0.0009703227551653981,0.5549906492233276
1.0,eval,d,2,best,c036,0.6634387969970703,0.027602195739746094,0.0009703227551653981,0.5549906492233276
1.0,eval,d,2,best,c009,0.955841064453125,-0.0175933837890625,0.0009703227551653981,0.5549906492233276
1.0,eval,d,2,best,c000,0.663599967956543,0.04555797576904297,0.0009703227551653981,0.5549906492233276
1.0,eval,d,2,best,c013,0.782470703125,0.04709434509277344,0.0009703227551653981,0.5549906492233276
1.0,eval,d,2,best,c049,-0.018888473510742188,0.03157997131347656,0.0009703227551653981,0.5549906492233276
1.0,eval,d,2,best,c058,0.7682371139526367,0.11226940155029297,0.0009703227551653981,0.5549906492233276
1.0,eval,d,2,best,c024,0.25302791595458984,0.0009584426879882812,0.0009703227551653981,0.5549906492233276
1.0,eval,d,2,best,c042,0.22131824493408203,0.03750133514404297,0.0009703227551653981,0.5549906492233276
1.0,eval,d,2,best,c047,0.7474384307861328,0.044200897216796875,0.0009703227551653981,0.5549906492233276
1.0,eval,d,2,best,c043,0.007405281066894531,-0.04806995391845703,0.0009703227551653981,0.5549906492233276
1.0,eval,d,2,best,c003,0.5017528533935547,0.0066070556640625,0.0009703227551653981,0.5549906492233276
1.0,eval,d,2,best,c041,0.21889209747314453,-0.008635520935058594,0.0009703227551653981,0.5549906492233276
1.0,eval,d,2,best,c008,0.3762550354003906,0.03851032257080078,0.0009703227551653981,0.5549906492233276
1.0,eval,d,2,best,c045,0.5880527496337891,0.04841136932373047,0.0009703227551653981,0.5549906492233276
1.0,eval,d,2,best,c011,0.27103424072265625,0.008861541748046875,0.0009703227551653981,0.5549906492233276
1.0,eval,d,2,best,c020,0.796961784362793,0.031943321228027344,0.0009703227551653981,0.5549906492233276
1.0,eval,d,2,best,c044,0.2375345230102539,0.01917552947998047,0.0009703227551653981,0.5549906492233276
1.0,eval,d,2,best,c016,0.6139354705810547,0.04477119445800781,0.0009703227551653981,0.5549906492233276
1.0,eval,d,2,best,c056,-0.02729511260986328,0.025620460510253906,0.0009703227551653981,0.5549906492233276
1.0,eval,d,2,best,c025,0.29997730255126953,0.07247447967529297,0.0009703227551653981,0.5549906492233276
1.0,eval,d,2,best,c029,0.19855499267578125,0.03167533874511719,0.0009703227551653981,0.5549906492233276
1.0,eval,d,2,best,c014,0.3883352279663086,0.041802406311035156,0.0009703227551653981,0.5549906492233276
1.0,eval,d,2,best,c002,0.5184917449951172,0.025697708129882812,0.0009703227551653981,0.5549906492233276
1.0,eval,d,2,best,c023,0.8846511840820312,0.06479167938232422,0.0009703227551653981,0.5549906492233276
1.0,eval,d,2,best,c046,0.12681007385253906,0.000171661376953125,0.0009703227551653981,0.5549906492233276
1.0,eval,d,2,best,c022,0.34320831298828125,0.015321731567382812,0.0009703227551653981,0.5549906492233276
1.0,eval,d,2,best,c050,0.9801883697509766,0.03432655334472656,0.0009703227551653981,0.5549906492233276
1.0,deploy,d,2,best,c006,0.35627079010009766,0.010064125061035156,0.00021038924751337618,0.35423797369003296
1.0,deploy,d,2,best,c017,-0.21303462982177734,-0.021562576293945312,0.00021038924751337618,0.35423797369003296
1.0,deploy,d,2,best,c039,-0.2640094757080078,-0.03437995910644531,0.00021038924751337618,0.35423797369003296
1.0,deploy,d,2,best,c036,0.05369091033935547,0.04006385803222656,0.00021038924751337618,0.35423797369003296
1.0,deploy,d,2,best,c009,-0.40968799591064453,-0.03449821472167969,0.00021038924751337618,0.35423797369003296
1.0,deploy,d,2,best,c000,-0.2921466827392578,-0.03043365478515625,0.00021038924751337618,0.35423797369003296
1.0,deploy,d,2,best,c013,0.31473350524902344,-0.000797271728515625,0.00021038924751337618,0.35423797369003296
1.0,deploy,d,2,best,c049,-0.3754386901855469,-0.011307716369628906,0.00021038924751337618,0.35423797369003296
1.0,deploy,d,2,best,c058,-0.3569984436035156,-0.03207874298095703,0.00021038924751337618,0.35423797369003296
1.0,deploy,d,2,best,c024,-0.4193553924560547,-0.03936958312988281,0.00021038924751337618,0.35423797369003296
1.0,deploy,d,2,best,c042,-0.3089923858642578,-0.01120758056640625,0.00021038924751337618,0.35423797369003296
1.0,deploy,d,2,best,c047,0.19487571716308594,0.008722305297851562,0.00021038924751337618,0.35423797369003296
1.0,deploy,d,2,best,c043,-0.7653264999389648,-0.06084632873535156,0.00021038924751337618,0.35423797369003296
1.0,deploy,d,2,best,c003,-0.1278228759765625,-0.00357818603515625,0.00021038924751337618,0.35423797369003296
1.0,deploy,d,2,best,c041,-0.8709716796875,-0.06460857391357422,0.00021038924751337618,0.35423797369003296
1.0,deploy,d,2,best,c008,-0.3262138366699219,-0.02612590789794922,0.00021038924751337618,0.35423797369003296
1.0,deploy,d,2,best,c045,-0.417510986328125,-0.021552085876464844,0.00021038924751337618,0.35423797369003296
1.0,deploy,d,2,best,c011,0.10606575012207031,-0.010059356689453125,0.00021038924751337618,0.35423797369003296
1.0,deploy,d,2,best,c020,-0.43393611907958984,-0.050375938415527344,0.00021038924751337618,0.35423797369003296
1.0,deploy,d,2,best,c044,-0.33960437774658203,-0.033748626708984375,0.00021038924751337618,0.35423797369003296
1.0,deploy,d,2,best,c016,-0.21541690826416016,-0.006232261657714844,0.00021038924751337618,0.35423797369003296
1.0,deploy,d,2,best,c056,-0.05801963806152344,0.023481369018554688,0.00021038924751337618,0.35423797369003296
1.0,deploy,d,2,best,c025,-0.25883007049560547,-0.01919078826904297,0.00021038924751337618,0.35423797369003296
1.0,deploy,d,2,best,c029,-0.7552976608276367,-0.02591705322265625,0.00021038924751337618,0.35423797369003296
1.0,deploy,d,2,best,c014,0.3757295608520508,0.04944801330566406,0.00021038924751337618,0.35423797369003296
1.0,deploy,d,2,best,c002,-0.26500701904296875,-0.009678840637207031,0.00021038924751337618,0.35423797369003296
1.0,deploy,d,2,best,c023,-0.17554092407226562,-0.02830791473388672,0.00021038924751337618,0.35423797369003296
1.0,deploy,d,2,best,c046,-0.7902355194091797,-0.06673145294189453,0.00021038924751337618,0.35423797369003296
1.0,deploy,d,2,best,c022,0.05909252166748047,0.0038356781005859375,0.00021038924751337618,0.35423797369003296
1.0,deploy,d,2,best,c050,-0.02348613739013672,0.007452964782714844,0.00021038924751337618,0.35423797369003296
1.0,deploy,d,2,best,c006,0.0666666030883789,-0.006160736083984375,0.00021038924751337618,0.35423797369003296
1.0,deploy,d,2,best,c017,0.09356403350830078,-0.008772850036621094,0.00021038924751337618,0.35423797369003296
1.0,deploy,d,2,best,c039,-0.43160533905029297,-0.07939529418945312,0.00021038924751337618,0.35423797369003296
1.0,deploy,d,2,best,c036,-0.25144100189208984,0.000720977783203125,0.00021038924751337618,0.35423797369003296
1.0,deploy,d,2,best,c009,-0.0414276123046875,0.039107322692871094,0.00021038924751337618,0.35423797369003296
1.0,deploy,d,2,best,c000,-0.34255504608154297,-0.006893157958984375,0.00021038924751337618,0.35423797369003296
1.0,deploy,d,2,best,c013,0.3763236999511719,0.0049839019775390625,0.00021038924751337618,0.35423797369003296
1.0,deploy,d,2,best,c049,-0.8718585968017578,-0.08882522583007812,0.00021038924751337618,0.35423797369003296
1.0,deploy,d,2,best,c058,-0.4339570999145508,-0.03358268737792969,0.00021038924751337618,0.35423797369003296
1.0,deploy,d,2,best,c024,-0.10442924499511719,-0.022371292114257812,0.00021038924751337618,0.35423797369003296
1.0,deploy,d,2,best,c042,-0.5673856735229492,-0.058055877685546875,0.00021038924751337618,0.35423797369003296
1.0,deploy,d,2,best,c047,0.08440017700195312,0.01367950439453125,0.00021038924751337618,0.35423797369003296
1.0,deploy,d,2,best,c043,-1.3248977661132812,-0.1082000732421875,0.00021038924751337618,0.35423797369003296
1.0,deploy,d,2,best,c003,-0.2042074203491211,-0.020447731018066406,0.00021038924751337618,0.35423797369003296
1.0,deploy,d,2,best,c041,-0.23019886016845703,-0.03376197814941406,0.00021038924751337618,0.35423797369003296
1.0,deploy,d,2,best,c008,-0.7445659637451172,-0.0468292236328125,0.00021038924751337618,0.35423797369003296
1.0,deploy,d,2,best,c045,-0.8458137512207031,-0.07300662994384766,0.00021038924751337618,0.35423797369003296
1.0,deploy,d,2,best,c011,0.21759796142578125,0.008749008178710938,0.00021038924751337618,0.35423797369003296
1.0,deploy,d,2,best,c020,-0.24093151092529297,-0.01701831817626953,0.00021038924751337618,0.35423797369003296
1.0,deploy,d,2,best,c044,-0.22490596771240234,-0.037095069885253906,0.00021038924751337618,0.35423797369003296
1.0,deploy,d,2,best,c016,0.2009124755859375,0.0022001266479492188,0.00021038924751337618,0.35423797369003296
1.0,deploy,d,2,best,c056,-0.04087638854980469,-0.006537437438964844,0.00021038924751337618,0.35423797369003296
1.0,deploy,d,2,best,c025,0.0010061264038085938,0.008588790893554688,0.00021038924751337618,0.35423797369003296
1.0,deploy,d,2,best,c029,-0.42089366912841797,-0.0059967041015625,0.00021038924751337618,0.35423797369003296
1.0,deploy,d,2,best,c014,-0.2696962356567383,0.020234107971191406,0.00021038924751337618,0.35423797369003296
1.0,deploy,d,2,best,c002,-0.48309326171875,-0.020071029663085938,0.00021038924751337618,0.35423797369003296
1.0,deploy,d,2,best,c023,-0.21648788452148438,-0.035210609436035156,0.00021038924751337618,0.35423797369003296
1.0,deploy,d,2,best,c046,-0.3939533233642578,-0.03618621826171875,0.00021038924751337618,0.35423797369003296
1.0,deploy,d,2,best,c022,-0.52362060546875,-0.04702949523925781,0.00021038924751337618,0.35423797369003296
1.0,deploy,d,2,best,c050,-0.5102348327636719,-0.03053569793701172,0.00021038924751337618,0.35423797369003296
1.0,eval,random,2,best,c006,1.030600865681966,0.017370541890462166,0.0008229070905751238,0.541979988416036
1.0,eval,random,2,best,c017,0.645130475362142,0.01937898000081384,0.0008229070905751238,0.541979988416036
1.0,eval,random,2,best,c039,0.702586809794108,0.0009628931681314734,0.0008229070905751238,0.541979988416036
1.0,eval,random,2,best,c036,0.2824420928955078,0.019721031188964844,0.0008229070905751238,0.541979988416036
1.0,eval,random,2,best,c009,-0.044356981913248696,0.01369603474934896,0.0008229070905751238,0.541979988416036
1.0,eval,random,2,best,c000,0.6080287297566732,0.019135793050130245,0.0008229070905751238,0.541979988416036
1.0,eval,random,2,best,c013,1.6996469497680664,0.036205291748046875,0.0008229070905751238,0.541979988416036
1.0,eval,random,2,best,c049,0.6468709309895834,0.0353644688924154,0.0008229070905751238,0.541979988416036
1.0,eval,random,2,best,c058,0.5798695882161459,-0.007576624552408817,0.0008229070905751238,0.541979988416036
1.0,eval,random,2,best,c024,0.170930544535319,0.02032438913981119,0.0008229070905751238,0.541979988416036
1.0,eval,random,2,best,c042,0.9299408594767252,0.009078661600748661,0.0008229070905751238,0.541979988416036
1.0,eval,random,2,best,c047,0.43690013885498047,0.011445999145507812,0.0008229070905751238,0.541979988416036
1.0,eval,random,2,best,c043,-0.7117646535237631,0.02298227945963538,0.0008229070905751238,0.541979988416036
1.0,eval,random,2,best,c003,0.7245785395304362,0.020966211954752567,0.0008229070905751238,0.541979988416036
1.0,eval,random,2,best,c041,0.7548936208089193,0.006369908650716183,0.0008229070905751238,0.541979988416036
1.0,eval,random,2,best,c008,-0.058494249979654946,0.010569890340169273,0.0008229070905751238,0.541979988416036
1.0,eval,random,2,best,c045,1.8818321228027344,0.02670001983642578,0.0008229070905751238,0.541979988416036
1.0,eval,random,2,best,c011,0.9354089101155599,0.025222142537434933,0.0008229070905751238,0.541979988416036
1.0,eval,random,2,best,c020,1.8422056833902996,0.017974535624186272,0.0008229070905751238,0.541979988416036
1.0,eval,random,2,best,c044,2.020140012105306,0.026854832967122544,0.0008229070905751238,0.541979988416036
1.0,eval,random,2,best,c016,0.662896474202474,0.024776776631673214,0.0008229070905751238,0.541979988416036
1.0,eval,random,2,best,c056,0.836864153544108,0.03677813212076819,0.0008229070905751238,0.541979988416036
1.0,eval,random,2,best,c025,0.18303521474202475,0.02432568868001303,0.0008229070905751238,0.541979988416036
1.0,eval,random,2,best,c029,0.34958044687906903,0.009412447611490904,0.0008229070905751238,0.541979988416036
1.0,eval,random,2,best,c014,0.4354877471923828,0.03761863708496094,0.0008229070905751238,0.541979988416036
1.0,eval,random,2,best,c002,0.5303007761637369,0.015802065531412723,0.0008229070905751238,0.541979988416036
1.0,eval,random,2,best,c023,0.5802427927652994,0.009174982706705692,0.0008229070905751238,0.541979988416036
1.0,eval,random,2,best,c046,0.6547794342041016,0.028296470642089844,0.0008229070905751238,0.541979988416036
1.0,eval,random,2,best,c022,0.22960948944091797,0.015074729919433594,0.0008229070905751238,0.541979988416036
1.0,eval,random,2,best,c050,1.1419960657755535,0.02710978190104174,0.0008229070905751238,0.541979988416036
1.0,eval,random,2,best,c006,1.1960388819376628,0.01296774546305346,0.0008229070905751238,0.541979988416036
1.0,eval,random,2,best,c017,0.8994668324788412,0.019232114156087277,0.0008229070905751238,0.541979988416036
1.0,eval,random,2,best,c039,0.2667652765909831,-0.004679997762044252,0.0008229070905751238,0.541979988416036
1.0,eval,random,2,best,c036,0.6472775141398112,0.011440912882486942,0.0008229070905751238,0.541979988416036
1.0,eval,random,2,best,c009,0.9889262517293295,0.015491803487141964,0.0008229070905751238,0.541979988416036
1.0,eval,random,2,best,c000,0.6391315460205078,0.021089553833007812,0.0008229070905751238,0.541979988416036
1.0,eval,random,2,best,c013,0.7648690541585287,0.02949269612630212,0.0008229070905751238,0.541979988416036
1.0,eval,random,2,best,c049,-0.04491106669108073,0.005557378133138023,0.0008229070905751238,0.541979988416036
1.0,eval,random,2,best,c058,0.6528310775756836,-0.0031366348266601562,0.0008229070905751238,0.541979988416036
1.0,eval,random,2,best,c024,0.25336964925130206,0.0013001759847005023,0.0008229070905751238,0.541979988416036
1.0,eval,random,2,best,c042,0.20856507619222006,0.024748166402181,0.0008229070905751238,0.541979988416036
1.0,eval,random,2,best,c047,0.7154534657796224,0.012215932210286495,0.0008229070905751238,0.541979988416036
1.0,eval,random,2,best,c043,0.07077598571777344,0.015300750732421875,0.0008229070905751238,0.541979988416036
1.0,eval,random,2,best,c003,0.5161151885986328,0.020969390869140625,0.0008229070905751238,0.541979988416036
1.0,eval,random,2,best,c041,0.23946253458658853,0.011934916178385407,0.0008229070905751238,0.541979988416036
1.0,eval,random,2,best,c008,0.3408416112263997,0.0030968983968098773,0.0008229070905751238,0.541979988416036
1.0,eval,random,2,best,c045,0.5654497146606445,0.025808334350585938,0.0008229070905751238,0.541979988416036
1.0,eval,random,2,best,c011,0.28733030954996747,0.02515761057535809,0.0008229070905751238,0.541979988416036
1.0,eval,random,2,best,c020,0.7902539571126302,0.02523549397786462,0.0008229070905751238,0.541979988416036
1.0,eval,random,2,best,c044,0.24692757924397787,0.028568585713704436,0.0008229070905751238,0.541979988416036
1.0,eval,random,2,best,c016,0.5809841156005859,0.011819839477539062,0.0008229070905751238,0.541979988416036
1.0,eval,random,2,best,c056,-0.027370134989420574,0.025545438130696613,0.0008229070905751238,0.541979988416036
1.0,eval,random,2,best,c025,0.2393350601196289,0.011832237243652344,0.0008229070905751238,0.541979988416036
1.0,eval,random,2,best,c029,0.16365273793538412,-0.0032269159952799387,0.0008229070905751238,0.541979988416036
1.0,eval,random,2,best,c014,0.3710743586222331,0.024541536966959654,0.0008229070905751238,0.541979988416036
1.0,eval,random,2,best,c002,0.5032691955566406,0.01047515869140625,0.0008229070905751238,0.541979988416036
1.0,eval,random,2,best,c023,0.819767951965332,-9.1552734375e-05,0.0008229070905751238,0.541979988416036
1.0,eval,random,2,best,c046,0.13698196411132812,0.010343551635742188,0.0008229070905751238,0.541979988416036
1.0,eval,random,2,best,c022,0.3357531229654948,0.007866541544596373,0.0008229070905751238,0.541979988416036
1.0,eval,random,2,best,c050,0.9696051279703776,0.023743311564127567,0.0008229070905751238,0.541979988416036
2.0,eval,d,2,best,c006,1.0633792877197266,0.050148963928222656,0.0038051654119044542,0.5619679689407349
2.0,eval,d,2,best,c017,0.6728477478027344,0.04709625244140625,0.0038051654119044542,0.5619679689407349
2.0,eval,d,2,best,c039,0.7807302474975586,0.07910633087158203,0.0038051654119044542,0.5619679689407349
2.0,eval,d,2,best,c036,0.3381052017211914,0.07538414001464844,0.0038051654119044542,0.5619679689407349
2.0,eval,d,2,best,c009,0.0023136138916015625,0.06036663055419922,0.0038051654119044542,0.5619679689407349
2.0,eval,d,2,best,c000,0.6239013671875,0.03500843048095703,0.0038051654119044542,0.5619679689407349
2.0,eval,d,2,best,c013,1.7747554779052734,0.1113138198852539,0.0038051654119044542,0.5619679689407349
2.0,eval,d,2,best,c049,0.6977691650390625,0.08626270294189453,0.0038051654119044542,0.5619679689407349
2.0,eval,d,2,best,c058,0.7261409759521484,0.13869476318359375,0.0038051654119044542,0.5619679689407349
2.0,eval,d,2,best,c024,0.1902933120727539,0.039687156677246094,0.0038051654119044542,0.5619679689407349
2.0,eval,d,2,best,c042,0.9012823104858398,-0.01957988739013672,0.0038051654119044542,0.5619679689407349
2.0,eval,d,2,best,c047,0.4493837356567383,0.023929595947265625,0.0038051654119044542,0.5619679689407349
2.0,eval,d,2,best,c043,-0.8343420028686523,-0.0995950698852539,0.0038051654119044542,0.5619679689407349
2.0,eval,d,2,best,c003,0.8272819519042969,0.12366962432861328,0.0038051654119044542,0.5619679689407349
2.0,eval,d,2,best,c041,0.7427101135253906,-0.0058135986328125,0.0038051654119044542,0.5619679689407349
2.0,eval,d,2,best,c008,-0.13170433044433594,-0.06264019012451172,0.0038051654119044542,0.5619679689407349
2.0,eval,d,2,best,c045,1.9404306411743164,0.08529853820800781,0.0038051654119044542,0.5619679689407349
2.0,eval,d,2,best,c011,1.0116567611694336,0.1014699935913086,0.0038051654119044542,0.5619679689407349
2.0,eval,d,2,best,c020,1.948343276977539,0.12411212921142578,0.0038051654119044542,0.5619679689407349
2.0,eval,d,2,best,c044,2.005557060241699,0.012271881103515625,0.0038051654119044542,0.5619679689407349
2.0,eval,d,2,best,c016,0.7672796249389648,0.12915992736816406,0.0038051654119044542,0.5619679689407349
2.0,eval,d,2,best,c056,0.8663883209228516,0.06630229949951172,0.0038051654119044542,0.5619679689407349
2.0,eval,d,2,best,c025,0.1676959991455078,0.008986473083496094,0.0038051654119044542,0.5619679689407349
2.0,eval,d,2,best,c029,0.36261749267578125,0.022449493408203125,0.0038051654119044542,0.5619679689407349
2.0,eval,d,2,best,c014,0.38138294219970703,-0.016486167907714844,0.0038051654119044542,0.5619679689407349
2.0,eval,d,2,best,c002,0.5779047012329102,0.06340599060058594,0.0038051654119044542,0.5619679689407349
2.0,eval,d,2,best,c023,0.5790328979492188,0.007965087890625,0.0038051654119044542,0.5619679689407349
2.0,eval,d,2,best,c046,0.983271598815918,0.35678863525390625,0.0038051654119044542,0.5619679689407349
2.0,eval,d,2,best,c022,0.29038143157958984,0.07584667205810547,0.0038051654119044542,0.5619679689407349
2.0,eval,d,2,best,c050,1.1471996307373047,0.03231334686279297,0.0038051654119044542,0.5619679689407349
2.0,eval,d,2,best,c006,1.2529449462890625,0.06987380981445312,0.0038051654119044542,0.5619679689407349
2.0,eval,d,2,best,c017,0.9567747116088867,0.07653999328613281,0.0038051654119044542,0.5619679689407349
2.0,eval,d,2,best,c039,0.29950714111328125,0.028061866760253906,0.0038051654119044542,0.5619679689407349
2.0,eval,d,2,best,c036,0.6769046783447266,0.041068077087402344,0.0038051654119044542,0.5619679689407349
2.0,eval,d,2,best,c009,0.8978738784790039,-0.0755605697631836,0.0038051654119044542,0.5619679689407349
2.0,eval,d,2,best,c000,0.6979827880859375,0.0799407958984375,0.0038051654119044542,0.5619679689407349
2.0,eval,d,2,best,c013,0.8183116912841797,0.08293533325195312,0.0038051654119044542,0.5619679689407349
2.0,eval,d,2,best,c049,0.0025491714477539062,0.053017616271972656,0.0038051654119044542,0.5619679689407349
2.0,eval,d,2,best,c058,0.8797330856323242,0.22376537322998047,0.0038051654119044542,0.5619679689407349
2.0,eval,d,2,best,c024,0.2452526092529297,-0.006816864013671875,0.0038051654119044542,0.5619679689407349
2.0,eval,d,2,best,c042,0.24937152862548828,0.06555461883544922,0.0038051654119044542,0.5619679689407349
2.0,eval,d,2,best,c047,0.7832107543945312,0.07997322082519531,0.0038051654119044542,0.5619679689407349
2.0,eval,d,2,best,c043,-0.055149078369140625,-0.11062431335449219,0.0038051654119044542,0.5619679689407349
2.0,eval,d,2,best,c003,0.48697757720947266,-0.008168220520019531,0.0038051654119044542,0.5619679689407349
2.0,eval,d,2,best,c041,0.20347118377685547,-0.024056434631347656,0.0038051654119044542,0.5619679689407349
2.0,eval,d,2,best,c008,0.4008188247680664,0.06307411193847656,0.0038051654119044542,0.5619679689407349
2.0,eval,d,2,best,c045,0.6266059875488281,0.08696460723876953,0.0038051654119044542,0.5619679689407349
2.0,eval,d,2,best,c011,0.27222347259521484,0.010050773620605469,0.0038051654119044542,0.5619679689407349
2.0,eval,d,2,best,c020,0.8214578628540039,0.05643939971923828,0.0038051654119044542,0.5619679689407349
2.0,eval,d,2,best,c044,0.23581409454345703,0.017455101013183594,0.0038051654119044542,0.5619679689407349
2.0,eval,d,2,best,c016,0.6514291763305664,0.08226490020751953,0.0038051654119044542,0.5619679689407349
2.0,eval,d,2,best,c056,-0.0060672760009765625,0.046848297119140625,0.0038051654119044542,0.5619679689407349
2.0,eval,d,2,best,c025,0.3693866729736328,0.14188385009765625,0.0038051654119044542,0.5619679689407349
2.0,eval,d,2,best,c029,0.23367977142333984,0.06680011749267578,0.0038051654119044542,0.5619679689407349
2.0,eval,d,2,best,c014,0.41994476318359375,0.07341194152832031,0.0038051654119044542,0.5619679689407349
2.0,eval,d,2,best,c002,0.5367946624755859,0.04400062561035156,0.0038051654119044542,0.5619679689407349
2.0,eval,d,2,best,c023,0.943939208984375,0.12407970428466797,0.0038051654119044542,0.5619679689407349
2.0,eval,d,2,best,c046,0.12334728240966797,-0.0032911300659179688,0.0038051654119044542,0.5619679689407349
2.0,eval,d,2,best,c022,0.36057090759277344,0.032684326171875,0.0038051654119044542,0.5619679689407349
2.0,eval,d,2,best,c050,0.9980344772338867,0.05217266082763672,0.0038051654119044542,0.5619679689407349
2.0,deploy,d,2,best,c006,0.34615230560302734,-5.435943603515625e-05,0.0007068267441354692,0.35679465532302856
2.0,deploy,d,2,best,c017,-0.25519275665283203,-0.063720703125,0.0007068267441354692,0.35679465532302856
2.0,deploy,d,2,best,c039,-0.3136310577392578,-0.08400154113769531,0.0007068267441354692,0.35679465532302856
2.0,deploy,d,2,best,c036,0.0769643783569336,0.06333732604980469,0.0007068267441354692,0.35679465532302856
2.0,deploy,d,2,best,c009,-0.46140480041503906,-0.08621501922607422,0.0007068267441354692,0.35679465532302856
2.0,deploy,d,2,best,c000,-0.33394527435302734,-0.07223224639892578,0.0007068267441354692,0.35679465532302856
2.0,deploy,d,2,best,c013,0.28824901580810547,-0.027281761169433594,0.0007068267441354692,0.35679465532302856
2.0,deploy,d,2,best,c049,-0.39638328552246094,-0.03225231170654297,0.0007068267441354692,0.35679465532302856
2.0,deploy,d,2,best,c058,-0.39661312103271484,-0.07169342041015625,0.0007068267441354692,0.35679465532302856
2.0,deploy,d,2,best,c024,-0.4788808822631836,-0.09889507293701172,0.0007068267441354692,0.35679465532302856
2.0,deploy,d,2,best,c042,-0.33809947967529297,-0.040314674377441406,0.0007068267441354692,0.35679465532302856
2.0,deploy,d,2,best,c047,0.1825695037841797,-0.0035839080810546875,0.0007068267441354692,0.35679465532302856
2.0,deploy,d,2,best,c043,-0.8488168716430664,-0.14433670043945312,0.0007068267441354692,0.35679465532302856
2.0,deploy,d,2,best,c003,-0.13882064819335938,-0.014575958251953125,0.0007068267441354692,0.35679465532302856
2.0,deploy,d,2,best,c041,-0.9569406509399414,-0.15057754516601562,0.0007068267441354692,0.35679465532302856
2.0,deploy,d,2,best,c008,-0.36890125274658203,-0.06881332397460938,0.0007068267441354692,0.35679465532302856
2.0,deploy,d,2,best,c045,-0.45246219635009766,-0.0565032958984375,0.0007068267441354692,0.35679465532302856
2.0,deploy,d,2,best,c011,0.0873270034790039,-0.02879810333251953,0.0007068267441354692,0.35679465532302856
2.0,deploy,d,2,best,c020,-0.49401378631591797,-0.11045360565185547,0.0007068267441354692,0.35679465532302856
2.0,deploy,d,2,best,c044,-0.39837169647216797,-0.09251594543457031,0.0007068267441354692,0.35679465532302856
2.0,deploy,d,2,best,c016,-0.23322677612304688,-0.024042129516601562,0.0007068267441354692,0.35679465532302856
2.0,deploy,d,2,best,c056,-0.04808616638183594,0.03341484069824219,0.0007068267441354692,0.35679465532302856
2.0,deploy,d,2,best,c025,-0.2930641174316406,-0.053424835205078125,0.0007068267441354692,0.35679465532302856
2.0,deploy,d,2,best,c029,-0.7823619842529297,-0.05298137664794922,0.0007068267441354692,0.35679465532302856
2.0,deploy,d,2,best,c014,0.4089956283569336,0.08271408081054688,0.0007068267441354692,0.35679465532302856
2.0,deploy,d,2,best,c002,-0.28522682189941406,-0.029898643493652344,0.0007068267441354692,0.35679465532302856
2.0,deploy,d,2,best,c023,-0.21541404724121094,-0.06818103790283203,0.0007068267441354692,0.35679465532302856
2.0,deploy,d,2,best,c046,-0.8665847778320312,-0.1430807113647461,0.0007068267441354692,0.35679465532302856
2.0,deploy,d,2,best,c022,0.04662036895751953,-0.008636474609375,0.0007068267441354692,0.35679465532302856
2.0,deploy,d,2,best,c050,-0.028957366943359375,0.0019817352294921875,0.0007068267441354692,0.35679465532302856
2.0,deploy,d,2,best,c006,0.03664970397949219,-0.036177635192871094,0.0007068267441354692,0.35679465532302856
2.0,deploy,d,2,best,c017,0.06373786926269531,-0.03859901428222656,0.0007068267441354692,0.35679465532302856
2.0,deploy,d,2,best,c039,-0.5192270278930664,-0.16701698303222656,0.0007068267441354692,0.35679465532302856
2.0,deploy,d,2,best,c036,-0.27581024169921875,-0.02364826202392578,0.0007068267441354692,0.35679465532302856
2.0,deploy,d,2,best,c009,-0.023349761962890625,0.05718517303466797,0.0007068267441354692,0.35679465532302856
2.0,deploy,d,2,best,c000,-0.3586769104003906,-0.02301502227783203,0.0007068267441354692,0.35679465532302856
2.0,deploy,d,2,best,c013,0.3623390197753906,-0.009000778198242188,0.0007068267441354692,0.35679465532302856
2.0,deploy,d,2,best,c049,-0.97650146484375,-0.1934680938720703,0.0007068267441354692,0.35679465532302856
2.0,deploy,d,2,best,c058,-0.47067832946777344,-0.07030391693115234,0.0007068267441354692,0.35679465532302856
2.0,deploy,d,2,best,c024,-0.15063858032226562,-0.06858062744140625,0.0007068267441354692,0.35679465532302856
2.0,deploy,d,2,best,c042,-0.6484880447387695,-0.1391582489013672,0.0007068267441354692,0.35679465532302856
2.0,deploy,d,2,best,c047,0.07628631591796875,0.005565643310546875,0.0007068267441354692,0.35679465532302856
2.0,deploy,d,2,best,c043,-1.446268081665039,-0.2295703887939453,0.0007068267441354692,0.35679465532302856
2.0,deploy,d,2,best,c003,-0.24113845825195312,-0.05737876892089844,0.0007068267441354692,0.35679465532302856
2.0,deploy,d,2,best,c041,-0.28011608123779297,-0.08367919921875,0.0007068267441354692,0.35679465532302856
2.0,deploy,d,2,best,c008,-0.7925691604614258,-0.0948324203491211,0.0007068267441354692,0.35679465532302856
2.0,deploy,d,2,best,c045,-0.9346466064453125,-0.16183948516845703,0.0007068267441354692,0.35679465532302856
2.0,deploy,d,2,best,c011,0.21254348754882812,0.0036945343017578125,0.0007068267441354692,0.35679465532302856
2.0,deploy,d,2,best,c020,-0.2712116241455078,-0.047298431396484375,0.0007068267441354692,0.35679465532302856
2.0,deploy,d,2,best,c044,-0.2899131774902344,-0.10210227966308594,0.0007068267441354692,0.35679465532302856
2.0,deploy,d,2,best,c016,0.18917465209960938,-0.009537696838378906,0.0007068267441354692,0.35679465532302856
2.0,deploy,d,2,best,c056,-0.06093120574951172,-0.026592254638671875,0.0007068267441354692,0.35679465532302856
2.0,deploy,d,2,best,c025,-0.004788398742675781,0.0027942657470703125,0.0007068267441354692,0.35679465532302856
2.0,deploy,d,2,best,c029,-0.44165706634521484,-0.026760101318359375,0.0007068267441354692,0.35679465532302856
2.0,deploy,d,2,best,c014,-0.26950740814208984,0.020422935485839844,0.0007068267441354692,0.35679465532302856
2.0,deploy,d,2,best,c002,-0.5103473663330078,-0.04732513427734375,0.0007068267441354692,0.35679465532302856
2.0,deploy,d,2,best,c023,-0.2586021423339844,-0.07732486724853516,0.0007068267441354692,0.35679465532302856
2.0,deploy,d,2,best,c046,-0.4406576156616211,-0.08289051055908203,0.0007068267441354692,0.35679465532302856
2.0,deploy,d,2,best,c022,-0.5874462127685547,-0.1108551025390625,0.0007068267441354692,0.35679465532302856
2.0,deploy,d,2,best,c050,-0.5507688522338867,-0.07106971740722656,0.0007068267441354692,0.35679465532302856
2.0,eval,random,2,best,c006,1.0415706634521484,0.02834033966064453,0.0030110455118119717,0.5381961862246195
2.0,eval,random,2,best,c017,0.662591298421224,0.03683980305989587,0.0030110455118119717,0.5381961862246195
2.0,eval,random,2,best,c039,0.7035242716471354,0.0019003550211588172,0.0030110455118119717,0.5381961862246195
2.0,eval,random,2,best,c036,0.30153624216715497,0.038815180460612,0.0030110455118119717,0.5381961862246195
2.0,eval,random,2,best,c009,-0.03277269999186198,0.02528031667073568,0.0030110455118119717,0.5381961862246195
2.0,eval,random,2,best,c000,0.623072624206543,0.0341796875,0.0030110455118119717,0.5381961862246195
2.0,eval,random,2,best,c013,1.7320063908894856,0.06856473286946607,0.0030110455118119717,0.5381961862246195
2.0,eval,random,2,best,c049,0.6878744761149088,0.07636801401774085,0.0030110455118119717,0.5381961862246195
2.0,eval,random,2,best,c058,0.5750478108723959,-0.012398401896158817,0.0030110455118119717,0.5381961862246195
2.0,eval,random,2,best,c024,0.1909948984781901,0.04038874308268228,0.0030110455118119717,0.5381961862246195
2.0,eval,random,2,best,c042,0.9344015121459961,0.013539314270019531,0.0030110455118119717,0.5381961862246195
2.0,eval,random,2,best,c047,0.44865671793619794,0.02320257822672528,0.0030110455118119717,0.5381961862246195
2.0,eval,random,2,best,c043,-0.6919110616048177,0.04283587137858069,0.0030110455118119717,0.5381961862246195
2.0,eval,random,2,best,c003,0.7402518590291342,0.03663953145345056,0.0030110455118119717,0.5381961862246195
2.0,eval,random,2,best,c041,0.7579412460327148,0.009417533874511719,0.0030110455118119717,0.5381961862246195
2.0,eval,random,2,best,c008,-0.04860973358154297,0.02045440673828125,0.0030110455118119717,0.5381961862246195
2.0,eval,random,2,best,c045,1.9042377471923828,0.04910564422607422,0.0030110455118119717,0.5381961862246195
2.0,eval,random,2,best,c011,0.953266461690267,0.043079694112141964,0.0030110455118119717,0.5381961862246195
2.0,eval,random,2,best,c020,1.8595447540283203,0.03531360626220703,0.0030110455118119717,0.5381961862246195
2.0,eval,random,2,best,c044,2.039520581563314,0.046235402425130356,0.0030110455118119717,0.5381961862246195
2.0,eval,random,2,best,c016,0.6833518346150717,0.04523213704427087,0.0030110455118119717,0.5381961862246195
2.0,eval,random,2,best,c056,0.8722187678019205,0.07213274637858069,0.0030110455118119717,0.5381961862246195
2.0,eval,random,2,best,c025,0.20819854736328125,0.04948902130126953,0.0030110455118119717,0.5381961862246195
2.0,eval,random,2,best,c029,0.36073939005533856,0.020571390787760435,0.0030110455118119717,0.5381961862246195
2.0,eval,random,2,best,c014,0.46553675333658856,0.06766764322916669,0.0030110455118119717,0.5381961862246195
2.0,eval,random,2,best,c002,0.5429302851359049,0.028431574503580692,0.0030110455118119717,0.5381961862246195
2.0,eval,random,2,best,c023,0.5886411666870117,0.01757335662841797,0.0030110455118119717,0.5381961862246195
2.0,eval,random,2,best,c046,0.6808252334594727,0.05434226989746094,0.0030110455118119717,0.5381961862246195
2.0,eval,random,2,best,c022,0.24617894490559897,0.03164418538411459,0.0030110455118119717,0.5381961862246195
2.0,eval,random,2,best,c050,1.160204251607259,0.04531796773274732,0.0030110455118119717,0.5381961862246195
2.0,eval,random,2,best,c006,1.2039604187011719,0.0208892822265625,0.0030110455118119717,0.5381961862246195
2.0,eval,random,2,best,c017,0.9182624816894531,0.03802776336669922,0.0030110455118119717,0.5381961862246195
2.0,eval,random,2,best,c039,0.2621752421061198,-0.009270032246907534,0.0030110455118119717,0.5381961862246195
2.0,eval,random,2,best,c036,0.6559298833211263,0.02009328206380212,0.0030110455118119717,0.5381961862246195
2.0,eval,random,2,best,c009,0.9947678248087565,0.021333376566568973,0.0030110455118119717,0.5381961862246195
2.0,eval,random,2,best,c000,0.6549806594848633,0.03693866729736328,0.0030110455118119717,0.5381961862246195
2.0,eval,random,2,best,c013,0.7867679595947266,0.0513916015625,0.0030110455118119717,0.5381961862246195
2.0,eval,random,2,best,c049,-0.0345916748046875,0.01587677001953125,0.0030110455118119717,0.5381961862246195
2.0,eval,random,2,best,c058,0.6469707489013672,-0.008996963500976562,0.0030110455118119717,0.5381961862246195
2.0,eval,random,2,best,c024,0.2521158854166667,4.641215006512267e-05,0.0030110455118119717,0.5381961862246195
2.0,eval,random,2,best,c042,0.2303921381632487,0.046575228373209626,0.0030110455118119717,0.5381961862246195
2.0,eval,random,2,best,c047,0.7227576573689779,0.019520123799641964,0.0030110455118119717,0.5381961862246195
2.0,eval,random,2,best,c043,0.08568668365478516,0.030211448669433594,0.0030110455118119717,0.5381961862246195
2.0,eval,random,2,best,c003,0.5314375559488932,0.036291758219401005,0.0030110455118119717,0.5381961862246195
2.0,eval,random,2,best,c041,0.2473729451497396,0.019845326741536468,0.0030110455118119717,0.5381961862246195
2.0,eval,random,2,best,c008,0.3456532160441081,0.007908503214518248,0.0030110455118119717,0.5381961862246195
2.0,eval,random,2,best,c045,0.585264523824056,0.04562314351399743,0.0030110455118119717,0.5381961862246195
2.0,eval,random,2,best,c011,0.31071122487386066,0.048538525899251284,0.0030110455118119717,0.5381961862246195
2.0,eval,random,2,best,c020,0.8145071665445963,0.04948870340983069,0.0030110455118119717,0.5381961862246195
2.0,eval,random,2,best,c044,0.26826922098795575,0.04991022745768231,0.0030110455118119717,0.5381961862246195
2.0,eval,random,2,best,c016,0.5905580520629883,0.021393775939941406,0.0030110455118119717,0.5381961862246195
2.0,eval,random,2,best,c056,-0.0036541620890299478,0.04926141103108724,0.0030110455118119717,0.5381961862246195
2.0,eval,random,2,best,c025,0.2498203913370768,0.02231756846110025,0.0030110455118119717,0.5381961862246195
2.0,eval,random,2,best,c029,0.1665805180867513,-0.00029913584391275116,0.0030110455118119717,0.5381961862246195
2.0,eval,random,2,best,c014,0.3910239537556966,0.04449113210042316,0.0030110455118119717,0.5381961862246195
2.0,eval,random,2,best,c002,0.5131804148356119,0.020386377970377567,0.0030110455118119717,0.5381961862246195
2.0,eval,random,2,best,c023,0.8167575200398763,-0.003101984659830692,0.0030110455118119717,0.5381961862246195
2.0,eval,random,2,best,c046,0.14567057291666666,0.01903216044108072,0.0030110455118119717,0.5381961862246195
2.0,eval,random,2,best,c022,0.3427000045776367,0.014813423156738281,0.0030110455118119717,0.5381961862246195
2.0,eval,random,2,best,c050,0.9848957061767578,0.03903388977050781,0.0030110455118119717,0.5381961862246195
4.0,eval,d,2,best,c006,1.0386905670166016,0.025460243225097656,0.012515424750745296,0.5639089345932007
4.0,eval,d,2,best,c017,0.6720418930053711,0.04629039764404297,0.012515424750745296,0.5639089345932007
4.0,eval,d,2,best,c039,0.7569007873535156,0.05527687072753906,0.012515424750745296,0.5639089345932007
4.0,eval,d,2,best,c036,0.3372001647949219,0.0744791030883789,0.012515424750745296,0.5639089345932007
4.0,eval,d,2,best,c009,-0.0112762451171875,0.046776771545410156,0.012515424750745296,0.5639089345932007
4.0,eval,d,2,best,c000,0.6105279922485352,0.021635055541992188,0.012515424750745296,0.5639089345932007
4.0,eval,d,2,best,c013,1.8074884414672852,0.14404678344726562,0.012515424750745296,0.5639089345932007
4.0,eval,d,2,best,c049,0.7603759765625,0.14886951446533203,0.012515424750745296,0.5639089345932007
4.0,eval,d,2,best,c058,0.8393077850341797,0.251861572265625,0.012515424750745296,0.5639089345932007
4.0,eval,d,2,best,c024,0.20919036865234375,0.05858421325683594,0.012515424750745296,0.5639089345932007
4.0,eval,d,2,best,c042,0.8006772994995117,-0.12018489837646484,0.012515424750745296,0.5639089345932007
4.0,eval,d,2,best,c047,0.42400074005126953,-0.001453399658203125,0.012515424750745296,0.5639089345932007
4.0,eval,d,2,best,c043,-0.9831066131591797,-0.24835968017578125,0.012515424750745296,0.5639089345932007
4.0,eval,d,2,best,c003,0.9262800216674805,0.22266769409179688,0.012515424750745296,0.5639089345932007
4.0,eval,d,2,best,c041,0.6554012298583984,-0.09312248229980469,0.012515424750745296,0.5639089345932007
4.0,eval,d,2,best,c008,-0.25891780853271484,-0.18985366821289062,0.012515424750745296,0.5639089345932007
4.0,eval,d,2,best,c045,1.9788284301757812,0.12369632720947266,0.012515424750745296,0.5639089345932007
4.0,eval,d,2,best,c011,1.0750045776367188,0.16481781005859375,0.012515424750745296,0.5639089345932007
4.0,eval,d,2,best,c020,2.02042293548584,0.19619178771972656,0.012515424750745296,0.5639089345932007
4.0,eval,d,2,best,c044,1.9157161712646484,-0.07756900787353516,0.012515424750745296,0.5639089345932007
4.0,eval,d,2,best,c016,0.8448257446289062,0.20670604705810547,0.012515424750745296,0.5639089345932007
4.0,eval,d,2,best,c056,0.8873128890991211,0.08722686767578125,0.012515424750745296,0.5639089345932007
4.0,eval,d,2,best,c025,0.14053821563720703,-0.018171310424804688,0.012515424750745296,0.5639089345932007
4.0,eval,d,2,best,c029,0.3064451217651367,-0.033722877502441406,0.012515424750745296,0.5639089345932007
4.0,eval,d,2,best,c014,0.29918384552001953,-0.09868526458740234,0.012515424750745296,0.5639089345932007
4.0,eval,d,2,best,c002,0.607792854309082,0.09329414367675781,0.012515424750745296,0.5639089345932007
4.0,eval,d,2,best,c023,0.5510654449462891,-0.020002365112304688,0.012515424750745296,0.5639089345932007
4.0,eval,d,2,best,c046,1.2627525329589844,0.6362695693969727,0.012515424750745296,0.5639089345932007
4.0,eval,d,2,best,c022,0.3391847610473633,0.1246500015258789,0.012515424750745296,0.5639089345932007
4.0,eval,d,2,best,c050,1.1479568481445312,0.03307056427001953,0.012515424750745296,0.5639089345932007
4.0,eval,d,2,best,c006,1.2722721099853516,0.08920097351074219,0.012515424750745296,0.5639089345932007
4.0,eval,d,2,best,c017,0.9806089401245117,0.10037422180175781,0.012515424750745296,0.5639089345932007
4.0,eval,d,2,best,c039,0.20480918884277344,-0.0666360855102539,0.012515424750745296,0.5639089345932007
4.0,eval,d,2,best,c036,0.6689882278442383,0.03315162658691406,0.012515424750745296,0.5639089345932007
4.0,eval,d,2,best,c009,0.6682214736938477,-0.30521297454833984,0.012515424750745296,0.5639089345932007
4.0,eval,d,2,best,c000,0.7145118713378906,0.09646987915039062,0.012515424750745296,0.5639089345932007
4.0,eval,d,2,best,c013,0.8427743911743164,0.10739803314208984,0.012515424750745296,0.5639089345932007
4.0,eval,d,2,best,c049,-0.004322052001953125,0.046146392822265625,0.012515424750745296,0.5639089345932007
4.0,eval,d,2,best,c058,1.0785446166992188,0.422576904296875,0.012515424750745296,0.5639089345932007
4.0,eval,d,2,best,c024,0.2162017822265625,-0.03586769104003906,0.012515424750745296,0.5639089345932007
4.0,eval,d,2,best,c042,0.26725292205810547,0.0834360122680664,0.012515424750745296,0.5639089345932007
4.0,eval,d,2,best,c047,0.8171892166137695,0.1139516830444336,0.012515424750745296,0.5639089345932007
4.0,eval,d,2,best,c043,-0.20888042449951172,-0.2643556594848633,0.012515424750745296,0.5639089345932007
4.0,eval,d,2,best,c003,0.3839893341064453,-0.11115646362304688,0.012515424750745296,0.5639089345932007
4.0,eval,d,2,best,c041,0.13750934600830078,-0.09001827239990234,0.012515424750745296,0.5639089345932007
4.0,eval,d,2,best,c008,0.37248897552490234,0.0347442626953125,0.012515424750745296,0.5639089345932007
4.0,eval,d,2,best,c045,0.6517906188964844,0.11214923858642578,0.012515424750745296,0.5639089345932007
4.0,eval,d,2,best,c011,0.2572593688964844,-0.004913330078125,0.012515424750745296,0.5639089345932007
4.0,eval,d,2,best,c020,0.8418292999267578,0.07681083679199219,0.012515424750745296,0.5639089345932007
4.0,eval,d,2,best,c044,0.15951156616210938,-0.05884742736816406,0.012515424750745296,0.5639089345932007
4.0,eval,d,2,best,c016,0.7008543014526367,0.13169002532958984,0.012515424750745296,0.5639089345932007
4.0,eval,d,2,best,c056,0.007434844970703125,0.06035041809082031,0.012515424750745296,0.5639089345932007
4.0,eval,d,2,best,c025,0.48033714294433594,0.2528343200683594,0.012515424750745296,0.5639089345932007
4.0,eval,d,2,best,c029,0.3014106750488281,0.13453102111816406,0.012515424750745296,0.5639089345932007
4.0,eval,d,2,best,c014,0.4450216293334961,0.09848880767822266,0.012515424750745296,0.5639089345932007
4.0,eval,d,2,best,c002,0.5482540130615234,0.05545997619628906,0.012515424750745296,0.5639089345932007
4.0,eval,d,2,best,c023,1.0290307998657227,0.20917129516601562,0.012515424750745296,0.5639089345932007
4.0,eval,d,2,best,c046,0.08619022369384766,-0.04044818878173828,0.012515424750745296,0.5639089345932007
4.0,eval,d,2,best,c022,0.3844137191772461,0.056527137756347656,0.012515424750745296,0.5639089345932007
4.0,eval,d,2,best,c050,0.9832954406738281,0.037433624267578125,0.012515424750745296,0.5639089345932007
4.0,deploy,d,2,best,c006,0.25304412841796875,-0.09316253662109375,0.0016485713422298431,0.3479863405227661
4.0,deploy,d,2,best,c017,-0.4129037857055664,-0.22143173217773438,0.0016485713422298431,0.3479863405227661
4.0,deploy,d,2,best,c039,-0.45364856719970703,-0.22401905059814453,0.0016485713422298431,0.3479863405227661
4.0,deploy,d,2,best,c036,0.06171607971191406,0.048089027404785156,0.0016485713422298431,0.3479863405227661
4.0,deploy,d,2,best,c009,-0.619725227355957,-0.2445354461669922,0.0016485713422298431,0.3479863405227661
4.0,deploy,d,2,best,c000,-0.4654426574707031,-0.20372962951660156,0.0016485713422298431,0.3479863405227661
4.0,deploy,d,2,best,c013,0.15328216552734375,-0.1622486114501953,0.0016485713422298431,0.3479863405227661
4.0,deploy,d,2,best,c049,-0.4869880676269531,-0.12285709381103516,0.0016485713422298431,0.3479863405227661
4.0,deploy,d,2,best,c058,-0.49525928497314453,-0.17033958435058594,0.0016485713422298431,0.3479863405227661
4.0,deploy,d,2,best,c024,-0.6637134552001953,-0.28372764587402344,0.0016485713422298431,0.3479863405227661
4.0,deploy,d,2,best,c042,-0.46441078186035156,-0.1666259765625,0.0016485713422298431,0.3479863405227661
4.0,deploy,d,2,best,c047,0.08302593231201172,-0.10312747955322266,0.0016485713422298431,0.3479863405227661
4.0,deploy,d,2,best,c043,-1.0891599655151367,-0.38467979431152344,0.0016485713422298431,0.3479863405227661
4.0,deploy,d,2,best,c003,-0.20860958099365234,-0.0843648910522461,0.0016485713422298431,0.3479863405227661
4.0,deploy,d,2,best,c041,-1.192305564880371,-0.3859424591064453,0.0016485713422298431,0.3479863405227661
4.0,deploy,d,2,best,c008,-0.5108575820922852,-0.2107696533203125,0.0016485713422298431,0.3479863405227661
4.0,deploy,d,2,best,c045,-0.5815887451171875,-0.18562984466552734,0.0016485713422298431,0.3479863405227661
4.0,deploy,d,2,best,c011,0.015655517578125,-0.10046958923339844,0.0016485713422298431,0.3479863405227661
4.0,deploy,d,2,best,c020,-0.6466245651245117,-0.2630643844604492,0.0016485713422298431,0.3479863405227661
4.0,deploy,d,2,best,c044,-0.6007652282714844,-0.2949094772338867,0.0016485713422298431,0.3479863405227661
4.0,deploy,d,2,best,c016,-0.31939697265625,-0.11021232604980469,0.0016485713422298431,0.3479863405227661
4.0,deploy,d,2,best,c056,-0.09072017669677734,-0.009219169616699219,0.0016485713422298431,0.3479863405227661
4.0,deploy,d,2,best,c025,-0.41930103302001953,-0.17966175079345703,0.0016485713422298431,0.3479863405227661
4.0,deploy,d,2,best,c029,-0.8537960052490234,-0.12441539764404297,0.0016485713422298431,0.3479863405227661
4.0,deploy,d,2,best,c014,0.41952037811279297,0.09323883056640625,0.0016485713422298431,0.3479863405227661
4.0,deploy,d,2,best,c002,-0.3723878860473633,-0.11705970764160156,0.0016485713422298431,0.3479863405227661
4.0,deploy,d,2,best,c023,-0.33936595916748047,-0.19213294982910156,0.0016485713422298431,0.3479863405227661
4.0,deploy,d,2,best,c046,-1.0423974990844727,-0.3188934326171875,0.0016485713422298431,0.3479863405227661
4.0,deploy,d,2,best,c022,-0.030074119567871094,-0.08533096313476562,0.0016485713422298431,0.3479863405227661
4.0,deploy,d,2,best,c050,-0.09117603302001953,-0.06023693084716797,0.0016485713422298431,0.3479863405227661
4.0,deploy,d,2,best,c006,-0.11496162414550781,-0.1877889633178711,0.0016485713422298431,0.3479863405227661
4.0,deploy,d,2,best,c017,-0.07745552062988281,-0.1797924041748047,0.0016485713422298431,0.3479863405227661
4.0,deploy,d,2,best,c039,-0.70489501953125,-0.35268497467041016,0.0016485713422298431,0.3479863405227661
4.0,deploy,d,2,best,c036,-0.40482425689697266,-0.1526622772216797,0.0016485713422298431,0.3479863405227661
4.0,deploy,d,2,best,c009,-0.06908607482910156,0.011448860168457031,0.0016485713422298431,0.3479863405227661
4.0,deploy,d,2,best,c000,-0.4350719451904297,-0.0994100570678711,0.0016485713422298431,0.3479863405227661
4.0,deploy,d,2,best,c013,0.2666168212890625,-0.10472297668457031,0.0016485713422298431,0.3479863405227661
4.0,deploy,d,2,best,c049,-1.2274913787841797,-0.4444580078125,0.0016485713422298431,0.3479863405227661
4.0,deploy,d,2,best,c058,-0.5448532104492188,-0.14447879791259766,0.0016485713422298431,0.3479863405227661
4.0,deploy,d,2,best,c024,-0.3173055648803711,-0.23524761199951172,0.0016485713422298431,0.3479863405227661
4.0,deploy,d,2,best,c042,-0.8825464248657227,-0.3732166290283203,0.0016485713422298431,0.3479863405227661
4.0,deploy,d,2,best,c047,-0.013143539428710938,-0.08386421203613281,0.0016485713422298431,0.3479863405227661
4.0,deploy,d,2,best,c043,-1.7049074172973633,-0.48820972442626953,0.0016485713422298431,0.3479863405227661
4.0,deploy,d,2,best,c003,-0.3826436996459961,-0.1988840103149414,0.0016485713422298431,0.3479863405227661
4.0,deploy,d,2,best,c041,-0.4517230987548828,-0.25528621673583984,0.0016485713422298431,0.3479863405227661
4.0,deploy,d,2,best,c008,-0.8946571350097656,-0.19692039489746094,0.0016485713422298431,0.3479863405227661
4.0,deploy,d,2,best,c045,-1.1618070602416992,-0.38899993896484375,0.0016485713422298431,0.3479863405227661
4.0,deploy,d,2,best,c011,0.15446758270263672,-0.054381370544433594,0.0016485713422298431,0.3479863405227661
4.0,deploy,d,2,best,c020,-0.3897562026977539,-0.16584300994873047,0.0016485713422298431,0.3479863405227661
4.0,deploy,d,2,best,c044,-0.518641471862793,-0.33083057403564453,0.0016485713422298431,0.3479863405227661
4.0,deploy,d,2,best,c016,0.11337852478027344,-0.08533382415771484,0.0016485713422298431,0.3479863405227661
4.0,deploy,d,2,best,c056,-0.15494632720947266,-0.12060737609863281,0.0016485713422298431,0.3479863405227661
4.0,deploy,d,2,best,c025,-0.07292747497558594,-0.06534481048583984,0.0016485713422298431,0.3479863405227661
4.0,deploy,d,2,best,c029,-0.5411386489868164,-0.12624168395996094,0.0016485713422298431,0.3479863405227661
4.0,deploy,d,2,best,c014,-0.33879852294921875,-0.04886817932128906,0.0016485713422298431,0.3479863405227661
4.0,deploy,d,2,best,c002,-0.5941095352172852,-0.1310873031616211,0.0016485713422298431,0.3479863405227661
4.0,deploy,d,2,best,c023,-0.37805747985839844,-0.19678020477294922,0.0016485713422298431,0.3479863405227661
4.0,deploy,d,2,best,c046,-0.5760908126831055,-0.2183237075805664,0.0016485713422298431,0.3479863405227661
4.0,deploy,d,2,best,c022,-0.7759408950805664,-0.2993497848510742,0.0016485713422298431,0.3479863405227661
4.0,deploy,d,2,best,c050,-0.6696720123291016,-0.1899728775024414,0.0016485713422298431,0.3479863405227661
4.0,eval,random,2,best,c006,1.037991205851237,0.024760882059733147,0.00969777520125111,0.5285080671310425
4.0,eval,random,2,best,c017,0.6907068888346354,0.06495539347330725,0.00969777520125111,0.5285080671310425
4.0,eval,random,2,best,c039,0.7086038589477539,0.006979942321777344,0.00969777520125111,0.5285080671310425
4.0,eval,random,2,best,c036,0.33548927307128906,0.0727682113647461,0.00969777520125111,0.5285080671310425
4.0,eval,random,2,best,c009,-0.015620867411295572,0.042432149251302086,0.00969777520125111,0.5285080671310425
4.0,eval,random,2,best,c000,0.634706179300944,0.045813242594401005,0.00969777520125111,0.5285080671310425
4.0,eval,random,2,best,c013,1.7823206583658855,0.11887900034586596,0.00969777520125111,0.5285080671310425
4.0,eval,random,2,best,c049,0.7880105972290039,0.17650413513183594,0.00969777520125111,0.5285080671310425
4.0,eval,random,2,best,c058,0.5775591532389323,-0.009887059529622433,0.00969777520125111,0.5285080671310425
4.0,eval,random,2,best,c024,0.2233435312906901,0.07273737589518228,0.00969777520125111,0.5285080671310425
4.0,eval,random,2,best,c042,0.9272308349609375,0.0063686370849609375,0.00969777520125111,0.5285080671310425
4.0,eval,random,2,best,c047,0.4738162358601888,0.04836209615071613,0.00969777520125111,0.5285080671310425
4.0,eval,random,2,best,c043,-0.6635214487711588,0.07122548421223962,0.00969777520125111,0.5285080671310425
4.0,eval,random,2,best,c003,0.7510121663411459,0.04739983876546228,0.00969777520125111,0.5285080671310425
4.0,eval,random,2,best,c041,0.7501452763875326,0.001621564229329464,0.00969777520125111,0.5285080671310425
4.0,eval,random,2,best,c008,-0.028470357259114582,0.04059378306070964,0.00969777520125111,0.5285080671310425
4.0,eval,random,2,best,c045,1.9277528127034504,0.07262070973714185,0.00969777520125111,0.5285080671310425
4.0,eval,random,2,best,c011,0.9677130381266276,0.05752627054850257,0.00969777520125111,0.5285080671310425
4.0,eval,random,2,best,c020,1.8895378112792969,0.0653066635131836,0.00969777520125111,0.5285080671310425
4.0,eval,random,2,best,c044,2.054788589477539,0.06150341033935547,0.00969777520125111,0.5285080671310425
4.0,eval,random,2,best,c016,0.7062606811523438,0.06814098358154297,0.00969777520125111,0.5285080671310425
4.0,eval,random,2,best,c056,0.9327707290649414,0.13268470764160156,0.00969777520125111,0.5285080671310425
4.0,eval,random,2,best,c025,0.2543525695800781,0.0956430435180664,0.00969777520125111,0.5285080671310425
4.0,eval,random,2,best,c029,0.3943074544270833,0.05413945515950519,0.00969777520125111,0.5285080671310425
4.0,eval,random,2,best,c014,0.4957281748453776,0.09785906473795575,0.00969777520125111,0.5285080671310425
4.0,eval,random,2,best,c002,0.5570049285888672,0.04250621795654297,0.00969777520125111,0.5285080671310425
4.0,eval,random,2,best,c023,0.6050707499186198,0.034002939860026005,0.00969777520125111,0.5285080671310425
4.0,eval,random,2,best,c046,0.7009814580281576,0.07449849446614587,0.00969777520125111,0.5285080671310425
4.0,eval,random,2,best,c022,0.28085962931315106,0.06632486979166669,0.00969777520125111,0.5285080671310425
4.0,eval,random,2,best,c050,1.169459342956543,0.05457305908203125,0.00969777520125111,0.5285080671310425
4.0,eval,random,2,best,c006,1.200273831685384,0.017202695210774666,0.00969777520125111,0.5285080671310425
4.0,eval,random,2,best,c017,0.955476442972819,0.07524172465006507,0.00969777520125111,0.5285080671310425
4.0,eval,random,2,best,c039,0.26211102803548175,-0.009334246317545591,0.00969777520125111,0.5285080671310425
4.0,eval,random,2,best,c036,0.6620947519938151,0.02625815073649085,0.00969777520125111,0.5285080671310425
4.0,eval,random,2,best,c009,0.9851366678873698,0.011702219645182255,0.00969777520125111,0.5285080671310425
4.0,eval,random,2,best,c000,0.6651611328125,0.047119140625,0.00969777520125111,0.5285080671310425
4.0,eval,random,2,best,c013,0.8003937403361002,0.06501738230387366,0.00969777520125111,0.5285080671310425
4.0,eval,random,2,best,c049,0.00825341542561849,0.05872186024983724,0.00969777520125111,0.5285080671310425
4.0,eval,random,2,best,c058,0.6328010559082031,-0.023166656494140625,0.00969777520125111,0.5285080671310425
4.0,eval,random,2,best,c024,0.24082310994466147,-0.011246363321940095,0.00969777520125111,0.5285080671310425
4.0,eval,random,2,best,c042,0.2625726064046224,0.07875569661458331,0.00969777520125111,0.5285080671310425
4.0,eval,random,2,best,c047,0.7180328369140625,0.014795303344726562,0.00969777520125111,0.5285080671310425
4.0,eval,random,2,best,c043,0.1150369644165039,0.059561729431152344,0.00969777520125111,0.5285080671310425
4.0,eval,random,2,best,c003,0.5409564971923828,0.045810699462890625,0.00969777520125111,0.5285080671310425
4.0,eval,random,2,best,c041,0.24656041463216147,0.019032796223958343,0.00969777520125111,0.5285080671310425
4.0,eval,random,2,best,c008,0.36671606699625653,0.028971354166666685,0.00969777520125111,0.5285080671310425
4.0,eval,random,2,best,c045,0.6013739903767904,0.06173261006673181,0.00969777520125111,0.5285080671310425
4.0,eval,random,2,best,c011,0.34970537821451825,0.08753267923990887,0.00969777520125111,0.5285080671310425
4.0,eval,random,2,best,c020,0.8566954930623373,0.09167702992757165,0.00969777520125111,0.5285080671310425
4.0,eval,random,2,best,c044,0.28662109375,0.06826210021972656,0.00969777520125111,0.5285080671310425
4.0,eval,random,2,best,c016,0.6005404790242513,0.031376202901204464,0.00969777520125111,0.5285080671310425
4.0,eval,random,2,best,c056,0.03549003601074219,0.08840560913085938,0.00969777520125111,0.5285080671310425
4.0,eval,random,2,best,c025,0.26317691802978516,0.035674095153808594,0.00969777520125111,0.5285080671310425
4.0,eval,random,2,best,c029,0.19897842407226562,0.03209877014160156,0.00969777520125111,0.5285080671310425
4.0,eval,random,2,best,c014,0.41594409942626953,0.0694112777709961,0.00969777520125111,0.5285080671310425
4.0,eval,random,2,best,c002,0.5299889246622721,0.03719488779703772,0.00969777520125111,0.5285080671310425
4.0,eval,random,2,best,c023,0.8023958206176758,-0.01746368408203125,0.00969777520125111,0.5285080671310425
4.0,eval,random,2,best,c046,0.15526676177978516,0.02862834930419922,0.00969777520125111,0.5285080671310425
4.0,eval,random,2,best,c022,0.34882132212320965,0.020934740702311216,0.00969777520125111,0.5285080671310425
4.0,eval,random,2,best,c050,0.9875011444091797,0.04163932800292969,0.00969777520125111,0.5285080671310425
6.0,eval,d,2,best,c006,0.9368867874145508,-0.07634353637695312,0.017518024891614914,0.5443884134292603
6.0,eval,d,2,best,c017,0.5855302810668945,-0.040221214294433594,0.017518024891614914,0.5443884134292603
6.0,eval,d,2,best,c039,0.6682510375976562,-0.03337287902832031,0.017518024891614914,0.5443884134292603
6.0,eval,d,2,best,c036,0.2528076171875,-0.009913444519042969,0.017518024891614914,0.5443884134292603
6.0,eval,d,2,best,c009,-0.1239767074584961,-0.06592369079589844,0.017518024891614914,0.5443884134292603
6.0,eval,d,2,best,c000,0.5535802841186523,-0.035312652587890625,0.017518024891614914,0.5443884134292603
6.0,eval,d,2,best,c013,1.7520866394042969,0.08864498138427734,0.017518024891614914,0.5443884134292603
6.0,eval,d,2,best,c049,0.7775669097900391,0.1660604476928711,0.017518024891614914,0.5443884134292603
6.0,eval,d,2,best,c058,0.8802986145019531,0.29285240173339844,0.017518024891614914,0.5443884134292603
6.0,eval,d,2,best,c024,0.21428489685058594,0.06367874145507812,0.017518024891614914,0.5443884134292603
6.0,eval,d,2,best,c042,0.6387653350830078,-0.28209686279296875,0.017518024891614914,0.5443884134292603
6.0,eval,d,2,best,c047,0.32031917572021484,-0.10513496398925781,0.017518024891614914,0.5443884134292603
6.0,eval,d,2,best,c043,-1.1581707000732422,-0.42342376708984375,0.017518024891614914,0.5443884134292603
6.0,eval,d,2,best,c003,1.0147485733032227,0.31113624572753906,0.017518024891614914,0.5443884134292603
6.0,eval,d,2,best,c041,0.47805023193359375,-0.2704734802246094,0.017518024891614914,0.5443884134292603
6.0,eval,d,2,best,c008,-0.42943859100341797,-0.36037445068359375,0.017518024891614914,0.5443884134292603
6.0,eval,d,2,best,c045,1.9820318222045898,0.12689971923828125,0.017518024891614914,0.5443884134292603
6.0,eval,d,2,best,c011,1.067337989807129,0.1571512222290039,0.017518024891614914,0.5443884134292603
6.0,eval,d,2,best,c020,2.0363330841064453,0.21210193634033203,0.017518024891614914,0.5443884134292603
6.0,eval,d,2,best,c044,1.7563714981079102,-0.23691368103027344,0.017518024891614914,0.5443884134292603
6.0,eval,d,2,best,c016,0.8177738189697266,0.17965412139892578,0.017518024891614914,0.5443884134292603
6.0,eval,d,2,best,c056,0.8652582168579102,0.06517219543457031,0.017518024891614914,0.5443884134292603
6.0,eval,d,2,best,c025,0.0994119644165039,-0.05929756164550781,0.017518024891614914,0.5443884134292603
6.0,eval,d,2,best,c029,0.16338348388671875,-0.17678451538085938,0.017518024891614914,0.5443884134292603
6.0,eval,d,2,best,c014,0.1823282241821289,-0.21554088592529297,0.017518024891614914,0.5443884134292603
6.0,eval,d,2,best,c002,0.6223506927490234,0.10785198211669922,0.017518024891614914,0.5443884134292603
6.0,eval,d,2,best,c023,0.5062723159790039,-0.06479549407958984,0.017518024891614914,0.5443884134292603
6.0,eval,d,2,best,c046,1.4100265502929688,0.783543586730957,0.017518024891614914,0.5443884134292603
6.0,eval,d,2,best,c022,0.33870697021484375,0.12417221069335938,0.017518024891614914,0.5443884134292603
6.0,eval,d,2,best,c050,1.1044397354125977,-0.010446548461914062,0.017518024891614914,0.5443884134292603
6.0,eval,d,2,best,c006,1.2597789764404297,0.07670783996582031,0.017518024891614914,0.5443884134292603
6.0,eval,d,2,best,c017,0.8964824676513672,0.01624774932861328,0.017518024891614914,0.5443884134292603
6.0,eval,d,2,best,c039,0.014766693115234375,-0.25667858123779297,0.017518024891614914,0.5443884134292603
6.0,eval,d,2,best,c036,0.6396541595458984,0.0038175582885742188,0.017518024891614914,0.5443884134292603
6.0,eval,d,2,best,c009,0.38790225982666016,-0.5855321884155273,0.017518024891614914,0.5443884134292603
6.0,eval,d,2,best,c000,0.6527223587036133,0.03468036651611328,0.017518024891614914,0.5443884134292603
6.0,eval,d,2,best,c013,0.7884864807128906,0.05311012268066406,0.017518024891614914,0.5443884134292603
6.0,eval,d,2,best,c049,-0.07434844970703125,-0.0238800048828125,0.017518024891614914,0.5443884134292603
6.0,eval,d,2,best,c058,1.2008590698242188,0.544891357421875,0.017518024891614914,0.5443884134292603
6.0,eval,d,2,best,c024,0.21080589294433594,-0.041263580322265625,0.017518024891614914,0.5443884134292603
6.0,eval,d,2,best,c042,0.23899269104003906,0.05517578125,0.017518024891614914,0.5443884134292603
6.0,eval,d,2,best,c047,0.8090314865112305,0.10579395294189453,0.017518024891614914,0.5443884134292603
6.0,eval,d,2,best,c043,-0.35469532012939453,-0.4101705551147461,0.017518024891614914,0.5443884134292603
6.0,eval,d,2,best,c003,0.20333480834960938,-0.2918109893798828,0.017518024891614914,0.5443884134292603
6.0,eval,d,2,best,c041,0.02426433563232422,-0.2032632827758789,0.017518024891614914,0.5443884134292603
6.0,eval,d,2,best,c008,0.2213573455810547,-0.11638736724853516,0.017518024891614914,0.5443884134292603
6.0,eval,d,2,best,c045,0.5917530059814453,0.05211162567138672,0.017518024891614914,0.5443884134292603
6.0,eval,d,2,best,c011,0.22277545928955078,-0.039397239685058594,0.017518024891614914,0.5443884134292603
6.0,eval,d,2,best,c020,0.8383550643920898,0.07333660125732422,0.017518024891614914,0.5443884134292603
6.0,eval,d,2,best,c044,0.011198043823242188,-0.20716094970703125,0.017518024891614914,0.5443884134292603
6.0,eval,d,2,best,c016,0.7410573959350586,0.17189311981201172,0.017518024891614914,0.5443884134292603
6.0,eval,d,2,best,c056,-0.02852344512939453,0.024392127990722656,0.017518024891614914,0.5443884134292603
6.0,eval,d,2,best,c025,0.5350141525268555,0.3075113296508789,0.017518024891614914,0.5443884134292603
6.0,eval,d,2,best,c029,0.3252096176147461,0.15832996368408203,0.017518024891614914,0.5443884134292603
6.0,eval,d,2,best,c014,0.4083671569824219,0.06183433532714844,0.017518024891614914,0.5443884134292603
6.0,eval,d,2,best,c002,0.5402250289916992,0.047430992126464844,0.017518024891614914,0.5443884134292603
6.0,eval,d,2,best,c023,1.070878028869629,0.2510185241699219,0.017518024891614914,0.5443884134292603
6.0,eval,d,2,best,c046,0.00019359588623046875,-0.12644481658935547,0.017518024891614914,0.5443884134292603
6.0,eval,d,2,best,c022,0.3834829330444336,0.055596351623535156,0.017518024891614914,0.5443884134292603
6.0,eval,d,2,best,c050,0.9198408126831055,-0.02602100372314453,0.017518024891614914,0.5443884134292603
6.0,deploy,d,2,best,c006,0.08245468139648438,-0.2637519836425781,0.0036686507519334555,0.30897819995880127
6.0,deploy,d,2,best,c017,-0.6481466293334961,-0.45667457580566406,0.0036686507519334555,0.30897819995880127
6.0,deploy,d,2,best,c039,-0.6226129531860352,-0.39298343658447266,0.0036686507519334555,0.30897819995880127
6.0,deploy,d,2,best,c036,-0.02559947967529297,-0.039226531982421875,0.0036686507519334555,0.30897819995880127
6.0,deploy,d,2,best,c009,-0.8335504531860352,-0.4583606719970703,0.0036686507519334555,0.30897819995880127
6.0,deploy,d,2,best,c000,-0.6408519744873047,-0.3791389465332031,0.0036686507519334555,0.30897819995880127
6.0,deploy,d,2,best,c013,-0.06738758087158203,-0.3829183578491211,0.0036686507519334555,0.30897819995880127
6.0,deploy,d,2,best,c049,-0.678950309753418,-0.3148193359375,0.0036686507519334555,0.30897819995880127
6.0,deploy,d,2,best,c058,-0.6035776138305664,-0.2786579132080078,0.0036686507519334555,0.30897819995880127
6.0,deploy,d,2,best,c024,-0.8996305465698242,-0.5196447372436523,0.0036686507519334555,0.30897819995880127
6.0,deploy,d,2,best,c042,-0.6515922546386719,-0.3538074493408203,0.0036686507519334555,0.30897819995880127
6.0,deploy,d,2,best,c047,-0.11883926391601562,-0.30499267578125,0.0036686507519334555,0.30897819995880127
6.0,deploy,d,2,best,c043,-1.3854827880859375,-0.6810026168823242,0.0036686507519334555,0.30897819995880127
6.0,deploy,d,2,best,c003,-0.3511781692504883,-0.22693347930908203,0.0036686507519334555,0.30897819995880127
6.0,deploy,d,2,best,c041,-1.455552101135254,-0.6491889953613281,0.0036686507519334555,0.30897819995880127
6.0,deploy,d,2,best,c008,-0.7067022323608398,-0.4066143035888672,0.0036686507519334555,0.30897819995880127
6.0,deploy,d,2,best,c045,-0.7642459869384766,-0.3682870864868164,0.0036686507519334555,0.30897819995880127
6.0,deploy,d,2,best,c011,-0.10958290100097656,-0.2257080078125,0.0036686507519334555,0.30897819995880127
6.0,deploy,d,2,best,c020,-0.8259725570678711,-0.4424123764038086,0.0036686507519334555,0.30897819995880127
6.0,deploy,d,2,best,c044,-0.8848657608032227,-0.579010009765625,0.0036686507519334555,0.30897819995880127
6.0,deploy,d,2,best,c016,-0.47089385986328125,-0.26170921325683594,0.0036686507519334555,0.30897819995880127
6.0,deploy,d,2,best,c056,-0.22036266326904297,-0.13886165618896484,0.0036686507519334555,0.30897819995880127
6.0,deploy,d,2,best,c025,-0.6088638305664062,-0.36922454833984375,0.0036686507519334555,0.30897819995880127
6.0,deploy,d,2,best,c029,-0.9533824920654297,-0.22400188446044922,0.0036686507519334555,0.30897819995880127
6.0,deploy,d,2,best,c014,0.3634061813354492,0.0371246337890625,0.0036686507519334555,0.30897819995880127
6.0,deploy,d,2,best,c002,-0.5138225555419922,-0.25849437713623047,0.0036686507519334555,0.30897819995880127
6.0,deploy,d,2,best,c023,-0.5217466354370117,-0.3745136260986328,0.0036686507519334555,0.30897819995880127
6.0,deploy,d,2,best,c046,-1.2018680572509766,-0.4783639907836914,0.0036686507519334555,0.30897819995880127
6.0,deploy,d,2,best,c022,-0.14856719970703125,-0.20382404327392578,0.0036686507519334555,0.30897819995880127
6.0,deploy,d,2,best,c050,-0.2030506134033203,-0.17211151123046875,0.0036686507519334555,0.30897819995880127
6.0,deploy,d,2,best,c006,-0.3592510223388672,-0.43207836151123047,0.0036686507519334555,0.30897819995880127
6.0,deploy,d,2,best,c017,-0.31429004669189453,-0.4166269302368164,0.0036686507519334555,0.30897819995880127
6.0,deploy,d,2,best,c039,-0.8578357696533203,-0.5056257247924805,0.0036686507519334555,0.30897819995880127
6.0,deploy,d,2,best,c036,-0.6018743515014648,-0.3497123718261719,0.0036686507519334555,0.30897819995880127
6.0,deploy,d,2,best,c009,-0.23635482788085938,-0.15581989288330078,0.0036686507519334555,0.30897819995880127
6.0,deploy,d,2,best,c000,-0.5544214248657227,-0.21875953674316406,0.0036686507519334555,0.30897819995880127
6.0,deploy,d,2,best,c013,0.08661079406738281,-0.28472900390625,0.0036686507519334555,0.30897819995880127
6.0,deploy,d,2,best,c049,-1.514512062072754,-0.7314786911010742,0.0036686507519334555,0.30897819995880127
6.0,deploy,d,2,best,c058,-0.5991697311401367,-0.19879531860351562,0.0036686507519334555,0.30897819995880127
6.0,deploy,d,2,best,c024,-0.5509109497070312,-0.4688529968261719,0.0036686507519334555,0.30897819995880127
6.0,deploy,d,2,best,c042,-1.1720972061157227,-0.6627674102783203,0.0036686507519334555,0.30897819995880127
6.0,deploy,d,2,best,c047,-0.19463062286376953,-0.2653512954711914,0.0036686507519334555,0.30897819995880127
6.0,deploy,d,2,best,c043,-1.914987564086914,-0.6982898712158203,0.0036686507519334555,0.30897819995880127
6.0,deploy,d,2,best,c003,-0.5952005386352539,-0.4114408493041992,0.0036686507519334555,0.30897819995880127
6.0,deploy,d,2,best,c041,-0.7173013687133789,-0.5208644866943359,0.0036686507519334555,0.30897819995880127
6.0,deploy,d,2,best,c008,-0.9835538864135742,-0.28581714630126953,0.0036686507519334555,0.30897819995880127
6.0,deploy,d,2,best,c045,-1.4122514724731445,-0.6394443511962891,0.0036686507519334555,0.30897819995880127
6.0,deploy,d,2,best,c011,0.034397125244140625,-0.1744518280029297,0.0036686507519334555,0.30897819995880127
6.0,deploy,d,2,best,c020,-0.5799503326416016,-0.3560371398925781,0.0036686507519334555,0.30897819995880127
6.0,deploy,d,2,best,c044,-0.8362998962402344,-0.6484889984130859,0.0036686507519334555,0.30897819995880127
6.0,deploy,d,2,best,c016,-0.019748687744140625,-0.2184610366821289,0.0036686507519334555,0.30897819995880127
6.0,deploy,d,2,best,c056,-0.30168724060058594,-0.2673482894897461,0.0036686507519334555,0.30897819995880127
6.0,deploy,d,2,best,c025,-0.20799541473388672,-0.20041275024414062,0.0036686507519334555,0.30897819995880127
6.0,deploy,d,2,best,c029,-0.7384147644042969,-0.3235177993774414,0.0036686507519334555,0.30897819995880127
6.0,deploy,d,2,best,c014,-0.4749164581298828,-0.18498611450195312,0.0036686507519334555,0.30897819995880127
6.0,deploy,d,2,best,c002,-0.6985979080200195,-0.23557567596435547,0.0036686507519334555,0.30897819995880127
6.0,deploy,d,2,best,c023,-0.5491943359375,-0.3679170608520508,0.0036686507519334555,0.30897819995880127
6.0,deploy,d,2,best,c046,-0.7407245635986328,-0.38295745849609375,0.0036686507519334555,0.30897819995880127
6.0,deploy,d,2,best,c022,-1.031712532043457,-0.5551214218139648,0.0036686507519334555,0.30897819995880127
6.0,deploy,d,2,best,c050,-0.821894645690918,-0.3421955108642578,0.0036686507519334555,0.30897819995880127
6.0,eval,random,2,best,c006,0.9895505905151367,-0.023679733276367188,0.017629992216825485,0.5153710742791494
6.0,eval,random,2,best,c017,0.7047249476114908,0.07897345225016272,0.017629992216825485,0.5153710742791494
6.0,eval,random,2,best,c039,0.7164557774861654,0.014831860860188839,0.017629992216825485,0.5153710742791494
6.0,eval,random,2,best,c036,0.35221227010091144,0.08949120839436847,0.017629992216825485,0.5153710742791494
6.0,eval,random,2,best,c009,-0.0055090586344401045,0.052543958028157554,0.017629992216825485,0.5153710742791494
6.0,eval,random,2,best,c000,0.6097211837768555,0.0208282470703125,0.017629992216825485,0.5153710742791494
6.0,eval,random,2,best,c013,1.8078762690226238,0.14443461100260424,0.017629992216825485,0.5153710742791494
6.0,eval,random,2,best,c049,0.9089962641398112,0.2974898020426432,0.017629992216825485,0.5153710742791494
6.0,eval,random,2,best,c058,0.5982430775960287,0.010796864827473995,0.017629992216825485,0.5153710742791494
6.0,eval,random,2,best,c024,0.2340815862019857,0.08347543080647787,0.017629992216825485,0.5153710742791494
6.0,eval,random,2,best,c042,0.8871685663859049,-0.03369363149007165,0.017629992216825485,0.5153710742791494
6.0,eval,random,2,best,c047,0.5012162526448568,0.07576211293538415,0.017629992216825485,0.5153710742791494
6.0,eval,random,2,best,c043,-0.6451921463012695,0.0895547866821289,0.017629992216825485,0.5153710742791494
6.0,eval,random,2,best,c003,0.7272300720214844,0.02361774444580078,0.017629992216825485,0.5153710742791494
6.0,eval,random,2,best,c041,0.711482048034668,-0.037041664123535156,0.017629992216825485,0.5153710742791494
6.0,eval,random,2,best,c008,-0.011480967203776041,0.05758317311604818,0.017629992216825485,0.5153710742791494
6.0,eval,random,2,best,c045,1.9106556574503581,0.05552355448404955,0.017629992216825485,0.5153710742791494
6.0,eval,random,2,best,c011,0.9478127161661783,0.03762594858805335,0.017629992216825485,0.5153710742791494
6.0,eval,random,2,best,c020,1.9062331517537434,0.08200200398763013,0.017629992216825485,0.5153710742791494
6.0,eval,random,2,best,c044,2.0420217514038086,0.048736572265625,0.017629992216825485,0.5153710742791494
6.0,eval,random,2,best,c016,0.6931425730387369,0.05502287546793616,0.017629992216825485,0.5153710742791494
6.0,eval,random,2,best,c056,0.965972900390625,0.16588687896728516,0.017629992216825485,0.5153710742791494
6.0,eval,random,2,best,c025,0.2833372751871745,0.12462774912516278,0.017629992216825485,0.5153710742791494
6.0,eval,random,2,best,c029,0.4438333511352539,0.10366535186767578,0.017629992216825485,0.5153710742791494
6.0,eval,random,2,best,c014,0.48216597239176434,0.08429686228434247,0.017629992216825485,0.5153710742791494
6.0,eval,random,2,best,c002,0.5539703369140625,0.03947162628173828,0.017629992216825485,0.5153710742791494
6.0,eval,random,2,best,c023,0.61968994140625,0.04862213134765625,0.017629992216825485,0.5153710742791494
6.0,eval,random,2,best,c046,0.6682837804158529,0.04180081685384118,0.017629992216825485,0.5153710742791494
6.0,eval,random,2,best,c022,0.3110965092976888,0.09656174977620441,0.017629992216825485,0.5153710742791494
6.0,eval,random,2,best,c050,1.1328506469726562,0.01796436309814453,0.017629992216825485,0.5153710742791494
6.0,eval,random,2,best,c006,1.1606613794962566,-0.02240975697835279,0.017629992216825485,0.5153710742791494
6.0,eval,random,2,best,c017,0.9896179835001627,0.10938326517740882,0.017629992216825485,0.5153710742791494
6.0,eval,random,2,best,c039,0.27995745340983075,0.008512179056803404,0.017629992216825485,0.5153710742791494
6.0,eval,random,2,best,c036,0.6360505421956381,0.0002139409383138391,0.017629992216825485,0.5153710742791494
6.0,eval,random,2,best,c009,0.9643497467041016,-0.009084701538085938,0.017629992216825485,0.5153710742791494
6.0,eval,random,2,best,c000,0.6344191233317057,0.016377131144205692,0.017629992216825485,0.5153710742791494
6.0,eval,random,2,best,c013,0.7654062906901041,0.030029932657877567,0.017629992216825485,0.5153710742791494
6.0,eval,random,2,best,c049,0.0837392807006836,0.13420772552490234,0.017629992216825485,0.5153710742791494
6.0,eval,random,2,best,c058,0.6204655965169271,-0.03550211588541663,0.017629992216825485,0.5153710742791494
6.0,eval,random,2,best,c024,0.21737543741861978,-0.03469403584798178,0.017629992216825485,0.5153710742791494
6.0,eval,random,2,best,c042,0.28278764088948566,0.0989707310994466,0.017629992216825485,0.5153710742791494
6.0,eval,random,2,best,c047,0.681733767191569,-0.021503766377766964,0.017629992216825485,0.5153710742791494
6.0,eval,random,2,best,c043,0.13971900939941406,0.0842437744140625,0.017629992216825485,0.5153710742791494
6.0,eval,random,2,best,c003,0.5104201634724935,0.015274365743001339,0.017629992216825485,0.5153710742791494
6.0,eval,random,2,best,c041,0.2184565862019857,-0.009071032206217439,0.017629992216825485,0.5153710742791494
6.0,eval,random,2,best,c008,0.4021412531534831,0.06439654032389325,0.017629992216825485,0.5153710742791494
6.0,eval,random,2,best,c045,0.5760364532470703,0.03639507293701172,0.017629992216825485,0.5153710742791494
6.0,eval,random,2,best,c011,0.37362225850423175,0.11144955952962238,0.017629992216825485,0.5153710742791494
6.0,eval,random,2,best,c020,0.8838685353597006,0.11885007222493493,0.017629992216825485,0.5153710742791494
6.0,eval,random,2,best,c044,0.2756649653116862,0.05730597178141278,0.017629992216825485,0.5153710742791494
6.0,eval,random,2,best,c016,0.5917186737060547,0.022554397583007812,0.017629992216825485,0.5153710742791494
6.0,eval,random,2,best,c056,0.05770333607991537,0.11061890920003256,0.017629992216825485,0.5153710742791494
6.0,eval,random,2,best,c025,0.2619152069091797,0.034412384033203125,0.017629992216825485,0.5153710742791494
6.0,eval,random,2,best,c029,0.26941776275634766,0.1025381088256836,0.017629992216825485,0.5153710742791494
6.0,eval,random,2,best,c014,0.42420101165771484,0.0776681900024414,0.017629992216825485,0.5153710742791494
6.0,eval,random,2,best,c002,0.5371878941853842,0.04439385732014978,0.017629992216825485,0.5153710742791494
6.0,eval,random,2,best,c023,0.7745170593261719,-0.045342445373535156,0.017629992216825485,0.5153710742791494
6.0,eval,random,2,best,c046,0.15028794606526694,0.023649533589681,0.017629992216825485,0.5153710742791494
6.0,eval,random,2,best,c022,0.3367296854654948,0.008843104044596373,0.017629992216825485,0.5153710742791494
6.0,eval,random,2,best,c050,0.9482072194417318,0.002345403035481808,0.017629992216825485,0.5153710742791494
8.0,eval,d,2,best,c006,0.7798061370849609,-0.23342418670654297,0.021930743008852005,0.49798518419265747
8.0,eval,d,2,best,c017,0.4429302215576172,-0.18282127380371094,0.021930743008852005,0.49798518419265747
8.0,eval,d,2,best,c039,0.5745210647583008,-0.12710285186767578,0.021930743008852005,0.49798518419265747
8.0,eval,d,2,best,c036,0.1369638442993164,-0.12575721740722656,0.021930743008852005,0.49798518419265747
8.0,eval,d,2,best,c009,-0.2968254089355469,-0.23877239227294922,0.021930743008852005,0.49798518419265747
8.0,eval,d,2,best,c000,0.48333168029785156,-0.1055612564086914,0.021930743008852005,0.49798518419265747
8.0,eval,d,2,best,c013,1.6558609008789062,-0.007580757141113281,0.021930743008852005,0.49798518419265747
8.0,eval,d,2,best,c049,0.7567958831787109,0.14528942108154297,0.021930743008852005,0.49798518419265747
8.0,eval,d,2,best,c058,0.8212785720825195,0.23383235931396484,0.021930743008852005,0.49798518419265747
8.0,eval,d,2,best,c024,0.2543506622314453,0.1037445068359375,0.021930743008852005,0.49798518419265747
8.0,eval,d,2,best,c042,0.47173404693603516,-0.4491281509399414,0.021930743008852005,0.49798518419265747
8.0,eval,d,2,best,c047,0.1511211395263672,-0.27433300018310547,0.021930743008852005,0.49798518419265747
8.0,eval,d,2,best,c043,-1.2694330215454102,-0.5346860885620117,0.021930743008852005,0.49798518419265747
8.0,eval,d,2,best,c003,1.082723617553711,0.37911128997802734,0.021930743008852005,0.49798518419265747
8.0,eval,d,2,best,c041,0.26607608795166016,-0.48244762420654297,0.021930743008852005,0.49798518419265747
8.0,eval,d,2,best,c008,-0.5378074645996094,-0.46874332427978516,0.021930743008852005,0.49798518419265747
8.0,eval,d,2,best,c045,1.9860258102416992,0.13089370727539062,0.021930743008852005,0.49798518419265747
8.0,eval,d,2,best,c011,0.9638204574584961,0.053633689880371094,0.021930743008852005,0.49798518419265747
8.0,eval,d,2,best,c020,2.036810874938965,0.21257972717285156,0.021930743008852005,0.49798518419265747
8.0,eval,d,2,best,c044,1.6153154373168945,-0.37796974182128906,0.021930743008852005,0.49798518419265747
8.0,eval,d,2,best,c016,0.7079849243164062,0.06986522674560547,0.021930743008852005,0.49798518419265747
8.0,eval,d,2,best,c056,0.8436651229858398,0.0435791015625,0.021930743008852005,0.49798518419265747
8.0,eval,d,2,best,c025,0.11804008483886719,-0.04066944122314453,0.021930743008852005,0.49798518419265747
8.0,eval,d,2,best,c029,-0.03120899200439453,-0.37137699127197266,0.021930743008852005,0.49798518419265747
8.0,eval,d,2,best,c014,0.07126426696777344,-0.32660484313964844,0.021930743008852005,0.49798518419265747
8.0,eval,d,2,best,c002,0.6567440032958984,0.14224529266357422,0.021930743008852005,0.49798518419265747
8.0,eval,d,2,best,c023,0.49185752868652344,-0.07921028137207031,0.021930743008852005,0.49798518419265747
8.0,eval,d,2,best,c046,1.3771963119506836,0.7507133483886719,0.021930743008852005,0.49798518419265747
8.0,eval,d,2,best,c022,0.32534313201904297,0.1108083724975586,0.021930743008852005,0.49798518419265747
8.0,eval,d,2,best,c050,1.0245847702026367,-0.090301513671875,0.021930743008852005,0.49798518419265747
8.0,eval,d,2,best,c006,1.2282676696777344,0.045196533203125,0.021930743008852005,0.49798518419265747
8.0,eval,d,2,best,c017,0.7136478424072266,-0.16658687591552734,0.021930743008852005,0.49798518419265747
8.0,eval,d,2,best,c039,-0.13439559936523438,-0.4058408737182617,0.021930743008852005,0.49798518419265747
8.0,eval,d,2,best,c036,0.6068000793457031,-0.029036521911621094,0.021930743008852005,0.49798518419265747
8.0,eval,d,2,best,c009,0.19993305206298828,-0.7735013961791992,0.021930743008852005,0.49798518419265747
8.0,eval,d,2,best,c000,0.5545492172241211,-0.0634927749633789,0.021930743008852005,0.49798518419265747
8.0,eval,d,2,best,c013,0.6850223541259766,-0.05035400390625,0.021930743008852005,0.49798518419265747
8.0,eval,d,2,best,c049,-0.13589763641357422,-0.08542919158935547,0.021930743008852005,0.49798518419265747
8.0,eval,d,2,best,c058,1.1973199844360352,0.5413522720336914,0.021930743008852005,0.49798518419265747
8.0,eval,d,2,best,c024,0.2897310256958008,0.03766155242919922,0.021930743008852005,0.49798518419265747
8.0,eval,d,2,best,c042,0.19267749786376953,0.008860588073730469,0.021930743008852005,0.49798518419265747
8.0,eval,d,2,best,c047,0.8091449737548828,0.10590744018554688,0.021930743008852005,0.49798518419265747
8.0,eval,d,2,best,c043,-0.41881370544433594,-0.4742889404296875,0.021930743008852005,0.49798518419265747
8.0,eval,d,2,best,c003,0.03603553771972656,-0.4591102600097656,0.021930743008852005,0.49798518419265747
8.0,eval,d,2,best,c041,-0.1013336181640625,-0.3288612365722656,0.021930743008852005,0.49798518419265747
8.0,eval,d,2,best,c008,0.031958580017089844,-0.3057861328125,0.021930743008852005,0.49798518419265747
8.0,eval,d,2,best,c045,0.478546142578125,-0.061095237731933594,0.021930743008852005,0.49798518419265747
8.0,eval,d,2,best,c011,0.18614673614501953,-0.07602596282958984,0.021930743008852005,0.49798518419265747
8.0,eval,d,2,best,c020,0.8457183837890625,0.08069992065429688,0.021930743008852005,0.49798518419265747
8.0,eval,d,2,best,c044,-0.12523651123046875,-0.3435955047607422,0.021930743008852005,0.49798518419265747
8.0,eval,d,2,best,c016,0.8251838684082031,0.25601959228515625,0.021930743008852005,0.49798518419265747
8.0,eval,d,2,best,c056,-0.07690906524658203,-0.023993492126464844,0.021930743008852005,0.49798518419265747
8.0,eval,d,2,best,c025,0.5365581512451172,0.3090553283691406,0.021930743008852005,0.49798518419265747
8.0,eval,d,2,best,c029,0.27477359771728516,0.1078939437866211,0.021930743008852005,0.49798518419265747
8.0,eval,d,2,best,c014,0.31393909454345703,-0.032593727111816406,0.021930743008852005,0.49798518419265747
8.0,eval,d,2,best,c002,0.5494461059570312,0.056652069091796875,0.021930743008852005,0.49798518419265747
8.0,eval,d,2,best,c023,1.1070070266723633,0.28714752197265625,0.021930743008852005,0.49798518419265747
8.0,eval,d,2,best,c046,-0.09993362426757812,-0.22657203674316406,0.021930743008852005,0.49798518419265747
8.0,eval,d,2,best,c022,0.3856515884399414,0.05776500701904297,0.021930743008852005,0.49798518419265747
8.0,eval,d,2,best,c050,0.8397426605224609,-0.10611915588378906,0.021930743008852005,0.49798518419265747
8.0,deploy,d,2,best,c006,-0.06707096099853516,-0.41327762603759766,0.014263391494750977,0.24529117345809937
8.0,deploy,d,2,best,c017,-0.8472213745117188,-0.6557493209838867,0.014263391494750977,0.24529117345809937
8.0,deploy,d,2,best,c039,-0.7247762680053711,-0.4951467514038086,0.014263391494750977,0.24529117345809937
8.0,deploy,d,2,best,c036,-0.14402008056640625,-0.15764713287353516,0.014263391494750977,0.24529117345809937
8.0,deploy,d,2,best,c009,-1.0298147201538086,-0.6546249389648438,0.014263391494750977,0.24529117345809937
8.0,deploy,d,2,best,c000,-0.7329244613647461,-0.47121143341064453,0.014263391494750977,0.24529117345809937
8.0,deploy,d,2,best,c013,-0.2926473617553711,-0.6081781387329102,0.014263391494750977,0.24529117345809937
8.0,deploy,d,2,best,c049,-0.9434938430786133,-0.5793628692626953,0.014263391494750977,0.24529117345809937
8.0,deploy,d,2,best,c058,-0.6725730895996094,-0.3476533889770508,0.014263391494750977,0.24529117345809937
8.0,deploy,d,2,best,c024,-1.0789947509765625,-0.6990089416503906,0.014263391494750977,0.24529117345809937
8.0,deploy,d,2,best,c042,-0.7794628143310547,-0.4816780090332031,0.014263391494750977,0.24529117345809937
8.0,deploy,d,2,best,c047,-0.3638639450073242,-0.5500173568725586,0.014263391494750977,0.24529117345809937
8.0,deploy,d,2,best,c043,-1.592392921447754,-0.8879127502441406,0.014263391494750977,0.24529117345809937
8.0,deploy,d,2,best,c003,-0.48511600494384766,-0.3608713150024414,0.014263391494750977,0.24529117345809937
8.0,deploy,d,2,best,c041,-1.5988264083862305,-0.7924633026123047,0.014263391494750977,0.24529117345809937
8.0,deploy,d,2,best,c008,-0.860198974609375,-0.5601110458374023,0.014263391494750977,0.24529117345809937
8.0,deploy,d,2,best,c045,-0.8734912872314453,-0.47753238677978516,0.014263391494750977,0.24529117345809937
8.0,deploy,d,2,best,c011,-0.24834537506103516,-0.3644704818725586,0.014263391494750977,0.24529117345809937
8.0,deploy,d,2,best,c020,-0.9331216812133789,-0.5495615005493164,0.014263391494750977,0.24529117345809937
8.0,deploy,d,2,best,c044,-1.119704246520996,-0.8138484954833984,0.014263391494750977,0.24529117345809937
8.0,deploy,d,2,best,c016,-0.6046152114868164,-0.3954305648803711,0.014263391494750977,0.24529117345809937
8.0,deploy,d,2,best,c056,-0.37450122833251953,-0.2930002212524414,0.014263391494750977,0.24529117345809937
8.0,deploy,d,2,best,c025,-0.7651834487915039,-0.5255441665649414,0.014263391494750977,0.24529117345809937
8.0,deploy,d,2,best,c029,-1.0158586502075195,-0.28647804260253906,0.014263391494750977,0.24529117345809937
8.0,deploy,d,2,best,c014,0.29375648498535156,-0.032525062561035156,0.014263391494750977,0.24529117345809937
8.0,deploy,d,2,best,c002,-0.6341590881347656,-0.3788309097290039,0.014263391494750977,0.24529117345809937
8.0,deploy,d,2,best,c023,-0.6957931518554688,-0.5485601425170898,0.014263391494750977,0.24529117345809937
8.0,deploy,d,2,best,c046,-1.2274904251098633,-0.5039863586425781,0.014263391494750977,0.24529117345809937
8.0,deploy,d,2,best,c022,-0.21994972229003906,-0.2752065658569336,0.014263391494750977,0.24529117345809937
8.0,deploy,d,2,best,c050,-0.27226829528808594,-0.24132919311523438,0.014263391494750977,0.24529117345809937
8.0,deploy,d,2,best,c006,-0.5717687606811523,-0.6445960998535156,0.014263391494750977,0.24529117345809937
8.0,deploy,d,2,best,c017,-0.5310659408569336,-0.6334028244018555,0.014263391494750977,0.24529117345809937
8.0,deploy,d,2,best,c039,-0.844268798828125,-0.49205875396728516,0.014263391494750977,0.24529117345809937
8.0,deploy,d,2,best,c036,-0.7727775573730469,-0.5206155776977539,0.014263391494750977,0.24529117345809937
8.0,deploy,d,2,best,c009,-0.47719478607177734,-0.39665985107421875,0.014263391494750977,0.24529117345809937
8.0,deploy,d,2,best,c000,-0.6043777465820312,-0.26871585845947266,0.014263391494750977,0.24529117345809937
8.0,deploy,d,2,best,c013,-0.09378528594970703,-0.46512508392333984,0.014263391494750977,0.24529117345809937
8.0,deploy,d,2,best,c049,-1.7747392654418945,-0.9917058944702148,0.014263391494750977,0.24529117345809937
8.0,deploy,d,2,best,c058,-0.61279296875,-0.2124185562133789,0.014263391494750977,0.24529117345809937
8.0,deploy,d,2,best,c024,-0.7595453262329102,-0.6774873733520508,0.014263391494750977,0.24529117345809937
8.0,deploy,d,2,best,c042,-1.4012556076049805,-0.8919258117675781,0.014263391494750977,0.24529117345809937
8.0,deploy,d,2,best,c047,-0.40829944610595703,-0.4790201187133789,0.014263391494750977,0.24529117345809937
8.0,deploy,d,2,best,c043,-1.955550193786621,-0.7388525009155273,0.014263391494750977,0.24529117345809937
8.0,deploy,d,2,best,c003,-0.7582273483276367,-0.574467658996582,0.014263391494750977,0.24529117345809937
8.0,deploy,d,2,best,c041,-0.9697513580322266,-0.7733144760131836,0.014263391494750977,0.24529117345809937
8.0,deploy,d,2,best,c008,-0.9754228591918945,-0.27768611907958984,0.014263391494750977,0.24529117345809937
8.0,deploy,d,2,best,c045,-1.552016258239746,-0.7792091369628906,0.014263391494750977,0.24529117345809937
8.0,deploy,d,2,best,c011,-0.09025287628173828,-0.2991018295288086,0.014263391494750977,0.24529117345809937
8.0,deploy,d,2,best,c020,-0.7475852966308594,-0.5236721038818359,0.014263391494750977,0.24529117345809937
8.0,deploy,d,2,best,c044,-1.101578712463379,-0.9137678146362305,0.014263391494750977,0.24529117345809937
8.0,deploy,d,2,best,c016,-0.12975406646728516,-0.32846641540527344,0.014263391494750977,0.24529117345809937
8.0,deploy,d,2,best,c056,-0.41263771057128906,-0.3782987594604492,0.014263391494750977,0.24529117345809937
8.0,deploy,d,2,best,c025,-0.3249683380126953,-0.3173856735229492,0.014263391494750977,0.24529117345809937
8.0,deploy,d,2,best,c029,-1.0018072128295898,-0.5869102478027344,0.014263391494750977,0.24529117345809937
8.0,deploy,d,2,best,c014,-0.5804109573364258,-0.2904806137084961,0.014263391494750977,0.24529117345809937
8.0,deploy,d,2,best,c002,-0.7357969284057617,-0.27277469635009766,0.014263391494750977,0.24529117345809937
8.0,deploy,d,2,best,c023,-0.7064027786254883,-0.5251255035400391,0.014263391494750977,0.24529117345809937
8.0,deploy,d,2,best,c046,-0.7941007614135742,-0.43633365631103516,0.014263391494750977,0.24529117345809937
8.0,deploy,d,2,best,c022,-1.2525339126586914,-0.7759428024291992,0.014263391494750977,0.24529117345809937
8.0,deploy,d,2,best,c050,-0.9085903167724609,-0.4288911819458008,0.014263391494750977,0.24529117345809937
8.0,eval,random,2,best,c006,0.8860905965169271,-0.12713972727457679,0.02894516848027706,0.4948571523030599
8.0,eval,random,2,best,c017,0.6932029724121094,0.06745147705078125,0.02894516848027706,0.4948571523030599
8.0,eval,random,2,best,c039,0.7161083221435547,0.014484405517578125,0.02894516848027706,0.4948571523030599
8.0,eval,random,2,best,c036,0.32651646931966144,0.06379540761311847,0.02894516848027706,0.4948571523030599
8.0,eval,random,2,best,c009,-0.0018148422241210938,0.05623817443847656,0.02894516848027706,0.4948571523030599
8.0,eval,random,2,best,c000,0.5404818852742513,-0.04841105143229163,0.02894516848027706,0.4948571523030599
8.0,eval,random,2,best,c013,1.7944345474243164,0.13099288940429688,0.02894516848027706,0.4948571523030599
8.0,eval,random,2,best,c049,1.03278382619222,0.421277364095052,0.02894516848027706,0.4948571523030599
8.0,eval,random,2,best,c058,0.6310494740804037,0.043603261311848995,0.02894516848027706,0.4948571523030599
8.0,eval,random,2,best,c024,0.2138681411743164,0.0632619857788086,0.02894516848027706,0.4948571523030599
8.0,eval,random,2,best,c042,0.7993424733479818,-0.12151972452799475,0.02894516848027706,0.4948571523030599
8.0,eval,random,2,best,c047,0.5213940938313802,0.09593995412190759,0.02894516848027706,0.4948571523030599
8.0,eval,random,2,best,c043,-0.6233364741007487,0.11141045888264978,0.02894516848027706,0.4948571523030599
8.0,eval,random,2,best,c003,0.6666526794433594,-0.03695964813232422,0.02894516848027706,0.4948571523030599
8.0,eval,random,2,best,c041,0.6276000340779623,-0.12092367808024085,0.02894516848027706,0.4948571523030599
8.0,eval,random,2,best,c008,-0.008988062540690104,0.06007607777913412,0.02894516848027706,0.4948571523030599
8.0,eval,random,2,best,c045,1.8408164978027344,-0.014315605163574219,0.02894516848027706,0.4948571523030599
8.0,eval,random,2,best,c011,0.880853017171224,-0.029333750406901005,0.02894516848027706,0.4948571523030599
8.0,eval,random,2,best,c020,1.894142786661784,0.06991163889567065,0.02894516848027706,0.4948571523030599
8.0,eval,random,2,best,c044,1.9955628712972004,0.002277692159016853,0.02894516848027706,0.4948571523030599
8.0,eval,random,2,best,c016,0.6312640508015951,-0.006855646769205692,0.02894516848027706,0.4948571523030599
8.0,eval,random,2,best,c056,0.9509976704915365,0.15091164906819665,0.02894516848027706,0.4948571523030599
8.0,eval,random,2,best,c025,0.28661314646402997,0.12790362040201825,0.02894516848027706,0.4948571523030599
8.0,eval,random,2,best,c029,0.4838864008585612,0.1437184015909831,0.02894516848027706,0.4948571523030599
8.0,eval,random,2,best,c014,0.43064022064208984,0.03277111053466797,0.02894516848027706,0.4948571523030599
8.0,eval,random,2,best,c002,0.5325320561726888,0.01803334554036462,0.02894516848027706,0.4948571523030599
8.0,eval,random,2,best,c023,0.6251662572224935,0.05409844716389978,0.02894516848027706,0.4948571523030599
8.0,eval,random,2,best,c046,0.5911382039388021,-0.0353447596232096,0.02894516848027706,0.4948571523030599
8.0,eval,random,2,best,c022,0.3212579091389974,0.106723149617513,0.02894516848027706,0.4948571523030599
8.0,eval,random,2,best,c050,1.0337915420532227,-0.08109474182128906,0.02894516848027706,0.4948571523030599
8.0,eval,random,2,best,c006,1.077336311340332,-0.10573482513427734,0.02894516848027706,0.4948571523030599
8.0,eval,random,2,best,c017,1.0040950775146484,0.12386035919189453,0.02894516848027706,0.4948571523030599
8.0,eval,random,2,best,c039,0.3017107645670573,0.030265490214029966,0.02894516848027706,0.4948571523030599
8.0,eval,random,2,best,c036,0.5560557047526041,-0.07978089650472009,0.02894516848027706,0.4948571523030599
8.0,eval,random,2,best,c009,0.946075439453125,-0.0273590087890625,0.02894516848027706,0.4948571523030599
8.0,eval,random,2,best,c000,0.5536591211954752,-0.06438287099202478,0.02894516848027706,0.4948571523030599
8.0,eval,random,2,best,c013,0.6805715560913086,-0.05480480194091797,0.02894516848027706,0.4948571523030599
8.0,eval,random,2,best,c049,0.17620976765950522,0.22667821248372397,0.02894516848027706,0.4948571523030599
8.0,eval,random,2,best,c058,0.6088911692301432,-0.04707654317220056,0.02894516848027706,0.4948571523030599
8.0,eval,random,2,best,c024,0.18386363983154297,-0.0682058334350586,0.02894516848027706,0.4948571523030599
8.0,eval,random,2,best,c042,0.29797013600667316,0.1141532262166341,0.02894516848027706,0.4948571523030599
8.0,eval,random,2,best,c047,0.6079400380452474,-0.0952974955240885,0.02894516848027706,0.4948571523030599
8.0,eval,random,2,best,c043,0.14455604553222656,0.089080810546875,0.02894516848027706,0.4948571523030599
8.0,eval,random,2,best,c003,0.4316275914510091,-0.06351820627848309,0.02894516848027706,0.4948571523030599
8.0,eval,random,2,best,c041,0.16519641876220703,-0.062331199645996094,0.02894516848027706,0.4948571523030599
8.0,eval,random,2,best,c008,0.4357290267944336,0.09798431396484375,0.02894516848027706,0.4948571523030599
8.0,eval,random,2,best,c045,0.5020872751871744,-0.03755410512288415,0.02894516848027706,0.4948571523030599
8.0,eval,random,2,best,c011,0.3750928243001302,0.11292012532552081,0.02894516848027706,0.4948571523030599
8.0,eval,random,2,best,c020,0.8848867416381836,0.11986827850341797,0.02894516848027706,0.4948571523030599
8.0,eval,random,2,best,c044,0.24121507008870444,0.022856076558431,0.02894516848027706,0.4948571523030599
8.0,eval,random,2,best,c016,0.5585832595825195,-0.010581016540527344,0.02894516848027706,0.4948571523030599
8.0,eval,random,2,best,c056,0.0559539794921875,0.10886955261230469,0.02894516848027706,0.4948571523030599
8.0,eval,random,2,best,c025,0.24374612172444662,0.01624329884847006,0.02894516848027706,0.4948571523030599
8.0,eval,random,2,best,c029,0.3625984191894531,0.19571876525878906,0.02894516848027706,0.4948571523030599
8.0,eval,random,2,best,c014,0.41965198516845703,0.0731191635131836,0.02894516848027706,0.4948571523030599
8.0,eval,random,2,best,c002,0.5257317225138346,0.03293768564860022,0.02894516848027706,0.4948571523030599
8.0,eval,random,2,best,c023,0.7217582066853842,-0.09810129801432288,0.02894516848027706,0.4948571523030599
8.0,eval,random,2,best,c046,0.1287686030069987,0.002130190531412751,0.02894516848027706,0.4948571523030599
8.0,eval,random,2,best,c022,0.29797204335530597,-0.029914538065592466,0.02894516848027706,0.4948571523030599
8.0,eval,random,2,best,c050,0.8622582753499349,-0.08360354105631507,0.02894516848027706,0.4948571523030599
-8.0,eval,d,9,net,c006,0.5616140365600586,-0.4516162872314453,0.21705403923988342,0.6366690397262573
-8.0,eval,d,9,net,c017,0.3759746551513672,-0.24977684020996094,0.21705403923988342,0.6366690397262573
-8.0,eval,d,9,net,c039,0.2039642333984375,-0.49765968322753906,0.21705403923988342,0.6366690397262573
-8.0,eval,d,9,net,c036,0.5275087356567383,0.2647876739501953,0.21705403923988342,0.6366690397262573
-8.0,eval,d,9,net,c009,0.035363197326660156,0.09341621398925781,0.21705403923988342,0.6366690397262573
-8.0,eval,d,9,net,c000,0.36767101287841797,-0.221221923828125,0.21705403923988342,0.6366690397262573
-8.0,eval,d,9,net,c013,1.2456941604614258,-0.41774749755859375,0.21705403923988342,0.6366690397262573
-8.0,eval,d,9,net,c049,0.11667251586914062,-0.49483394622802734,0.21705403923988342,0.6366690397262573
-8.0,eval,d,9,net,c058,0.4817047119140625,-0.10574150085449219,0.21705403923988342,0.6366690397262573
-8.0,eval,d,9,net,c024,0.5322427749633789,0.3816366195678711,0.21705403923988342,0.6366690397262573
-8.0,eval,d,9,net,c042,0.45580482482910156,-0.465057373046875,0.21705403923988342,0.6366690397262573
-8.0,eval,d,9,net,c047,0.714726448059082,0.2892723083496094,0.21705403923988342,0.6366690397262573
-8.0,eval,d,9,net,c043,-0.11995506286621094,0.6147918701171875,0.21705403923988342,0.6366690397262573
-8.0,eval,d,9,net,c003,0.4450950622558594,-0.2585172653198242,0.21705403923988342,0.6366690397262573
-8.0,eval,d,9,net,c041,0.38823890686035156,-0.36028480529785156,0.21705403923988342,0.6366690397262573
-8.0,eval,d,9,net,c008,-0.07479572296142578,-0.0057315826416015625,0.21705403923988342,0.6366690397262573
-8.0,eval,d,9,net,c045,1.3536319732666016,-0.501500129699707,0.21705403923988342,0.6366690397262573
-8.0,eval,d,9,net,c011,0.6999940872192383,-0.21019268035888672,0.21705403923988342,0.6366690397262573
-8.0,eval,d,9,net,c020,1.276667594909668,-0.5475635528564453,0.21705403923988342,0.6366690397262573
-8.0,eval,d,9,net,c044,1.3099708557128906,-0.683314323425293,0.21705403923988342,0.6366690397262573
-8.0,eval,d,9,net,c016,0.39832592010498047,-0.2397937774658203,0.21705403923988342,0.6366690397262573
-8.0,eval,d,9,net,c056,0.7046337127685547,-0.09545230865478516,0.21705403923988342,0.6366690397262573
-8.0,eval,d,9,net,c025,0.3270111083984375,0.16830158233642578,0.21705403923988342,0.6366690397262573
-8.0,eval,d,9,net,c029,0.2401742935180664,-0.09999370574951172,0.21705403923988342,0.6366690397262573
-8.0,eval,d,9,net,c014,0.3712921142578125,-0.026576995849609375,0.21705403923988342,0.6366690397262573
-8.0,eval,d,9,net,c002,0.3134489059448242,-0.2010498046875,0.21705403923988342,0.6366690397262573
-8.0,eval,d,9,net,c023,0.5471372604370117,-0.02393054962158203,0.21705403923988342,0.6366690397262573
-8.0,eval,d,9,net,c046,0.5222768783569336,-0.10420608520507812,0.21705403923988342,0.6366690397262573
-8.0,eval,d,9,net,c022,0.2029876708984375,-0.011547088623046875,0.21705403923988342,0.6366690397262573
-8.0,eval,d,9,net,c050,0.8371543884277344,-0.27773189544677734,0.21705403923988342,0.6366690397262573
-8.0,eval,d,9,net,c006,0.6504478454589844,-0.532623291015625,0.21705403923988342,0.6366690397262573
-8.0,eval,d,9,net,c017,0.8780107498168945,-0.002223968505859375,0.21705403923988342,0.6366690397262573
-8.0,eval,d,9,net,c039,0.16653728485107422,-0.10490798950195312,0.21705403923988342,0.6366690397262573
-8.0,eval,d,9,net,c036,0.511082649230957,-0.12475395202636719,0.21705403923988342,0.6366690397262573
-8.0,eval,d,9,net,c009,0.17008399963378906,-0.8033504486083984,0.21705403923988342,0.6366690397262573
-8.0,eval,d,9,net,c000,0.35573482513427734,-0.26230716705322266,0.21705403923988342,0.6366690397262573
-8.0,eval,d,9,net,c013,0.39969348907470703,-0.33568286895751953,0.21705403923988342,0.6366690397262573
-8.0,eval,d,9,net,c049,-0.36427974700927734,-0.3138113021850586,0.21705403923988342,0.6366690397262573
-8.0,eval,d,9,net,c058,0.20728302001953125,-0.4486846923828125,0.21705403923988342,0.6366690397262573
-8.0,eval,d,9,net,c024,0.16949081420898438,-0.08257865905761719,0.21705403923988342,0.6366690397262573
-8.0,eval,d,9,net,c042,-0.027444839477539062,-0.21126174926757812,0.21705403923988342,0.6366690397262573
-8.0,eval,d,9,net,c047,0.5543651580810547,-0.14887237548828125,0.21705403923988342,0.6366690397262573
-8.0,eval,d,9,net,c043,0.3489360809326172,0.2934608459472656,0.21705403923988342,0.6366690397262573
-8.0,eval,d,9,net,c003,0.16287899017333984,-0.33226680755615234,0.21705403923988342,0.6366690397262573
-8.0,eval,d,9,net,c041,0.2973918914794922,0.06986427307128906,0.21705403923988342,0.6366690397262573
-8.0,eval,d,9,net,c008,0.2794628143310547,-0.058281898498535156,0.21705403923988342,0.6366690397262573
-8.0,eval,d,9,net,c045,0.31520843505859375,-0.22443294525146484,0.21705403923988342,0.6366690397262573
-8.0,eval,d,9,net,c011,0.3243246078491211,0.06215190887451172,0.21705403923988342,0.6366690397262573
-8.0,eval,d,9,net,c020,0.4691286087036133,-0.29588985443115234,0.21705403923988342,0.6366690397262573
-8.0,eval,d,9,net,c044,0.18734169006347656,-0.031017303466796875,0.21705403923988342,0.6366690397262573
-8.0,eval,d,9,net,c016,0.132049560546875,-0.4371147155761719,0.21705403923988342,0.6366690397262573
-8.0,eval,d,9,net,c056,0.09211921691894531,0.1450347900390625,0.21705403923988342,0.6366690397262573
-8.0,eval,d,9,net,c025,0.2634468078613281,0.03594398498535156,0.21705403923988342,0.6366690397262573
-8.0,eval,d,9,net,c029,0.2635927200317383,0.09671306610107422,0.21705403923988342,0.6366690397262573
-8.0,eval,d,9,net,c014,0.09031105041503906,-0.2562217712402344,0.21705403923988342,0.6366690397262573
-8.0,eval,d,9,net,c002,0.4634571075439453,-0.029336929321289062,0.21705403923988342,0.6366690397262573
-8.0,eval,d,9,net,c023,0.5669193267822266,-0.25294017791748047,0.21705403923988342,0.6366690397262573
-8.0,eval,d,9,net,c046,0.24335479736328125,0.11671638488769531,0.21705403923988342,0.6366690397262573
-8.0,eval,d,9,net,c022,0.47893810272216797,0.15105152130126953,0.21705403923988342,0.6366690397262573
-8.0,eval,d,9,net,c050,0.5952005386352539,-0.3506612777709961,0.21705403923988342,0.6366690397262573
-8.0,deploy,d,9,net,c006,0.00705718994140625,-0.33914947509765625,0.21940703690052032,0.6176162958145142
-8.0,deploy,d,9,net,c017,-0.18685150146484375,0.004620552062988281,0.21940703690052032,0.6176162958145142
-8.0,deploy,d,9,net,c039,-0.14278221130371094,0.08684730529785156,0.21940703690052032,0.6176162958145142
-8.0,deploy,d,9,net,c036,0.047939300537109375,0.03431224822998047,0.21940703690052032,0.6176162958145142
-8.0,deploy,d,9,net,c009,-0.2640228271484375,0.11116695404052734,0.21940703690052032,0.6176162958145142
-8.0,deploy,d,9,net,c000,-0.29317665100097656,-0.031463623046875,0.21940703690052032,0.6176162958145142
-8.0,deploy,d,9,net,c013,0.08303165435791016,-0.2324991226196289,0.21940703690052032,0.6176162958145142
-8.0,deploy,d,9,net,c049,-0.4827289581298828,-0.11859798431396484,0.21940703690052032,0.6176162958145142
-8.0,deploy,d,9,net,c058,-0.2524089813232422,0.0725107192993164,0.21940703690052032,0.6176162958145142
-8.0,deploy,d,9,net,c024,-0.22838878631591797,0.1515970230102539,0.21940703690052032,0.6176162958145142
-8.0,deploy,d,9,net,c042,-0.4066028594970703,-0.10881805419921875,0.21940703690052032,0.6176162958145142
-8.0,deploy,d,9,net,c047,-0.02439403533935547,-0.21054744720458984,0.21940703690052032,0.6176162958145142
-8.0,deploy,d,9,net,c043,-0.4456796646118164,0.2588005065917969,0.21940703690052032,0.6176162958145142
-8.0,deploy,d,9,net,c003,-0.3213920593261719,-0.19714736938476562,0.21940703690052032,0.6176162958145142
-8.0,deploy,d,9,net,c041,-0.5575065612792969,0.2488565444946289,0.21940703690052032,0.6176162958145142
-8.0,deploy,d,9,net,c008,-0.13365459442138672,0.16643333435058594,0.21940703690052032,0.6176162958145142
-8.0,deploy,d,9,net,c045,-0.4222068786621094,-0.02624797821044922,0.21940703690052032,0.6176162958145142
-8.0,deploy,d,9,net,c011,0.054108619689941406,-0.06201648712158203,0.21940703690052032,0.6176162958145142
-8.0,deploy,d,9,net,c020,-0.26363277435302734,0.11992740631103516,0.21940703690052032,0.6176162958145142
-8.0,deploy,d,9,net,c044,-0.19014453887939453,0.11571121215820312,0.21940703690052032,0.6176162958145142
-8.0,deploy,d,9,net,c016,-0.09139442443847656,0.11779022216796875,0.21940703690052032,0.6176162958145142
-8.0,deploy,d,9,net,c056,-0.05619239807128906,0.025308609008789062,0.21940703690052032,0.6176162958145142
-8.0,deploy,d,9,net,c025,-0.2750205993652344,-0.035381317138671875,0.21940703690052032,0.6176162958145142
-8.0,deploy,d,9,net,c029,-0.4882688522338867,0.24111175537109375,0.21940703690052032,0.6176162958145142
-8.0,deploy,d,9,net,c014,0.17961406707763672,-0.14666748046875,0.21940703690052032,0.6176162958145142
-8.0,deploy,d,9,net,c002,-0.1423635482788086,0.11296463012695312,0.21940703690052032,0.6176162958145142
-8.0,deploy,d,9,net,c023,-0.18913936614990234,-0.04190635681152344,0.21940703690052032,0.6176162958145142
-8.0,deploy,d,9,net,c046,-0.4538745880126953,0.26962947845458984,0.21940703690052032,0.6176162958145142
-8.0,deploy,d,9,net,c022,0.0375823974609375,-0.01767444610595703,0.21940703690052032,0.6176162958145142
-8.0,deploy,d,9,net,c050,-0.07249832153320312,-0.04155921936035156,0.21940703690052032,0.6176162958145142
-8.0,deploy,d,9,net,c006,0.012151718139648438,-0.060675621032714844,0.21940703690052032,0.6176162958145142
-8.0,deploy,d,9,net,c017,0.03039836883544922,-0.07193851470947266,0.21940703690052032,0.6176162958145142
-8.0,deploy,d,9,net,c039,-0.2655601501464844,0.08664989471435547,0.21940703690052032,0.6176162958145142
-8.0,deploy,d,9,net,c036,-0.052376747131347656,0.1997852325439453,0.21940703690052032,0.6176162958145142
-8.0,deploy,d,9,net,c009,-0.06048583984375,0.020049095153808594,0.21940703690052032,0.6176162958145142
-8.0,deploy,d,9,net,c000,-0.5098953247070312,-0.17423343658447266,0.21940703690052032,0.6176162958145142
-8.0,deploy,d,9,net,c013,0.2073831558227539,-0.1639566421508789,0.21940703690052032,0.6176162958145142
-8.0,deploy,d,9,net,c049,-0.548253059387207,0.23478031158447266,0.21940703690052032,0.6176162958145142
-8.0,deploy,d,9,net,c058,-0.3308897018432617,0.06948471069335938,0.21940703690052032,0.6176162958145142
-8.0,deploy,d,9,net,c024,-0.049266815185546875,0.0327911376953125,0.21940703690052032,0.6176162958145142
-8.0,deploy,d,9,net,c042,-0.3957653045654297,0.11356449127197266,0.21940703690052032,0.6176162958145142
-8.0,deploy,d,9,net,c047,0.11350059509277344,0.04277992248535156,0.21940703690052032,0.6176162958145142
-8.0,deploy,d,9,net,c043,-0.8121452331542969,0.4045524597167969,0.21940703690052032,0.6176162958145142
-8.0,deploy,d,9,net,c003,-0.1468648910522461,0.036894798278808594,0.21940703690052032,0.6176162958145142
-8.0,deploy,d,9,net,c041,-0.38882923126220703,-0.19239234924316406,0.21940703690052032,0.6176162958145142
-8.0,deploy,d,9,net,c008,-0.37505054473876953,0.32268619537353516,0.21940703690052032,0.6176162958145142
-8.0,deploy,d,9,net,c045,-0.4576578140258789,0.31514930725097656,0.21940703690052032,0.6176162958145142
-8.0,deploy,d,9,net,c011,0.14999008178710938,-0.05885887145996094,0.21940703690052032,0.6176162958145142
-8.0,deploy,d,9,net,c020,-0.082733154296875,0.14118003845214844,0.21940703690052032,0.6176162958145142
-8.0,deploy,d,9,net,c044,-0.25269412994384766,-0.06488323211669922,0.21940703690052032,0.6176162958145142
-8.0,deploy,d,9,net,c016,0.11346435546875,-0.08524799346923828,0.21940703690052032,0.6176162958145142
-8.0,deploy,d,9,net,c056,0.06329059600830078,0.09762954711914062,0.21940703690052032,0.6176162958145142
-8.0,deploy,d,9,net,c025,-0.20934677124023438,-0.20176410675048828,0.21940703690052032,0.6176162958145142
-8.0,deploy,d,9,net,c029,-0.3095588684082031,0.10533809661865234,0.21940703690052032,0.6176162958145142
-8.0,deploy,d,9,net,c014,-0.30762577056884766,-0.01769542694091797,0.21940703690052032,0.6176162958145142
-8.0,deploy,d,9,net,c002,-0.6118688583374023,-0.14884662628173828,0.21940703690052032,0.6176162958145142
-8.0,deploy,d,9,net,c023,-0.3566875457763672,-0.17541027069091797,0.21940703690052032,0.6176162958145142
-8.0,deploy,d,9,net,c046,-0.3536491394042969,0.0041179656982421875,0.21940703690052032,0.6176162958145142
-8.0,deploy,d,9,net,c022,-0.27136993408203125,0.20522117614746094,0.21940703690052032,0.6176162958145142
-8.0,deploy,d,9,net,c050,-0.2118072509765625,0.26789188385009766,0.21940703690052032,0.6176162958145142
-8.0,eval,random,9,net,c006,0.9528719584147135,-0.0603583653767904,0.08014051616191864,0.4745093286037445
-8.0,eval,random,9,net,c017,0.6331952412923177,0.00744374593098962,0.08014051616191864,0.4745093286037445
-8.0,eval,random,9,net,c039,0.6591577529907227,-0.042466163635253906,0.08014051616191864,0.4745093286037445
-8.0,eval,random,9,net,c036,0.3215535481770833,0.058832486470540346,0.08014051616191864,0.4745093286037445
-8.0,eval,random,9,net,c009,-0.10352897644042969,-0.04547595977783203,0.08014051616191864,0.4745093286037445
-8.0,eval,random,9,net,c000,0.6490386327107748,0.06014569600423181,0.08014051616191864,0.4745093286037445
-8.0,eval,random,9,net,c013,1.6397444407145183,-0.023697217305501228,0.08014051616191864,0.4745093286037445
-8.0,eval,random,9,net,c049,0.5688285827636719,-0.042677879333496094,0.08014051616191864,0.4745093286037445
-8.0,eval,random,9,net,c058,0.7088804244995117,0.12143421173095703,0.08014051616191864,0.4745093286037445
-8.0,eval,random,9,net,c024,0.4011834462483724,0.25057729085286456,0.08014051616191864,0.4745093286037445
-8.0,eval,random,9,net,c042,0.8810644149780273,-0.03979778289794922,0.08014051616191864,0.4745093286037445
-8.0,eval,random,9,net,c047,0.5072431564331055,0.08178901672363281,0.08014051616191864,0.4745093286037445
-8.0,eval,random,9,net,c043,-0.8671229680379232,-0.13237603505452478,0.08014051616191864,0.4745093286037445
-8.0,eval,random,9,net,c003,0.8683687845865885,0.1647564570109049,0.08014051616191864,0.4745093286037445
-8.0,eval,random,9,net,c041,0.5614178975423177,-0.18710581461588538,0.08014051616191864,0.4745093286037445
-8.0,eval,random,9,net,c008,-0.2337331771850586,-0.16466903686523438,0.08014051616191864,0.4745093286037445
-8.0,eval,random,9,net,c045,1.6990814208984375,-0.1560506820678711,0.08014051616191864,0.4745093286037445
-8.0,eval,random,9,net,c011,0.7428175608317057,-0.1673692067464193,0.08014051616191864,0.4745093286037445
-8.0,eval,random,9,net,c020,1.7063541412353516,-0.11787700653076172,0.08014051616191864,0.4745093286037445
-8.0,eval,random,9,net,c044,1.6886571248372395,-0.3046280543009441,0.08014051616191864,0.4745093286037445
-8.0,eval,random,9,net,c016,0.7829154332478842,0.14479573567708337,0.08014051616191864,0.4745093286037445
-8.0,eval,random,9,net,c056,0.820087750752767,0.02000172932942712,0.08014051616191864,0.4745093286037445
-8.0,eval,random,9,net,c025,0.5066353480021158,0.34792582194010413,0.08014051616191864,0.4745093286037445
-8.0,eval,random,9,net,c029,0.2914695739746094,-0.04869842529296875,0.08014051616191864,0.4745093286037445
-8.0,eval,random,9,net,c014,0.34406503041585285,-0.05380407969156903,0.08014051616191864,0.4745093286037445
-8.0,eval,random,9,net,c002,0.7295541763305664,0.2150554656982422,0.08014051616191864,0.4745093286037445
-8.0,eval,random,9,net,c023,0.6462488174438477,0.0751810073852539,0.08014051616191864,0.4745093286037445
-8.0,eval,random,9,net,c046,0.6594266891479492,0.0329437255859375,0.08014051616191864,0.4745093286037445
-8.0,eval,random,9,net,c022,0.3522920608520508,0.1377573013305664,0.08014051616191864,0.4745093286037445
-8.0,eval,random,9,net,c050,1.0576772689819336,-0.057209014892578125,0.08014051616191864,0.4745093286037445
-8.0,eval,random,9,net,c006,1.262904167175293,0.0798330307006836,0.08014051616191864,0.4745093286037445
-8.0,eval,random,9,net,c017,0.8959051767985026,0.01567045847574866,0.08014051616191864,0.4745093286037445
-8.0,eval,random,9,net,c039,0.2542120615641276,-0.01723321278889972,0.08014051616191864,0.4745093286037445
-8.0,eval,random,9,net,c036,0.5994634628295898,-0.036373138427734375,0.08014051616191864,0.4745093286037445
-8.0,eval,random,9,net,c009,0.9655717213948568,-0.007862726847330692,0.08014051616191864,0.4745093286037445
-8.0,eval,random,9,net,c000,0.7988160451253256,0.18077405293782556,0.08014051616191864,0.4745093286037445
-8.0,eval,random,9,net,c013,0.7582066853841146,0.022830327351888058,0.08014051616191864,0.4745093286037445
-8.0,eval,random,9,net,c049,-0.128541628519694,-0.07807318369547525,0.08014051616191864,0.4745093286037445
-8.0,eval,random,9,net,c058,0.6743033727010092,0.0183356602986654,0.08014051616191864,0.4745093286037445
-8.0,eval,random,9,net,c024,0.40754222869873047,0.1554727554321289,0.08014051616191864,0.4745093286037445
-8.0,eval,random,9,net,c042,0.20161151885986328,0.01779460906982422,0.08014051616191864,0.4745093286037445
-8.0,eval,random,9,net,c047,0.9264208475748698,0.22318331400553382,0.08014051616191864,0.4745093286037445
-8.0,eval,random,9,net,c043,0.1523869832356771,0.09691174825032553,0.08014051616191864,0.4745093286037445
-8.0,eval,random,9,net,c003,0.3077659606933594,-0.1873798370361328,0.08014051616191864,0.4745093286037445
-8.0,eval,random,9,net,c041,0.053780555725097656,-0.17374706268310547,0.08014051616191864,0.4745093286037445
-8.0,eval,random,9,net,c008,0.30745283762613934,-0.030291875203450502,0.08014051616191864,0.4745093286037445
-8.0,eval,random,9,net,c045,0.6309277216593424,0.09128634134928382,0.08014051616191864,0.4745093286037445
-8.0,eval,random,9,net,c011,0.21899191538492838,-0.043180783589681,0.08014051616191864,0.4745093286037445
-8.0,eval,random,9,net,c020,0.8549153010050455,0.08989683787027991,0.08014051616191864,0.4745093286037445
-8.0,eval,random,9,net,c044,0.16785907745361328,-0.050499916076660156,0.08014051616191864,0.4745093286037445
-8.0,eval,random,9,net,c016,0.6892487208048502,0.12008444468180335,0.08014051616191864,0.4745093286037445
-8.0,eval,random,9,net,c056,0.06872749328613281,0.12164306640625,0.08014051616191864,0.4745093286037445
-8.0,eval,random,9,net,c025,0.20869223276774088,-0.018810590108235686,0.08014051616191864,0.4745093286037445
-8.0,eval,random,9,net,c029,0.24259408315022787,0.07571442921956381,0.08014051616191864,0.4745093286037445
-8.0,eval,random,9,net,c014,0.3155698776245117,-0.03096294403076172,0.08014051616191864,0.4745093286037445
-8.0,eval,random,9,net,c002,0.6084381739298502,0.11564413706461585,0.08014051616191864,0.4745093286037445
-8.0,eval,random,9,net,c023,1.1227830251057942,0.30292352040608717,0.08014051616191864,0.4745093286037445
-8.0,eval,random,9,net,c046,-0.07366720835367839,-0.20030562082926434,0.08014051616191864,0.4745093286037445
-8.0,eval,random,9,net,c022,0.41632080078125,0.08843421936035156,0.08014051616191864,0.4745093286037445
-8.0,eval,random,9,net,c050,1.0982952117919922,0.1524333953857422,0.08014051616191864,0.4745093286037445
-6.0,eval,d,9,net,c006,0.8533382415771484,-0.15989208221435547,0.17941886186599731,0.6354838013648987
-6.0,eval,d,9,net,c017,0.5549354553222656,-0.0708160400390625,0.17941886186599731,0.6354838013648987
-6.0,eval,d,9,net,c039,0.29723072052001953,-0.40439319610595703,0.17941886186599731,0.6354838013648987
-6.0,eval,d,9,net,c036,0.613743782043457,0.35102272033691406,0.17941886186599731,0.6354838013648987
-6.0,eval,d,9,net,c009,0.11092662811279297,0.16897964477539062,0.17941886186599731,0.6354838013648987
-6.0,eval,d,9,net,c000,0.561549186706543,-0.02734375,0.17941886186599731,0.6354838013648987
-6.0,eval,d,9,net,c013,1.431015968322754,-0.23242568969726562,0.17941886186599731,0.6354838013648987
-6.0,eval,d,9,net,c049,0.2439556121826172,-0.3675508499145508,0.17941886186599731,0.6354838013648987
-6.0,eval,d,9,net,c058,0.6550912857055664,0.06764507293701172,0.17941886186599731,0.6354838013648987
-6.0,eval,d,9,net,c024,0.5391311645507812,0.38852500915527344,0.17941886186599731,0.6354838013648987
-6.0,eval,d,9,net,c042,0.644500732421875,-0.27636146545410156,0.17941886186599731,0.6354838013648987
-6.0,eval,d,9,net,c047,0.8109760284423828,0.38552188873291016,0.17941886186599731,0.6354838013648987
-6.0,eval,d,9,net,c043,-0.1749267578125,0.5598201751708984,0.17941886186599731,0.6354838013648987
-6.0,eval,d,9,net,c003,0.6279268264770508,-0.07568550109863281,0.17941886186599731,0.6354838013648987
-6.0,eval,d,9,net,c041,0.6515741348266602,-0.09694957733154297,0.17941886186599731,0.6354838013648987
-6.0,eval,d,9,net,c008,0.013959884643554688,0.0830240249633789,0.17941886186599731,0.6354838013648987
-6.0,eval,d,9,net,c045,1.6363506317138672,-0.2187814712524414,0.17941886186599731,0.6354838013648987
-6.0,eval,d,9,net,c011,0.9117107391357422,0.0015239715576171875,0.17941886186599731,0.6354838013648987
-6.0,eval,d,9,net,c020,1.5069913864135742,-0.31723976135253906,0.17941886186599731,0.6354838013648987
-6.0,eval,d,9,net,c044,1.5915145874023438,-0.40177059173583984,0.17941886186599731,0.6354838013648987
-6.0,eval,d,9,net,c016,0.5584497451782227,-0.07966995239257812,0.17941886186599731,0.6354838013648987
-6.0,eval,d,9,net,c056,0.9017400741577148,0.101654052734375,0.17941886186599731,0.6354838013648987
-6.0,eval,d,9,net,c025,0.3514747619628906,0.1927652359008789,0.17941886186599731,0.6354838013648987
-6.0,eval,d,9,net,c029,0.36556434631347656,0.025396347045898438,0.17941886186599731,0.6354838013648987
-6.0,eval,d,9,net,c014,0.4345817565917969,0.036712646484375,0.17941886186599731,0.6354838013648987
-6.0,eval,d,9,net,c002,0.4716949462890625,-0.04280376434326172,0.17941886186599731,0.6354838013648987
-6.0,eval,d,9,net,c023,0.67333984375,0.10227203369140625,0.17941886186599731,0.6354838013648987
-6.0,eval,d,9,net,c046,0.7117595672607422,0.08527660369873047,0.17941886186599731,0.6354838013648987
-6.0,eval,d,9,net,c022,0.31928539276123047,0.1047506332397461,0.17941886186599731,0.6354838013648987
-6.0,eval,d,9,net,c050,1.0539064407348633,-0.06097984313964844,0.17941886186599731,0.6354838013648987
-6.0,eval,d,9,net,c006,0.8942785263061523,-0.28879261016845703,0.17941886186599731,0.6354838013648987
-6.0,eval,d,9,net,c017,1.069289207458496,0.1890544891357422,0.17941886186599731,0.6354838013648987
-6.0,eval,d,9,net,c039,0.2897510528564453,0.01830577850341797,0.17941886186599731,0.6354838013648987
-6.0,eval,d,9,net,c036,0.6545772552490234,0.01874065399169922,0.17941886186599731,0.6354838013648987
-6.0,eval,d,9,net,c009,0.41326332092285156,-0.5601711273193359,0.17941886186599731,0.6354838013648987
-6.0,eval,d,9,net,c000,0.5396356582641602,-0.07840633392333984,0.17941886186599731,0.6354838013648987
-6.0,eval,d,9,net,c013,0.5635347366333008,-0.17184162139892578,0.17941886186599731,0.6354838013648987
-6.0,eval,d,9,net,c049,-0.23099708557128906,-0.1805286407470703,0.17941886186599731,0.6354838013648987
-6.0,eval,d,9,net,c058,0.3266162872314453,-0.32935142517089844,0.17941886186599731,0.6354838013648987
-6.0,eval,d,9,net,c024,0.27300548553466797,0.020936012268066406,0.17941886186599731,0.6354838013648987
-6.0,eval,d,9,net,c042,0.10644340515136719,-0.07737350463867188,0.17941886186599731,0.6354838013648987
-6.0,eval,d,9,net,c047,0.6936702728271484,-0.0095672607421875,0.17941886186599731,0.6354838013648987
-6.0,eval,d,9,net,c043,0.42194461822509766,0.3664693832397461,0.17941886186599731,0.6354838013648987
-6.0,eval,d,9,net,c003,0.34647083282470703,-0.14867496490478516,0.17941886186599731,0.6354838013648987
-6.0,eval,d,9,net,c041,0.29006099700927734,0.06253337860107422,0.17941886186599731,0.6354838013648987
-6.0,eval,d,9,net,c008,0.40409183502197266,0.06634712219238281,0.17941886186599731,0.6354838013648987
-6.0,eval,d,9,net,c045,0.5010910034179688,-0.038550376892089844,0.17941886186599731,0.6354838013648987
-6.0,eval,d,9,net,c011,0.37430572509765625,0.11213302612304688,0.17941886186599731,0.6354838013648987
-6.0,eval,d,9,net,c020,0.639307975769043,-0.12571048736572266,0.17941886186599731,0.6354838013648987
-6.0,eval,d,9,net,c044,0.230194091796875,0.011835098266601562,0.17941886186599731,0.6354838013648987
-6.0,eval,d,9,net,c016,0.2913942337036133,-0.2777700424194336,0.17941886186599731,0.6354838013648987
-6.0,eval,d,9,net,c056,0.10546016693115234,0.15837574005126953,0.17941886186599731,0.6354838013648987
-6.0,eval,d,9,net,c025,0.2813091278076172,0.053806304931640625,0.17941886186599731,0.6354838013648987
-6.0,eval,d,9,net,c029,0.41260719299316406,0.2457275390625,0.17941886186599731,0.6354838013648987
-6.0,eval,d,9,net,c014,0.22058486938476562,-0.1259479522705078,0.17941886186599731,0.6354838013648987
-6.0,eval,d,9,net,c002,0.5966787338256836,0.10388469696044922,0.17941886186599731,0.6354838013648987
-6.0,eval,d,9,net,c023,0.7127408981323242,-0.10711860656738281,0.17941886186599731,0.6354838013648987
-6.0,eval,d,9,net,c046,0.22515296936035156,0.09851455688476562,0.17941886186599731,0.6354838013648987
-6.0,eval,d,9,net,c022,0.47430419921875,0.14641761779785156,0.17941886186599731,0.6354838013648987
-6.0,eval,d,9,net,c050,0.7865028381347656,-0.15935897827148438,0.17941886186599731,0.6354838013648987
-6.0,deploy,d,9,net,c006,0.18250465393066406,-0.16370201110839844,0.15182901918888092,0.5854755640029907
-6.0,deploy,d,9,net,c017,-0.14686203002929688,0.044610023498535156,0.15182901918888092,0.5854755640029907
-6.0,deploy,d,9,net,c039,-0.08401966094970703,0.14560985565185547,0.15182901918888092,0.5854755640029907
-6.0,deploy,d,9,net,c036,0.10138988494873047,0.08776283264160156,0.15182901918888092,0.5854755640029907
-6.0,deploy,d,9,net,c009,-0.20991897583007812,0.16527080535888672,0.15182901918888092,0.5854755640029907
-6.0,deploy,d,9,net,c000,-0.24847030639648438,0.013242721557617188,0.15182901918888092,0.5854755640029907
-6.0,deploy,d,9,net,c013,0.17145252227783203,-0.14407825469970703,0.15182901918888092,0.5854755640029907
-6.0,deploy,d,9,net,c049,-0.4126243591308594,-0.048493385314941406,0.15182901918888092,0.5854755640029907
-6.0,deploy,d,9,net,c058,-0.23282718658447266,0.09209251403808594,0.15182901918888092,0.5854755640029907
-6.0,deploy,d,9,net,c024,-0.22162628173828125,0.15835952758789062,0.15182901918888092,0.5854755640029907
-6.0,deploy,d,9,net,c042,-0.3840770721435547,-0.08629226684570312,0.15182901918888092,0.5854755640029907
-6.0,deploy,d,9,net,c047,0.08489131927490234,-0.10126209259033203,0.15182901918888092,0.5854755640029907
-6.0,deploy,d,9,net,c043,-0.48009395599365234,0.22438621520996094,0.15182901918888092,0.5854755640029907
-6.0,deploy,d,9,net,c003,-0.26200294494628906,-0.1377582550048828,0.15182901918888092,0.5854755640029907
-6.0,deploy,d,9,net,c041,-0.6465063095092773,0.15985679626464844,0.15182901918888092,0.5854755640029907
-6.0,deploy,d,9,net,c008,-0.08039093017578125,0.2196969985961914,0.15182901918888092,0.5854755640029907
-6.0,deploy,d,9,net,c045,-0.3845958709716797,0.011363029479980469,0.15182901918888092,0.5854755640029907
-6.0,deploy,d,9,net,c011,0.11968040466308594,0.0035552978515625,0.15182901918888092,0.5854755640029907
-6.0,deploy,d,9,net,c020,-0.24184513092041016,0.14171504974365234,0.15182901918888092,0.5854755640029907
-6.0,deploy,d,9,net,c044,-0.17514896392822266,0.130706787109375,0.15182901918888092,0.5854755640029907
-6.0,deploy,d,9,net,c016,-0.08878517150878906,0.12039947509765625,0.15182901918888092,0.5854755640029907
-6.0,deploy,d,9,net,c056,0.022939682006835938,0.10444068908691406,0.15182901918888092,0.5854755640029907
-6.0,deploy,d,9,net,c025,-0.26464176177978516,-0.025002479553222656,0.15182901918888092,0.5854755640029907
-6.0,deploy,d,9,net,c029,-0.45760440826416016,0.2717761993408203,0.15182901918888092,0.5854755640029907
-6.0,deploy,d,9,net,c014,0.2823753356933594,-0.043906211853027344,0.15182901918888092,0.5854755640029907
-6.0,deploy,d,9,net,c002,-0.08961963653564453,0.1657085418701172,0.15182901918888092,0.5854755640029907
-6.0,deploy,d,9,net,c023,-0.1648721694946289,-0.01763916015625,0.15182901918888092,0.5854755640029907
-6.0,deploy,d,9,net,c046,-0.5534162521362305,0.1700878143310547,0.15182901918888092,0.5854755640029907
-6.0,deploy,d,9,net,c022,0.08220195770263672,0.026945114135742188,0.15182901918888092,0.5854755640029907
-6.0,deploy,d,9,net,c050,0.016259193420410156,0.04719829559326172,0.15182901918888092,0.5854755640029907
-6.0,deploy,d,9,net,c006,0.09941768646240234,0.026590347290039062,0.15182901918888092,0.5854755640029907
-6.0,deploy,d,9,net,c017,0.0979471206665039,-0.004389762878417969,0.15182901918888092,0.5854755640029907
-6.0,deploy,d,9,net,c039,-0.18820953369140625,0.1640005111694336,0.15182901918888092,0.5854755640029907
-6.0,deploy,d,9,net,c036,-0.0066661834716796875,0.24549579620361328,0.15182901918888092,0.5854755640029907
-6.0,deploy,d,9,net,c009,0.028672218322753906,0.1092071533203125,0.15182901918888092,0.5854755640029907
-6.0,deploy,d,9,net,c000,-0.43219566345214844,-0.09653377532958984,0.15182901918888092,0.5854755640029907
-6.0,deploy,d,9,net,c013,0.3103809356689453,-0.0609588623046875,0.15182901918888092,0.5854755640029907
-6.0,deploy,d,9,net,c049,-0.4832582473754883,0.2997751235961914,0.15182901918888092,0.5854755640029907
-6.0,deploy,d,9,net,c058,-0.2808113098144531,0.11956310272216797,0.15182901918888092,0.5854755640029907
-6.0,deploy,d,9,net,c024,-0.017380714416503906,0.06467723846435547,0.15182901918888092,0.5854755640029907
-6.0,deploy,d,9,net,c042,-0.3967866897583008,0.11254310607910156,0.15182901918888092,0.5854755640029907
-6.0,deploy,d,9,net,c047,0.18635940551757812,0.11563873291015625,0.15182901918888092,0.5854755640029907
-6.0,deploy,d,9,net,c043,-0.9301815032958984,0.2865161895751953,0.15182901918888092,0.5854755640029907
-6.0,deploy,d,9,net,c003,-0.10385417938232422,0.07990550994873047,0.15182901918888092,0.5854755640029907
-6.0,deploy,d,9,net,c041,-0.3495349884033203,-0.15309810638427734,0.15182901918888092,0.5854755640029907
-6.0,deploy,d,9,net,c008,-0.3694925308227539,0.3282442092895508,0.15182901918888092,0.5854755640029907
-6.0,deploy,d,9,net,c045,-0.5090093612670898,0.2637977600097656,0.15182901918888092,0.5854755640029907
-6.0,deploy,d,9,net,c011,0.23002910614013672,0.021180152893066406,0.15182901918888092,0.5854755640029907
-6.0,deploy,d,9,net,c020,-0.0437774658203125,0.18013572692871094,0.15182901918888092,0.5854755640029907
-6.0,deploy,d,9,net,c044,-0.198486328125,-0.010675430297851562,0.15182901918888092,0.5854755640029907
-6.0,deploy,d,9,net,c016,0.1845693588256836,-0.014142990112304688,0.15182901918888092,0.5854755640029907
-6.0,deploy,d,9,net,c056,0.13785934448242188,0.17219829559326172,0.15182901918888092,0.5854755640029907
-6.0,deploy,d,9,net,c025,-0.1412982940673828,-0.13371562957763672,0.15182901918888092,0.5854755640029907
-6.0,deploy,d,9,net,c029,-0.24651050567626953,0.16838645935058594,0.15182901918888092,0.5854755640029907
-6.0,deploy,d,9,net,c014,-0.25337982177734375,0.03655052185058594,0.15182901918888092,0.5854755640029907
-6.0,deploy,d,9,net,c002,-0.5433177947998047,-0.08029556274414062,0.15182901918888092,0.5854755640029907
-6.0,deploy,d,9,net,c023,-0.3293437957763672,-0.14806652069091797,0.15182901918888092,0.5854755640029907
-6.0,deploy,d,9,net,c046,-0.35394954681396484,0.0038175582885742188,0.15182901918888092,0.5854755640029907
-6.0,deploy,d,9,net,c022,-0.26177501678466797,0.21481609344482422,0.15182901918888092,0.5854755640029907
-6.0,deploy,d,9,net,c050,-0.22078800201416016,0.2589111328125,0.15182901918888092,0.5854755640029907
-6.0,eval,random,9,net,c006,1.1424983342488606,0.1292680104573567,0.06953444952766101,0.5077393651008606
-6.0,eval,random,9,net,c017,0.7106488545735677,0.08489735921223962,0.06953444952766101,0.5077393651008606
-6.0,eval,random,9,net,c039,0.7392066319783529,0.03758271535237634,0.06953444952766101,0.5077393651008606
-6.0,eval,random,9,net,c036,0.29181067148844403,0.02908960978190106,0.06953444952766101,0.5077393651008606
-6.0,eval,random,9,net,c009,-0.128446896870931,-0.07039388020833334,0.06953444952766101,0.5077393651008606
-6.0,eval,random,9,net,c000,0.7736870447794596,0.18479410807291663,0.06953444952766101,0.5077393651008606
-6.0,eval,random,9,net,c013,1.7584800720214844,0.09503841400146484,0.06953444952766101,0.5077393651008606
-6.0,eval,random,9,net,c049,0.6124687194824219,0.0009622573852539062,0.06953444952766101,0.5077393651008606
-6.0,eval,random,9,net,c058,0.7868076960245768,0.1993614832560221,0.06953444952766101,0.5077393651008606
-6.0,eval,random,9,net,c024,0.31524213155110675,0.16463597615559894,0.06953444952766101,0.5077393651008606
-6.0,eval,random,9,net,c042,0.9765466054280599,0.05568440755208337,0.06953444952766101,0.5077393651008606
-6.0,eval,random,9,net,c047,0.557438850402832,0.13198471069335938,0.06953444952766101,0.5077393651008606
-6.0,eval,random,9,net,c043,-0.924345334370931,-0.1895984013875326,0.06953444952766101,0.5077393651008606
-6.0,eval,random,9,net,c003,0.9073858261108398,0.20377349853515625,0.06953444952766101,0.5077393651008606
-6.0,eval,random,9,net,c041,0.7855278650919596,0.03700415293375647,0.06953444952766101,0.5077393651008606
-6.0,eval,random,9,net,c008,-0.19434356689453125,-0.12527942657470703,0.06953444952766101,0.5077393651008606
-6.0,eval,random,9,net,c045,1.8388582865397136,-0.016273816426594978,0.06953444952766101,0.5077393651008606
-6.0,eval,random,9,net,c011,0.9268951416015625,0.0167083740234375,0.06953444952766101,0.5077393651008606
-6.0,eval,random,9,net,c020,1.8514563242594402,0.027225176493326897,0.06953444952766101,0.5077393651008606
-6.0,eval,random,9,net,c044,1.8745918273925781,-0.11869335174560547,0.06953444952766101,0.5077393651008606
-6.0,eval,random,9,net,c016,0.8795280456542969,0.2414083480834961,0.06953444952766101,0.5077393651008606
-6.0,eval,random,9,net,c056,0.9005835851033529,0.10049756368001306,0.06953444952766101,0.5077393651008606
-6.0,eval,random,9,net,c025,0.38931020100911456,0.23060067494710285,0.06953444952766101,0.5077393651008606
-6.0,eval,random,9,net,c029,0.3555030822753906,0.0153350830078125,0.06953444952766101,0.5077393651008606
-6.0,eval,random,9,net,c014,0.43590768178304035,0.03803857167561847,0.06953444952766101,0.5077393651008606
-6.0,eval,random,9,net,c002,0.7413380940755209,0.22683938344319665,0.06953444952766101,0.5077393651008606
-6.0,eval,random,9,net,c023,0.7046051025390625,0.13353729248046875,0.06953444952766101,0.5077393651008606
-6.0,eval,random,9,net,c046,0.6458406448364258,0.019357681274414062,0.06953444952766101,0.5077393651008606
-6.0,eval,random,9,net,c022,0.33344300587972003,0.11890824635823566,0.06953444952766101,0.5077393651008606
-6.0,eval,random,9,net,c050,1.2881851196289062,0.17329883575439453,0.06953444952766101,0.5077393651008606
-6.0,eval,random,9,net,c006,1.3763596216837566,0.1932884852091472,0.06953444952766101,0.5077393651008606
-6.0,eval,random,9,net,c017,1.0507322947184246,0.17049757639567065,0.06953444952766101,0.5077393651008606
-6.0,eval,random,9,net,c039,0.2488540013631185,-0.022591272989908845,0.06953444952766101,0.5077393651008606
-6.0,eval,random,9,net,c036,0.6253948211669922,-0.010441780090332031,0.06953444952766101,0.5077393651008606
-6.0,eval,random,9,net,c009,1.0331344604492188,0.05970001220703125,0.06953444952766101,0.5077393651008606
-6.0,eval,random,9,net,c000,0.854249636332194,0.23620764414469397,0.06953444952766101,0.5077393651008606
-6.0,eval,random,9,net,c013,0.8499005635579427,0.11452420552571618,0.06953444952766101,0.5077393651008606
-6.0,eval,random,9,net,c049,-0.11583328247070312,-0.06536483764648438,0.06953444952766101,0.5077393651008606
-6.0,eval,random,9,net,c058,0.7256558736165365,0.06968816121419275,0.06953444952766101,0.5077393651008606
-6.0,eval,random,9,net,c024,0.3775510787963867,0.12548160552978516,0.06953444952766101,0.5077393651008606
-6.0,eval,random,9,net,c042,0.21186510721842447,0.028048197428385407,0.06953444952766101,0.5077393651008606
-6.0,eval,random,9,net,c047,0.9699029922485352,0.2666654586791992,0.06953444952766101,0.5077393651008606
-6.0,eval,random,9,net,c043,0.13568623860677084,0.08021100362141928,0.06953444952766101,0.5077393651008606
-6.0,eval,random,9,net,c003,0.38432788848876953,-0.11081790924072266,0.06953444952766101,0.5077393651008606
-6.0,eval,random,9,net,c041,0.10777473449707031,-0.11975288391113281,0.06953444952766101,0.5077393651008606
-6.0,eval,random,9,net,c008,0.33254019419352215,-0.00520451863606769,0.06953444952766101,0.5077393651008606
-6.0,eval,random,9,net,c045,0.668529192606608,0.12888781229654944,0.06953444952766101,0.5077393651008606
-6.0,eval,random,9,net,c011,0.2861172358194987,0.02394453684488934,0.06953444952766101,0.5077393651008606
-6.0,eval,random,9,net,c020,0.9101123809814453,0.1450939178466797,0.06953444952766101,0.5077393651008606
-6.0,eval,random,9,net,c044,0.166227658589681,-0.05213133494059244,0.06953444952766101,0.5077393651008606
-6.0,eval,random,9,net,c016,0.7335459391276041,0.16438166300455725,0.06953444952766101,0.5077393651008606
-6.0,eval,random,9,net,c056,0.011267344156901041,0.06418291727701823,0.06953444952766101,0.5077393651008606
-6.0,eval,random,9,net,c025,0.2444620132446289,0.016959190368652344,0.06953444952766101,0.5077393651008606
-6.0,eval,random,9,net,c029,0.3006461461385091,0.13376649220784503,0.06953444952766101,0.5077393651008606
-6.0,eval,random,9,net,c014,0.3709287643432617,0.02439594268798828,0.06953444952766101,0.5077393651008606
-6.0,eval,random,9,net,c002,0.6410137812296549,0.14821974436442054,0.06953444952766101,0.5077393651008606
-6.0,eval,random,9,net,c023,1.1544370651245117,0.3345775604248047,0.06953444952766101,0.5077393651008606
-6.0,eval,random,9,net,c046,-0.017456690470377605,-0.14409510294596353,0.06953444952766101,0.5077393651008606
-6.0,eval,random,9,net,c022,0.4200782775878906,0.09219169616699219,0.06953444952766101,0.5077393651008606
-6.0,eval,random,9,net,c050,1.2105143864949544,0.26465257008870435,0.06953444952766101,0.5077393651008606
-4.0,eval,d,9,net,c006,1.0652551651000977,0.05202484130859375,0.10889090597629547,0.6307856440544128
-4.0,eval,d,9,net,c017,0.6834020614624023,0.05765056610107422,0.10889090597629547,0.6307856440544128
-4.0,eval,d,9,net,c039,0.4357137680053711,-0.26591014862060547,0.10889090597629547,0.6307856440544128
-4.0,eval,d,9,net,c036,0.5902795791625977,0.3275585174560547,0.10889090597629547,0.6307856440544128
-4.0,eval,d,9,net,c009,0.14206314086914062,0.20011615753173828,0.10889090597629547,0.6307856440544128
-4.0,eval,d,9,net,c000,0.7041072845458984,0.11521434783935547,0.10889090597629547,0.6307856440544128
-4.0,eval,d,9,net,c013,1.5912904739379883,-0.07215118408203125,0.10889090597629547,0.6307856440544128
-4.0,eval,d,9,net,c049,0.3722848892211914,-0.23922157287597656,0.10889090597629547,0.6307856440544128
-4.0,eval,d,9,net,c058,0.7901086807250977,0.20266246795654297,0.10889090597629547,0.6307856440544128
-4.0,eval,d,9,net,c024,0.46489524841308594,0.3142890930175781,0.10889090597629547,0.6307856440544128
-4.0,eval,d,9,net,c042,0.8647985458374023,-0.05606365203857422,0.10889090597629547,0.6307856440544128
-4.0,eval,d,9,net,c047,0.7998476028442383,0.3743934631347656,0.10889090597629547,0.6307856440544128
-4.0,eval,d,9,net,c043,-0.30205821990966797,0.43268871307373047,0.10889090597629547,0.6307856440544128
-4.0,eval,d,9,net,c003,0.7640266418457031,0.06041431427001953,0.10889090597629547,0.6307856440544128
-4.0,eval,d,9,net,c041,0.8591470718383789,0.11062335968017578,0.10889090597629547,0.6307856440544128
-4.0,eval,d,9,net,c008,0.07723522186279297,0.1462993621826172,0.10889090597629547,0.6307856440544128
-4.0,eval,d,9,net,c045,1.8912477493286133,0.03611564636230469,0.10889090597629547,0.6307856440544128
-4.0,eval,d,9,net,c011,1.0687808990478516,0.15859413146972656,0.10889090597629547,0.6307856440544128
-4.0,eval,d,9,net,c020,1.7392911911010742,-0.08493995666503906,0.10889090597629547,0.6307856440544128
-4.0,eval,d,9,net,c044,1.8665094375610352,-0.12677574157714844,0.10889090597629547,0.6307856440544128
-4.0,eval,d,9,net,c016,0.6954936981201172,0.057374000549316406,0.10889090597629547,0.6307856440544128
-4.0,eval,d,9,net,c056,1.0220232009887695,0.2219371795654297,0.10889090597629547,0.6307856440544128
-4.0,eval,d,9,net,c025,0.3392143249511719,0.18050479888916016,0.10889090597629547,0.6307856440544128
-4.0,eval,d,9,net,c029,0.4501819610595703,0.11001396179199219,0.10889090597629547,0.6307856440544128
-4.0,eval,d,9,net,c014,0.47432708740234375,0.07645797729492188,0.10889090597629547,0.6307856440544128
-4.0,eval,d,9,net,c002,0.6020727157592773,0.08757400512695312,0.10889090597629547,0.6307856440544128
-4.0,eval,d,9,net,c023,0.751190185546875,0.18012237548828125,0.10889090597629547,0.6307856440544128
-4.0,eval,d,9,net,c046,0.8285398483276367,0.202056884765625,0.10889090597629547,0.6307856440544128
-4.0,eval,d,9,net,c022,0.38060760498046875,0.16607284545898438,0.10889090597629547,0.6307856440544128
-4.0,eval,d,9,net,c050,1.226104736328125,0.11121845245361328,0.10889090597629547,0.6307856440544128
-4.0,eval,d,9,net,c006,1.1119556427001953,-0.07111549377441406,0.10889090597629547,0.6307856440544128
-4.0,eval,d,9,net,c017,1.144547462463379,0.264312744140625,0.10889090597629547,0.6307856440544128
-4.0,eval,d,9,net,c039,0.34926795959472656,0.07782268524169922,0.10889090597629547,0.6307856440544128
-4.0,eval,d,9,net,c036,0.7541112899780273,0.11827468872070312,0.10889090597629547,0.6307856440544128
-4.0,eval,d,9,net,c009,0.6767520904541016,-0.29668235778808594,0.10889090597629547,0.6307856440544128
-4.0,eval,d,9,net,c000,0.6740579605102539,0.056015968322753906,0.10889090597629547,0.6307856440544128
-4.0,eval,d,9,net,c013,0.7111940383911133,-0.02418231964111328,0.10889090597629547,0.6307856440544128
-4.0,eval,d,9,net,c049,-0.1103353500366211,-0.059866905212402344,0.10889090597629547,0.6307856440544128
-4.0,eval,d,9,net,c058,0.48201656341552734,-0.1739511489868164,0.10889090597629547,0.6307856440544128
-4.0,eval,d,9,net,c024,0.3385448455810547,0.08647537231445312,0.10889090597629547,0.6307856440544128
-4.0,eval,d,9,net,c042,0.2073993682861328,0.02358245849609375,0.10889090597629547,0.6307856440544128
-4.0,eval,d,9,net,c047,0.7852544784545898,0.0820169448852539,0.10889090597629547,0.6307856440544128
-4.0,eval,d,9,net,c043,0.41094398498535156,0.35546875,0.10889090597629547,0.6307856440544128
-4.0,eval,d,9,net,c003,0.5188531875610352,0.02370738983154297,0.10889090597629547,0.6307856440544128
-4.0,eval,d,9,net,c041,0.3063077926635742,0.0787801742553711,0.10889090597629547,0.6307856440544128
-4.0,eval,d,9,net,c008,0.4624662399291992,0.12472152709960938,0.10889090597629547,0.6307856440544128
-4.0,eval,d,9,net,c045,0.6348056793212891,0.09516429901123047,0.10889090597629547,0.6307856440544128
-4.0,eval,d,9,net,c011,0.40697193145751953,0.14479923248291016,0.10889090597629547,0.6307856440544128
-4.0,eval,d,9,net,c020,0.8041172027587891,0.03909873962402344,0.10889090597629547,0.6307856440544128
-4.0,eval,d,9,net,c044,0.26294994354248047,0.04459095001220703,0.10889090597629547,0.6307856440544128
-4.0,eval,d,9,net,c016,0.4691314697265625,-0.10003280639648438,0.10889090597629547,0.6307856440544128
-4.0,eval,d,9,net,c056,0.09758377075195312,0.1504993438720703,0.10889090597629547,0.6307856440544128
-4.0,eval,d,9,net,c025,0.2924661636352539,0.06496334075927734,0.10889090597629547,0.6307856440544128
-4.0,eval,d,9,net,c029,0.49745655059814453,0.33057689666748047,0.10889090597629547,0.6307856440544128
-4.0,eval,d,9,net,c014,0.3283834457397461,-0.018149375915527344,0.10889090597629547,0.6307856440544128
-4.0,eval,d,9,net,c002,0.6614189147949219,0.1686248779296875,0.10889090597629547,0.6307856440544128
-4.0,eval,d,9,net,c023,0.8370695114135742,0.017210006713867188,0.10889090597629547,0.6307856440544128
-4.0,eval,d,9,net,c046,0.2283935546875,0.10175514221191406,0.10889090597629547,0.6307856440544128
-4.0,eval,d,9,net,c022,0.46039772033691406,0.13251113891601562,0.10889090597629547,0.6307856440544128
-4.0,eval,d,9,net,c050,0.9718513488769531,0.025989532470703125,0.10889090597629547,0.6307856440544128
-4.0,deploy,d,9,net,c006,0.33278751373291016,-0.013419151306152344,0.07277590781450272,0.5260523557662964
-4.0,deploy,d,9,net,c017,-0.12708759307861328,0.06438446044921875,0.07277590781450272,0.5260523557662964
-4.0,deploy,d,9,net,c039,-0.0698394775390625,0.1597900390625,0.07277590781450272,0.5260523557662964
-4.0,deploy,d,9,net,c036,0.13182449340820312,0.11819744110107422,0.07277590781450272,0.5260523557662964
-4.0,deploy,d,9,net,c009,-0.21069908142089844,0.1644906997680664,0.07277590781450272,0.5260523557662964
-4.0,deploy,d,9,net,c000,-0.2051229476928711,0.05659008026123047,0.07277590781450272,0.5260523557662964
-4.0,deploy,d,9,net,c013,0.26273441314697266,-0.052796363830566406,0.07277590781450272,0.5260523557662964
-4.0,deploy,d,9,net,c049,-0.3767251968383789,-0.012594223022460938,0.07277590781450272,0.5260523557662964
-4.0,deploy,d,9,net,c058,-0.23668766021728516,0.08823204040527344,0.07277590781450272,0.5260523557662964
-4.0,deploy,d,9,net,c024,-0.23706722259521484,0.14291858673095703,0.07277590781450272,0.5260523557662964
-4.0,deploy,d,9,net,c042,-0.3340139389038086,-0.03622913360595703,0.07277590781450272,0.5260523557662964
-4.0,deploy,d,9,net,c047,0.18398094177246094,-0.0021724700927734375,0.07277590781450272,0.5260523557662964
-4.0,deploy,d,9,net,c043,-0.5277366638183594,0.1767435073852539,0.07277590781450272,0.5260523557662964
-4.0,deploy,d,9,net,c003,-0.18613147735595703,-0.06188678741455078,0.07277590781450272,0.5260523557662964
-4.0,deploy,d,9,net,c041,-0.7248630523681641,0.08150005340576172,0.07277590781450272,0.5260523557662964
-4.0,deploy,d,9,net,c008,-0.08563232421875,0.21445560455322266,0.07277590781450272,0.5260523557662964
-4.0,deploy,d,9,net,c045,-0.3468894958496094,0.04906940460205078,0.07277590781450272,0.5260523557662964
-4.0,deploy,d,9,net,c011,0.17518234252929688,0.05905723571777344,0.07277590781450272,0.5260523557662964
-4.0,deploy,d,9,net,c020,-0.24148845672607422,0.14207172393798828,0.07277590781450272,0.5260523557662964
-4.0,deploy,d,9,net,c044,-0.18207359313964844,0.12378215789794922,0.07277590781450272,0.5260523557662964
-4.0,deploy,d,9,net,c016,-0.07643890380859375,0.13274574279785156,0.07277590781450272,0.5260523557662964
-4.0,deploy,d,9,net,c056,0.08155632019042969,0.1630573272705078,0.07277590781450272,0.5260523557662964
-4.0,deploy,d,9,net,c025,-0.24098491668701172,-0.0013456344604492188,0.07277590781450272,0.5260523557662964
-4.0,deploy,d,9,net,c029,-0.4698963165283203,0.25948429107666016,0.07277590781450272,0.5260523557662964
-4.0,deploy,d,9,net,c014,0.36098670959472656,0.034705162048339844,0.07277590781450272,0.5260523557662964
-4.0,deploy,d,9,net,c002,-0.06517982482910156,0.19014835357666016,0.07277590781450272,0.5260523557662964
-4.0,deploy,d,9,net,c023,-0.1290435791015625,0.018189430236816406,0.07277590781450272,0.5260523557662964
-4.0,deploy,d,9,net,c046,-0.6407175064086914,0.08278656005859375,0.07277590781450272,0.5260523557662964
-4.0,deploy,d,9,net,c022,0.12085151672363281,0.06559467315673828,0.07277590781450272,0.5260523557662964
-4.0,deploy,d,9,net,c050,0.08645820617675781,0.11739730834960938,0.07277590781450272,0.5260523557662964
-4.0,deploy,d,9,net,c006,0.16150665283203125,0.08867931365966797,0.07277590781450272,0.5260523557662964
-4.0,deploy,d,9,net,c017,0.14413166046142578,0.041794776916503906,0.07277590781450272,0.5260523557662964
-4.0,deploy,d,9,net,c039,-0.18666839599609375,0.1655416488647461,0.07277590781450272,0.5260523557662964
-4.0,deploy,d,9,net,c036,-0.024094581604003906,0.22806739807128906,0.07277590781450272,0.5260523557662964
-4.0,deploy,d,9,net,c009,0.07591056823730469,0.15644550323486328,0.07277590781450272,0.5260523557662964
-4.0,deploy,d,9,net,c000,-0.3492002487182617,-0.013538360595703125,0.07277590781450272,0.5260523557662964
-4.0,deploy,d,9,net,c013,0.4058246612548828,0.03448486328125,0.07277590781450272,0.5260523557662964
-4.0,deploy,d,9,net,c049,-0.4962959289550781,0.28673744201660156,0.07277590781450272,0.5260523557662964
-4.0,deploy,d,9,net,c058,-0.27187347412109375,0.12850093841552734,0.07277590781450272,0.5260523557662964
-4.0,deploy,d,9,net,c024,0.0026702880859375,0.08472824096679688,0.07277590781450272,0.5260523557662964
-4.0,deploy,d,9,net,c042,-0.4080810546875,0.10124874114990234,0.07277590781450272,0.5260523557662964
-4.0,deploy,d,9,net,c047,0.2294626235961914,0.15874195098876953,0.07277590781450272,0.5260523557662964
-4.0,deploy,d,9,net,c043,-1.0520105361938477,0.1646871566772461,0.07277590781450272,0.5260523557662964
-4.0,deploy,d,9,net,c003,-0.07511615753173828,0.1086435317993164,0.07277590781450272,0.5260523557662964
-4.0,deploy,d,9,net,c041,-0.27533531188964844,-0.07889842987060547,0.07277590781450272,0.5260523557662964
-4.0,deploy,d,9,net,c008,-0.42899227142333984,0.26874446868896484,0.07277590781450272,0.5260523557662964
-4.0,deploy,d,9,net,c045,-0.5838298797607422,0.18897724151611328,0.07277590781450272,0.5260523557662964
-4.0,deploy,d,9,net,c011,0.2818622589111328,0.0730133056640625,0.07277590781450272,0.5260523557662964
-4.0,deploy,d,9,net,c020,-0.032428741455078125,0.1914844512939453,0.07277590781450272,0.5260523557662964
-4.0,deploy,d,9,net,c044,-0.15513134002685547,0.03267955780029297,0.07277590781450272,0.5260523557662964
-4.0,deploy,d,9,net,c016,0.2652273178100586,0.06651496887207031,0.07277590781450272,0.5260523557662964
-4.0,deploy,d,9,net,c056,0.18786334991455078,0.22220230102539062,0.07277590781450272,0.5260523557662964
-4.0,deploy,d,9,net,c025,-0.059159278869628906,-0.05157661437988281,0.07277590781450272,0.5260523557662964
-4.0,deploy,d,9,net,c029,-0.23349952697753906,0.1813974380493164,0.07277590781450272,0.5260523557662964
-4.0,deploy,d,9,net,c014,-0.21494102478027344,0.07498931884765625,0.07277590781450272,0.5260523557662964
-4.0,deploy,d,9,net,c002,-0.48337554931640625,-0.020353317260742188,0.07277590781450272,0.5260523557662964
-4.0,deploy,d,9,net,c023,-0.2670564651489258,-0.08577919006347656,0.07277590781450272,0.5260523557662964
-4.0,deploy,d,9,net,c046,-0.3337116241455078,0.02405548095703125,0.07277590781450272,0.5260523557662964
-4.0,deploy,d,9,net,c022,-0.2915191650390625,0.1850719451904297,0.07277590781450272,0.5260523557662964
-4.0,deploy,d,9,net,c050,-0.2596302032470703,0.22006893157958984,0.07277590781450272,0.5260523557662964
-4.0,eval,random,9,net,c006,1.1868921915690105,0.17366186777750658,0.04000325066347917,0.5307986835638682
-4.0,eval,random,9,net,c017,0.7354660034179688,0.10971450805664062,0.04000325066347917,0.5307986835638682
-4.0,eval,random,9,net,c039,0.7764174143473307,0.07479349772135413,0.04000325066347917,0.5307986835638682
-4.0,eval,random,9,net,c036,0.25870545705159503,-0.004015604654947935,0.04000325066347917,0.5307986835638682
-4.0,eval,random,9,net,c009,-0.12078507741292317,-0.06273206075032552,0.04000325066347917,0.5307986835638682
-4.0,eval,random,9,net,c000,0.7642386754353842,0.17534573872884118,0.04000325066347917,0.5307986835638682
-4.0,eval,random,9,net,c013,1.7791636784871419,0.11572202046712232,0.04000325066347917,0.5307986835638682
-4.0,eval,random,9,net,c049,0.6237653096516927,0.012258847554524777,0.04000325066347917,0.5307986835638682
-4.0,eval,random,9,net,c058,0.7600930531819662,0.1726468404134115,0.04000325066347917,0.5307986835638682
-4.0,eval,random,9,net,c024,0.23309453328450522,0.0824883778889974,0.04000325066347917,0.5307986835638682
-4.0,eval,random,9,net,c042,1.0234235127766926,0.10256131490071607,0.04000325066347917,0.5307986835638682
-4.0,eval,random,9,net,c047,0.5515276590983073,0.1260735193888346,0.04000325066347917,0.5307986835638682
-4.0,eval,random,9,net,c043,-0.8903210957845052,-0.1555741628011068,0.04000325066347917,0.5307986835638682
-4.0,eval,random,9,net,c003,0.8760703404744467,0.17245801289876306,0.04000325066347917,0.5307986835638682
-4.0,eval,random,9,net,c041,0.8566048940022787,0.10808118184407556,0.04000325066347917,0.5307986835638682
-4.0,eval,random,9,net,c008,-0.12245368957519531,-0.053389549255371094,0.04000325066347917,0.5307986835638682
-4.0,eval,random,9,net,c045,1.9043823877970378,0.04925028483072924,0.04000325066347917,0.5307986835638682
-4.0,eval,random,9,net,c011,1.0277080535888672,0.11752128601074219,0.04000325066347917,0.5307986835638682
-4.0,eval,random,9,net,c020,1.9116748174031575,0.0874436696370442,0.04000325066347917,0.5307986835638682
-4.0,eval,random,9,net,c044,1.9921719233194988,-0.0011132558186848218,0.04000325066347917,0.5307986835638682
-4.0,eval,random,9,net,c016,0.8621892929077148,0.22406959533691406,0.04000325066347917,0.5307986835638682
-4.0,eval,random,9,net,c056,0.9183565775553385,0.11827055613199866,0.04000325066347917,0.5307986835638682
-4.0,eval,random,9,net,c025,0.2817726135253906,0.1230630874633789,0.04000325066347917,0.5307986835638682
-4.0,eval,random,9,net,c029,0.37574100494384766,0.03557300567626953,0.04000325066347917,0.5307986835638682
-4.0,eval,random,9,net,c014,0.48544788360595703,0.08757877349853516,0.04000325066347917,0.5307986835638682
-4.0,eval,random,9,net,c002,0.6883999506632487,0.17390124003092444,0.04000325066347917,0.5307986835638682
-4.0,eval,random,9,net,c023,0.7004340489705404,0.12936623891194665,0.04000325066347917,0.5307986835638682
-4.0,eval,random,9,net,c046,0.6284236907958984,0.0019407272338867188,0.04000325066347917,0.5307986835638682
-4.0,eval,random,9,net,c022,0.29840660095214844,0.08387184143066406,0.04000325066347917,0.5307986835638682
-4.0,eval,random,9,net,c050,1.3609692255655925,0.2460829416910808,0.04000325066347917,0.5307986835638682
-4.0,eval,random,9,net,c006,1.3883778254191081,0.20530668894449877,0.04000325066347917,0.5307986835638682
-4.0,eval,random,9,net,c017,1.0840024948120117,0.2037677764892578,0.04000325066347917,0.5307986835638682
-4.0,eval,random,9,net,c039,0.2525453567504883,-0.018899917602539062,0.04000325066347917,0.5307986835638682
-4.0,eval,random,9,net,c036,0.6483662923177084,0.012529691060384152,0.04000325066347917,0.5307986835638682
-4.0,eval,random,9,net,c009,1.062822977701823,0.08938852945963549,0.04000325066347917,0.5307986835638682
-4.0,eval,random,9,net,c000,0.8240795135498047,0.2060375213623047,0.04000325066347917,0.5307986835638682
-4.0,eval,random,9,net,c013,0.873572031656901,0.13819567362467444,0.04000325066347917,0.5307986835638682
-4.0,eval,random,9,net,c049,-0.10354359944661458,-0.05307515462239583,0.04000325066347917,0.5307986835638682
-4.0,eval,random,9,net,c058,0.7230698267618815,0.06710211435953772,0.04000325066347917,0.5307986835638682
-4.0,eval,random,9,net,c024,0.33380794525146484,0.08173847198486328,0.04000325066347917,0.5307986835638682
-4.0,eval,random,9,net,c042,0.207365353902181,0.023548444112141936,0.04000325066347917,0.5307986835638682
-4.0,eval,random,9,net,c047,0.9170220692952474,0.2137845357259115,0.04000325066347917,0.5307986835638682
-4.0,eval,random,9,net,c043,0.11654154459635417,0.06106630961100261,0.04000325066347917,0.5307986835638682
-4.0,eval,random,9,net,c003,0.47149085998535156,-0.023654937744140625,0.04000325066347917,0.5307986835638682
-4.0,eval,random,9,net,c041,0.1608098347981771,-0.06671778361002603,0.04000325066347917,0.5307986835638682
-4.0,eval,random,9,net,c008,0.35356299082438153,0.015818277994791685,0.04000325066347917,0.5307986835638682
-4.0,eval,random,9,net,c045,0.6594489415486654,0.11980756123860681,0.04000325066347917,0.5307986835638682
-4.0,eval,random,9,net,c011,0.3205595016479492,0.058386802673339844,0.04000325066347917,0.5307986835638682
-4.0,eval,random,9,net,c020,0.9036108652750651,0.13859240214029944,0.04000325066347917,0.5307986835638682
-4.0,eval,random,9,net,c044,0.16573969523111978,-0.052619298299153655,0.04000325066347917,0.5307986835638682
-4.0,eval,random,9,net,c016,0.7087583541870117,0.13959407806396484,0.04000325066347917,0.5307986835638682
-4.0,eval,random,9,net,c056,-0.035936991373697914,0.016978581746419273,0.04000325066347917,0.5307986835638682
-4.0,eval,random,9,net,c025,0.26021448771158856,0.032711664835612,0.04000325066347917,0.5307986835638682
-4.0,eval,random,9,net,c029,0.28374449412027997,0.1168648401896159,0.04000325066347917,0.5307986835638682
-4.0,eval,random,9,net,c014,0.39318688710530597,0.046654065450032534,0.04000325066347917,0.5307986835638682
-4.0,eval,random,9,net,c002,0.6176834106445312,0.12488937377929688,0.04000325066347917,0.5307986835638682
-4.0,eval,random,9,net,c023,1.0890560150146484,0.2691965103149414,0.04000325066347917,0.5307986835638682
-4.0,eval,random,9,net,c046,0.05318514506022135,-0.07345326741536459,0.04000325066347917,0.5307986835638682
-4.0,eval,random,9,net,c022,0.4019788106282552,0.07409222920735675,0.04000325066347917,0.5307986835638682
-4.0,eval,random,9,net,c050,1.1957921981811523,0.24993038177490234,0.04000325066347917,0.5307986835638682
-2.0,eval,d,9,net,c006,1.1055183410644531,0.09228801727294922,0.032496873289346695,0.6043218970298767
-2.0,eval,d,9,net,c017,0.6992177963256836,0.07346630096435547,0.032496873289346695,0.6043218970298767
-2.0,eval,d,9,net,c039,0.5985784530639648,-0.10304546356201172,0.032496873289346695,0.6043218970298767
-2.0,eval,d,9,net,c036,0.46340370178222656,0.2006826400756836,0.032496873289346695,0.6043218970298767
-2.0,eval,d,9,net,c009,0.08536720275878906,0.14342021942138672,0.032496873289346695,0.6043218970298767
-2.0,eval,d,9,net,c000,0.7035427093505859,0.11464977264404297,0.032496873289346695,0.6043218970298767
-2.0,eval,d,9,net,c013,1.6944055557250977,0.030963897705078125,0.032496873289346695,0.6043218970298767
-2.0,eval,d,9,net,c049,0.5092239379882812,-0.10228252410888672,0.032496873289346695,0.6043218970298767
-2.0,eval,d,9,net,c058,0.8025407791137695,0.21509456634521484,0.032496873289346695,0.6043218970298767
-2.0,eval,d,9,net,c024,0.3132591247558594,0.16265296936035156,0.032496873289346695,0.6043218970298767
-2.0,eval,d,9,net,c042,0.9950733184814453,0.07421112060546875,0.032496873289346695,0.6043218970298767
-2.0,eval,d,9,net,c047,0.6677331924438477,0.242279052734375,0.032496873289346695,0.6043218970298767
-2.0,eval,d,9,net,c043,-0.49471092224121094,0.2400360107421875,0.032496873289346695,0.6043218970298767
-2.0,eval,d,9,net,c003,0.7895908355712891,0.08597850799560547,0.032496873289346695,0.6043218970298767
-2.0,eval,d,9,net,c041,0.8870782852172852,0.13855457305908203,0.032496873289346695,0.6043218970298767
-2.0,eval,d,9,net,c008,0.05581951141357422,0.12488365173339844,0.032496873289346695,0.6043218970298767
-2.0,eval,d,9,net,c045,2.0042991638183594,0.14916706085205078,0.032496873289346695,0.6043218970298767
-2.0,eval,d,9,net,c011,1.0714950561523438,0.16130828857421875,0.032496873289346695,0.6043218970298767
-2.0,eval,d,9,net,c020,1.8825082778930664,0.058277130126953125,0.032496873289346695,0.6043218970298767
-2.0,eval,d,9,net,c044,2.034489631652832,0.04120445251464844,0.032496873289346695,0.6043218970298767
-2.0,eval,d,9,net,c016,0.723078727722168,0.08495903015136719,0.032496873289346695,0.6043218970298767
-2.0,eval,d,9,net,c056,0.9926691055297852,0.1925830841064453,0.032496873289346695,0.6043218970298767
-2.0,eval,d,9,net,c025,0.2690773010253906,0.1103677749633789,0.032496873289346695,0.6043218970298767
-2.0,eval,d,9,net,c029,0.4587516784667969,0.11858367919921875,0.032496873289346695,0.6043218970298767
-2.0,eval,d,9,net,c014,0.4718055725097656,0.07393646240234375,0.032496873289346695,0.6043218970298767
-2.0,eval,d,9,net,c002,0.6288003921508789,0.11430168151855469,0.032496873289346695,0.6043218970298767
-2.0,eval,d,9,net,c023,0.7188854217529297,0.14781761169433594,0.032496873289346695,0.6043218970298767
-2.0,eval,d,9,net,c046,0.8152561187744141,0.18877315521240234,0.032496873289346695,0.6043218970298767
-2.0,eval,d,9,net,c022,0.3341379165649414,0.11960315704345703,0.032496873289346695,0.6043218970298767
-2.0,eval,d,9,net,c050,1.270493507385254,0.1556072235107422,0.032496873289346695,0.6043218970298767
-2.0,eval,d,9,net,c006,1.220870018005371,0.03779888153076172,0.032496873289346695,0.6043218970298767
-2.0,eval,d,9,net,c017,1.0784788131713867,0.1982440948486328,0.032496873289346695,0.6043218970298767
-2.0,eval,d,9,net,c039,0.33388519287109375,0.062439918518066406,0.032496873289346695,0.6043218970298767
-2.0,eval,d,9,net,c036,0.7720947265625,0.13625812530517578,0.032496873289346695,0.6043218970298767
-2.0,eval,d,9,net,c009,0.8904495239257812,-0.08298492431640625,0.032496873289346695,0.6043218970298767
-2.0,eval,d,9,net,c000,0.6895761489868164,0.0715341567993164,0.032496873289346695,0.6043218970298767
-2.0,eval,d,9,net,c013,0.766810417175293,0.031434059143066406,0.032496873289346695,0.6043218970298767
-2.0,eval,d,9,net,c049,-0.03132438659667969,0.019144058227539062,0.032496873289346695,0.6043218970298767
-2.0,eval,d,9,net,c058,0.6218357086181641,-0.03413200378417969,0.032496873289346695,0.6043218970298767
-2.0,eval,d,9,net,c024,0.3394289016723633,0.08735942840576172,0.032496873289346695,0.6043218970298767
-2.0,eval,d,9,net,c042,0.22906208038330078,0.04524517059326172,0.032496873289346695,0.6043218970298767
-2.0,eval,d,9,net,c047,0.7946195602416992,0.09138202667236328,0.032496873289346695,0.6043218970298767
-2.0,eval,d,9,net,c043,0.2781381607055664,0.22266292572021484,0.032496873289346695,0.6043218970298767
-2.0,eval,d,9,net,c003,0.5750322341918945,0.07988643646240234,0.032496873289346695,0.6043218970298767
-2.0,eval,d,9,net,c041,0.3069581985473633,0.07943058013916016,0.032496873289346695,0.6043218970298767
-2.0,eval,d,9,net,c008,0.4402599334716797,0.10251522064208984,0.032496873289346695,0.6043218970298767
-2.0,eval,d,9,net,c045,0.6429738998413086,0.10333251953125,0.032496873289346695,0.6043218970298767
-2.0,eval,d,9,net,c011,0.36976146697998047,0.1075887680053711,0.032496873289346695,0.6043218970298767
-2.0,eval,d,9,net,c020,0.874415397644043,0.10939693450927734,0.032496873289346695,0.6043218970298767
-2.0,eval,d,9,net,c044,0.26433658599853516,0.04597759246826172,0.032496873289346695,0.6043218970298767
-2.0,eval,d,9,net,c016,0.5830450057983398,0.013880729675292969,0.032496873289346695,0.6043218970298767
-2.0,eval,d,9,net,c056,0.04236412048339844,0.09527969360351562,0.032496873289346695,0.6043218970298767
-2.0,eval,d,9,net,c025,0.2848806381225586,0.05737781524658203,0.032496873289346695,0.6043218970298767
-2.0,eval,d,9,net,c029,0.4317007064819336,0.26482105255126953,0.032496873289346695,0.6043218970298767
-2.0,eval,d,9,net,c014,0.3704109191894531,0.023878097534179688,0.032496873289346695,0.6043218970298767
-2.0,eval,d,9,net,c002,0.6222772598266602,0.12948322296142578,0.032496873289346695,0.6043218970298767
-2.0,eval,d,9,net,c023,0.8815441131591797,0.061684608459472656,0.032496873289346695,0.6043218970298767
-2.0,eval,d,9,net,c046,0.21182727813720703,0.0851888656616211,0.032496873289346695,0.6043218970298767
-2.0,eval,d,9,net,c022,0.43047237396240234,0.1025857925415039,0.032496873289346695,0.6043218970298767
-2.0,eval,d,9,net,c050,1.0447015762329102,0.09883975982666016,0.032496873289346695,0.6043218970298767
-2.0,deploy,d,9,net,c006,0.3922414779663086,0.046034812927246094,0.01606040447950363,0.43796947598457336
-2.0,deploy,d,9,net,c017,-0.14238548278808594,0.049086570739746094,0.01606040447950363,0.43796947598457336
-2.0,deploy,d,9,net,c039,-0.1217489242553711,0.1078805923461914,0.01606040447950363,0.43796947598457336
-2.0,deploy,d,9,net,c036,0.1190176010131836,0.10539054870605469,0.01606040447950363,0.43796947598457336
-2.0,deploy,d,9,net,c009,-0.26949214935302734,0.1056976318359375,0.01606040447950363,0.43796947598457336
-2.0,deploy,d,9,net,c000,-0.21387290954589844,0.047840118408203125,0.01606040447950363,0.43796947598457336
-2.0,deploy,d,9,net,c013,0.3255348205566406,0.010004043579101562,0.01606040447950363,0.43796947598457336
-2.0,deploy,d,9,net,c049,-0.36178112030029297,0.002349853515625,0.01606040447950363,0.43796947598457336
-2.0,deploy,d,9,net,c058,-0.2544698715209961,0.0704498291015625,0.01606040447950363,0.43796947598457336
-2.0,deploy,d,9,net,c024,-0.2877473831176758,0.0922384262084961,0.01606040447950363,0.43796947598457336
-2.0,deploy,d,9,net,c042,-0.2952718734741211,0.0025129318237304688,0.01606040447950363,0.43796947598457336
-2.0,deploy,d,9,net,c047,0.22376728057861328,0.037613868713378906,0.01606040447950363,0.43796947598457336
-2.0,deploy,d,9,net,c043,-0.6008272171020508,0.1036529541015625,0.01606040447950363,0.43796947598457336
-2.0,deploy,d,9,net,c003,-0.13113880157470703,-0.006894111633300781,0.01606040447950363,0.43796947598457336
-2.0,deploy,d,9,net,c041,-0.7725858688354492,0.03377723693847656,0.01606040447950363,0.43796947598457336
-2.0,deploy,d,9,net,c008,-0.15274429321289062,0.14734363555908203,0.01606040447950363,0.43796947598457336
-2.0,deploy,d,9,net,c045,-0.3460969924926758,0.049861907958984375,0.01606040447950363,0.43796947598457336
-2.0,deploy,d,9,net,c011,0.17187213897705078,0.055747032165527344,0.01606040447950363,0.43796947598457336
-2.0,deploy,d,9,net,c020,-0.2964944839477539,0.0870656967163086,0.01606040447950363,0.43796947598457336
-2.0,deploy,d,9,net,c044,-0.22305965423583984,0.08279609680175781,0.01606040447950363,0.43796947598457336
-2.0,deploy,d,9,net,c016,-0.10127067565917969,0.10791397094726562,0.01606040447950363,0.43796947598457336
-2.0,deploy,d,9,net,c056,0.054856300354003906,0.13635730743408203,0.01606040447950363,0.43796947598457336
-2.0,deploy,d,9,net,c025,-0.22556114196777344,0.014078140258789062,0.01606040447950363,0.43796947598457336
-2.0,deploy,d,9,net,c029,-0.5675678253173828,0.16181278228759766,0.01606040447950363,0.43796947598457336
-2.0,deploy,d,9,net,c014,0.38173389434814453,0.05545234680175781,0.01606040447950363,0.43796947598457336
-2.0,deploy,d,9,net,c002,-0.1154012680053711,0.13992691040039062,0.01606040447950363,0.43796947598457336
-2.0,deploy,d,9,net,c023,-0.11826705932617188,0.02896595001220703,0.01606040447950363,0.43796947598457336
-2.0,deploy,d,9,net,c046,-0.6929569244384766,0.030547142028808594,0.01606040447950363,0.43796947598457336
-2.0,deploy,d,9,net,c022,0.12030696868896484,0.06505012512207031,0.01606040447950363,0.43796947598457336
-2.0,deploy,d,9,net,c050,0.08018684387207031,0.11112594604492188,0.01606040447950363,0.43796947598457336
-2.0,deploy,d,9,net,c006,0.15952491760253906,0.08669757843017578,0.01606040447950363,0.43796947598457336
-2.0,deploy,d,9,net,c017,0.14478302001953125,0.042446136474609375,0.01606040447950363,0.43796947598457336
-2.0,deploy,d,9,net,c039,-0.2583179473876953,0.09389209747314453,0.01606040447950363,0.43796947598457336
-2.0,deploy,d,9,net,c036,-0.10939979553222656,0.1427621841430664,0.01606040447950363,0.43796947598457336
-2.0,deploy,d,9,net,c009,0.052109718322753906,0.1326446533203125,0.01606040447950363,0.43796947598457336
-2.0,deploy,d,9,net,c000,-0.3161916732788086,0.01947021484375,0.01606040447950363,0.43796947598457336
-2.0,deploy,d,9,net,c013,0.4313507080078125,0.06001091003417969,0.01606040447950363,0.43796947598457336
-2.0,deploy,d,9,net,c049,-0.6005001068115234,0.18253326416015625,0.01606040447950363,0.43796947598457336
-2.0,deploy,d,9,net,c058,-0.30855751037597656,0.09181690216064453,0.01606040447950363,0.43796947598457336
-2.0,deploy,d,9,net,c024,-0.005969047546386719,0.07608890533447266,0.01606040447950363,0.43796947598457336
-2.0,deploy,d,9,net,c042,-0.44652557373046875,0.0628042221069336,0.01606040447950363,0.43796947598457336
-2.0,deploy,d,9,net,c047,0.20541954040527344,0.13469886779785156,0.01606040447950363,0.43796947598457336
-2.0,deploy,d,9,net,c043,-1.1482524871826172,0.06844520568847656,0.01606040447950363,0.43796947598457336
-2.0,deploy,d,9,net,c003,-0.09993171691894531,0.08382797241210938,0.01606040447950363,0.43796947598457336
-2.0,deploy,d,9,net,c041,-0.20883750915527344,-0.012400627136230469,0.01606040447950363,0.43796947598457336
-2.0,deploy,d,9,net,c008,-0.5486106872558594,0.1491260528564453,0.01606040447950363,0.43796947598457336
-2.0,deploy,d,9,net,c045,-0.6689691543579102,0.10383796691894531,0.01606040447950363,0.43796947598457336
-2.0,deploy,d,9,net,c011,0.27935123443603516,0.07050228118896484,0.01606040447950363,0.43796947598457336
-2.0,deploy,d,9,net,c020,-0.08786296844482422,0.13605022430419922,0.01606040447950363,0.43796947598457336
-2.0,deploy,d,9,net,c044,-0.14034366607666016,0.04746723175048828,0.01606040447950363,0.43796947598457336
-2.0,deploy,d,9,net,c016,0.28279781341552734,0.08408546447753906,0.01606040447950363,0.43796947598457336
-2.0,deploy,d,9,net,c056,0.13118553161621094,0.16552448272705078,0.01606040447950363,0.43796947598457336
-2.0,deploy,d,9,net,c025,-0.009781837463378906,-0.0021991729736328125,0.01606040447950363,0.43796947598457336
-2.0,deploy,d,9,net,c029,-0.2782430648803711,0.13665390014648438,0.01606040447950363,0.43796947598457336
-2.0,deploy,d,9,net,c014,-0.2227621078491211,0.0671682357788086,0.01606040447950363,0.43796947598457336
-2.0,deploy,d,9,net,c002,-0.45424747467041016,0.008774757385253906,0.01606040447950363,0.43796947598457336
-2.0,deploy,d,9,net,c023,-0.20647335052490234,-0.025196075439453125,0.01606040447950363,0.43796947598457336
-2.0,deploy,d,9,net,c046,-0.3317680358886719,0.025999069213867188,0.01606040447950363,0.43796947598457336
-2.0,deploy,d,9,net,c022,-0.368560791015625,0.10803031921386719,0.01606040447950363,0.43796947598457336
-2.0,deploy,d,9,net,c050,-0.3439645767211914,0.13573455810546875,0.01606040447950363,0.43796947598457336
-2.0,eval,random,9,net,c006,1.1240380605061848,0.11080773671468092,0.013766409984479347,0.5430624882380167
-2.0,eval,random,9,net,c017,0.7045005162556967,0.07874902089436853,0.013766409984479347,0.5430624882380167
-2.0,eval,random,9,net,c039,0.7560122807820638,0.05438836415608728,0.013766409984479347,0.5430624882380167
-2.0,eval,random,9,net,c036,0.25078169504801434,-0.011939366658528627,0.013766409984479347,0.5430624882380167
-2.0,eval,random,9,net,c009,-0.08394114176432292,-0.025888125101725265,0.013766409984479347,0.5430624882380167
-2.0,eval,random,9,net,c000,0.6823889414469401,0.0934960047403971,0.013766409984479347,0.5430624882380167
-2.0,eval,random,9,net,c013,1.7384014129638672,0.07495975494384766,0.013766409984479347,0.5430624882380167
-2.0,eval,random,9,net,c049,0.6229817072550455,0.011475245157877567,0.013766409984479347,0.5430624882380167
-2.0,eval,random,9,net,c058,0.6741135915120443,0.08666737874348962,0.013766409984479347,0.5430624882380167
-2.0,eval,random,9,net,c024,0.1827052434285482,0.032099088033040374,0.013766409984479347,0.5430624882380167
-2.0,eval,random,9,net,c042,1.0045595169067383,0.08369731903076172,0.013766409984479347,0.5430624882380167
-2.0,eval,random,9,net,c047,0.4976040522257487,0.07214991251627606,0.013766409984479347,0.5430624882380167
-2.0,eval,random,9,net,c043,-0.8093967437744141,-0.07464981079101562,0.013766409984479347,0.5430624882380167
-2.0,eval,random,9,net,c003,0.8019768397013346,0.098364512125651,0.013766409984479347,0.5430624882380167
-2.0,eval,random,9,net,c041,0.8191798528035482,0.07065614064534509,0.013766409984479347,0.5430624882380167
-2.0,eval,random,9,net,c008,-0.06670570373535156,0.0023584365844726562,0.013766409984479347,0.5430624882380167
-2.0,eval,random,9,net,c045,1.922634760538737,0.06750265757242846,0.013766409984479347,0.5430624882380167
-2.0,eval,random,9,net,c011,1.018040657043457,0.10785388946533203,0.013766409984479347,0.5430624882380167
-2.0,eval,random,9,net,c020,1.9062846501668294,0.08205350240071607,0.013766409984479347,0.5430624882380167
-2.0,eval,random,9,net,c044,2.047972043355306,0.054686864217122544,0.013766409984479347,0.5430624882380167
-2.0,eval,random,9,net,c016,0.7585999170939127,0.12048021952311194,0.013766409984479347,0.5430624882380167
-2.0,eval,random,9,net,c056,0.8779967625935873,0.07791074117024743,0.013766409984479347,0.5430624882380167
-2.0,eval,random,9,net,c025,0.20620028177897134,0.047490755716959626,0.013766409984479347,0.5430624882380167
-2.0,eval,random,9,net,c029,0.3640257517496745,0.023857752482096373,0.013766409984479347,0.5430624882380167
-2.0,eval,random,9,net,c014,0.46231873830159503,0.06444962819417316,0.013766409984479347,0.5430624882380167
-2.0,eval,random,9,net,c002,0.6051270167032877,0.0906283060709635,0.013766409984479347,0.5430624882380167
-2.0,eval,random,9,net,c023,0.6508652369181315,0.07979742685953772,0.013766409984479347,0.5430624882380167
-2.0,eval,random,9,net,c046,0.6304133733113607,0.003930409749348995,0.013766409984479347,0.5430624882380167
-2.0,eval,random,9,net,c022,0.2634429931640625,0.048908233642578125,0.013766409984479347,0.5430624882380167
-2.0,eval,random,9,net,c050,1.29071044921875,0.17582416534423828,0.013766409984479347,0.5430624882380167
-2.0,eval,random,9,net,c006,1.3188708623250325,0.1357997258504231,0.013766409984479347,0.5430624882380167
-2.0,eval,random,9,net,c017,1.0076557795206706,0.12742106119791674,0.013766409984479347,0.5430624882380167
-2.0,eval,random,9,net,c039,0.26964886983235675,-0.0017964045206705914,0.013766409984479347,0.5430624882380167
-2.0,eval,random,9,net,c036,0.6655432383219401,0.02970663706461585,0.013766409984479347,0.5430624882380167
-2.0,eval,random,9,net,c009,1.051264762878418,0.07783031463623047,0.013766409984479347,0.5430624882380167
-2.0,eval,random,9,net,c000,0.7316249211629232,0.11358292897542321,0.013766409984479347,0.5430624882380167
-2.0,eval,random,9,net,c013,0.8242387771606445,0.08886241912841797,0.013766409984479347,0.5430624882380167
-2.0,eval,random,9,net,c049,-0.08047167460123698,-0.030003229777018234,0.013766409984479347,0.5430624882380167
-2.0,eval,random,9,net,c058,0.6922807693481445,0.03631305694580078,0.013766409984479347,0.5430624882380167
-2.0,eval,random,9,net,c024,0.29708194732666016,0.045012474060058594,0.013766409984479347,0.5430624882380167
-2.0,eval,random,9,net,c042,0.20290565490722656,0.0190887451171875,0.013766409984479347,0.5430624882380167
-2.0,eval,random,9,net,c047,0.8073975245157877,0.10415999094645179,0.013766409984479347,0.5430624882380167
-2.0,eval,random,9,net,c043,0.09564272562662761,0.040167490641276046,0.013766409984479347,0.5430624882380167
-2.0,eval,random,9,net,c003,0.5250018437703451,0.0298560460408529,0.013766409984479347,0.5430624882380167
-2.0,eval,random,9,net,c041,0.20105457305908203,-0.026473045349121094,0.013766409984479347,0.5430624882380167
-2.0,eval,random,9,net,c008,0.3562053044637044,0.018460591634114565,0.013766409984479347,0.5430624882380167
-2.0,eval,random,9,net,c045,0.6165301005045573,0.07688872019449866,0.013766409984479347,0.5430624882380167
-2.0,eval,random,9,net,c011,0.3093627293904622,0.047190030415852846,0.013766409984479347,0.5430624882380167
-2.0,eval,random,9,net,c020,0.8484932581583658,0.08347479502360022,0.013766409984479347,0.5430624882380167
-2.0,eval,random,9,net,c044,0.19399102528889975,-0.02436796824137369,0.013766409984479347,0.5430624882380167
-2.0,eval,random,9,net,c016,0.6429910659790039,0.07382678985595703,0.013766409984479347,0.5430624882380167
-2.0,eval,random,9,net,c056,-0.05107816060384115,0.0018374125162760394,0.013766409984479347,0.5430624882380167
-2.0,eval,random,9,net,c025,0.2555561065673828,0.02805328369140625,0.013766409984479347,0.5430624882380167
-2.0,eval,random,9,net,c029,0.22783756256103516,0.060957908630371094,0.013766409984479347,0.5430624882380167
-2.0,eval,random,9,net,c014,0.39104270935058594,0.0445098876953125,0.013766409984479347,0.5430624882380167
-2.0,eval,random,9,net,c002,0.5633261998494467,0.07053216298421228,0.013766409984479347,0.5430624882380167
-2.0,eval,random,9,net,c023,0.9660879770914713,0.14622847239176429,0.013766409984479347,0.5430624882380167
-2.0,eval,random,9,net,c046,0.10284137725830078,-0.023797035217285156,0.013766409984479347,0.5430624882380167
-2.0,eval,random,9,net,c022,0.3656838734944661,0.03779729207356769,0.013766409984479347,0.5430624882380167
-2.0,eval,random,9,net,c050,1.0973345438639324,0.15147272745768237,0.013766409984479347,0.5430624882380167
-1.0,eval,d,9,net,c006,1.0706501007080078,0.057419776916503906,0.008575450628995895,0.5790048241615295
-1.0,eval,d,9,net,c017,0.6693534851074219,0.04360198974609375,0.008575450628995895,0.5790048241615295
-1.0,eval,d,9,net,c039,0.6635675430297852,-0.038056373596191406,0.008575450628995895,0.5790048241615295
-1.0,eval,d,9,net,c036,0.37066650390625,0.10794544219970703,0.008575450628995895,0.5790048241615295
-1.0,eval,d,9,net,c009,0.023789405822753906,0.08184242248535156,0.008575450628995895,0.5790048241615295
-1.0,eval,d,9,net,c000,0.656092643737793,0.06719970703125,0.008575450628995895,0.5790048241615295
-1.0,eval,d,9,net,c013,1.696859359741211,0.033417701721191406,0.008575450628995895,0.5790048241615295
-1.0,eval,d,9,net,c049,0.5671281814575195,-0.04437828063964844,0.008575450628995895,0.5790048241615295
-1.0,eval,d,9,net,c058,0.7256765365600586,0.1382303237915039,0.008575450628995895,0.5790048241615295
-1.0,eval,d,9,net,c024,0.2285318374633789,0.0779256820678711,0.008575450628995895,0.5790048241615295
-1.0,eval,d,9,net,c042,0.9874172210693359,0.06655502319335938,0.008575450628995895,0.5790048241615295
-1.0,eval,d,9,net,c047,0.5593433380126953,0.13388919830322266,0.008575450628995895,0.5790048241615295
-1.0,eval,d,9,net,c043,-0.609126091003418,0.12562084197998047,0.008575450628995895,0.5790048241615295
-1.0,eval,d,9,net,c003,0.7584896087646484,0.054877281188964844,0.008575450628995895,0.5790048241615295
-1.0,eval,d,9,net,c041,0.833745002746582,0.0852212905883789,0.008575450628995895,0.5790048241615295
-1.0,eval,d,9,net,c008,0.006214141845703125,0.07527828216552734,0.008575450628995895,0.5790048241615295
-1.0,eval,d,9,net,c045,1.961625099182129,0.10649299621582031,0.008575450628995895,0.5790048241615295
-1.0,eval,d,9,net,c011,1.0062084197998047,0.09602165222167969,0.008575450628995895,0.5790048241615295
-1.0,eval,d,9,net,c020,1.8795166015625,0.05528545379638672,0.008575450628995895,0.5790048241615295
-1.0,eval,d,9,net,c044,2.03912353515625,0.045838356018066406,0.008575450628995895,0.5790048241615295
-1.0,eval,d,9,net,c016,0.69195556640625,0.05383586883544922,0.008575450628995895,0.5790048241615295
-1.0,eval,d,9,net,c056,0.9155521392822266,0.11546611785888672,0.008575450628995895,0.5790048241615295
-1.0,eval,d,9,net,c025,0.21648406982421875,0.05777454376220703,0.008575450628995895,0.5790048241615295
-1.0,eval,d,9,net,c029,0.4163942337036133,0.07622623443603516,0.008575450628995895,0.5790048241615295
-1.0,eval,d,9,net,c014,0.44388389587402344,0.04601478576660156,0.008575450628995895,0.5790048241615295
-1.0,eval,d,9,net,c002,0.5900077819824219,0.07550907135009766,0.008575450628995895,0.5790048241615295
-1.0,eval,d,9,net,c023,0.656926155090332,0.08585834503173828,0.008575450628995895,0.5790048241615295
-1.0,eval,d,9,net,c046,0.7458009719848633,0.11931800842285156,0.008575450628995895,0.5790048241615295
-1.0,eval,d,9,net,c022,0.2795553207397461,0.06502056121826172,0.008575450628995895,0.5790048241615295
-1.0,eval,d,9,net,c050,1.2192602157592773,0.10437393188476562,0.008575450628995895,0.5790048241615295
-1.0,eval,d,9,net,c006,1.2190828323364258,0.036011695861816406,0.008575450628995895,0.5790048241615295
-1.0,eval,d,9,net,c017,0.9943027496337891,0.11406803131103516,0.008575450628995895,0.5790048241615295
-1.0,eval,d,9,net,c039,0.30652523040771484,0.0350799560546875,0.008575450628995895,0.5790048241615295
-1.0,eval,d,9,net,c036,0.7288646697998047,0.09302806854248047,0.008575450628995895,0.5790048241615295
-1.0,eval,d,9,net,c009,0.9514589309692383,-0.02197551727294922,0.008575450628995895,0.5790048241615295
-1.0,eval,d,9,net,c000,0.6611576080322266,0.04311561584472656,0.008575450628995895,0.5790048241615295
-1.0,eval,d,9,net,c013,0.7590713500976562,0.023694992065429688,0.008575450628995895,0.5790048241615295
-1.0,eval,d,9,net,c049,-0.024362564086914062,0.026105880737304688,0.008575450628995895,0.5790048241615295
-1.0,eval,d,9,net,c058,0.6567401885986328,0.0007724761962890625,0.008575450628995895,0.5790048241615295
-1.0,eval,d,9,net,c024,0.3074178695678711,0.05534839630126953,0.008575450628995895,0.5790048241615295
-1.0,eval,d,9,net,c042,0.21353435516357422,0.029717445373535156,0.008575450628995895,0.5790048241615295
-1.0,eval,d,9,net,c047,0.7621660232543945,0.058928489685058594,0.008575450628995895,0.5790048241615295
-1.0,eval,d,9,net,c043,0.17486953735351562,0.11939430236816406,0.008575450628995895,0.5790048241615295
-1.0,eval,d,9,net,c003,0.5482702255249023,0.053124427795410156,0.008575450628995895,0.5790048241615295
-1.0,eval,d,9,net,c041,0.27997303009033203,0.052445411682128906,0.008575450628995895,0.5790048241615295
-1.0,eval,d,9,net,c008,0.39966297149658203,0.06191825866699219,0.008575450628995895,0.5790048241615295
-1.0,eval,d,9,net,c045,0.6027975082397461,0.0631561279296875,0.008575450628995895,0.5790048241615295
-1.0,eval,d,9,net,c011,0.31910037994384766,0.05692768096923828,0.008575450628995895,0.5790048241615295
-1.0,eval,d,9,net,c020,0.8452854156494141,0.08026695251464844,0.008575450628995895,0.5790048241615295
-1.0,eval,d,9,net,c044,0.2477436065673828,0.029384613037109375,0.008575450628995895,0.5790048241615295
-1.0,eval,d,9,net,c016,0.5932741165161133,0.024109840393066406,0.008575450628995895,0.5790048241615295
-1.0,eval,d,9,net,c056,-0.0010738372802734375,0.05184173583984375,0.008575450628995895,0.5790048241615295
-1.0,eval,d,9,net,c025,0.2659263610839844,0.03842353820800781,0.008575450628995895,0.5790048241615295
-1.0,eval,d,9,net,c029,0.32228565216064453,0.15540599822998047,0.008575450628995895,0.5790048241615295
-1.0,eval,d,9,net,c014,0.3651914596557617,0.01865863800048828,0.008575450628995895,0.5790048241615295
-1.0,eval,d,9,net,c002,0.5672092437744141,0.07441520690917969,0.008575450628995895,0.5790048241615295
-1.0,eval,d,9,net,c023,0.8641834259033203,0.04432392120361328,0.008575450628995895,0.5790048241615295
-1.0,eval,d,9,net,c046,0.17968273162841797,0.05304431915283203,0.008575450628995895,0.5790048241615295
-1.0,eval,d,9,net,c022,0.39193248748779297,0.06404590606689453,0.008575450628995895,0.5790048241615295
-1.0,eval,d,9,net,c050,1.0154619216918945,0.06960010528564453,0.008575450628995895,0.5790048241615295
-1.0,deploy,d,9,net,c006,0.38108158111572266,0.034874916076660156,0.003644172800704837,0.3920687437057495
-1.0,deploy,d,9,net,c017,-0.1646575927734375,0.02681446075439453,0.003644172800704837,0.3920687437057495
-1.0,deploy,d,9,net,c039,-0.1688976287841797,0.06073188781738281,0.003644172800704837,0.3920687437057495
-1.0,deploy,d,9,net,c036,0.0806264877319336,0.06699943542480469,0.003644172800704837,0.3920687437057495
-1.0,deploy,d,9,net,c009,-0.3160839080810547,0.059105873107910156,0.003644172800704837,0.3920687437057495
-1.0,deploy,d,9,net,c000,-0.2366199493408203,0.02509307861328125,0.003644172800704837,0.3920687437057495
-1.0,deploy,d,9,net,c013,0.3315000534057617,0.015969276428222656,0.003644172800704837,0.3920687437057495
-1.0,deploy,d,9,net,c049,-0.3588228225708008,0.0053081512451171875,0.003644172800704837,0.3920687437057495
-1.0,deploy,d,9,net,c058,-0.27866554260253906,0.04625415802001953,0.003644172800704837,0.3920687437057495
-1.0,deploy,d,9,net,c024,-0.32900047302246094,0.05098533630371094,0.003644172800704837,0.3920687437057495
-1.0,deploy,d,9,net,c042,-0.2918834686279297,0.005901336669921875,0.003644172800704837,0.3920687437057495
-1.0,deploy,d,9,net,c047,0.21450519561767578,0.028351783752441406,0.003644172800704837,0.3920687437057495
-1.0,deploy,d,9,net,c043,-0.6490917205810547,0.055388450622558594,0.003644172800704837,0.3920687437057495
-1.0,deploy,d,9,net,c003,-0.1220083236694336,0.0022363662719726562,0.003644172800704837,0.3920687437057495
-1.0,deploy,d,9,net,c041,-0.7884330749511719,0.017930030822753906,0.003644172800704837,0.3920687437057495
-1.0,deploy,d,9,net,c008,-0.21436309814453125,0.0857248306274414,0.003644172800704837,0.3920687437057495
-1.0,deploy,d,9,net,c045,-0.3654747009277344,0.03048419952392578,0.003644172800704837,0.3920687437057495
-1.0,deploy,d,9,net,c011,0.14581966400146484,0.029694557189941406,0.003644172800704837,0.3920687437057495
-1.0,deploy,d,9,net,c020,-0.3391561508178711,0.044404029846191406,0.003644172800704837,0.3920687437057495
-1.0,deploy,d,9,net,c044,-0.2596721649169922,0.04618358612060547,0.003644172800704837,0.3920687437057495
-1.0,deploy,d,9,net,c016,-0.1450958251953125,0.06408882141113281,0.003644172800704837,0.3920687437057495
-1.0,deploy,d,9,net,c056,8.296966552734375e-05,0.08158397674560547,0.003644172800704837,0.3920687437057495
-1.0,deploy,d,9,net,c025,-0.2280263900756836,0.011612892150878906,0.003644172800704837,0.3920687437057495
-1.0,deploy,d,9,net,c029,-0.6427297592163086,0.08665084838867188,0.003644172800704837,0.3920687437057495
-1.0,deploy,d,9,net,c014,0.3633594512939453,0.037077903747558594,0.003644172800704837,0.3920687437057495
-1.0,deploy,d,9,net,c002,-0.17636680603027344,0.07896137237548828,0.003644172800704837,0.3920687437057495
-1.0,deploy,d,9,net,c023,-0.1286487579345703,0.018584251403808594,0.003644172800704837,0.3920687437057495
-1.0,deploy,d,9,net,c046,-0.7081727981567383,0.015331268310546875,0.003644172800704837,0.3920687437057495
-1.0,deploy,d,9,net,c022,0.09591102600097656,0.04065418243408203,0.003644172800704837,0.3920687437057495
-1.0,deploy,d,9,net,c050,0.036932945251464844,0.0678720474243164,0.003644172800704837,0.3920687437057495
-1.0,deploy,d,9,net,c006,0.12616443634033203,0.05333709716796875,0.003644172800704837,0.3920687437057495
-1.0,deploy,d,9,net,c017,0.12697792053222656,0.024641036987304688,0.003644172800704837,0.3920687437057495
-1.0,deploy,d,9,net,c039,-0.30429840087890625,0.047911643981933594,0.003644172800704837,0.3920687437057495
-1.0,deploy,d,9,net,c036,-0.17476177215576172,0.07740020751953125,0.003644172800704837,0.3920687437057495
-1.0,deploy,d,9,net,c009,0.0030832290649414062,0.0836181640625,0.003644172800704837,0.3920687437057495
-1.0,deploy,d,9,net,c000,-0.32167911529541016,0.013982772827148438,0.003644172800704837,0.3920687437057495
-1.0,deploy,d,9,net,c013,0.4092559814453125,0.03791618347167969,0.003644172800704837,0.3920687437057495
-1.0,deploy,d,9,net,c049,-0.6833610534667969,0.09967231750488281,0.003644172800704837,0.3920687437057495
-1.0,deploy,d,9,net,c058,-0.34700679779052734,0.05336761474609375,0.003644172800704837,0.3920687437057495
-1.0,deploy,d,9,net,c024,-0.03287696838378906,0.04918098449707031,0.003644172800704837,0.3920687437057495
-1.0,deploy,d,9,net,c042,-0.4758138656616211,0.03351593017578125,0.003644172800704837,0.3920687437057495
-1.0,deploy,d,9,net,c047,0.15384578704833984,0.08312511444091797,0.003644172800704837,0.3920687437057495
-1.0,deploy,d,9,net,c043,-1.183588981628418,0.03310871124267578,0.003644172800704837,0.3920687437057495
-1.0,deploy,d,9,net,c003,-0.13632869720458984,0.047430992126464844,0.003644172800704837,0.3920687437057495
-1.0,deploy,d,9,net,c041,-0.19477558135986328,0.0016613006591796875,0.003644172800704837,0.3920687437057495
-1.0,deploy,d,9,net,c008,-0.6193008422851562,0.07843589782714844,0.003644172800704837,0.3920687437057495
-1.0,deploy,d,9,net,c045,-0.7161140441894531,0.056693077087402344,0.003644172800704837,0.3920687437057495
-1.0,deploy,d,9,net,c011,0.25220298767089844,0.043354034423828125,0.003644172800704837,0.3920687437057495
-1.0,deploy,d,9,net,c020,-0.14717960357666016,0.07673358917236328,0.003644172800704837,0.3920687437057495
-1.0,deploy,d,9,net,c044,-0.15485763549804688,0.03295326232910156,0.003644172800704837,0.3920687437057495
-1.0,deploy,d,9,net,c016,0.2520942687988281,0.053381919860839844,0.003644172800704837,0.3920687437057495
-1.0,deploy,d,9,net,c056,0.058533668518066406,0.09287261962890625,0.003644172800704837,0.3920687437057495
-1.0,deploy,d,9,net,c025,-0.00281524658203125,0.004767417907714844,0.003644172800704837,0.3920687437057495
-1.0,deploy,d,9,net,c029,-0.3311786651611328,0.08371829986572266,0.003644172800704837,0.3920687437057495
-1.0,deploy,d,9,net,c014,-0.24886798858642578,0.041062355041503906,0.003644172800704837,0.3920687437057495
-1.0,deploy,d,9,net,c002,-0.45398712158203125,0.009035110473632812,0.003644172800704837,0.3920687437057495
-1.0,deploy,d,9,net,c023,-0.18878555297851562,-0.007508277893066406,0.003644172800704837,0.3920687437057495
-1.0,deploy,d,9,net,c046,-0.34241580963134766,0.015351295471191406,0.003644172800704837,0.3920687437057495
-1.0,deploy,d,9,net,c022,-0.4202108383178711,0.056380271911621094,0.003644172800704837,0.3920687437057495
-1.0,deploy,d,9,net,c050,-0.4058370590209961,0.07386207580566406,0.003644172800704837,0.3920687437057495
-1.0,eval,random,9,net,c006,1.0709889729817708,0.05775864919026685,0.004034893897672494,0.5458151896794637
-1.0,eval,random,9,net,c017,0.6694428126017252,0.0436913172403971,0.004034893897672494,0.5458151896794637
-1.0,eval,random,9,net,c039,0.7311951319376627,0.02957121531168616,0.004034893897672494,0.5458151896794637
-1.0,eval,random,9,net,c036,0.25495433807373047,-0.0077667236328125,0.004034893897672494,0.5458151896794637
-1.0,eval,random,9,net,c009,-0.06754080454508464,-0.009487787882486984,0.004034893897672494,0.5458151896794637
-1.0,eval,random,9,net,c000,0.6338993708292643,0.04500643412272132,0.004034893897672494,0.5458151896794637
-1.0,eval,random,9,net,c013,1.7034406661987305,0.03999900817871094,0.004034893897672494,0.5458151896794637
-1.0,eval,random,9,net,c049,0.6191994349161783,0.00769297281901038,0.004034893897672494,0.5458151896794637
-1.0,eval,random,9,net,c058,0.6290442148844401,0.04159800211588538,0.004034893897672494,0.5458151896794637
-1.0,eval,random,9,net,c024,0.165040651957194,0.014434496561686189,0.004034893897672494,0.5458151896794637
-1.0,eval,random,9,net,c042,0.9689420064290365,0.04807980855305993,0.004034893897672494,0.5458151896794637
-1.0,eval,random,9,net,c047,0.4615408579508464,0.036086718241373716,0.004034893897672494,0.5458151896794637
-1.0,eval,random,9,net,c043,-0.7679437001546224,-0.033196767171223995,0.004034893897672494,0.5458151896794637
-1.0,eval,random,9,net,c003,0.7539275487263998,0.05031522115071618,0.004034893897672494,0.5458151896794637
-1.0,eval,random,9,net,c041,0.7841917673746744,0.03566805521647132,0.004034893897672494,0.5458151896794637
-1.0,eval,random,9,net,c008,-0.05992348988850912,0.009140650431315102,0.004034893897672494,0.5458151896794637
-1.0,eval,random,9,net,c045,1.9009803136189778,0.0458482106526692,0.004034893897672494,0.5458151896794637
-1.0,eval,random,9,net,c011,0.9726864496866862,0.06249968210856116,0.004034893897672494,0.5458151896794637
-1.0,eval,random,9,net,c020,1.8736772537231445,0.04944610595703125,0.004034893897672494,0.5458151896794637
-1.0,eval,random,9,net,c044,2.0368305842081704,0.04354540506998683,0.004034893897672494,0.5458151896794637
-1.0,eval,random,9,net,c016,0.6964594523111979,0.0583397547403971,0.004034893897672494,0.5458151896794637
-1.0,eval,random,9,net,c056,0.8411137262980143,0.04102770487467444,0.004034893897672494,0.5458151896794637
-1.0,eval,random,9,net,c025,0.17888259887695312,0.020173072814941406,0.004034893897672494,0.5458151896794637
-1.0,eval,random,9,net,c029,0.3528258005777995,0.012657801310221373,0.004034893897672494,0.5458151896794637
-1.0,eval,random,9,net,c014,0.43289629618326825,0.03502718607584637,0.004034893897672494,0.5458151896794637
-1.0,eval,random,9,net,c002,0.5598875681559244,0.04538885752360022,0.004034893897672494,0.5458151896794637
-1.0,eval,random,9,net,c023,0.6138356526692709,0.04276784261067712,0.004034893897672494,0.5458151896794637
-1.0,eval,random,9,net,c046,0.6307989756266276,0.004316012064615848,0.004034893897672494,0.5458151896794637
-1.0,eval,random,9,net,c022,0.24074808756510416,0.026213328043619782,0.004034893897672494,0.5458151896794637
-1.0,eval,random,9,net,c050,1.211408297220866,0.09652201334635424,0.004034893897672494,0.5458151896794637
-1.0,eval,random,9,net,c006,1.2577196756998699,0.07464853922526049,0.004034893897672494,0.5458151896794637
-1.0,eval,random,9,net,c017,0.9465386072794596,0.06630388895670569,0.004034893897672494,0.5458151896794637
-1.0,eval,random,9,net,c039,0.27369530995686847,0.0022500356038411273,0.004034893897672494,0.5458151896794637
-1.0,eval,random,9,net,c036,0.6573263804117838,0.0214897791544596,0.004034893897672494,0.5458151896794637
-1.0,eval,random,9,net,c009,1.0217774709065754,0.04834302266438795,0.004034893897672494,0.5458151896794637
-1.0,eval,random,9,net,c000,0.6740519205729166,0.05600992838541663,0.004034893897672494,0.5458151896794637
-1.0,eval,random,9,net,c013,0.7816918690999349,0.04631551106770837,0.004034893897672494,0.5458151896794637
-1.0,eval,random,9,net,c049,-0.06518809000651042,-0.014719645182291671,0.004034893897672494,0.5458151896794637
-1.0,eval,random,9,net,c058,0.6745624542236328,0.018594741821289062,0.004034893897672494,0.5458151896794637
-1.0,eval,random,9,net,c024,0.2762279510498047,0.024158477783203125,0.004034893897672494,0.5458151896794637
-1.0,eval,random,9,net,c042,0.19602553049723306,0.012208620707194001,0.004034893897672494,0.5458151896794637
-1.0,eval,random,9,net,c047,0.7511749267578125,0.04793739318847656,0.004034893897672494,0.5458151896794637
-1.0,eval,random,9,net,c043,0.07898680369059245,0.02351156870524089,0.004034893897672494,0.5458151896794637
-1.0,eval,random,9,net,c003,0.5209875106811523,0.025841712951660156,0.004034893897672494,0.5458151896794637
-1.0,eval,random,9,net,c041,0.2164761225382487,-0.011051495869954436,0.004034893897672494,0.5458151896794637
-1.0,eval,random,9,net,c008,0.34999561309814453,0.012250900268554688,0.004034893897672494,0.5458151896794637
-1.0,eval,random,9,net,c045,0.5816081364949545,0.04196675618489587,0.004034893897672494,0.5458151896794637
-1.0,eval,random,9,net,c011,0.2888956069946289,0.02672290802001953,0.004034893897672494,0.5458151896794637
-1.0,eval,random,9,net,c020,0.8093741734822592,0.04435571034749353,0.004034893897672494,0.5458151896794637
-1.0,eval,random,9,net,c044,0.2094914118448893,-0.008867581685384124,0.004034893897672494,0.5458151896794637
-1.0,eval,random,9,net,c016,0.6061970392862955,0.03703276316324866,0.004034893897672494,0.5458151896794637
-1.0,eval,random,9,net,c056,-0.05238024393717448,0.0005353291829427106,0.004034893897672494,0.5458151896794637
-1.0,eval,random,9,net,c025,0.24372418721516928,0.016221364339192718,0.004034893897672494,0.5458151896794637
-1.0,eval,random,9,net,c029,0.19722747802734375,0.030347824096679688,0.004034893897672494,0.5458151896794637
-1.0,eval,random,9,net,c014,0.3746045430501302,0.028071721394856752,0.004034893897672494,0.5458151896794637
-1.0,eval,random,9,net,c002,0.5287628173828125,0.035968780517578125,0.004034893897672494,0.5458151896794637
-1.0,eval,random,9,net,c023,0.8934774398803711,0.07361793518066406,0.004034893897672494,0.5458151896794637
-1.0,eval,random,9,net,c046,0.11756261189778645,-0.009075800577799484,0.004034893897672494,0.5458151896794637
-1.0,eval,random,9,net,c022,0.34638182322184247,0.01849524180094403,0.004034893897672494,0.5458151896794637
-1.0,eval,random,9,net,c050,1.0260769526163738,0.08021513621012377,0.004034893897672494,0.5458151896794637
-0.5,eval,d,9,net,c006,1.0441970825195312,0.030966758728027344,0.0021870757918804884,0.563082754611969
-0.5,eval,d,9,net,c017,0.6486310958862305,0.022879600524902344,0.0021870757918804884,0.563082754611969
-0.5,eval,d,9,net,c039,0.6866579055786133,-0.014966011047363281,0.0021870757918804884,0.563082754611969
-0.5,eval,d,9,net,c036,0.3183603286743164,0.05563926696777344,0.0021870757918804884,0.563082754611969
-0.5,eval,d,9,net,c009,-0.014643669128417969,0.04340934753417969,0.0021870757918804884,0.563082754611969
-0.5,eval,d,9,net,c000,0.6245908737182617,0.03569793701171875,0.0021870757918804884,0.563082754611969
-0.5,eval,d,9,net,c013,1.6842012405395508,0.02075958251953125,0.0021870757918804884,0.563082754611969
-0.5,eval,d,9,net,c049,0.5910444259643555,-0.0204620361328125,0.0021870757918804884,0.563082754611969
-0.5,eval,d,9,net,c058,0.6637687683105469,0.07632255554199219,0.0021870757918804884,0.563082754611969
-0.5,eval,d,9,net,c024,0.1884002685546875,0.03779411315917969,0.0021870757918804884,0.563082754611969
-0.5,eval,d,9,net,c042,0.9614858627319336,0.04062366485595703,0.0021870757918804884,0.563082754611969
-0.5,eval,d,9,net,c047,0.49533557891845703,0.06988143920898438,0.0021870757918804884,0.563082754611969
-0.5,eval,d,9,net,c043,-0.6705083847045898,0.0642385482788086,0.0021870757918804884,0.563082754611969
-0.5,eval,d,9,net,c003,0.7336587905883789,0.030046463012695312,0.0021870757918804884,0.563082754611969
-0.5,eval,d,9,net,c041,0.7943820953369141,0.04585838317871094,0.0021870757918804884,0.563082754611969
-0.5,eval,d,9,net,c008,-0.028107643127441406,0.04095649719238281,0.0021870757918804884,0.563082754611969
-0.5,eval,d,9,net,c045,1.9151134490966797,0.059981346130371094,0.0021870757918804884,0.563082754611969
-0.5,eval,d,9,net,c011,0.9609222412109375,0.0507354736328125,0.0021870757918804884,0.563082754611969
-0.5,eval,d,9,net,c020,1.8577394485473633,0.03350830078125,0.0021870757918804884,0.563082754611969
-0.5,eval,d,9,net,c044,2.0216188430786133,0.028333663940429688,0.0021870757918804884,0.563082754611969
-0.5,eval,d,9,net,c016,0.6674613952636719,0.029341697692871094,0.0021870757918804884,0.563082754611969
-0.5,eval,d,9,net,c056,0.8622379302978516,0.06215190887451172,0.0021870757918804884,0.563082754611969
-0.5,eval,d,9,net,c025,0.18805789947509766,0.029348373413085938,0.0021870757918804884,0.563082754611969
-0.5,eval,d,9,net,c029,0.38225269317626953,0.042084693908691406,0.0021870757918804884,0.563082754611969
-0.5,eval,d,9,net,c014,0.42286014556884766,0.02499103546142578,0.0021870757918804884,0.563082754611969
-0.5,eval,d,9,net,c002,0.5567235946655273,0.042224884033203125,0.0021870757918804884,0.563082754611969
-0.5,eval,d,9,net,c023,0.6166324615478516,0.04556465148925781,0.0021870757918804884,0.563082754611969
-0.5,eval,d,9,net,c046,0.6925058364868164,0.06602287292480469,0.0021870757918804884,0.563082754611969
-0.5,eval,d,9,net,c022,0.24788284301757812,0.03334808349609375,0.0021870757918804884,0.563082754611969
-0.5,eval,d,9,net,c050,1.1733551025390625,0.05846881866455078,0.0021870757918804884,0.563082754611969
-0.5,eval,d,9,net,c006,1.2049436569213867,0.021872520446777344,0.0021870757918804884,0.563082754611969
-0.5,eval,d,9,net,c017,0.9406814575195312,0.060446739196777344,0.0021870757918804884,0.563082754611969
-0.5,eval,d,9,net,c039,0.2898750305175781,0.01842975616455078,0.0021870757918804884,0.563082754611969
-0.5,eval,d,9,net,c036,0.6889610290527344,0.053124427795410156,0.0021870757918804884,0.563082754611969
-0.5,eval,d,9,net,c009,0.9672946929931641,-0.0061397552490234375,0.0021870757918804884,0.563082754611969
-0.5,eval,d,9,net,c000,0.6411895751953125,0.0231475830078125,0.0021870757918804884,0.563082754611969
-0.5,eval,d,9,net,c013,0.7489309310913086,0.013554573059082031,0.0021870757918804884,0.563082754611969
-0.5,eval,d,9,net,c049,-0.03283882141113281,0.017629623413085938,0.0021870757918804884,0.563082754611969
-0.5,eval,d,9,net,c058,0.6610202789306641,0.0050525665283203125,0.0021870757918804884,0.563082754611969
-0.5,eval,d,9,net,c024,0.28260040283203125,0.030530929565429688,0.0021870757918804884,0.563082754611969
-0.5,eval,d,9,net,c042,0.20031356811523438,0.016496658325195312,0.0021870757918804884,0.563082754611969
-0.5,eval,d,9,net,c047,0.7358970642089844,0.03265953063964844,0.0021870757918804884,0.563082754611969
-0.5,eval,d,9,net,c043,0.1168985366821289,0.061423301696777344,0.0021870757918804884,0.563082754611969
-0.5,eval,d,9,net,c003,0.5242280960083008,0.029082298278808594,0.0021870757918804884,0.563082754611969
-0.5,eval,d,9,net,c041,0.2569007873535156,0.0293731689453125,0.0021870757918804884,0.563082754611969
-0.5,eval,d,9,net,c008,0.3715848922729492,0.033840179443359375,0.0021870757918804884,0.563082754611969
-0.5,eval,d,9,net,c045,0.5739269256591797,0.034285545349121094,0.0021870757918804884,0.563082754611969
-0.5,eval,d,9,net,c011,0.29033470153808594,0.028162002563476562,0.0021870757918804884,0.563082754611969
-0.5,eval,d,9,net,c020,0.8116083145141602,0.04658985137939453,0.0021870757918804884,0.563082754611969
-0.5,eval,d,9,net,c044,0.23462867736816406,0.016269683837890625,0.0021870757918804884,0.563082754611969
-0.5,eval,d,9,net,c016,0.5852909088134766,0.016126632690429688,0.0021870757918804884,0.563082754611969
-0.5,eval,d,9,net,c056,-0.026117324829101562,0.026798248291015625,0.0021870757918804884,0.563082754611969
-0.5,eval,d,9,net,c025,0.24967670440673828,0.02217388153076172,0.0021870757918804884,0.563082754611969
-0.5,eval,d,9,net,c029,0.249542236328125,0.08266258239746094,0.0021870757918804884,0.563082754611969
-0.5,eval,d,9,net,c014,0.35723400115966797,0.010701179504394531,0.0021870757918804884,0.563082754611969
-0.5,eval,d,9,net,c002,0.5322666168212891,0.03947257995605469,0.0021870757918804884,0.563082754611969
-0.5,eval,d,9,net,c023,0.845332145690918,0.025472640991210938,0.0021870757918804884,0.563082754611969
-0.5,eval,d,9,net,c046,0.1558074951171875,0.029169082641601562,0.0021870757918804884,0.563082754611969
-0.5,eval,d,9,net,c022,0.36331748962402344,0.035430908203125,0.0021870757918804884,0.563082754611969
-0.5,eval,d,9,net,c050,0.984959602355957,0.03909778594970703,0.0021870757918804884,0.563082754611969
-0.5,deploy,d,9,net,c006,0.36639976501464844,0.020193099975585938,0.0008674722630530596,0.3699693977832794
-0.5,deploy,d,9,net,c017,-0.17789936065673828,0.01357269287109375,0.0008674722630530596,0.3699693977832794
-0.5,deploy,d,9,net,c039,-0.19742488861083984,0.032204627990722656,0.0008674722630530596,0.3699693977832794
-0.5,deploy,d,9,net,c036,0.050628662109375,0.037001609802246094,0.0008674722630530596,0.3699693977832794
-0.5,deploy,d,9,net,c009,-0.34399890899658203,0.031190872192382812,0.0008674722630530596,0.3699693977832794
-0.5,deploy,d,9,net,c000,-0.24932479858398438,0.012388229370117188,0.0008674722630530596,0.3699693977832794
-0.5,deploy,d,9,net,c013,0.32628536224365234,0.010754585266113281,0.0008674722630530596,0.3699693977832794
-0.5,deploy,d,9,net,c049,-0.36006641387939453,0.0040645599365234375,0.0008674722630530596,0.3699693977832794
-0.5,deploy,d,9,net,c058,-0.29864025115966797,0.026279449462890625,0.0008674722630530596,0.3699693977832794
-0.5,deploy,d,9,net,c024,-0.3534669876098633,0.026518821716308594,0.0008674722630530596,0.3699693977832794
-0.5,deploy,d,9,net,c042,-0.2939882278442383,0.0037965774536132812,0.0008674722630530596,0.3699693977832794
-0.5,deploy,d,9,net,c047,0.20260047912597656,0.016447067260742188,0.0008674722630530596,0.3699693977832794
-0.5,deploy,d,9,net,c043,-0.6759910583496094,0.028489112854003906,0.0008674722630530596,0.3699693977832794
-0.5,deploy,d,9,net,c003,-0.12200355529785156,0.0022411346435546875,0.0008674722630530596,0.3699693977832794
-0.5,deploy,d,9,net,c041,-0.7968759536743164,0.009487152099609375,0.0008674722630530596,0.3699693977832794
-0.5,deploy,d,9,net,c008,-0.2539176940917969,0.04617023468017578,0.0008674722630530596,0.3699693977832794
-0.5,deploy,d,9,net,c045,-0.3795480728149414,0.01641082763671875,0.0008674722630530596,0.3699693977832794
-0.5,deploy,d,9,net,c011,0.13067913055419922,0.014554023742675781,0.0008674722630530596,0.3699693977832794
-0.5,deploy,d,9,net,c020,-0.3615531921386719,0.022006988525390625,0.0008674722630530596,0.3699693977832794
-0.5,deploy,d,9,net,c044,-0.28183841705322266,0.024017333984375,0.0008674722630530596,0.3699693977832794
-0.5,deploy,d,9,net,c016,-0.17514896392822266,0.034035682678222656,0.0008674722630530596,0.3699693977832794
-0.5,deploy,d,9,net,c056,-0.03757667541503906,0.04392433166503906,0.0008674722630530596,0.3699693977832794
-0.5,deploy,d,9,net,c025,-0.2326374053955078,0.0070018768310546875,0.0008674722630530596,0.3699693977832794
-0.5,deploy,d,9,net,c029,-0.6849164962768555,0.044464111328125,0.0008674722630530596,0.3699693977832794
-0.5,deploy,d,9,net,c014,0.3469829559326172,0.02070140838623047,0.0008674722630530596,0.3699693977832794
-0.5,deploy,d,9,net,c002,-0.21413707733154297,0.04119110107421875,0.0008674722630530596,0.3699693977832794
-0.5,deploy,d,9,net,c023,-0.13709640502929688,0.010136604309082031,0.0008674722630530596,0.3699693977832794
-0.5,deploy,d,9,net,c046,-0.7155332565307617,0.007970809936523438,0.0008674722630530596,0.3699693977832794
-0.5,deploy,d,9,net,c022,0.07747745513916016,0.022220611572265625,0.0008674722630530596,0.3699693977832794
-0.5,deploy,d,9,net,c050,0.0057277679443359375,0.0366668701171875,0.0008674722630530596,0.3699693977832794
-0.5,deploy,d,9,net,c006,0.10165691375732422,0.028829574584960938,0.0008674722630530596,0.3699693977832794
-0.5,deploy,d,9,net,c017,0.11513996124267578,0.012803077697753906,0.0008674722630530596,0.3699693977832794
-0.5,deploy,d,9,net,c039,-0.32793331146240234,0.0242767333984375,0.0008674722630530596,0.3699693977832794
-0.5,deploy,d,9,net,c036,-0.21226882934570312,0.039893150329589844,0.0008674722630530596,0.3699693977832794
-0.5,deploy,d,9,net,c009,-0.03397178649902344,0.046563148498535156,0.0008674722630530596,0.3699693977832794
-0.5,deploy,d,9,net,c000,-0.32796764373779297,0.007694244384765625,0.0008674722630530596,0.3699693977832794
-0.5,deploy,d,9,net,c013,0.3918180465698242,0.020478248596191406,0.0008674722630530596,0.3699693977832794
-0.5,deploy,d,9,net,c049,-0.7313709259033203,0.051662445068359375,0.0008674722630530596,0.3699693977832794
-0.5,deploy,d,9,net,c058,-0.3720083236694336,0.0283660888671875,0.0008674722630530596,0.3699693977832794
-0.5,deploy,d,9,net,c024,-0.054543495178222656,0.02751445770263672,0.0008674722630530596,0.3699693977832794
-0.5,deploy,d,9,net,c042,-0.492279052734375,0.017050743103027344,0.0008674722630530596,0.3699693977832794
-0.5,deploy,d,9,net,c047,0.11612606048583984,0.04540538787841797,0.0008674722630530596,0.3699693977832794
-0.5,deploy,d,9,net,c043,-1.2000741958618164,0.016623497009277344,0.0008674722630530596,0.3699693977832794
-0.5,deploy,d,9,net,c003,-0.15916728973388672,0.02459239959716797,0.0008674722630530596,0.3699693977832794
-0.5,deploy,d,9,net,c041,-0.19379901885986328,0.0026378631591796875,0.0008674722630530596,0.3699693977832794
-0.5,deploy,d,9,net,c008,-0.6572608947753906,0.04047584533691406,0.0008674722630530596,0.3699693977832794
-0.5,deploy,d,9,net,c045,-0.7429971694946289,0.029809951782226562,0.0008674722630530596,0.3699693977832794
-0.5,deploy,d,9,net,c011,0.2323751449584961,0.02352619171142578,0.0008674722630530596,0.3699693977832794
-0.5,deploy,d,9,net,c020,-0.18366527557373047,0.04024791717529297,0.0008674722630530596,0.3699693977832794
-0.5,deploy,d,9,net,c044,-0.16905879974365234,0.018752098083496094,0.0008674722630530596,0.3699693977832794
-0.5,deploy,d,9,net,c016,0.2277851104736328,0.02907276153564453,0.0008674722630530596,0.3699693977832794
-0.5,deploy,d,9,net,c056,0.01397705078125,0.048316001892089844,0.0008674722630530596,0.3699693977832794
-0.5,deploy,d,9,net,c025,-0.0036382675170898438,0.00394439697265625,0.0008674722630530596,0.3699693977832794
-0.5,deploy,d,9,net,c029,-0.3687725067138672,0.04612445831298828,0.0008674722630530596,0.3699693977832794
-0.5,deploy,d,9,net,c014,-0.26775360107421875,0.022176742553710938,0.0008674722630530596,0.3699693977832794
-0.5,deploy,d,9,net,c002,-0.4573945999145508,0.005627632141113281,0.0008674722630530596,0.3699693977832794
-0.5,deploy,d,9,net,c023,-0.183807373046875,-0.0025300979614257812,0.0008674722630530596,0.3699693977832794
-0.5,deploy,d,9,net,c046,-0.3497457504272461,0.008021354675292969,0.0008674722630530596,0.3699693977832794
-0.5,deploy,d,9,net,c022,-0.4480419158935547,0.0285491943359375,0.0008674722630530596,0.3699693977832794
-0.5,deploy,d,9,net,c050,-0.4416084289550781,0.03809070587158203,0.0008674722630530596,0.3699693977832794
-0.5,eval,random,9,net,c006,1.0423034032185872,0.02907307942708326,0.0010779233125504106,0.545920729637146
-0.5,eval,random,9,net,c017,0.6483151117960612,0.022563616434733036,0.0010779233125504106,0.545920729637146
-0.5,eval,random,9,net,c039,0.7168556849161783,0.015231768290201786,0.0010779233125504106,0.545920729637146
-0.5,eval,random,9,net,c036,0.25845781962076825,-0.004263242085774721,0.0010779233125504106,0.545920729637146
-0.5,eval,random,9,net,c009,-0.0618292490641276,-0.0037762324015299456,0.0010779233125504106,0.545920729637146
-0.5,eval,random,9,net,c000,0.6106611887613932,0.021768252054850223,0.0010779233125504106,0.545920729637146
-0.5,eval,random,9,net,c013,1.6837771733601887,0.020335515340169197,0.0010779233125504106,0.545920729637146
-0.5,eval,random,9,net,c049,0.6157614390055338,0.004254976908365848,0.0010779233125504106,0.545920729637146
-0.5,eval,random,9,net,c058,0.6078456242879232,0.020399411519368527,0.0010779233125504106,0.545920729637146
-0.5,eval,random,9,net,c024,0.15744431813557944,0.006838162740071624,0.0010779233125504106,0.545920729637146
-0.5,eval,random,9,net,c042,0.9461158116658529,0.02525361378987634,0.0010779233125504106,0.545920729637146
-0.5,eval,random,9,net,c047,0.44328562418619794,0.01783148447672528,0.0010779233125504106,0.545920729637146
-0.5,eval,random,9,net,c043,-0.7500632603963217,-0.015316327412923214,0.0010779233125504106,0.545920729637146
-0.5,eval,random,9,net,c003,0.7287940979003906,0.02518177032470703,0.0010779233125504106,0.545920729637146
-0.5,eval,random,9,net,c041,0.7660900751749674,0.017566363016764286,0.0010779233125504106,0.545920729637146
-0.5,eval,random,9,net,c008,-0.06261889139811198,0.006445248921712235,0.0010779233125504106,0.545920729637146
-0.5,eval,random,9,net,c045,1.880880355834961,0.025748252868652344,0.0010779233125504106,0.545920729637146
-0.5,eval,random,9,net,c011,0.9429076512654623,0.03272088368733728,0.0010779233125504106,0.545920729637146
-0.5,eval,random,9,net,c020,1.8506027857462566,0.026371637980143303,0.0010779233125504106,0.545920729637146
-0.5,eval,random,9,net,c044,2.019033749898275,0.025748570760091294,0.0010779233125504106,0.545920729637146
-0.5,eval,random,9,net,c016,0.6664603551228842,0.02834065755208337,0.0010779233125504106,0.545920729637146
-0.5,eval,random,9,net,c056,0.8207162221272787,0.02063020070393884,0.0010779233125504106,0.545920729637146
-0.5,eval,random,9,net,c025,0.16782697041829428,0.009117444356282561,0.0010779233125504106,0.545920729637146
-0.5,eval,random,9,net,c029,0.34662532806396484,0.006457328796386719,0.0010779233125504106,0.545920729637146
-0.5,eval,random,9,net,c014,0.4159199396769206,0.018050829569498716,0.0010779233125504106,0.545920729637146
-0.5,eval,random,9,net,c002,0.5371745427449545,0.022675832112630245,0.0010779233125504106,0.545920729637146
-0.5,eval,random,9,net,c023,0.5929845174153646,0.02191670735677087,0.0010779233125504106,0.545920729637146
-0.5,eval,random,9,net,c046,0.6292438507080078,0.0027608871459960938,0.0010779233125504106,0.545920729637146
-0.5,eval,random,9,net,c022,0.22785409291585287,0.013319333394368499,0.0010779233125504106,0.545920729637146
-0.5,eval,random,9,net,c050,1.1646289825439453,0.049742698669433594,0.0010779233125504106,0.545920729637146
-0.5,eval,random,9,net,c006,1.221827507019043,0.038756370544433594,0.0010779233125504106,0.545920729637146
-0.5,eval,random,9,net,c017,0.9136555989583334,0.033420880635579464,0.0010779233125504106,0.545920729637146
-0.5,eval,random,9,net,c039,0.27329540252685547,0.001850128173828125,0.0010779233125504106,0.545920729637146
-0.5,eval,random,9,net,c036,0.648040771484375,0.012204170227050781,0.0010779233125504106,0.545920729637146
-0.5,eval,random,9,net,c009,0.9999481836954752,0.026513735453287723,0.0010779233125504106,0.545920729637146
-0.5,eval,random,9,net,c000,0.6454334259033203,0.027391433715820312,0.0010779233125504106,0.545920729637146
-0.5,eval,random,9,net,c013,0.758631706237793,0.023255348205566406,0.0010779233125504106,0.545920729637146
-0.5,eval,random,9,net,c049,-0.05759843190511068,-0.007129987080891929,0.0010779233125504106,0.545920729637146
-0.5,eval,random,9,net,c058,0.665461540222168,0.009493827819824219,0.0010779233125504106,0.545920729637146
-0.5,eval,random,9,net,c024,0.2645422617594401,0.01247278849283856,0.0010779233125504106,0.545920729637146
-0.5,eval,random,9,net,c042,0.1906468073527018,0.006829897562662751,0.0010779233125504106,0.545920729637146
-0.5,eval,random,9,net,c047,0.7259658177693685,0.02272828420003259,0.0010779233125504106,0.545920729637146
-0.5,eval,random,9,net,c043,0.06809679667154948,0.012621561686197921,0.0010779233125504106,0.545920729637146
-0.5,eval,random,9,net,c003,0.510526974995931,0.015381177266438839,0.0010779233125504106,0.545920729637146
-0.5,eval,random,9,net,c041,0.2226079305013021,-0.004919687906901032,0.0010779233125504106,0.545920729637146
-0.5,eval,random,9,net,c008,0.34460798899332684,0.006863276163736998,0.0010779233125504106,0.545920729637146
-0.5,eval,random,9,net,c045,0.561272939046224,0.0216315587361654,0.0010779233125504106,0.545920729637146
-0.5,eval,random,9,net,c011,0.2760012944539388,0.013828595479329409,0.0010779233125504106,0.545920729637146
-0.5,eval,random,9,net,c020,0.7878020604451498,0.02278359731038415,0.0010779233125504106,0.545920729637146
-0.5,eval,random,9,net,c044,0.21490859985351562,-0.0034503936767578125,0.0010779233125504106,0.545920729637146
-0.5,eval,random,9,net,c016,0.5876693725585938,0.018505096435546875,0.0010779233125504106,0.545920729637146
-0.5,eval,random,9,net,c056,-0.052715301513671875,0.0002002716064453125,0.0010779233125504106,0.545920729637146
-0.5,eval,random,9,net,c025,0.23598098754882812,0.008478164672851562,0.0010779233125504106,0.545920729637146
-0.5,eval,random,9,net,c029,0.1820653279622396,0.01518567403157553,0.0010779233125504106,0.545920729637146
-0.5,eval,random,9,net,c014,0.36192893981933594,0.0153961181640625,0.0010779233125504106,0.545920729637146
-0.5,eval,random,9,net,c002,0.5107329686482748,0.0179389317830404,0.0010779233125504106,0.545920729637146
-0.5,eval,random,9,net,c023,0.8564987182617188,0.03663921356201172,0.0010779233125504106,0.545920729637146
-0.5,eval,random,9,net,c046,0.1226809819539388,-0.00395743052164714,0.0010779233125504106,0.545920729637146
-0.5,eval,random,9,net,c022,0.33703454335530597,0.009147961934407534,0.0010779233125504106,0.545920729637146
-0.5,eval,random,9,net,c050,0.9868564605712891,0.04099464416503906,0.0010779233125504106,0.545920729637146
0.0,eval,d,9,net,c006,1.013230323791504,0.0,0.0,0.5448833703994751
0.0,eval,d,9,net,c017,0.6257514953613281,0.0,0.0,0.5448833703994751
0.0,eval,d,9,net,c039,0.7016239166259766,0.0,0.0,0.5448833703994751
0.0,eval,d,9,net,c036,0.26272106170654297,0.0,0.0,0.5448833703994751
0.0,eval,d,9,net,c009,-0.058053016662597656,0.0,0.0,0.5448833703994751
0.0,eval,d,9,net,c000,0.588892936706543,0.0,0.0,0.5448833703994751
0.0,eval,d,9,net,c013,1.6634416580200195,0.0,0.0,0.5448833703994751
0.0,eval,d,9,net,c049,0.611506462097168,0.0,0.0,0.5448833703994751
0.0,eval,d,9,net,c058,0.5874462127685547,0.0,0.0,0.5448833703994751
0.0,eval,d,9,net,c024,0.1506061553955078,0.0,0.0,0.5448833703994751
0.0,eval,d,9,net,c042,0.9208621978759766,0.0,0.0,0.5448833703994751
0.0,eval,d,9,net,c047,0.42545413970947266,0.0,0.0,0.5448833703994751
0.0,eval,d,9,net,c043,-0.7347469329833984,0.0,0.0,0.5448833703994751
0.0,eval,d,9,net,c003,0.7036123275756836,0.0,0.0,0.5448833703994751
0.0,eval,d,9,net,c041,0.7485237121582031,0.0,0.0,0.5448833703994751
0.0,eval,d,9,net,c008,-0.06906414031982422,0.0,0.0,0.5448833703994751
0.0,eval,d,9,net,c045,1.8551321029663086,0.0,0.0,0.5448833703994751
0.0,eval,d,9,net,c011,0.910186767578125,0.0,0.0,0.5448833703994751
0.0,eval,d,9,net,c020,1.8242311477661133,0.0,0.0,0.5448833703994751
0.0,eval,d,9,net,c044,1.9932851791381836,0.0,0.0,0.5448833703994751
0.0,eval,d,9,net,c016,0.6381196975708008,0.0,0.0,0.5448833703994751
0.0,eval,d,9,net,c056,0.8000860214233398,0.0,0.0,0.5448833703994751
0.0,eval,d,9,net,c025,0.15870952606201172,0.0,0.0,0.5448833703994751
0.0,eval,d,9,net,c029,0.3401679992675781,0.0,0.0,0.5448833703994751
0.0,eval,d,9,net,c014,0.3978691101074219,0.0,0.0,0.5448833703994751
0.0,eval,d,9,net,c002,0.5144987106323242,0.0,0.0,0.5448833703994751
0.0,eval,d,9,net,c023,0.5710678100585938,0.0,0.0,0.5448833703994751
0.0,eval,d,9,net,c046,0.6264829635620117,0.0,0.0,0.5448833703994751
0.0,eval,d,9,net,c022,0.21453475952148438,0.0,0.0,0.5448833703994751
0.0,eval,d,9,net,c050,1.1148862838745117,0.0,0.0,0.5448833703994751
0.0,eval,d,9,net,c006,1.1830711364746094,0.0,0.0,0.5448833703994751
0.0,eval,d,9,net,c017,0.8802347183227539,0.0,0.0,0.5448833703994751
0.0,eval,d,9,net,c039,0.27144527435302734,0.0,0.0,0.5448833703994751
0.0,eval,d,9,net,c036,0.6358366012573242,0.0,0.0,0.5448833703994751
0.0,eval,d,9,net,c009,0.9734344482421875,0.0,0.0,0.5448833703994751
0.0,eval,d,9,net,c000,0.6180419921875,0.0,0.0,0.5448833703994751
0.0,eval,d,9,net,c013,0.7353763580322266,0.0,0.0,0.5448833703994751
0.0,eval,d,9,net,c049,-0.05046844482421875,0.0,0.0,0.5448833703994751
0.0,eval,d,9,net,c058,0.6559677124023438,0.0,0.0,0.5448833703994751
0.0,eval,d,9,net,c024,0.25206947326660156,0.0,0.0,0.5448833703994751
0.0,eval,d,9,net,c042,0.18381690979003906,0.0,0.0,0.5448833703994751
0.0,eval,d,9,net,c047,0.7032375335693359,0.0,0.0,0.5448833703994751
0.0,eval,d,9,net,c043,0.05547523498535156,0.0,0.0,0.5448833703994751
0.0,eval,d,9,net,c003,0.4951457977294922,0.0,0.0,0.5448833703994751
0.0,eval,d,9,net,c041,0.22752761840820312,0.0,0.0,0.5448833703994751
0.0,eval,d,9,net,c008,0.33774471282958984,0.0,0.0,0.5448833703994751
0.0,eval,d,9,net,c045,0.5396413803100586,0.0,0.0,0.5448833703994751
0.0,eval,d,9,net,c011,0.2621726989746094,0.0,0.0,0.5448833703994751
0.0,eval,d,9,net,c020,0.7650184631347656,0.0,0.0,0.5448833703994751
0.0,eval,d,9,net,c044,0.21835899353027344,0.0,0.0,0.5448833703994751
0.0,eval,d,9,net,c016,0.5691642761230469,0.0,0.0,0.5448833703994751
0.0,eval,d,9,net,c056,-0.05291557312011719,0.0,0.0,0.5448833703994751
0.0,eval,d,9,net,c025,0.22750282287597656,0.0,0.0,0.5448833703994751
0.0,eval,d,9,net,c029,0.16687965393066406,0.0,0.0,0.5448833703994751
0.0,eval,d,9,net,c014,0.34653282165527344,0.0,0.0,0.5448833703994751
0.0,eval,d,9,net,c002,0.4927940368652344,0.0,0.0,0.5448833703994751
0.0,eval,d,9,net,c023,0.819859504699707,0.0,0.0,0.5448833703994751
0.0,eval,d,9,net,c046,0.12663841247558594,0.0,0.0,0.5448833703994751
0.0,eval,d,9,net,c022,0.32788658142089844,0.0,0.0,0.5448833703994751
0.0,eval,d,9,net,c050,0.94586181640625,0.0,0.0,0.5448833703994751
0.0,deploy,d,9,net,c006,0.3462066650390625,0.0,0.0,0.3486558496952057
0.0,deploy,d,9,net,c017,-0.19147205352783203,0.0,0.0,0.3486558496952057
0.0,deploy,d,9,net,c039,-0.2296295166015625,0.0,0.0,0.3486558496952057
0.0,deploy,d,9,net,c036,0.013627052307128906,0.0,0.0,0.3486558496952057
0.0,deploy,d,9,net,c009,-0.37518978118896484,0.0,0.0,0.3486558496952057
0.0,deploy,d,9,net,c000,-0.26171302795410156,0.0,0.0,0.3486558496952057
0.0,deploy,d,9,net,c013,0.31553077697753906,0.0,0.0,0.3486558496952057
0.0,deploy,d,9,net,c049,-0.36413097381591797,0.0,0.0,0.3486558496952057
0.0,deploy,d,9,net,c058,-0.3249197006225586,0.0,0.0,0.3486558496952057
0.0,deploy,d,9,net,c024,-0.3799858093261719,0.0,0.0,0.3486558496952057
0.0,deploy,d,9,net,c042,-0.29778480529785156,0.0,0.0,0.3486558496952057
0.0,deploy,d,9,net,c047,0.18615341186523438,0.0,0.0,0.3486558496952057
0.0,deploy,d,9,net,c043,-0.7044801712036133,0.0,0.0,0.3486558496952057
0.0,deploy,d,9,net,c003,-0.12424468994140625,0.0,0.0,0.3486558496952057
0.0,deploy,d,9,net,c041,-0.8063631057739258,0.0,0.0,0.3486558496952057
0.0,deploy,d,9,net,c008,-0.30008792877197266,0.0,0.0,0.3486558496952057
0.0,deploy,d,9,net,c045,-0.39595890045166016,0.0,0.0,0.3486558496952057
0.0,deploy,d,9,net,c011,0.11612510681152344,0.0,0.0,0.3486558496952057
0.0,deploy,d,9,net,c020,-0.3835601806640625,0.0,0.0,0.3486558496952057
0.0,deploy,d,9,net,c044,-0.30585575103759766,0.0,0.0,0.3486558496952057
0.0,deploy,d,9,net,c016,-0.2091846466064453,0.0,0.0,0.3486558496952057
0.0,deploy,d,9,net,c056,-0.08150100708007812,0.0,0.0,0.3486558496952057
0.0,deploy,d,9,net,c025,-0.2396392822265625,0.0,0.0,0.3486558496952057
0.0,deploy,d,9,net,c029,-0.7293806076049805,0.0,0.0,0.3486558496952057
0.0,deploy,d,9,net,c014,0.3262815475463867,0.0,0.0,0.3486558496952057
0.0,deploy,d,9,net,c002,-0.2553281784057617,0.0,0.0,0.3486558496952057
0.0,deploy,d,9,net,c023,-0.1472330093383789,0.0,0.0,0.3486558496952057
0.0,deploy,d,9,net,c046,-0.7235040664672852,0.0,0.0,0.3486558496952057
0.0,deploy,d,9,net,c022,0.05525684356689453,0.0,0.0,0.3486558496952057
0.0,deploy,d,9,net,c050,-0.030939102172851562,0.0,0.0,0.3486558496952057
0.0,deploy,d,9,net,c006,0.07282733917236328,0.0,0.0,0.3486558496952057
0.0,deploy,d,9,net,c017,0.10233688354492188,0.0,0.0,0.3486558496952057
0.0,deploy,d,9,net,c039,-0.35221004486083984,0.0,0.0,0.3486558496952057
0.0,deploy,d,9,net,c036,-0.25216197967529297,0.0,0.0,0.3486558496952057
0.0,deploy,d,9,net,c009,-0.0805349349975586,0.0,0.0,0.3486558496952057
0.0,deploy,d,9,net,c000,-0.3356618881225586,0.0,0.0,0.3486558496952057
0.0,deploy,d,9,net,c013,0.3713397979736328,0.0,0.0,0.3486558496952057
0.0,deploy,d,9,net,c049,-0.7830333709716797,0.0,0.0,0.3486558496952057
0.0,deploy,d,9,net,c058,-0.4003744125366211,0.0,0.0,0.3486558496952057
0.0,deploy,d,9,net,c024,-0.08205795288085938,0.0,0.0,0.3486558496952057
0.0,deploy,d,9,net,c042,-0.5093297958374023,0.0,0.0,0.3486558496952057
0.0,deploy,d,9,net,c047,0.07072067260742188,0.0,0.0,0.3486558496952057
0.0,deploy,d,9,net,c043,-1.2166976928710938,0.0,0.0,0.3486558496952057
0.0,deploy,d,9,net,c003,-0.1837596893310547,0.0,0.0,0.3486558496952057
0.0,deploy,d,9,net,c041,-0.19643688201904297,0.0,0.0,0.3486558496952057
0.0,deploy,d,9,net,c008,-0.6977367401123047,0.0,0.0,0.3486558496952057
0.0,deploy,d,9,net,c045,-0.7728071212768555,0.0,0.0,0.3486558496952057
0.0,deploy,d,9,net,c011,0.2088489532470703,0.0,0.0,0.3486558496952057
0.0,deploy,d,9,net,c020,-0.22391319274902344,0.0,0.0,0.3486558496952057
0.0,deploy,d,9,net,c044,-0.18781089782714844,0.0,0.0,0.3486558496952057
0.0,deploy,d,9,net,c016,0.19871234893798828,0.0,0.0,0.3486558496952057
0.0,deploy,d,9,net,c056,-0.034338951110839844,0.0,0.0,0.3486558496952057
0.0,deploy,d,9,net,c025,-0.007582664489746094,0.0,0.0,0.3486558496952057
0.0,deploy,d,9,net,c029,-0.41489696502685547,0.0,0.0,0.3486558496952057
0.0,deploy,d,9,net,c014,-0.2899303436279297,0.0,0.0,0.3486558496952057
0.0,deploy,d,9,net,c002,-0.46302223205566406,0.0,0.0,0.3486558496952057
0.0,deploy,d,9,net,c023,-0.18127727508544922,0.0,0.0,0.3486558496952057
0.0,deploy,d,9,net,c046,-0.35776710510253906,0.0,0.0,0.3486558496952057
0.0,deploy,d,9,net,c022,-0.4765911102294922,0.0,0.0,0.3486558496952057
0.0,deploy,d,9,net,c050,-0.47969913482666016,0.0,0.0,0.3486558496952057
0.5,eval,d,9,net,c006,0.9784202575683594,-0.03481006622314453,0.002234634244814515,0.5243996381759644
0.5,eval,d,9,net,c017,0.6016759872436523,-0.02407550811767578,0.002234634244814515,0.5243996381759644
0.5,eval,d,9,net,c039,0.7073793411254883,0.005755424499511719,0.002234634244814515,0.5243996381759644
0.5,eval,d,9,net,c036,0.20452499389648438,-0.058196067810058594,0.002234634244814515,0.5243996381759644
0.5,eval,d,9,net,c009,-0.10625267028808594,-0.04819965362548828,0.002234634244814515,0.5243996381759644
0.5,eval,d,9,net,c000,0.5491762161254883,-0.03971672058105469,0.002234634244814515,0.5243996381759644
0.5,eval,d,9,net,c013,1.6361703872680664,-0.027271270751953125,0.002234634244814515,0.5243996381759644
0.5,eval,d,9,net,c049,0.6287260055541992,0.01721954345703125,0.002234634244814515,0.5243996381759644
0.5,eval,d,9,net,c058,0.49877166748046875,-0.08867454528808594,0.002234634244814515,0.5243996381759644
0.5,eval,d,9,net,c024,0.11514663696289062,-0.03545951843261719,0.002234634244814515,0.5243996381759644
0.5,eval,d,9,net,c042,0.8665542602539062,-0.05430793762207031,0.002234634244814515,0.5243996381759644
0.5,eval,d,9,net,c047,0.35098743438720703,-0.07446670532226562,0.002234634244814515,0.5243996381759644
0.5,eval,d,9,net,c043,-0.8022270202636719,-0.06748008728027344,0.002234634244814515,0.5243996381759644
0.5,eval,d,9,net,c003,0.6690587997436523,-0.03455352783203125,0.002234634244814515,0.5243996381759644
0.5,eval,d,9,net,c041,0.6977167129516602,-0.05080699920654297,0.002234634244814515,0.5243996381759644
0.5,eval,d,9,net,c008,-0.11690711975097656,-0.047842979431152344,0.002234634244814515,0.5243996381759644
0.5,eval,d,9,net,c045,1.784836769104004,-0.07029533386230469,0.002234634244814515,0.5243996381759644
0.5,eval,d,9,net,c011,0.8565616607666016,-0.05362510681152344,0.002234634244814515,0.5243996381759644
0.5,eval,d,9,net,c020,1.7812614440917969,-0.042969703674316406,0.002234634244814515,0.5243996381759644
0.5,eval,d,9,net,c044,1.9563493728637695,-0.03693580627441406,0.002234634244814515,0.5243996381759644
0.5,eval,d,9,net,c016,0.6047029495239258,-0.033416748046875,0.002234634244814515,0.5243996381759644
0.5,eval,d,9,net,c056,0.7302589416503906,-0.06982707977294922,0.002234634244814515,0.5243996381759644
0.5,eval,d,9,net,c025,0.12865352630615234,-0.030055999755859375,0.002234634244814515,0.5243996381759644
0.5,eval,d,9,net,c029,0.2912769317626953,-0.04889106750488281,0.002234634244814515,0.5243996381759644
0.5,eval,d,9,net,c014,0.3699054718017578,-0.027963638305664062,0.002234634244814515,0.5243996381759644
0.5,eval,d,9,net,c002,0.4638957977294922,-0.05060291290283203,0.002234634244814515,0.5243996381759644
0.5,eval,d,9,net,c023,0.5209732055664062,-0.0500946044921875,0.002234634244814515,0.5243996381759644
0.5,eval,d,9,net,c046,0.5483579635620117,-0.078125,0.002234634244814515,0.5243996381759644
0.5,eval,d,9,net,c022,0.17994213104248047,-0.034592628479003906,0.002234634244814515,0.5243996381759644
0.5,eval,d,9,net,c050,1.0456771850585938,-0.06920909881591797,0.002234634244814515,0.5243996381759644
0.5,eval,d,9,net,c006,1.154341697692871,-0.02872943878173828,0.002234634244814515,0.5243996381759644
0.5,eval,d,9,net,c017,0.8138008117675781,-0.06643390655517578,0.002234634244814515,0.5243996381759644
0.5,eval,d,9,net,c039,0.25078296661376953,-0.020662307739257812,0.002234634244814515,0.5243996381759644
0.5,eval,d,9,net,c036,0.5697412490844727,-0.06609535217285156,0.002234634244814515,0.5243996381759644
0.5,eval,d,9,net,c009,0.9708957672119141,-0.0025386810302734375,0.002234634244814515,0.5243996381759644
0.5,eval,d,9,net,c000,0.5918092727661133,-0.02623271942138672,0.002234634244814515,0.5243996381759644
0.5,eval,d,9,net,c013,0.7186861038208008,-0.01669025421142578,0.002234634244814515,0.5243996381759644
0.5,eval,d,9,net,c049,-0.07766914367675781,-0.027200698852539062,0.002234634244814515,0.5243996381759644
0.5,eval,d,9,net,c058,0.6416034698486328,-0.014364242553710938,0.002234634244814515,0.5243996381759644
0.5,eval,d,9,net,c024,0.21634769439697266,-0.035721778869628906,0.002234634244814515,0.5243996381759644
0.5,eval,d,9,net,c042,0.16411590576171875,-0.019701004028320312,0.002234634244814515,0.5243996381759644
0.5,eval,d,9,net,c047,0.6648902893066406,-0.03834724426269531,0.002234634244814515,0.5243996381759644
0.5,eval,d,9,net,c043,-0.008854866027832031,-0.0643301010131836,0.002234634244814515,0.5243996381759644
0.5,eval,d,9,net,c003,0.46273231506347656,-0.032413482666015625,0.002234634244814515,0.5243996381759644
0.5,eval,d,9,net,c041,0.19287586212158203,-0.034651756286621094,0.002234634244814515,0.5243996381759644
0.5,eval,d,9,net,c008,0.29782772064208984,-0.0399169921875,0.002234634244814515,0.5243996381759644
0.5,eval,d,9,net,c045,0.49986934661865234,-0.03977203369140625,0.002234634244814515,0.5243996381759644
0.5,eval,d,9,net,c011,0.23677539825439453,-0.025397300720214844,0.002234634244814515,0.5243996381759644
0.5,eval,d,9,net,c020,0.7063045501708984,-0.05871391296386719,0.002234634244814515,0.5243996381759644
0.5,eval,d,9,net,c044,0.19894123077392578,-0.019417762756347656,0.002234634244814515,0.5243996381759644
0.5,eval,d,9,net,c016,0.5458602905273438,-0.023303985595703125,0.002234634244814515,0.5243996381759644
0.5,eval,d,9,net,c056,-0.08096694946289062,-0.028051376342773438,0.002234634244814515,0.5243996381759644
0.5,eval,d,9,net,c025,0.19878864288330078,-0.02871417999267578,0.002234634244814515,0.5243996381759644
0.5,eval,d,9,net,c029,0.076873779296875,-0.09000587463378906,0.002234634244814515,0.5243996381759644
0.5,eval,d,9,net,c014,0.3336524963378906,-0.012880325317382812,0.002234634244814515,0.5243996381759644
0.5,eval,d,9,net,c002,0.4489326477050781,-0.04386138916015625,0.002234634244814515,0.5243996381759644
0.5,eval,d,9,net,c023,0.7881755828857422,-0.031683921813964844,0.002234634244814515,0.5243996381759644
0.5,eval,d,9,net,c046,0.0923614501953125,-0.03427696228027344,0.002234634244814515,0.5243996381759644
0.5,eval,d,9,net,c022,0.28580188751220703,-0.042084693908691406,0.002234634244814515,0.5243996381759644
0.5,eval,d,9,net,c050,0.9003086090087891,-0.04555320739746094,0.002234634244814515,0.5243996381759644
0.5,deploy,d,9,net,c006,0.32094860076904297,-0.02525806427001953,0.0007926184334792197,0.3282068371772766
0.5,deploy,d,9,net,c017,-0.20449161529541016,-0.013019561767578125,0.0007926184334792197,0.3282068371772766
0.5,deploy,d,9,net,c039,-0.2663421630859375,-0.036712646484375,0.0007926184334792197,0.3282068371772766
0.5,deploy,d,9,net,c036,-0.029267311096191406,-0.04289436340332031,0.0007926184334792197,0.3282068371772766
0.5,deploy,d,9,net,c009,-0.40959644317626953,-0.03440666198730469,0.0007926184334792197,0.3282068371772766
0.5,deploy,d,9,net,c000,-0.2728433609008789,-0.011130332946777344,0.0007926184334792197,0.3282068371772766
0.5,deploy,d,9,net,c013,0.29972267150878906,-0.01580810546875,0.0007926184334792197,0.3282068371772766
0.5,deploy,d,9,net,c049,-0.37183380126953125,-0.007702827453613281,0.0007926184334792197,0.3282068371772766
0.5,deploy,d,9,net,c058,-0.3576192855834961,-0.0326995849609375,0.0007926184334792197,0.3282068371772766
0.5,deploy,d,9,net,c024,-0.4082307815551758,-0.028244972229003906,0.0007926184334792197,0.3282068371772766
0.5,deploy,d,9,net,c042,-0.3025083541870117,-0.004723548889160156,0.0007926184334792197,0.3282068371772766
0.5,deploy,d,9,net,c047,0.1654052734375,-0.020748138427734375,0.0007926184334792197,0.3282068371772766
0.5,deploy,d,9,net,c043,-0.7341833114624023,-0.029703140258789062,0.0007926184334792197,0.3282068371772766
0.5,deploy,d,9,net,c003,-0.1280536651611328,-0.0038089752197265625,0.0007926184334792197,0.3282068371772766
0.5,deploy,d,9,net,c041,-0.8165493011474609,-0.010186195373535156,0.0007926184334792197,0.3282068371772766
0.5,deploy,d,9,net,c008,-0.3534393310546875,-0.053351402282714844,0.0007926184334792197,0.3282068371772766
0.5,deploy,d,9,net,c045,-0.41426658630371094,-0.01830768585205078,0.0007926184334792197,0.3282068371772766
0.5,deploy,d,9,net,c011,0.10315704345703125,-0.012968063354492188,0.0007926184334792197,0.3282068371772766
0.5,deploy,d,9,net,c020,-0.40437984466552734,-0.020819664001464844,0.0007926184334792197,0.3282068371772766
0.5,deploy,d,9,net,c044,-0.3312253952026367,-0.025369644165039062,0.0007926184334792197,0.3282068371772766
0.5,deploy,d,9,net,c016,-0.2455606460571289,-0.036375999450683594,0.0007926184334792197,0.3282068371772766
0.5,deploy,d,9,net,c056,-0.13083839416503906,-0.04933738708496094,0.0007926184334792197,0.3282068371772766
0.5,deploy,d,9,net,c025,-0.24930381774902344,-0.009664535522460938,0.0007926184334792197,0.3282068371772766
0.5,deploy,d,9,net,c029,-0.775456428527832,-0.04607582092285156,0.0007926184334792197,0.3282068371772766
0.5,deploy,d,9,net,c014,0.30184173583984375,-0.02443981170654297,0.0007926184334792197,0.3282068371772766
0.5,deploy,d,9,net,c002,-0.2985200881958008,-0.04319190979003906,0.0007926184334792197,0.3282068371772766
0.5,deploy,d,9,net,c023,-0.15880870819091797,-0.011575698852539062,0.0007926184334792197,0.3282068371772766
0.5,deploy,d,9,net,c046,-0.7322750091552734,-0.008770942687988281,0.0007926184334792197,0.3282068371772766
0.5,deploy,d,9,net,c022,0.029672622680664062,-0.02558422088623047,0.0007926184334792197,0.3282068371772766
0.5,deploy,d,9,net,c050,-0.07218265533447266,-0.041243553161621094,0.0007926184334792197,0.3282068371772766
0.5,deploy,d,9,net,c006,0.04069042205810547,-0.03213691711425781,0.0007926184334792197,0.3282068371772766
0.5,deploy,d,9,net,c017,0.0890188217163086,-0.013318061828613281,0.0007926184334792197,0.3282068371772766
0.5,deploy,d,9,net,c039,-0.37752437591552734,-0.0253143310546875,0.0007926184334792197,0.3282068371772766
0.5,deploy,d,9,net,c036,-0.29349613189697266,-0.04133415222167969,0.0007926184334792197,0.3282068371772766
0.5,deploy,d,9,net,c009,-0.13699913024902344,-0.056464195251464844,0.0007926184334792197,0.3282068371772766
0.5,deploy,d,9,net,c000,-0.3443603515625,-0.008698463439941406,0.0007926184334792197,0.3282068371772766
0.5,deploy,d,9,net,c013,0.3483905792236328,-0.02294921875,0.0007926184334792197,0.3282068371772766
0.5,deploy,d,9,net,c049,-0.8378753662109375,-0.05484199523925781,0.0007926184334792197,0.3282068371772766
0.5,deploy,d,9,net,c058,-0.431427001953125,-0.031052589416503906,0.0007926184334792197,0.3282068371772766
0.5,deploy,d,9,net,c024,-0.11547470092773438,-0.033416748046875,0.0007926184334792197,0.3282068371772766
0.5,deploy,d,9,net,c042,-0.5263710021972656,-0.01704120635986328,0.0007926184334792197,0.3282068371772766
0.5,deploy,d,9,net,c047,0.018712997436523438,-0.05200767517089844,0.0007926184334792197,0.3282068371772766
0.5,deploy,d,9,net,c043,-1.2336978912353516,-0.017000198364257812,0.0007926184334792197,0.3282068371772766
0.5,deploy,d,9,net,c003,-0.20908069610595703,-0.025321006774902344,0.0007926184334792197,0.3282068371772766
0.5,deploy,d,9,net,c041,-0.20228004455566406,-0.005843162536621094,0.0007926184334792197,0.3282068371772766
0.5,deploy,d,9,net,c008,-0.7413883209228516,-0.043651580810546875,0.0007926184334792197,0.3282068371772766
0.5,deploy,d,9,net,c045,-0.8055973052978516,-0.032790184020996094,0.0007926184334792197,0.3282068371772766
0.5,deploy,d,9,net,c011,0.1820363998413086,-0.02681255340576172,0.0007926184334792197,0.3282068371772766
0.5,deploy,d,9,net,c020,-0.26704978942871094,-0.0431365966796875,0.0007926184334792197,0.3282068371772766
0.5,deploy,d,9,net,c044,-0.21090984344482422,-0.02309894561767578,0.0007926184334792197,0.3282068371772766
0.5,deploy,d,9,net,c016,0.16620159149169922,-0.03251075744628906,0.0007926184334792197,0.3282068371772766
0.5,deploy,d,9,net,c056,-0.08522987365722656,-0.05089092254638672,0.0007926184334792197,0.3282068371772766
0.5,deploy,d,9,net,c025,-0.015056610107421875,-0.007473945617675781,0.0007926184334792197,0.3282068371772766
0.5,deploy,d,9,net,c029,-0.46985721588134766,-0.05496025085449219,0.0007926184334792197,0.3282068371772766
0.5,deploy,d,9,net,c014,-0.314666748046875,-0.024736404418945312,0.0007926184334792197,0.3282068371772766
0.5,deploy,d,9,net,c002,-0.47069740295410156,-0.0076751708984375,0.0007926184334792197,0.3282068371772766
0.5,deploy,d,9,net,c023,-0.18111419677734375,0.00016307830810546875,0.0007926184334792197,0.3282068371772766
0.5,deploy,d,9,net,c046,-0.36583995819091797,-0.008072853088378906,0.0007926184334792197,0.3282068371772766
0.5,deploy,d,9,net,c022,-0.5056352615356445,-0.029044151306152344,0.0007926184334792197,0.3282068371772766
0.5,deploy,d,9,net,c050,-0.5189142227172852,-0.039215087890625,0.0007926184334792197,0.3282068371772766
0.5,eval,random,9,net,c006,0.9842726389567057,-0.028957684834798214,0.0011864927558538814,0.5425155162811279
0.5,eval,random,9,net,c017,0.602514902750651,-0.02323659261067712,0.0011864927558538814,0.5425155162811279
0.5,eval,random,9,net,c039,0.6856333414713541,-0.015990575154622433,0.0011864927558538814,0.5425155162811279
0.5,eval,random,9,net,c036,0.26769383748372394,0.004972775777180971,0.0011864927558538814,0.5425155162811279
0.5,eval,random,9,net,c009,-0.05625502268473307,0.0017979939778645856,0.0011864927558538814,0.5425155162811279
0.5,eval,random,9,net,c000,0.5689382553100586,-0.019954681396484375,0.0011864927558538814,0.5425155162811279
0.5,eval,random,9,net,c013,1.6429856618245442,-0.020455996195475334,0.0011864927558538814,0.5425155162811279
0.5,eval,random,9,net,c049,0.606848398844401,-0.004658063252766964,0.0011864927558538814,0.5425155162811279
0.5,eval,random,9,net,c058,0.5674912134806315,-0.019954999287923214,0.0011864927558538814,0.5425155162811279
0.5,eval,random,9,net,c024,0.14449501037597656,-0.00611114501953125,0.0011864927558538814,0.5425155162811279
0.5,eval,random,9,net,c042,0.8937708536783854,-0.027091344197591183,0.0011864927558538814,0.5425155162811279
0.5,eval,random,9,net,c047,0.4083515803019206,-0.017102559407552065,0.0011864927558538814,0.5425155162811279
0.5,eval,random,9,net,c043,-0.7221978505452474,0.012549082438151005,0.0011864927558538814,0.5425155162811279
0.5,eval,random,9,net,c003,0.6787433624267578,-0.02486896514892578,0.0011864927558538814,0.5425155162811279
0.5,eval,random,9,net,c041,0.7317066192626953,-0.016817092895507812,0.0011864927558538814,0.5425155162811279
0.5,eval,random,9,net,c008,-0.07879924774169922,-0.009735107421875,0.0011864927558538814,0.5425155162811279
0.5,eval,random,9,net,c045,1.82447083791097,-0.030661265055338616,0.0011864927558538814,0.5425155162811279
0.5,eval,random,9,net,c011,0.8757648468017578,-0.03442192077636719,0.0011864927558538814,0.5425155162811279
0.5,eval,random,9,net,c020,1.7954587936401367,-0.028772354125976562,0.0011864927558538814,0.5425155162811279
0.5,eval,random,9,net,c044,1.9602902730305989,-0.03299490610758471,0.0011864927558538814,0.5425155162811279
0.5,eval,random,9,net,c016,0.6117238998413086,-0.026395797729492188,0.0011864927558538814,0.5425155162811279
0.5,eval,random,9,net,c056,0.7799075444539388,-0.020178476969401005,0.0011864927558538814,0.5425155162811279
0.5,eval,random,9,net,c025,0.15177281697591147,-0.006936709086100251,0.0011864927558538814,0.5425155162811279
0.5,eval,random,9,net,c029,0.33353741963704425,-0.006630579630533873,0.0011864927558538814,0.5425155162811279
0.5,eval,random,9,net,c014,0.3788296381632487,-0.01903947194417316,0.0011864927558538814,0.5425155162811279
0.5,eval,random,9,net,c002,0.4917449951171875,-0.02275371551513672,0.0011864927558538814,0.5425155162811279
0.5,eval,random,9,net,c023,0.5485795338948568,-0.022488276163736942,0.0011864927558538814,0.5425155162811279
0.5,eval,random,9,net,c046,0.6226113637288412,-0.003871599833170536,0.0011864927558538814,0.5425155162811279
0.5,eval,random,9,net,c022,0.20116106669108072,-0.013373692830403655,0.0011864927558538814,0.5425155162811279
0.5,eval,random,9,net,c050,1.0633748372395833,-0.05151144663492846,0.0011864927558538814,0.5425155162811279
0.5,eval,random,9,net,c006,1.1418946584065754,-0.04117647806803393,0.0011864927558538814,0.5425155162811279
0.5,eval,random,9,net,c017,0.8466691970825195,-0.033565521240234375,0.0011864927558538814,0.5425155162811279
0.5,eval,random,9,net,c039,0.2685006459554036,-0.0029446283976237164,0.0011864927558538814,0.5425155162811279
0.5,eval,random,9,net,c036,0.6213299433390299,-0.014506657918294308,0.0011864927558538814,0.5425155162811279
0.5,eval,random,9,net,c009,0.942638079325358,-0.030796368916829464,0.0011864927558538814,0.5425155162811279
0.5,eval,random,9,net,c000,0.592609723409017,-0.025432268778483036,0.0011864927558538814,0.5425155162811279
0.5,eval,random,9,net,c013,0.7122179667154948,-0.023158391316731808,0.0011864927558538814,0.5425155162811279
0.5,eval,random,9,net,c049,-0.044030189514160156,0.006438255310058594,0.0011864927558538814,0.5425155162811279
0.5,eval,random,9,net,c058,0.6457061767578125,-0.01026153564453125,0.0011864927558538814,0.5425155162811279
0.5,eval,random,9,net,c024,0.23878701527913412,-0.013282457987467439,0.0011864927558538814,0.5425155162811279
0.5,eval,random,9,net,c042,0.17553583780924478,-0.00828107198079428,0.0011864927558538814,0.5425155162811279
0.5,eval,random,9,net,c047,0.6829557418823242,-0.02028179168701172,0.0011864927558538814,0.5425155162811279
0.5,eval,random,9,net,c043,0.04116344451904297,-0.014311790466308594,0.0011864927558538814,0.5425155162811279
0.5,eval,random,9,net,c003,0.4758443832397461,-0.019301414489746094,0.0011864927558538814,0.5425155162811279
0.5,eval,random,9,net,c041,0.23116461435953775,0.003636995951334626,0.0011864927558538814,0.5425155162811279
0.5,eval,random,9,net,c008,0.32953453063964844,-0.008210182189941406,0.0011864927558538814,0.5425155162811279
0.5,eval,random,9,net,c045,0.5171209971110026,-0.022520383199056027,0.0011864927558538814,0.5425155162811279
0.5,eval,random,9,net,c011,0.24820931752522787,-0.013963381449381501,0.0011864927558538814,0.5425155162811279
0.5,eval,random,9,net,c020,0.7411791483561198,-0.02383931477864587,0.0011864927558538814,0.5425155162811279
0.5,eval,random,9,net,c044,0.21982288360595703,0.0014638900756835938,0.0011864927558538814,0.5425155162811279
0.5,eval,random,9,net,c016,0.5505218505859375,-0.018642425537109375,0.0011864927558538814,0.5425155162811279
0.5,eval,random,9,net,c056,-0.05298010508219401,-6.45319620768206e-05,0.0011864927558538814,0.5425155162811279
0.5,eval,random,9,net,c025,0.21855290730794272,-0.008949915568033845,0.0011864927558538814,0.5425155162811279
0.5,eval,random,9,net,c029,0.1514720916748047,-0.015407562255859375,0.0011864927558538814,0.5425155162811279
0.5,eval,random,9,net,c014,0.32886536916097003,-0.017667452494303404,0.0011864927558538814,0.5425155162811279
0.5,eval,random,9,net,c002,0.47532494862874347,-0.017469088236490904,0.0011864927558538814,0.5425155162811279
0.5,eval,random,9,net,c023,0.784063975016276,-0.03579552968343103,0.0011864927558538814,0.5425155162811279
0.5,eval,random,9,net,c046,0.12947209676106772,0.00283368428548178,0.0011864927558538814,0.5425155162811279
0.5,eval,random,9,net,c022,0.31865819295247394,-0.009228388468424498,0.0011864927558538814,0.5425155162811279
0.5,eval,random,9,net,c050,0.9034884770711263,-0.04237333933512366,0.0011864927558538814,0.5425155162811279
1.0,eval,d,9,net,c006,0.9403762817382812,-0.07285404205322266,0.008891478180885315,0.5018154382705688
1.0,eval,d,9,net,c017,0.5769681930541992,-0.048783302307128906,0.008891478180885315,0.5018154382705688
1.0,eval,d,9,net,c039,0.7031984329223633,0.0015745162963867188,0.008891478180885315,0.5018154382705688
1.0,eval,d,9,net,c036,0.1449871063232422,-0.11773395538330078,0.008891478180885315,0.5018154382705688
1.0,eval,d,9,net,c009,-0.15888214111328125,-0.1008291244506836,0.008891478180885315,0.5018154382705688
1.0,eval,d,9,net,c000,0.5051136016845703,-0.08377933502197266,0.008891478180885315,0.5018154382705688
1.0,eval,d,9,net,c013,1.6040802001953125,-0.05936145782470703,0.008891478180885315,0.5018154382705688
1.0,eval,d,9,net,c049,0.6425676345825195,0.031061172485351562,0.008891478180885315,0.5018154382705688
1.0,eval,d,9,net,c058,0.4004220962524414,-0.18702411651611328,0.008891478180885315,0.5018154382705688
1.0,eval,d,9,net,c024,0.08147430419921875,-0.06913185119628906,0.008891478180885315,0.5018154382705688
1.0,eval,d,9,net,c042,0.8004112243652344,-0.12045097351074219,0.008891478180885315,0.5018154382705688
1.0,eval,d,9,net,c047,0.27326393127441406,-0.1521902084350586,0.008891478180885315,0.5018154382705688
1.0,eval,d,9,net,c043,-0.8730955123901367,-0.13834857940673828,0.008891478180885315,0.5018154382705688
1.0,eval,d,9,net,c003,0.6306781768798828,-0.07293415069580078,0.008891478180885315,0.5018154382705688
1.0,eval,d,9,net,c041,0.6435565948486328,-0.10496711730957031,0.008891478180885315,0.5018154382705688
1.0,eval,d,9,net,c008,-0.1722126007080078,-0.1031484603881836,0.008891478180885315,0.5018154382705688
1.0,eval,d,9,net,c045,1.7074851989746094,-0.14764690399169922,0.008891478180885315,0.5018154382705688
1.0,eval,d,9,net,c011,0.8027753829956055,-0.10741138458251953,0.008891478180885315,0.5018154382705688
1.0,eval,d,9,net,c020,1.7311725616455078,-0.09305858612060547,0.008891478180885315,0.5018154382705688
1.0,eval,d,9,net,c044,1.9125375747680664,-0.08074760437011719,0.008891478180885315,0.5018154382705688
1.0,eval,d,9,net,c016,0.5679693222045898,-0.07015037536621094,0.008891478180885315,0.5018154382705688
1.0,eval,d,9,net,c056,0.6544189453125,-0.14566707611083984,0.008891478180885315,0.5018154382705688
1.0,eval,d,9,net,c025,0.09751605987548828,-0.06119346618652344,0.008891478180885315,0.5018154382705688
1.0,eval,d,9,net,c029,0.2370157241821289,-0.10315227508544922,0.008891478180885315,0.5018154382705688
1.0,eval,d,9,net,c014,0.3399639129638672,-0.05790519714355469,0.008891478180885315,0.5018154382705688
1.0,eval,d,9,net,c002,0.40607166290283203,-0.10842704772949219,0.008891478180885315,0.5018154382705688
1.0,eval,d,9,net,c023,0.4671754837036133,-0.10389232635498047,0.008891478180885315,0.5018154382705688
1.0,eval,d,9,net,c046,0.46033763885498047,-0.16614532470703125,0.008891478180885315,0.5018154382705688
1.0,eval,d,9,net,c022,0.14444637298583984,-0.07008838653564453,0.008891478180885315,0.5018154382705688
1.0,eval,d,9,net,c050,0.9686822891235352,-0.14620399475097656,0.008891478180885315,0.5018154382705688
1.0,eval,d,9,net,c006,1.120020866394043,-0.0630502700805664,0.008891478180885315,0.5018154382705688
1.0,eval,d,9,net,c017,0.7425680160522461,-0.1376667022705078,0.008891478180885315,0.5018154382705688
1.0,eval,d,9,net,c039,0.22722339630126953,-0.04422187805175781,0.008891478180885315,0.5018154382705688
1.0,eval,d,9,net,c036,0.4923362731933594,-0.14350032806396484,0.008891478180885315,0.5018154382705688
1.0,eval,d,9,net,c009,0.9611024856567383,-0.012331962585449219,0.008891478180885315,0.5018154382705688
1.0,eval,d,9,net,c000,0.5621242523193359,-0.05591773986816406,0.008891478180885315,0.5018154382705688
1.0,eval,d,9,net,c013,0.6991434097290039,-0.036232948303222656,0.008891478180885315,0.5018154382705688
1.0,eval,d,9,net,c049,-0.1146841049194336,-0.06421566009521484,0.008891478180885315,0.5018154382705688
1.0,eval,d,9,net,c058,0.6185493469238281,-0.037418365478515625,0.008891478180885315,0.5018154382705688
1.0,eval,d,9,net,c024,0.1758708953857422,-0.07619857788085938,0.008891478180885315,0.5018154382705688
1.0,eval,d,9,net,c042,0.14092254638671875,-0.04289436340332031,0.008891478180885315,0.5018154382705688
1.0,eval,d,9,net,c047,0.6219768524169922,-0.08126068115234375,0.008891478180885315,0.5018154382705688
1.0,eval,d,9,net,c043,-0.07527351379394531,-0.13074874877929688,0.008891478180885315,0.5018154382705688
1.0,eval,d,9,net,c003,0.428009033203125,-0.06713676452636719,0.008891478180885315,0.5018154382705688
1.0,eval,d,9,net,c041,0.15433597564697266,-0.07319164276123047,0.008891478180885315,0.5018154382705688
1.0,eval,d,9,net,c008,0.25173282623291016,-0.08601188659667969,0.008891478180885315,0.5018154382705688
1.0,eval,d,9,net,c045,0.4544410705566406,-0.08520030975341797,0.008891478180885315,0.5018154382705688
1.0,eval,d,9,net,c011,0.21548748016357422,-0.046685218811035156,0.008891478180885315,0.5018154382705688
1.0,eval,d,9,net,c020,0.6368808746337891,-0.12813758850097656,0.008891478180885315,0.5018154382705688
1.0,eval,d,9,net,c044,0.17615222930908203,-0.042206764221191406,0.008891478180885315,0.5018154382705688
1.0,eval,d,9,net,c016,0.5166778564453125,-0.052486419677734375,0.008891478180885315,0.5018154382705688
1.0,eval,d,9,net,c056,-0.10979747772216797,-0.05688190460205078,0.008891478180885315,0.5018154382705688
1.0,eval,d,9,net,c025,0.16323184967041016,-0.0642709732055664,0.008891478180885315,0.5018154382705688
1.0,eval,d,9,net,c029,-0.01738452911376953,-0.1842641830444336,0.008891478180885315,0.5018154382705688
1.0,eval,d,9,net,c014,0.31898975372314453,-0.027543067932128906,0.008891478180885315,0.5018154382705688
1.0,eval,d,9,net,c002,0.4012794494628906,-0.09151458740234375,0.008891478180885315,0.5018154382705688
1.0,eval,d,9,net,c023,0.7507076263427734,-0.0691518783569336,0.008891478180885315,0.5018154382705688
1.0,eval,d,9,net,c046,0.053679466247558594,-0.07295894622802734,0.008891478180885315,0.5018154382705688
1.0,eval,d,9,net,c022,0.23819923400878906,-0.08968734741210938,0.008891478180885315,0.5018154382705688
1.0,eval,d,9,net,c050,0.8511524200439453,-0.09470939636230469,0.008891478180885315,0.5018154382705688
1.0,deploy,d,9,net,c006,0.2910327911376953,-0.05517387390136719,0.003030323190614581,0.3087065517902374
1.0,deploy,d,9,net,c017,-0.21625995635986328,-0.02478790283203125,0.003030323190614581,0.3087065517902374
1.0,deploy,d,9,net,c039,-0.3086090087890625,-0.0789794921875,0.003030323190614581,0.3087065517902374
1.0,deploy,d,9,net,c036,-0.07614803314208984,-0.08977508544921875,0.003030323190614581,0.3087065517902374
1.0,deploy,d,9,net,c009,-0.4470710754394531,-0.07188129425048828,0.003030323190614581,0.3087065517902374
1.0,deploy,d,9,net,c000,-0.2824382781982422,-0.020725250244140625,0.003030323190614581,0.3087065517902374
1.0,deploy,d,9,net,c013,0.27956199645996094,-0.035968780517578125,0.003030323190614581,0.3087065517902374
1.0,deploy,d,9,net,c049,-0.3841400146484375,-0.02000904083251953,0.003030323190614581,0.3087065517902374
1.0,deploy,d,9,net,c058,-0.396453857421875,-0.0715341567993164,0.003030323190614581,0.3087065517902374
1.0,deploy,d,9,net,c024,-0.4375467300415039,-0.05756092071533203,0.003030323190614581,0.3087065517902374
1.0,deploy,d,9,net,c042,-0.3075132369995117,-0.009728431701660156,0.003030323190614581,0.3087065517902374
1.0,deploy,d,9,net,c047,0.1407318115234375,-0.045421600341796875,0.003030323190614581,0.3087065517902374
1.0,deploy,d,9,net,c043,-0.7648067474365234,-0.060326576232910156,0.003030323190614581,0.3087065517902374
1.0,deploy,d,9,net,c003,-0.13272953033447266,-0.008484840393066406,0.003030323190614581,0.3087065517902374
1.0,deploy,d,9,net,c041,-0.8266620635986328,-0.02029895782470703,0.003030323190614581,0.3087065517902374
1.0,deploy,d,9,net,c008,-0.4144306182861328,-0.11434268951416016,0.003030323190614581,0.3087065517902374
1.0,deploy,d,9,net,c045,-0.43417835235595703,-0.038219451904296875,0.003030323190614581,0.3087065517902374
1.0,deploy,d,9,net,c011,0.09225749969482422,-0.02386760711669922,0.003030323190614581,0.3087065517902374
1.0,deploy,d,9,net,c020,-0.4236154556274414,-0.040055274963378906,0.003030323190614581,0.3087065517902374
1.0,deploy,d,9,net,c044,-0.35727405548095703,-0.051418304443359375,0.003030323190614581,0.3087065517902374
1.0,deploy,d,9,net,c016,-0.28269481658935547,-0.07351016998291016,0.003030323190614581,0.3087065517902374
1.0,deploy,d,9,net,c056,-0.1847982406616211,-0.10329723358154297,0.003030323190614581,0.3087065517902374
1.0,deploy,d,9,net,c025,-0.26176929473876953,-0.02213001251220703,0.003030323190614581,0.3087065517902374
1.0,deploy,d,9,net,c029,-0.8224067687988281,-0.09302616119384766,0.003030323190614581,0.3087065517902374
1.0,deploy,d,9,net,c014,0.27435779571533203,-0.05192375183105469,0.003030323190614581,0.3087065517902374
1.0,deploy,d,9,net,c002,-0.3427867889404297,-0.08745861053466797,0.003030323190614581,0.3087065517902374
1.0,deploy,d,9,net,c023,-0.1717386245727539,-0.024505615234375,0.003030323190614581,0.3087065517902374
1.0,deploy,d,9,net,c046,-0.7414665222167969,-0.01796245574951172,0.003030323190614581,0.3087065517902374
1.0,deploy,d,9,net,c022,0.001125335693359375,-0.054131507873535156,0.003030323190614581,0.3087065517902374
1.0,deploy,d,9,net,c050,-0.11715316772460938,-0.08621406555175781,0.003030323190614581,0.3087065517902374
1.0,deploy,d,9,net,c006,0.006580352783203125,-0.06624698638916016,0.003030323190614581,0.3087065517902374
1.0,deploy,d,9,net,c017,0.07554340362548828,-0.026793479919433594,0.003030323190614581,0.3087065517902374
1.0,deploy,d,9,net,c039,-0.4045238494873047,-0.052313804626464844,0.003030323190614581,0.3087065517902374
1.0,deploy,d,9,net,c036,-0.33512306213378906,-0.0829610824584961,0.003030323190614581,0.3087065517902374
1.0,deploy,d,9,net,c009,-0.20315933227539062,-0.12262439727783203,0.003030323190614581,0.3087065517902374
1.0,deploy,d,9,net,c000,-0.35370635986328125,-0.018044471740722656,0.003030323190614581,0.3087065517902374
1.0,deploy,d,9,net,c013,0.3232717514038086,-0.04806804656982422,0.003030323190614581,0.3087065517902374
1.0,deploy,d,9,net,c049,-0.8953275680541992,-0.11229419708251953,0.003030323190614581,0.3087065517902374
1.0,deploy,d,9,net,c058,-0.4644145965576172,-0.0640401840209961,0.003030323190614581,0.3087065517902374
1.0,deploy,d,9,net,c024,-0.1545705795288086,-0.07251262664794922,0.003030323190614581,0.3087065517902374
1.0,deploy,d,9,net,c042,-0.5424318313598633,-0.03310203552246094,0.003030323190614581,0.3087065517902374
1.0,deploy,d,9,net,c047,-0.038170814514160156,-0.10889148712158203,0.003030323190614581,0.3087065517902374
1.0,deploy,d,9,net,c043,-1.2512884140014648,-0.034590721130371094,0.003030323190614581,0.3087065517902374
1.0,deploy,d,9,net,c003,-0.2339019775390625,-0.05014228820800781,0.003030323190614581,0.3087065517902374
1.0,deploy,d,9,net,c041,-0.2108478546142578,-0.014410972595214844,0.003030323190614581,0.3087065517902374
1.0,deploy,d,9,net,c008,-0.788569450378418,-0.09083271026611328,0.003030323190614581,0.3087065517902374
1.0,deploy,d,9,net,c045,-0.8410911560058594,-0.0682840347290039,0.003030323190614581,0.3087065517902374
1.0,deploy,d,9,net,c011,0.15262508392333984,-0.05622386932373047,0.003030323190614581,0.3087065517902374
1.0,deploy,d,9,net,c020,-0.31243228912353516,-0.08851909637451172,0.003030323190614581,0.3087065517902374
1.0,deploy,d,9,net,c044,-0.23787593841552734,-0.050065040588378906,0.003030323190614581,0.3087065517902374
1.0,deploy,d,9,net,c016,0.1312265396118164,-0.06748580932617188,0.003030323190614581,0.3087065517902374
1.0,deploy,d,9,net,c056,-0.13763046264648438,-0.10329151153564453,0.003030323190614581,0.3087065517902374
1.0,deploy,d,9,net,c025,-0.02664470672607422,-0.019062042236328125,0.003030323190614581,0.3087065517902374
1.0,deploy,d,9,net,c029,-0.5332746505737305,-0.118377685546875,0.003030323190614581,0.3087065517902374
1.0,deploy,d,9,net,c014,-0.3404808044433594,-0.05055046081542969,0.003030323190614581,0.3087065517902374
1.0,deploy,d,9,net,c002,-0.48032283782958984,-0.01730060577392578,0.003030323190614581,0.3087065517902374
1.0,deploy,d,9,net,c023,-0.18328094482421875,-0.0020036697387695312,0.003030323190614581,0.3087065517902374
1.0,deploy,d,9,net,c046,-0.3734922409057617,-0.015725135803222656,0.003030323190614581,0.3087065517902374
1.0,deploy,d,9,net,c022,-0.5347938537597656,-0.05820274353027344,0.003030323190614581,0.3087065517902374
1.0,deploy,d,9,net,c050,-0.5576486587524414,-0.07794952392578125,0.003030323190614581,0.3087065517902374
1.0,eval,random,9,net,c006,0.9557110468546549,-0.057519276936848995,0.004877323672796289,0.5387176672617594
1.0,eval,random,9,net,c017,0.5793857574462891,-0.04636573791503906,0.004877323672796289,0.5387176672617594
1.0,eval,random,9,net,c039,0.669043223063151,-0.03258069356282556,0.004877323672796289,0.5387176672617594
1.0,eval,random,9,net,c036,0.27314217885335285,0.010421117146809877,0.004877323672796289,0.5387176672617594
1.0,eval,random,9,net,c009,-0.056262969970703125,0.0017900466918945312,0.004877323672796289,0.5387176672617594
1.0,eval,random,9,net,c000,0.5506979624430338,-0.03819497426350915,0.004877323672796289,0.5387176672617594
1.0,eval,random,9,net,c013,1.6227629979451497,-0.040678660074869866,0.004877323672796289,0.5387176672617594
1.0,eval,random,9,net,c049,0.6025931040445963,-0.008913358052571652,0.004877323672796289,0.5387176672617594
1.0,eval,random,9,net,c058,0.5473667780558268,-0.0400794347127279,0.004877323672796289,0.5387176672617594
1.0,eval,random,9,net,c024,0.13898245493570963,-0.011623700459798186,0.004877323672796289,0.5387176672617594
1.0,eval,random,9,net,c042,0.8651129404703776,-0.055749257405598995,0.004877323672796289,0.5387176672617594
1.0,eval,random,9,net,c047,0.3918450673421224,-0.03360907236735028,0.004877323672796289,0.5387176672617594
1.0,eval,random,9,net,c043,-0.7122475306193033,0.02249940236409509,0.004877323672796289,0.5387176672617594
1.0,eval,random,9,net,c003,0.6544421513875326,-0.049170176188151005,0.004877323672796289,0.5387176672617594
1.0,eval,random,9,net,c041,0.7156476974487305,-0.032876014709472656,0.004877323672796289,0.5387176672617594
1.0,eval,random,9,net,c008,-0.09119288126627605,-0.022128740946451828,0.004877323672796289,0.5387176672617594
1.0,eval,random,9,net,c045,1.789812405904134,-0.06531969706217455,0.004877323672796289,0.5387176672617594
1.0,eval,random,9,net,c011,0.8408161799112955,-0.06937058766682946,0.004877323672796289,0.5387176672617594
1.0,eval,random,9,net,c020,1.7650101979573567,-0.059220949808756584,0.004877323672796289,0.5387176672617594
1.0,eval,random,9,net,c044,1.920964241027832,-0.07232093811035156,0.004877323672796289,0.5387176672617594
1.0,eval,random,9,net,c016,0.5872885386149088,-0.050831158955891964,0.004877323672796289,0.5387176672617594
1.0,eval,random,9,net,c056,0.7606131235758463,-0.03947289784749353,0.004877323672796289,0.5387176672617594
1.0,eval,random,9,net,c025,0.14711793263753256,-0.011591593424479157,0.004877323672796289,0.5387176672617594
1.0,eval,random,9,net,c029,0.32669607798258465,-0.013471921284993471,0.004877323672796289,0.5387176672617594
1.0,eval,random,9,net,c014,0.35875892639160156,-0.03911018371582031,0.004877323672796289,0.5387176672617594
1.0,eval,random,9,net,c002,0.46887969970703125,-0.04561901092529297,0.004877323672796289,0.5387176672617594
1.0,eval,random,9,net,c023,0.5259227752685547,-0.04514503479003906,0.004877323672796289,0.5387176672617594
1.0,eval,random,9,net,c046,0.6179463068644205,-0.008536656697591183,0.004877323672796289,0.5387176672617594
1.0,eval,random,9,net,c022,0.1884174346923828,-0.026117324829101562,0.004877323672796289,0.5387176672617594
1.0,eval,random,9,net,c050,1.0111331939697266,-0.10375308990478516,0.004877323672796289,0.5387176672617594
1.0,eval,random,9,net,c006,1.0987812678019206,-0.08428986867268873,0.004877323672796289,0.5387176672617594
1.0,eval,random,9,net,c017,0.8132638931274414,-0.0669708251953125,0.004877323672796289,0.5387176672617594
1.0,eval,random,9,net,c039,0.2650025685628255,-0.006442705790201841,0.004877323672796289,0.5387176672617594
1.0,eval,random,9,net,c036,0.6050691604614258,-0.030767440795898438,0.004877323672796289,0.5387176672617594
1.0,eval,random,9,net,c009,0.9080454508463541,-0.06538899739583337,0.004877323672796289,0.5387176672617594
1.0,eval,random,9,net,c000,0.569303830464681,-0.04873816172281897,0.004877323672796289,0.5387176672617594
1.0,eval,random,9,net,c013,0.6894604365030924,-0.04591592152913415,0.004877323672796289,0.5387176672617594
1.0,eval,random,9,net,c049,-0.038574536641438804,0.011893908182779946,0.004877323672796289,0.5387176672617594
1.0,eval,random,9,net,c058,0.6344280242919922,-0.021539688110351562,0.004877323672796289,0.5387176672617594
1.0,eval,random,9,net,c024,0.22466627756754556,-0.027403195699056,0.004877323672796289,0.5387176672617594
1.0,eval,random,9,net,c042,0.16583760579427084,-0.01797930399576822,0.004877323672796289,0.5387176672617594
1.0,eval,random,9,net,c047,0.6646499633789062,-0.03858757019042969,0.004877323672796289,0.5387176672617594
1.0,eval,random,9,net,c043,0.025381724039713543,-0.03009351094563802,0.004877323672796289,0.5387176672617594
1.0,eval,random,9,net,c003,0.45347118377685547,-0.04167461395263672,0.004877323672796289,0.5387176672617594
1.0,eval,random,9,net,c041,0.23334821065266928,0.005820592244466155,0.004877323672796289,0.5387176672617594
1.0,eval,random,9,net,c008,0.3203105926513672,-0.017434120178222656,0.004877323672796289,0.5387176672617594
1.0,eval,random,9,net,c045,0.49407005310058594,-0.045571327209472656,0.004877323672796289,0.5387176672617594
1.0,eval,random,9,net,c011,0.23462994893391928,-0.027542750040690095,0.004877323672796289,0.5387176672617594
1.0,eval,random,9,net,c020,0.7160545984903971,-0.04896386464436853,0.004877323672796289,0.5387176672617594
1.0,eval,random,9,net,c044,0.2194655736287435,0.0011065800984700613,0.004877323672796289,0.5387176672617594
1.0,eval,random,9,net,c016,0.5314512252807617,-0.037713050842285156,0.004877323672796289,0.5387176672617594
1.0,eval,random,9,net,c056,-0.052910804748535156,4.76837158203125e-06,0.004877323672796289,0.5387176672617594
1.0,eval,random,9,net,c025,0.20930926005045572,-0.018193562825520843,0.004877323672796289,0.5387176672617594
1.0,eval,random,9,net,c029,0.13548978169759116,-0.03138987223307291,0.004877323672796289,0.5387176672617594
1.0,eval,random,9,net,c014,0.3095369338989258,-0.036995887756347656,0.004877323672796289,0.5387176672617594
1.0,eval,random,9,net,c002,0.45878251393636066,-0.034011522928873716,0.004877323672796289,0.5387176672617594
1.0,eval,random,9,net,c023,0.749299685160319,-0.07055981953938806,0.004877323672796289,0.5387176672617594
1.0,eval,random,9,net,c046,0.13112481435139975,0.004486401875813811,0.004877323672796289,0.5387176672617594
1.0,eval,random,9,net,c022,0.30910587310791016,-0.01878070831298828,0.004877323672796289,0.5387176672617594
1.0,eval,random,9,net,c050,0.8601001103719076,-0.08576170603434241,0.004877323672796289,0.5387176672617594
2.0,eval,d,9,net,c006,0.8557567596435547,-0.15747356414794922,0.03380989283323288,0.45252689719200134
2.0,eval,d,9,net,c017,0.5239439010620117,-0.1018075942993164,0.03380989283323288,0.45252689719200134
2.0,eval,d,9,net,c039,0.6643142700195312,-0.03730964660644531,0.03380989283323288,0.45252689719200134
2.0,eval,d,9,net,c036,0.02759838104248047,-0.2351226806640625,0.03380989283323288,0.45252689719200134
2.0,eval,d,9,net,c009,-0.2757091522216797,-0.21765613555908203,0.03380989283323288,0.45252689719200134
2.0,eval,d,9,net,c000,0.4021749496459961,-0.18671798706054688,0.03380989283323288,0.45252689719200134
2.0,eval,d,9,net,c013,1.5323371887207031,-0.1311044692993164,0.03380989283323288,0.45252689719200134
2.0,eval,d,9,net,c049,0.6583480834960938,0.04684162139892578,0.03380989283323288,0.45252689719200134
2.0,eval,d,9,net,c058,0.1879901885986328,-0.3994560241699219,0.03380989283323288,0.45252689719200134
2.0,eval,d,9,net,c024,0.014698028564453125,-0.1359081268310547,0.03380989283323288,0.45252689719200134
2.0,eval,d,9,net,c042,0.6442975997924805,-0.2765645980834961,0.03380989283323288,0.45252689719200134
2.0,eval,d,9,net,c047,0.11577415466308594,-0.3096799850463867,0.03380989283323288,0.45252689719200134
2.0,eval,d,9,net,c043,-1.0231542587280273,-0.2884073257446289,0.03380989283323288,0.45252689719200134
2.0,eval,d,9,net,c003,0.5444316864013672,-0.1591806411743164,0.03380989283323288,0.45252689719200134
2.0,eval,d,9,net,c041,0.529571533203125,-0.21895217895507812,0.03380989283323288,0.45252689719200134
2.0,eval,d,9,net,c008,-0.30689144134521484,-0.23782730102539062,0.03380989283323288,0.45252689719200134
2.0,eval,d,9,net,c045,1.542074203491211,-0.31305789947509766,0.03380989283323288,0.45252689719200134
2.0,eval,d,9,net,c011,0.7021617889404297,-0.2080249786376953,0.03380989283323288,0.45252689719200134
2.0,eval,d,9,net,c020,1.6167449951171875,-0.20748615264892578,0.03380989283323288,0.45252689719200134
2.0,eval,d,9,net,c044,1.8082332611083984,-0.18505191802978516,0.03380989283323288,0.45252689719200134
2.0,eval,d,9,net,c016,0.4869556427001953,-0.15116405487060547,0.03380989283323288,0.45252689719200134
2.0,eval,d,9,net,c056,0.4931621551513672,-0.30692386627197266,0.03380989283323288,0.45252689719200134
2.0,eval,d,9,net,c025,0.029371261596679688,-0.12933826446533203,0.03380989283323288,0.45252689719200134
2.0,eval,d,9,net,c029,0.11986446380615234,-0.22030353546142578,0.03380989283323288,0.45252689719200134
2.0,eval,d,9,net,c014,0.27616024017333984,-0.12170886993408203,0.03380989283323288,0.45252689719200134
2.0,eval,d,9,net,c002,0.27407073974609375,-0.24042797088623047,0.03380989283323288,0.45252689719200134
2.0,eval,d,9,net,c023,0.35192012786865234,-0.2191476821899414,0.03380989283323288,0.45252689719200134
2.0,eval,d,9,net,c046,0.266815185546875,-0.3596677780151367,0.03380989283323288,0.45252689719200134
2.0,eval,d,9,net,c022,0.06939029693603516,-0.14514446258544922,0.03380989283323288,0.45252689719200134
2.0,eval,d,9,net,c050,0.8053245544433594,-0.30956172943115234,0.03380989283323288,0.45252689719200134
2.0,eval,d,9,net,c006,1.0390329360961914,-0.14403820037841797,0.03380989283323288,0.45252689719200134
2.0,eval,d,9,net,c017,0.5905055999755859,-0.28972911834716797,0.03380989283323288,0.45252689719200134
2.0,eval,d,9,net,c039,0.16758155822753906,-0.10386371612548828,0.03380989283323288,0.45252689719200134
2.0,eval,d,9,net,c036,0.3169088363647461,-0.3189277648925781,0.03380989283323288,0.45252689719200134
2.0,eval,d,9,net,c009,0.926997184753418,-0.04643726348876953,0.03380989283323288,0.45252689719200134
2.0,eval,d,9,net,c000,0.49085426330566406,-0.12718772888183594,0.03380989283323288,0.45252689719200134
2.0,eval,d,9,net,c013,0.6515960693359375,-0.08378028869628906,0.03380989283323288,0.45252689719200134
2.0,eval,d,9,net,c049,-0.2179269790649414,-0.16745853424072266,0.03380989283323288,0.45252689719200134
2.0,eval,d,9,net,c058,0.5495405197143555,-0.10642719268798828,0.03380989283323288,0.45252689719200134
2.0,eval,d,9,net,c024,0.08300495147705078,-0.16906452178955078,0.03380989283323288,0.45252689719200134
2.0,eval,d,9,net,c042,0.08239459991455078,-0.10142230987548828,0.03380989283323288,0.45252689719200134
2.0,eval,d,9,net,c047,0.5289058685302734,-0.1743316650390625,0.03380989283323288,0.45252689719200134
2.0,eval,d,9,net,c043,-0.2100992202758789,-0.26557445526123047,0.03380989283323288,0.45252689719200134
2.0,eval,d,9,net,c003,0.3540487289428711,-0.1410970687866211,0.03380989283323288,0.45252689719200134
2.0,eval,d,9,net,c041,0.07273101806640625,-0.15479660034179688,0.03380989283323288,0.45252689719200134
2.0,eval,d,9,net,c008,0.14286041259765625,-0.1948843002319336,0.03380989283323288,0.45252689719200134
2.0,eval,d,9,net,c045,0.34573936462402344,-0.19390201568603516,0.03380989283323288,0.45252689719200134
2.0,eval,d,9,net,c011,0.18606853485107422,-0.07610416412353516,0.03380989283323288,0.45252689719200134
2.0,eval,d,9,net,c020,0.4755821228027344,-0.28943634033203125,0.03380989283323288,0.45252689719200134
2.0,eval,d,9,net,c044,0.11955070495605469,-0.09880828857421875,0.03380989283323288,0.45252689719200134
2.0,eval,d,9,net,c016,0.44680213928222656,-0.12236213684082031,0.03380989283323288,0.45252689719200134
2.0,eval,d,9,net,c056,-0.16895198822021484,-0.11603641510009766,0.03380989283323288,0.45252689719200134
2.0,eval,d,9,net,c025,0.07292938232421875,-0.1545734405517578,0.03380989283323288,0.45252689719200134
2.0,eval,d,9,net,c029,-0.20374011993408203,-0.3706197738647461,0.03380989283323288,0.45252689719200134
2.0,eval,d,9,net,c014,0.2845172882080078,-0.062015533447265625,0.03380989283323288,0.45252689719200134
2.0,eval,d,9,net,c002,0.2969512939453125,-0.19584274291992188,0.03380989283323288,0.45252689719200134
2.0,eval,d,9,net,c023,0.6616172790527344,-0.15824222564697266,0.03380989283323288,0.45252689719200134
2.0,eval,d,9,net,c046,-0.03308582305908203,-0.15972423553466797,0.03380989283323288,0.45252689719200134
2.0,eval,d,9,net,c022,0.13355350494384766,-0.19433307647705078,0.03380989283323288,0.45252689719200134
2.0,eval,d,9,net,c050,0.7537126541137695,-0.19214916229248047,0.03380989283323288,0.45252689719200134
2.0,deploy,d,9,net,c006,0.2186574935913086,-0.1275491714477539,0.011061540804803371,0.2729977071285248
2.0,deploy,d,9,net,c017,-0.2344980239868164,-0.043025970458984375,0.011061540804803371,0.2729977071285248
2.0,deploy,d,9,net,c039,-0.4141063690185547,-0.1844768524169922,0.011061540804803371,0.2729977071285248
2.0,deploy,d,9,net,c036,-0.17340660095214844,-0.18703365325927734,0.011061540804803371,0.2729977071285248
2.0,deploy,d,9,net,c009,-0.528965950012207,-0.1537761688232422,0.011061540804803371,0.2729977071285248
2.0,deploy,d,9,net,c000,-0.2976503372192383,-0.03593730926513672,0.011061540804803371,0.2729977071285248
2.0,deploy,d,9,net,c013,0.2302093505859375,-0.08532142639160156,0.011061540804803371,0.2729977071285248
2.0,deploy,d,9,net,c049,-0.42581844329833984,-0.061687469482421875,0.011061540804803371,0.2729977071285248
2.0,deploy,d,9,net,c058,-0.4883565902709961,-0.1634368896484375,0.011061540804803371,0.2729977071285248
2.0,deploy,d,9,net,c024,-0.4978017807006836,-0.11781597137451172,0.011061540804803371,0.2729977071285248
2.0,deploy,d,9,net,c042,-0.31675243377685547,-0.018967628479003906,0.011061540804803371,0.2729977071285248
2.0,deploy,d,9,net,c047,0.08230304718017578,-0.1038503646850586,0.011061540804803371,0.2729977071285248
2.0,deploy,d,9,net,c043,-0.8272209167480469,-0.1227407455444336,0.011061540804803371,0.2729977071285248
2.0,deploy,d,9,net,c003,-0.14371395111083984,-0.019469261169433594,0.011061540804803371,0.2729977071285248
2.0,deploy,d,9,net,c041,-0.8422231674194336,-0.03586006164550781,0.011061540804803371,0.2729977071285248
2.0,deploy,d,9,net,c008,-0.561279296875,-0.26119136810302734,0.011061540804803371,0.2729977071285248
2.0,deploy,d,9,net,c045,-0.478607177734375,-0.08264827728271484,0.011061540804803371,0.2729977071285248
2.0,deploy,d,9,net,c011,0.07473373413085938,-0.04139137268066406,0.011061540804803371,0.2729977071285248
2.0,deploy,d,9,net,c020,-0.45690155029296875,-0.07334136962890625,0.011061540804803371,0.2729977071285248
2.0,deploy,d,9,net,c044,-0.40906524658203125,-0.1032094955444336,0.011061540804803371,0.2729977071285248
2.0,deploy,d,9,net,c016,-0.35422801971435547,-0.14504337310791016,0.011061540804803371,0.2729977071285248
2.0,deploy,d,9,net,c056,-0.302734375,-0.22123336791992188,0.011061540804803371,0.2729977071285248
2.0,deploy,d,9,net,c025,-0.2958402633666992,-0.05620098114013672,0.011061540804803371,0.2729977071285248
2.0,deploy,d,9,net,c029,-0.9150409698486328,-0.18566036224365234,0.011061540804803371,0.2729977071285248
2.0,deploy,d,9,net,c014,0.21282005310058594,-0.11346149444580078,0.011061540804803371,0.2729977071285248
2.0,deploy,d,9,net,c002,-0.4332895278930664,-0.1779613494873047,0.011061540804803371,0.2729977071285248
2.0,deploy,d,9,net,c023,-0.2020244598388672,-0.05479145050048828,0.011061540804803371,0.2729977071285248
2.0,deploy,d,9,net,c046,-0.758936882019043,-0.03543281555175781,0.011061540804803371,0.2729977071285248
2.0,deploy,d,9,net,c022,-0.06324291229248047,-0.118499755859375,0.011061540804803371,0.2729977071285248
2.0,deploy,d,9,net,c050,-0.2144603729248047,-0.18352127075195312,0.011061540804803371,0.2729977071285248
2.0,deploy,d,9,net,c006,-0.061133384704589844,-0.13396072387695312,0.011061540804803371,0.2729977071285248
2.0,deploy,d,9,net,c017,0.04809761047363281,-0.05423927307128906,0.011061540804803371,0.2729977071285248
2.0,deploy,d,9,net,c039,-0.46628475189208984,-0.11407470703125,0.011061540804803371,0.2729977071285248
2.0,deploy,d,9,net,c036,-0.4142313003540039,-0.16206932067871094,0.011061540804803371,0.2729977071285248
2.0,deploy,d,9,net,c009,-0.3607597351074219,-0.2802248001098633,0.011061540804803371,0.2729977071285248
2.0,deploy,d,9,net,c000,-0.37502288818359375,-0.039361000061035156,0.011061540804803371,0.2729977071285248
2.0,deploy,d,9,net,c013,0.26688194274902344,-0.10445785522460938,0.011061540804803371,0.2729977071285248
2.0,deploy,d,9,net,c049,-1.0161104202270508,-0.2330770492553711,0.011061540804803371,0.2729977071285248
2.0,deploy,d,9,net,c058,-0.5337200164794922,-0.1333456039428711,0.011061540804803371,0.2729977071285248
2.0,deploy,d,9,net,c024,-0.24828624725341797,-0.1662282943725586,0.011061540804803371,0.2729977071285248
2.0,deploy,d,9,net,c042,-0.5678443908691406,-0.05851459503173828,0.011061540804803371,0.2729977071285248
2.0,deploy,d,9,net,c047,-0.15764904022216797,-0.22836971282958984,0.011061540804803371,0.2729977071285248
2.0,deploy,d,9,net,c043,-1.286905288696289,-0.07020759582519531,0.011061540804803371,0.2729977071285248
2.0,deploy,d,9,net,c003,-0.2787303924560547,-0.094970703125,0.011061540804803371,0.2729977071285248
2.0,deploy,d,9,net,c041,-0.2351236343383789,-0.03868675231933594,0.011061540804803371,0.2729977071285248
2.0,deploy,d,9,net,c008,-0.8949823379516602,-0.19724559783935547,0.011061540804803371,0.2729977071285248
2.0,deploy,d,9,net,c045,-0.9172220230102539,-0.14441490173339844,0.011061540804803371,0.2729977071285248
2.0,deploy,d,9,net,c011,0.08743953704833984,-0.12140941619873047,0.011061540804803371,0.2729977071285248
2.0,deploy,d,9,net,c020,-0.4075899124145508,-0.18367671966552734,0.011061540804803371,0.2729977071285248
2.0,deploy,d,9,net,c044,-0.3022289276123047,-0.11441802978515625,0.011061540804803371,0.2729977071285248
2.0,deploy,d,9,net,c016,0.05789756774902344,-0.14081478118896484,0.011061540804803371,0.2729977071285248
2.0,deploy,d,9,net,c056,-0.24451828002929688,-0.21017932891845703,0.011061540804803371,0.2729977071285248
2.0,deploy,d,9,net,c025,-0.06377696990966797,-0.056194305419921875,0.011061540804803371,0.2729977071285248
2.0,deploy,d,9,net,c029,-0.6820468902587891,-0.2671499252319336,0.011061540804803371,0.2729977071285248
2.0,deploy,d,9,net,c014,-0.3891439437866211,-0.0992136001586914,0.011061540804803371,0.2729977071285248
2.0,deploy,d,9,net,c002,-0.5049896240234375,-0.04196739196777344,0.011061540804803371,0.2729977071285248
2.0,deploy,d,9,net,c023,-0.19474029541015625,-0.013463020324707031,0.011061540804803371,0.2729977071285248
2.0,deploy,d,9,net,c046,-0.38640499114990234,-0.02863788604736328,0.011061540804803371,0.2729977071285248
2.0,deploy,d,9,net,c022,-0.5927925109863281,-0.11620140075683594,0.011061540804803371,0.2729977071285248
2.0,deploy,d,9,net,c050,-0.6272430419921875,-0.14754390716552734,0.011061540804803371,0.2729977071285248
2.0,eval,random,9,net,c006,0.8993473052978516,-0.11388301849365234,0.01986947547023495,0.5268839001655579
2.0,eval,random,9,net,c017,0.5357275009155273,-0.09002399444580078,0.01986947547023495,0.5268839001655579
2.0,eval,random,9,net,c039,0.6340923309326172,-0.06753158569335938,0.01986947547023495,0.5268839001655579
2.0,eval,random,9,net,c036,0.2847480773925781,0.022027015686035156,0.01986947547023495,0.5268839001655579
2.0,eval,random,9,net,c009,-0.06085650126139323,-0.0028034845987955706,0.01986947547023495,0.5268839001655579
2.0,eval,random,9,net,c000,0.5181620915730795,-0.0707308451334635,0.01986947547023495,0.5268839001655579
2.0,eval,random,9,net,c013,1.5842313766479492,-0.07921028137207031,0.01986947547023495,0.5268839001655579
2.0,eval,random,9,net,c049,0.5982230504353842,-0.013283411661783817,0.01986947547023495,0.5268839001655579
2.0,eval,random,9,net,c058,0.5040801366170248,-0.08336607615152991,0.01986947547023495,0.5268839001655579
2.0,eval,random,9,net,c024,0.12935606638590494,-0.021250089009602874,0.01986947547023495,0.5268839001655579
2.0,eval,random,9,net,c042,0.8038810094197592,-0.11698118845621741,0.01986947547023495,0.5268839001655579
2.0,eval,random,9,net,c047,0.3599723180135091,-0.06548182169596356,0.01986947547023495,0.5268839001655579
2.0,eval,random,9,net,c043,-0.6981236139933268,0.03662331899007165,0.01986947547023495,0.5268839001655579
2.0,eval,random,9,net,c003,0.6075207392374674,-0.09609158833821618,0.01986947547023495,0.5268839001655579
2.0,eval,random,9,net,c041,0.6841630935668945,-0.0643606185913086,0.01986947547023495,0.5268839001655579
2.0,eval,random,9,net,c008,-0.12102890014648438,-0.051964759826660156,0.01986947547023495,0.5268839001655579
2.0,eval,random,9,net,c045,1.711709976196289,-0.14342212677001953,0.01986947547023495,0.5268839001655579
2.0,eval,random,9,net,c011,0.7726831436157227,-0.13750362396240234,0.01986947547023495,0.5268839001655579
2.0,eval,random,9,net,c020,1.6999966303507488,-0.12423451741536451,0.01986947547023495,0.5268839001655579
2.0,eval,random,9,net,c044,1.8284969329833984,-0.16478824615478516,0.01986947547023495,0.5268839001655579
2.0,eval,random,9,net,c016,0.5431432723999023,-0.09497642517089844,0.01986947547023495,0.5268839001655579
2.0,eval,random,9,net,c056,0.7244513829549154,-0.07563463846842444,0.01986947547023495,0.5268839001655579
2.0,eval,random,9,net,c025,0.14464791615804037,-0.014061609903971345,0.01986947547023495,0.5268839001655579
2.0,eval,random,9,net,c029,0.31238587697347003,-0.02778212229410809,0.01986947547023495,0.5268839001655579
2.0,eval,random,9,net,c014,0.31633758544921875,-0.08153152465820312,0.01986947547023495,0.5268839001655579
2.0,eval,random,9,net,c002,0.4218079249064128,-0.09269078572591144,0.01986947547023495,0.5268839001655579
2.0,eval,random,9,net,c023,0.48178259531656903,-0.08928521474202472,0.01986947547023495,0.5268839001655579
2.0,eval,random,9,net,c046,0.6060161590576172,-0.02046680450439453,0.01986947547023495,0.5268839001655579
2.0,eval,random,9,net,c022,0.16597588857014975,-0.048558870951334626,0.01986947547023495,0.5268839001655579
2.0,eval,random,9,net,c050,0.9075256983439127,-0.207360585530599,0.01986947547023495,0.5268839001655579
2.0,eval,random,9,net,c006,1.0078989664713542,-0.17517217000325513,0.01986947547023495,0.5268839001655579
2.0,eval,random,9,net,c017,0.7472318013509115,-0.1330029169718424,0.01986947547023495,0.5268839001655579
2.0,eval,random,9,net,c039,0.2582966486612956,-0.013148625691731752,0.01986947547023495,0.5268839001655579
2.0,eval,random,9,net,c036,0.5690774917602539,-0.06675910949707031,0.01986947547023495,0.5268839001655579
2.0,eval,random,9,net,c009,0.8304376602172852,-0.14299678802490234,0.01986947547023495,0.5268839001655579
2.0,eval,random,9,net,c000,0.5286127726236979,-0.08942921956380212,0.01986947547023495,0.5268839001655579
2.0,eval,random,9,net,c013,0.6448017756144205,-0.09057458241780603,0.01986947547023495,0.5268839001655579
2.0,eval,random,9,net,c049,-0.03102906545003255,0.0194393793741862,0.01986947547023495,0.5268839001655579
2.0,eval,random,9,net,c058,0.6082595189412435,-0.04770819346110022,0.01986947547023495,0.5268839001655579
2.0,eval,random,9,net,c024,0.1932379404703776,-0.05883153279622397,0.01986947547023495,0.5268839001655579
2.0,eval,random,9,net,c042,0.14308834075927734,-0.04072856903076172,0.01986947547023495,0.5268839001655579
2.0,eval,random,9,net,c047,0.6308933893839518,-0.07234414418538415,0.01986947547023495,0.5268839001655579
2.0,eval,random,9,net,c043,-0.009760220845540365,-0.06523545583089192,0.01986947547023495,0.5268839001655579
2.0,eval,random,9,net,c003,0.4029960632324219,-0.09214973449707031,0.01986947547023495,0.5268839001655579
2.0,eval,random,9,net,c041,0.23280970255533853,0.005282084147135407,0.01986947547023495,0.5268839001655579
2.0,eval,random,9,net,c008,0.30077552795410156,-0.03696918487548828,0.01986947547023495,0.5268839001655579
2.0,eval,random,9,net,c045,0.44688065846761066,-0.09276072184244794,0.01986947547023495,0.5268839001655579
2.0,eval,random,9,net,c011,0.2104365030924479,-0.05173619588216147,0.01986947547023495,0.5268839001655579
2.0,eval,random,9,net,c020,0.6614119211832682,-0.10360654195149743,0.01986947547023495,0.5268839001655579
2.0,eval,random,9,net,c044,0.21425406138102213,-0.004104932149251311,0.01986947547023495,0.5268839001655579
2.0,eval,random,9,net,c016,0.49094263712565106,-0.07822163899739581,0.01986947547023495,0.5268839001655579
2.0,eval,random,9,net,c056,-0.05222161610921224,0.0006939570109049456,0.01986947547023495,0.5268839001655579
2.0,eval,random,9,net,c025,0.18939971923828125,-0.03810310363769531,0.01986947547023495,0.5268839001655579
2.0,eval,random,9,net,c029,0.10016981760660808,-0.06670983632405598,0.01986947547023495,0.5268839001655579
2.0,eval,random,9,net,c014,0.2692931493123372,-0.07723967234293622,0.01986947547023495,0.5268839001655579
2.0,eval,random,9,net,c002,0.42908255259195965,-0.06371148427327472,0.01986947547023495,0.5268839001655579
2.0,eval,random,9,net,c023,0.6829605102539062,-0.13689899444580078,0.01986947547023495,0.5268839001655579
2.0,eval,random,9,net,c046,0.13042736053466797,0.0037889480590820312,0.01986947547023495,0.5268839001655579
2.0,eval,random,9,net,c022,0.2876879374186198,-0.04019864400227863,0.01986947547023495,0.5268839001655579
2.0,eval,random,9,net,c050,0.7724250157674154,-0.1734368006388346,0.01986947547023495,0.5268839001655579
4.0,eval,d,9,net,c006,0.6576061248779297,-0.3556241989135742,0.10544656962156296,0.3634251356124878
4.0,eval,d,9,net,c017,0.3494443893432617,-0.2763071060180664,0.10544656962156296,0.3634251356124878
4.0,eval,d,9,net,c039,0.4860830307006836,-0.21554088592529297,0.10544656962156296,0.3634251356124878
4.0,eval,d,9,net,c036,-0.16752338409423828,-0.43024444580078125,0.10544656962156296,0.3634251356124878
4.0,eval,d,9,net,c009,-0.5487022399902344,-0.4906492233276367,0.10544656962156296,0.3634251356124878
4.0,eval,d,9,net,c000,0.15018653869628906,-0.4387063980102539,0.10544656962156296,0.3634251356124878
4.0,eval,d,9,net,c013,1.3750038146972656,-0.2884378433227539,0.10544656962156296,0.3634251356124878
4.0,eval,d,9,net,c049,0.6131696701049805,0.0016632080078125,0.10544656962156296,0.3634251356124878
4.0,eval,d,9,net,c058,-0.2049722671508789,-0.7924184799194336,0.10544656962156296,0.3634251356124878
4.0,eval,d,9,net,c024,-0.16357040405273438,-0.3141765594482422,0.10544656962156296,0.3634251356124878
4.0,eval,d,9,net,c042,0.32025718688964844,-0.6006050109863281,0.10544656962156296,0.3634251356124878
4.0,eval,d,9,net,c047,-0.15704917907714844,-0.5825033187866211,0.10544656962156296,0.3634251356124878
4.0,eval,d,9,net,c043,-1.3213891983032227,-0.5866422653198242,0.10544656962156296,0.3634251356124878
4.0,eval,d,9,net,c003,0.3402395248413086,-0.363372802734375,0.10544656962156296,0.3634251356124878
4.0,eval,d,9,net,c041,0.2958717346191406,-0.4526519775390625,0.10544656962156296,0.3634251356124878
4.0,eval,d,9,net,c008,-0.6753435134887695,-0.6062793731689453,0.10544656962156296,0.3634251356124878
4.0,eval,d,9,net,c045,1.2072467803955078,-0.6478853225708008,0.10544656962156296,0.3634251356124878
4.0,eval,d,9,net,c011,0.5251350402832031,-0.3850517272949219,0.10544656962156296,0.3634251356124878
4.0,eval,d,9,net,c020,1.3374452590942383,-0.486785888671875,0.10544656962156296,0.3634251356124878
4.0,eval,d,9,net,c044,1.5277881622314453,-0.4654970169067383,0.10544656962156296,0.3634251356124878
4.0,eval,d,9,net,c016,0.30400943756103516,-0.3341102600097656,0.10544656962156296,0.3634251356124878
4.0,eval,d,9,net,c056,0.19272708892822266,-0.6073589324951172,0.10544656962156296,0.3634251356124878
4.0,eval,d,9,net,c025,-0.14390277862548828,-0.3026123046875,0.10544656962156296,0.3634251356124878
4.0,eval,d,9,net,c029,-0.10100746154785156,-0.4411754608154297,0.10544656962156296,0.3634251356124878
4.0,eval,d,9,net,c014,0.1226797103881836,-0.2751893997192383,0.10544656962156296,0.3634251356124878
4.0,eval,d,9,net,c002,-0.01665496826171875,-0.531153678894043,0.10544656962156296,0.3634251356124878
4.0,eval,d,9,net,c023,0.12376594543457031,-0.44730186462402344,0.10544656962156296,0.3634251356124878
4.0,eval,d,9,net,c046,-0.1126241683959961,-0.7391071319580078,0.10544656962156296,0.3634251356124878
4.0,eval,d,9,net,c022,-0.1271381378173828,-0.3416728973388672,0.10544656962156296,0.3634251356124878
4.0,eval,d,9,net,c050,0.5148944854736328,-0.5999917984008789,0.10544656962156296,0.3634251356124878
4.0,eval,d,9,net,c006,0.8608083724975586,-0.3222627639770508,0.10544656962156296,0.3634251356124878
4.0,eval,d,9,net,c017,0.27594661712646484,-0.6042881011962891,0.10544656962156296,0.3634251356124878
4.0,eval,d,9,net,c039,-0.03050518035888672,-0.30195045471191406,0.10544656962156296,0.3634251356124878
4.0,eval,d,9,net,c036,0.0074329376220703125,-0.6284036636352539,0.10544656962156296,0.3634251356124878
4.0,eval,d,9,net,c009,0.829686164855957,-0.14374828338623047,0.10544656962156296,0.3634251356124878
4.0,eval,d,9,net,c000,0.30108165740966797,-0.31696033477783203,0.10544656962156296,0.3634251356124878
4.0,eval,d,9,net,c013,0.514805793762207,-0.22057056427001953,0.10544656962156296,0.3634251356124878
4.0,eval,d,9,net,c049,-0.5234880447387695,-0.4730195999145508,0.10544656962156296,0.3634251356124878
4.0,eval,d,9,net,c058,0.34752655029296875,-0.308441162109375,0.10544656962156296,0.3634251356124878
4.0,eval,d,9,net,c024,-0.1455240249633789,-0.39759349822998047,0.10544656962156296,0.3634251356124878
4.0,eval,d,9,net,c042,-0.08559322357177734,-0.2694101333618164,0.10544656962156296,0.3634251356124878
4.0,eval,d,9,net,c047,0.35904598236083984,-0.3441915512084961,0.10544656962156296,0.3634251356124878
4.0,eval,d,9,net,c043,-0.44660472869873047,-0.502079963684082,0.10544656962156296,0.3634251356124878
4.0,eval,d,9,net,c003,0.17099952697753906,-0.3241462707519531,0.10544656962156296,0.3634251356124878
4.0,eval,d,9,net,c041,-0.06910419464111328,-0.2966318130493164,0.10544656962156296,0.3634251356124878
4.0,eval,d,9,net,c008,-0.11663246154785156,-0.4543771743774414,0.10544656962156296,0.3634251356124878
4.0,eval,d,9,net,c045,0.0714712142944336,-0.468170166015625,0.10544656962156296,0.3634251356124878
4.0,eval,d,9,net,c011,0.1327667236328125,-0.12940597534179688,0.10544656962156296,0.3634251356124878
4.0,eval,d,9,net,c020,0.13887500762939453,-0.6261434555053711,0.10544656962156296,0.3634251356124878
4.0,eval,d,9,net,c044,-0.05678272247314453,-0.27514171600341797,0.10544656962156296,0.3634251356124878
4.0,eval,d,9,net,c016,0.2813568115234375,-0.2878074645996094,0.10544656962156296,0.3634251356124878
4.0,eval,d,9,net,c056,-0.31058311462402344,-0.25766754150390625,0.10544656962156296,0.3634251356124878
4.0,eval,d,9,net,c025,-0.15967464447021484,-0.3871774673461914,0.10544656962156296,0.3634251356124878
4.0,eval,d,9,net,c029,-0.48203563690185547,-0.6489152908325195,0.10544656962156296,0.3634251356124878
4.0,eval,d,9,net,c014,0.18572998046875,-0.16080284118652344,0.10544656962156296,0.3634251356124878
4.0,eval,d,9,net,c002,0.07687187194824219,-0.4159221649169922,0.10544656962156296,0.3634251356124878
4.0,eval,d,9,net,c023,0.45192527770996094,-0.3679342269897461,0.10544656962156296,0.3634251356124878
4.0,eval,d,9,net,c046,-0.1962451934814453,-0.32288360595703125,0.10544656962156296,0.3634251356124878
4.0,eval,d,9,net,c022,-0.08211231231689453,-0.40999889373779297,0.10544656962156296,0.3634251356124878
4.0,eval,d,9,net,c050,0.6101055145263672,-0.3357563018798828,0.10544656962156296,0.3634251356124878
4.0,deploy,d,9,net,c006,0.037896156311035156,-0.30831050872802734,0.03567164018750191,0.21963052451610565
4.0,deploy,d,9,net,c017,-0.261566162109375,-0.07009410858154297,0.03567164018750191,0.21963052451610565
4.0,deploy,d,9,net,c039,-0.7178430557250977,-0.48821353912353516,0.03567164018750191,0.21963052451610565
4.0,deploy,d,9,net,c036,-0.35078907012939453,-0.36441612243652344,0.03567164018750191,0.21963052451610565
4.0,deploy,d,9,net,c009,-0.7017984390258789,-0.32660865783691406,0.03567164018750191,0.21963052451610565
4.0,deploy,d,9,net,c000,-0.3345308303833008,-0.07281780242919922,0.03567164018750191,0.21963052451610565
4.0,deploy,d,9,net,c013,0.10274314880371094,-0.21278762817382812,0.03567164018750191,0.21963052451610565
4.0,deploy,d,9,net,c049,-0.5987968444824219,-0.2346658706665039,0.03567164018750191,0.21963052451610565
4.0,deploy,d,9,net,c058,-0.6935157775878906,-0.36859607696533203,0.03567164018750191,0.21963052451610565
4.0,deploy,d,9,net,c024,-0.6296634674072266,-0.2496776580810547,0.03567164018750191,0.21963052451610565
4.0,deploy,d,9,net,c042,-0.3503122329711914,-0.052527427673339844,0.03567164018750191,0.21963052451610565
4.0,deploy,d,9,net,c047,-0.060474395751953125,-0.2466278076171875,0.03567164018750191,0.21963052451610565
4.0,deploy,d,9,net,c043,-0.940948486328125,-0.23646831512451172,0.03567164018750191,0.21963052451610565
4.0,deploy,d,9,net,c003,-0.18995952606201172,-0.06571483612060547,0.03567164018750191,0.21963052451610565
4.0,deploy,d,9,net,c041,-0.8357162475585938,-0.02935314178466797,0.03567164018750191,0.21963052451610565
4.0,deploy,d,9,net,c008,-0.9481534957885742,-0.6480655670166016,0.03567164018750191,0.21963052451610565
4.0,deploy,d,9,net,c045,-0.5833578109741211,-0.18739891052246094,0.03567164018750191,0.21963052451610565
4.0,deploy,d,9,net,c011,0.00949859619140625,-0.10662651062011719,0.03567164018750191,0.21963052451610565
4.0,deploy,d,9,net,c020,-0.5183315277099609,-0.13477134704589844,0.03567164018750191,0.21963052451610565
4.0,deploy,d,9,net,c044,-0.5083169937133789,-0.20246124267578125,0.03567164018750191,0.21963052451610565
4.0,deploy,d,9,net,c016,-0.4804410934448242,-0.2712564468383789,0.03567164018750191,0.21963052451610565
4.0,deploy,d,9,net,c056,-0.5541038513183594,-0.47260284423828125,0.03567164018750191,0.21963052451610565
4.0,deploy,d,9,net,c025,-0.4096965789794922,-0.1700572967529297,0.03567164018750191,0.21963052451610565
4.0,deploy,d,9,net,c029,-1.0826034545898438,-0.3532228469848633,0.03567164018750191,0.21963052451610565
4.0,deploy,d,9,net,c014,0.0646963119506836,-0.2615852355957031,0.03567164018750191,0.21963052451610565
4.0,deploy,d,9,net,c002,-0.6246728897094727,-0.36934471130371094,0.03567164018750191,0.21963052451610565
4.0,deploy,d,9,net,c023,-0.30143165588378906,-0.15419864654541016,0.03567164018750191,0.21963052451610565
4.0,deploy,d,9,net,c046,-0.7854824066162109,-0.06197834014892578,0.03567164018750191,0.21963052451610565
4.0,deploy,d,9,net,c022,-0.2171621322631836,-0.2724189758300781,0.03567164018750191,0.21963052451610565
4.0,deploy,d,9,net,c050,-0.41149425506591797,-0.3805551528930664,0.03567164018750191,0.21963052451610565
4.0,deploy,d,9,net,c006,-0.15269851684570312,-0.2255258560180664,0.03567164018750191,0.21963052451610565
4.0,deploy,d,9,net,c017,-0.022233009338378906,-0.12456989288330078,0.03567164018750191,0.21963052451610565
4.0,deploy,d,9,net,c039,-0.6350173950195312,-0.2828073501586914,0.03567164018750191,0.21963052451610565
4.0,deploy,d,9,net,c036,-0.5307636260986328,-0.27860164642333984,0.03567164018750191,0.21963052451610565
4.0,deploy,d,9,net,c009,-0.7213878631591797,-0.6408529281616211,0.03567164018750191,0.21963052451610565
4.0,deploy,d,9,net,c000,-0.4388561248779297,-0.1031942367553711,0.03567164018750191,0.21963052451610565
4.0,deploy,d,9,net,c013,0.12445259094238281,-0.24688720703125,0.03567164018750191,0.21963052451610565
4.0,deploy,d,9,net,c049,-1.2589902877807617,-0.47595691680908203,0.03567164018750191,0.21963052451610565
4.0,deploy,d,9,net,c058,-0.6871480941772461,-0.286773681640625,0.03567164018750191,0.21963052451610565
4.0,deploy,d,9,net,c024,-0.4900350570678711,-0.4079771041870117,0.03567164018750191,0.21963052451610565
4.0,deploy,d,9,net,c042,-0.5893545150756836,-0.08002471923828125,0.03567164018750191,0.21963052451610565
4.0,deploy,d,9,net,c047,-0.3657979965209961,-0.43651866912841797,0.03567164018750191,0.21963052451610565
4.0,deploy,d,9,net,c043,-1.3483476638793945,-0.13164997100830078,0.03567164018750191,0.21963052451610565
4.0,deploy,d,9,net,c003,-0.3400392532348633,-0.1562795639038086,0.03567164018750191,0.21963052451610565
4.0,deploy,d,9,net,c041,-0.30649757385253906,-0.1100606918334961,0.03567164018750191,0.21963052451610565
4.0,deploy,d,9,net,c008,-1.1576614379882812,-0.45992469787597656,0.03567164018750191,0.21963052451610565
4.0,deploy,d,9,net,c045,-1.0583467483520508,-0.2855396270751953,0.03567164018750191,0.21963052451610565
4.0,deploy,d,9,net,c011,-0.06144523620605469,-0.270294189453125,0.03567164018750191,0.21963052451610565
4.0,deploy,d,9,net,c020,-0.5994024276733398,-0.3754892349243164,0.03567164018750191,0.21963052451610565
4.0,deploy,d,9,net,c044,-0.46452808380126953,-0.2767171859741211,0.03567164018750191,0.21963052451610565
4.0,deploy,d,9,net,c016,-0.08629798889160156,-0.28501033782958984,0.03567164018750191,0.21963052451610565
4.0,deploy,d,9,net,c056,-0.46468544006347656,-0.4303464889526367,0.03567164018750191,0.21963052451610565
4.0,deploy,d,9,net,c025,-0.19770240783691406,-0.19011974334716797,0.03567164018750191,0.21963052451610565
4.0,deploy,d,9,net,c029,-1.0220146179199219,-0.6071176528930664,0.03567164018750191,0.21963052451610565
4.0,deploy,d,9,net,c014,-0.44997119903564453,-0.16004085540771484,0.03567164018750191,0.21963052451610565
4.0,deploy,d,9,net,c002,-0.5762214660644531,-0.11319923400878906,0.03567164018750191,0.21963052451610565
4.0,deploy,d,9,net,c023,-0.25286865234375,-0.07159137725830078,0.03567164018750191,0.21963052451610565
4.0,deploy,d,9,net,c046,-0.41761112213134766,-0.059844017028808594,0.03567164018750191,0.21963052451610565
4.0,deploy,d,9,net,c022,-0.7041940689086914,-0.22760295867919922,0.03567164018750191,0.21963052451610565
4.0,deploy,d,9,net,c050,-0.7078094482421875,-0.22811031341552734,0.03567164018750191,0.21963052451610565
4.0,eval,random,9,net,c006,0.7856709162394205,-0.22755940755208337,0.07355745571355025,0.4898865918318431
4.0,eval,random,9,net,c017,0.46852366129557294,-0.1572278340657552,0.07355745571355025,0.4898865918318431
4.0,eval,random,9,net,c039,0.5621760686238607,-0.13944784800211585,0.07355745571355025,0.4898865918318431
4.0,eval,random,9,net,c036,0.30979379018147785,0.04707272847493488,0.07355745571355025,0.4898865918318431
4.0,eval,random,9,net,c009,-0.07711060841878255,-0.01905759175618489,0.07355745571355025,0.4898865918318431
4.0,eval,random,9,net,c000,0.4592609405517578,-0.12963199615478516,0.07355745571355025,0.4898865918318431
4.0,eval,random,9,net,c013,1.51709779103597,-0.14634386698404955,0.07355745571355025,0.4898865918318431
4.0,eval,random,9,net,c049,0.6163546244303385,0.004848162333170536,0.07355745571355025,0.4898865918318431
4.0,eval,random,9,net,c058,0.4004294077555339,-0.18701680501302081,0.07355745571355025,0.4898865918318431
4.0,eval,random,9,net,c024,0.11784140268961589,-0.03276475270589192,0.07355745571355025,0.4898865918318431
4.0,eval,random,9,net,c042,0.6758426030476888,-0.24501959482828772,0.07355745571355025,0.4898865918318431
4.0,eval,random,9,net,c047,0.29987939198811847,-0.12557474772135419,0.07355745571355025,0.4898865918318431
4.0,eval,random,9,net,c043,-0.6634302139282227,0.07131671905517578,0.07355745571355025,0.4898865918318431
4.0,eval,random,9,net,c003,0.5241581598917643,-0.1794541676839193,0.07355745571355025,0.4898865918318431
4.0,eval,random,9,net,c041,0.6127465565999349,-0.1357771555582682,0.07355745571355025,0.4898865918318431
4.0,eval,random,9,net,c008,-0.17679659525553384,-0.10773245493570963,0.07355745571355025,0.4898865918318431
4.0,eval,random,9,net,c045,1.543195406595866,-0.31193669637044263,0.07355745571355025,0.4898865918318431
4.0,eval,random,9,net,c011,0.6632216771443685,-0.24696509043375647,0.07355745571355025,0.4898865918318431
4.0,eval,random,9,net,c020,1.5520985921223958,-0.2721325556437175,0.07355745571355025,0.4898865918318431
4.0,eval,random,9,net,c044,1.629789670308431,-0.3634955088297527,0.07355745571355025,0.4898865918318431
4.0,eval,random,9,net,c016,0.4689165751139323,-0.16920312245686847,0.07355745571355025,0.4898865918318431
4.0,eval,random,9,net,c056,0.653540293375651,-0.14654572804768884,0.07355745571355025,0.4898865918318431
4.0,eval,random,9,net,c025,0.16170215606689453,0.0029926300048828125,0.07355745571355025,0.4898865918318431
4.0,eval,random,9,net,c029,0.28495311737060547,-0.055214881896972656,0.07355745571355025,0.4898865918318431
4.0,eval,random,9,net,c014,0.23957697550455728,-0.1582921346028646,0.07355745571355025,0.4898865918318431
4.0,eval,random,9,net,c002,0.3234710693359375,-0.19102764129638672,0.07355745571355025,0.4898865918318431
4.0,eval,random,9,net,c023,0.40374755859375,-0.16732025146484375,0.07355745571355025,0.4898865918318431
4.0,eval,random,9,net,c046,0.5732371012369791,-0.05324586232503259,0.07355745571355025,0.4898865918318431
4.0,eval,random,9,net,c022,0.13739395141601562,-0.07714080810546875,0.07355745571355025,0.4898865918318431
4.0,eval,random,9,net,c050,0.7282460530598959,-0.38664023081461585,0.07355745571355025,0.4898865918318431
4.0,eval,random,9,net,c006,0.8175106048583984,-0.36556053161621094,0.07355745571355025,0.4898865918318431
4.0,eval,random,9,net,c017,0.6218891143798828,-0.2583456039428711,0.07355745571355025,0.4898865918318431
4.0,eval,random,9,net,c039,0.25969187418619794,-0.011753400166829409,0.07355745571355025,0.4898865918318431
4.0,eval,random,9,net,c036,0.4984610875447591,-0.13737551371256512,0.07355745571355025,0.4898865918318431
4.0,eval,random,9,net,c009,0.6638469696044922,-0.3095874786376953,0.07355745571355025,0.4898865918318431
4.0,eval,random,9,net,c000,0.4609336853027344,-0.15710830688476562,0.07355745571355025,0.4898865918318431
4.0,eval,random,9,net,c013,0.562872568766276,-0.17250378926595056,0.07355745571355025,0.4898865918318431
4.0,eval,random,9,net,c049,-0.02394866943359375,0.026519775390625,0.07355745571355025,0.4898865918318431
4.0,eval,random,9,net,c058,0.5514065424601237,-0.10456116994222009,0.07355745571355025,0.4898865918318431
4.0,eval,random,9,net,c024,0.11690012613932292,-0.13516934712727863,0.07355745571355025,0.4898865918318431
4.0,eval,random,9,net,c042,0.10065873463948567,-0.08315817515055339,0.07355745571355025,0.4898865918318431
4.0,eval,random,9,net,c047,0.5587253570556641,-0.14451217651367188,0.07355745571355025,0.4898865918318431
4.0,eval,random,9,net,c043,-0.08621978759765625,-0.1416950225830078,0.07355745571355025,0.4898865918318431
4.0,eval,random,9,net,c003,0.30165259043375653,-0.19349320729573566,0.07355745571355025,0.4898865918318431
4.0,eval,random,9,net,c041,0.21647040049235025,-0.011057217915852874,0.07355745571355025,0.4898865918318431
4.0,eval,random,9,net,c008,0.2750021616617839,-0.06274255116780597,0.07355745571355025,0.4898865918318431
4.0,eval,random,9,net,c045,0.3503459294637044,-0.18929545084635419,0.07355745571355025,0.4898865918318431
4.0,eval,random,9,net,c011,0.18625418345133463,-0.07591851552327475,0.07355745571355025,0.4898865918318431
4.0,eval,random,9,net,c020,0.5351457595825195,-0.2298727035522461,0.07355745571355025,0.4898865918318431
4.0,eval,random,9,net,c044,0.19603824615478516,-0.02232074737548828,0.07355745571355025,0.4898865918318431
4.0,eval,random,9,net,c016,0.40335337320963544,-0.16581090291341144,0.07355745571355025,0.4898865918318431
4.0,eval,random,9,net,c056,-0.044116973876953125,0.008798599243164062,0.07355745571355025,0.4898865918318431
4.0,eval,random,9,net,c025,0.14269797007242838,-0.08480485280354819,0.07355745571355025,0.4898865918318431
4.0,eval,random,9,net,c029,0.009375254313151041,-0.15750439961751303,0.07355745571355025,0.4898865918318431
4.0,eval,random,9,net,c014,0.2108942667643229,-0.13563855489095053,0.07355745571355025,0.4898865918318431
4.0,eval,random,9,net,c002,0.3840208053588867,-0.10877323150634766,0.07355745571355025,0.4898865918318431
4.0,eval,random,9,net,c023,0.5558919906616211,-0.26396751403808594,0.07355745571355025,0.4898865918318431
4.0,eval,random,9,net,c046,0.1218570073445638,-0.00478140513102214,0.07355745571355025,0.4898865918318431
4.0,eval,random,9,net,c022,0.23842557271321616,-0.08946100870768228,0.07355745571355025,0.4898865918318431
4.0,eval,random,9,net,c050,0.6147874196370443,-0.3310743967692057,0.07355745571355025,0.4898865918318431
6.0,eval,d,9,net,c006,0.44885826110839844,-0.5643720626831055,0.18007272481918335,0.32576408982276917
6.0,eval,d,9,net,c017,0.015112876892089844,-0.6106386184692383,0.18007272481918335,0.32576408982276917
6.0,eval,d,9,net,c039,0.2823657989501953,-0.41925811767578125,0.18007272481918335,0.32576408982276917
6.0,eval,d,9,net,c036,-0.30419349670410156,-0.5669145584106445,0.18007272481918335,0.32576408982276917
6.0,eval,d,9,net,c009,-0.8812389373779297,-0.823185920715332,0.18007272481918335,0.32576408982276917
6.0,eval,d,9,net,c000,-0.09285163879394531,-0.6817445755004883,0.18007272481918335,0.32576408982276917
6.0,eval,d,9,net,c013,1.1801624298095703,-0.4832792282104492,0.18007272481918335,0.32576408982276917
6.0,eval,d,9,net,c049,0.4332408905029297,-0.17826557159423828,0.18007272481918335,0.32576408982276917
6.0,eval,d,9,net,c058,-0.4677600860595703,-1.055206298828125,0.18007272481918335,0.32576408982276917
6.0,eval,d,9,net,c024,-0.3944063186645508,-0.5450124740600586,0.18007272481918335,0.32576408982276917
6.0,eval,d,9,net,c042,0.06688976287841797,-0.8539724349975586,0.18007272481918335,0.32576408982276917
6.0,eval,d,9,net,c047,-0.3364124298095703,-0.761866569519043,0.18007272481918335,0.32576408982276917
6.0,eval,d,9,net,c043,-1.5524635314941406,-0.8177165985107422,0.18007272481918335,0.32576408982276917
6.0,eval,d,9,net,c003,0.10490036010742188,-0.5987119674682617,0.18007272481918335,0.32576408982276917
6.0,eval,d,9,net,c041,0.042138099670410156,-0.706385612487793,0.18007272481918335,0.32576408982276917
6.0,eval,d,9,net,c008,-1.1249074935913086,-1.0558433532714844,0.18007272481918335,0.32576408982276917
6.0,eval,d,9,net,c045,0.9010839462280273,-0.9540481567382812,0.18007272481918335,0.32576408982276917
6.0,eval,d,9,net,c011,0.32827091217041016,-0.5819158554077148,0.18007272481918335,0.32576408982276917
6.0,eval,d,9,net,c020,0.9893894195556641,-0.8348417282104492,0.18007272481918335,0.32576408982276917
6.0,eval,d,9,net,c044,1.1306772232055664,-0.8626079559326172,0.18007272481918335,0.32576408982276917
6.0,eval,d,9,net,c016,0.05405616760253906,-0.5840635299682617,0.18007272481918335,0.32576408982276917
6.0,eval,d,9,net,c056,-0.03710651397705078,-0.8371925354003906,0.18007272481918335,0.32576408982276917
6.0,eval,d,9,net,c025,-0.34113121032714844,-0.49984073638916016,0.18007272481918335,0.32576408982276917
6.0,eval,d,9,net,c029,-0.3070077896118164,-0.6471757888793945,0.18007272481918335,0.32576408982276917
6.0,eval,d,9,net,c014,-0.0756683349609375,-0.4735374450683594,0.18007272481918335,0.32576408982276917
6.0,eval,d,9,net,c002,-0.2604074478149414,-0.7749061584472656,0.18007272481918335,0.32576408982276917
6.0,eval,d,9,net,c023,-0.08138370513916016,-0.6524515151977539,0.18007272481918335,0.32576408982276917
6.0,eval,d,9,net,c046,-0.4485635757446289,-1.0750465393066406,0.18007272481918335,0.32576408982276917
6.0,eval,d,9,net,c022,-0.42079639434814453,-0.6353311538696289,0.18007272481918335,0.32576408982276917
6.0,eval,d,9,net,c050,0.2861366271972656,-0.8287496566772461,0.18007272481918335,0.32576408982276917
6.0,eval,d,9,net,c006,0.6889333724975586,-0.4941377639770508,0.18007272481918335,0.32576408982276917
6.0,eval,d,9,net,c017,-0.0340423583984375,-0.9142770767211914,0.18007272481918335,0.32576408982276917
6.0,eval,d,9,net,c039,-0.32647132873535156,-0.5979166030883789,0.18007272481918335,0.32576408982276917
6.0,eval,d,9,net,c036,-0.07325458526611328,-0.7090911865234375,0.18007272481918335,0.32576408982276917
6.0,eval,d,9,net,c009,0.6385593414306641,-0.33487510681152344,0.18007272481918335,0.32576408982276917
6.0,eval,d,9,net,c000,0.059714317321777344,-0.5583276748657227,0.18007272481918335,0.32576408982276917
6.0,eval,d,9,net,c013,0.27411365509033203,-0.46126270294189453,0.18007272481918335,0.32576408982276917
6.0,eval,d,9,net,c049,-0.8761367797851562,-0.8256683349609375,0.18007272481918335,0.32576408982276917
6.0,eval,d,9,net,c058,0.11327552795410156,-0.5426921844482422,0.18007272481918335,0.32576408982276917
6.0,eval,d,9,net,c024,-0.4189434051513672,-0.6710128784179688,0.18007272481918335,0.32576408982276917
6.0,eval,d,9,net,c042,-0.3022270202636719,-0.48604393005371094,0.18007272481918335,0.32576408982276917
6.0,eval,d,9,net,c047,0.18825912475585938,-0.5149784088134766,0.18007272481918335,0.32576408982276917
6.0,eval,d,9,net,c043,-0.5938901901245117,-0.6493654251098633,0.18007272481918335,0.32576408982276917
6.0,eval,d,9,net,c003,-0.08472061157226562,-0.5798664093017578,0.18007272481918335,0.32576408982276917
6.0,eval,d,9,net,c041,-0.2647819519042969,-0.4923095703125,0.18007272481918335,0.32576408982276917
6.0,eval,d,9,net,c008,-0.42795276641845703,-0.7656974792480469,0.18007272481918335,0.32576408982276917
6.0,eval,d,9,net,c045,-0.1974620819091797,-0.7371034622192383,0.18007272481918335,0.32576408982276917
6.0,eval,d,9,net,c011,-0.004981040954589844,-0.2671537399291992,0.18007272481918335,0.32576408982276917
6.0,eval,d,9,net,c020,-0.13494873046875,-0.8999671936035156,0.18007272481918335,0.32576408982276917
6.0,eval,d,9,net,c044,-0.3518705368041992,-0.5702295303344727,0.18007272481918335,0.32576408982276917
6.0,eval,d,9,net,c016,-0.011768341064453125,-0.5809326171875,0.18007272481918335,0.32576408982276917
6.0,eval,d,9,net,c056,-0.5424251556396484,-0.48950958251953125,0.18007272481918335,0.32576408982276917
6.0,eval,d,9,net,c025,-0.40487003326416016,-0.6323728561401367,0.18007272481918335,0.32576408982276917
6.0,eval,d,9,net,c029,-0.6505241394042969,-0.8174037933349609,0.18007272481918335,0.32576408982276917
6.0,eval,d,9,net,c014,0.012127876281738281,-0.33440494537353516,0.18007272481918335,0.32576408982276917
6.0,eval,d,9,net,c002,-0.11549568176269531,-0.6082897186279297,0.18007272481918335,0.32576408982276917
6.0,eval,d,9,net,c023,0.1814899444580078,-0.6383695602416992,0.18007272481918335,0.32576408982276917
6.0,eval,d,9,net,c046,-0.2744588851928711,-0.40109729766845703,0.18007272481918335,0.32576408982276917
6.0,eval,d,9,net,c022,-0.34741687774658203,-0.6753034591674805,0.18007272481918335,0.32576408982276917
6.0,eval,d,9,net,c050,0.4933891296386719,-0.4524726867675781,0.18007272481918335,0.32576408982276917
6.0,deploy,d,9,net,c006,-0.17482852935791016,-0.5210351943969727,0.06519916653633118,0.19650891423225403
6.0,deploy,d,9,net,c017,-0.3491859436035156,-0.1577138900756836,0.06519916653633118,0.19650891423225403
6.0,deploy,d,9,net,c039,-1.021824836730957,-0.7921953201293945,0.06519916653633118,0.19650891423225403
6.0,deploy,d,9,net,c036,-0.5338449478149414,-0.5474720001220703,0.06519916653633118,0.19650891423225403
6.0,deploy,d,9,net,c009,-0.8750801086425781,-0.4998903274536133,0.06519916653633118,0.19650891423225403
6.0,deploy,d,9,net,c000,-0.4336671829223633,-0.17195415496826172,0.06519916653633118,0.19650891423225403
6.0,deploy,d,9,net,c013,-0.09470462799072266,-0.4102354049682617,0.06519916653633118,0.19650891423225403
6.0,deploy,d,9,net,c049,-0.8841171264648438,-0.5199861526489258,0.06519916653633118,0.19650891423225403
6.0,deploy,d,9,net,c058,-0.895075798034668,-0.5701560974121094,0.06519916653633118,0.19650891423225403
6.0,deploy,d,9,net,c024,-0.8213367462158203,-0.44135093688964844,0.06519916653633118,0.19650891423225403
6.0,deploy,d,9,net,c042,-0.49523258209228516,-0.1974477767944336,0.06519916653633118,0.19650891423225403
6.0,deploy,d,9,net,c047,-0.27146244049072266,-0.45761585235595703,0.06519916653633118,0.19650891423225403
6.0,deploy,d,9,net,c043,-1.0338430404663086,-0.3293628692626953,0.06519916653633118,0.19650891423225403
6.0,deploy,d,9,net,c003,-0.3185443878173828,-0.19429969787597656,0.06519916653633118,0.19650891423225403
6.0,deploy,d,9,net,c041,-0.8327617645263672,-0.026398658752441406,0.06519916653633118,0.19650891423225403
6.0,deploy,d,9,net,c008,-1.3988637924194336,-1.098775863647461,0.06519916653633118,0.19650891423225403
6.0,deploy,d,9,net,c045,-0.6977510452270508,-0.3017921447753906,0.06519916653633118,0.19650891423225403
6.0,deploy,d,9,net,c011,-0.1747417449951172,-0.2908668518066406,0.06519916653633118,0.19650891423225403
6.0,deploy,d,9,net,c020,-0.6153602600097656,-0.23180007934570312,0.06519916653633118,0.19650891423225403
6.0,deploy,d,9,net,c044,-0.6517219543457031,-0.34586620330810547,0.06519916653633118,0.19650891423225403
6.0,deploy,d,9,net,c016,-0.6686553955078125,-0.4594707489013672,0.06519916653633118,0.19650891423225403
6.0,deploy,d,9,net,c056,-0.7782087326049805,-0.6967077255249023,0.06519916653633118,0.19650891423225403
6.0,deploy,d,9,net,c025,-0.6133108139038086,-0.3736715316772461,0.06519916653633118,0.19650891423225403
6.0,deploy,d,9,net,c029,-1.2681207656860352,-0.5387401580810547,0.06519916653633118,0.19650891423225403
6.0,deploy,d,9,net,c014,-0.11774253845214844,-0.44402408599853516,0.06519916653633118,0.19650891423225403
6.0,deploy,d,9,net,c002,-0.7999048233032227,-0.5445766448974609,0.06519916653633118,0.19650891423225403
6.0,deploy,d,9,net,c023,-0.5392971038818359,-0.39206409454345703,0.06519916653633118,0.19650891423225403
6.0,deploy,d,9,net,c046,-0.8498334884643555,-0.1263294219970703,0.06519916653633118,0.19650891423225403
6.0,deploy,d,9,net,c022,-0.4335441589355469,-0.4888010025024414,0.06519916653633118,0.19650891423225403
6.0,deploy,d,9,net,c050,-0.5725650787353516,-0.5416259765625,0.06519916653633118,0.19650891423225403
6.0,deploy,d,9,net,c006,-0.18106746673583984,-0.2538948059082031,0.06519916653633118,0.19650891423225403
6.0,deploy,d,9,net,c017,-0.15770721435546875,-0.2600440979003906,0.06519916653633118,0.19650891423225403
6.0,deploy,d,9,net,c039,-0.8363151550292969,-0.48410511016845703,0.06519916653633118,0.19650891423225403
6.0,deploy,d,9,net,c036,-0.6220569610595703,-0.36989498138427734,0.06519916653633118,0.19650891423225403
6.0,deploy,d,9,net,c009,-1.047694206237793,-0.9671592712402344,0.06519916653633118,0.19650891423225403
6.0,deploy,d,9,net,c000,-0.5435094833374023,-0.20784759521484375,0.06519916653633118,0.19650891423225403
6.0,deploy,d,9,net,c013,-0.04988384246826172,-0.42122364044189453,0.06519916653633118,0.19650891423225403
6.0,deploy,d,9,net,c049,-1.4745454788208008,-0.6915121078491211,0.06519916653633118,0.19650891423225403
6.0,deploy,d,9,net,c058,-0.8741474151611328,-0.4737730026245117,0.06519916653633118,0.19650891423225403
6.0,deploy,d,9,net,c024,-0.7597169876098633,-0.6776590347290039,0.06519916653633118,0.19650891423225403
6.0,deploy,d,9,net,c042,-0.695612907409668,-0.18628311157226562,0.06519916653633118,0.19650891423225403
6.0,deploy,d,9,net,c047,-0.5635061264038086,-0.6342267990112305,0.06519916653633118,0.19650891423225403
6.0,deploy,d,9,net,c043,-1.4126510620117188,-0.195953369140625,0.06519916653633118,0.19650891423225403
6.0,deploy,d,9,net,c003,-0.39484596252441406,-0.21108627319335938,0.06519916653633118,0.19650891423225403
6.0,deploy,d,9,net,c041,-0.42529296875,-0.22885608673095703,0.06519916653633118,0.19650891423225403
6.0,deploy,d,9,net,c008,-1.4798221588134766,-0.7820854187011719,0.06519916653633118,0.19650891423225403
6.0,deploy,d,9,net,c045,-1.151815414428711,-0.37900829315185547,0.06519916653633118,0.19650891423225403
6.0,deploy,d,9,net,c011,-0.25375938415527344,-0.46260833740234375,0.06519916653633118,0.19650891423225403
6.0,deploy,d,9,net,c020,-0.7689723968505859,-0.5450592041015625,0.06519916653633118,0.19650891423225403
6.0,deploy,d,9,net,c044,-0.6974143981933594,-0.5096035003662109,0.06519916653633118,0.19650891423225403
6.0,deploy,d,9,net,c016,-0.2604818344116211,-0.4591941833496094,0.06519916653633118,0.19650891423225403
6.0,deploy,d,9,net,c056,-0.690704345703125,-0.6563653945922852,0.06519916653633118,0.19650891423225403
6.0,deploy,d,9,net,c025,-0.41776084899902344,-0.41017818450927734,0.06519916653633118,0.19650891423225403
6.0,deploy,d,9,net,c029,-1.3625669479370117,-0.9476699829101562,0.06519916653633118,0.19650891423225403
6.0,deploy,d,9,net,c014,-0.5394506454467773,-0.24952030181884766,0.06519916653633118,0.19650891423225403
6.0,deploy,d,9,net,c002,-0.690983772277832,-0.22796154022216797,0.06519916653633118,0.19650891423225403
6.0,deploy,d,9,net,c023,-0.40801429748535156,-0.22673702239990234,0.06519916653633118,0.19650891423225403
6.0,deploy,d,9,net,c046,-0.5123825073242188,-0.1546154022216797,0.06519916653633118,0.19650891423225403
6.0,deploy,d,9,net,c022,-0.8256406784057617,-0.34904956817626953,0.06519916653633118,0.19650891423225403
6.0,deploy,d,9,net,c050,-0.7486104965209961,-0.26891136169433594,0.06519916653633118,0.19650891423225403
6.0,eval,random,9,net,c006,0.6817763646443685,-0.3314539591471354,0.13515659545858702,0.44610388576984406
6.0,eval,random,9,net,c017,0.4183432261149089,-0.20740826924641925,0.13515659545858702,0.44610388576984406
6.0,eval,random,9,net,c039,0.4996655782063802,-0.20195833841959637,0.13515659545858702,0.44610388576984406
6.0,eval,random,9,net,c036,0.34392261505126953,0.08120155334472656,0.13515659545858702,0.44610388576984406
6.0,eval,random,9,net,c009,-0.08473587036132812,-0.02668285369873047,0.13515659545858702,0.44610388576984406
6.0,eval,random,9,net,c000,0.4141105016072591,-0.17478243509928387,0.13515659545858702,0.44610388576984406
6.0,eval,random,9,net,c013,1.4308373133341472,-0.23260434468587232,0.13515659545858702,0.44610388576984406
6.0,eval,random,9,net,c049,0.6545286178588867,0.04302215576171875,0.13515659545858702,0.44610388576984406
6.0,eval,random,9,net,c058,0.31338946024576825,-0.27405675252278644,0.13515659545858702,0.44610388576984406
6.0,eval,random,9,net,c024,0.12465445200602214,-0.025951703389485672,0.13515659545858702,0.44610388576984406
6.0,eval,random,9,net,c042,0.5860850016276041,-0.33477719624837243,0.13515659545858702,0.44610388576984406
6.0,eval,random,9,net,c047,0.2636680603027344,-0.16178607940673828,0.13515659545858702,0.44610388576984406
6.0,eval,random,9,net,c043,-0.5629037221272787,0.17184321085611975,0.13515659545858702,0.44610388576984406
6.0,eval,random,9,net,c003,0.4689184824625651,-0.23469384511311847,0.13515659545858702,0.44610388576984406
6.0,eval,random,9,net,c041,0.544737180074056,-0.2037865320841471,0.13515659545858702,0.44610388576984406
6.0,eval,random,9,net,c008,-0.18688837687174478,-0.11782423655192056,0.13515659545858702,0.44610388576984406
6.0,eval,random,9,net,c045,1.3702637354532878,-0.48486836751302076,0.13515659545858702,0.44610388576984406
6.0,eval,random,9,net,c011,0.6042442321777344,-0.3059425354003906,0.13515659545858702,0.44610388576984406
6.0,eval,random,9,net,c020,1.3746414184570312,-0.44958972930908203,0.13515659545858702,0.44610388576984406
6.0,eval,random,9,net,c044,1.4639746348063152,-0.5293105443318684,0.13515659545858702,0.44610388576984406
6.0,eval,random,9,net,c016,0.413607915242513,-0.22451178232828778,0.13515659545858702,0.44610388576984406
6.0,eval,random,9,net,c056,0.5874338150024414,-0.21265220642089844,0.13515659545858702,0.44610388576984406
6.0,eval,random,9,net,c025,0.19012991587320963,0.03142038981119791,0.13515659545858702,0.44610388576984406
6.0,eval,random,9,net,c029,0.2782910664876302,-0.061876932779947935,0.13515659545858702,0.44610388576984406
6.0,eval,random,9,net,c014,0.1970043182373047,-0.2008647918701172,0.13515659545858702,0.44610388576984406
6.0,eval,random,9,net,c002,0.23689874013264975,-0.27759997049967444,0.13515659545858702,0.44610388576984406
6.0,eval,random,9,net,c023,0.34256140391031903,-0.22850640614827472,0.13515659545858702,0.44610388576984406
6.0,eval,random,9,net,c046,0.5623954137166342,-0.06408754984537757,0.13515659545858702,0.44610388576984406
6.0,eval,random,9,net,c022,0.125825564066569,-0.08870919545491537,0.13515659545858702,0.44610388576984406
6.0,eval,random,9,net,c050,0.6260449091593424,-0.4888413747151693,0.13515659545858702,0.44610388576984406
6.0,eval,random,9,net,c006,0.6446441014607748,-0.5384270350138346,0.13515659545858702,0.44610388576984406
6.0,eval,random,9,net,c017,0.5265016555786133,-0.3537330627441406,0.13515659545858702,0.44610388576984406
6.0,eval,random,9,net,c039,0.3035138448079427,0.032068570454915346,0.13515659545858702,0.44610388576984406
6.0,eval,random,9,net,c036,0.46162255605061847,-0.17421404520670575,0.13515659545858702,0.44610388576984406
6.0,eval,random,9,net,c009,0.5071258544921875,-0.46630859375,0.13515659545858702,0.44610388576984406
6.0,eval,random,9,net,c000,0.39943599700927734,-0.21860599517822266,0.13515659545858702,0.44610388576984406
6.0,eval,random,9,net,c013,0.5010735193888346,-0.23430283864339196,0.13515659545858702,0.44610388576984406
6.0,eval,random,9,net,c049,0.007269223531087239,0.05773766835530599,0.13515659545858702,0.44610388576984406
6.0,eval,random,9,net,c058,0.525401751200358,-0.13056596120198571,0.13515659545858702,0.44610388576984406
6.0,eval,random,9,net,c024,0.05191326141357422,-0.20015621185302734,0.13515659545858702,0.44610388576984406
6.0,eval,random,9,net,c042,0.10553741455078125,-0.07827949523925781,0.13515659545858702,0.44610388576984406
6.0,eval,random,9,net,c047,0.48853015899658203,-0.2147073745727539,0.13515659545858702,0.44610388576984406
6.0,eval,random,9,net,c043,-0.14423433939615884,-0.1997095743815104,0.13515659545858702,0.44610388576984406
6.0,eval,random,9,net,c003,0.22416241963704428,-0.2709833780924479,0.13515659545858702,0.44610388576984406
6.0,eval,random,9,net,c041,0.23136011759440103,0.0038324991861979074,0.13515659545858702,0.44610388576984406
6.0,eval,random,9,net,c008,0.2913821538289388,-0.04636255900065106,0.13515659545858702,0.44610388576984406
6.0,eval,random,9,net,c045,0.26901086171468097,-0.2706305185953776,0.13515659545858702,0.44610388576984406
6.0,eval,random,9,net,c011,0.2085545857747396,-0.05361811319986978,0.13515659545858702,0.44610388576984406
6.0,eval,random,9,net,c020,0.41092586517333984,-0.3540925979614258,0.13515659545858702,0.44610388576984406
6.0,eval,random,9,net,c044,0.1844752629597982,-0.03388373057047525,0.13515659545858702,0.44610388576984406
6.0,eval,random,9,net,c016,0.3462196985880534,-0.22294457753499347,0.13515659545858702,0.44610388576984406
6.0,eval,random,9,net,c056,-0.01628907521565755,0.03662649790445964,0.13515659545858702,0.44610388576984406
6.0,eval,random,9,net,c025,0.09879080454508464,-0.1287120183308919,0.13515659545858702,0.44610388576984406
6.0,eval,random,9,net,c029,-0.08085282643636067,-0.24773248036702472,0.13515659545858702,0.44610388576984406
6.0,eval,random,9,net,c014,0.2142197291056315,-0.13231309254964194,0.13515659545858702,0.44610388576984406
6.0,eval,random,9,net,c002,0.3531637191772461,-0.13963031768798828,0.13515659545858702,0.44610388576984406
6.0,eval,random,9,net,c023,0.440646489461263,-0.37921301523844403,0.13515659545858702,0.44610388576984406
6.0,eval,random,9,net,c046,0.15628369649251303,0.029645284016927093,0.13515659545858702,0.44610388576984406
6.0,eval,random,9,net,c022,0.2326542536417643,-0.09523232777913412,0.13515659545858702,0.44610388576984406
6.0,eval,random,9,net,c050,0.5056613286336263,-0.44020048777262366,0.13515659545858702,0.44610388576984406
8.0,eval,d,9,net,c006,0.1987018585205078,-0.8145284652709961,0.26704657077789307,0.31915903091430664
8.0,eval,d,9,net,c017,-0.40206336975097656,-1.0278148651123047,0.26704657077789307,0.31915903091430664
8.0,eval,d,9,net,c039,0.14416217803955078,-0.5574617385864258,0.26704657077789307,0.31915903091430664
8.0,eval,d,9,net,c036,-0.4496927261352539,-0.7124137878417969,0.26704657077789307,0.31915903091430664
8.0,eval,d,9,net,c009,-1.2609224319458008,-1.2028694152832031,0.26704657077789307,0.31915903091430664
8.0,eval,d,9,net,c000,-0.35065746307373047,-0.9395503997802734,0.26704657077789307,0.31915903091430664
8.0,eval,d,9,net,c013,1.0238838195800781,-0.6395578384399414,0.26704657077789307,0.31915903091430664
8.0,eval,d,9,net,c049,0.10589027404785156,-0.5056161880493164,0.26704657077789307,0.31915903091430664
8.0,eval,d,9,net,c058,-0.6338081359863281,-1.2212543487548828,0.26704657077789307,0.31915903091430664
8.0,eval,d,9,net,c024,-0.5743560791015625,-0.7249622344970703,0.26704657077789307,0.31915903091430664
8.0,eval,d,9,net,c042,-0.09551143646240234,-1.016373634338379,0.26704657077789307,0.31915903091430664
8.0,eval,d,9,net,c047,-0.5042734146118164,-0.9297275543212891,0.26704657077789307,0.31915903091430664
8.0,eval,d,9,net,c043,-1.7689456939697266,-1.0341987609863281,0.26704657077789307,0.31915903091430664
8.0,eval,d,9,net,c003,-0.1534414291381836,-0.8570537567138672,0.26704657077789307,0.31915903091430664
8.0,eval,d,9,net,c041,-0.3279991149902344,-1.0765228271484375,0.26704657077789307,0.31915903091430664
8.0,eval,d,9,net,c008,-1.6016616821289062,-1.532597541809082,0.26704657077789307,0.31915903091430664
8.0,eval,d,9,net,c045,0.6105060577392578,-1.2446260452270508,0.26704657077789307,0.31915903091430664
8.0,eval,d,9,net,c011,0.10522270202636719,-0.8049640655517578,0.26704657077789307,0.31915903091430664
8.0,eval,d,9,net,c020,0.6360673904418945,-1.1881637573242188,0.26704657077789307,0.31915903091430664
8.0,eval,d,9,net,c044,0.6686086654663086,-1.324676513671875,0.26704657077789307,0.31915903091430664
8.0,eval,d,9,net,c016,-0.30394649505615234,-0.9420661926269531,0.26704657077789307,0.31915903091430664
8.0,eval,d,9,net,c056,-0.2562427520751953,-1.0563287734985352,0.26704657077789307,0.31915903091430664
8.0,eval,d,9,net,c025,-0.5391092300415039,-0.6978187561035156,0.26704657077789307,0.31915903091430664
8.0,eval,d,9,net,c029,-0.5749301910400391,-0.9150981903076172,0.26704657077789307,0.31915903091430664
8.0,eval,d,9,net,c014,-0.2555694580078125,-0.6534385681152344,0.26704657077789307,0.31915903091430664
8.0,eval,d,9,net,c002,-0.4393939971923828,-0.953892707824707,0.26704657077789307,0.31915903091430664
8.0,eval,d,9,net,c023,-0.2945985794067383,-0.865666389465332,0.26704657077789307,0.31915903091430664
8.0,eval,d,9,net,c046,-0.7826671600341797,-1.4091501235961914,0.26704657077789307,0.31915903091430664
8.0,eval,d,9,net,c022,-0.7974300384521484,-1.0119647979736328,0.26704657077789307,0.31915903091430664
8.0,eval,d,9,net,c050,0.09592819213867188,-1.0189580917358398,0.26704657077789307,0.31915903091430664
8.0,eval,d,9,net,c006,0.46947669982910156,-0.7135944366455078,0.26704657077789307,0.31915903091430664
8.0,eval,d,9,net,c017,-0.326751708984375,-1.206986427307129,0.26704657077789307,0.31915903091430664
8.0,eval,d,9,net,c039,-0.6159849166870117,-0.8874301910400391,0.26704657077789307,0.31915903091430664
8.0,eval,d,9,net,c036,-0.02848052978515625,-0.6643171310424805,0.26704657077789307,0.31915903091430664
8.0,eval,d,9,net,c009,0.24666595458984375,-0.7267684936523438,0.26704657077789307,0.31915903091430664
8.0,eval,d,9,net,c000,-0.3017110824584961,-0.9197530746459961,0.26704657077789307,0.31915903091430664
8.0,eval,d,9,net,c013,-0.08545780181884766,-0.8208341598510742,0.26704657077789307,0.31915903091430664
8.0,eval,d,9,net,c049,-1.239546775817871,-1.1890783309936523,0.26704657077789307,0.31915903091430664
8.0,eval,d,9,net,c058,-0.12875938415527344,-0.7847270965576172,0.26704657077789307,0.31915903091430664
8.0,eval,d,9,net,c024,-0.7213973999023438,-0.9734668731689453,0.26704657077789307,0.31915903091430664
8.0,eval,d,9,net,c042,-0.5353450775146484,-0.7191619873046875,0.26704657077789307,0.31915903091430664
8.0,eval,d,9,net,c047,-0.0675048828125,-0.7707424163818359,0.26704657077789307,0.31915903091430664
8.0,eval,d,9,net,c043,-0.7157344818115234,-0.771209716796875,0.26704657077789307,0.31915903091430664
8.0,eval,d,9,net,c003,-0.4176969528198242,-0.9128427505493164,0.26704657077789307,0.31915903091430664
8.0,eval,d,9,net,c041,-0.5313644409179688,-0.7588920593261719,0.26704657077789307,0.31915903091430664
8.0,eval,d,9,net,c008,-0.8180685043334961,-1.155813217163086,0.26704657077789307,0.31915903091430664
8.0,eval,d,9,net,c045,-0.5005922317504883,-1.0402336120605469,0.26704657077789307,0.31915903091430664
8.0,eval,d,9,net,c011,-0.18660831451416016,-0.44878101348876953,0.26704657077789307,0.31915903091430664
8.0,eval,d,9,net,c020,-0.37885093688964844,-1.143869400024414,0.26704657077789307,0.31915903091430664
8.0,eval,d,9,net,c044,-0.7484664916992188,-0.9668254852294922,0.26704657077789307,0.31915903091430664
8.0,eval,d,9,net,c016,-0.42169761657714844,-0.9908618927001953,0.26704657077789307,0.31915903091430664
8.0,eval,d,9,net,c056,-0.8557062149047852,-0.802790641784668,0.26704657077789307,0.31915903091430664
8.0,eval,d,9,net,c025,-0.6567726135253906,-0.8842754364013672,0.26704657077789307,0.31915903091430664
8.0,eval,d,9,net,c029,-0.8767023086547852,-1.0435819625854492,0.26704657077789307,0.31915903091430664
8.0,eval,d,9,net,c014,-0.23389053344726562,-0.5804233551025391,0.26704657077789307,0.31915903091430664
8.0,eval,d,9,net,c002,-0.25982666015625,-0.7526206970214844,0.26704657077789307,0.31915903091430664
8.0,eval,d,9,net,c023,-0.2564201354980469,-1.076279640197754,0.26704657077789307,0.31915903091430664
8.0,eval,d,9,net,c046,-0.19933795928955078,-0.3259763717651367,0.26704657077789307,0.31915903091430664
8.0,eval,d,9,net,c022,-0.5854396820068359,-0.9133262634277344,0.26704657077789307,0.31915903091430664
8.0,eval,d,9,net,c050,0.3350200653076172,-0.6108417510986328,0.26704657077789307,0.31915903091430664
8.0,deploy,d,9,net,c006,-0.48213768005371094,-0.8283443450927734,0.0958382859826088,0.17975012958049774
8.0,deploy,d,9,net,c017,-0.619476318359375,-0.42800426483154297,0.0958382859826088,0.17975012958049774
8.0,deploy,d,9,net,c039,-1.1397418975830078,-0.9101123809814453,0.0958382859826088,0.17975012958049774
8.0,deploy,d,9,net,c036,-0.7492856979370117,-0.7629127502441406,0.0958382859826088,0.17975012958049774
8.0,deploy,d,9,net,c009,-1.059244155883789,-0.6840543746948242,0.0958382859826088,0.17975012958049774
8.0,deploy,d,9,net,c000,-0.6937704086303711,-0.43205738067626953,0.0958382859826088,0.17975012958049774
8.0,deploy,d,9,net,c013,-0.3202028274536133,-0.6357336044311523,0.0958382859826088,0.17975012958049774
8.0,deploy,d,9,net,c049,-1.236039161682129,-0.8719081878662109,0.0958382859826088,0.17975012958049774
8.0,deploy,d,9,net,c058,-1.1272411346435547,-0.8023214340209961,0.0958382859826088,0.17975012958049774
8.0,deploy,d,9,net,c024,-1.1214189529418945,-0.7414331436157227,0.0958382859826088,0.17975012958049774
8.0,deploy,d,9,net,c042,-0.7881059646606445,-0.49032115936279297,0.0958382859826088,0.17975012958049774
8.0,deploy,d,9,net,c047,-0.5926637649536133,-0.7788171768188477,0.0958382859826088,0.17975012958049774
8.0,deploy,d,9,net,c043,-1.2414941787719727,-0.5370140075683594,0.0958382859826088,0.17975012958049774
8.0,deploy,d,9,net,c003,-0.5929040908813477,-0.4686594009399414,0.0958382859826088,0.17975012958049774
8.0,deploy,d,9,net,c041,-1.0036506652832031,-0.19728755950927734,0.0958382859826088,0.17975012958049774
8.0,deploy,d,9,net,c008,-1.821732521057129,-1.5216445922851562,0.0958382859826088,0.17975012958049774
8.0,deploy,d,9,net,c045,-0.9022531509399414,-0.5062942504882812,0.0958382859826088,0.17975012958049774
8.0,deploy,d,9,net,c011,-0.48426055908203125,-0.6003856658935547,0.0958382859826088,0.17975012958049774
8.0,deploy,d,9,net,c020,-0.8559551239013672,-0.4723949432373047,0.0958382859826088,0.17975012958049774
8.0,deploy,d,9,net,c044,-0.9707851409912109,-0.6649293899536133,0.0958382859826088,0.17975012958049774
8.0,deploy,d,9,net,c016,-0.9864997863769531,-0.7773151397705078,0.0958382859826088,0.17975012958049774
8.0,deploy,d,9,net,c056,-0.9682731628417969,-0.8867721557617188,0.0958382859826088,0.17975012958049774
8.0,deploy,d,9,net,c025,-0.9348440170288086,-0.6952047348022461,0.0958382859826088,0.17975012958049774
8.0,deploy,d,9,net,c029,-1.5542879104614258,-0.8249073028564453,0.0958382859826088,0.17975012958049774
8.0,deploy,d,9,net,c014,-0.29332447052001953,-0.6196060180664062,0.0958382859826088,0.17975012958049774
8.0,deploy,d,9,net,c002,-1.017909049987793,-0.7625808715820312,0.0958382859826088,0.17975012958049774
8.0,deploy,d,9,net,c023,-0.8838176727294922,-0.7365846633911133,0.0958382859826088,0.17975012958049774
8.0,deploy,d,9,net,c046,-1.0627384185791016,-0.3392343521118164,0.0958382859826088,0.17975012958049774
8.0,deploy,d,9,net,c022,-0.7448711395263672,-0.8001279830932617,0.0958382859826088,0.17975012958049774
8.0,deploy,d,9,net,c050,-0.7694311141967773,-0.7384920120239258,0.0958382859826088,0.17975012958049774
8.0,deploy,d,9,net,c006,-0.33133792877197266,-0.40416526794433594,0.0958382859826088,0.17975012958049774
8.0,deploy,d,9,net,c017,-0.4015645980834961,-0.503901481628418,0.0958382859826088,0.17975012958049774
8.0,deploy,d,9,net,c039,-0.9968595504760742,-0.6446495056152344,0.0958382859826088,0.17975012958049774
8.0,deploy,d,9,net,c036,-0.8649539947509766,-0.6127920150756836,0.0958382859826088,0.17975012958049774
8.0,deploy,d,9,net,c009,-1.323796272277832,-1.2432613372802734,0.0958382859826088,0.17975012958049774
8.0,deploy,d,9,net,c000,-0.7798843383789062,-0.44422245025634766,0.0958382859826088,0.17975012958049774
8.0,deploy,d,9,net,c013,-0.23606395721435547,-0.6074037551879883,0.0958382859826088,0.17975012958049774
8.0,deploy,d,9,net,c049,-1.7231216430664062,-0.9400882720947266,0.0958382859826088,0.17975012958049774
8.0,deploy,d,9,net,c058,-1.1260766983032227,-0.7257022857666016,0.0958382859826088,0.17975012958049774
8.0,deploy,d,9,net,c024,-1.0168914794921875,-0.9348335266113281,0.0958382859826088,0.17975012958049774
8.0,deploy,d,9,net,c042,-1.0257940292358398,-0.5164642333984375,0.0958382859826088,0.17975012958049774
8.0,deploy,d,9,net,c047,-0.8353490829467773,-0.9060697555541992,0.0958382859826088,0.17975012958049774
8.0,deploy,d,9,net,c043,-1.620966911315918,-0.4042692184448242,0.0958382859826088,0.17975012958049774
8.0,deploy,d,9,net,c003,-0.53778076171875,-0.3540210723876953,0.0958382859826088,0.17975012958049774
8.0,deploy,d,9,net,c041,-0.7170534133911133,-0.5206165313720703,0.0958382859826088,0.17975012958049774
8.0,deploy,d,9,net,c008,-1.830775260925293,-1.1330385208129883,0.0958382859826088,0.17975012958049774
8.0,deploy,d,9,net,c045,-1.3161230087280273,-0.5433158874511719,0.0958382859826088,0.17975012958049774
8.0,deploy,d,9,net,c011,-0.4910707473754883,-0.6999197006225586,0.0958382859826088,0.17975012958049774
8.0,deploy,d,9,net,c020,-0.9916553497314453,-0.7677421569824219,0.0958382859826088,0.17975012958049774
8.0,deploy,d,9,net,c044,-1.1202850341796875,-0.9324741363525391,0.0958382859826088,0.17975012958049774
8.0,deploy,d,9,net,c016,-0.5113105773925781,-0.7100229263305664,0.0958382859826088,0.17975012958049774
8.0,deploy,d,9,net,c056,-0.9079456329345703,-0.8736066818237305,0.0958382859826088,0.17975012958049774
8.0,deploy,d,9,net,c025,-0.7388315200805664,-0.7312488555908203,0.0958382859826088,0.17975012958049774
8.0,deploy,d,9,net,c029,-1.7018404006958008,-1.2869434356689453,0.0958382859826088,0.17975012958049774
8.0,deploy,d,9,net,c014,-0.783055305480957,-0.49312496185302734,0.0958382859826088,0.17975012958049774
8.0,deploy,d,9,net,c002,-0.9388742446899414,-0.47585201263427734,0.0958382859826088,0.17975012958049774
8.0,deploy,d,9,net,c023,-0.7278833389282227,-0.5466060638427734,0.0958382859826088,0.17975012958049774
8.0,deploy,d,9,net,c046,-0.7265300750732422,-0.3687629699707031,0.0958382859826088,0.17975012958049774
8.0,deploy,d,9,net,c022,-1.053297996520996,-0.5767068862915039,0.0958382859826088,0.17975012958049774
8.0,deploy,d,9,net,c050,-0.9009246826171875,-0.42122554779052734,0.0958382859826088,0.17975012958049774
8.0,eval,random,9,net,c006,0.5875539779663086,-0.4256763458251953,0.17475774884223938,0.4132644087076187
8.0,eval,random,9,net,c017,0.3224528630574544,-0.3032986323038737,0.17475774884223938,0.4132644087076187
8.0,eval,random,9,net,c039,0.4205983479817708,-0.28102556864420575,0.17475774884223938,0.4132644087076187
8.0,eval,random,9,net,c036,0.3624273935953776,0.09970633188883465,0.17475774884223938,0.4132644087076187
8.0,eval,random,9,net,c009,-0.10106976826985677,-0.04301675160725911,0.17475774884223938,0.4132644087076187
8.0,eval,random,9,net,c000,0.39065996805826825,-0.19823296864827472,0.17475774884223938,0.4132644087076187
8.0,eval,random,9,net,c013,1.2422418594360352,-0.4211997985839844,0.17475774884223938,0.4132644087076187
8.0,eval,random,9,net,c049,0.6360556284586588,0.02454916636149085,0.17475774884223938,0.4132644087076187
8.0,eval,random,9,net,c058,0.27886517842610675,-0.30858103434244794,0.17475774884223938,0.4132644087076187
8.0,eval,random,9,net,c024,0.12214374542236328,-0.02846240997314453,0.17475774884223938,0.4132644087076187
8.0,eval,random,9,net,c042,0.5205227533976237,-0.4003394444783529,0.17475774884223938,0.4132644087076187
8.0,eval,random,9,net,c047,0.2438818613688151,-0.18157227834065756,0.17475774884223938,0.4132644087076187
8.0,eval,random,9,net,c043,-0.40930016835530597,0.32544676462809247,0.17475774884223938,0.4132644087076187
8.0,eval,random,9,net,c003,0.42436663309733075,-0.27924569447835285,0.17475774884223938,0.4132644087076187
8.0,eval,random,9,net,c041,0.5050204594930013,-0.24350325266520179,0.17475774884223938,0.4132644087076187
8.0,eval,random,9,net,c008,-0.15521717071533203,-0.08615303039550781,0.17475774884223938,0.4132644087076187
8.0,eval,random,9,net,c045,1.1332937876383464,-0.7218383153279622,0.17475774884223938,0.4132644087076187
8.0,eval,random,9,net,c011,0.522064208984375,-0.38812255859375,0.17475774884223938,0.4132644087076187
8.0,eval,random,9,net,c020,1.130332310994466,-0.6938988367716472,0.17475774884223938,0.4132644087076187
8.0,eval,random,9,net,c044,1.2599573135375977,-0.7333278656005859,0.17475774884223938,0.4132644087076187
8.0,eval,random,9,net,c016,0.34480857849121094,-0.29331111907958984,0.17475774884223938,0.4132644087076187
8.0,eval,random,9,net,c056,0.5168879826863607,-0.28319803873697913,0.17475774884223938,0.4132644087076187
8.0,eval,random,9,net,c025,0.1946109135945638,0.03590138753255209,0.17475774884223938,0.4132644087076187
8.0,eval,random,9,net,c029,0.28136030832926434,-0.058807690938313784,0.17475774884223938,0.4132644087076187
8.0,eval,random,9,net,c014,0.1432317097981771,-0.25463740030924475,0.17475774884223938,0.4132644087076187
8.0,eval,random,9,net,c002,0.15431880950927734,-0.3601799011230469,0.17475774884223938,0.4132644087076187
8.0,eval,random,9,net,c023,0.27801513671875,-0.29305267333984375,0.17475774884223938,0.4132644087076187
8.0,eval,random,9,net,c046,0.5849043528238932,-0.04157861073811853,0.17475774884223938,0.4132644087076187
8.0,eval,random,9,net,c022,0.0851147969563802,-0.12941996256510419,0.17475774884223938,0.4132644087076187
8.0,eval,random,9,net,c050,0.5562308629353842,-0.5586554209391276,0.17475774884223938,0.4132644087076187
8.0,eval,random,9,net,c006,0.48416678110758465,-0.6989043553670247,0.17475774884223938,0.4132644087076187
8.0,eval,random,9,net,c017,0.4441102345784505,-0.4361244837443034,0.17475774884223938,0.4132644087076187
8.0,eval,random,9,net,c039,0.36440404256184894,0.0929587682088216,0.17475774884223938,0.4132644087076187
8.0,eval,random,9,net,c036,0.43155479431152344,-0.20428180694580078,0.17475774884223938,0.4132644087076187
8.0,eval,random,9,net,c009,0.3501605987548828,-0.6232738494873047,0.17475774884223938,0.4132644087076187
8.0,eval,random,9,net,c000,0.3137146631876628,-0.3043273289998372,0.17475774884223938,0.4132644087076187
8.0,eval,random,9,net,c013,0.4147713979085286,-0.32060496012369794,0.17475774884223938,0.4132644087076187
8.0,eval,random,9,net,c049,0.06235980987548828,0.11282825469970703,0.17475774884223938,0.4132644087076187
8.0,eval,random,9,net,c058,0.5196040471394857,-0.13636366526285804,0.17475774884223938,0.4132644087076187
8.0,eval,random,9,net,c024,0.017612775166829426,-0.23445669809977213,0.17475774884223938,0.4132644087076187
8.0,eval,random,9,net,c042,0.149658203125,-0.03415870666503906,0.17475774884223938,0.4132644087076187
8.0,eval,random,9,net,c047,0.41493892669677734,-0.2882986068725586,0.17475774884223938,0.4132644087076187
8.0,eval,random,9,net,c043,-0.1634403864542643,-0.21891562143961588,0.17475774884223938,0.4132644087076187
8.0,eval,random,9,net,c003,0.12395763397216797,-0.3711881637573242,0.17475774884223938,0.4132644087076187
8.0,eval,random,9,net,c041,0.33132203420003253,0.10379441579182941,0.17475774884223938,0.4132644087076187
8.0,eval,random,9,net,c008,0.33332093556722003,-0.00442377726236981,0.17475774884223938,0.4132644087076187
8.0,eval,random,9,net,c045,0.1965328852335612,-0.34310849507649743,0.17475774884223938,0.4132644087076187
8.0,eval,random,9,net,c011,0.2016903559366862,-0.060482343037923186,0.17475774884223938,0.4132644087076187
8.0,eval,random,9,net,c020,0.29410425821940106,-0.47091420491536456,0.17475774884223938,0.4132644087076187
8.0,eval,random,9,net,c044,0.15602811177571616,-0.06233088175455728,0.17475774884223938,0.4132644087076187
8.0,eval,random,9,net,c016,0.3169676462809245,-0.2521966298421224,0.17475774884223938,0.4132644087076187
8.0,eval,random,9,net,c056,-0.003868738810221354,0.049046834309895836,0.17475774884223938,0.4132644087076187
8.0,eval,random,9,net,c025,0.0422674814860026,-0.18523534138997397,0.17475774884223938,0.4132644087076187
8.0,eval,random,9,net,c029,-0.11626370747884114,-0.2831433614095052,0.17475774884223938,0.4132644087076187
8.0,eval,random,9,net,c014,0.22689596811930338,-0.11963685353597006,0.17475774884223938,0.4132644087076187
8.0,eval,random,9,net,c002,0.2989063262939453,-0.19388771057128906,0.17475774884223938,0.4132644087076187
8.0,eval,random,9,net,c023,0.3399798075358073,-0.4798796971638997,0.17475774884223938,0.4132644087076187
8.0,eval,random,9,net,c046,0.28953297932942706,0.16289456685384113,0.17475774884223938,0.4132644087076187
8.0,eval,random,9,net,c022,0.30013052622477215,-0.027756055196126284,0.17475774884223938,0.4132644087076187
8.0,eval,random,9,net,c050,0.40462366739908856,-0.5412381490071614,0.17475774884223938,0.4132644087076187
-8.0,eval,d,10,steer,c006,-0.3186025619506836,-1.3318328857421875,0.04448035731911659,0.5367744565010071
-8.0,eval,d,10,steer,c017,-0.4362974166870117,-1.0620489120483398,0.04448035731911659,0.5367744565010071
-8.0,eval,d,10,steer,c039,-0.26166534423828125,-0.9632892608642578,0.04448035731911659,0.5367744565010071
-8.0,eval,d,10,steer,c036,-0.32830238342285156,-0.5910234451293945,0.04448035731911659,0.5367744565010071
-8.0,eval,d,10,steer,c009,-0.6436834335327148,-0.5856304168701172,0.04448035731911659,0.5367744565010071
-8.0,eval,d,10,steer,c000,-0.2391185760498047,-0.8280115127563477,0.04448035731911659,0.5367744565010071
-8.0,eval,d,10,steer,c013,0.2872486114501953,-1.3761930465698242,0.04448035731911659,0.5367744565010071
-8.0,eval,d,10,steer,c049,-0.5952377319335938,-1.2067441940307617,0.04448035731911659,0.5367744565010071
-8.0,eval,d,10,steer,c058,-0.1754589080810547,-0.7629051208496094,0.04448035731911659,0.5367744565010071
-8.0,eval,d,10,steer,c024,-0.3615550994873047,-0.5121612548828125,0.04448035731911659,0.5367744565010071
-8.0,eval,d,10,steer,c042,-0.6347599029541016,-1.5556221008300781,0.04448035731911659,0.5367744565010071
-8.0,eval,d,10,steer,c047,-0.3058195114135742,-0.7312736511230469,0.04448035731911659,0.5367744565010071
-8.0,eval,d,10,steer,c043,-1.039999008178711,-0.3052520751953125,0.04448035731911659,0.5367744565010071
-8.0,eval,d,10,steer,c003,-0.3310432434082031,-1.0346555709838867,0.04448035731911659,0.5367744565010071
-8.0,eval,d,10,steer,c041,-0.3246650695800781,-1.0731887817382812,0.04448035731911659,0.5367744565010071
-8.0,eval,d,10,steer,c008,-0.5302314758300781,-0.4611673355102539,0.04448035731911659,0.5367744565010071
-8.0,eval,d,10,steer,c045,-0.003124237060546875,-1.8582563400268555,0.04448035731911659,0.5367744565010071
-8.0,eval,d,10,steer,c011,-0.43825435638427734,-1.3484411239624023,0.04448035731911659,0.5367744565010071
-8.0,eval,d,10,steer,c020,0.11323738098144531,-1.710993766784668,0.04448035731911659,0.5367744565010071
-8.0,eval,d,10,steer,c044,0.04644584655761719,-1.9468393325805664,0.04448035731911659,0.5367744565010071
-8.0,eval,d,10,steer,c016,-0.3226184844970703,-0.9607381820678711,0.04448035731911659,0.5367744565010071
-8.0,eval,d,10,steer,c056,-0.0041046142578125,-0.8041906356811523,0.04448035731911659,0.5367744565010071
-8.0,eval,d,10,steer,c025,-0.2597370147705078,-0.41844654083251953,0.04448035731911659,0.5367744565010071
-8.0,eval,d,10,steer,c029,-0.3059406280517578,-0.6461086273193359,0.04448035731911659,0.5367744565010071
-8.0,eval,d,10,steer,c014,-0.36745357513427734,-0.7653226852416992,0.04448035731911659,0.5367744565010071
-8.0,eval,d,10,steer,c002,-0.25905513763427734,-0.7735538482666016,0.04448035731911659,0.5367744565010071
-8.0,eval,d,10,steer,c023,-0.23444652557373047,-0.8055143356323242,0.04448035731911659,0.5367744565010071
-8.0,eval,d,10,steer,c046,-0.3712577819824219,-0.9977407455444336,0.04448035731911659,0.5367744565010071
-8.0,eval,d,10,steer,c022,-0.5759353637695312,-0.7904701232910156,0.04448035731911659,0.5367744565010071
-8.0,eval,d,10,steer,c050,0.07294464111328125,-1.0419416427612305,0.04448035731911659,0.5367744565010071
-8.0,eval,d,10,steer,c006,-0.17704296112060547,-1.3601140975952148,0.04448035731911659,0.5367744565010071
-8.0,eval,d,10,steer,c017,-0.09675884246826172,-0.9769935607910156,0.04448035731911659,0.5367744565010071
-8.0,eval,d,10,steer,c039,-0.4632282257080078,-0.7346735000610352,0.04448035731911659,0.5367744565010071
-8.0,eval,d,10,steer,c036,-0.5054512023925781,-1.1412878036499023,0.04448035731911659,0.5367744565010071
-8.0,eval,d,10,steer,c009,-0.2540721893310547,-1.2275066375732422,0.04448035731911659,0.5367744565010071
-8.0,eval,d,10,steer,c000,-0.3322620391845703,-0.9503040313720703,0.04448035731911659,0.5367744565010071
-8.0,eval,d,10,steer,c013,-0.4454803466796875,-1.180856704711914,0.04448035731911659,0.5367744565010071
-8.0,eval,d,10,steer,c049,-0.829350471496582,-0.7788820266723633,0.04448035731911659,0.5367744565010071
-8.0,eval,d,10,steer,c058,-0.2947273254394531,-0.9506950378417969,0.04448035731911659,0.5367744565010071
-8.0,eval,d,10,steer,c024,-0.7004127502441406,-0.9524822235107422,0.04448035731911659,0.5367744565010071
-8.0,eval,d,10,steer,c042,-0.5629663467407227,-0.7467832565307617,0.04448035731911659,0.5367744565010071
-8.0,eval,d,10,steer,c047,-0.3574180603027344,-1.0606555938720703,0.04448035731911659,0.5367744565010071
-8.0,eval,d,10,steer,c043,-0.6164646148681641,-0.6719398498535156,0.04448035731911659,0.5367744565010071
-8.0,eval,d,10,steer,c003,-0.7254199981689453,-1.2205657958984375,0.04448035731911659,0.5367744565010071
-8.0,eval,d,10,steer,c041,-0.20975589752197266,-0.4372835159301758,0.04448035731911659,0.5367744565010071
-8.0,eval,d,10,steer,c008,-0.19178199768066406,-0.5295267105102539,0.04448035731911659,0.5367744565010071
-8.0,eval,d,10,steer,c045,-0.4466705322265625,-0.9863119125366211,0.04448035731911659,0.5367744565010071
-8.0,eval,d,10,steer,c011,-0.5353469848632812,-0.7975196838378906,0.04448035731911659,0.5367744565010071
-8.0,eval,d,10,steer,c020,-0.1847515106201172,-0.9497699737548828,0.04448035731911659,0.5367744565010071
-8.0,eval,d,10,steer,c044,-0.6427555084228516,-0.861114501953125,0.04448035731911659,0.5367744565010071
-8.0,eval,d,10,steer,c016,-0.5918979644775391,-1.161062240600586,0.04448035731911659,0.5367744565010071
-8.0,eval,d,10,steer,c056,-0.6049461364746094,-0.5520305633544922,0.04448035731911659,0.5367744565010071
-8.0,eval,d,10,steer,c025,-0.4483795166015625,-0.6758823394775391,0.04448035731911659,0.5367744565010071
-8.0,eval,d,10,steer,c029,-0.3671579360961914,-0.5340375900268555,0.04448035731911659,0.5367744565010071
-8.0,eval,d,10,steer,c014,-0.4031238555908203,-0.7496566772460938,0.04448035731911659,0.5367744565010071
-8.0,eval,d,10,steer,c002,-0.2486896514892578,-0.7414836883544922,0.04448035731911659,0.5367744565010071
-8.0,eval,d,10,steer,c023,-0.3017539978027344,-1.1216135025024414,0.04448035731911659,0.5367744565010071
-8.0,eval,d,10,steer,c046,-0.24483871459960938,-0.3714771270751953,0.04448035731911659,0.5367744565010071
-8.0,eval,d,10,steer,c022,-0.28546714782714844,-0.6133537292480469,0.04448035731911659,0.5367744565010071
-8.0,eval,d,10,steer,c050,0.04647064208984375,-0.8993911743164062,0.04448035731911659,0.5367744565010071
-8.0,deploy,d,10,steer,c006,-0.7418861389160156,-1.0880928039550781,0.032237887382507324,0.39466679096221924
-8.0,deploy,d,10,steer,c017,-0.6644620895385742,-0.4729900360107422,0.032237887382507324,0.39466679096221924
-8.0,deploy,d,10,steer,c039,-0.5734405517578125,-0.34381103515625,0.032237887382507324,0.39466679096221924
-8.0,deploy,d,10,steer,c036,-0.5940799713134766,-0.6077070236206055,0.032237887382507324,0.39466679096221924
-8.0,deploy,d,10,steer,c009,-0.6131668090820312,-0.2379770278930664,0.032237887382507324,0.39466679096221924
-8.0,deploy,d,10,steer,c000,-0.8294506072998047,-0.5677375793457031,0.032237887382507324,0.39466679096221924
-8.0,deploy,d,10,steer,c013,-0.6291103363037109,-0.94464111328125,0.032237887382507324,0.39466679096221924
-8.0,deploy,d,10,steer,c049,-0.5781269073486328,-0.21399593353271484,0.032237887382507324,0.39466679096221924
-8.0,deploy,d,10,steer,c058,-0.6031589508056641,-0.27823925018310547,0.032237887382507324,0.39466679096221924
-8.0,deploy,d,10,steer,c024,-0.9321327209472656,-0.5521469116210938,0.032237887382507324,0.39466679096221924
-8.0,deploy,d,10,steer,c042,-0.9660778045654297,-0.6682929992675781,0.032237887382507324,0.39466679096221924
-8.0,deploy,d,10,steer,c047,-0.6429357528686523,-0.8290891647338867,0.032237887382507324,0.39466679096221924
-8.0,deploy,d,10,steer,c043,-1.142251968383789,-0.4377717971801758,0.032237887382507324,0.39466679096221924
-8.0,deploy,d,10,steer,c003,-0.835052490234375,-0.7108078002929688,0.032237887382507324,0.39466679096221924
-8.0,deploy,d,10,steer,c041,-0.7902126312255859,0.016150474548339844,0.032237887382507324,0.39466679096221924
-8.0,deploy,d,10,steer,c008,-0.5146379470825195,-0.21455001831054688,0.032237887382507324,0.39466679096221924
-8.0,deploy,d,10,steer,c045,-1.0755290985107422,-0.679570198059082,0.032237887382507324,0.39466679096221924
-8.0,deploy,d,10,steer,c011,-0.7128257751464844,-0.8289508819580078,0.032237887382507324,0.39466679096221924
-8.0,deploy,d,10,steer,c020,-0.7278995513916016,-0.34433937072753906,0.032237887382507324,0.39466679096221924
-8.0,deploy,d,10,steer,c044,-0.8988780975341797,-0.593022346496582,0.032237887382507324,0.39466679096221924
-8.0,deploy,d,10,steer,c016,-0.7279491424560547,-0.5187644958496094,0.032237887382507324,0.39466679096221924
-8.0,deploy,d,10,steer,c056,-0.7557315826416016,-0.6742305755615234,0.032237887382507324,0.39466679096221924
-8.0,deploy,d,10,steer,c025,-0.8403244018554688,-0.6006851196289062,0.032237887382507324,0.39466679096221924
-8.0,deploy,d,10,steer,c029,-0.9374771118164062,-0.20809650421142578,0.032237887382507324,0.39466679096221924
-8.0,deploy,d,10,steer,c014,-0.4547882080078125,-0.7810697555541992,0.032237887382507324,0.39466679096221924
-8.0,deploy,d,10,steer,c002,-0.7436885833740234,-0.4883604049682617,0.032237887382507324,0.39466679096221924
-8.0,deploy,d,10,steer,c023,-0.8659248352050781,-0.7186918258666992,0.032237887382507324,0.39466679096221924
-8.0,deploy,d,10,steer,c046,-0.7035102844238281,0.01999378204345703,0.032237887382507324,0.39466679096221924
-8.0,deploy,d,10,steer,c022,-0.8064746856689453,-0.8617315292358398,0.032237887382507324,0.39466679096221924
-8.0,deploy,d,10,steer,c050,-0.5365848541259766,-0.505645751953125,0.032237887382507324,0.39466679096221924
-8.0,deploy,d,10,steer,c006,-0.9647026062011719,-1.0375299453735352,0.032237887382507324,0.39466679096221924
-8.0,deploy,d,10,steer,c017,-0.7334251403808594,-0.8357620239257812,0.032237887382507324,0.39466679096221924
-8.0,deploy,d,10,steer,c039,-0.5621337890625,-0.20992374420166016,0.032237887382507324,0.39466679096221924
-8.0,deploy,d,10,steer,c036,-0.7869338989257812,-0.5347719192504883,0.032237887382507324,0.39466679096221924
-8.0,deploy,d,10,steer,c009,-0.6603946685791016,-0.579859733581543,0.032237887382507324,0.39466679096221924
-8.0,deploy,d,10,steer,c000,-0.8008403778076172,-0.4651784896850586,0.032237887382507324,0.39466679096221924
-8.0,deploy,d,10,steer,c013,-0.5017852783203125,-0.8731250762939453,0.032237887382507324,0.39466679096221924
-8.0,deploy,d,10,steer,c049,-0.9929656982421875,-0.2099323272705078,0.032237887382507324,0.39466679096221924
-8.0,deploy,d,10,steer,c058,-0.6323566436767578,-0.23198223114013672,0.032237887382507324,0.39466679096221924
-8.0,deploy,d,10,steer,c024,-0.8180122375488281,-0.7359542846679688,0.032237887382507324,0.39466679096221924
-8.0,deploy,d,10,steer,c042,-1.0546531677246094,-0.545323371887207,0.032237887382507324,0.39466679096221924
-8.0,deploy,d,10,steer,c047,-0.6616716384887695,-0.7323923110961914,0.032237887382507324,0.39466679096221924
-8.0,deploy,d,10,steer,c043,-1.0249061584472656,0.19179153442382812,0.032237887382507324,0.39466679096221924
-8.0,deploy,d,10,steer,c003,-0.9713935852050781,-0.7876338958740234,0.032237887382507324,0.39466679096221924
-8.0,deploy,d,10,steer,c041,-0.8562431335449219,-0.6598062515258789,0.032237887382507324,0.39466679096221924
-8.0,deploy,d,10,steer,c008,-0.5974349975585938,0.10030174255371094,0.032237887382507324,0.39466679096221924
-8.0,deploy,d,10,steer,c045,-0.9296035766601562,-0.15679645538330078,0.032237887382507324,0.39466679096221924
-8.0,deploy,d,10,steer,c011,-0.5842094421386719,-0.7930583953857422,0.032237887382507324,0.39466679096221924
-8.0,deploy,d,10,steer,c020,-0.8542556762695312,-0.6303424835205078,0.032237887382507324,0.39466679096221924
-8.0,deploy,d,10,steer,c044,-1.026824951171875,-0.8390140533447266,0.032237887382507324,0.39466679096221924
-8.0,deploy,d,10,steer,c016,-0.5710391998291016,-0.7697515487670898,0.032237887382507324,0.39466679096221924
-8.0,deploy,d,10,steer,c056,-0.7039890289306641,-0.6696500778198242,0.032237887382507324,0.39466679096221924
-8.0,deploy,d,10,steer,c025,-0.6609001159667969,-0.6533174514770508,0.032237887382507324,0.39466679096221924
-8.0,deploy,d,10,steer,c029,-0.7089776992797852,-0.2940807342529297,0.032237887382507324,0.39466679096221924
-8.0,deploy,d,10,steer,c014,-0.6164360046386719,-0.3265056610107422,0.032237887382507324,0.39466679096221924
-8.0,deploy,d,10,steer,c002,-0.8219919204711914,-0.35896968841552734,0.032237887382507324,0.39466679096221924
-8.0,deploy,d,10,steer,c023,-0.7468585968017578,-0.5655813217163086,0.032237887382507324,0.39466679096221924
-8.0,deploy,d,10,steer,c046,-0.7470588684082031,-0.38929176330566406,0.032237887382507324,0.39466679096221924
-8.0,deploy,d,10,steer,c022,-0.8221187591552734,-0.34552764892578125,0.032237887382507324,0.39466679096221924
-8.0,deploy,d,10,steer,c050,-0.645751953125,-0.16605281829833984,0.032237887382507324,0.39466679096221924
-8.0,eval,random,10,steer,c006,0.9082101186116537,-0.10502020517985022,0.14886963491638502,0.49967749416828156
-8.0,eval,random,10,steer,c017,0.7365229924519857,0.11077149709065759,0.14886963491638502,0.49967749416828156
-8.0,eval,random,10,steer,c039,0.9475860595703125,0.24596214294433594,0.14886963491638502,0.49967749416828156
-8.0,eval,random,10,steer,c036,0.5520353317260742,0.28931427001953125,0.14886963491638502,0.49967749416828156
-8.0,eval,random,10,steer,c009,0.15369351704915366,0.2117465337117513,0.14886963491638502,0.49967749416828156
-8.0,eval,random,10,steer,c000,0.5456727345784506,-0.04322020212809241,0.14886963491638502,0.49967749416828156
-8.0,eval,random,10,steer,c013,1.40191650390625,-0.26152515411376953,0.14886963491638502,0.49967749416828156
-8.0,eval,random,10,steer,c049,0.5842037200927734,-0.02730274200439453,0.14886963491638502,0.49967749416828156
-8.0,eval,random,10,steer,c058,0.5877377192179362,0.0002915064493814734,0.14886963491638502,0.49967749416828156
-8.0,eval,random,10,steer,c024,0.49603430430094403,0.3454281489054362,0.14886963491638502,0.49967749416828156
-8.0,eval,random,10,steer,c042,0.9829174677530924,0.06205526987711585,0.14886963491638502,0.49967749416828156
-8.0,eval,random,10,steer,c047,0.5404605865478516,0.1150064468383789,0.14886963491638502,0.49967749416828156
-8.0,eval,random,10,steer,c043,-0.2629423141479492,0.4718046188354492,0.14886963491638502,0.49967749416828156
-8.0,eval,random,10,steer,c003,0.7574342091878256,0.053821881612141964,0.14886963491638502,0.49967749416828156
-8.0,eval,random,10,steer,c041,0.6028734842936198,-0.14565022786458337,0.14886963491638502,0.49967749416828156
-8.0,eval,random,10,steer,c008,0.10473855336507161,0.17380269368489581,0.14886963491638502,0.49967749416828156
-8.0,eval,random,10,steer,c045,1.322784423828125,-0.5323476791381836,0.14886963491638502,0.49967749416828156
-8.0,eval,random,10,steer,c011,0.6062831878662109,-0.30390357971191406,0.14886963491638502,0.49967749416828156
-8.0,eval,random,10,steer,c020,1.3728564580281575,-0.4513746897379558,0.14886963491638502,0.49967749416828156
-8.0,eval,random,10,steer,c044,1.4775269826253254,-0.5157581965128581,0.14886963491638502,0.49967749416828156
-8.0,eval,random,10,steer,c016,0.7689619064331055,0.1308422088623047,0.14886963491638502,0.49967749416828156
-8.0,eval,random,10,steer,c056,1.053349494934082,0.2532634735107422,0.14886963491638502,0.49967749416828156
-8.0,eval,random,10,steer,c025,0.5582116444905599,0.3995021184285482,0.14886963491638502,0.49967749416828156
-8.0,eval,random,10,steer,c029,0.43781471252441406,0.09764671325683594,0.14886963491638502,0.49967749416828156
-8.0,eval,random,10,steer,c014,0.5185556411743164,0.12068653106689453,0.14886963491638502,0.49967749416828156
-8.0,eval,random,10,steer,c002,0.7564055124918619,0.24190680185953772,0.14886963491638502,0.49967749416828156
-8.0,eval,random,10,steer,c023,0.6754067738850912,0.10433896382649743,0.14886963491638502,0.49967749416828156
-8.0,eval,random,10,steer,c046,0.5768276850382487,-0.04965527852376306,0.14886963491638502,0.49967749416828156
-8.0,eval,random,10,steer,c022,0.5565630594889323,0.3420282999674479,0.14886963491638502,0.49967749416828156
-8.0,eval,random,10,steer,c050,1.0683536529541016,-0.046532630920410156,0.14886963491638502,0.49967749416828156
-8.0,eval,random,10,steer,c006,1.204922358194987,0.021851221720377678,0.14886963491638502,0.49967749416828156
-8.0,eval,random,10,steer,c017,0.837474505106608,-0.04276021321614587,0.14886963491638502,0.49967749416828156
-8.0,eval,random,10,steer,c039,0.44081974029541016,0.1693744659423828,0.14886963491638502,0.49967749416828156
-8.0,eval,random,10,steer,c036,0.7339566548665365,0.09812005360921228,0.14886963491638502,0.49967749416828156
-8.0,eval,random,10,steer,c009,0.9424276351928711,-0.031006813049316406,0.14886963491638502,0.49967749416828156
-8.0,eval,random,10,steer,c000,0.7425006230672201,0.12445863087972009,0.14886963491638502,0.49967749416828156
-8.0,eval,random,10,steer,c013,0.769389788309733,0.03401343027750647,0.14886963491638502,0.49967749416828156
-8.0,eval,random,10,steer,c049,0.1392828623453776,0.18975130716959634,0.14886963491638502,0.49967749416828156
-8.0,eval,random,10,steer,c058,0.5811850229899088,-0.07478268941243493,0.14886963491638502,0.49967749416828156
-8.0,eval,random,10,steer,c024,0.5242506663004557,0.27218119303385413,0.14886963491638502,0.49967749416828156
-8.0,eval,random,10,steer,c042,0.36400000254313153,0.18018309275309247,0.14886963491638502,0.49967749416828156
-8.0,eval,random,10,steer,c047,0.6366659800211588,-0.06657155354817712,0.14886963491638502,0.49967749416828156
-8.0,eval,random,10,steer,c043,0.238462766011556,0.18298753102620444,0.14886963491638502,0.49967749416828156
-8.0,eval,random,10,steer,c003,0.4658225377400716,-0.02932325998942059,0.14886963491638502,0.49967749416828156
-8.0,eval,random,10,steer,c041,0.19857152303059897,-0.028956095377604157,0.14886963491638502,0.49967749416828156
-8.0,eval,random,10,steer,c008,0.5601571400960287,0.22241242726643884,0.14886963491638502,0.49967749416828156
-8.0,eval,random,10,steer,c045,0.6760352452596029,0.1363938649495443,0.14886963491638502,0.49967749416828156
-8.0,eval,random,10,steer,c011,0.40143362681070965,0.13926092783610028,0.14886963491638502,0.49967749416828156
-8.0,eval,random,10,steer,c020,0.858025868733724,0.09300740559895837,0.14886963491638502,0.49967749416828156
-8.0,eval,random,10,steer,c044,0.39882373809814453,0.1804647445678711,0.14886963491638502,0.49967749416828156
-8.0,eval,random,10,steer,c016,0.8146022160847982,0.24543793996175134,0.14886963491638502,0.49967749416828156
-8.0,eval,random,10,steer,c056,0.3215433756510417,0.3744589487711589,0.14886963491638502,0.49967749416828156
-8.0,eval,random,10,steer,c025,0.3211050033569336,0.09360218048095703,0.14886963491638502,0.49967749416828156
-8.0,eval,random,10,steer,c029,0.3711455663045247,0.20426591237386066,0.14886963491638502,0.49967749416828156
-8.0,eval,random,10,steer,c014,0.42361609141031903,0.07708326975504559,0.14886963491638502,0.49967749416828156
-8.0,eval,random,10,steer,c002,0.6009651819864908,0.10817114512125647,0.14886963491638502,0.49967749416828156
-8.0,eval,random,10,steer,c023,0.8133001327514648,-0.0065593719482421875,0.14886963491638502,0.49967749416828156
-8.0,eval,random,10,steer,c046,0.0702066421508789,-0.05643177032470703,0.14886963491638502,0.49967749416828156
-8.0,eval,random,10,steer,c022,0.32124805450439453,-0.006638526916503906,0.14886963491638502,0.49967749416828156
-8.0,eval,random,10,steer,c050,1.0180578231811523,0.07219600677490234,0.14886963491638502,0.49967749416828156
-6.0,eval,d,10,steer,c006,0.05464458465576172,-0.9585857391357422,0.03250657021999359,0.5511930584907532
-6.0,eval,d,10,steer,c017,-0.26162147521972656,-0.8873729705810547,0.03250657021999359,0.5511930584907532
-6.0,eval,d,10,steer,c039,-0.08587169647216797,-0.7874956130981445,0.03250657021999359,0.5511930584907532
-6.0,eval,d,10,steer,c036,-0.2613649368286133,-0.5240859985351562,0.03250657021999359,0.5511930584907532
-6.0,eval,d,10,steer,c009,-0.49904346466064453,-0.4409904479980469,0.03250657021999359,0.5511930584907532
-6.0,eval,d,10,steer,c000,0.012185096740722656,-0.5767078399658203,0.03250657021999359,0.5511930584907532
-6.0,eval,d,10,steer,c013,0.669163703918457,-0.9942779541015625,0.03250657021999359,0.5511930584907532
-6.0,eval,d,10,steer,c049,-0.3506927490234375,-0.9621992111206055,0.03250657021999359,0.5511930584907532
-6.0,eval,d,10,steer,c058,-0.003292083740234375,-0.5907382965087891,0.03250657021999359,0.5511930584907532
-6.0,eval,d,10,steer,c024,-0.3166837692260742,-0.46728992462158203,0.03250657021999359,0.5511930584907532
-6.0,eval,d,10,steer,c042,-0.42702579498291016,-1.3478879928588867,0.03250657021999359,0.5511930584907532
-6.0,eval,d,10,steer,c047,-0.15170669555664062,-0.5771608352661133,0.03250657021999359,0.5511930584907532
-6.0,eval,d,10,steer,c043,-1.2131099700927734,-0.478363037109375,0.03250657021999359,0.5511930584907532
-6.0,eval,d,10,steer,c003,-0.13104629516601562,-0.8346586227416992,0.03250657021999359,0.5511930584907532
-6.0,eval,d,10,steer,c041,-0.009810447692871094,-0.7583341598510742,0.03250657021999359,0.5511930584907532
-6.0,eval,d,10,steer,c008,-0.4276103973388672,-0.35854625701904297,0.03250657021999359,0.5511930584907532
-6.0,eval,d,10,steer,c045,0.546844482421875,-1.3082876205444336,0.03250657021999359,0.5511930584907532
-6.0,eval,d,10,steer,c011,-0.1559429168701172,-1.0661296844482422,0.03250657021999359,0.5511930584907532
-6.0,eval,d,10,steer,c020,0.6485500335693359,-1.1756811141967773,0.03250657021999359,0.5511930584907532
-6.0,eval,d,10,steer,c044,0.6358737945556641,-1.3574113845825195,0.03250657021999359,0.5511930584907532
-6.0,eval,d,10,steer,c016,-0.17656898498535156,-0.8146886825561523,0.03250657021999359,0.5511930584907532
-6.0,eval,d,10,steer,c056,0.24117469787597656,-0.5589113235473633,0.03250657021999359,0.5511930584907532
-6.0,eval,d,10,steer,c025,-0.18889999389648438,-0.3476095199584961,0.03250657021999359,0.5511930584907532
-6.0,eval,d,10,steer,c029,-0.1441497802734375,-0.4843177795410156,0.03250657021999359,0.5511930584907532
-6.0,eval,d,10,steer,c014,-0.3510475158691406,-0.7489166259765625,0.03250657021999359,0.5511930584907532
-6.0,eval,d,10,steer,c002,-0.06398773193359375,-0.578486442565918,0.03250657021999359,0.5511930584907532
-6.0,eval,d,10,steer,c023,-0.041527748107910156,-0.6125955581665039,0.03250657021999359,0.5511930584907532
-6.0,eval,d,10,steer,c046,-0.20784378051757812,-0.8343267440795898,0.03250657021999359,0.5511930584907532
-6.0,eval,d,10,steer,c022,-0.4556131362915039,-0.6701478958129883,0.03250657021999359,0.5511930584907532
-6.0,eval,d,10,steer,c050,0.14435291290283203,-0.9705333709716797,0.03250657021999359,0.5511930584907532
-6.0,eval,d,10,steer,c006,0.15252304077148438,-1.030548095703125,0.03250657021999359,0.5511930584907532
-6.0,eval,d,10,steer,c017,0.13167667388916016,-0.7485580444335938,0.03250657021999359,0.5511930584907532
-6.0,eval,d,10,steer,c039,-0.27741241455078125,-0.5488576889038086,0.03250657021999359,0.5511930584907532
-6.0,eval,d,10,steer,c036,-0.3898181915283203,-1.0256547927856445,0.03250657021999359,0.5511930584907532
-6.0,eval,d,10,steer,c009,0.10135936737060547,-0.872075080871582,0.03250657021999359,0.5511930584907532
-6.0,eval,d,10,steer,c000,-0.1482982635498047,-0.7663402557373047,0.03250657021999359,0.5511930584907532
-6.0,eval,d,10,steer,c013,-0.2745323181152344,-1.009908676147461,0.03250657021999359,0.5511930584907532
-6.0,eval,d,10,steer,c049,-0.7981939315795898,-0.7477254867553711,0.03250657021999359,0.5511930584907532
-6.0,eval,d,10,steer,c058,-0.10168647766113281,-0.7576541900634766,0.03250657021999359,0.5511930584907532
-6.0,eval,d,10,steer,c024,-0.47406005859375,-0.7261295318603516,0.03250657021999359,0.5511930584907532
-6.0,eval,d,10,steer,c042,-0.4725837707519531,-0.6564006805419922,0.03250657021999359,0.5511930584907532
-6.0,eval,d,10,steer,c047,-0.0647726058959961,-0.768010139465332,0.03250657021999359,0.5511930584907532
-6.0,eval,d,10,steer,c043,-0.42093849182128906,-0.4764137268066406,0.03250657021999359,0.5511930584907532
-6.0,eval,d,10,steer,c003,-0.4045581817626953,-0.8997039794921875,0.03250657021999359,0.5511930584907532
-6.0,eval,d,10,steer,c041,-0.1937427520751953,-0.42127037048339844,0.03250657021999359,0.5511930584907532
-6.0,eval,d,10,steer,c008,-0.031049728393554688,-0.36879444122314453,0.03250657021999359,0.5511930584907532
-6.0,eval,d,10,steer,c045,-0.2672548294067383,-0.8068962097167969,0.03250657021999359,0.5511930584907532
-6.0,eval,d,10,steer,c011,-0.4283485412597656,-0.690521240234375,0.03250657021999359,0.5511930584907532
-6.0,eval,d,10,steer,c020,0.07631301879882812,-0.6887054443359375,0.03250657021999359,0.5511930584907532
-6.0,eval,d,10,steer,c044,-0.5065956115722656,-0.7249546051025391,0.03250657021999359,0.5511930584907532
-6.0,eval,d,10,steer,c016,-0.35823822021484375,-0.9274024963378906,0.03250657021999359,0.5511930584907532
-6.0,eval,d,10,steer,c056,-0.5523099899291992,-0.49939441680908203,0.03250657021999359,0.5511930584907532
-6.0,eval,d,10,steer,c025,-0.3121662139892578,-0.5396690368652344,0.03250657021999359,0.5511930584907532
-6.0,eval,d,10,steer,c029,-0.2154712677001953,-0.3823509216308594,0.03250657021999359,0.5511930584907532
-6.0,eval,d,10,steer,c014,-0.33647823333740234,-0.6830110549926758,0.03250657021999359,0.5511930584907532
-6.0,eval,d,10,steer,c002,-0.08784294128417969,-0.5806369781494141,0.03250657021999359,0.5511930584907532
-6.0,eval,d,10,steer,c023,0.0059356689453125,-0.8139238357543945,0.03250657021999359,0.5511930584907532
-6.0,eval,d,10,steer,c046,-0.2639036178588867,-0.39054203033447266,0.03250657021999359,0.5511930584907532
-6.0,eval,d,10,steer,c022,-0.13789749145507812,-0.46578407287597656,0.03250657021999359,0.5511930584907532
-6.0,eval,d,10,steer,c050,0.17285823822021484,-0.7730035781860352,0.03250657021999359,0.5511930584907532
-6.0,deploy,d,10,steer,c006,-0.5508890151977539,-0.8970956802368164,0.02035198174417019,0.38079625368118286
-6.0,deploy,d,10,steer,c017,-0.6548709869384766,-0.46339893341064453,0.02035198174417019,0.38079625368118286
-6.0,deploy,d,10,steer,c039,-0.5657768249511719,-0.3361473083496094,0.02035198174417019,0.38079625368118286
-6.0,deploy,d,10,steer,c036,-0.6324863433837891,-0.646113395690918,0.02035198174417019,0.38079625368118286
-6.0,deploy,d,10,steer,c009,-0.6201028823852539,-0.24491310119628906,0.02035198174417019,0.38079625368118286
-6.0,deploy,d,10,steer,c000,-0.7343835830688477,-0.4726705551147461,0.02035198174417019,0.38079625368118286
-6.0,deploy,d,10,steer,c013,-0.548609733581543,-0.864140510559082,0.02035198174417019,0.38079625368118286
-6.0,deploy,d,10,steer,c049,-0.7338943481445312,-0.3697633743286133,0.02035198174417019,0.38079625368118286
-6.0,deploy,d,10,steer,c058,-0.6312580108642578,-0.3063383102416992,0.02035198174417019,0.38079625368118286
-6.0,deploy,d,10,steer,c024,-0.8893499374389648,-0.509364128112793,0.02035198174417019,0.38079625368118286
-6.0,deploy,d,10,steer,c042,-0.9292116165161133,-0.6314268112182617,0.02035198174417019,0.38079625368118286
-6.0,deploy,d,10,steer,c047,-0.5526123046875,-0.7387657165527344,0.02035198174417019,0.38079625368118286
-6.0,deploy,d,10,steer,c043,-1.2012739181518555,-0.4967937469482422,0.02035198174417019,0.38079625368118286
-6.0,deploy,d,10,steer,c003,-0.7418088912963867,-0.6175642013549805,0.02035198174417019,0.38079625368118286
-6.0,deploy,d,10,steer,c041,-1.063838005065918,-0.2574748992919922,0.02035198174417019,0.38079625368118286
-6.0,deploy,d,10,steer,c008,-0.4567699432373047,-0.15668201446533203,0.02035198174417019,0.38079625368118286
-6.0,deploy,d,10,steer,c045,-1.0026941299438477,-0.6067352294921875,0.02035198174417019,0.38079625368118286
-6.0,deploy,d,10,steer,c011,-0.6194067001342773,-0.7355318069458008,0.02035198174417019,0.38079625368118286
-6.0,deploy,d,10,steer,c020,-0.7501392364501953,-0.3665790557861328,0.02035198174417019,0.38079625368118286
-6.0,deploy,d,10,steer,c044,-0.8533782958984375,-0.5475225448608398,0.02035198174417019,0.38079625368118286
-6.0,deploy,d,10,steer,c016,-0.8157768249511719,-0.6065921783447266,0.02035198174417019,0.38079625368118286
-6.0,deploy,d,10,steer,c056,-0.6604022979736328,-0.5789012908935547,0.02035198174417019,0.38079625368118286
-6.0,deploy,d,10,steer,c025,-0.7595186233520508,-0.5198793411254883,0.02035198174417019,0.38079625368118286
-6.0,deploy,d,10,steer,c029,-0.9959192276000977,-0.2665386199951172,0.02035198174417019,0.38079625368118286
-6.0,deploy,d,10,steer,c014,-0.4384918212890625,-0.7647733688354492,0.02035198174417019,0.38079625368118286
-6.0,deploy,d,10,steer,c002,-0.8226232528686523,-0.5672950744628906,0.02035198174417019,0.38079625368118286
-6.0,deploy,d,10,steer,c023,-0.7440671920776367,-0.5968341827392578,0.02035198174417019,0.38079625368118286
-6.0,deploy,d,10,steer,c046,-0.9774589538574219,-0.2539548873901367,0.02035198174417019,0.38079625368118286
-6.0,deploy,d,10,steer,c022,-0.6259260177612305,-0.681182861328125,0.02035198174417019,0.38079625368118286
-6.0,deploy,d,10,steer,c050,-0.6482982635498047,-0.6173591613769531,0.02035198174417019,0.38079625368118286
-6.0,deploy,d,10,steer,c006,-0.7827396392822266,-0.8555669784545898,0.02035198174417019,0.38079625368118286
-6.0,deploy,d,10,steer,c017,-0.612945556640625,-0.7152824401855469,0.02035198174417019,0.38079625368118286
-6.0,deploy,d,10,steer,c039,-0.5875558853149414,-0.23534584045410156,0.02035198174417019,0.38079625368118286
-6.0,deploy,d,10,steer,c036,-0.7481765747070312,-0.4960145950317383,0.02035198174417019,0.38079625368118286
-6.0,deploy,d,10,steer,c009,-0.5139694213867188,-0.43343448638916016,0.02035198174417019,0.38079625368118286
-6.0,deploy,d,10,steer,c000,-0.7411088943481445,-0.40544700622558594,0.02035198174417019,0.38079625368118286
-6.0,deploy,d,10,steer,c013,-0.3578176498413086,-0.7291574478149414,0.02035198174417019,0.38079625368118286
-6.0,deploy,d,10,steer,c049,-1.1329936981201172,-0.3499603271484375,0.02035198174417019,0.38079625368118286
-6.0,deploy,d,10,steer,c058,-0.7005615234375,-0.3001871109008789,0.02035198174417019,0.38079625368118286
-6.0,deploy,d,10,steer,c024,-0.78387451171875,-0.7018165588378906,0.02035198174417019,0.38079625368118286
-6.0,deploy,d,10,steer,c042,-1.0208988189697266,-0.5115690231323242,0.02035198174417019,0.38079625368118286
-6.0,deploy,d,10,steer,c047,-0.6383113861083984,-0.7090320587158203,0.02035198174417019,0.38079625368118286
-6.0,deploy,d,10,steer,c043,-1.3660888671875,-0.14939117431640625,0.02035198174417019,0.38079625368118286
-6.0,deploy,d,10,steer,c003,-0.8736753463745117,-0.689915657043457,0.02035198174417019,0.38079625368118286
-6.0,deploy,d,10,steer,c041,-0.8133840560913086,-0.6169471740722656,0.02035198174417019,0.38079625368118286
-6.0,deploy,d,10,steer,c008,-0.5594062805175781,0.13833045959472656,0.02035198174417019,0.38079625368118286
-6.0,deploy,d,10,steer,c045,-1.1551427841186523,-0.3823356628417969,0.02035198174417019,0.38079625368118286
-6.0,deploy,d,10,steer,c011,-0.5415325164794922,-0.7503814697265625,0.02035198174417019,0.38079625368118286
-6.0,deploy,d,10,steer,c020,-0.8539915084838867,-0.6300783157348633,0.02035198174417019,0.38079625368118286
-6.0,deploy,d,10,steer,c044,-0.9518718719482422,-0.7640609741210938,0.02035198174417019,0.38079625368118286
-6.0,deploy,d,10,steer,c016,-0.4599733352661133,-0.6586856842041016,0.02035198174417019,0.38079625368118286
-6.0,deploy,d,10,steer,c056,-0.4991569519042969,-0.46481800079345703,0.02035198174417019,0.38079625368118286
-6.0,deploy,d,10,steer,c025,-0.571019172668457,-0.5634365081787109,0.02035198174417019,0.38079625368118286
-6.0,deploy,d,10,steer,c029,-0.6828832626342773,-0.2679862976074219,0.02035198174417019,0.38079625368118286
-6.0,deploy,d,10,steer,c014,-0.7400112152099609,-0.45008087158203125,0.02035198174417019,0.38079625368118286
-6.0,deploy,d,10,steer,c002,-0.8109817504882812,-0.3479595184326172,0.02035198174417019,0.38079625368118286
-6.0,deploy,d,10,steer,c023,-0.7192697525024414,-0.5379924774169922,0.02035198174417019,0.38079625368118286
-6.0,deploy,d,10,steer,c046,-0.7745800018310547,-0.4168128967285156,0.02035198174417019,0.38079625368118286
-6.0,deploy,d,10,steer,c022,-0.8010597229003906,-0.32446861267089844,0.02035198174417019,0.38079625368118286
-6.0,deploy,d,10,steer,c050,-0.8442583084106445,-0.3645591735839844,0.02035198174417019,0.38079625368118286
-6.0,eval,random,10,steer,c006,1.03887939453125,0.025649070739746094,0.07071135193109512,0.5145367781321207
-6.0,eval,random,10,steer,c017,0.7800483703613281,0.154296875,0.07071135193109512,0.5145367781321207
-6.0,eval,random,10,steer,c039,0.9703324635823568,0.26870854695638025,0.07071135193109512,0.5145367781321207
-6.0,eval,random,10,steer,c036,0.5130154291788737,0.2502943674723307,0.07071135193109512,0.5145367781321207
-6.0,eval,random,10,steer,c009,0.09005514780680339,0.14810816446940106,0.07071135193109512,0.5145367781321207
-6.0,eval,random,10,steer,c000,0.5995063781738281,0.010613441467285156,0.07071135193109512,0.5145367781321207
-6.0,eval,random,10,steer,c013,1.5755500793457031,-0.0878915786743164,0.07071135193109512,0.5145367781321207
-6.0,eval,random,10,steer,c049,0.626153310139974,0.014646848042806027,0.07071135193109512,0.5145367781321207
-6.0,eval,random,10,steer,c058,0.6308008829752604,0.04335467020670569,0.07071135193109512,0.5145367781321207
-6.0,eval,random,10,steer,c024,0.385037104288737,0.23443094889322919,0.07071135193109512,0.5145367781321207
-6.0,eval,random,10,steer,c042,1.0666491190592449,0.1457869211832683,0.07071135193109512,0.5145367781321207
-6.0,eval,random,10,steer,c047,0.5725618998209635,0.14710776011149085,0.07071135193109512,0.5145367781321207
-6.0,eval,random,10,steer,c043,-0.4350137710571289,0.29973316192626953,0.07071135193109512,0.5145367781321207
-6.0,eval,random,10,steer,c003,0.7937231063842773,0.09011077880859375,0.07071135193109512,0.5145367781321207
-6.0,eval,random,10,steer,c041,0.6885217030843099,-0.06000200907389319,0.07071135193109512,0.5145367781321207
-6.0,eval,random,10,steer,c008,0.004839579264322917,0.07390371958414714,0.07071135193109512,0.5145367781321207
-6.0,eval,random,10,steer,c045,1.4845339457194011,-0.3705981572469075,0.07071135193109512,0.5145367781321207
-6.0,eval,random,10,steer,c011,0.7533782323201498,-0.15680853525797522,0.07071135193109512,0.5145367781321207
-6.0,eval,random,10,steer,c020,1.5487721761067708,-0.2754589716593425,0.07071135193109512,0.5145367781321207
-6.0,eval,random,10,steer,c044,1.7248770395914714,-0.26840813954671217,0.07071135193109512,0.5145367781321207
-6.0,eval,random,10,steer,c016,0.8093268076578776,0.17120711008707679,0.07071135193109512,0.5145367781321207
-6.0,eval,random,10,steer,c056,1.074703852335612,0.2746178309122722,0.07071135193109512,0.5145367781321207
-6.0,eval,random,10,steer,c025,0.47490787506103516,0.31619834899902344,0.07071135193109512,0.5145367781321207
-6.0,eval,random,10,steer,c029,0.4570668538411458,0.11689885457356769,0.07071135193109512,0.5145367781321207
-6.0,eval,random,10,steer,c014,0.5815191268920898,0.18365001678466797,0.07071135193109512,0.5145367781321207
-6.0,eval,random,10,steer,c002,0.7562713623046875,0.24177265167236328,0.07071135193109512,0.5145367781321207
-6.0,eval,random,10,steer,c023,0.6868578592936198,0.115790049235026,0.07071135193109512,0.5145367781321207
-6.0,eval,random,10,steer,c046,0.6231845219930013,-0.0032984415690103797,0.07071135193109512,0.5145367781321207
-6.0,eval,random,10,steer,c022,0.47644710540771484,0.26191234588623047,0.07071135193109512,0.5145367781321207
-6.0,eval,random,10,steer,c050,1.1766786575317383,0.06179237365722656,0.07071135193109512,0.5145367781321207
-6.0,eval,random,10,steer,c006,1.3168932596842449,0.1338221232096355,0.07071135193109512,0.5145367781321207
-6.0,eval,random,10,steer,c017,0.9412447611490885,0.0610100428263346,0.07071135193109512,0.5145367781321207
-6.0,eval,random,10,steer,c039,0.3629309336344401,0.09148565928141278,0.07071135193109512,0.5145367781321207
-6.0,eval,random,10,steer,c036,0.7577390670776367,0.1219024658203125,0.07071135193109512,0.5145367781321207
-6.0,eval,random,10,steer,c009,1.0274181365966797,0.05398368835449219,0.07071135193109512,0.5145367781321207
-6.0,eval,random,10,steer,c000,0.7772992451985677,0.15925725301106775,0.07071135193109512,0.5145367781321207
-6.0,eval,random,10,steer,c013,0.8325208028157552,0.09714444478352868,0.07071135193109512,0.5145367781321207
-6.0,eval,random,10,steer,c049,0.055721282958984375,0.10618972778320312,0.07071135193109512,0.5145367781321207
-6.0,eval,random,10,steer,c058,0.6220966974894205,-0.033871014912923214,0.07071135193109512,0.5145367781321207
-6.0,eval,random,10,steer,c024,0.43888409932454425,0.1868146260579427,0.07071135193109512,0.5145367781321207
-6.0,eval,random,10,steer,c042,0.36508528391520184,0.18126837412516278,0.07071135193109512,0.5145367781321207
-6.0,eval,random,10,steer,c047,0.7190326054890951,0.01579507191975915,0.07071135193109512,0.5145367781321207
-6.0,eval,random,10,steer,c043,0.19862937927246094,0.14315414428710938,0.07071135193109512,0.5145367781321207
-6.0,eval,random,10,steer,c003,0.48382822672526044,-0.011317571004231752,0.07071135193109512,0.5145367781321207
-6.0,eval,random,10,steer,c041,0.1746358871459961,-0.05289173126220703,0.07071135193109512,0.5145367781321207
-6.0,eval,random,10,steer,c008,0.5472545623779297,0.20950984954833984,0.07071135193109512,0.5145367781321207
-6.0,eval,random,10,steer,c045,0.6689217885335287,0.1292804082234701,0.07071135193109512,0.5145367781321207
-6.0,eval,random,10,steer,c011,0.38926251729329425,0.12708981831868488,0.07071135193109512,0.5145367781321207
-6.0,eval,random,10,steer,c020,0.9223747253417969,0.15735626220703125,0.07071135193109512,0.5145367781321207
-6.0,eval,random,10,steer,c044,0.36929893493652344,0.15093994140625,0.07071135193109512,0.5145367781321207
-6.0,eval,random,10,steer,c016,0.8094253540039062,0.24026107788085938,0.07071135193109512,0.5145367781321207
-6.0,eval,random,10,steer,c056,0.219819704691569,0.27273527781168616,0.07071135193109512,0.5145367781321207
-6.0,eval,random,10,steer,c025,0.33461475372314453,0.10711193084716797,0.07071135193109512,0.5145367781321207
-6.0,eval,random,10,steer,c029,0.35892899831136066,0.1920493443806966,0.07071135193109512,0.5145367781321207
-6.0,eval,random,10,steer,c014,0.47786585489908856,0.13133303324381512,0.07071135193109512,0.5145367781321207
-6.0,eval,random,10,steer,c002,0.6071742375691732,0.11438020070393884,0.07071135193109512,0.5145367781321207
-6.0,eval,random,10,steer,c023,0.9096399943033854,0.08978048960367835,0.07071135193109512,0.5145367781321207
-6.0,eval,random,10,steer,c046,0.03013134002685547,-0.09650707244873047,0.07071135193109512,0.5145367781321207
-6.0,eval,random,10,steer,c022,0.3361326853434245,0.00824610392252606,0.07071135193109512,0.5145367781321207
-6.0,eval,random,10,steer,c050,1.1016019185384114,0.15574010213216138,0.07071135193109512,0.5145367781321207
-4.0,eval,d,10,steer,c006,0.5207853317260742,-0.4924449920654297,0.026463337242603302,0.5898341536521912
-4.0,eval,d,10,steer,c017,0.0827016830444336,-0.5430498123168945,0.026463337242603302,0.5898341536521912
-4.0,eval,d,10,steer,c039,0.22977638244628906,-0.4718475341796875,0.026463337242603302,0.5898341536521912
-4.0,eval,d,10,steer,c036,-0.03134632110595703,-0.2940673828125,0.026463337242603302,0.5898341536521912
-4.0,eval,d,10,steer,c009,-0.28912830352783203,-0.23107528686523438,0.026463337242603302,0.5898341536521912
-4.0,eval,d,10,steer,c000,0.35437774658203125,-0.23451519012451172,0.026463337242603302,0.5898341536521912
-4.0,eval,d,10,steer,c013,1.0215997695922852,-0.6418418884277344,0.026463337242603302,0.5898341536521912
-4.0,eval,d,10,steer,c049,0.045891761779785156,-0.5656147003173828,0.026463337242603302,0.5898341536521912
-4.0,eval,d,10,steer,c058,0.31891345977783203,-0.26853275299072266,0.026463337242603302,0.5898341536521912
-4.0,eval,d,10,steer,c024,-0.1277780532836914,-0.2783842086791992,0.026463337242603302,0.5898341536521912
-4.0,eval,d,10,steer,c042,0.060009002685546875,-0.8608531951904297,0.026463337242603302,0.5898341536521912
-4.0,eval,d,10,steer,c047,0.19423294067382812,-0.23122119903564453,0.026463337242603302,0.5898341536521912
-4.0,eval,d,10,steer,c043,-0.9239959716796875,-0.18924903869628906,0.026463337242603302,0.5898341536521912
-4.0,eval,d,10,steer,c003,0.21455764770507812,-0.48905467987060547,0.026463337242603302,0.5898341536521912
-4.0,eval,d,10,steer,c041,0.42247676849365234,-0.3260469436645508,0.026463337242603302,0.5898341536521912
-4.0,eval,d,10,steer,c008,-0.2449350357055664,-0.1758708953857422,0.026463337242603302,0.5898341536521912
-4.0,eval,d,10,steer,c045,1.1385879516601562,-0.7165441513061523,0.026463337242603302,0.5898341536521912
-4.0,eval,d,10,steer,c011,0.2756385803222656,-0.6345481872558594,0.026463337242603302,0.5898341536521912
-4.0,eval,d,10,steer,c020,1.1937541961669922,-0.6304769515991211,0.026463337242603302,0.5898341536521912
-4.0,eval,d,10,steer,c044,1.212449073791504,-0.7808361053466797,0.026463337242603302,0.5898341536521912
-4.0,eval,d,10,steer,c016,0.13198471069335938,-0.5061349868774414,0.026463337242603302,0.5898341536521912
-4.0,eval,d,10,steer,c056,0.5863409042358398,-0.2137451171875,0.026463337242603302,0.5898341536521912
-4.0,eval,d,10,steer,c025,-0.02501964569091797,-0.1837291717529297,0.026463337242603302,0.5898341536521912
-4.0,eval,d,10,steer,c029,0.11782455444335938,-0.22234344482421875,0.026463337242603302,0.5898341536521912
-4.0,eval,d,10,steer,c014,-0.1330404281616211,-0.530909538269043,0.026463337242603302,0.5898341536521912
-4.0,eval,d,10,steer,c002,0.2263813018798828,-0.2881174087524414,0.026463337242603302,0.5898341536521912
-4.0,eval,d,10,steer,c023,0.28095245361328125,-0.2901153564453125,0.026463337242603302,0.5898341536521912
-4.0,eval,d,10,steer,c046,0.22494983673095703,-0.4015331268310547,0.026463337242603302,0.5898341536521912
-4.0,eval,d,10,steer,c022,-0.14817428588867188,-0.36270904541015625,0.026463337242603302,0.5898341536521912
-4.0,eval,d,10,steer,c050,0.44734954833984375,-0.667536735534668,0.026463337242603302,0.5898341536521912
-4.0,eval,d,10,steer,c006,0.5540847778320312,-0.6289863586425781,0.026463337242603302,0.5898341536521912
-4.0,eval,d,10,steer,c017,0.49750709533691406,-0.38272762298583984,0.026463337242603302,0.5898341536521912
-4.0,eval,d,10,steer,c039,0.0428924560546875,-0.22855281829833984,0.026463337242603302,0.5898341536521912
-4.0,eval,d,10,steer,c036,-0.050823211669921875,-0.6866598129272461,0.026463337242603302,0.5898341536521912
-4.0,eval,d,10,steer,c009,0.5063486099243164,-0.4670858383178711,0.026463337242603302,0.5898341536521912
-4.0,eval,d,10,steer,c000,0.14724063873291016,-0.47080135345458984,0.026463337242603302,0.5898341536521912
-4.0,eval,d,10,steer,c013,0.04276847839355469,-0.6926078796386719,0.026463337242603302,0.5898341536521912
-4.0,eval,d,10,steer,c049,-0.5097312927246094,-0.4592628479003906,0.026463337242603302,0.5898341536521912
-4.0,eval,d,10,steer,c058,0.2083873748779297,-0.44758033752441406,0.026463337242603302,0.5898341536521912
-4.0,eval,d,10,steer,c024,-0.1196136474609375,-0.37168312072753906,0.026463337242603302,0.5898341536521912
-4.0,eval,d,10,steer,c042,-0.1656351089477539,-0.34945201873779297,0.026463337242603302,0.5898341536521912
-4.0,eval,d,10,steer,c047,0.3792409896850586,-0.32399654388427734,0.026463337242603302,0.5898341536521912
-4.0,eval,d,10,steer,c043,-0.04007244110107422,-0.09554767608642578,0.026463337242603302,0.5898341536521912
-4.0,eval,d,10,steer,c003,-0.004500389099121094,-0.4996461868286133,0.026463337242603302,0.5898341536521912
-4.0,eval,d,10,steer,c041,-0.01573944091796875,-0.24326705932617188,0.026463337242603302,0.5898341536521912
-4.0,eval,d,10,steer,c008,0.16565227508544922,-0.17209243774414062,0.026463337242603302,0.5898341536521912
-4.0,eval,d,10,steer,c045,0.052330970764160156,-0.48731040954589844,0.026463337242603302,0.5898341536521912
-4.0,eval,d,10,steer,c011,-0.16443920135498047,-0.42661190032958984,0.026463337242603302,0.5898341536521912
-4.0,eval,d,10,steer,c020,0.4436349868774414,-0.3213834762573242,0.026463337242603302,0.5898341536521912
-4.0,eval,d,10,steer,c044,-0.2119913101196289,-0.43035030364990234,0.026463337242603302,0.5898341536521912
-4.0,eval,d,10,steer,c016,0.09583663940429688,-0.47332763671875,0.026463337242603302,0.5898341536521912
-4.0,eval,d,10,steer,c056,-0.3325691223144531,-0.27965354919433594,0.026463337242603302,0.5898341536521912
-4.0,eval,d,10,steer,c025,-0.033797264099121094,-0.26130008697509766,0.026463337242603302,0.5898341536521912
-4.0,eval,d,10,steer,c029,0.07373619079589844,-0.09314346313476562,0.026463337242603302,0.5898341536521912
-4.0,eval,d,10,steer,c014,-0.07632637023925781,-0.42285919189453125,0.026463337242603302,0.5898341536521912
-4.0,eval,d,10,steer,c002,0.22802066802978516,-0.2647733688354492,0.026463337242603302,0.5898341536521912
-4.0,eval,d,10,steer,c023,0.4643087387084961,-0.35555076599121094,0.026463337242603302,0.5898341536521912
-4.0,eval,d,10,steer,c046,-0.08551502227783203,-0.21215343475341797,0.026463337242603302,0.5898341536521912
-4.0,eval,d,10,steer,c022,0.14246273040771484,-0.1854238510131836,0.026463337242603302,0.5898341536521912
-4.0,eval,d,10,steer,c050,0.46480274200439453,-0.48105907440185547,0.026463337242603302,0.5898341536521912
-4.0,deploy,d,10,steer,c006,-0.19931888580322266,-0.5455255508422852,0.017191138118505478,0.41640567779541016
-4.0,deploy,d,10,steer,c017,-0.5045337677001953,-0.3130617141723633,0.017191138118505478,0.41640567779541016
-4.0,deploy,d,10,steer,c039,-0.35253429412841797,-0.12290477752685547,0.017191138118505478,0.41640567779541016
-4.0,deploy,d,10,steer,c036,-0.4127655029296875,-0.4263925552368164,0.017191138118505478,0.41640567779541016
-4.0,deploy,d,10,steer,c009,-0.49242401123046875,-0.1172342300415039,0.017191138118505478,0.41640567779541016
-4.0,deploy,d,10,steer,c000,-0.5029640197753906,-0.24125099182128906,0.017191138118505478,0.41640567779541016
-4.0,deploy,d,10,steer,c013,-0.28827667236328125,-0.6038074493408203,0.017191138118505478,0.41640567779541016
-4.0,deploy,d,10,steer,c049,-0.6664705276489258,-0.3023395538330078,0.017191138118505478,0.41640567779541016
-4.0,deploy,d,10,steer,c058,-0.5053873062133789,-0.1804676055908203,0.017191138118505478,0.41640567779541016
-4.0,deploy,d,10,steer,c024,-0.6551284790039062,-0.2751426696777344,0.017191138118505478,0.41640567779541016
-4.0,deploy,d,10,steer,c042,-0.6641550064086914,-0.36637020111083984,0.017191138118505478,0.41640567779541016
-4.0,deploy,d,10,steer,c047,-0.2771139144897461,-0.46326732635498047,0.017191138118505478,0.41640567779541016
-4.0,deploy,d,10,steer,c043,-0.9948606491088867,-0.29038047790527344,0.017191138118505478,0.41640567779541016
-4.0,deploy,d,10,steer,c003,-0.49254703521728516,-0.3683023452758789,0.017191138118505478,0.41640567779541016
-4.0,deploy,d,10,steer,c041,-1.0976457595825195,-0.29128265380859375,0.017191138118505478,0.41640567779541016
-4.0,deploy,d,10,steer,c008,-0.3633270263671875,-0.06323909759521484,0.017191138118505478,0.41640567779541016
-4.0,deploy,d,10,steer,c045,-0.7303056716918945,-0.3343467712402344,0.017191138118505478,0.41640567779541016
-4.0,deploy,d,10,steer,c011,-0.36080265045166016,-0.4769277572631836,0.017191138118505478,0.41640567779541016
-4.0,deploy,d,10,steer,c020,-0.5743284225463867,-0.19076824188232422,0.017191138118505478,0.41640567779541016
-4.0,deploy,d,10,steer,c044,-0.6247825622558594,-0.3189268112182617,0.017191138118505478,0.41640567779541016
-4.0,deploy,d,10,steer,c016,-0.5860023498535156,-0.3768177032470703,0.017191138118505478,0.41640567779541016
-4.0,deploy,d,10,steer,c056,-0.32061290740966797,-0.23911190032958984,0.017191138118505478,0.41640567779541016
-4.0,deploy,d,10,steer,c025,-0.5100822448730469,-0.2704429626464844,0.017191138118505478,0.41640567779541016
-4.0,deploy,d,10,steer,c029,-0.8350582122802734,-0.10567760467529297,0.017191138118505478,0.41640567779541016
-4.0,deploy,d,10,steer,c014,-0.18151187896728516,-0.5077934265136719,0.017191138118505478,0.41640567779541016
-4.0,deploy,d,10,steer,c002,-0.5956859588623047,-0.34035778045654297,0.017191138118505478,0.41640567779541016
-4.0,deploy,d,10,steer,c023,-0.4581127166748047,-0.3108797073364258,0.017191138118505478,0.41640567779541016
-4.0,deploy,d,10,steer,c046,-1.0143823623657227,-0.2908782958984375,0.017191138118505478,0.41640567779541016
-4.0,deploy,d,10,steer,c022,-0.33498287200927734,-0.3902397155761719,0.017191138118505478,0.41640567779541016
-4.0,deploy,d,10,steer,c050,-0.509791374206543,-0.4788522720336914,0.017191138118505478,0.41640567779541016
-4.0,deploy,d,10,steer,c006,-0.4451751708984375,-0.5180025100708008,0.017191138118505478,0.41640567779541016
-4.0,deploy,d,10,steer,c017,-0.3322029113769531,-0.434539794921875,0.017191138118505478,0.41640567779541016
-4.0,deploy,d,10,steer,c039,-0.4551858901977539,-0.10297584533691406,0.017191138118505478,0.41640567779541016
-4.0,deploy,d,10,steer,c036,-0.5014877319335938,-0.24932575225830078,0.017191138118505478,0.41640567779541016
-4.0,deploy,d,10,steer,c009,-0.2406787872314453,-0.16014385223388672,0.017191138118505478,0.41640567779541016
-4.0,deploy,d,10,steer,c000,-0.5709905624389648,-0.23532867431640625,0.017191138118505478,0.41640567779541016
-4.0,deploy,d,10,steer,c013,-0.0861368179321289,-0.4574766159057617,0.017191138118505478,0.41640567779541016
-4.0,deploy,d,10,steer,c049,-0.9906520843505859,-0.20761871337890625,0.017191138118505478,0.41640567779541016
-4.0,deploy,d,10,steer,c058,-0.5743722915649414,-0.1739978790283203,0.017191138118505478,0.41640567779541016
-4.0,deploy,d,10,steer,c024,-0.5462179183959961,-0.4641599655151367,0.017191138118505478,0.41640567779541016
-4.0,deploy,d,10,steer,c042,-0.7759609222412109,-0.2666311264038086,0.017191138118505478,0.41640567779541016
-4.0,deploy,d,10,steer,c047,-0.3270406723022461,-0.39776134490966797,0.017191138118505478,0.41640567779541016
-4.0,deploy,d,10,steer,c043,-1.4329595565795898,-0.2162618637084961,0.017191138118505478,0.41640567779541016
-4.0,deploy,d,10,steer,c003,-0.5550622940063477,-0.37130260467529297,0.017191138118505478,0.41640567779541016
-4.0,deploy,d,10,steer,c041,-0.6089134216308594,-0.4124765396118164,0.017191138118505478,0.41640567779541016
-4.0,deploy,d,10,steer,c008,-0.5653781890869141,0.13235855102539062,0.017191138118505478,0.41640567779541016
-4.0,deploy,d,10,steer,c045,-1.095881462097168,-0.3230743408203125,0.017191138118505478,0.41640567779541016
-4.0,deploy,d,10,steer,c011,-0.2646141052246094,-0.4734630584716797,0.017191138118505478,0.41640567779541016
-4.0,deploy,d,10,steer,c020,-0.5672426223754883,-0.34332942962646484,0.017191138118505478,0.41640567779541016
-4.0,deploy,d,10,steer,c044,-0.6126337051391602,-0.4248228073120117,0.017191138118505478,0.41640567779541016
-4.0,deploy,d,10,steer,c016,-0.14633655548095703,-0.3450489044189453,0.017191138118505478,0.41640567779541016
-4.0,deploy,d,10,steer,c056,-0.1728038787841797,-0.13846492767333984,0.017191138118505478,0.41640567779541016
-4.0,deploy,d,10,steer,c025,-0.31134510040283203,-0.30376243591308594,0.017191138118505478,0.41640567779541016
-4.0,deploy,d,10,steer,c029,-0.5338897705078125,-0.11899280548095703,0.017191138118505478,0.41640567779541016
-4.0,deploy,d,10,steer,c014,-0.642333984375,-0.3524036407470703,0.017191138118505478,0.41640567779541016
-4.0,deploy,d,10,steer,c002,-0.6747837066650391,-0.211761474609375,0.017191138118505478,0.41640567779541016
-4.0,deploy,d,10,steer,c023,-0.5170917510986328,-0.3358144760131836,0.017191138118505478,0.41640567779541016
-4.0,deploy,d,10,steer,c046,-0.6206750869750977,-0.2629079818725586,0.017191138118505478,0.41640567779541016
-4.0,deploy,d,10,steer,c022,-0.6518430709838867,-0.17525196075439453,0.017191138118505478,0.41640567779541016
-4.0,deploy,d,10,steer,c050,-0.8351898193359375,-0.35549068450927734,0.017191138118505478,0.41640567779541016
-4.0,eval,random,10,steer,c006,1.0785710016886394,0.06534067789713549,0.030466248902181785,0.5179974734783173
-4.0,eval,random,10,steer,c017,0.7328592936197916,0.1071077982584635,0.030466248902181785,0.5179974734783173
-4.0,eval,random,10,steer,c039,0.897557258605957,0.19593334197998047,0.030466248902181785,0.5179974734783173
-4.0,eval,random,10,steer,c036,0.3833243052164714,0.1206032435099284,0.030466248902181785,0.5179974734783173
-4.0,eval,random,10,steer,c009,0.01116339365641276,0.06921641031901042,0.030466248902181785,0.5179974734783173
-4.0,eval,random,10,steer,c000,0.6125866572062174,0.023693720499674442,0.030466248902181785,0.5179974734783173
-4.0,eval,random,10,steer,c013,1.6675586700439453,0.004117012023925781,0.030466248902181785,0.5179974734783173
-4.0,eval,random,10,steer,c049,0.6657323837280273,0.054225921630859375,0.030466248902181785,0.5179974734783173
-4.0,eval,random,10,steer,c058,0.608708381652832,0.021262168884277344,0.030466248902181785,0.5179974734783173
-4.0,eval,random,10,steer,c024,0.24261061350504556,0.09200445810953775,0.030466248902181785,0.5179974734783173
-4.0,eval,random,10,steer,c042,1.033199628194173,0.11233743031819654,0.030466248902181785,0.5179974734783173
-4.0,eval,random,10,steer,c047,0.5430596669514974,0.11760552724202478,0.030466248902181785,0.5179974734783173
-4.0,eval,random,10,steer,c043,-0.584498405456543,0.15024852752685547,0.030466248902181785,0.5179974734783173
-4.0,eval,random,10,steer,c003,0.7543856302897135,0.05077330271402991,0.030466248902181785,0.5179974734783173
-4.0,eval,random,10,steer,c041,0.7271270751953125,-0.021396636962890625,0.030466248902181785,0.5179974734783173
-4.0,eval,random,10,steer,c008,-0.05760065714518229,0.01146348317464193,0.030466248902181785,0.5179974734783173
-4.0,eval,random,10,steer,c045,1.6636171340942383,-0.1915149688720703,0.030466248902181785,0.5179974734783173
-4.0,eval,random,10,steer,c011,0.849811871846517,-0.060374895731608036,0.030466248902181785,0.5179974734783173
-4.0,eval,random,10,steer,c020,1.6949408849080403,-0.129290262858073,0.030466248902181785,0.5179974734783173
-4.0,eval,random,10,steer,c044,1.9041337966918945,-0.08915138244628906,0.030466248902181785,0.5179974734783173
-4.0,eval,random,10,steer,c016,0.7683900197347006,0.13027032216389978,0.030466248902181785,0.5179974734783173
-4.0,eval,random,10,steer,c056,0.967158317565918,0.16707229614257812,0.030466248902181785,0.5179974734783173
-4.0,eval,random,10,steer,c025,0.3198687235514323,0.1611591974894206,0.030466248902181785,0.5179974734783173
-4.0,eval,random,10,steer,c029,0.42083899180094403,0.0806709925333659,0.030466248902181785,0.5179974734783173
-4.0,eval,random,10,steer,c014,0.5760656992594401,0.1781965891520182,0.030466248902181785,0.5179974734783173
-4.0,eval,random,10,steer,c002,0.6745977401733398,0.16009902954101562,0.030466248902181785,0.5179974734783173
-4.0,eval,random,10,steer,c023,0.628912607828776,0.057844797770182255,0.030466248902181785,0.5179974734783173
-4.0,eval,random,10,steer,c046,0.6034472783406576,-0.02303568522135413,0.030466248902181785,0.5179974734783173
-4.0,eval,random,10,steer,c022,0.34104379018147785,0.12650903065999347,0.030466248902181785,0.5179974734783173
-4.0,eval,random,10,steer,c050,1.185829480489095,0.07094319661458326,0.030466248902181785,0.5179974734783173
-4.0,eval,random,10,steer,c006,1.3163315455118816,0.1332604090372722,0.030466248902181785,0.5179974734783173
-4.0,eval,random,10,steer,c017,0.9608383178710938,0.08060359954833984,0.030466248902181785,0.5179974734783173
-4.0,eval,random,10,steer,c039,0.2845958073933919,0.013150533040364565,0.030466248902181785,0.5179974734783173
-4.0,eval,random,10,steer,c036,0.7112566630045573,0.07542006174723304,0.030466248902181785,0.5179974734783173
-4.0,eval,random,10,steer,c009,1.0263996124267578,0.05296516418457031,0.030466248902181785,0.5179974734783173
-4.0,eval,random,10,steer,c000,0.7332315444946289,0.1151895523071289,0.030466248902181785,0.5179974734783173
-4.0,eval,random,10,steer,c013,0.8180309931437174,0.08265463511149085,0.030466248902181785,0.5179974734783173
-4.0,eval,random,10,steer,c049,-0.010322252909342447,0.040146191914876304,0.030466248902181785,0.5179974734783173
-4.0,eval,random,10,steer,c058,0.6273574829101562,-0.0286102294921875,0.030466248902181785,0.5179974734783173
-4.0,eval,random,10,steer,c024,0.3251749674479167,0.07310549418131512,0.030466248902181785,0.5179974734783173
-4.0,eval,random,10,steer,c042,0.29068851470947266,0.1068716049194336,0.030466248902181785,0.5179974734783173
-4.0,eval,random,10,steer,c047,0.7159544626871744,0.012716929117838505,0.030466248902181785,0.5179974734783173
-4.0,eval,random,10,steer,c043,0.11591752370198567,0.06044228871663411,0.030466248902181785,0.5179974734783173
-4.0,eval,random,10,steer,c003,0.4681854248046875,-0.026960372924804688,0.030466248902181785,0.5179974734783173
-4.0,eval,random,10,steer,c041,0.15282154083251953,-0.0747060775756836,0.030466248902181785,0.5179974734783173
-4.0,eval,random,10,steer,c008,0.4697510401407878,0.13200632731119794,0.030466248902181785,0.5179974734783173
-4.0,eval,random,10,steer,c045,0.6155509948730469,0.07590961456298828,0.030466248902181785,0.5179974734783173
-4.0,eval,random,10,steer,c011,0.3334573109944661,0.07128461201985675,0.030466248902181785,0.5179974734783173
-4.0,eval,random,10,steer,c020,0.8795735041300455,0.11455504099527991,0.030466248902181785,0.5179974734783173
-4.0,eval,random,10,steer,c044,0.27839406331380206,0.06003506978352863,0.030466248902181785,0.5179974734783173
-4.0,eval,random,10,steer,c016,0.7004604339599609,0.13129615783691406,0.030466248902181785,0.5179974734783173
-4.0,eval,random,10,steer,c056,0.06635665893554688,0.11927223205566406,0.030466248902181785,0.5179974734783173
-4.0,eval,random,10,steer,c025,0.29054101308186847,0.06303819020589191,0.030466248902181785,0.5179974734783173
-4.0,eval,random,10,steer,c029,0.2775459289550781,0.11066627502441406,0.030466248902181785,0.5179974734783173
-4.0,eval,random,10,steer,c014,0.4426247278849284,0.09609190622965497,0.030466248902181785,0.5179974734783173
-4.0,eval,random,10,steer,c002,0.5451021194458008,0.052308082580566406,0.030466248902181785,0.5179974734783173
-4.0,eval,random,10,steer,c023,0.8958148956298828,0.07595539093017578,0.030466248902181785,0.5179974734783173
-4.0,eval,random,10,steer,c046,0.02616723378499349,-0.10047117869059245,0.030466248902181785,0.5179974734783173
-4.0,eval,random,10,steer,c022,0.3252512613932292,-0.0026353200276692523,0.030466248902181785,0.5179974734783173
-4.0,eval,random,10,steer,c050,1.0717776616414387,0.12591584523518873,0.030466248902181785,0.5179974734783173
-2.0,eval,d,10,steer,c006,0.8157072067260742,-0.1975231170654297,0.009057239629328251,0.5802714824676514
-2.0,eval,d,10,steer,c017,0.36214733123779297,-0.26360416412353516,0.009057239629328251,0.5802714824676514
-2.0,eval,d,10,steer,c039,0.47803783416748047,-0.2235860824584961,0.009057239629328251,0.5802714824676514
-2.0,eval,d,10,steer,c036,0.07561111450195312,-0.18710994720458984,0.009057239629328251,0.5802714824676514
-2.0,eval,d,10,steer,c009,-0.1711559295654297,-0.11310291290283203,0.009057239629328251,0.5802714824676514
-2.0,eval,d,10,steer,c000,0.5230312347412109,-0.06586170196533203,0.009057239629328251,0.5802714824676514
-2.0,eval,d,10,steer,c013,1.314788818359375,-0.34865283966064453,0.009057239629328251,0.5802714824676514
-2.0,eval,d,10,steer,c049,0.2973966598510742,-0.31410980224609375,0.009057239629328251,0.5802714824676514
-2.0,eval,d,10,steer,c058,0.5157098770141602,-0.07173633575439453,0.009057239629328251,0.5802714824676514
-2.0,eval,d,10,steer,c024,0.009335517883300781,-0.14127063751220703,0.009057239629328251,0.5802714824676514
-2.0,eval,d,10,steer,c042,0.506718635559082,-0.41414356231689453,0.009057239629328251,0.5802714824676514
-2.0,eval,d,10,steer,c047,0.38088321685791016,-0.0445709228515625,0.009057239629328251,0.5802714824676514
-2.0,eval,d,10,steer,c043,-0.8074302673339844,-0.07268333435058594,0.009057239629328251,0.5802714824676514
-2.0,eval,d,10,steer,c003,0.48316383361816406,-0.22044849395751953,0.009057239629328251,0.5802714824676514
-2.0,eval,d,10,steer,c041,0.6556329727172852,-0.09289073944091797,0.009057239629328251,0.5802714824676514
-2.0,eval,d,10,steer,c008,-0.14624977111816406,-0.07718563079833984,0.009057239629328251,0.5802714824676514
-2.0,eval,d,10,steer,c045,1.5427579879760742,-0.3123741149902344,0.009057239629328251,0.5802714824676514
-2.0,eval,d,10,steer,c011,0.605438232421875,-0.30474853515625,0.009057239629328251,0.5802714824676514
-2.0,eval,d,10,steer,c020,1.5552330017089844,-0.2689981460571289,0.009057239629328251,0.5802714824676514
-2.0,eval,d,10,steer,c044,1.6078300476074219,-0.3854551315307617,0.009057239629328251,0.5802714824676514
-2.0,eval,d,10,steer,c016,0.39330387115478516,-0.24481582641601562,0.009057239629328251,0.5802714824676514
-2.0,eval,d,10,steer,c056,0.7330293655395508,-0.06705665588378906,0.009057239629328251,0.5802714824676514
-2.0,eval,d,10,steer,c025,0.055149078369140625,-0.1035604476928711,0.009057239629328251,0.5802714824676514
-2.0,eval,d,10,steer,c029,0.2529468536376953,-0.08722114562988281,0.009057239629328251,0.5802714824676514
-2.0,eval,d,10,steer,c014,0.13295650482177734,-0.26491260528564453,0.009057239629328251,0.5802714824676514
-2.0,eval,d,10,steer,c002,0.3877296447753906,-0.1267690658569336,0.009057239629328251,0.5802714824676514
-2.0,eval,d,10,steer,c023,0.44823741912841797,-0.12283039093017578,0.009057239629328251,0.5802714824676514
-2.0,eval,d,10,steer,c046,0.48841381072998047,-0.13806915283203125,0.009057239629328251,0.5802714824676514
-2.0,eval,d,10,steer,c022,0.053086280822753906,-0.16144847869873047,0.009057239629328251,0.5802714824676514
-2.0,eval,d,10,steer,c050,0.7904872894287109,-0.3243989944458008,0.009057239629328251,0.5802714824676514
-2.0,eval,d,10,steer,c006,0.8722343444824219,-0.3108367919921875,0.009057239629328251,0.5802714824676514
-2.0,eval,d,10,steer,c017,0.7230968475341797,-0.15713787078857422,0.009057239629328251,0.5802714824676514
-2.0,eval,d,10,steer,c039,0.15956783294677734,-0.11187744140625,0.009057239629328251,0.5802714824676514
-2.0,eval,d,10,steer,c036,0.2676811218261719,-0.36815547943115234,0.009057239629328251,0.5802714824676514
-2.0,eval,d,10,steer,c009,0.7688226699829102,-0.20461177825927734,0.009057239629328251,0.5802714824676514
-2.0,eval,d,10,steer,c000,0.37382030487060547,-0.24422168731689453,0.009057239629328251,0.5802714824676514
-2.0,eval,d,10,steer,c013,0.3620328903198242,-0.37334346771240234,0.009057239629328251,0.5802714824676514
-2.0,eval,d,10,steer,c049,-0.27922725677490234,-0.2287588119506836,0.009057239629328251,0.5802714824676514
-2.0,eval,d,10,steer,c058,0.4605369567871094,-0.19543075561523438,0.009057239629328251,0.5802714824676514
-2.0,eval,d,10,steer,c024,0.08362960815429688,-0.1684398651123047,0.009057239629328251,0.5802714824676514
-2.0,eval,d,10,steer,c042,0.01439666748046875,-0.1694202423095703,0.009057239629328251,0.5802714824676514
-2.0,eval,d,10,steer,c047,0.6216564178466797,-0.08158111572265625,0.009057239629328251,0.5802714824676514
-2.0,eval,d,10,steer,c043,0.04514026641845703,-0.010334968566894531,0.009057239629328251,0.5802714824676514
-2.0,eval,d,10,steer,c003,0.2622337341308594,-0.2329120635986328,0.009057239629328251,0.5802714824676514
-2.0,eval,d,10,steer,c041,0.14550399780273438,-0.08202362060546875,0.009057239629328251,0.5802714824676514
-2.0,eval,d,10,steer,c008,0.2399148941040039,-0.09782981872558594,0.009057239629328251,0.5802714824676514
-2.0,eval,d,10,steer,c045,0.2969045639038086,-0.24273681640625,0.009057239629328251,0.5802714824676514
-2.0,eval,d,10,steer,c011,0.04373931884765625,-0.21843338012695312,0.009057239629328251,0.5802714824676514
-2.0,eval,d,10,steer,c020,0.6467618942260742,-0.1182565689086914,0.009057239629328251,0.5802714824676514
-2.0,eval,d,10,steer,c044,-0.03610515594482422,-0.25446414947509766,0.009057239629328251,0.5802714824676514
-2.0,eval,d,10,steer,c016,0.38225269317626953,-0.18691158294677734,0.009057239629328251,0.5802714824676514
-2.0,eval,d,10,steer,c056,-0.20560073852539062,-0.15268516540527344,0.009057239629328251,0.5802714824676514
-2.0,eval,d,10,steer,c025,0.09832000732421875,-0.1291828155517578,0.009057239629328251,0.5802714824676514
-2.0,eval,d,10,steer,c029,0.16916751861572266,0.0022878646850585938,0.009057239629328251,0.5802714824676514
-2.0,eval,d,10,steer,c014,0.1285562515258789,-0.21797657012939453,0.009057239629328251,0.5802714824676514
-2.0,eval,d,10,steer,c002,0.37847423553466797,-0.1143198013305664,0.009057239629328251,0.5802714824676514
-2.0,eval,d,10,steer,c023,0.7213258743286133,-0.09853363037109375,0.009057239629328251,0.5802714824676514
-2.0,eval,d,10,steer,c046,0.05805015563964844,-0.0685882568359375,0.009057239629328251,0.5802714824676514
-2.0,eval,d,10,steer,c022,0.3058767318725586,-0.022009849548339844,0.009057239629328251,0.5802714824676514
-2.0,eval,d,10,steer,c050,0.7322759628295898,-0.21358585357666016,0.009057239629328251,0.5802714824676514
-2.0,deploy,d,10,steer,c006,0.061687469482421875,-0.2845191955566406,0.005475761368870735,0.3943113684654236
-2.0,deploy,d,10,steer,c017,-0.3914613723754883,-0.19998931884765625,0.005475761368870735,0.3943113684654236
-2.0,deploy,d,10,steer,c039,-0.2700471878051758,-0.04041767120361328,0.005475761368870735,0.3943113684654236
-2.0,deploy,d,10,steer,c036,-0.2355175018310547,-0.2491445541381836,0.005475761368870735,0.3943113684654236
-2.0,deploy,d,10,steer,c009,-0.42072296142578125,-0.045533180236816406,0.005475761368870735,0.3943113684654236
-2.0,deploy,d,10,steer,c000,-0.38757991790771484,-0.12586688995361328,0.005475761368870735,0.3943113684654236
-2.0,deploy,d,10,steer,c013,-0.04233741760253906,-0.3578681945800781,0.005475761368870735,0.3943113684654236
-2.0,deploy,d,10,steer,c049,-0.5465278625488281,-0.18239688873291016,0.005475761368870735,0.3943113684654236
-2.0,deploy,d,10,steer,c058,-0.4035491943359375,-0.0786294937133789,0.005475761368870735,0.3943113684654236
-2.0,deploy,d,10,steer,c024,-0.5312376022338867,-0.15125179290771484,0.005475761368870735,0.3943113684654236
-2.0,deploy,d,10,steer,c042,-0.49037647247314453,-0.19259166717529297,0.005475761368870735,0.3943113684654236
-2.0,deploy,d,10,steer,c047,-0.04241943359375,-0.22857284545898438,0.005475761368870735,0.3943113684654236
-2.0,deploy,d,10,steer,c043,-0.8585081100463867,-0.15402793884277344,0.005475761368870735,0.3943113684654236
-2.0,deploy,d,10,steer,c003,-0.3021402359008789,-0.17789554595947266,0.005475761368870735,0.3943113684654236
-2.0,deploy,d,10,steer,c041,-1.0186185836791992,-0.21225547790527344,0.005475761368870735,0.3943113684654236
-2.0,deploy,d,10,steer,c008,-0.3616971969604492,-0.06160926818847656,0.005475761368870735,0.3943113684654236
-2.0,deploy,d,10,steer,c045,-0.5715751647949219,-0.17561626434326172,0.005475761368870735,0.3943113684654236
-2.0,deploy,d,10,steer,c011,-0.1542348861694336,-0.27035999298095703,0.005475761368870735,0.3943113684654236
-2.0,deploy,d,10,steer,c020,-0.48668956756591797,-0.10312938690185547,0.005475761368870735,0.3943113684654236
-2.0,deploy,d,10,steer,c044,-0.4974651336669922,-0.19160938262939453,0.005475761368870735,0.3943113684654236
-2.0,deploy,d,10,steer,c016,-0.39480113983154297,-0.18561649322509766,0.005475761368870735,0.3943113684654236
-2.0,deploy,d,10,steer,c056,-0.18304824829101562,-0.1015472412109375,0.005475761368870735,0.3943113684654236
-2.0,deploy,d,10,steer,c025,-0.3778390884399414,-0.1381998062133789,0.005475761368870735,0.3943113684654236
-2.0,deploy,d,10,steer,c029,-0.7575130462646484,-0.02813243865966797,0.005475761368870735,0.3943113684654236
-2.0,deploy,d,10,steer,c014,0.05818367004394531,-0.2680978775024414,0.005475761368870735,0.3943113684654236
-2.0,deploy,d,10,steer,c002,-0.43838977813720703,-0.1830615997314453,0.005475761368870735,0.3943113684654236
-2.0,deploy,d,10,steer,c023,-0.29509449005126953,-0.14786148071289062,0.005475761368870735,0.3943113684654236
-2.0,deploy,d,10,steer,c046,-0.9168844223022461,-0.19338035583496094,0.005475761368870735,0.3943113684654236
-2.0,deploy,d,10,steer,c022,-0.15286731719970703,-0.20812416076660156,0.005475761368870735,0.3943113684654236
-2.0,deploy,d,10,steer,c050,-0.3147602081298828,-0.28382110595703125,0.005475761368870735,0.3943113684654236
-2.0,deploy,d,10,steer,c006,-0.2099437713623047,-0.28277111053466797,0.005475761368870735,0.3943113684654236
-2.0,deploy,d,10,steer,c017,-0.1335926055908203,-0.2359294891357422,0.005475761368870735,0.3943113684654236
-2.0,deploy,d,10,steer,c039,-0.3764667510986328,-0.02425670623779297,0.005475761368870735,0.3943113684654236
-2.0,deploy,d,10,steer,c036,-0.3883075714111328,-0.13614559173583984,0.005475761368870735,0.3943113684654236
-2.0,deploy,d,10,steer,c009,-0.12050056457519531,-0.03996562957763672,0.005475761368870735,0.3943113684654236
-2.0,deploy,d,10,steer,c000,-0.4766864776611328,-0.14102458953857422,0.005475761368870735,0.3943113684654236
-2.0,deploy,d,10,steer,c013,0.12402915954589844,-0.24731063842773438,0.005475761368870735,0.3943113684654236
-2.0,deploy,d,10,steer,c049,-0.8649911880493164,-0.08195781707763672,0.005475761368870735,0.3943113684654236
-2.0,deploy,d,10,steer,c058,-0.4737377166748047,-0.0733633041381836,0.005475761368870735,0.3943113684654236
-2.0,deploy,d,10,steer,c024,-0.35303688049316406,-0.2709789276123047,0.005475761368870735,0.3943113684654236
-2.0,deploy,d,10,steer,c042,-0.6472606658935547,-0.13793087005615234,0.005475761368870735,0.3943113684654236
-2.0,deploy,d,10,steer,c047,-0.1013946533203125,-0.17211532592773438,0.005475761368870735,0.3943113684654236
-2.0,deploy,d,10,steer,c043,-1.375375747680664,-0.1586780548095703,0.005475761368870735,0.3943113684654236
-2.0,deploy,d,10,steer,c003,-0.3459482192993164,-0.16218852996826172,0.005475761368870735,0.3943113684654236
-2.0,deploy,d,10,steer,c041,-0.44028282165527344,-0.24384593963623047,0.005475761368870735,0.3943113684654236
-2.0,deploy,d,10,steer,c008,-0.6578168869018555,0.03991985321044922,0.005475761368870735,0.3943113684654236
-2.0,deploy,d,10,steer,c045,-0.9588499069213867,-0.18604278564453125,0.005475761368870735,0.3943113684654236
-2.0,deploy,d,10,steer,c011,-0.05224609375,-0.2610950469970703,0.005475761368870735,0.3943113684654236
-2.0,deploy,d,10,steer,c020,-0.3985891342163086,-0.17467594146728516,0.005475761368870735,0.3943113684654236
-2.0,deploy,d,10,steer,c044,-0.3972654342651367,-0.20945453643798828,0.005475761368870735,0.3943113684654236
-2.0,deploy,d,10,steer,c016,0.055632591247558594,-0.1430797576904297,0.005475761368870735,0.3943113684654236
-2.0,deploy,d,10,steer,c056,-0.07701492309570312,-0.04267597198486328,0.005475761368870735,0.3943113684654236
-2.0,deploy,d,10,steer,c025,-0.150634765625,-0.1430521011352539,0.005475761368870735,0.3943113684654236
-2.0,deploy,d,10,steer,c029,-0.46985721588134766,-0.05496025085449219,0.005475761368870735,0.3943113684654236
-2.0,deploy,d,10,steer,c014,-0.48337841033935547,-0.19344806671142578,0.005475761368870735,0.3943113684654236
-2.0,deploy,d,10,steer,c002,-0.6001005172729492,-0.13707828521728516,0.005475761368870735,0.3943113684654236
-2.0,deploy,d,10,steer,c023,-0.34746456146240234,-0.16618728637695312,0.005475761368870735,0.3943113684654236
-2.0,deploy,d,10,steer,c046,-0.5143985748291016,-0.1566314697265625,0.005475761368870735,0.3943113684654236
-2.0,deploy,d,10,steer,c022,-0.5952949523925781,-0.11870384216308594,0.005475761368870735,0.3943113684654236
-2.0,deploy,d,10,steer,c050,-0.7143659591674805,-0.2346668243408203,0.005475761368870735,0.3943113684654236
-2.0,eval,random,10,steer,c006,1.0537039438883464,0.04047362009684252,0.009386601547400156,0.526283989350001
-2.0,eval,random,10,steer,c017,0.6612014770507812,0.035449981689453125,0.009386601547400156,0.526283989350001
-2.0,eval,random,10,steer,c039,0.7976903915405273,0.09606647491455078,0.009386601547400156,0.526283989350001
-2.0,eval,random,10,steer,c036,0.2818870544433594,0.019165992736816406,0.009386601547400156,0.526283989350001
-2.0,eval,random,10,steer,c009,-0.027288118998209637,0.03076489766438802,0.009386601547400156,0.526283989350001
-2.0,eval,random,10,steer,c000,0.5993550618489584,0.010462125142415402,0.009386601547400156,0.526283989350001
-2.0,eval,random,10,steer,c013,1.6868658065795898,0.023424148559570312,0.009386601547400156,0.526283989350001
-2.0,eval,random,10,steer,c049,0.676971435546875,0.06546497344970703,0.009386601547400156,0.526283989350001
-2.0,eval,random,10,steer,c058,0.588568369547526,0.0011221567789713172,0.009386601547400156,0.526283989350001
-2.0,eval,random,10,steer,c024,0.152557373046875,0.0019512176513671875,0.009386601547400156,0.526283989350001
-2.0,eval,random,10,steer,c042,0.9680080413818359,0.047145843505859375,0.009386601547400156,0.526283989350001
-2.0,eval,random,10,steer,c047,0.4784129460652669,0.05295880635579425,0.009386601547400156,0.526283989350001
-2.0,eval,random,10,steer,c043,-0.6804189682006836,0.054327964782714844,0.009386601547400156,0.526283989350001
-2.0,eval,random,10,steer,c003,0.7075449625651041,0.003932634989420536,0.009386601547400156,0.526283989350001
-2.0,eval,random,10,steer,c041,0.7363621393839518,-0.012161572774251339,0.009386601547400156,0.526283989350001
-2.0,eval,random,10,steer,c008,-0.062496185302734375,0.006567955017089844,0.009386601547400156,0.526283989350001
-2.0,eval,random,10,steer,c045,1.801601727803548,-0.05353037516276049,0.009386601547400156,0.526283989350001
-2.0,eval,random,10,steer,c011,0.8947779337565104,-0.01540883382161462,0.009386601547400156,0.526283989350001
-2.0,eval,random,10,steer,c020,1.7853101094563801,-0.03892103830973315,0.009386601547400156,0.526283989350001
-2.0,eval,random,10,steer,c044,1.996957778930664,0.0036725997924804688,0.009386601547400156,0.526283989350001
-2.0,eval,random,10,steer,c016,0.6890233357747396,0.05090363820393884,0.009386601547400156,0.526283989350001
-2.0,eval,random,10,steer,c056,0.8526652654012045,0.05257924397786462,0.009386601547400156,0.526283989350001
-2.0,eval,random,10,steer,c025,0.19394461313883463,0.03523508707682291,0.009386601547400156,0.526283989350001
-2.0,eval,random,10,steer,c029,0.36971314748128253,0.02954514821370441,0.009386601547400156,0.526283989350001
-2.0,eval,random,10,steer,c014,0.4986426035563151,0.10077349344889325,0.009386601547400156,0.526283989350001
-2.0,eval,random,10,steer,c002,0.574742317199707,0.06024360656738281,0.009386601547400156,0.526283989350001
-2.0,eval,random,10,steer,c023,0.5775407155354818,0.006472905476888058,0.009386601547400156,0.526283989350001
-2.0,eval,random,10,steer,c046,0.5979960759480795,-0.028486887613932255,0.009386601547400156,0.526283989350001
-2.0,eval,random,10,steer,c022,0.2476161321004232,0.03308137257893881,0.009386601547400156,0.526283989350001
-2.0,eval,random,10,steer,c050,1.1476561228434246,0.032769838968912834,0.009386601547400156,0.526283989350001
-2.0,eval,random,10,steer,c006,1.2559318542480469,0.0728607177734375,0.009386601547400156,0.526283989350001
-2.0,eval,random,10,steer,c017,0.9250500996907552,0.04481538136800134,0.009386601547400156,0.526283989350001
-2.0,eval,random,10,steer,c039,0.26135921478271484,-0.0100860595703125,0.009386601547400156,0.526283989350001
-2.0,eval,random,10,steer,c036,0.6595191955566406,0.023682594299316406,0.009386601547400156,0.526283989350001
-2.0,eval,random,10,steer,c009,1.0132290522257488,0.03979460398356127,0.009386601547400156,0.526283989350001
-2.0,eval,random,10,steer,c000,0.6615680058797201,0.04352601369222009,0.009386601547400156,0.526283989350001
-2.0,eval,random,10,steer,c013,0.7682679494222006,0.032891591389973995,0.009386601547400156,0.526283989350001
-2.0,eval,random,10,steer,c049,-0.03344090779622396,0.01702753702799479,0.009386601547400156,0.526283989350001
-2.0,eval,random,10,steer,c058,0.6390193303426107,-0.016948382059733036,0.009386601547400156,0.526283989350001
-2.0,eval,random,10,steer,c024,0.2609405517578125,0.008871078491210938,0.009386601547400156,0.526283989350001
-2.0,eval,random,10,steer,c042,0.22044817606608072,0.03663126627604166,0.009386601547400156,0.526283989350001
-2.0,eval,random,10,steer,c047,0.690342903137207,-0.012894630432128906,0.009386601547400156,0.526283989350001
-2.0,eval,random,10,steer,c043,0.056247711181640625,0.0007724761962890625,0.009386601547400156,0.526283989350001
-2.0,eval,random,10,steer,c003,0.4674062728881836,-0.027739524841308594,0.009386601547400156,0.526283989350001
-2.0,eval,random,10,steer,c041,0.1679388682047526,-0.05958875020345053,0.009386601547400156,0.526283989350001
-2.0,eval,random,10,steer,c008,0.3897250493367513,0.05198033650716144,0.009386601547400156,0.526283989350001
-2.0,eval,random,10,steer,c045,0.5644934972127279,0.024852116902669308,0.009386601547400156,0.526283989350001
-2.0,eval,random,10,steer,c011,0.27954546610514325,0.017372767130533873,0.009386601547400156,0.526283989350001
-2.0,eval,random,10,steer,c020,0.8087043762207031,0.0436859130859375,0.009386601547400156,0.526283989350001
-2.0,eval,random,10,steer,c044,0.22303199768066406,0.004673004150390625,0.009386601547400156,0.526283989350001
-2.0,eval,random,10,steer,c016,0.6041615804036459,0.034997304280598995,0.009386601547400156,0.526283989350001
-2.0,eval,random,10,steer,c056,-0.02831713358561198,0.024598439534505207,0.009386601547400156,0.526283989350001
-2.0,eval,random,10,steer,c025,0.24569288889567056,0.018190066019694,0.009386601547400156,0.526283989350001
-2.0,eval,random,10,steer,c029,0.20187950134277344,0.034999847412109375,0.009386601547400156,0.526283989350001
-2.0,eval,random,10,steer,c014,0.3872353235880534,0.040702501932779966,0.009386601547400156,0.526283989350001
-2.0,eval,random,10,steer,c002,0.4884173075358073,-0.004376729329427065,0.009386601547400156,0.526283989350001
-2.0,eval,random,10,steer,c023,0.8484598795572916,0.0286003748575846,0.009386601547400156,0.526283989350001
-2.0,eval,random,10,steer,c046,0.06563027699788411,-0.06100813547770183,0.009386601547400156,0.526283989350001
-2.0,eval,random,10,steer,c022,0.30701669057210285,-0.02086989084879559,0.009386601547400156,0.526283989350001
-2.0,eval,random,10,steer,c050,1.0021047592163086,0.056242942810058594,0.009386601547400156,0.526283989350001
-1.0,eval,d,10,steer,c006,0.9159650802612305,-0.09726524353027344,0.0019601439125835896,0.5619211792945862
-1.0,eval,d,10,steer,c017,0.4874715805053711,-0.13827991485595703,0.0019601439125835896,0.5619211792945862
-1.0,eval,d,10,steer,c039,0.5780420303344727,-0.1235818862915039,0.0019601439125835896,0.5619211792945862
-1.0,eval,d,10,steer,c036,0.14335918426513672,-0.11936187744140625,0.0019601439125835896,0.5619211792945862
-1.0,eval,d,10,steer,c009,-0.12555503845214844,-0.06750202178955078,0.0019601439125835896,0.5619211792945862
-1.0,eval,d,10,steer,c000,0.5548667907714844,-0.034026145935058594,0.0019601439125835896,0.5619211792945862
-1.0,eval,d,10,steer,c013,1.4811210632324219,-0.18232059478759766,0.0019601439125835896,0.5619211792945862
-1.0,eval,d,10,steer,c049,0.4229106903076172,-0.18859577178955078,0.0019601439125835896,0.5619211792945862
-1.0,eval,d,10,steer,c058,0.5584907531738281,-0.028955459594726562,0.0019601439125835896,0.5619211792945862
-1.0,eval,d,10,steer,c024,0.06801414489746094,-0.08259201049804688,0.0019601439125835896,0.5619211792945862
-1.0,eval,d,10,steer,c042,0.7148036956787109,-0.20605850219726562,0.0019601439125835896,0.5619211792945862
-1.0,eval,d,10,steer,c047,0.40830135345458984,-0.017152786254882812,0.0019601439125835896,0.5619211792945862
-1.0,eval,d,10,steer,c043,-0.7848577499389648,-0.050110816955566406,0.0019601439125835896,0.5619211792945862
-1.0,eval,d,10,steer,c003,0.5893821716308594,-0.11423015594482422,0.0019601439125835896,0.5619211792945862
-1.0,eval,d,10,steer,c041,0.7050085067749023,-0.04351520538330078,0.0019601439125835896,0.5619211792945862
-1.0,eval,d,10,steer,c008,-0.11796760559082031,-0.048903465270996094,0.0019601439125835896,0.5619211792945862
-1.0,eval,d,10,steer,c045,1.7014989852905273,-0.15363311767578125,0.0019601439125835896,0.5619211792945862
-1.0,eval,d,10,steer,c011,0.7527027130126953,-0.1574840545654297,0.0019601439125835896,0.5619211792945862
-1.0,eval,d,10,steer,c020,1.6941194534301758,-0.1301116943359375,0.0019601439125835896,0.5619211792945862
-1.0,eval,d,10,steer,c044,1.7968053817749023,-0.19647979736328125,0.0019601439125835896,0.5619211792945862
-1.0,eval,d,10,steer,c016,0.5097808837890625,-0.12833881378173828,0.0019601439125835896,0.5619211792945862
-1.0,eval,d,10,steer,c056,0.7630634307861328,-0.03702259063720703,0.0019601439125835896,0.5619211792945862
-1.0,eval,d,10,steer,c025,0.08829402923583984,-0.07041549682617188,0.0019601439125835896,0.5619211792945862
-1.0,eval,d,10,steer,c029,0.29041385650634766,-0.04975414276123047,0.0019601439125835896,0.5619211792945862
-1.0,eval,d,10,steer,c014,0.26525020599365234,-0.13261890411376953,0.0019601439125835896,0.5619211792945862
-1.0,eval,d,10,steer,c002,0.44501495361328125,-0.06948375701904297,0.0019601439125835896,0.5619211792945862
-1.0,eval,d,10,steer,c023,0.4996938705444336,-0.07137393951416016,0.0019601439125835896,0.5619211792945862
-1.0,eval,d,10,steer,c046,0.5602293014526367,-0.066253662109375,0.0019601439125835896,0.5619211792945862
-1.0,eval,d,10,steer,c022,0.12706947326660156,-0.08746528625488281,0.0019601439125835896,0.5619211792945862
-1.0,eval,d,10,steer,c050,0.9523658752441406,-0.1625204086303711,0.0019601439125835896,0.5619211792945862
-1.0,eval,d,10,steer,c006,1.0228643417358398,-0.16020679473876953,0.0019601439125835896,0.5619211792945862
-1.0,eval,d,10,steer,c017,0.79986572265625,-0.0803689956665039,0.0019601439125835896,0.5619211792945862
-1.0,eval,d,10,steer,c039,0.19719505310058594,-0.0742502212524414,0.0019601439125835896,0.5619211792945862
-1.0,eval,d,10,steer,c036,0.4366159439086914,-0.1992206573486328,0.0019601439125835896,0.5619211792945862
-1.0,eval,d,10,steer,c009,0.8673810958862305,-0.10605335235595703,0.0019601439125835896,0.5619211792945862
-1.0,eval,d,10,steer,c000,0.48477649688720703,-0.13326549530029297,0.0019601439125835896,0.5619211792945862
-1.0,eval,d,10,steer,c013,0.53790283203125,-0.19747352600097656,0.0019601439125835896,0.5619211792945862
-1.0,eval,d,10,steer,c049,-0.18001556396484375,-0.129547119140625,0.0019601439125835896,0.5619211792945862
-1.0,eval,d,10,steer,c058,0.5588140487670898,-0.0971536636352539,0.0019601439125835896,0.5619211792945862
-1.0,eval,d,10,steer,c024,0.1569805145263672,-0.09508895874023438,0.0019601439125835896,0.5619211792945862
-1.0,eval,d,10,steer,c042,0.08907604217529297,-0.0947408676147461,0.0019601439125835896,0.5619211792945862
-1.0,eval,d,10,steer,c047,0.6685247421264648,-0.034712791442871094,0.0019601439125835896,0.5619211792945862
-1.0,eval,d,10,steer,c043,0.03683280944824219,-0.018642425537109375,0.0019601439125835896,0.5619211792945862
-1.0,eval,d,10,steer,c003,0.37012195587158203,-0.12502384185791016,0.0019601439125835896,0.5619211792945862
-1.0,eval,d,10,steer,c041,0.1915721893310547,-0.03595542907714844,0.0019601439125835896,0.5619211792945862
-1.0,eval,d,10,steer,c008,0.2710714340209961,-0.06667327880859375,0.0019601439125835896,0.5619211792945862
-1.0,eval,d,10,steer,c045,0.40995025634765625,-0.12969112396240234,0.0019601439125835896,0.5619211792945862
-1.0,eval,d,10,steer,c011,0.14003944396972656,-0.12213325500488281,0.0019601439125835896,0.5619211792945862
-1.0,eval,d,10,steer,c020,0.7046489715576172,-0.06036949157714844,0.0019601439125835896,0.5619211792945862
-1.0,eval,d,10,steer,c044,0.06404495239257812,-0.1543140411376953,0.0019601439125835896,0.5619211792945862
-1.0,eval,d,10,steer,c016,0.4729318618774414,-0.09623241424560547,0.0019601439125835896,0.5619211792945862
-1.0,eval,d,10,steer,c056,-0.14266395568847656,-0.08974838256835938,0.0019601439125835896,0.5619211792945862
-1.0,eval,d,10,steer,c025,0.1484689712524414,-0.07903385162353516,0.0019601439125835896,0.5619211792945862
-1.0,eval,d,10,steer,c029,0.16268157958984375,-0.0041980743408203125,0.0019601439125835896,0.5619211792945862
-1.0,eval,d,10,steer,c014,0.2274312973022461,-0.11910152435302734,0.0019601439125835896,0.5619211792945862
-1.0,eval,d,10,steer,c002,0.4224681854248047,-0.07032585144042969,0.0019601439125835896,0.5619211792945862
-1.0,eval,d,10,steer,c023,0.7749176025390625,-0.04494190216064453,0.0019601439125835896,0.5619211792945862
-1.0,eval,d,10,steer,c046,0.09682655334472656,-0.029811859130859375,0.0019601439125835896,0.5619211792945862
-1.0,eval,d,10,steer,c022,0.3251180648803711,-0.0027685165405273438,0.0019601439125835896,0.5619211792945862
-1.0,eval,d,10,steer,c050,0.8399906158447266,-0.10587120056152344,0.0019601439125835896,0.5619211792945862
-1.0,deploy,d,10,steer,c006,0.18759918212890625,-0.15860748291015625,0.0011344659142196178,0.3689363896846771
-1.0,deploy,d,10,steer,c017,-0.3158245086669922,-0.12435245513916016,0.0011344659142196178,0.3689363896846771
-1.0,deploy,d,10,steer,c039,-0.26259517669677734,-0.032965660095214844,0.0011344659142196178,0.3689363896846771
-1.0,deploy,d,10,steer,c036,-0.13624000549316406,-0.14986705780029297,0.0011344659142196178,0.3689363896846771
-1.0,deploy,d,10,steer,c009,-0.40544795989990234,-0.0302581787109375,0.0011344659142196178,0.3689363896846771
-1.0,deploy,d,10,steer,c000,-0.3431205749511719,-0.08140754699707031,0.0011344659142196178,0.3689363896846771
-1.0,deploy,d,10,steer,c013,0.11339092254638672,-0.20213985443115234,0.0011344659142196178,0.3689363896846771
-1.0,deploy,d,10,steer,c049,-0.46871376037597656,-0.1045827865600586,0.0011344659142196178,0.3689363896846771
-1.0,deploy,d,10,steer,c058,-0.37059974670410156,-0.04568004608154297,0.0011344659142196178,0.3689363896846771
-1.0,deploy,d,10,steer,c024,-0.4770622253417969,-0.097076416015625,0.0011344659142196178,0.3689363896846771
-1.0,deploy,d,10,steer,c042,-0.41103267669677734,-0.11324787139892578,0.0011344659142196178,0.3689363896846771
-1.0,deploy,d,10,steer,c047,0.06719970703125,-0.11895370483398438,0.0011344659142196178,0.3689363896846771
-1.0,deploy,d,10,steer,c043,-0.80084228515625,-0.09636211395263672,0.0011344659142196178,0.3689363896846771
-1.0,deploy,d,10,steer,c003,-0.2241659164428711,-0.09992122650146484,0.0011344659142196178,0.3689363896846771
-1.0,deploy,d,10,steer,c041,-0.9401941299438477,-0.13383102416992188,0.0011344659142196178,0.3689363896846771
-1.0,deploy,d,10,steer,c008,-0.34895896911621094,-0.04887104034423828,0.0011344659142196178,0.3689363896846771
-1.0,deploy,d,10,steer,c045,-0.50286865234375,-0.10690975189208984,0.0011344659142196178,0.3689363896846771
-1.0,deploy,d,10,steer,c011,-0.04039573669433594,-0.15652084350585938,0.0011344659142196178,0.3689363896846771
-1.0,deploy,d,10,steer,c020,-0.4553546905517578,-0.07179450988769531,0.0011344659142196178,0.3689363896846771
-1.0,deploy,d,10,steer,c044,-0.42760372161865234,-0.12174797058105469,0.0011344659142196178,0.3689363896846771
-1.0,deploy,d,10,steer,c016,-0.31273937225341797,-0.10355472564697266,0.0011344659142196178,0.3689363896846771
-1.0,deploy,d,10,steer,c056,-0.14462661743164062,-0.0631256103515625,0.0011344659142196178,0.3689363896846771
-1.0,deploy,d,10,steer,c025,-0.3243284225463867,-0.08468914031982422,0.0011344659142196178,0.3689363896846771
-1.0,deploy,d,10,steer,c029,-0.752406120300293,-0.0230255126953125,0.0011344659142196178,0.3689363896846771
-1.0,deploy,d,10,steer,c014,0.1778106689453125,-0.14847087860107422,0.0011344659142196178,0.3689363896846771
-1.0,deploy,d,10,steer,c002,-0.36371707916259766,-0.10838890075683594,0.0011344659142196178,0.3689363896846771
-1.0,deploy,d,10,steer,c023,-0.2325115203857422,-0.08527851104736328,0.0011344659142196178,0.3689363896846771
-1.0,deploy,d,10,steer,c046,-0.8368263244628906,-0.11332225799560547,0.0011344659142196178,0.3689363896846771
-1.0,deploy,d,10,steer,c022,-0.06557559967041016,-0.12083244323730469,0.0011344659142196178,0.3689363896846771
-1.0,deploy,d,10,steer,c050,-0.19170856475830078,-0.16076946258544922,0.0011344659142196178,0.3689363896846771
-1.0,deploy,d,10,steer,c006,-0.09174537658691406,-0.16457271575927734,0.0011344659142196178,0.3689363896846771
-1.0,deploy,d,10,steer,c017,-0.035172462463378906,-0.13750934600830078,0.0011344659142196178,0.3689363896846771
-1.0,deploy,d,10,steer,c039,-0.36913490295410156,-0.01692485809326172,0.0011344659142196178,0.3689363896846771
-1.0,deploy,d,10,steer,c036,-0.3443012237548828,-0.09213924407958984,0.0011344659142196178,0.3689363896846771
-1.0,deploy,d,10,steer,c009,-0.1044149398803711,-0.0238800048828125,0.0011344659142196178,0.3689363896846771
-1.0,deploy,d,10,steer,c000,-0.4265174865722656,-0.09085559844970703,0.0011344659142196178,0.3689363896846771
-1.0,deploy,d,10,steer,c013,0.2349071502685547,-0.13643264770507812,0.0011344659142196178,0.3689363896846771
-1.0,deploy,d,10,steer,c049,-0.8289117813110352,-0.04587841033935547,0.0011344659142196178,0.3689363896846771
-1.0,deploy,d,10,steer,c058,-0.4454936981201172,-0.045119285583496094,0.0011344659142196178,0.3689363896846771
-1.0,deploy,d,10,steer,c024,-0.23949623107910156,-0.1574382781982422,0.0011344659142196178,0.3689363896846771
-1.0,deploy,d,10,steer,c042,-0.5992536544799805,-0.08992385864257812,0.0011344659142196178,0.3689363896846771
-1.0,deploy,d,10,steer,c047,-0.02277660369873047,-0.09349727630615234,0.0011344659142196178,0.3689363896846771
-1.0,deploy,d,10,steer,c043,-1.317169189453125,-0.10047149658203125,0.0011344659142196178,0.3689363896846771
-1.0,deploy,d,10,steer,c003,-0.27558326721191406,-0.09182357788085938,0.0011344659142196178,0.3689363896846771
-1.0,deploy,d,10,steer,c041,-0.34185123443603516,-0.1454143524169922,0.0011344659142196178,0.3689363896846771
-1.0,deploy,d,10,steer,c008,-0.6939802169799805,0.0037565231323242188,0.0011344659142196178,0.3689363896846771
-1.0,deploy,d,10,steer,c045,-0.8813838958740234,-0.10857677459716797,0.0011344659142196178,0.3689363896846771
-1.0,deploy,d,10,steer,c011,0.05745220184326172,-0.1513967514038086,0.0011344659142196178,0.3689363896846771
-1.0,deploy,d,10,steer,c020,-0.3264293670654297,-0.10251617431640625,0.0011344659142196178,0.3689363896846771
-1.0,deploy,d,10,steer,c044,-0.31199073791503906,-0.12417984008789062,0.0011344659142196178,0.3689363896846771
-1.0,deploy,d,10,steer,c016,0.12008953094482422,-0.07862281799316406,0.0011344659142196178,0.3689363896846771
-1.0,deploy,d,10,steer,c056,-0.06445503234863281,-0.03011608123779297,0.0011344659142196178,0.3689363896846771
-1.0,deploy,d,10,steer,c025,-0.09032154083251953,-0.08273887634277344,0.0011344659142196178,0.3689363896846771
-1.0,deploy,d,10,steer,c029,-0.4535942077636719,-0.038697242736816406,0.0011344659142196178,0.3689363896846771
-1.0,deploy,d,10,steer,c014,-0.39867496490478516,-0.10874462127685547,0.0011344659142196178,0.3689363896846771
-1.0,deploy,d,10,steer,c002,-0.5536966323852539,-0.09067440032958984,0.0011344659142196178,0.3689363896846771
-1.0,deploy,d,10,steer,c023,-0.27373695373535156,-0.09245967864990234,0.0011344659142196178,0.3689363896846771
-1.0,deploy,d,10,steer,c046,-0.4585580825805664,-0.10079097747802734,0.0011344659142196178,0.3689363896846771
-1.0,deploy,d,10,steer,c022,-0.5606861114501953,-0.08409500122070312,0.0011344659142196178,0.3689363896846771
-1.0,deploy,d,10,steer,c050,-0.61761474609375,-0.13791561126708984,0.0011344659142196178,0.3689363896846771
-1.0,eval,random,10,steer,c006,1.0335060755411785,0.020275751749674553,0.0027068823595376066,0.5347822904586792
-1.0,eval,random,10,steer,c017,0.6383091608683268,0.012557665506998661,0.0027068823595376066,0.5347822904586792
-1.0,eval,random,10,steer,c039,0.7491060892740885,0.04748217264811194,0.0027068823595376066,0.5347822904586792
-1.0,eval,random,10,steer,c036,0.2620484034220378,-0.0006726582845051898,0.0027068823595376066,0.5347822904586792
-1.0,eval,random,10,steer,c009,-0.03947003682454427,0.018582979838053383,0.0027068823595376066,0.5347822904586792
-1.0,eval,random,10,steer,c000,0.5926488240559896,0.0037558873494466516,0.0027068823595376066,0.5347822904586792
-1.0,eval,random,10,steer,c013,1.679121971130371,0.015680313110351562,0.0027068823595376066,0.5347822904586792
-1.0,eval,random,10,steer,c049,0.6536016464233398,0.042095184326171875,0.0027068823595376066,0.5347822904586792
-1.0,eval,random,10,steer,c058,0.5875304539998373,8.424123128258909e-05,0.0027068823595376066,0.5347822904586792
-1.0,eval,random,10,steer,c024,0.14224974314371744,-0.008356412251790374,0.0027068823595376066,0.5347822904586792
-1.0,eval,random,10,steer,c042,0.9432986577351888,0.022436459859212277,0.0027068823595376066,0.5347822904586792
-1.0,eval,random,10,steer,c047,0.4485925038655599,0.02313836415608722,0.0027068823595376066,0.5347822904586792
-1.0,eval,random,10,steer,c043,-0.7113444010416666,0.023402531941731808,0.0027068823595376066,0.5347822904586792
-1.0,eval,random,10,steer,c003,0.700297991434733,-0.003314336140950558,0.0027068823595376066,0.5347822904586792
-1.0,eval,random,10,steer,c041,0.740631103515625,-0.007892608642578125,0.0027068823595376066,0.5347822904586792
-1.0,eval,random,10,steer,c008,-0.06240272521972656,0.006661415100097656,0.0027068823595376066,0.5347822904586792
-1.0,eval,random,10,steer,c045,1.839421272277832,-0.015710830688476562,0.0027068823595376066,0.5347822904586792
-1.0,eval,random,10,steer,c011,0.9056396484375,-0.004547119140625,0.0027068823595376066,0.5347822904586792
-1.0,eval,random,10,steer,c020,1.8114074071248372,-0.012823740641276116,0.0027068823595376066,0.5347822904586792
-1.0,eval,random,10,steer,c044,2.0063883463541665,0.013103167215982925,0.0027068823595376066,0.5347822904586792
-1.0,eval,random,10,steer,c016,0.658397356669108,0.020277659098307255,0.0027068823595376066,0.5347822904586792
-1.0,eval,random,10,steer,c056,0.8178030649820963,0.017717043558756473,0.0027068823595376066,0.5347822904586792
-1.0,eval,random,10,steer,c025,0.16521167755126953,0.0065021514892578125,0.0027068823595376066,0.5347822904586792
-1.0,eval,random,10,steer,c029,0.3516419728597005,0.011473973592122377,0.0027068823595376066,0.5347822904586792
-1.0,eval,random,10,steer,c014,0.4481150309244792,0.05024592081705731,0.0027068823595376066,0.5347822904586792
-1.0,eval,random,10,steer,c002,0.5377095540364584,0.02321084340413415,0.0027068823595376066,0.5347822904586792
-1.0,eval,random,10,steer,c023,0.5691645940144857,-0.001903216044108036,0.0027068823595376066,0.5347822904586792
-1.0,eval,random,10,steer,c046,0.6105648676554362,-0.015918095906575558,0.0027068823595376066,0.5347822904586792
-1.0,eval,random,10,steer,c022,0.22493743896484375,0.010402679443359375,0.0027068823595376066,0.5347822904586792
-1.0,eval,random,10,steer,c050,1.1289469401041667,0.014060656229655022,0.0027068823595376066,0.5347822904586792
-1.0,eval,random,10,steer,c006,1.2197774251302083,0.036706288655598884,0.0027068823595376066,0.5347822904586792
-1.0,eval,random,10,steer,c017,0.9017454783121744,0.021510759989420536,0.0027068823595376066,0.5347822904586792
-1.0,eval,random,10,steer,c039,0.2663275400797526,-0.005117734273274721,0.0027068823595376066,0.5347822904586792
-1.0,eval,random,10,steer,c036,0.6444168090820312,0.008580207824707031,0.0027068823595376066,0.5347822904586792
-1.0,eval,random,10,steer,c009,0.9991591771443685,0.025724728902181027,0.0027068823595376066,0.5347822904586792
-1.0,eval,random,10,steer,c000,0.6354465484619141,0.017404556274414062,0.0027068823595376066,0.5347822904586792
-1.0,eval,random,10,steer,c013,0.7489439646402994,0.01356760660807288,0.0027068823595376066,0.5347822904586792
-1.0,eval,random,10,steer,c049,-0.03959941864013672,0.010869026184082031,0.0027068823595376066,0.5347822904586792
-1.0,eval,random,10,steer,c058,0.6487382253011068,-0.007229487101236942,0.0027068823595376066,0.5347822904586792
-1.0,eval,random,10,steer,c024,0.2518154780069987,-0.0002539952596028461,0.0027068823595376066,0.5347822904586792
-1.0,eval,random,10,steer,c042,0.19863160451253256,0.014814694722493499,0.0027068823595376066,0.5347822904586792
-1.0,eval,random,10,steer,c047,0.6918156941731771,-0.011421839396158817,0.0027068823595376066,0.5347822904586792
-1.0,eval,random,10,steer,c043,0.04867839813232422,-0.006796836853027344,0.0027068823595376066,0.5347822904586792
-1.0,eval,random,10,steer,c003,0.47963523864746094,-0.01551055908203125,0.0027068823595376066,0.5347822904586792
-1.0,eval,random,10,steer,c041,0.19306818644205728,-0.03445943196614584,0.0027068823595376066,0.5347822904586792
-1.0,eval,random,10,steer,c008,0.3596372604370117,0.021892547607421875,0.0027068823595376066,0.5347822904586792
-1.0,eval,random,10,steer,c045,0.5495462417602539,0.009904861450195312,0.0027068823595376066,0.5347822904586792
-1.0,eval,random,10,steer,c011,0.26621659596761066,0.004043896993001284,0.0027068823595376066,0.5347822904586792
-1.0,eval,random,10,steer,c020,0.7823836008707682,0.017365137736002567,0.0027068823595376066,0.5347822904586792
-1.0,eval,random,10,steer,c044,0.21706136067708334,-0.001297632853190095,0.0027068823595376066,0.5347822904586792
-1.0,eval,random,10,steer,c016,0.5806179046630859,0.011453628540039062,0.0027068823595376066,0.5347822904586792
-1.0,eval,random,10,steer,c056,-0.046935717264811196,0.005979855855305992,0.0027068823595376066,0.5347822904586792
-1.0,eval,random,10,steer,c025,0.23326492309570312,0.0057621002197265625,0.0027068823595376066,0.5347822904586792
-1.0,eval,random,10,steer,c029,0.18031756083170572,0.013437906901041657,0.0027068823595376066,0.5347822904586792
-1.0,eval,random,10,steer,c014,0.36551793416341144,0.018985112508138002,0.0027068823595376066,0.5347822904586792
-1.0,eval,random,10,steer,c002,0.4824358622233073,-0.010358174641927065,0.0027068823595376066,0.5347822904586792
-1.0,eval,random,10,steer,c023,0.8318904240926107,0.012030919392903683,0.0027068823595376066,0.5347822904586792
-1.0,eval,random,10,steer,c046,0.09402720133463542,-0.032611211140950516,0.0027068823595376066,0.5347822904586792
-1.0,eval,random,10,steer,c022,0.31062666575113934,-0.017259915669759096,0.0027068823595376066,0.5347822904586792
-1.0,eval,random,10,steer,c050,0.9710257848103842,0.02516396840413415,0.0027068823595376066,0.5347822904586792
-0.5,eval,d,10,steer,c006,0.9637441635131836,-0.04948616027832031,0.0004196109075564891,0.5525828003883362
-0.5,eval,d,10,steer,c017,0.5543003082275391,-0.07145118713378906,0.0004196109075564891,0.5525828003883362
-0.5,eval,d,10,steer,c039,0.6349086761474609,-0.06671524047851562,0.0004196109075564891,0.5525828003883362
-0.5,eval,d,10,steer,c036,0.19599246978759766,-0.06672859191894531,0.0004196109075564891,0.5525828003883362
-0.5,eval,d,10,steer,c009,-0.09587860107421875,-0.037825584411621094,0.0004196109075564891,0.5525828003883362
-0.5,eval,d,10,steer,c000,0.5698661804199219,-0.019026756286621094,0.0004196109075564891,0.5525828003883362
-0.5,eval,d,10,steer,c013,1.5710115432739258,-0.09243011474609375,0.0004196109075564891,0.5525828003883362
-0.5,eval,d,10,steer,c049,0.5070333480834961,-0.10447311401367188,0.0004196109075564891,0.5525828003883362
-0.5,eval,d,10,steer,c058,0.5732583999633789,-0.014187812805175781,0.0004196109075564891,0.5525828003883362
-0.5,eval,d,10,steer,c024,0.10538196563720703,-0.04522418975830078,0.0004196109075564891,0.5525828003883362
-0.5,eval,d,10,steer,c042,0.8183326721191406,-0.10252952575683594,0.0004196109075564891,0.5525828003883362
-0.5,eval,d,10,steer,c047,0.41634368896484375,-0.009110450744628906,0.0004196109075564891,0.5525828003883362
-0.5,eval,d,10,steer,c043,-0.7641716003417969,-0.029424667358398438,0.0004196109075564891,0.5525828003883362
-0.5,eval,d,10,steer,c003,0.6444520950317383,-0.05916023254394531,0.0004196109075564891,0.5525828003883362
-0.5,eval,d,10,steer,c041,0.7258329391479492,-0.022690773010253906,0.0004196109075564891,0.5525828003883362
-0.5,eval,d,10,steer,c008,-0.09763336181640625,-0.02856922149658203,0.0004196109075564891,0.5525828003883362
-0.5,eval,d,10,steer,c045,1.7783069610595703,-0.07682514190673828,0.0004196109075564891,0.5525828003883362
-0.5,eval,d,10,steer,c011,0.8297176361083984,-0.08046913146972656,0.0004196109075564891,0.5525828003883362
-0.5,eval,d,10,steer,c020,1.7598543167114258,-0.0643768310546875,0.0004196109075564891,0.5525828003883362
-0.5,eval,d,10,steer,c044,1.8949756622314453,-0.09830951690673828,0.0004196109075564891,0.5525828003883362
-0.5,eval,d,10,steer,c016,0.5715713500976562,-0.06654834747314453,0.0004196109075564891,0.5525828003883362
-0.5,eval,d,10,steer,c056,0.7795486450195312,-0.020537376403808594,0.0004196109075564891,0.5525828003883362
-0.5,eval,d,10,steer,c025,0.1174631118774414,-0.04124641418457031,0.0004196109075564891,0.5525828003883362
-0.5,eval,d,10,steer,c029,0.3124847412109375,-0.027683258056640625,0.0004196109075564891,0.5525828003883362
-0.5,eval,d,10,steer,c014,0.3312950134277344,-0.0665740966796875,0.0004196109075564891,0.5525828003883362
-0.5,eval,d,10,steer,c002,0.4776344299316406,-0.036864280700683594,0.0004196109075564891,0.5525828003883362
-0.5,eval,d,10,steer,c023,0.5315799713134766,-0.03948783874511719,0.0004196109075564891,0.5525828003883362
-0.5,eval,d,10,steer,c046,0.5931186676025391,-0.033364295959472656,0.0004196109075564891,0.5525828003883362
-0.5,eval,d,10,steer,c022,0.16802215576171875,-0.046512603759765625,0.0004196109075564891,0.5525828003883362
-0.5,eval,d,10,steer,c050,1.0332069396972656,-0.0816793441772461,0.0004196109075564891,0.5525828003883362
-0.5,eval,d,10,steer,c006,1.1015892028808594,-0.08148193359375,0.0004196109075564891,0.5525828003883362
-0.5,eval,d,10,steer,c017,0.8386993408203125,-0.041535377502441406,0.0004196109075564891,0.5525828003883362
-0.5,eval,d,10,steer,c039,0.22821521759033203,-0.04323005676269531,0.0004196109075564891,0.5525828003883362
-0.5,eval,d,10,steer,c036,0.5324430465698242,-0.1033935546875,0.0004196109075564891,0.5525828003883362
-0.5,eval,d,10,steer,c009,0.9179134368896484,-0.05552101135253906,0.0004196109075564891,0.5525828003883362
-0.5,eval,d,10,steer,c000,0.5479221343994141,-0.07011985778808594,0.0004196109075564891,0.5525828003883362
-0.5,eval,d,10,steer,c013,0.6339931488037109,-0.10138320922851562,0.0004196109075564891,0.5525828003883362
-0.5,eval,d,10,steer,c049,-0.12073421478271484,-0.0702657699584961,0.0004196109075564891,0.5525828003883362
-0.5,eval,d,10,steer,c058,0.606654167175293,-0.04931354522705078,0.0004196109075564891,0.5525828003883362
-0.5,eval,d,10,steer,c024,0.20040607452392578,-0.05166339874267578,0.0004196109075564891,0.5525828003883362
-0.5,eval,d,10,steer,c042,0.13348960876464844,-0.050327301025390625,0.0004196109075564891,0.5525828003883362
-0.5,eval,d,10,steer,c047,0.6857414245605469,-0.017496109008789062,0.0004196109075564891,0.5525828003883362
-0.5,eval,d,10,steer,c043,0.041138648986816406,-0.014336585998535156,0.0004196109075564891,0.5525828003883362
-0.5,eval,d,10,steer,c003,0.42925262451171875,-0.06589317321777344,0.0004196109075564891,0.5525828003883362
-0.5,eval,d,10,steer,c041,0.20993518829345703,-0.017592430114746094,0.0004196109075564891,0.5525828003883362
-0.5,eval,d,10,steer,c008,0.2985725402832031,-0.03917217254638672,0.0004196109075564891,0.5525828003883362
-0.5,eval,d,10,steer,c045,0.4722938537597656,-0.06734752655029297,0.0004196109075564891,0.5525828003883362
-0.5,eval,d,10,steer,c011,0.1968994140625,-0.06527328491210938,0.0004196109075564891,0.5525828003883362
-0.5,eval,d,10,steer,c020,0.7336177825927734,-0.03140068054199219,0.0004196109075564891,0.5525828003883362
-0.5,eval,d,10,steer,c044,0.1339731216430664,-0.08438587188720703,0.0004196109075564891,0.5525828003883362
-0.5,eval,d,10,steer,c016,0.5185966491699219,-0.050567626953125,0.0004196109075564891,0.5525828003883362
-0.5,eval,d,10,steer,c056,-0.10115337371826172,-0.04823780059814453,0.0004196109075564891,0.5525828003883362
-0.5,eval,d,10,steer,c025,0.18352890014648438,-0.04397392272949219,0.0004196109075564891,0.5525828003883362
-0.5,eval,d,10,steer,c029,0.1613473892211914,-0.005532264709472656,0.0004196109075564891,0.5525828003883362
-0.5,eval,d,10,steer,c014,0.2841062545776367,-0.06242656707763672,0.0004196109075564891,0.5525828003883362
-0.5,eval,d,10,steer,c002,0.45299625396728516,-0.03979778289794922,0.0004196109075564891,0.5525828003883362
-0.5,eval,d,10,steer,c023,0.7966623306274414,-0.023197174072265625,0.0004196109075564891,0.5525828003883362
-0.5,eval,d,10,steer,c046,0.11206531524658203,-0.014573097229003906,0.0004196109075564891,0.5525828003883362
-0.5,eval,d,10,steer,c022,0.3270998001098633,-0.0007867813110351562,0.0004196109075564891,0.5525828003883362
-0.5,eval,d,10,steer,c050,0.8924703598022461,-0.053391456604003906,0.0004196109075564891,0.5525828003883362
-0.5,deploy,d,10,steer,c006,0.2619943618774414,-0.0842123031616211,0.0002412388421362266,0.3574940264225006
-0.5,deploy,d,10,steer,c017,-0.2604942321777344,-0.06902217864990234,0.0002412388421362266,0.3574940264225006
-0.5,deploy,d,10,steer,c039,-0.25135135650634766,-0.021721839904785156,0.0002412388421362266,0.3574940264225006
-0.5,deploy,d,10,steer,c036,-0.06871604919433594,-0.08234310150146484,0.0002412388421362266,0.3574940264225006
-0.5,deploy,d,10,steer,c009,-0.3936328887939453,-0.01844310760498047,0.0002412388421362266,0.3574940264225006
-0.5,deploy,d,10,steer,c000,-0.3085012435913086,-0.04678821563720703,0.0002412388421362266,0.3574940264225006
-0.5,deploy,d,10,steer,c013,0.2087554931640625,-0.10677528381347656,0.0002412388421362266,0.3574940264225006
-0.5,deploy,d,10,steer,c049,-0.4202737808227539,-0.05614280700683594,0.0002412388421362266,0.3574940264225006
-0.5,deploy,d,10,steer,c058,-0.35064697265625,-0.025727272033691406,0.0002412388421362266,0.3574940264225006
-0.5,deploy,d,10,steer,c024,-0.43529510498046875,-0.055309295654296875,0.0002412388421362266,0.3574940264225006
-0.5,deploy,d,10,steer,c042,-0.3592815399169922,-0.061496734619140625,0.0002412388421362266,0.3574940264225006
-0.5,deploy,d,10,steer,c047,0.1253681182861328,-0.06078529357910156,0.0002412388421362266,0.3574940264225006
-0.5,deploy,d,10,steer,c043,-0.7586441040039062,-0.05416393280029297,0.0002412388421362266,0.3574940264225006
-0.5,deploy,d,10,steer,c003,-0.17831039428710938,-0.054065704345703125,0.0002412388421362266,0.3574940264225006
-0.5,deploy,d,10,steer,c041,-0.8811483383178711,-0.07478523254394531,0.0002412388421362266,0.3574940264225006
-0.5,deploy,d,10,steer,c008,-0.32979297637939453,-0.029705047607421875,0.0002412388421362266,0.3574940264225006
-0.5,deploy,d,10,steer,c045,-0.4552030563354492,-0.05924415588378906,0.0002412388421362266,0.3574940264225006
-0.5,deploy,d,10,steer,c011,0.03181934356689453,-0.0843057632446289,0.0002412388421362266,0.3574940264225006
-0.5,deploy,d,10,steer,c020,-0.42588233947753906,-0.04232215881347656,0.0002412388421362266,0.3574940264225006
-0.5,deploy,d,10,steer,c044,-0.37429332733154297,-0.06843757629394531,0.0002412388421362266,0.3574940264225006
-0.5,deploy,d,10,steer,c016,-0.26444339752197266,-0.055258750915527344,0.0002412388421362266,0.3574940264225006
-0.5,deploy,d,10,steer,c056,-0.11709403991699219,-0.03559303283691406,0.0002412388421362266,0.3574940264225006
-0.5,deploy,d,10,steer,c025,-0.2868223190307617,-0.04718303680419922,0.0002412388421362266,0.3574940264225006
-0.5,deploy,d,10,steer,c029,-0.7449398040771484,-0.015559196472167969,0.0002412388421362266,0.3574940264225006
-0.5,deploy,d,10,steer,c014,0.24762344360351562,-0.0786581039428711,0.0002412388421362266,0.3574940264225006
-0.5,deploy,d,10,steer,c002,-0.31418323516845703,-0.05885505676269531,0.0002412388421362266,0.3574940264225006
-0.5,deploy,d,10,steer,c023,-0.19352054595947266,-0.04628753662109375,0.0002412388421362266,0.3574940264225006
-0.5,deploy,d,10,steer,c046,-0.7845993041992188,-0.061095237731933594,0.0002412388421362266,0.3574940264225006
-0.5,deploy,d,10,steer,c022,-0.010204315185546875,-0.0654611587524414,0.0002412388421362266,0.3574940264225006
-0.5,deploy,d,10,steer,c050,-0.1160421371459961,-0.08510303497314453,0.0002412388421362266,0.3574940264225006
-0.5,deploy,d,10,steer,c006,-0.016307830810546875,-0.08913516998291016,0.0002412388421362266,0.3574940264225006
-0.5,deploy,d,10,steer,c017,0.02778339385986328,-0.0745534896850586,0.0002412388421362266,0.3574940264225006
-0.5,deploy,d,10,steer,c039,-0.3634042739868164,-0.011194229125976562,0.0002412388421362266,0.3574940264225006
-0.5,deploy,d,10,steer,c036,-0.3059091567993164,-0.05374717712402344,0.0002412388421362266,0.3574940264225006
-0.5,deploy,d,10,steer,c009,-0.0954275131225586,-0.014892578125,0.0002412388421362266,0.3574940264225006
-0.5,deploy,d,10,steer,c000,-0.38725757598876953,-0.05159568786621094,0.0002412388421362266,0.3574940264225006
-0.5,deploy,d,10,steer,c013,0.2995033264160156,-0.07183647155761719,0.0002412388421362266,0.3574940264225006
-0.5,deploy,d,10,steer,c049,-0.808344841003418,-0.02531147003173828,0.0002412388421362266,0.3574940264225006
-0.5,deploy,d,10,steer,c058,-0.4265127182006836,-0.0261383056640625,0.0002412388421362266,0.3574940264225006
-0.5,deploy,d,10,steer,c024,-0.16675376892089844,-0.08469581604003906,0.0002412388421362266,0.3574940264225006
-0.5,deploy,d,10,steer,c042,-0.5607337951660156,-0.05140399932861328,0.0002412388421362266,0.3574940264225006
-0.5,deploy,d,10,steer,c047,0.02072906494140625,-0.049991607666015625,0.0002412388421362266,0.3574940264225006
-0.5,deploy,d,10,steer,c043,-1.2728281021118164,-0.056130409240722656,0.0002412388421362266,0.3574940264225006
-0.5,deploy,d,10,steer,c003,-0.2338695526123047,-0.05010986328125,0.0002412388421362266,0.3574940264225006
-0.5,deploy,d,10,steer,c041,-0.27579593658447266,-0.07935905456542969,0.0002412388421362266,0.3574940264225006
-0.5,deploy,d,10,steer,c008,-0.7006769180297852,-0.0029401779174804688,0.0002412388421362266,0.3574940264225006
-0.5,deploy,d,10,steer,c045,-0.8317089080810547,-0.05890178680419922,0.0002412388421362266,0.3574940264225006
-0.5,deploy,d,10,steer,c011,0.12697219848632812,-0.08187675476074219,0.0002412388421362266,0.3574940264225006
-0.5,deploy,d,10,steer,c020,-0.27972888946533203,-0.055815696716308594,0.0002412388421362266,0.3574940264225006
-0.5,deploy,d,10,steer,c044,-0.25638484954833984,-0.0685739517211914,0.0002412388421362266,0.3574940264225006
-0.5,deploy,d,10,steer,c016,0.15606403350830078,-0.0426483154296875,0.0002412388421362266,0.3574940264225006
-0.5,deploy,d,10,steer,c056,-0.052521705627441406,-0.018182754516601562,0.0002412388421362266,0.3574940264225006
-0.5,deploy,d,10,steer,c025,-0.05291175842285156,-0.04532909393310547,0.0002412388421362266,0.3574940264225006
-0.5,deploy,d,10,steer,c029,-0.43842124938964844,-0.02352428436279297,0.0002412388421362266,0.3574940264225006
-0.5,deploy,d,10,steer,c014,-0.3479785919189453,-0.058048248291015625,0.0002412388421362266,0.3574940264225006
-0.5,deploy,d,10,steer,c002,-0.5146093368530273,-0.05158710479736328,0.0002412388421362266,0.3574940264225006
-0.5,deploy,d,10,steer,c023,-0.2305898666381836,-0.049312591552734375,0.0002412388421362266,0.3574940264225006
-0.5,deploy,d,10,steer,c046,-0.41487979888916016,-0.057112693786621094,0.0002412388421362266,0.3574940264225006
-0.5,deploy,d,10,steer,c022,-0.5259475708007812,-0.04935646057128906,0.0002412388421362266,0.3574940264225006
-0.5,deploy,d,10,steer,c050,-0.5539102554321289,-0.07421112060546875,0.0002412388421362266,0.3574940264225006
-0.5,eval,random,10,steer,c006,1.023317019144694,0.010086695353190178,0.0007251225542859174,0.5397638479868571
-0.5,eval,random,10,steer,c017,0.6309954325358073,0.00524393717447913,0.0007251225542859174,0.5397638479868571
-0.5,eval,random,10,steer,c039,0.7252054214477539,0.023581504821777344,0.0007251225542859174,0.5397638479868571
-0.5,eval,random,10,steer,c036,0.2599474589029948,-0.0027736028035481586,0.0007251225542859174,0.5397638479868571
-0.5,eval,random,10,steer,c009,-0.047603607177734375,0.010449409484863281,0.0007251225542859174,0.5397638479868571
-0.5,eval,random,10,steer,c000,0.5903142293294271,0.0014212926228841516,0.0007251225542859174,0.5397638479868571
-0.5,eval,random,10,steer,c013,1.6721299489339192,0.008688290913899666,0.0007251225542859174,0.5397638479868571
-0.5,eval,random,10,steer,c049,0.6344693501790365,0.022962888081868527,0.0007251225542859174,0.5397638479868571
-0.5,eval,random,10,steer,c058,0.5877625147501627,0.0003163019816080359,0.0007251225542859174,0.5397638479868571
-0.5,eval,random,10,steer,c024,0.1445474624633789,-0.006058692932128906,0.0007251225542859174,0.5397638479868571
-0.5,eval,random,10,steer,c042,0.9321428934733073,0.011280695597330692,0.0007251225542859174,0.5397638479868571
-0.5,eval,random,10,steer,c047,0.43618615468343097,0.010732014973958315,0.0007251225542859174,0.5397638479868571
-0.5,eval,random,10,steer,c043,-0.723785400390625,0.010961532592773438,0.0007251225542859174,0.5397638479868571
-0.5,eval,random,10,steer,c003,0.7009429931640625,-0.0026693344116210938,0.0007251225542859174,0.5397638479868571
-0.5,eval,random,10,steer,c041,0.7440805435180664,-0.004443168640136719,0.0007251225542859174,0.5397638479868571
-0.5,eval,random,10,steer,c008,-0.06473954518636067,0.004324595133463546,0.0007251225542859174,0.5397638479868571
-0.5,eval,random,10,steer,c045,1.8498916625976562,-0.005240440368652344,0.0007251225542859174,0.5397638479868571
-0.5,eval,random,10,steer,c011,0.9088500340779623,-0.0013367335001627234,0.0007251225542859174,0.5397638479868571
-0.5,eval,random,10,steer,c020,1.819520632425944,-0.004710515340169197,0.0007251225542859174,0.5397638479868571
-0.5,eval,random,10,steer,c044,2.002463976542155,0.009178797403971206,0.0007251225542859174,0.5397638479868571
-0.5,eval,random,10,steer,c016,0.6471176147460938,0.008997917175292969,0.0007251225542859174,0.5397638479868571
-0.5,eval,random,10,steer,c056,0.8068440755208334,0.006758054097493527,0.0007251225542859174,0.5397638479868571
-0.5,eval,random,10,steer,c025,0.1594851811726888,0.0007756551106770926,0.0007251225542859174,0.5397638479868571
-0.5,eval,random,10,steer,c029,0.34512774149576825,0.004959742228190123,0.0007251225542859174,0.5397638479868571
-0.5,eval,random,10,steer,c014,0.4227148691813151,0.024845759073893248,0.0007251225542859174,0.5397638479868571
-0.5,eval,random,10,steer,c002,0.5242973963419596,0.00979868570963538,0.0007251225542859174,0.5397638479868571
-0.5,eval,random,10,steer,c023,0.5690803527832031,-0.001987457275390625,0.0007251225542859174,0.5397638479868571
-0.5,eval,random,10,steer,c046,0.6185064315795898,-0.007976531982421875,0.0007251225542859174,0.5397638479868571
-0.5,eval,random,10,steer,c022,0.2184584935506185,0.003923734029134124,0.0007251225542859174,0.5397638479868571
-0.5,eval,random,10,steer,c050,1.121293067932129,0.0064067840576171875,0.0007251225542859174,0.5397638479868571
-0.5,eval,random,10,steer,c006,1.2014586130777996,0.018387476603190178,0.0007251225542859174,0.5397638479868571
-0.5,eval,random,10,steer,c017,0.890727678934733,0.01049296061197913,0.0007251225542859174,0.5397638479868571
-0.5,eval,random,10,steer,c039,0.26935545603434247,-0.0020898183186848773,0.0007251225542859174,0.5397638479868571
-0.5,eval,random,10,steer,c036,0.6394370396931967,0.003600438435872433,0.0007251225542859174,0.5397638479868571
-0.5,eval,random,10,steer,c009,0.9879147211710612,0.014480272928873661,0.0007251225542859174,0.5397638479868571
-0.5,eval,random,10,steer,c000,0.6258049011230469,0.007762908935546875,0.0007251225542859174,0.5397638479868571
-0.5,eval,random,10,steer,c013,0.741667111714681,0.006290753682454464,0.0007251225542859174,0.5397638479868571
-0.5,eval,random,10,steer,c049,-0.04416815439860026,0.006300290425618492,0.0007251225542859174,0.5397638479868571
-0.5,eval,random,10,steer,c058,0.6529664993286133,-0.0030012130737304688,0.0007251225542859174,0.5397638479868571
-0.5,eval,random,10,steer,c024,0.25109704335530597,-0.0009724299112955914,0.0007251225542859174,0.5397638479868571
-0.5,eval,random,10,steer,c042,0.19043699900309244,0.006620089213053376,0.0007251225542859174,0.5397638479868571
-0.5,eval,random,10,steer,c047,0.6965980529785156,-0.0066394805908203125,0.0007251225542859174,0.5397638479868571
-0.5,eval,random,10,steer,c043,0.050563812255859375,-0.0049114227294921875,0.0007251225542859174,0.5397638479868571
-0.5,eval,random,10,steer,c003,0.48753992716471356,-0.007605870564778627,0.0007251225542859174,0.5397638479868571
-0.5,eval,random,10,steer,c041,0.2093210220336914,-0.01820659637451172,0.0007251225542859174,0.5397638479868571
-0.5,eval,random,10,steer,c008,0.34755198160807294,0.009807268778483091,0.0007251225542859174,0.5397638479868571
-0.5,eval,random,10,steer,c045,0.5441570281982422,0.004515647888183594,0.0007251225542859174,0.5397638479868571
-0.5,eval,random,10,steer,c011,0.2631877263387044,0.0010150273640950336,0.0007251225542859174,0.5397638479868571
-0.5,eval,random,10,steer,c020,0.7725989023844401,0.007580439249674442,0.0007251225542859174,0.5397638479868571
-0.5,eval,random,10,steer,c044,0.21721744537353516,-0.0011415481567382812,0.0007251225542859174,0.5397638479868571
-0.5,eval,random,10,steer,c016,0.5737918217976888,0.004627545674641964,0.0007251225542859174,0.5397638479868571
-0.5,eval,random,10,steer,c056,-0.05128256479899088,0.0016330083211263044,0.0007251225542859174,0.5397638479868571
-0.5,eval,random,10,steer,c025,0.2296603520711263,0.002157529195149749,0.0007251225542859174,0.5397638479868571
-0.5,eval,random,10,steer,c029,0.17290115356445312,0.0060214996337890625,0.0007251225542859174,0.5397638479868571
-0.5,eval,random,10,steer,c014,0.35576915740966797,0.009236335754394531,0.0007251225542859174,0.5397638479868571
-0.5,eval,random,10,steer,c002,0.4857784907023112,-0.007015546162923159,0.0007251225542859174,0.5397638479868571
-0.5,eval,random,10,steer,c023,0.8255217870076498,0.005662282307942745,0.0007251225542859174,0.5397638479868571
-0.5,eval,random,10,steer,c046,0.10978317260742188,-0.016855239868164062,0.0007251225542859174,0.5397638479868571
-0.5,eval,random,10,steer,c022,0.317477544148763,-0.010409037272135435,0.0007251225542859174,0.5397638479868571
-0.5,eval,random,10,steer,c050,0.95770263671875,0.0118408203125,0.0007251225542859174,0.5397638479868571
0.0,eval,d,10,steer,c006,1.013230323791504,0.0,0.0,0.5448833703994751
0.0,eval,d,10,steer,c017,0.6257514953613281,0.0,0.0,0.5448833703994751
0.0,eval,d,10,steer,c039,0.7016239166259766,0.0,0.0,0.5448833703994751
0.0,eval,d,10,steer,c036,0.26272106170654297,0.0,0.0,0.5448833703994751
0.0,eval,d,10,steer,c009,-0.058053016662597656,0.0,0.0,0.5448833703994751
0.0,eval,d,10,steer,c000,0.588892936706543,0.0,0.0,0.5448833703994751
0.0,eval,d,10,steer,c013,1.6634416580200195,0.0,0.0,0.5448833703994751
0.0,eval,d,10,steer,c049,0.611506462097168,0.0,0.0,0.5448833703994751
0.0,eval,d,10,steer,c058,0.5874462127685547,0.0,0.0,0.5448833703994751
0.0,eval,d,10,steer,c024,0.1506061553955078,0.0,0.0,0.5448833703994751
0.0,eval,d,10,steer,c042,0.9208621978759766,0.0,0.0,0.5448833703994751
0.0,eval,d,10,steer,c047,0.42545413970947266,0.0,0.0,0.5448833703994751
0.0,eval,d,10,steer,c043,-0.7347469329833984,0.0,0.0,0.5448833703994751
0.0,eval,d,10,steer,c003,0.7036123275756836,0.0,0.0,0.5448833703994751
0.0,eval,d,10,steer,c041,0.7485237121582031,0.0,0.0,0.5448833703994751
0.0,eval,d,10,steer,c008,-0.06906414031982422,0.0,0.0,0.5448833703994751
0.0,eval,d,10,steer,c045,1.8551321029663086,0.0,0.0,0.5448833703994751
0.0,eval,d,10,steer,c011,0.910186767578125,0.0,0.0,0.5448833703994751
0.0,eval,d,10,steer,c020,1.8242311477661133,0.0,0.0,0.5448833703994751
0.0,eval,d,10,steer,c044,1.9932851791381836,0.0,0.0,0.5448833703994751
0.0,eval,d,10,steer,c016,0.6381196975708008,0.0,0.0,0.5448833703994751
0.0,eval,d,10,steer,c056,0.8000860214233398,0.0,0.0,0.5448833703994751
0.0,eval,d,10,steer,c025,0.15870952606201172,0.0,0.0,0.5448833703994751
0.0,eval,d,10,steer,c029,0.3401679992675781,0.0,0.0,0.5448833703994751
0.0,eval,d,10,steer,c014,0.3978691101074219,0.0,0.0,0.5448833703994751
0.0,eval,d,10,steer,c002,0.5144987106323242,0.0,0.0,0.5448833703994751
0.0,eval,d,10,steer,c023,0.5710678100585938,0.0,0.0,0.5448833703994751
0.0,eval,d,10,steer,c046,0.6264829635620117,0.0,0.0,0.5448833703994751
0.0,eval,d,10,steer,c022,0.21453475952148438,0.0,0.0,0.5448833703994751
0.0,eval,d,10,steer,c050,1.1148862838745117,0.0,0.0,0.5448833703994751
0.0,eval,d,10,steer,c006,1.1830711364746094,0.0,0.0,0.5448833703994751
0.0,eval,d,10,steer,c017,0.8802347183227539,0.0,0.0,0.5448833703994751
0.0,eval,d,10,steer,c039,0.27144527435302734,0.0,0.0,0.5448833703994751
0.0,eval,d,10,steer,c036,0.6358366012573242,0.0,0.0,0.5448833703994751
0.0,eval,d,10,steer,c009,0.9734344482421875,0.0,0.0,0.5448833703994751
0.0,eval,d,10,steer,c000,0.6180419921875,0.0,0.0,0.5448833703994751
0.0,eval,d,10,steer,c013,0.7353763580322266,0.0,0.0,0.5448833703994751
0.0,eval,d,10,steer,c049,-0.05046844482421875,0.0,0.0,0.5448833703994751
0.0,eval,d,10,steer,c058,0.6559677124023438,0.0,0.0,0.5448833703994751
0.0,eval,d,10,steer,c024,0.25206947326660156,0.0,0.0,0.5448833703994751
0.0,eval,d,10,steer,c042,0.18381690979003906,0.0,0.0,0.5448833703994751
0.0,eval,d,10,steer,c047,0.7032375335693359,0.0,0.0,0.5448833703994751
0.0,eval,d,10,steer,c043,0.05547523498535156,0.0,0.0,0.5448833703994751
0.0,eval,d,10,steer,c003,0.4951457977294922,0.0,0.0,0.5448833703994751
0.0,eval,d,10,steer,c041,0.22752761840820312,0.0,0.0,0.5448833703994751
0.0,eval,d,10,steer,c008,0.33774471282958984,0.0,0.0,0.5448833703994751
0.0,eval,d,10,steer,c045,0.5396413803100586,0.0,0.0,0.5448833703994751
0.0,eval,d,10,steer,c011,0.2621726989746094,0.0,0.0,0.5448833703994751
0.0,eval,d,10,steer,c020,0.7650184631347656,0.0,0.0,0.5448833703994751
0.0,eval,d,10,steer,c044,0.21835899353027344,0.0,0.0,0.5448833703994751
0.0,eval,d,10,steer,c016,0.5691642761230469,0.0,0.0,0.5448833703994751
0.0,eval,d,10,steer,c056,-0.05291557312011719,0.0,0.0,0.5448833703994751
0.0,eval,d,10,steer,c025,0.22750282287597656,0.0,0.0,0.5448833703994751
0.0,eval,d,10,steer,c029,0.16687965393066406,0.0,0.0,0.5448833703994751
0.0,eval,d,10,steer,c014,0.34653282165527344,0.0,0.0,0.5448833703994751
0.0,eval,d,10,steer,c002,0.4927940368652344,0.0,0.0,0.5448833703994751
0.0,eval,d,10,steer,c023,0.819859504699707,0.0,0.0,0.5448833703994751
0.0,eval,d,10,steer,c046,0.12663841247558594,0.0,0.0,0.5448833703994751
0.0,eval,d,10,steer,c022,0.32788658142089844,0.0,0.0,0.5448833703994751
0.0,eval,d,10,steer,c050,0.94586181640625,0.0,0.0,0.5448833703994751
0.0,deploy,d,10,steer,c006,0.3462066650390625,0.0,0.0,0.3486558496952057
0.0,deploy,d,10,steer,c017,-0.19147205352783203,0.0,0.0,0.3486558496952057
0.0,deploy,d,10,steer,c039,-0.2296295166015625,0.0,0.0,0.3486558496952057
0.0,deploy,d,10,steer,c036,0.013627052307128906,0.0,0.0,0.3486558496952057
0.0,deploy,d,10,steer,c009,-0.37518978118896484,0.0,0.0,0.3486558496952057
0.0,deploy,d,10,steer,c000,-0.26171302795410156,0.0,0.0,0.3486558496952057
0.0,deploy,d,10,steer,c013,0.31553077697753906,0.0,0.0,0.3486558496952057
0.0,deploy,d,10,steer,c049,-0.36413097381591797,0.0,0.0,0.3486558496952057
0.0,deploy,d,10,steer,c058,-0.3249197006225586,0.0,0.0,0.3486558496952057
0.0,deploy,d,10,steer,c024,-0.3799858093261719,0.0,0.0,0.3486558496952057
0.0,deploy,d,10,steer,c042,-0.29778480529785156,0.0,0.0,0.3486558496952057
0.0,deploy,d,10,steer,c047,0.18615341186523438,0.0,0.0,0.3486558496952057
0.0,deploy,d,10,steer,c043,-0.7044801712036133,0.0,0.0,0.3486558496952057
0.0,deploy,d,10,steer,c003,-0.12424468994140625,0.0,0.0,0.3486558496952057
0.0,deploy,d,10,steer,c041,-0.8063631057739258,0.0,0.0,0.3486558496952057
0.0,deploy,d,10,steer,c008,-0.30008792877197266,0.0,0.0,0.3486558496952057
0.0,deploy,d,10,steer,c045,-0.39595890045166016,0.0,0.0,0.3486558496952057
0.0,deploy,d,10,steer,c011,0.11612510681152344,0.0,0.0,0.3486558496952057
0.0,deploy,d,10,steer,c020,-0.3835601806640625,0.0,0.0,0.3486558496952057
0.0,deploy,d,10,steer,c044,-0.30585575103759766,0.0,0.0,0.3486558496952057
0.0,deploy,d,10,steer,c016,-0.2091846466064453,0.0,0.0,0.3486558496952057
0.0,deploy,d,10,steer,c056,-0.08150100708007812,0.0,0.0,0.3486558496952057
0.0,deploy,d,10,steer,c025,-0.2396392822265625,0.0,0.0,0.3486558496952057
0.0,deploy,d,10,steer,c029,-0.7293806076049805,0.0,0.0,0.3486558496952057
0.0,deploy,d,10,steer,c014,0.3262815475463867,0.0,0.0,0.3486558496952057
0.0,deploy,d,10,steer,c002,-0.2553281784057617,0.0,0.0,0.3486558496952057
0.0,deploy,d,10,steer,c023,-0.1472330093383789,0.0,0.0,0.3486558496952057
0.0,deploy,d,10,steer,c046,-0.7235040664672852,0.0,0.0,0.3486558496952057
0.0,deploy,d,10,steer,c022,0.05525684356689453,0.0,0.0,0.3486558496952057
0.0,deploy,d,10,steer,c050,-0.030939102172851562,0.0,0.0,0.3486558496952057
0.0,deploy,d,10,steer,c006,0.07282733917236328,0.0,0.0,0.3486558496952057
0.0,deploy,d,10,steer,c017,0.10233688354492188,0.0,0.0,0.3486558496952057
0.0,deploy,d,10,steer,c039,-0.35221004486083984,0.0,0.0,0.3486558496952057
0.0,deploy,d,10,steer,c036,-0.25216197967529297,0.0,0.0,0.3486558496952057
0.0,deploy,d,10,steer,c009,-0.0805349349975586,0.0,0.0,0.3486558496952057
0.0,deploy,d,10,steer,c000,-0.3356618881225586,0.0,0.0,0.3486558496952057
0.0,deploy,d,10,steer,c013,0.3713397979736328,0.0,0.0,0.3486558496952057
0.0,deploy,d,10,steer,c049,-0.7830333709716797,0.0,0.0,0.3486558496952057
0.0,deploy,d,10,steer,c058,-0.4003744125366211,0.0,0.0,0.3486558496952057
0.0,deploy,d,10,steer,c024,-0.08205795288085938,0.0,0.0,0.3486558496952057
0.0,deploy,d,10,steer,c042,-0.5093297958374023,0.0,0.0,0.3486558496952057
0.0,deploy,d,10,steer,c047,0.07072067260742188,0.0,0.0,0.3486558496952057
0.0,deploy,d,10,steer,c043,-1.2166976928710938,0.0,0.0,0.3486558496952057
0.0,deploy,d,10,steer,c003,-0.1837596893310547,0.0,0.0,0.3486558496952057
0.0,deploy,d,10,steer,c041,-0.19643688201904297,0.0,0.0,0.3486558496952057
0.0,deploy,d,10,steer,c008,-0.6977367401123047,0.0,0.0,0.3486558496952057
0.0,deploy,d,10,steer,c045,-0.7728071212768555,0.0,0.0,0.3486558496952057
0.0,deploy,d,10,steer,c011,0.2088489532470703,0.0,0.0,0.3486558496952057
0.0,deploy,d,10,steer,c020,-0.22391319274902344,0.0,0.0,0.3486558496952057
0.0,deploy,d,10,steer,c044,-0.18781089782714844,0.0,0.0,0.3486558496952057
0.0,deploy,d,10,steer,c016,0.19871234893798828,0.0,0.0,0.3486558496952057
0.0,deploy,d,10,steer,c056,-0.034338951110839844,0.0,0.0,0.3486558496952057
0.0,deploy,d,10,steer,c025,-0.007582664489746094,0.0,0.0,0.3486558496952057
0.0,deploy,d,10,steer,c029,-0.41489696502685547,0.0,0.0,0.3486558496952057
0.0,deploy,d,10,steer,c014,-0.2899303436279297,0.0,0.0,0.3486558496952057
0.0,deploy,d,10,steer,c002,-0.46302223205566406,0.0,0.0,0.3486558496952057
0.0,deploy,d,10,steer,c023,-0.18127727508544922,0.0,0.0,0.3486558496952057
0.0,deploy,d,10,steer,c046,-0.35776710510253906,0.0,0.0,0.3486558496952057
0.0,deploy,d,10,steer,c022,-0.4765911102294922,0.0,0.0,0.3486558496952057
0.0,deploy,d,10,steer,c050,-0.47969913482666016,0.0,0.0,0.3486558496952057
0.5,eval,d,10,steer,c006,1.066411018371582,0.053180694580078125,0.0002673788694664836,0.540141761302948
0.5,eval,d,10,steer,c017,0.703211784362793,0.07746028900146484,0.0002673788694664836,0.540141761302948
0.5,eval,d,10,steer,c039,0.7808685302734375,0.07924461364746094,0.0002673788694664836,0.540141761302948
0.5,eval,d,10,steer,c036,0.34304237365722656,0.0803213119506836,0.0002673788694664836,0.540141761302948
0.5,eval,d,10,steer,c009,-0.010014533996582031,0.048038482666015625,0.0002673788694664836,0.540141761302948
0.5,eval,d,10,steer,c000,0.6146154403686523,0.025722503662109375,0.0002673788694664836,0.540141761302948
0.5,eval,d,10,steer,c013,1.7567329406738281,0.0932912826538086,0.0002673788694664836,0.540141761302948
0.5,eval,d,10,steer,c049,0.7381010055541992,0.12659454345703125,0.0002673788694664836,0.540141761302948
0.5,eval,d,10,steer,c058,0.6045398712158203,0.017093658447265625,0.0002673788694664836,0.540141761302948
0.5,eval,d,10,steer,c024,0.2042255401611328,0.053619384765625,0.0002673788694664836,0.540141761302948
0.5,eval,d,10,steer,c042,1.022115707397461,0.10125350952148438,0.0002673788694664836,0.540141761302948
0.5,eval,d,10,steer,c047,0.4392070770263672,0.013752937316894531,0.0002673788694664836,0.540141761302948
0.5,eval,d,10,steer,c043,-0.6975917816162109,0.0371551513671875,0.0002673788694664836,0.540141761302948
0.5,eval,d,10,steer,c003,0.7683620452880859,0.06474971771240234,0.0002673788694664836,0.540141761302948
0.5,eval,d,10,steer,c041,0.7756996154785156,0.0271759033203125,0.0002673788694664836,0.540141761302948
0.5,eval,d,10,steer,c008,-0.029726028442382812,0.039338111877441406,0.0002673788694664836,0.540141761302948
0.5,eval,d,10,steer,c045,1.9324474334716797,0.0773153305053711,0.0002673788694664836,0.540141761302948
0.5,eval,d,10,steer,c011,0.994389533996582,0.08420276641845703,0.0002673788694664836,0.540141761302948
0.5,eval,d,10,steer,c020,1.887639045715332,0.06340789794921875,0.0002673788694664836,0.540141761302948
0.5,eval,d,10,steer,c044,2.089188575744629,0.09590339660644531,0.0002673788694664836,0.540141761302948
0.5,eval,d,10,steer,c016,0.7110509872436523,0.07293128967285156,0.0002673788694664836,0.540141761302948
0.5,eval,d,10,steer,c056,0.8267993927001953,0.02671337127685547,0.0002673788694664836,0.540141761302948
0.5,eval,d,10,steer,c025,0.212615966796875,0.05390644073486328,0.0002673788694664836,0.540141761302948
0.5,eval,d,10,steer,c029,0.3751640319824219,0.03499603271484375,0.0002673788694664836,0.540141761302948
0.5,eval,d,10,steer,c014,0.4659414291381836,0.06807231903076172,0.0002673788694664836,0.540141761302948
0.5,eval,d,10,steer,c002,0.5557594299316406,0.041260719299316406,0.0002673788694664836,0.540141761302948
0.5,eval,d,10,steer,c023,0.6191902160644531,0.048122406005859375,0.0002673788694664836,0.540141761302948
0.5,eval,d,10,steer,c046,0.6612434387207031,0.034760475158691406,0.0002673788694664836,0.540141761302948
0.5,eval,d,10,steer,c022,0.2679462432861328,0.05341148376464844,0.0002673788694664836,0.540141761302948
0.5,eval,d,10,steer,c050,1.1980600357055664,0.08317375183105469,0.0002673788694664836,0.540141761302948
0.5,eval,d,10,steer,c006,1.2669448852539062,0.08387374877929688,0.0002673788694664836,0.540141761302948
0.5,eval,d,10,steer,c017,0.9258871078491211,0.04565238952636719,0.0002673788694664836,0.540141761302948
0.5,eval,d,10,steer,c039,0.3280954360961914,0.05665016174316406,0.0002673788694664836,0.540141761302948
0.5,eval,d,10,steer,c036,0.7455253601074219,0.10968875885009766,0.0002673788694664836,0.540141761302948
0.5,eval,d,10,steer,c009,1.0371999740600586,0.0637655258178711,0.0002673788694664836,0.540141761302948
0.5,eval,d,10,steer,c000,0.6959018707275391,0.07785987854003906,0.0002673788694664836,0.540141761302948
0.5,eval,d,10,steer,c013,0.84130859375,0.10593223571777344,0.0002673788694664836,0.540141761302948
0.5,eval,d,10,steer,c049,0.032927513122558594,0.08339595794677734,0.0002673788694664836,0.540141761302948
0.5,eval,d,10,steer,c058,0.7080831527709961,0.052115440368652344,0.0002673788694664836,0.540141761302948
0.5,eval,d,10,steer,c024,0.3135204315185547,0.061450958251953125,0.0002673788694664836,0.540141761302948
0.5,eval,d,10,steer,c042,0.23978614807128906,0.05596923828125,0.0002673788694664836,0.540141761302948
0.5,eval,d,10,steer,c047,0.723729133605957,0.020491600036621094,0.0002673788694664836,0.540141761302948
0.5,eval,d,10,steer,c043,0.08080863952636719,0.025333404541015625,0.0002673788694664836,0.540141761302948
0.5,eval,d,10,steer,c003,0.5695972442626953,0.07445144653320312,0.0002673788694664836,0.540141761302948
0.5,eval,d,10,steer,c041,0.24598407745361328,0.018456459045410156,0.0002673788694664836,0.540141761302948
0.5,eval,d,10,steer,c008,0.3901491165161133,0.05240440368652344,0.0002673788694664836,0.540141761302948
0.5,eval,d,10,steer,c045,0.6123676300048828,0.07272624969482422,0.0002673788694664836,0.540141761302948
0.5,eval,d,10,steer,c011,0.3367586135864258,0.0745859146118164,0.0002673788694664836,0.540141761302948
0.5,eval,d,10,steer,c020,0.7997665405273438,0.034748077392578125,0.0002673788694664836,0.540141761302948
0.5,eval,d,10,steer,c044,0.3155231475830078,0.09716415405273438,0.0002673788694664836,0.540141761302948
0.5,eval,d,10,steer,c016,0.6276388168334961,0.05847454071044922,0.0002673788694664836,0.540141761302948
0.5,eval,d,10,steer,c056,0.0008916854858398438,0.05380725860595703,0.0002673788694664836,0.540141761302948
0.5,eval,d,10,steer,c025,0.2805604934692383,0.05305767059326172,0.0002673788694664836,0.540141761302948
0.5,eval,d,10,steer,c029,0.1830615997314453,0.01618194580078125,0.0002673788694664836,0.540141761302948
0.5,eval,d,10,steer,c014,0.4147214889526367,0.06818866729736328,0.0002673788694664836,0.540141761302948
0.5,eval,d,10,steer,c002,0.5421772003173828,0.04938316345214844,0.0002673788694664836,0.540141761302948
0.5,eval,d,10,steer,c023,0.8470211029052734,0.027161598205566406,0.0002673788694664836,0.540141761302948
0.5,eval,d,10,steer,c046,0.1418743133544922,0.01523590087890625,0.0002673788694664836,0.540141761302948
0.5,eval,d,10,steer,c022,0.33036327362060547,0.0024766921997070312,0.0002673788694664836,0.540141761302948
0.5,eval,d,10,steer,c050,1.0013437271118164,0.055481910705566406,0.0002673788694664836,0.540141761302948
0.5,deploy,d,10,steer,c006,0.4404144287109375,0.094207763671875,0.0001618925598450005,0.3435268700122833
0.5,deploy,d,10,steer,c017,-0.10888481140136719,0.08258724212646484,0.0001618925598450005,0.3435268700122833
0.5,deploy,d,10,steer,c039,-0.19484901428222656,0.03478050231933594,0.0001618925598450005,0.3435268700122833
0.5,deploy,d,10,steer,c036,0.11050987243652344,0.09688282012939453,0.0001618925598450005,0.3435268700122833
0.5,deploy,d,10,steer,c009,-0.34781742095947266,0.027372360229492188,0.0001618925598450005,0.3435268700122833
0.5,deploy,d,10,steer,c000,-0.20185184478759766,0.059861183166503906,0.0001618925598450005,0.3435268700122833
0.5,deploy,d,10,steer,c013,0.43232059478759766,0.1167898178100586,0.0001618925598450005,0.3435268700122833
0.5,deploy,d,10,steer,c049,-0.29929065704345703,0.06484031677246094,0.0001618925598450005,0.3435268700122833
0.5,deploy,d,10,steer,c058,-0.29134368896484375,0.033576011657714844,0.0001618925598450005,0.3435268700122833
0.5,deploy,d,10,steer,c024,-0.3105916976928711,0.06939411163330078,0.0001618925598450005,0.3435268700122833
0.5,deploy,d,10,steer,c042,-0.22703170776367188,0.07075309753417969,0.0001618925598450005,0.3435268700122833
0.5,deploy,d,10,steer,c047,0.2495403289794922,0.06338691711425781,0.0001618925598450005,0.3435268700122833
0.5,deploy,d,10,steer,c043,-0.6385478973388672,0.0659322738647461,0.0001618925598450005,0.3435268700122833
0.5,deploy,d,10,steer,c003,-0.060700416564941406,0.06354427337646484,0.0001618925598450005,0.3435268700122833
0.5,deploy,d,10,steer,c041,-0.7161140441894531,0.09024906158447266,0.0001618925598450005,0.3435268700122833
0.5,deploy,d,10,steer,c008,-0.2588768005371094,0.04121112823486328,0.0001618925598450005,0.3435268700122833
0.5,deploy,d,10,steer,c045,-0.3255281448364258,0.07043075561523438,0.0001618925598450005,0.3435268700122833
0.5,deploy,d,10,steer,c011,0.21209430694580078,0.09596920013427734,0.0001618925598450005,0.3435268700122833
0.5,deploy,d,10,steer,c020,-0.3278837203979492,0.05567646026611328,0.0001618925598450005,0.3435268700122833
0.5,deploy,d,10,steer,c044,-0.22251319885253906,0.0833425521850586,0.0001618925598450005,0.3435268700122833
0.5,deploy,d,10,steer,c016,-0.14620590209960938,0.06297874450683594,0.0001618925598450005,0.3435268700122833
0.5,deploy,d,10,steer,c056,-0.03726959228515625,0.044231414794921875,0.0001618925598450005,0.3435268700122833
0.5,deploy,d,10,steer,c025,-0.18254756927490234,0.057091712951660156,0.0001618925598450005,0.3435268700122833
0.5,deploy,d,10,steer,c029,-0.7032947540283203,0.026085853576660156,0.0001618925598450005,0.3435268700122833
0.5,deploy,d,10,steer,c014,0.4138336181640625,0.08755207061767578,0.0001618925598450005,0.3435268700122833
0.5,deploy,d,10,steer,c002,-0.18798065185546875,0.06734752655029297,0.0001618925598450005,0.3435268700122833
0.5,deploy,d,10,steer,c023,-0.09341049194335938,0.05382251739501953,0.0001618925598450005,0.3435268700122833
0.5,deploy,d,10,steer,c046,-0.6544866561889648,0.06901741027832031,0.0001618925598450005,0.3435268700122833
0.5,deploy,d,10,steer,c022,0.13085556030273438,0.07559871673583984,0.0001618925598450005,0.3435268700122833
0.5,deploy,d,10,steer,c050,0.062478065490722656,0.09341716766357422,0.0001618925598450005,0.3435268700122833
0.5,deploy,d,10,steer,c006,0.17523956298828125,0.10241222381591797,0.0001618925598450005,0.3435268700122833
0.5,deploy,d,10,steer,c017,0.18836402893066406,0.08602714538574219,0.0001618925598450005,0.3435268700122833
0.5,deploy,d,10,steer,c039,-0.3335142135620117,0.018695831298828125,0.0001618925598450005,0.3435268700122833
0.5,deploy,d,10,steer,c036,-0.18223190307617188,0.0699300765991211,0.0001618925598450005,0.3435268700122833
0.5,deploy,d,10,steer,c009,-0.056209564208984375,0.02432537078857422,0.0001618925598450005,0.3435268700122833
0.5,deploy,d,10,steer,c000,-0.2716217041015625,0.0640401840209961,0.0001618925598450005,0.3435268700122833
0.5,deploy,d,10,steer,c013,0.4506797790527344,0.07933998107910156,0.0001618925598450005,0.3435268700122833
0.5,deploy,d,10,steer,c049,-0.751612663269043,0.03142070770263672,0.0001618925598450005,0.3435268700122833
0.5,deploy,d,10,steer,c058,-0.3652772903442383,0.03509712219238281,0.0001618925598450005,0.3435268700122833
0.5,deploy,d,10,steer,c024,0.013581275939941406,0.09563922882080078,0.0001618925598450005,0.3435268700122833
0.5,deploy,d,10,steer,c042,-0.4455080032348633,0.06382179260253906,0.0001618925598450005,0.3435268700122833
0.5,deploy,d,10,steer,c047,0.12851905822753906,0.05779838562011719,0.0001618925598450005,0.3435268700122833
0.5,deploy,d,10,steer,c043,-1.1493797302246094,0.06731796264648438,0.0001618925598450005,0.3435268700122833
0.5,deploy,d,10,steer,c003,-0.12391853332519531,0.059841156005859375,0.0001618925598450005,0.3435268700122833
0.5,deploy,d,10,steer,c041,-0.10495185852050781,0.09148502349853516,0.0001618925598450005,0.3435268700122833
0.5,deploy,d,10,steer,c008,-0.6843404769897461,0.013396263122558594,0.0001618925598450005,0.3435268700122833
0.5,deploy,d,10,steer,c045,-0.7051677703857422,0.06763935089111328,0.0001618925598450005,0.3435268700122833
0.5,deploy,d,10,steer,c011,0.30273914337158203,0.09389019012451172,0.0001618925598450005,0.3435268700122833
0.5,deploy,d,10,steer,c020,-0.15900802612304688,0.06490516662597656,0.0001618925598450005,0.3435268700122833
0.5,deploy,d,10,steer,c044,-0.10529327392578125,0.08251762390136719,0.0001618925598450005,0.3435268700122833
0.5,deploy,d,10,steer,c016,0.2504386901855469,0.051726341247558594,0.0001618925598450005,0.3435268700122833
0.5,deploy,d,10,steer,c056,-0.0089569091796875,0.025382041931152344,0.0001618925598450005,0.3435268700122833
0.5,deploy,d,10,steer,c025,0.046792030334472656,0.05437469482421875,0.0001618925598450005,0.3435268700122833
0.5,deploy,d,10,steer,c029,-0.3814516067504883,0.03344535827636719,0.0001618925598450005,0.3435268700122833
0.5,deploy,d,10,steer,c014,-0.224517822265625,0.06541252136230469,0.0001618925598450005,0.3435268700122833
0.5,deploy,d,10,steer,c002,-0.39992237091064453,0.06309986114501953,0.0001618925598450005,0.3435268700122833
0.5,deploy,d,10,steer,c023,-0.1253490447998047,0.05592823028564453,0.0001618925598450005,0.3435268700122833
0.5,deploy,d,10,steer,c046,-0.2875213623046875,0.07024574279785156,0.0001618925598450005,0.3435268700122833
0.5,deploy,d,10,steer,c022,-0.41234493255615234,0.06424617767333984,0.0001618925598450005,0.3435268700122833
0.5,deploy,d,10,steer,c050,-0.39626216888427734,0.08343696594238281,0.0001618925598450005,0.3435268700122833
0.5,eval,random,10,steer,c006,1.0030504862467449,-0.01017983754475904,0.0008153691718083186,0.5497998197873434
0.5,eval,random,10,steer,c017,0.6216376622517904,-0.004113833109537723,0.0008153691718083186,0.5497998197873434
0.5,eval,random,10,steer,c039,0.6786216100056967,-0.02300230662027991,0.0008153691718083186,0.5497998197873434
0.5,eval,random,10,steer,c036,0.27010377248128253,0.007382710774739565,0.0008153691718083186,0.5497998197873434
0.5,eval,random,10,steer,c009,-0.07095527648925781,-0.012902259826660156,0.0008153691718083186,0.5497998197873434
0.5,eval,random,10,steer,c000,0.5885019302368164,-0.0003910064697265625,0.0008153691718083186,0.5497998197873434
0.5,eval,random,10,steer,c013,1.6533142725626628,-0.010127385457356697,0.0008153691718083186,0.5497998197873434
0.5,eval,random,10,steer,c049,0.586094856262207,-0.025411605834960938,0.0008153691718083186,0.5497998197873434
0.5,eval,random,10,steer,c058,0.5859877268473307,-0.0014584859212239953,0.0008153691718083186,0.5497998197873434
0.5,eval,random,10,steer,c024,0.15931828816731772,0.008712132771809905,0.0008153691718083186,0.5497998197873434
0.5,eval,random,10,steer,c042,0.9086713790893555,-0.012190818786621094,0.0008153691718083186,0.5497998197873434
0.5,eval,random,10,steer,c047,0.4161806106567383,-0.009273529052734375,0.0008153691718083186,0.5497998197873434
0.5,eval,random,10,steer,c043,-0.7445611953735352,-0.009814262390136719,0.0008153691718083186,0.5497998197873434
0.5,eval,random,10,steer,c003,0.707456906636556,0.003844579060872433,0.0008153691718083186,0.5497998197873434
0.5,eval,random,10,steer,c041,0.7536907196044922,0.0051670074462890625,0.0008153691718083186,0.5497998197873434
0.5,eval,random,10,steer,c008,-0.0753186543782552,-0.006254514058430985,0.0008153691718083186,0.5497998197873434
0.5,eval,random,10,steer,c045,1.8555517196655273,0.00041961669921875,0.0008153691718083186,0.5497998197873434
0.5,eval,random,10,steer,c011,0.9088608423868815,-0.0013259251912435266,0.0008153691718083186,0.5497998197873434
0.5,eval,random,10,steer,c020,1.8255475362141926,0.001316388448079353,0.0008153691718083186,0.5497998197873434
0.5,eval,random,10,steer,c044,1.9790836970011394,-0.014201482137044197,0.0008153691718083186,0.5497998197873434
0.5,eval,random,10,steer,c016,0.6305370330810547,-0.007582664489746094,0.0008153691718083186,0.5497998197873434
0.5,eval,random,10,steer,c056,0.7973480224609375,-0.0027379989624023438,0.0008153691718083186,0.5497998197873434
0.5,eval,random,10,steer,c025,0.16211859385172525,0.0034090677897135324,0.0008153691718083186,0.5497998197873434
0.5,eval,random,10,steer,c029,0.3366702397664388,-0.0034977595011393414,0.0008153691718083186,0.5497998197873434
0.5,eval,random,10,steer,c014,0.37393347422281903,-0.023935635884602846,0.0008153691718083186,0.5497998197873434
0.5,eval,random,10,steer,c002,0.5081570943196615,-0.006341616312662723,0.0008153691718083186,0.5497998197873434
0.5,eval,random,10,steer,c023,0.5745875040690104,0.0035196940104166297,0.0008153691718083186,0.5497998197873434
0.5,eval,random,10,steer,c046,0.6336100896199545,0.007127126057942745,0.0008153691718083186,0.5497998197873434
0.5,eval,random,10,steer,c022,0.212431271870931,-0.002103487650553376,0.0008153691718083186,0.5497998197873434
0.5,eval,random,10,steer,c050,1.1094799041748047,-0.005406379699707031,0.0008153691718083186,0.5497998197873434
0.5,eval,random,10,steer,c006,1.1644878387451172,-0.018583297729492188,0.0008153691718083186,0.5497998197873434
0.5,eval,random,10,steer,c017,0.8699283599853516,-0.010306358337402344,0.0008153691718083186,0.5497998197873434
0.5,eval,random,10,steer,c039,0.27194372812906903,0.0004984537760416852,0.0008153691718083186,0.5497998197873434
0.5,eval,random,10,steer,c036,0.6333796183268229,-0.002456982930501339,0.0008153691718083186,0.5497998197873434
0.5,eval,random,10,steer,c009,0.9558954238891602,-0.017539024353027344,0.0008153691718083186,0.5497998197873434
0.5,eval,random,10,steer,c000,0.6116698582967123,-0.006372133890787723,0.0008153691718083186,0.5497998197873434
0.5,eval,random,10,steer,c013,0.7289711634318033,-0.006405194600423214,0.0008153691718083186,0.5497998197873434
0.5,eval,random,10,steer,c049,-0.05857245127360026,-0.008104006449381508,0.0008153691718083186,0.5497998197873434
0.5,eval,random,10,steer,c058,0.6571232477823893,0.001155535380045536,0.0008153691718083186,0.5497998197873434
0.5,eval,random,10,steer,c024,0.2539523442586263,0.001882870992024721,0.0008153691718083186,0.5497998197873434
0.5,eval,random,10,steer,c042,0.17871602376302084,-0.00510088602701822,0.0008153691718083186,0.5497998197873434
0.5,eval,random,10,steer,c047,0.7107982635498047,0.00756072998046875,0.0008153691718083186,0.5497998197873434
0.5,eval,random,10,steer,c043,0.06264082590738933,0.007165590922037765,0.0008153691718083186,0.5497998197873434
0.5,eval,random,10,steer,c003,0.5009752909342448,0.005829493204752567,0.0008153691718083186,0.5497998197873434
0.5,eval,random,10,steer,c041,0.2475872039794922,0.020059585571289062,0.0008153691718083186,0.5497998197873434
0.5,eval,random,10,steer,c008,0.3305946985880534,-0.00715001424153644,0.0008153691718083186,0.5497998197873434
0.5,eval,random,10,steer,c045,0.5354547500610352,-0.0041866302490234375,0.0008153691718083186,0.5497998197873434
0.5,eval,random,10,steer,c011,0.2628234227498372,0.0006507237752278461,0.0008153691718083186,0.5497998197873434
0.5,eval,random,10,steer,c020,0.7596168518066406,-0.005401611328125,0.0008153691718083186,0.5497998197873434
0.5,eval,random,10,steer,c044,0.21983464558919272,0.00147565205891928,0.0008153691718083186,0.5497998197873434
0.5,eval,random,10,steer,c016,0.5658295949300131,-0.003334681193033817,0.0008153691718083186,0.5497998197873434
0.5,eval,random,10,steer,c056,-0.052177747090657554,0.0007378260294596331,0.0008153691718083186,0.5497998197873434
0.5,eval,random,10,steer,c025,0.22639846801757812,-0.0011043548583984375,0.0008153691718083186,0.5497998197873434
0.5,eval,random,10,steer,c029,0.16161060333251953,-0.005269050598144531,0.0008153691718083186,0.5497998197873434
0.5,eval,random,10,steer,c014,0.3376493453979492,-0.008883476257324219,0.0008153691718083186,0.5497998197873434
0.5,eval,random,10,steer,c002,0.5026073455810547,0.009813308715820312,0.0008153691718083186,0.5497998197873434
0.5,eval,random,10,steer,c023,0.814424196879069,-0.005435307820638058,0.0008153691718083186,0.5497998197873434
0.5,eval,random,10,steer,c046,0.14444541931152344,0.0178070068359375,0.0008153691718083186,0.5497998197873434
0.5,eval,random,10,steer,c022,0.3418172200520833,0.013930638631184877,0.0008153691718083186,0.5497998197873434
0.5,eval,random,10,steer,c050,0.9353383382161459,-0.01052347819010413,0.0008153691718083186,0.5497998197873434
1.0,eval,d,10,steer,c006,1.12493896484375,0.1117086410522461,0.0008265082142315805,0.5394712090492249
1.0,eval,d,10,steer,c017,0.7879543304443359,0.1622028350830078,0.0008265082142315805,0.5394712090492249
1.0,eval,d,10,steer,c039,0.8739948272705078,0.17237091064453125,0.0008265082142315805,0.5394712090492249
1.0,eval,d,10,steer,c036,0.43575191497802734,0.17303085327148438,0.0008265082142315805,0.5394712090492249
1.0,eval,d,10,steer,c009,0.04986381530761719,0.10791683197021484,0.0008265082142315805,0.5394712090492249
1.0,eval,d,10,steer,c000,0.648834228515625,0.05994129180908203,0.0008265082142315805,0.5394712090492249
1.0,eval,d,10,steer,c013,1.8499412536621094,0.18649959564208984,0.0008265082142315805,0.5394712090492249
1.0,eval,d,10,steer,c049,0.8862676620483398,0.2747611999511719,0.0008265082142315805,0.5394712090492249
1.0,eval,d,10,steer,c058,0.6282501220703125,0.04080390930175781,0.0008265082142315805,0.5394712090492249
1.0,eval,d,10,steer,c024,0.26593494415283203,0.11532878875732422,0.0008265082142315805,0.5394712090492249
1.0,eval,d,10,steer,c042,1.1224536895751953,0.20159149169921875,0.0008265082142315805,0.5394712090492249
1.0,eval,d,10,steer,c047,0.460662841796875,0.035208702087402344,0.0008265082142315805,0.5394712090492249
1.0,eval,d,10,steer,c043,-0.6544122695922852,0.08033466339111328,0.0008265082142315805,0.5394712090492249
1.0,eval,d,10,steer,c003,0.8395900726318359,0.13597774505615234,0.0008265082142315805,0.5394712090492249
1.0,eval,d,10,steer,c041,0.8092489242553711,0.06072521209716797,0.0008265082142315805,0.5394712090492249
1.0,eval,d,10,steer,c008,0.022058486938476562,0.09112262725830078,0.0008265082142315805,0.5394712090492249
1.0,eval,d,10,steer,c045,2.0104265213012695,0.15529441833496094,0.0008265082142315805,0.5394712090492249
1.0,eval,d,10,steer,c011,1.082834243774414,0.17264747619628906,0.0008265082142315805,0.5394712090492249
1.0,eval,d,10,steer,c020,1.9508705139160156,0.12663936614990234,0.0008265082142315805,0.5394712090492249
1.0,eval,d,10,steer,c044,2.1802120208740234,0.18692684173583984,0.0008265082142315805,0.5394712090492249
1.0,eval,d,10,steer,c016,0.7919092178344727,0.15378952026367188,0.0008265082142315805,0.5394712090492249
1.0,eval,d,10,steer,c056,0.8622770309448242,0.062191009521484375,0.0008265082142315805,0.5394712090492249
1.0,eval,d,10,steer,c025,0.27849674224853516,0.11978721618652344,0.0008265082142315805,0.5394712090492249
1.0,eval,d,10,steer,c029,0.4186983108520508,0.07853031158447266,0.0008265082142315805,0.5394712090492249
1.0,eval,d,10,steer,c014,0.5368127822875977,0.13894367218017578,0.0008265082142315805,0.5394712090492249
1.0,eval,d,10,steer,c002,0.6013107299804688,0.08681201934814453,0.0008265082142315805,0.5394712090492249
1.0,eval,d,10,steer,c023,0.6757574081420898,0.1046895980834961,0.0008265082142315805,0.5394712090492249
1.0,eval,d,10,steer,c046,0.6984462738037109,0.07196331024169922,0.0008265082142315805,0.5394712090492249
1.0,eval,d,10,steer,c022,0.3296499252319336,0.11511516571044922,0.0008265082142315805,0.5394712090492249
1.0,eval,d,10,steer,c050,1.2837610244750977,0.16887474060058594,0.0008265082142315805,0.5394712090492249
1.0,eval,d,10,steer,c006,1.3530054092407227,0.16993427276611328,0.0008265082142315805,0.5394712090492249
1.0,eval,d,10,steer,c017,0.977208137512207,0.09697341918945312,0.0008265082142315805,0.5394712090492249
1.0,eval,d,10,steer,c039,0.39866161346435547,0.12721633911132812,0.0008265082142315805,0.5394712090492249
1.0,eval,d,10,steer,c036,0.8598365783691406,0.2239999771118164,0.0008265082142315805,0.5394712090492249
1.0,eval,d,10,steer,c009,1.1119813919067383,0.13854694366455078,0.0008265082142315805,0.5394712090492249
1.0,eval,d,10,steer,c000,0.7815942764282227,0.16355228424072266,0.0008265082142315805,0.5394712090492249
1.0,eval,d,10,steer,c013,0.9514484405517578,0.21607208251953125,0.0008265082142315805,0.5394712090492249
1.0,eval,d,10,steer,c049,0.1302051544189453,0.18067359924316406,0.0008265082142315805,0.5394712090492249
1.0,eval,d,10,steer,c058,0.7639989852905273,0.1080312728881836,0.0008265082142315805,0.5394712090492249
1.0,eval,d,10,steer,c024,0.38555240631103516,0.1334829330444336,0.0008265082142315805,0.5394712090492249
1.0,eval,d,10,steer,c042,0.30113983154296875,0.11732292175292969,0.0008265082142315805,0.5394712090492249
1.0,eval,d,10,steer,c047,0.7494411468505859,0.04620361328125,0.0008265082142315805,0.5394712090492249
1.0,eval,d,10,steer,c043,0.1165170669555664,0.061041831970214844,0.0008265082142315805,0.5394712090492249
1.0,eval,d,10,steer,c003,0.6533784866333008,0.1582326889038086,0.0008265082142315805,0.5394712090492249
1.0,eval,d,10,steer,c041,0.2664632797241211,0.03893566131591797,0.0008265082142315805,0.5394712090492249
1.0,eval,d,10,steer,c008,0.4567241668701172,0.11897945404052734,0.0008265082142315805,0.5394712090492249
1.0,eval,d,10,steer,c045,0.6904144287109375,0.1507730484008789,0.0008265082142315805,0.5394712090492249
1.0,eval,d,10,steer,c011,0.42048168182373047,0.1583089828491211,0.0008265082142315805,0.5394712090492249
1.0,eval,d,10,steer,c020,0.8380117416381836,0.07299327850341797,0.0008265082142315805,0.5394712090492249
1.0,eval,d,10,steer,c044,0.42224884033203125,0.2038898468017578,0.0008265082142315805,0.5394712090492249
1.0,eval,d,10,steer,c016,0.6964921951293945,0.12732791900634766,0.0008265082142315805,0.5394712090492249
1.0,eval,d,10,steer,c056,0.059264183044433594,0.11217975616455078,0.0008265082142315805,0.5394712090492249
1.0,eval,d,10,steer,c025,0.34219837188720703,0.11469554901123047,0.0008265082142315805,0.5394712090492249
1.0,eval,d,10,steer,c029,0.21309471130371094,0.046215057373046875,0.0008265082142315805,0.5394712090492249
1.0,eval,d,10,steer,c014,0.48848724365234375,0.1419544219970703,0.0008265082142315805,0.5394712090492249
1.0,eval,d,10,steer,c002,0.6003084182739258,0.1075143814086914,0.0008265082142315805,0.5394712090492249
1.0,eval,d,10,steer,c023,0.8799505233764648,0.06009101867675781,0.0008265082142315805,0.5394712090492249
1.0,eval,d,10,steer,c046,0.15885543823242188,0.03221702575683594,0.0008265082142315805,0.5394712090492249
1.0,eval,d,10,steer,c022,0.33747291564941406,0.009586334228515625,0.0008265082142315805,0.5394712090492249
1.0,eval,d,10,steer,c050,1.0600252151489258,0.11416339874267578,0.0008265082142315805,0.5394712090492249
1.0,deploy,d,10,steer,c006,0.543614387512207,0.19740772247314453,0.0005345682729966938,0.3430157005786896
1.0,deploy,d,10,steer,c017,-0.014090538024902344,0.1773815155029297,0.0005345682729966938,0.3430157005786896
1.0,deploy,d,10,steer,c039,-0.14593029022216797,0.08369922637939453,0.0005345682729966938,0.3430157005786896
1.0,deploy,d,10,steer,c036,0.220367431640625,0.2067403793334961,0.0005345682729966938,0.3430157005786896
1.0,deploy,d,10,steer,c009,-0.30979061126708984,0.065399169921875,0.0005345682729966938,0.3430157005786896
1.0,deploy,d,10,steer,c000,-0.1293802261352539,0.13233280181884766,0.0005345682729966938,0.3430157005786896
1.0,deploy,d,10,steer,c013,0.5572633743286133,0.24173259735107422,0.0005345682729966938,0.3430157005786896
1.0,deploy,d,10,steer,c049,-0.22544384002685547,0.1386871337890625,0.0005345682729966938,0.3430157005786896
1.0,deploy,d,10,steer,c058,-0.24895381927490234,0.07596588134765625,0.0005345682729966938,0.3430157005786896
1.0,deploy,d,10,steer,c024,-0.2278728485107422,0.1521129608154297,0.0005345682729966938,0.3430157005786896
1.0,deploy,d,10,steer,c042,-0.14866256713867188,0.1491222381591797,0.0005345682729966938,0.3430157005786896
1.0,deploy,d,10,steer,c047,0.31571197509765625,0.12955856323242188,0.0005345682729966938,0.3430157005786896
1.0,deploy,d,10,steer,c043,-0.5629768371582031,0.14150333404541016,0.0005345682729966938,0.3430157005786896
1.0,deploy,d,10,steer,c003,0.012532234191894531,0.13677692413330078,0.0005345682729966938,0.3430157005786896
1.0,deploy,d,10,steer,c041,-0.6126127243041992,0.19375038146972656,0.0005345682729966938,0.3430157005786896
1.0,deploy,d,10,steer,c008,-0.2056446075439453,0.09444332122802734,0.0005345682729966938,0.3430157005786896
1.0,deploy,d,10,steer,c045,-0.24625301361083984,0.1497058868408203,0.0005345682729966938,0.3430157005786896
1.0,deploy,d,10,steer,c011,0.3183021545410156,0.2021770477294922,0.0005345682729966938,0.3430157005786896
1.0,deploy,d,10,steer,c020,-0.2599344253540039,0.1236257553100586,0.0005345682729966938,0.3430157005786896
1.0,deploy,d,10,steer,c044,-0.12609195709228516,0.1797637939453125,0.0005345682729966938,0.3430157005786896
1.0,deploy,d,10,steer,c016,-0.07531356811523438,0.13387107849121094,0.0005345682729966938,0.3430157005786896
1.0,deploy,d,10,steer,c056,0.015633583068847656,0.09713459014892578,0.0005345682729966938,0.3430157005786896
1.0,deploy,d,10,steer,c025,-0.11629199981689453,0.12334728240966797,0.0005345682729966938,0.3430157005786896
1.0,deploy,d,10,steer,c029,-0.6652193069458008,0.06416130065917969,0.0005345682729966938,0.3430157005786896
1.0,deploy,d,10,steer,c014,0.5095939636230469,0.18331241607666016,0.0005345682729966938,0.3430157005786896
1.0,deploy,d,10,steer,c002,-0.11383724212646484,0.14149093627929688,0.0005345682729966938,0.3430157005786896
1.0,deploy,d,10,steer,c023,-0.03219318389892578,0.11503982543945312,0.0005345682729966938,0.3430157005786896
1.0,deploy,d,10,steer,c046,-0.579254150390625,0.14424991607666016,0.0005345682729966938,0.3430157005786896
1.0,deploy,d,10,steer,c022,0.21549510955810547,0.16023826599121094,0.0005345682729966938,0.3430157005786896
1.0,deploy,d,10,steer,c050,0.1625518798828125,0.19349098205566406,0.0005345682729966938,0.3430157005786896
1.0,deploy,d,10,steer,c006,0.28879737854003906,0.21597003936767578,0.0005345682729966938,0.3430157005786896
1.0,deploy,d,10,steer,c017,0.2846841812133789,0.18234729766845703,0.0005345682729966938,0.3430157005786896
1.0,deploy,d,10,steer,c039,-0.30658626556396484,0.045623779296875,0.0005345682729966938,0.3430157005786896
1.0,deploy,d,10,steer,c036,-0.09709548950195312,0.15506649017333984,0.0005345682729966938,0.3430157005786896
1.0,deploy,d,10,steer,c009,-0.019603729248046875,0.06093120574951172,0.0005345682729966938,0.3430157005786896
1.0,deploy,d,10,steer,c000,-0.1960735321044922,0.1395883560180664,0.0005345682729966938,0.3430157005786896
1.0,deploy,d,10,steer,c013,0.5378131866455078,0.166473388671875,0.0005345682729966938,0.3430157005786896
1.0,deploy,d,10,steer,c049,-0.7132377624511719,0.06979560852050781,0.0005345682729966938,0.3430157005786896
1.0,deploy,d,10,steer,c058,-0.3207731246948242,0.07960128784179688,0.0005345682729966938,0.3430157005786896
1.0,deploy,d,10,steer,c024,0.11777877807617188,0.19983673095703125,0.0005345682729966938,0.3430157005786896
1.0,deploy,d,10,steer,c042,-0.3709831237792969,0.13834667205810547,0.0005345682729966938,0.3430157005786896
1.0,deploy,d,10,steer,c047,0.1945362091064453,0.12381553649902344,0.0005345682729966938,0.3430157005786896
1.0,deploy,d,10,steer,c043,-1.0733280181884766,0.1433696746826172,0.0005345682729966938,0.3430157005786896
1.0,deploy,d,10,steer,c003,-0.05445289611816406,0.12930679321289062,0.0005345682729966938,0.3430157005786896
1.0,deploy,d,10,steer,c041,-0.0038938522338867188,0.19254302978515625,0.0005345682729966938,0.3430157005786896
1.0,deploy,d,10,steer,c008,-0.6600227355957031,0.03771400451660156,0.0005345682729966938,0.3430157005786896
1.0,deploy,d,10,steer,c045,-0.6308403015136719,0.1419668197631836,0.0005345682729966938,0.3430157005786896
1.0,deploy,d,10,steer,c011,0.40735912322998047,0.19851016998291016,0.0005345682729966938,0.3430157005786896
1.0,deploy,d,10,steer,c020,-0.08599090576171875,0.1379222869873047,0.0005345682729966938,0.3430157005786896
1.0,deploy,d,10,steer,c044,-0.009510040283203125,0.1783008575439453,0.0005345682729966938,0.3430157005786896
1.0,deploy,d,10,steer,c016,0.31280040740966797,0.11408805847167969,0.0005345682729966938,0.3430157005786896
1.0,deploy,d,10,steer,c056,0.024506568908691406,0.05884552001953125,0.0005345682729966938,0.3430157005786896
1.0,deploy,d,10,steer,c025,0.11046504974365234,0.11804771423339844,0.0005345682729966938,0.3430157005786896
1.0,deploy,d,10,steer,c029,-0.33749866485595703,0.07739830017089844,0.0005345682729966938,0.3430157005786896
1.0,deploy,d,10,steer,c014,-0.15212345123291016,0.13780689239501953,0.0005345682729966938,0.3430157005786896
1.0,deploy,d,10,steer,c002,-0.3276205062866211,0.13540172576904297,0.0005345682729966938,0.3430157005786896
1.0,deploy,d,10,steer,c023,-0.06288433074951172,0.1183929443359375,0.0005345682729966938,0.3430157005786896
1.0,deploy,d,10,steer,c046,-0.20606613159179688,0.1517009735107422,0.0005345682729966938,0.3430157005786896
1.0,deploy,d,10,steer,c022,-0.3345785140991211,0.1420125961303711,0.0005345682729966938,0.3430157005786896
1.0,deploy,d,10,steer,c050,-0.30547046661376953,0.17422866821289062,0.0005345682729966938,0.3430157005786896
1.0,eval,random,10,steer,c006,0.9924004872639974,-0.020829836527506473,0.003417668476079901,0.5541356603304545
1.0,eval,random,10,steer,c017,0.6174570719401041,-0.008294423421223995,0.003417668476079901,0.5541356603304545
1.0,eval,random,10,steer,c039,0.6565265655517578,-0.04509735107421875,0.003417668476079901,0.5541356603304545
1.0,eval,random,10,steer,c036,0.28166929880777997,0.018948237101236998,0.003417668476079901,0.5541356603304545
1.0,eval,random,10,steer,c009,-0.08603700002034505,-0.02798398335774739,0.003417668476079901,0.5541356603304545
1.0,eval,random,10,steer,c000,0.5888684590657552,-2.447764078772341e-05,0.003417668476079901,0.5541356603304545
1.0,eval,random,10,steer,c013,1.641689618428548,-0.021752039591471428,0.003417668476079901,0.5541356603304545
1.0,eval,random,10,steer,c049,0.5598141352335612,-0.05169232686360681,0.003417668476079901,0.5541356603304545
1.0,eval,random,10,steer,c058,0.5828158060709635,-0.004630406697591183,0.003417668476079901,0.5541356603304545
1.0,eval,random,10,steer,c024,0.16963068644205728,0.01902453104654947,0.003417668476079901,0.5541356603304545
1.0,eval,random,10,steer,c042,0.8947223027547201,-0.026139895121256473,0.003417668476079901,0.5541356603304545
1.0,eval,random,10,steer,c047,0.40763060251871747,-0.01782353719075519,0.003417668476079901,0.5541356603304545
1.0,eval,random,10,steer,c043,-0.753393809000651,-0.018646876017252567,0.003417668476079901,0.5541356603304545
1.0,eval,random,10,steer,c003,0.7114226023356119,0.007810274759928348,0.003417668476079901,0.5541356603304545
1.0,eval,random,10,steer,c041,0.7591171264648438,0.010593414306640625,0.003417668476079901,0.5541356603304545
1.0,eval,random,10,steer,c008,-0.0832376480102539,-0.014173507690429688,0.003417668476079901,0.5541356603304545
1.0,eval,random,10,steer,c045,1.8513402938842773,-0.00379180908203125,0.003417668476079901,0.5541356603304545
1.0,eval,random,10,steer,c011,0.9040924708048502,-0.006094296773274777,0.003417668476079901,0.5541356603304545
1.0,eval,random,10,steer,c020,1.823398272196452,-0.0008328755696613843,0.003417668476079901,0.5541356603304545
1.0,eval,random,10,steer,c044,1.9596207936604817,-0.0336643854777019,0.003417668476079901,0.5541356603304545
1.0,eval,random,10,steer,c016,0.6234496434529623,-0.014670054117838505,0.003417668476079901,0.5541356603304545
1.0,eval,random,10,steer,c056,0.7983922958374023,-0.0016937255859375,0.003417668476079901,0.5541356603304545
1.0,eval,random,10,steer,c025,0.1689303716023763,0.010220845540364593,0.003417668476079901,0.5541356603304545
1.0,eval,random,10,steer,c029,0.3344577153523763,-0.005710283915201841,0.003417668476079901,0.5541356603304545
1.0,eval,random,10,steer,c014,0.35093943277994794,-0.04692967732747394,0.003417668476079901,0.5541356603304545
1.0,eval,random,10,steer,c002,0.5049581527709961,-0.009540557861328125,0.003417668476079901,0.5541356603304545
1.0,eval,random,10,steer,c023,0.5790392557779948,0.007971445719401005,0.003417668476079901,0.5541356603304545
1.0,eval,random,10,steer,c046,0.6393938064575195,0.012910842895507812,0.003417668476079901,0.5541356603304545
1.0,eval,random,10,steer,c022,0.2115208307902018,-0.0030139287312825613,0.003417668476079901,0.5541356603304545
1.0,eval,random,10,steer,c050,1.1048075358072917,-0.010078748067219978,0.003417668476079901,0.5541356603304545
1.0,eval,random,10,steer,c006,1.1456165313720703,-0.03745460510253906,0.003417668476079901,0.5541356603304545
1.0,eval,random,10,steer,c017,0.8591626485188802,-0.02107206980387366,0.003417668476079901,0.5541356603304545
1.0,eval,random,10,steer,c039,0.2707068125406901,-0.0007384618123372211,0.003417668476079901,0.5541356603304545
1.0,eval,random,10,steer,c036,0.6316556930541992,-0.004180908203125,0.003417668476079901,0.5541356603304545
1.0,eval,random,10,steer,c009,0.9355487823486328,-0.03788566589355469,0.003417668476079901,0.5541356603304545
1.0,eval,random,10,steer,c000,0.6056715647379557,-0.012370427449544308,0.003417668476079901,0.5541356603304545
1.0,eval,random,10,steer,c013,0.7213341395060221,-0.014042218526204464,0.003417668476079901,0.5541356603304545
1.0,eval,random,10,steer,c049,-0.0683453877766927,-0.017876942952473954,0.003417668476079901,0.5541356603304545
1.0,eval,random,10,steer,c058,0.6560678482055664,0.00010013580322265625,0.003417668476079901,0.5541356603304545
1.0,eval,random,10,steer,c024,0.2558724085489909,0.0038029352823893414,0.003417668476079901,0.5541356603304545
1.0,eval,random,10,steer,c042,0.17487589518229166,-0.008941014607747405,0.003417668476079901,0.5541356603304545
1.0,eval,random,10,steer,c047,0.7181415557861328,0.014904022216796875,0.003417668476079901,0.5541356603304545
1.0,eval,random,10,steer,c043,0.07118765513102214,0.015712420145670578,0.003417668476079901,0.5541356603304545
1.0,eval,random,10,steer,c003,0.5033903121948242,0.008244514465332031,0.003417668476079901,0.5541356603304545
1.0,eval,random,10,steer,c041,0.2693789800008138,0.04185136159261066,0.003417668476079901,0.5541356603304545
1.0,eval,random,10,steer,c008,0.32656510670979816,-0.011179606119791685,0.003417668476079901,0.5541356603304545
1.0,eval,random,10,steer,c045,0.5310157140096029,-0.008625666300455692,0.003417668476079901,0.5541356603304545
1.0,eval,random,10,steer,c011,0.2645476659138997,0.002374966939290346,0.003417668476079901,0.5541356603304545
1.0,eval,random,10,steer,c020,0.7559734980265299,-0.009044965108235714,0.003417668476079901,0.5541356603304545
1.0,eval,random,10,steer,c044,0.2209008534749349,0.0025418599446614676,0.003417668476079901,0.5541356603304545
1.0,eval,random,10,steer,c016,0.5628871917724609,-0.0062770843505859375,0.003417668476079901,0.5541356603304545
1.0,eval,random,10,steer,c056,-0.04927476247151693,0.003640810648600258,0.003417668476079901,0.5541356603304545
1.0,eval,random,10,steer,c025,0.22593021392822266,-0.0015726089477539062,0.003417668476079901,0.5541356603304545
1.0,eval,random,10,steer,c029,0.1564181645711263,-0.010461489359537751,0.003417668476079901,0.5541356603304545
1.0,eval,random,10,steer,c014,0.3288482030232747,-0.017684618631998716,0.003417668476079901,0.5541356603304545
1.0,eval,random,10,steer,c002,0.5144497553507487,0.021655718485514286,0.003417668476079901,0.5541356603304545
1.0,eval,random,10,steer,c023,0.8086064656575521,-0.011253039042154911,0.003417668476079901,0.5541356603304545
1.0,eval,random,10,steer,c046,0.16309102376302084,0.036452611287434905,0.003417668476079901,0.5541356603304545
1.0,eval,random,10,steer,c022,0.35920270284016925,0.031316121419270815,0.003417668476079901,0.5541356603304545
1.0,eval,random,10,steer,c050,0.9259468714396158,-0.01991494496663415,0.003417668476079901,0.5541356603304545
2.0,eval,d,10,steer,c006,1.2626895904541016,0.24945926666259766,0.0028365692123770714,0.5527558922767639
2.0,eval,d,10,steer,c017,0.9847011566162109,0.3589496612548828,0.0028365692123770714,0.5527558922767639
2.0,eval,d,10,steer,c039,1.1007556915283203,0.39913177490234375,0.0028365692123770714,0.5527558922767639
2.0,eval,d,10,steer,c036,0.6549739837646484,0.39225292205810547,0.0028365692123770714,0.5527558922767639
2.0,eval,d,10,steer,c009,0.20741748809814453,0.2654705047607422,0.0028365692123770714,0.5527558922767639
2.0,eval,d,10,steer,c000,0.7457866668701172,0.15689373016357422,0.0028365692123770714,0.5527558922767639
2.0,eval,d,10,steer,c013,2.038909912109375,0.37546825408935547,0.0028365692123770714,0.5527558922767639
2.0,eval,d,10,steer,c049,1.2333593368530273,0.6218528747558594,0.0028365692123770714,0.5527558922767639
2.0,eval,d,10,steer,c058,0.7090950012207031,0.12164878845214844,0.0028365692123770714,0.5527558922767639
2.0,eval,d,10,steer,c024,0.4126577377319336,0.2620515823364258,0.0028365692123770714,0.5527558922767639
2.0,eval,d,10,steer,c042,1.3249988555908203,0.40413665771484375,0.0028365692123770714,0.5527558922767639
2.0,eval,d,10,steer,c047,0.5368022918701172,0.11134815216064453,0.0028365692123770714,0.5527558922767639
2.0,eval,d,10,steer,c043,-0.5571384429931641,0.17760848999023438,0.0028365692123770714,0.5527558922767639
2.0,eval,d,10,steer,c003,1.00250244140625,0.2988901138305664,0.0028365692123770714,0.5527558922767639
2.0,eval,d,10,steer,c041,0.9014711380004883,0.15294742584228516,0.0028365692123770714,0.5527558922767639
2.0,eval,d,10,steer,c008,0.16609668731689453,0.23516082763671875,0.0028365692123770714,0.5527558922767639
2.0,eval,d,10,steer,c045,2.1683101654052734,0.31317806243896484,0.0028365692123770714,0.5527558922767639
2.0,eval,d,10,steer,c011,1.2764244079589844,0.3662376403808594,0.0028365692123770714,0.5527558922767639
2.0,eval,d,10,steer,c020,2.08099365234375,0.2567625045776367,0.0028365692123770714,0.5527558922767639
2.0,eval,d,10,steer,c044,2.3439455032348633,0.3506603240966797,0.0028365692123770714,0.5527558922767639
2.0,eval,d,10,steer,c016,0.9808626174926758,0.342742919921875,0.0028365692123770714,0.5527558922767639
2.0,eval,d,10,steer,c056,0.9720726013183594,0.17198657989501953,0.0028365692123770714,0.5527558922767639
2.0,eval,d,10,steer,c025,0.44317054748535156,0.28446102142333984,0.0028365692123770714,0.5527558922767639
2.0,eval,d,10,steer,c029,0.5356121063232422,0.19544410705566406,0.0028365692123770714,0.5527558922767639
2.0,eval,d,10,steer,c014,0.6938619613647461,0.2959928512573242,0.0028365692123770714,0.5527558922767639
2.0,eval,d,10,steer,c002,0.7054300308227539,0.1909313201904297,0.0028365692123770714,0.5527558922767639
2.0,eval,d,10,steer,c023,0.8093128204345703,0.23824501037597656,0.0028365692123770714,0.5527558922767639
2.0,eval,d,10,steer,c046,0.7853403091430664,0.1588573455810547,0.0028365692123770714,0.5527558922767639
2.0,eval,d,10,steer,c022,0.4822092056274414,0.26767444610595703,0.0028365692123770714,0.5527558922767639
2.0,eval,d,10,steer,c050,1.4665489196777344,0.35166263580322266,0.0028365692123770714,0.5527558922767639
2.0,eval,d,10,steer,c006,1.5303430557250977,0.3472719192504883,0.0028365692123770714,0.5527558922767639
2.0,eval,d,10,steer,c017,1.1012983322143555,0.22106361389160156,0.0028365692123770714,0.5527558922767639
2.0,eval,d,10,steer,c039,0.5823049545288086,0.31085968017578125,0.0028365692123770714,0.5527558922767639
2.0,eval,d,10,steer,c036,1.098043441772461,0.4622068405151367,0.0028365692123770714,0.5527558922767639
2.0,eval,d,10,steer,c009,1.3008050918579102,0.32737064361572266,0.0028365692123770714,0.5527558922767639
2.0,eval,d,10,steer,c000,0.974395751953125,0.356353759765625,0.0028365692123770714,0.5527558922767639
2.0,eval,d,10,steer,c013,1.1838464736938477,0.4484701156616211,0.0028365692123770714,0.5527558922767639
2.0,eval,d,10,steer,c049,0.36290740966796875,0.4133758544921875,0.0028365692123770714,0.5527558922767639
2.0,eval,d,10,steer,c058,0.8900852203369141,0.2341175079345703,0.0028365692123770714,0.5527558922767639
2.0,eval,d,10,steer,c024,0.5623378753662109,0.3102684020996094,0.0028365692123770714,0.5527558922767639
2.0,eval,d,10,steer,c042,0.4395627975463867,0.25574588775634766,0.0028365692123770714,0.5527558922767639
2.0,eval,d,10,steer,c047,0.824397087097168,0.12115955352783203,0.0028365692123770714,0.5527558922767639
2.0,eval,d,10,steer,c043,0.21291446685791016,0.1574392318725586,0.0028365692123770714,0.5527558922767639
2.0,eval,d,10,steer,c003,0.8487300872802734,0.35358428955078125,0.0028365692123770714,0.5527558922767639
2.0,eval,d,10,steer,c041,0.31945323944091797,0.09192562103271484,0.0028365692123770714,0.5527558922767639
2.0,eval,d,10,steer,c008,0.6324977874755859,0.2947530746459961,0.0028365692123770714,0.5527558922767639
2.0,eval,d,10,steer,c045,0.8614625930786133,0.3218212127685547,0.0028365692123770714,0.5527558922767639
2.0,eval,d,10,steer,c011,0.6113796234130859,0.34920692443847656,0.0028365692123770714,0.5527558922767639
2.0,eval,d,10,steer,c020,0.926727294921875,0.16170883178710938,0.0028365692123770714,0.5527558922767639
2.0,eval,d,10,steer,c044,0.6504487991333008,0.43208980560302734,0.0028365692123770714,0.5527558922767639
2.0,eval,d,10,steer,c016,0.8722124099731445,0.30304813385009766,0.0028365692123770714,0.5527558922767639
2.0,eval,d,10,steer,c056,0.18875789642333984,0.24167346954345703,0.0028365692123770714,0.5527558922767639
2.0,eval,d,10,steer,c025,0.48807621002197266,0.2605733871459961,0.0028365692123770714,0.5527558922767639
2.0,eval,d,10,steer,c029,0.3231353759765625,0.15625572204589844,0.0028365692123770714,0.5527558922767639
2.0,eval,d,10,steer,c014,0.6519994735717773,0.3054666519165039,0.0028365692123770714,0.5527558922767639
2.0,eval,d,10,steer,c002,0.7360801696777344,0.2432861328125,0.0028365692123770714,0.5527558922767639
2.0,eval,d,10,steer,c023,0.9669399261474609,0.1470804214477539,0.0028365692123770714,0.5527558922767639
2.0,eval,d,10,steer,c046,0.20227909088134766,0.07564067840576172,0.0028365692123770714,0.5527558922767639
2.0,eval,d,10,steer,c022,0.37685394287109375,0.04896736145019531,0.0028365692123770714,0.5527558922767639
2.0,eval,d,10,steer,c050,1.1906194686889648,0.24475765228271484,0.0028365692123770714,0.5527558922767639
2.0,deploy,d,10,steer,c006,0.7708959579467773,0.42468929290771484,0.0020009607542306185,0.3585508167743683
2.0,deploy,d,10,steer,c017,0.20315074920654297,0.394622802734375,0.0020009607542306185,0.3585508167743683
2.0,deploy,d,10,steer,c039,-0.007580757141113281,0.22204875946044922,0.0020009607542306185,0.3585508167743683
2.0,deploy,d,10,steer,c036,0.4685659408569336,0.4549388885498047,0.0020009607542306185,0.3585508167743683
2.0,deploy,d,10,steer,c009,-0.19978809356689453,0.1754016876220703,0.0020009607542306185,0.3585508167743683
2.0,deploy,d,10,steer,c000,0.04621124267578125,0.3079242706298828,0.0020009607542306185,0.3585508167743683
2.0,deploy,d,10,steer,c013,0.8243398666381836,0.5088090896606445,0.0020009607542306185,0.3585508167743683
2.0,deploy,d,10,steer,c049,-0.052490234375,0.31164073944091797,0.0020009607542306185,0.3585508167743683
2.0,deploy,d,10,steer,c058,-0.1401195526123047,0.1848001480102539,0.0020009607542306185,0.3585508167743683
2.0,deploy,d,10,steer,c024,-0.03094768524169922,0.34903812408447266,0.0020009607542306185,0.3585508167743683
2.0,deploy,d,10,steer,c042,0.023987770080566406,0.32177257537841797,0.0020009607542306185,0.3585508167743683
2.0,deploy,d,10,steer,c047,0.4580659866333008,0.2719125747680664,0.0020009607542306185,0.3585508167743683
2.0,deploy,d,10,steer,c043,-0.39601612091064453,0.30846405029296875,0.0020009607542306185,0.3585508167743683
2.0,deploy,d,10,steer,c003,0.1850566864013672,0.30930137634277344,0.0020009607542306185,0.3585508167743683
2.0,deploy,d,10,steer,c041,-0.3802642822265625,0.4260988235473633,0.0020009607542306185,0.3585508167743683
2.0,deploy,d,10,steer,c008,-0.06453132629394531,0.23555660247802734,0.0020009607542306185,0.3585508167743683
2.0,deploy,d,10,steer,c045,-0.07383155822753906,0.3221273422241211,0.0020009607542306185,0.3585508167743683
2.0,deploy,d,10,steer,c011,0.5523233413696289,0.43619823455810547,0.0020009607542306185,0.3585508167743683
2.0,deploy,d,10,steer,c020,-0.09648990631103516,0.28707027435302734,0.0020009607542306185,0.3585508167743683
2.0,deploy,d,10,steer,c044,0.0929422378540039,0.39879798889160156,0.0020009607542306185,0.3585508167743683
2.0,deploy,d,10,steer,c016,0.09128570556640625,0.30047035217285156,0.0020009607542306185,0.3585508167743683
2.0,deploy,d,10,steer,c056,0.14865493774414062,0.23015594482421875,0.0020009607542306185,0.3585508167743683
2.0,deploy,d,10,steer,c025,0.03852272033691406,0.27816200256347656,0.0020009607542306185,0.3585508167743683
2.0,deploy,d,10,steer,c029,-0.5545444488525391,0.1748361587524414,0.0020009607542306185,0.3585508167743683
2.0,deploy,d,10,steer,c014,0.7186498641967773,0.3923683166503906,0.0020009607542306185,0.3585508167743683
2.0,deploy,d,10,steer,c002,0.05054187774658203,0.30587005615234375,0.0020009607542306185,0.3585508167743683
2.0,deploy,d,10,steer,c023,0.10969924926757812,0.25693225860595703,0.0020009607542306185,0.3585508167743683
2.0,deploy,d,10,steer,c046,-0.41927623748779297,0.3042278289794922,0.0020009607542306185,0.3585508167743683
2.0,deploy,d,10,steer,c022,0.40532875061035156,0.35007190704345703,0.0020009607542306185,0.3585508167743683
2.0,deploy,d,10,steer,c050,0.37852001190185547,0.40945911407470703,0.0020009607542306185,0.3585508167743683
2.0,deploy,d,10,steer,c006,0.5371074676513672,0.4642801284790039,0.0020009607542306185,0.3585508167743683
2.0,deploy,d,10,steer,c017,0.5001306533813477,0.3977937698364258,0.0020009607542306185,0.3585508167743683
2.0,deploy,d,10,steer,c039,-0.22994136810302734,0.1222686767578125,0.0020009607542306185,0.3585508167743683
2.0,deploy,d,10,steer,c036,0.11093807220458984,0.3631000518798828,0.0020009607542306185,0.3585508167743683
2.0,deploy,d,10,steer,c009,0.09570980072021484,0.17624473571777344,0.0020009607542306185,0.3585508167743683
2.0,deploy,d,10,steer,c000,-0.01871013641357422,0.3169517517089844,0.0020009607542306185,0.3585508167743683
2.0,deploy,d,10,steer,c013,0.7344570159912109,0.3631172180175781,0.0020009607542306185,0.3585508167743683
2.0,deploy,d,10,steer,c049,-0.6150732040405273,0.16796016693115234,0.0020009607542306185,0.3585508167743683
2.0,deploy,d,10,steer,c058,-0.20814895629882812,0.19222545623779297,0.0020009607542306185,0.3585508167743683
2.0,deploy,d,10,steer,c024,0.34131908416748047,0.42337703704833984,0.0020009607542306185,0.3585508167743683
2.0,deploy,d,10,steer,c042,-0.19925308227539062,0.3100767135620117,0.0020009607542306185,0.3585508167743683
2.0,deploy,d,10,steer,c047,0.34952735900878906,0.2788066864013672,0.0020009607542306185,0.3585508167743683
2.0,deploy,d,10,steer,c043,-0.9096097946166992,0.30708789825439453,0.0020009607542306185,0.3585508167743683
2.0,deploy,d,10,steer,c003,0.10778236389160156,0.29154205322265625,0.0020009607542306185,0.3585508167743683
2.0,deploy,d,10,steer,c041,0.21298885345458984,0.4094257354736328,0.0020009607542306185,0.3585508167743683
2.0,deploy,d,10,steer,c008,-0.5797853469848633,0.1179513931274414,0.0020009607542306185,0.3585508167743683
2.0,deploy,d,10,steer,c045,-0.4742574691772461,0.2985496520996094,0.0020009607542306185,0.3585508167743683
2.0,deploy,d,10,steer,c011,0.6383981704711914,0.4295492172241211,0.0020009607542306185,0.3585508167743683
2.0,deploy,d,10,steer,c020,0.07961177825927734,0.3035249710083008,0.0020009607542306185,0.3585508167743683
2.0,deploy,d,10,steer,c044,0.212738037109375,0.40054893493652344,0.0020009607542306185,0.3585508167743683
2.0,deploy,d,10,steer,c016,0.47222232818603516,0.2735099792480469,0.0020009607542306185,0.3585508167743683
2.0,deploy,d,10,steer,c056,0.12033748626708984,0.1546764373779297,0.0020009607542306185,0.3585508167743683
2.0,deploy,d,10,steer,c025,0.2636423110961914,0.2712249755859375,0.0020009607542306185,0.3585508167743683
2.0,deploy,d,10,steer,c029,-0.22040081024169922,0.19449615478515625,0.0020009607542306185,0.3585508167743683
2.0,deploy,d,10,steer,c014,0.011505126953125,0.3014354705810547,0.0020009607542306185,0.3585508167743683
2.0,deploy,d,10,steer,c002,-0.1673297882080078,0.29569244384765625,0.0020009607542306185,0.3585508167743683
2.0,deploy,d,10,steer,c023,0.07972335815429688,0.2610006332397461,0.0020009607542306185,0.3585508167743683
2.0,deploy,d,10,steer,c046,-0.02144622802734375,0.3363208770751953,0.0020009607542306185,0.3585508167743683
2.0,deploy,d,10,steer,c022,-0.149078369140625,0.3275127410888672,0.0020009607542306185,0.3585508167743683
2.0,deploy,d,10,steer,c050,-0.10967350006103516,0.370025634765625,0.0020009607542306185,0.3585508167743683
2.0,eval,random,10,steer,c006,0.9668089548746744,-0.046421368916829464,0.01455178763717413,0.5595872203509012
2.0,eval,random,10,steer,c017,0.6044724782307943,-0.021279017130533817,0.01455178763717413,0.5595872203509012
2.0,eval,random,10,steer,c039,0.6174147923787435,-0.08420912424723304,0.01455178763717413,0.5595872203509012
2.0,eval,random,10,steer,c036,0.31520970662434894,0.05248864491780597,0.01455178763717413,0.5595872203509012
2.0,eval,random,10,steer,c009,-0.11898390452067058,-0.06093088785807292,0.01455178763717413,0.5595872203509012
2.0,eval,random,10,steer,c000,0.5892718633015951,0.00037892659505212034,0.01455178763717413,0.5595872203509012
2.0,eval,random,10,steer,c013,1.6126092274983723,-0.05083243052164721,0.01455178763717413,0.5595872203509012
2.0,eval,random,10,steer,c049,0.5102485020955404,-0.10125796000162757,0.01455178763717413,0.5595872203509012
2.0,eval,random,10,steer,c058,0.5705890655517578,-0.016857147216796875,0.01455178763717413,0.5595872203509012
2.0,eval,random,10,steer,c024,0.1908864974975586,0.04028034210205078,0.01455178763717413,0.5595872203509012
2.0,eval,random,10,steer,c042,0.8586603800455729,-0.06220181783040368,0.01455178763717413,0.5595872203509012
2.0,eval,random,10,steer,c047,0.3896328608194987,-0.03582127888997394,0.01455178763717413,0.5595872203509012
2.0,eval,random,10,steer,c043,-0.7683528264363607,-0.03360589345296228,0.01455178763717413,0.5595872203509012
2.0,eval,random,10,steer,c003,0.7152125040690104,0.011600176493326786,0.01455178763717413,0.5595872203509012
2.0,eval,random,10,steer,c041,0.766755739847819,0.01823202768961585,0.01455178763717413,0.5595872203509012
2.0,eval,random,10,steer,c008,-0.1024166742960612,-0.033352533976236984,0.01455178763717413,0.5595872203509012
2.0,eval,random,10,steer,c045,1.8288501103719075,-0.026281992594401116,0.01455178763717413,0.5595872203509012
2.0,eval,random,10,steer,c011,0.8806896209716797,-0.029497146606445312,0.01455178763717413,0.5595872203509012
2.0,eval,random,10,steer,c020,1.8078200022379558,-0.016411145528157478,0.01455178763717413,0.5595872203509012
2.0,eval,random,10,steer,c044,1.9034932454427083,-0.08979193369547533,0.01455178763717413,0.5595872203509012
2.0,eval,random,10,steer,c016,0.6072985331217448,-0.030821164449056027,0.01455178763717413,0.5595872203509012
2.0,eval,random,10,steer,c056,0.8099203109741211,0.00983428955078125,0.01455178763717413,0.5595872203509012
2.0,eval,random,10,steer,c025,0.18999608357747397,0.03128655751546225,0.01455178763717413,0.5595872203509012
2.0,eval,random,10,steer,c029,0.33338133494059247,-0.006786664326985659,0.01455178763717413,0.5595872203509012
2.0,eval,random,10,steer,c014,0.30696582794189453,-0.09090328216552734,0.01455178763717413,0.5595872203509012
2.0,eval,random,10,steer,c002,0.5052671432495117,-0.0092315673828125,0.01455178763717413,0.5595872203509012
2.0,eval,random,10,steer,c023,0.5881439844767252,0.017076174418131473,0.01455178763717413,0.5595872203509012
2.0,eval,random,10,steer,c046,0.6452728907267252,0.018789927164713505,0.01455178763717413,0.5595872203509012
2.0,eval,random,10,steer,c022,0.21062278747558594,-0.0039119720458984375,0.01455178763717413,0.5595872203509012
2.0,eval,random,10,steer,c050,1.0956296920776367,-0.019256591796875,0.01455178763717413,0.5595872203509012
2.0,eval,random,10,steer,c006,1.1055078506469727,-0.07756328582763672,0.01455178763717413,0.5595872203509012
2.0,eval,random,10,steer,c017,0.8331152598063151,-0.04711945851643884,0.01455178763717413,0.5595872203509012
2.0,eval,random,10,steer,c039,0.2636728286743164,-0.0077724456787109375,0.01455178763717413,0.5595872203509012
2.0,eval,random,10,steer,c036,0.6282784144083658,-0.00755818684895837,0.01455178763717413,0.5595872203509012
2.0,eval,random,10,steer,c009,0.8885933558146158,-0.08484109242757165,0.01455178763717413,0.5595872203509012
2.0,eval,random,10,steer,c000,0.5908896128336588,-0.027152379353841183,0.01455178763717413,0.5595872203509012
2.0,eval,random,10,steer,c013,0.6978104909261068,-0.037565867106119755,0.01455178763717413,0.5595872203509012
2.0,eval,random,10,steer,c049,-0.0910809834798177,-0.040612538655598954,0.01455178763717413,0.5595872203509012
2.0,eval,random,10,steer,c058,0.6468210220336914,-0.009146690368652344,0.01455178763717413,0.5595872203509012
2.0,eval,random,10,steer,c024,0.25567086537679035,0.0036013921101887836,0.01455178763717413,0.5595872203509012
2.0,eval,random,10,steer,c042,0.16877301534016928,-0.015043894449869782,0.01455178763717413,0.5595872203509012
2.0,eval,random,10,steer,c047,0.7274141311645508,0.024176597595214844,0.01455178763717413,0.5595872203509012
2.0,eval,random,10,steer,c043,0.08861605326334636,0.033140818277994796,0.01455178763717413,0.5595872203509012
2.0,eval,random,10,steer,c003,0.4922644297281901,-0.002881368001302065,0.01455178763717413,0.5595872203509012
2.0,eval,random,10,steer,c041,0.31787109375,0.09034347534179688,0.01455178763717413,0.5595872203509012
2.0,eval,random,10,steer,c008,0.3294200897216797,-0.008324623107910156,0.01455178763717413,0.5595872203509012
2.0,eval,random,10,steer,c045,0.5188344319661459,-0.020806948343912723,0.01455178763717413,0.5595872203509012
2.0,eval,random,10,steer,c011,0.2692149480183919,0.007042249043782534,0.01455178763717413,0.5595872203509012
2.0,eval,random,10,steer,c020,0.7521117528279623,-0.012906710306803348,0.01455178763717413,0.5595872203509012
2.0,eval,random,10,steer,c044,0.21981588999430338,0.0014568964640299387,0.01455178763717413,0.5595872203509012
2.0,eval,random,10,steer,c016,0.5543206532796224,-0.014843622843424442,0.01455178763717413,0.5595872203509012
2.0,eval,random,10,steer,c056,-0.03746445973714193,0.015451113382975258,0.01455178763717413,0.5595872203509012
2.0,eval,random,10,steer,c025,0.22477149963378906,-0.0027313232421875,0.01455178763717413,0.5595872203509012
2.0,eval,random,10,steer,c029,0.14477825164794922,-0.022101402282714844,0.01455178763717413,0.5595872203509012
2.0,eval,random,10,steer,c014,0.3101491928100586,-0.036383628845214844,0.01455178763717413,0.5595872203509012
2.0,eval,random,10,steer,c002,0.5403887430826823,0.04759470621744788,0.01455178763717413,0.5595872203509012
2.0,eval,random,10,steer,c023,0.7932710647583008,-0.02658843994140625,0.01455178763717413,0.5595872203509012
2.0,eval,random,10,steer,c046,0.20223585764567056,0.07559744517008463,0.01455178763717413,0.5595872203509012
2.0,eval,random,10,steer,c022,0.40246232350667316,0.07457574208577472,0.01455178763717413,0.5595872203509012
2.0,eval,random,10,steer,c050,0.9088954925537109,-0.03696632385253906,0.01455178763717413,0.5595872203509012
4.0,eval,d,10,steer,c006,1.6355161666870117,0.6222858428955078,0.05131845921278,0.6207423806190491
4.0,eval,d,10,steer,c017,1.4996652603149414,0.8739137649536133,0.05131845921278,0.6207423806190491
4.0,eval,d,10,steer,c039,1.6447257995605469,0.9431018829345703,0.05131845921278,0.6207423806190491
4.0,eval,d,10,steer,c036,1.2330398559570312,0.9703187942504883,0.05131845921278,0.6207423806190491
4.0,eval,d,10,steer,c009,0.6456394195556641,0.7036924362182617,0.05131845921278,0.6207423806190491
4.0,eval,d,10,steer,c000,1.0547161102294922,0.4658231735229492,0.05131845921278,0.6207423806190491
4.0,eval,d,10,steer,c013,2.4754724502563477,0.8120307922363281,0.05131845921278,0.6207423806190491
4.0,eval,d,10,steer,c049,1.9509553909301758,1.3394489288330078,0.05131845921278,0.6207423806190491
4.0,eval,d,10,steer,c058,1.041773796081543,0.4543275833129883,0.05131845921278,0.6207423806190491
4.0,eval,d,10,steer,c024,0.8246917724609375,0.6740856170654297,0.05131845921278,0.6207423806190491
4.0,eval,d,10,steer,c042,1.7757320404052734,0.8548698425292969,0.05131845921278,0.6207423806190491
4.0,eval,d,10,steer,c047,0.8419513702392578,0.41649723052978516,0.05131845921278,0.6207423806190491
4.0,eval,d,10,steer,c043,-0.3084592819213867,0.4262876510620117,0.05131845921278,0.6207423806190491
4.0,eval,d,10,steer,c003,1.4028472900390625,0.6992349624633789,0.05131845921278,0.6207423806190491
4.0,eval,d,10,steer,c041,1.22406005859375,0.4755363464355469,0.05131845921278,0.6207423806190491
4.0,eval,d,10,steer,c008,0.5830392837524414,0.6521034240722656,0.05131845921278,0.6207423806190491
4.0,eval,d,10,steer,c045,2.5076189041137695,0.6524868011474609,0.05131845921278,0.6207423806190491
4.0,eval,d,10,steer,c011,1.7596101760864258,0.8494234085083008,0.05131845921278,0.6207423806190491
4.0,eval,d,10,steer,c020,2.39272403717041,0.5684928894042969,0.05131845921278,0.6207423806190491
4.0,eval,d,10,steer,c044,2.6234617233276367,0.6301765441894531,0.05131845921278,0.6207423806190491
4.0,eval,d,10,steer,c016,1.4673957824707031,0.8292760848999023,0.05131845921278,0.6207423806190491
4.0,eval,d,10,steer,c056,1.4138259887695312,0.6137399673461914,0.05131845921278,0.6207423806190491
4.0,eval,d,10,steer,c025,0.9189863204956055,0.7602767944335938,0.05131845921278,0.6207423806190491
4.0,eval,d,10,steer,c029,0.9270009994506836,0.5868330001831055,0.05131845921278,0.6207423806190491
4.0,eval,d,10,steer,c014,1.1078252792358398,0.709956169128418,0.05131845921278,0.6207423806190491
4.0,eval,d,10,steer,c002,0.9837102890014648,0.4692115783691406,0.05131845921278,0.6207423806190491
4.0,eval,d,10,steer,c023,1.1249656677246094,0.5538978576660156,0.05131845921278,0.6207423806190491
4.0,eval,d,10,steer,c046,1.0688409805297852,0.44235801696777344,0.05131845921278,0.6207423806190491
4.0,eval,d,10,steer,c022,0.9120893478393555,0.6975545883178711,0.05131845921278,0.6207423806190491
4.0,eval,d,10,steer,c050,1.8971061706542969,0.7822198867797852,0.05131845921278,0.6207423806190491
4.0,eval,d,10,steer,c006,1.907109260559082,0.7240381240844727,0.05131845921278,0.6207423806190491
4.0,eval,d,10,steer,c017,1.4500036239624023,0.5697689056396484,0.05131845921278,0.6207423806190491
4.0,eval,d,10,steer,c039,1.1575021743774414,0.8860569000244141,0.05131845921278,0.6207423806190491
4.0,eval,d,10,steer,c036,1.6253538131713867,0.9895172119140625,0.05131845921278,0.6207423806190491
4.0,eval,d,10,steer,c009,1.8035306930541992,0.8300962448120117,0.05131845921278,0.6207423806190491
4.0,eval,d,10,steer,c000,1.4143085479736328,0.7962665557861328,0.05131845921278,0.6207423806190491
4.0,eval,d,10,steer,c013,1.6943435668945312,0.9589672088623047,0.05131845921278,0.6207423806190491
4.0,eval,d,10,steer,c049,0.8947153091430664,0.9451837539672852,0.05131845921278,0.6207423806190491
4.0,eval,d,10,steer,c058,1.213571548461914,0.5576038360595703,0.05131845921278,0.6207423806190491
4.0,eval,d,10,steer,c024,1.0599889755249023,0.8079195022583008,0.05131845921278,0.6207423806190491
4.0,eval,d,10,steer,c042,0.7900838851928711,0.606266975402832,0.05131845921278,0.6207423806190491
4.0,eval,d,10,steer,c047,1.1077766418457031,0.4045391082763672,0.05131845921278,0.6207423806190491
4.0,eval,d,10,steer,c043,0.4871187210083008,0.4316434860229492,0.05131845921278,0.6207423806190491
4.0,eval,d,10,steer,c003,1.3232450485229492,0.828099250793457,0.05131845921278,0.6207423806190491
4.0,eval,d,10,steer,c041,0.5437383651733398,0.3162107467651367,0.05131845921278,0.6207423806190491
4.0,eval,d,10,steer,c008,1.1231269836425781,0.7853822708129883,0.05131845921278,0.6207423806190491
4.0,eval,d,10,steer,c045,1.263401985168457,0.7237606048583984,0.05131845921278,0.6207423806190491
4.0,eval,d,10,steer,c011,1.035933494567871,0.7737607955932617,0.05131845921278,0.6207423806190491
4.0,eval,d,10,steer,c020,1.1727619171142578,0.4077434539794922,0.05131845921278,0.6207423806190491
4.0,eval,d,10,steer,c044,1.1208086013793945,0.9024496078491211,0.05131845921278,0.6207423806190491
4.0,eval,d,10,steer,c016,1.3881378173828125,0.8189735412597656,0.05131845921278,0.6207423806190491
4.0,eval,d,10,steer,c056,0.5333013534545898,0.586216926574707,0.05131845921278,0.6207423806190491
4.0,eval,d,10,steer,c025,0.863581657409668,0.6360788345336914,0.05131845921278,0.6207423806190491
4.0,eval,d,10,steer,c029,0.7358570098876953,0.5689773559570312,0.05131845921278,0.6207423806190491
4.0,eval,d,10,steer,c014,1.0430841445922852,0.6965513229370117,0.05131845921278,0.6207423806190491
4.0,eval,d,10,steer,c002,1.0692329406738281,0.5764389038085938,0.05131845921278,0.6207423806190491
4.0,eval,d,10,steer,c023,1.2265348434448242,0.4066753387451172,0.05131845921278,0.6207423806190491
4.0,eval,d,10,steer,c046,0.38836669921875,0.26172828674316406,0.05131845921278,0.6207423806190491
4.0,eval,d,10,steer,c022,0.6131811141967773,0.2852945327758789,0.05131845921278,0.6207423806190491
4.0,eval,d,10,steer,c050,1.515878677368164,0.5700168609619141,0.05131845921278,0.6207423806190491
4.0,deploy,d,10,steer,c006,1.2721376419067383,0.9259309768676758,0.030714115127921104,0.4621601998806
4.0,deploy,d,10,steer,c017,0.6773567199707031,0.8688287734985352,0.030714115127921104,0.4621601998806
4.0,deploy,d,10,steer,c039,0.4221620559692383,0.6517915725708008,0.030714115127921104,0.4621601998806
4.0,deploy,d,10,steer,c036,1.019500732421875,1.005873680114746,0.030714115127921104,0.4621601998806
4.0,deploy,d,10,steer,c009,0.1206064224243164,0.49579620361328125,0.030714115127921104,0.4621601998806
4.0,deploy,d,10,steer,c000,0.4633312225341797,0.7250442504882812,0.030714115127921104,0.4621601998806
4.0,deploy,d,10,steer,c013,1.3735265731811523,1.0579957962036133,0.030714115127921104,0.4621601998806
4.0,deploy,d,10,steer,c049,0.3224477767944336,0.6865787506103516,0.030714115127921104,0.4621601998806
4.0,deploy,d,10,steer,c058,0.11709785461425781,0.4420175552368164,0.030714115127921104,0.4621601998806
4.0,deploy,d,10,steer,c024,0.42531394958496094,0.8052997589111328,0.030714115127921104,0.4621601998806
4.0,deploy,d,10,steer,c042,0.4022665023803711,0.7000513076782227,0.030714115127921104,0.4621601998806
4.0,deploy,d,10,steer,c047,0.8008317947387695,0.6146783828735352,0.030714115127921104,0.4621601998806
4.0,deploy,d,10,steer,c043,-0.061756134033203125,0.6427240371704102,0.030714115127921104,0.4621601998806
4.0,deploy,d,10,steer,c003,0.5963144302368164,0.7205591201782227,0.030714115127921104,0.4621601998806
4.0,deploy,d,10,steer,c041,0.09559154510498047,0.9019546508789062,0.030714115127921104,0.4621601998806
4.0,deploy,d,10,steer,c008,0.31147289276123047,0.6115608215332031,0.030714115127921104,0.4621601998806
4.0,deploy,d,10,steer,c045,0.26488208770751953,0.6608409881591797,0.030714115127921104,0.4621601998806
4.0,deploy,d,10,steer,c011,1.0276994705200195,0.9115743637084961,0.030714115127921104,0.4621601998806
4.0,deploy,d,10,steer,c020,0.2823019027709961,0.6658620834350586,0.030714115127921104,0.4621601998806
4.0,deploy,d,10,steer,c044,0.5426254272460938,0.8484811782836914,0.030714115127921104,0.4621601998806
4.0,deploy,d,10,steer,c016,0.5278463363647461,0.7370309829711914,0.030714115127921104,0.4621601998806
4.0,deploy,d,10,steer,c056,0.5484123229980469,0.629913330078125,0.030714115127921104,0.4621601998806
4.0,deploy,d,10,steer,c025,0.4039773941040039,0.6436166763305664,0.030714115127921104,0.4621601998806
4.0,deploy,d,10,steer,c029,-0.2444438934326172,0.4849367141723633,0.030714115127921104,0.4621601998806
4.0,deploy,d,10,steer,c014,1.153599739074707,0.8273181915283203,0.030714115127921104,0.4621601998806
4.0,deploy,d,10,steer,c002,0.46124267578125,0.7165708541870117,0.030714115127921104,0.4621601998806
4.0,deploy,d,10,steer,c023,0.43819141387939453,0.5854244232177734,0.030714115127921104,0.4621601998806
4.0,deploy,d,10,steer,c046,-0.09675788879394531,0.6267461776733398,0.030714115127921104,0.4621601998806
4.0,deploy,d,10,steer,c022,0.8300580978393555,0.7748012542724609,0.030714115127921104,0.4621601998806
4.0,deploy,d,10,steer,c050,0.8678722381591797,0.8988113403320312,0.030714115127921104,0.4621601998806
4.0,deploy,d,10,steer,c006,1.0602731704711914,0.9874458312988281,0.030714115127921104,0.4621601998806
4.0,deploy,d,10,steer,c017,0.9570388793945312,0.8547019958496094,0.030714115127921104,0.4621601998806
4.0,deploy,d,10,steer,c039,-0.01263427734375,0.33957576751708984,0.030714115127921104,0.4621601998806
4.0,deploy,d,10,steer,c036,0.613926887512207,0.8660888671875,0.030714115127921104,0.4621601998806
4.0,deploy,d,10,steer,c009,0.46988487243652344,0.550419807434082,0.030714115127921104,0.4621601998806
4.0,deploy,d,10,steer,c000,0.3817567825317383,0.7174186706542969,0.030714115127921104,0.4621601998806
4.0,deploy,d,10,steer,c013,1.1783246994018555,0.8069849014282227,0.030714115127921104,0.4621601998806
4.0,deploy,d,10,steer,c049,-0.35494041442871094,0.42809295654296875,0.030714115127921104,0.4621601998806
4.0,deploy,d,10,steer,c058,0.053969383239746094,0.4543437957763672,0.030714115127921104,0.4621601998806
4.0,deploy,d,10,steer,c024,0.8063688278198242,0.8884267807006836,0.030714115127921104,0.4621601998806
4.0,deploy,d,10,steer,c042,0.18917179107666016,0.6985015869140625,0.030714115127921104,0.4621601998806
4.0,deploy,d,10,steer,c047,0.733912467956543,0.6631917953491211,0.030714115127921104,0.4621601998806
4.0,deploy,d,10,steer,c043,-0.6171188354492188,0.599578857421875,0.030714115127921104,0.4621601998806
4.0,deploy,d,10,steer,c003,0.48142433166503906,0.6651840209960938,0.030714115127921104,0.4621601998806
4.0,deploy,d,10,steer,c041,0.6453704833984375,0.8418073654174805,0.030714115127921104,0.4621601998806
4.0,deploy,d,10,steer,c008,-0.3359708786010742,0.36176586151123047,0.030714115127921104,0.4621601998806
4.0,deploy,d,10,steer,c045,-0.1905508041381836,0.5822563171386719,0.030714115127921104,0.4621601998806
4.0,deploy,d,10,steer,c011,1.1076183319091797,0.8987693786621094,0.030714115127921104,0.4621601998806
4.0,deploy,d,10,steer,c020,0.48697566986083984,0.7108888626098633,0.030714115127921104,0.4621601998806
4.0,deploy,d,10,steer,c044,0.7006998062133789,0.8885107040405273,0.030714115127921104,0.4621601998806
4.0,deploy,d,10,steer,c016,0.9067668914794922,0.7080545425415039,0.030714115127921104,0.4621601998806
4.0,deploy,d,10,steer,c056,0.45960521697998047,0.4939441680908203,0.030714115127921104,0.4621601998806
4.0,deploy,d,10,steer,c025,0.6387701034545898,0.6463527679443359,0.030714115127921104,0.4621601998806
4.0,deploy,d,10,steer,c029,0.0841531753540039,0.4990501403808594,0.030714115127921104,0.4621601998806
4.0,deploy,d,10,steer,c014,0.41320323944091797,0.7031335830688477,0.030714115127921104,0.4621601998806
4.0,deploy,d,10,steer,c002,0.16665363311767578,0.6296758651733398,0.030714115127921104,0.4621601998806
4.0,deploy,d,10,steer,c023,0.40868377685546875,0.589961051940918,0.030714115127921104,0.4621601998806
4.0,deploy,d,10,steer,c046,0.3856515884399414,0.7434186935424805,0.030714115127921104,0.4621601998806
4.0,deploy,d,10,steer,c022,0.25109195709228516,0.7276830673217773,0.030714115127921104,0.4621601998806
4.0,deploy,d,10,steer,c050,0.30338001251220703,0.7830791473388672,0.030714115127921104,0.4621601998806
4.0,eval,random,10,steer,c006,0.8730529149373373,-0.14017740885416663,0.05843674826125304,0.550979882478714
4.0,eval,random,10,steer,c017,0.5451653798421224,-0.08058611551920569,0.05843674826125304,0.550979882478714
4.0,eval,random,10,steer,c039,0.5713914235432943,-0.13023249308268225,0.05843674826125304,0.550979882478714
4.0,eval,random,10,steer,c036,0.40270455678304035,0.13998349507649738,0.05843674826125304,0.550979882478714
4.0,eval,random,10,steer,c009,-0.16280206044514975,-0.10474904378255209,0.05843674826125304,0.550979882478714
4.0,eval,random,10,steer,c000,0.5528968175252279,-0.03599611918131507,0.05843674826125304,0.550979882478714
4.0,eval,random,10,steer,c013,1.510279655456543,-0.15316200256347656,0.05843674826125304,0.550979882478714
4.0,eval,random,10,steer,c049,0.44769446055094403,-0.16381200154622394,0.05843674826125304,0.550979882478714
4.0,eval,random,10,steer,c058,0.521730105082194,-0.06571610768636071,0.05843674826125304,0.550979882478714
4.0,eval,random,10,steer,c024,0.21419239044189453,0.06358623504638672,0.05843674826125304,0.550979882478714
4.0,eval,random,10,steer,c042,0.7385177612304688,-0.1823444366455078,0.05843674826125304,0.550979882478714
4.0,eval,random,10,steer,c047,0.3291107813517253,-0.09634335835774738,0.05843674826125304,0.550979882478714
4.0,eval,random,10,steer,c043,-0.7787424723307291,-0.04399553934733069,0.05843674826125304,0.550979882478714
4.0,eval,random,10,steer,c003,0.6754779815673828,-0.02813434600830078,0.05843674826125304,0.550979882478714
4.0,eval,random,10,steer,c041,0.73333740234375,-0.015186309814453125,0.05843674826125304,0.550979882478714
4.0,eval,random,10,steer,c008,-0.14281717936197916,-0.07375303904215494,0.05843674826125304,0.550979882478714
4.0,eval,random,10,steer,c045,1.7150952021280925,-0.14003690083821607,0.05843674826125304,0.550979882478714
4.0,eval,random,10,steer,c011,0.7638311386108398,-0.14635562896728516,0.05843674826125304,0.550979882478714
4.0,eval,random,10,steer,c020,1.7124977111816406,-0.11173343658447266,0.05843674826125304,0.550979882478714
4.0,eval,random,10,steer,c044,1.713007926940918,-0.2802772521972656,0.05843674826125304,0.550979882478714
4.0,eval,random,10,steer,c016,0.5558245976765951,-0.08229509989420569,0.05843674826125304,0.550979882478714
4.0,eval,random,10,steer,c056,0.8447612126668295,0.04467519124348962,0.05843674826125304,0.550979882478714
4.0,eval,random,10,steer,c025,0.24227078755696616,0.08356126149495444,0.05843674826125304,0.550979882478714
4.0,eval,random,10,steer,c029,0.3412615458170573,0.0010935465494791852,0.05843674826125304,0.550979882478714
4.0,eval,random,10,steer,c014,0.22003587086995444,-0.17783323923746744,0.05843674826125304,0.550979882478714
4.0,eval,random,10,steer,c002,0.5041577021280924,-0.010341008504231808,0.05843674826125304,0.550979882478714
4.0,eval,random,10,steer,c023,0.5887908935546875,0.01772308349609375,0.05843674826125304,0.550979882478714
4.0,eval,random,10,steer,c046,0.6183312733968099,-0.008151690165201786,0.05843674826125304,0.550979882478714
4.0,eval,random,10,steer,c022,0.19706153869628906,-0.017473220825195312,0.05843674826125304,0.550979882478714
4.0,eval,random,10,steer,c050,1.057766596476237,-0.057119687398274666,0.05843674826125304,0.550979882478714
4.0,eval,random,10,steer,c006,1.002410888671875,-0.18066024780273438,0.05843674826125304,0.550979882478714
4.0,eval,random,10,steer,c017,0.7385571797688802,-0.14167753855387366,0.05843674826125304,0.550979882478714
4.0,eval,random,10,steer,c039,0.24914010365804037,-0.02230517069498697,0.05843674826125304,0.550979882478714
4.0,eval,random,10,steer,c036,0.595948855082194,-0.039887746175130245,0.05843674826125304,0.550979882478714
4.0,eval,random,10,steer,c009,0.7859153747558594,-0.18751907348632812,0.05843674826125304,0.550979882478714
4.0,eval,random,10,steer,c000,0.5297476450602213,-0.08829434712727868,0.05843674826125304,0.550979882478714
4.0,eval,random,10,steer,c013,0.6069103876749674,-0.12846597035725915,0.05843674826125304,0.550979882478714
4.0,eval,random,10,steer,c049,-0.13269901275634766,-0.0822305679321289,0.05843674826125304,0.550979882478714
4.0,eval,random,10,steer,c058,0.6059115727742513,-0.05005613962809241,0.05843674826125304,0.550979882478714
4.0,eval,random,10,steer,c024,0.2087535858154297,-0.043315887451171875,0.05843674826125304,0.550979882478714
4.0,eval,random,10,steer,c042,0.1408389409383138,-0.04297796885172525,0.05843674826125304,0.550979882478714
4.0,eval,random,10,steer,c047,0.6974248886108398,-0.005812644958496094,0.05843674826125304,0.550979882478714
4.0,eval,random,10,steer,c043,0.10367743174235027,0.0482021967569987,0.05843674826125304,0.550979882478714
4.0,eval,random,10,steer,c003,0.39133358001708984,-0.10381221771240234,0.05843674826125304,0.550979882478714
4.0,eval,random,10,steer,c041,0.4163201649983724,0.18879254659016925,0.05843674826125304,0.550979882478714
4.0,eval,random,10,steer,c008,0.37633641560872394,0.038591702779134096,0.05843674826125304,0.550979882478714
4.0,eval,random,10,steer,c045,0.4683663050333659,-0.07127507527669269,0.05843674826125304,0.550979882478714
4.0,eval,random,10,steer,c011,0.26960086822509766,0.007428169250488281,0.05843674826125304,0.550979882478714
4.0,eval,random,10,steer,c020,0.7335414886474609,-0.03147697448730469,0.05843674826125304,0.550979882478714
4.0,eval,random,10,steer,c044,0.20219834645589194,-0.0161606470743815,0.05843674826125304,0.550979882478714
4.0,eval,random,10,steer,c016,0.5026140213012695,-0.06655025482177734,0.05843674826125304,0.550979882478714
4.0,eval,random,10,steer,c056,0.005765279134114583,0.05868085225423177,0.05843674826125304,0.550979882478714
4.0,eval,random,10,steer,c025,0.20509878794352213,-0.022404034932454436,0.05843674826125304,0.550979882478714
4.0,eval,random,10,steer,c029,0.11043008168538411,-0.05644957224527995,0.05843674826125304,0.550979882478714
4.0,eval,random,10,steer,c014,0.2570924758911133,-0.08944034576416016,0.05843674826125304,0.550979882478714
4.0,eval,random,10,steer,c002,0.5745299657185873,0.0817359288533529,0.05843674826125304,0.550979882478714
4.0,eval,random,10,steer,c023,0.7281951904296875,-0.09166431427001953,0.05843674826125304,0.550979882478714
4.0,eval,random,10,steer,c046,0.2813701629638672,0.15473175048828125,0.05843674826125304,0.550979882478714
4.0,eval,random,10,steer,c022,0.4866628646850586,0.15877628326416016,0.05843674826125304,0.550979882478714
4.0,eval,random,10,steer,c050,0.8672094345092773,-0.07865238189697266,0.05843674826125304,0.550979882478714
6.0,eval,d,10,steer,c006,2.1419124603271484,1.1286821365356445,0.343791127204895,0.6033670902252197
6.0,eval,d,10,steer,c017,2.0878591537475586,1.4621076583862305,0.343791127204895,0.6033670902252197
6.0,eval,d,10,steer,c039,2.1131534576416016,1.411529541015625,0.343791127204895,0.6033670902252197
6.0,eval,d,10,steer,c036,2.0021677017211914,1.7394466400146484,0.343791127204895,0.6033670902252197
6.0,eval,d,10,steer,c009,1.169586181640625,1.2276391983032227,0.343791127204895,0.6033670902252197
6.0,eval,d,10,steer,c000,1.5228290557861328,0.9339361190795898,0.343791127204895,0.6033670902252197
6.0,eval,d,10,steer,c013,2.9515113830566406,1.288069725036621,0.343791127204895,0.6033670902252197
6.0,eval,d,10,steer,c049,2.4438953399658203,1.8323888778686523,0.343791127204895,0.6033670902252197
6.0,eval,d,10,steer,c058,1.5028915405273438,0.9154453277587891,0.343791127204895,0.6033670902252197
6.0,eval,d,10,steer,c024,1.4510688781738281,1.3004627227783203,0.343791127204895,0.6033670902252197
6.0,eval,d,10,steer,c042,2.281848907470703,1.3609867095947266,0.343791127204895,0.6033670902252197
6.0,eval,d,10,steer,c047,1.3229455947875977,0.897491455078125,0.343791127204895,0.6033670902252197
6.0,eval,d,10,steer,c043,0.1053915023803711,0.8401384353637695,0.343791127204895,0.6033670902252197
6.0,eval,d,10,steer,c003,1.8814420700073242,1.1778297424316406,0.343791127204895,0.6033670902252197
6.0,eval,d,10,steer,c041,1.739863395690918,0.9913396835327148,0.343791127204895,0.6033670902252197
6.0,eval,d,10,steer,c008,1.0183086395263672,1.0873727798461914,0.343791127204895,0.6033670902252197
6.0,eval,d,10,steer,c045,2.86639404296875,1.0112619400024414,0.343791127204895,0.6033670902252197
6.0,eval,d,10,steer,c011,2.3086156845092773,1.3984289169311523,0.343791127204895,0.6033670902252197
6.0,eval,d,10,steer,c020,2.7243270874023438,0.9000959396362305,0.343791127204895,0.6033670902252197
6.0,eval,d,10,steer,c044,2.8456621170043945,0.8523769378662109,0.343791127204895,0.6033670902252197
6.0,eval,d,10,steer,c016,2.03157901763916,1.3934593200683594,0.343791127204895,0.6033670902252197
6.0,eval,d,10,steer,c056,2.093186378479004,1.293100357055664,0.343791127204895,0.6033670902252197
6.0,eval,d,10,steer,c025,1.590780258178711,1.4320707321166992,0.343791127204895,0.6033670902252197
6.0,eval,d,10,steer,c029,1.4516887664794922,1.111520767211914,0.343791127204895,0.6033670902252197
6.0,eval,d,10,steer,c014,1.6085071563720703,1.2106380462646484,0.343791127204895,0.6033670902252197
6.0,eval,d,10,steer,c002,1.3962745666503906,0.8817758560180664,0.343791127204895,0.6033670902252197
6.0,eval,d,10,steer,c023,1.5035009384155273,0.9324331283569336,0.343791127204895,0.6033670902252197
6.0,eval,d,10,steer,c046,1.557168960571289,0.9306859970092773,0.343791127204895,0.6033670902252197
6.0,eval,d,10,steer,c022,1.4770231246948242,1.2624883651733398,0.343791127204895,0.6033670902252197
6.0,eval,d,10,steer,c050,2.403578758239746,1.2886924743652344,0.343791127204895,0.6033670902252197
6.0,eval,d,10,steer,c006,2.318645477294922,1.1355743408203125,0.343791127204895,0.6033670902252197
6.0,eval,d,10,steer,c017,1.9035520553588867,1.0233173370361328,0.343791127204895,0.6033670902252197
6.0,eval,d,10,steer,c039,2.010293960571289,1.7388486862182617,0.343791127204895,0.6033670902252197
6.0,eval,d,10,steer,c036,2.279693603515625,1.6438570022583008,0.343791127204895,0.6033670902252197
6.0,eval,d,10,steer,c009,2.2992019653320312,1.3257675170898438,0.343791127204895,0.6033670902252197
6.0,eval,d,10,steer,c000,1.859151840209961,1.241109848022461,0.343791127204895,0.6033670902252197
6.0,eval,d,10,steer,c013,2.21663761138916,1.4812612533569336,0.343791127204895,0.6033670902252197
6.0,eval,d,10,steer,c049,1.3643465042114258,1.4148149490356445,0.343791127204895,0.6033670902252197
6.0,eval,d,10,steer,c058,1.625208854675293,0.9692411422729492,0.343791127204895,0.6033670902252197
6.0,eval,d,10,steer,c024,1.7586803436279297,1.5066108703613281,0.343791127204895,0.6033670902252197
6.0,eval,d,10,steer,c042,1.2757015228271484,1.0918846130371094,0.343791127204895,0.6033670902252197
6.0,eval,d,10,steer,c047,1.5966730117797852,0.8934354782104492,0.343791127204895,0.6033670902252197
6.0,eval,d,10,steer,c043,0.9403219223022461,0.8848466873168945,0.343791127204895,0.6033670902252197
6.0,eval,d,10,steer,c003,1.8331451416015625,1.3379993438720703,0.343791127204895,0.6033670902252197
6.0,eval,d,10,steer,c041,1.0120105743408203,0.7844829559326172,0.343791127204895,0.6033670902252197
6.0,eval,d,10,steer,c008,1.6396255493164062,1.3018808364868164,0.343791127204895,0.6033670902252197
6.0,eval,d,10,steer,c045,1.7380943298339844,1.1984529495239258,0.343791127204895,0.6033670902252197
6.0,eval,d,10,steer,c011,1.4767036437988281,1.2145309448242188,0.343791127204895,0.6033670902252197
6.0,eval,d,10,steer,c020,1.543522834777832,0.7785043716430664,0.343791127204895,0.6033670902252197
6.0,eval,d,10,steer,c044,1.6438112258911133,1.4254522323608398,0.343791127204895,0.6033670902252197
6.0,eval,d,10,steer,c016,2.0675153732299805,1.4983510971069336,0.343791127204895,0.6033670902252197
6.0,eval,d,10,steer,c056,1.0508642196655273,1.1037797927856445,0.343791127204895,0.6033670902252197
6.0,eval,d,10,steer,c025,1.3507003784179688,1.1231975555419922,0.343791127204895,0.6033670902252197
6.0,eval,d,10,steer,c029,1.2325868606567383,1.0657072067260742,0.343791127204895,0.6033670902252197
6.0,eval,d,10,steer,c014,1.5539531707763672,1.2074203491210938,0.343791127204895,0.6033670902252197
6.0,eval,d,10,steer,c002,1.5239219665527344,1.0311279296875,0.343791127204895,0.6033670902252197
6.0,eval,d,10,steer,c023,1.5860795974731445,0.7662200927734375,0.343791127204895,0.6033670902252197
6.0,eval,d,10,steer,c046,0.8731288909912109,0.746490478515625,0.343791127204895,0.6033670902252197
6.0,eval,d,10,steer,c022,1.086348533630371,0.7584619522094727,0.343791127204895,0.6033670902252197
6.0,eval,d,10,steer,c050,1.916062355041504,0.9702005386352539,0.343791127204895,0.6033670902252197
6.0,deploy,d,10,steer,c006,1.7774791717529297,1.4312725067138672,0.24702678620815277,0.5955295562744141
6.0,deploy,d,10,steer,c017,1.1506242752075195,1.3420963287353516,0.24702678620815277,0.5955295562744141
6.0,deploy,d,10,steer,c039,1.1130762100219727,1.3427057266235352,0.24702678620815277,0.5955295562744141
6.0,deploy,d,10,steer,c036,1.6365947723388672,1.6229677200317383,0.24702678620815277,0.5955295562744141
6.0,deploy,d,10,steer,c009,0.5003385543823242,0.8755283355712891,0.24702678620815277,0.5955295562744141
6.0,deploy,d,10,steer,c000,0.9255962371826172,1.1873092651367188,0.24702678620815277,0.5955295562744141
6.0,deploy,d,10,steer,c013,1.8779106140136719,1.5623798370361328,0.24702678620815277,0.5955295562744141
6.0,deploy,d,10,steer,c049,0.5662956237792969,0.9304265975952148,0.24702678620815277,0.5955295562744141
6.0,deploy,d,10,steer,c058,0.35560035705566406,0.6805200576782227,0.24702678620815277,0.5955295562744141
6.0,deploy,d,10,steer,c024,0.906489372253418,1.2864751815795898,0.24702678620815277,0.5955295562744141
6.0,deploy,d,10,steer,c042,0.8338289260864258,1.1316137313842773,0.24702678620815277,0.5955295562744141
6.0,deploy,d,10,steer,c047,1.2478885650634766,1.0617351531982422,0.24702678620815277,0.5955295562744141
6.0,deploy,d,10,steer,c043,0.32384395599365234,1.0283241271972656,0.24702678620815277,0.5955295562744141
6.0,deploy,d,10,steer,c003,1.0583124160766602,1.1825571060180664,0.24702678620815277,0.5955295562744141
6.0,deploy,d,10,steer,c041,0.6222295761108398,1.4285926818847656,0.24702678620815277,0.5955295562744141
6.0,deploy,d,10,steer,c008,0.6886997222900391,0.9887876510620117,0.24702678620815277,0.5955295562744141
6.0,deploy,d,10,steer,c045,0.6335067749023438,1.029465675354004,0.24702678620815277,0.5955295562744141
6.0,deploy,d,10,steer,c011,1.428563117980957,1.3124380111694336,0.24702678620815277,0.5955295562744141
6.0,deploy,d,10,steer,c020,0.7237606048583984,1.107320785522461,0.24702678620815277,0.5955295562744141
6.0,deploy,d,10,steer,c044,0.9618263244628906,1.2676820755004883,0.24702678620815277,0.5955295562744141
6.0,deploy,d,10,steer,c016,1.1013879776000977,1.310572624206543,0.24702678620815277,0.5955295562744141
6.0,deploy,d,10,steer,c056,1.1304264068603516,1.2119274139404297,0.24702678620815277,0.5955295562744141
6.0,deploy,d,10,steer,c025,0.8106212615966797,1.0502605438232422,0.24702678620815277,0.5955295562744141
6.0,deploy,d,10,steer,c029,0.1127481460571289,0.8421287536621094,0.24702678620815277,0.5955295562744141
6.0,deploy,d,10,steer,c014,1.598616600036621,1.2723350524902344,0.24702678620815277,0.5955295562744141
6.0,deploy,d,10,steer,c002,1.0254840850830078,1.2808122634887695,0.24702678620815277,0.5955295562744141
6.0,deploy,d,10,steer,c023,0.7528514862060547,0.9000844955444336,0.24702678620815277,0.5955295562744141
6.0,deploy,d,10,steer,c046,0.34372997283935547,1.0672340393066406,0.24702678620815277,0.5955295562744141
6.0,deploy,d,10,steer,c022,1.2967166900634766,1.241459846496582,0.24702678620815277,0.5955295562744141
6.0,deploy,d,10,steer,c050,1.4156951904296875,1.446634292602539,0.24702678620815277,0.5955295562744141
6.0,deploy,d,10,steer,c006,1.6052780151367188,1.5324506759643555,0.24702678620815277,0.5955295562744141
6.0,deploy,d,10,steer,c017,1.3999052047729492,1.2975683212280273,0.24702678620815277,0.5955295562744141
6.0,deploy,d,10,steer,c039,0.35266876220703125,0.7048788070678711,0.24702678620815277,0.5955295562744141
6.0,deploy,d,10,steer,c036,1.1827259063720703,1.4348878860473633,0.24702678620815277,0.5955295562744141
6.0,deploy,d,10,steer,c009,0.9414434432983398,1.0219783782958984,0.24702678620815277,0.5955295562744141
6.0,deploy,d,10,steer,c000,0.7930383682250977,1.1287002563476562,0.24702678620815277,0.5955295562744141
6.0,deploy,d,10,steer,c013,1.5997438430786133,1.2284040451049805,0.24702678620815277,0.5955295562744141
6.0,deploy,d,10,steer,c049,-0.13439655303955078,0.6486368179321289,0.24702678620815277,0.5955295562744141
6.0,deploy,d,10,steer,c058,0.3322887420654297,0.7326631546020508,0.24702678620815277,0.5955295562744141
6.0,deploy,d,10,steer,c024,1.3132810592651367,1.395339012145996,0.24702678620815277,0.5955295562744141
6.0,deploy,d,10,steer,c042,0.5929508209228516,1.102280616760254,0.24702678620815277,0.5955295562744141
6.0,deploy,d,10,steer,c047,1.2319908142089844,1.1612701416015625,0.24702678620815277,0.5955295562744141
6.0,deploy,d,10,steer,c043,-0.30622100830078125,0.9104766845703125,0.24702678620815277,0.5955295562744141
6.0,deploy,d,10,steer,c003,0.9092693328857422,1.0930290222167969,0.24702678620815277,0.5955295562744141
6.0,deploy,d,10,steer,c041,1.0857934951782227,1.2822303771972656,0.24702678620815277,0.5955295562744141
6.0,deploy,d,10,steer,c008,-0.09971427917480469,0.5980224609375,0.24702678620815277,0.5955295562744141
6.0,deploy,d,10,steer,c045,0.14597511291503906,0.9187822341918945,0.24702678620815277,0.5955295562744141
6.0,deploy,d,10,steer,c011,1.5408258438110352,1.3319768905639648,0.24702678620815277,0.5955295562744141
6.0,deploy,d,10,steer,c020,1.0023441314697266,1.22625732421875,0.24702678620815277,0.5955295562744141
6.0,deploy,d,10,steer,c044,1.182642936706543,1.3704538345336914,0.24702678620815277,0.5955295562744141
6.0,deploy,d,10,steer,c016,1.3979034423828125,1.1991910934448242,0.24702678620815277,0.5955295562744141
6.0,deploy,d,10,steer,c056,0.9841880798339844,1.0185270309448242,0.24702678620815277,0.5955295562744141
6.0,deploy,d,10,steer,c025,1.0492544174194336,1.0568370819091797,0.24702678620815277,0.5955295562744141
6.0,deploy,d,10,steer,c029,0.39966297149658203,0.8145599365234375,0.24702678620815277,0.5955295562744141
6.0,deploy,d,10,steer,c014,0.9843721389770508,1.2743024826049805,0.24702678620815277,0.5955295562744141
6.0,deploy,d,10,steer,c002,0.551971435546875,1.014993667602539,0.24702678620815277,0.5955295562744141
6.0,deploy,d,10,steer,c023,0.7455339431762695,0.9268112182617188,0.24702678620815277,0.5955295562744141
6.0,deploy,d,10,steer,c046,0.9140396118164062,1.2718067169189453,0.24702678620815277,0.5955295562744141
6.0,deploy,d,10,steer,c022,0.6365642547607422,1.1131553649902344,0.24702678620815277,0.5955295562744141
6.0,deploy,d,10,steer,c050,0.8062219619750977,1.2859210968017578,0.24702678620815277,0.5955295562744141
6.0,eval,random,10,steer,c006,0.6985063552856445,-0.3147239685058594,0.11628302745521069,0.5153170923391978
6.0,eval,random,10,steer,c017,0.4526001612345378,-0.17315133412679035,0.11628302745521069,0.5153170923391978
6.0,eval,random,10,steer,c039,0.5500453313191732,-0.15157858530680335,0.11628302745521069,0.5153170923391978
6.0,eval,random,10,steer,c036,0.47787952423095703,0.21515846252441406,0.11628302745521069,0.5153170923391978
6.0,eval,random,10,steer,c009,-0.1444854736328125,-0.08643245697021484,0.11628302745521069,0.5153170923391978
6.0,eval,random,10,steer,c000,0.4271148045857747,-0.16177813212076825,0.11628302745521069,0.5153170923391978
6.0,eval,random,10,steer,c013,1.3089221318562825,-0.35451952616373705,0.11628302745521069,0.5153170923391978
6.0,eval,random,10,steer,c049,0.4343427022298177,-0.17716375986735028,0.11628302745521069,0.5153170923391978
6.0,eval,random,10,steer,c058,0.42879454294840497,-0.15865166982014972,0.11628302745521069,0.5153170923391978
6.0,eval,random,10,steer,c024,0.19581031799316406,0.04520416259765625,0.11628302745521069,0.5153170923391978
6.0,eval,random,10,steer,c042,0.545294443766276,-0.37556775410970056,0.11628302745521069,0.5153170923391978
6.0,eval,random,10,steer,c047,0.22406673431396484,-0.2013874053955078,0.11628302745521069,0.5153170923391978
6.0,eval,random,10,steer,c043,-0.7327340443929037,0.0020128885904947547,0.11628302745521069,0.5153170923391978
6.0,eval,random,10,steer,c003,0.5514361063639323,-0.15217622121175134,0.11628302745521069,0.5153170923391978
6.0,eval,random,10,steer,c041,0.6008145014444987,-0.14770921071370446,0.11628302745521069,0.5153170923391978
6.0,eval,random,10,steer,c008,-0.16734441121419272,-0.0982802708943685,0.11628302745521069,0.5153170923391978
6.0,eval,random,10,steer,c045,1.472535769144694,-0.3825963338216145,0.11628302745521069,0.5153170923391978
6.0,eval,random,10,steer,c011,0.565403938293457,-0.34478282928466797,0.11628302745521069,0.5153170923391978
6.0,eval,random,10,steer,c020,1.4758564631144206,-0.34837468465169263,0.11628302745521069,0.5153170923391978
6.0,eval,random,10,steer,c044,1.4208234151204426,-0.572461764017741,0.11628302745521069,0.5153170923391978
6.0,eval,random,10,steer,c016,0.4868386586507161,-0.15128103892008465,0.11628302745521069,0.5153170923391978
6.0,eval,random,10,steer,c056,0.8333870569864908,0.033301035563151005,0.11628302745521069,0.5153170923391978
6.0,eval,random,10,steer,c025,0.26520220438639325,0.10649267832438153,0.11628302745521069,0.5153170923391978
6.0,eval,random,10,steer,c029,0.35071277618408203,0.010544776916503906,0.11628302745521069,0.5153170923391978
6.0,eval,random,10,steer,c014,0.1443030039469401,-0.2535661061604818,0.11628302745521069,0.5153170923391978
6.0,eval,random,10,steer,c002,0.4443419774373372,-0.070156733194987,0.11628302745521069,0.5153170923391978
6.0,eval,random,10,steer,c023,0.5402081807454427,-0.030859629313151005,0.11628302745521069,0.5153170923391978
6.0,eval,random,10,steer,c046,0.5025444030761719,-0.12393856048583984,0.11628302745521069,0.5153170923391978
6.0,eval,random,10,steer,c022,0.15145428975423178,-0.0630804697672526,0.11628302745521069,0.5153170923391978
6.0,eval,random,10,steer,c050,0.965630849202474,-0.14925543467203772,0.11628302745521069,0.5153170923391978
6.0,eval,random,10,steer,c006,0.8442608515421549,-0.33881028493245446,0.11628302745521069,0.5153170923391978
6.0,eval,random,10,steer,c017,0.5639073053995768,-0.3163274129231771,0.11628302745521069,0.5153170923391978
6.0,eval,random,10,steer,c039,0.2628008524576823,-0.008644421895345034,0.11628302745521069,0.5153170923391978
6.0,eval,random,10,steer,c036,0.4831809997558594,-0.15265560150146484,0.11628302745521069,0.5153170923391978
6.0,eval,random,10,steer,c009,0.6871433258056641,-0.28629112243652344,0.11628302745521069,0.5153170923391978
6.0,eval,random,10,steer,c000,0.42653052012125653,-0.19151147206624347,0.11628302745521069,0.5153170923391978
6.0,eval,random,10,steer,c013,0.49223963419596356,-0.243136723836263,0.11628302745521069,0.5153170923391978
6.0,eval,random,10,steer,c049,-0.14863808949788412,-0.09816964467366537,0.11628302745521069,0.5153170923391978
6.0,eval,random,10,steer,c058,0.5509678522745768,-0.10499986012776696,0.11628302745521069,0.5153170923391978
6.0,eval,random,10,steer,c024,0.08018906911214192,-0.17188040415445965,0.11628302745521069,0.5153170923391978
6.0,eval,random,10,steer,c042,0.07511393229166667,-0.10870297749837239,0.11628302745521069,0.5153170923391978
6.0,eval,random,10,steer,c047,0.5966335932413737,-0.10660394032796228,0.11628302745521069,0.5153170923391978
6.0,eval,random,10,steer,c043,0.0706326166788737,0.01515738169352214,0.11628302745521069,0.5153170923391978
6.0,eval,random,10,steer,c003,0.22962188720703125,-0.26552391052246094,0.11628302745521069,0.5153170923391978
6.0,eval,random,10,steer,c041,0.44595082600911456,0.21842320760091144,0.11628302745521069,0.5153170923391978
6.0,eval,random,10,steer,c008,0.4333426157633464,0.09559790293375653,0.11628302745521069,0.5153170923391978
6.0,eval,random,10,steer,c045,0.37738037109375,-0.1622610092163086,0.11628302745521069,0.5153170923391978
6.0,eval,random,10,steer,c011,0.25522708892822266,-0.006945610046386719,0.11628302745521069,0.5153170923391978
6.0,eval,random,10,steer,c020,0.6436487833658854,-0.12136967976888025,0.11628302745521069,0.5153170923391978
6.0,eval,random,10,steer,c044,0.17885303497314453,-0.039505958557128906,0.11628302745521069,0.5153170923391978
6.0,eval,random,10,steer,c016,0.39376099904378253,-0.17540327707926434,0.11628302745521069,0.5153170923391978
6.0,eval,random,10,steer,c056,0.057518959045410156,0.11043453216552734,0.11628302745521069,0.5153170923391978
6.0,eval,random,10,steer,c025,0.13751920064290366,-0.08998362223307291,0.11628302745521069,0.5153170923391978
6.0,eval,random,10,steer,c029,0.05031903584798177,-0.11656061808268228,0.11628302745521069,0.5153170923391978
6.0,eval,random,10,steer,c014,0.19486681620279947,-0.15166600545247397,0.11628302745521069,0.5153170923391978
6.0,eval,random,10,steer,c002,0.548161506652832,0.055367469787597656,0.11628302745521069,0.5153170923391978
6.0,eval,random,10,steer,c023,0.5930115381876627,-0.2268479665120443,0.11628302745521069,0.5153170923391978
6.0,eval,random,10,steer,c046,0.3375418980916341,0.21090348561604816,0.11628302745521069,0.5153170923391978
6.0,eval,random,10,steer,c022,0.47337595621744794,0.1454893747965495,0.11628302745521069,0.5153170923391978
6.0,eval,random,10,steer,c050,0.7863950729370117,-0.15946674346923828,0.11628302745521069,0.5153170923391978
8.0,eval,d,10,steer,c006,2.67740535736084,1.664175033569336,0.8456059098243713,0.3872948884963989
8.0,eval,d,10,steer,c017,2.606708526611328,1.98095703125,0.8456059098243713,0.3872948884963989
8.0,eval,d,10,steer,c039,2.4361190795898438,1.7344951629638672,0.8456059098243713,0.3872948884963989
8.0,eval,d,10,steer,c036,2.817922592163086,2.555201530456543,0.8456059098243713,0.3872948884963989
8.0,eval,d,10,steer,c009,1.7451534271240234,1.803206443786621,0.8456059098243713,0.3872948884963989
8.0,eval,d,10,steer,c000,2.036073684692383,1.4471807479858398,0.8456059098243713,0.3872948884963989
8.0,eval,d,10,steer,c013,3.2013206481933594,1.5378789901733398,0.8456059098243713,0.3872948884963989
8.0,eval,d,10,steer,c049,2.7260332107543945,2.1145267486572266,0.8456059098243713,0.3872948884963989
8.0,eval,d,10,steer,c058,1.9102354049682617,1.322789192199707,0.8456059098243713,0.3872948884963989
8.0,eval,d,10,steer,c024,2.090914726257324,1.9403085708618164,0.8456059098243713,0.3872948884963989
8.0,eval,d,10,steer,c042,2.6832218170166016,1.762359619140625,0.8456059098243713,0.3872948884963989
8.0,eval,d,10,steer,c047,1.8924875259399414,1.4670333862304688,0.8456059098243713,0.3872948884963989
8.0,eval,d,10,steer,c043,0.6933326721191406,1.428079605102539,0.8456059098243713,0.3872948884963989
8.0,eval,d,10,steer,c003,2.38107967376709,1.6774673461914062,0.8456059098243713,0.3872948884963989
8.0,eval,d,10,steer,c041,2.2633724212646484,1.5148487091064453,0.8456059098243713,0.3872948884963989
8.0,eval,d,10,steer,c008,1.3441734313964844,1.4132375717163086,0.8456059098243713,0.3872948884963989
8.0,eval,d,10,steer,c045,3.064314842224121,1.2091827392578125,0.8456059098243713,0.3872948884963989
8.0,eval,d,10,steer,c011,2.7511463165283203,1.8409595489501953,0.8456059098243713,0.3872948884963989
8.0,eval,d,10,steer,c020,2.846257209777832,1.0220260620117188,0.8456059098243713,0.3872948884963989
8.0,eval,d,10,steer,c044,2.9271202087402344,0.9338350296020508,0.8456059098243713,0.3872948884963989
8.0,eval,d,10,steer,c016,2.5064563751220703,1.8683366775512695,0.8456059098243713,0.3872948884963989
8.0,eval,d,10,steer,c056,2.7058258056640625,1.9057397842407227,0.8456059098243713,0.3872948884963989
8.0,eval,d,10,steer,c025,2.176504135131836,2.017794609069824,0.8456059098243713,0.3872948884963989
8.0,eval,d,10,steer,c029,1.8095016479492188,1.4693336486816406,0.8456059098243713,0.3872948884963989
8.0,eval,d,10,steer,c014,1.9470739364624023,1.5492048263549805,0.8456059098243713,0.3872948884963989
8.0,eval,d,10,steer,c002,1.8827791213989258,1.3682804107666016,0.8456059098243713,0.3872948884963989
8.0,eval,d,10,steer,c023,1.9252729415893555,1.3542051315307617,0.8456059098243713,0.3872948884963989
8.0,eval,d,10,steer,c046,2.17569637298584,1.5492134094238281,0.8456059098243713,0.3872948884963989
8.0,eval,d,10,steer,c022,2.0579118728637695,1.8433771133422852,0.8456059098243713,0.3872948884963989
8.0,eval,d,10,steer,c050,2.874391555786133,1.759505271911621,0.8456059098243713,0.3872948884963989
8.0,eval,d,10,steer,c006,2.7220468521118164,1.538975715637207,0.8456059098243713,0.3872948884963989
8.0,eval,d,10,steer,c017,2.2993545532226562,1.4191198348999023,0.8456059098243713,0.3872948884963989
8.0,eval,d,10,steer,c039,2.7273483276367188,2.4559030532836914,0.8456059098243713,0.3872948884963989
8.0,eval,d,10,steer,c036,2.8946151733398438,2.2587785720825195,0.8456059098243713,0.3872948884963989
8.0,eval,d,10,steer,c009,2.7013559341430664,1.727921485900879,0.8456059098243713,0.3872948884963989
8.0,eval,d,10,steer,c000,2.2529191970825195,1.6348772048950195,0.8456059098243713,0.3872948884963989
8.0,eval,d,10,steer,c013,2.671354293823242,1.9359779357910156,0.8456059098243713,0.3872948884963989
8.0,eval,d,10,steer,c049,1.739776611328125,1.7902450561523438,0.8456059098243713,0.3872948884963989
8.0,eval,d,10,steer,c058,1.9957094192504883,1.3397417068481445,0.8456059098243713,0.3872948884963989
8.0,eval,d,10,steer,c024,2.396456718444824,2.1443872451782227,0.8456059098243713,0.3872948884963989
8.0,eval,d,10,steer,c042,1.8606910705566406,1.6768741607666016,0.8456059098243713,0.3872948884963989
8.0,eval,d,10,steer,c047,2.2336692810058594,1.5304317474365234,0.8456059098243713,0.3872948884963989
8.0,eval,d,10,steer,c043,1.5921392440795898,1.5366640090942383,0.8456059098243713,0.3872948884963989
8.0,eval,d,10,steer,c003,2.293503761291504,1.7983579635620117,0.8456059098243713,0.3872948884963989
8.0,eval,d,10,steer,c041,1.5442895889282227,1.3167619705200195,0.8456059098243713,0.3872948884963989
8.0,eval,d,10,steer,c008,2.066105842590332,1.7283611297607422,0.8456059098243713,0.3872948884963989
8.0,eval,d,10,steer,c045,2.229625701904297,1.6899843215942383,0.8456059098243713,0.3872948884963989
8.0,eval,d,10,steer,c011,1.8984708786010742,1.6362981796264648,0.8456059098243713,0.3872948884963989
8.0,eval,d,10,steer,c020,1.9827165603637695,1.217698097229004,0.8456059098243713,0.3872948884963989
8.0,eval,d,10,steer,c044,2.1894474029541016,1.9710884094238281,0.8456059098243713,0.3872948884963989
8.0,eval,d,10,steer,c016,2.6275548934936523,2.0583906173706055,0.8456059098243713,0.3872948884963989
8.0,eval,d,10,steer,c056,1.6194143295288086,1.6723299026489258,0.8456059098243713,0.3872948884963989
8.0,eval,d,10,steer,c025,1.800262451171875,1.5727596282958984,0.8456059098243713,0.3872948884963989
8.0,eval,d,10,steer,c029,1.6106510162353516,1.4437713623046875,0.8456059098243713,0.3872948884963989
8.0,eval,d,10,steer,c014,2.1891136169433594,1.842580795288086,0.8456059098243713,0.3872948884963989
8.0,eval,d,10,steer,c002,2.0350332260131836,1.5422391891479492,0.8456059098243713,0.3872948884963989
8.0,eval,d,10,steer,c023,2.0169620513916016,1.1971025466918945,0.8456059098243713,0.3872948884963989
8.0,eval,d,10,steer,c046,1.5592575073242188,1.4326190948486328,0.8456059098243713,0.3872948884963989
8.0,eval,d,10,steer,c022,1.6151323318481445,1.287245750427246,0.8456059098243713,0.3872948884963989
8.0,eval,d,10,steer,c050,2.3183956146240234,1.3725337982177734,0.8456059098243713,0.3872948884963989
8.0,deploy,d,10,steer,c006,2.2004470825195312,1.8542404174804688,0.8305119872093201,0.5695013403892517
8.0,deploy,d,10,steer,c017,1.6678762435913086,1.8593482971191406,0.8305119872093201,0.5695013403892517
8.0,deploy,d,10,steer,c039,1.9239931106567383,2.153622627258301,0.8305119872093201,0.5695013403892517
8.0,deploy,d,10,steer,c036,2.2904052734375,2.276778221130371,0.8305119872093201,0.5695013403892517
8.0,deploy,d,10,steer,c009,1.0037050247192383,1.3788948059082031,0.8305119872093201,0.5695013403892517
8.0,deploy,d,10,steer,c000,1.3884401321411133,1.6501531600952148,0.8305119872093201,0.5695013403892517
8.0,deploy,d,10,steer,c013,2.2770471572875977,1.9615163803100586,0.8305119872093201,0.5695013403892517
8.0,deploy,d,10,steer,c049,0.8184070587158203,1.1825380325317383,0.8305119872093201,0.5695013403892517
8.0,deploy,d,10,steer,c058,0.5838384628295898,0.9087581634521484,0.8305119872093201,0.5695013403892517
8.0,deploy,d,10,steer,c024,1.376657485961914,1.756643295288086,0.8305119872093201,0.5695013403892517
8.0,deploy,d,10,steer,c042,1.3228864669799805,1.620671272277832,0.8305119872093201,0.5695013403892517
8.0,deploy,d,10,steer,c047,1.798628807067871,1.6124753952026367,0.8305119872093201,0.5695013403892517
8.0,deploy,d,10,steer,c043,0.8770523071289062,1.5815324783325195,0.8305119872093201,0.5695013403892517
8.0,deploy,d,10,steer,c003,1.5597143173217773,1.6839590072631836,0.8305119872093201,0.5695013403892517
8.0,deploy,d,10,steer,c041,1.4110355377197266,2.2173986434936523,0.8305119872093201,0.5695013403892517
8.0,deploy,d,10,steer,c008,1.0141315460205078,1.3142194747924805,0.8305119872093201,0.5695013403892517
8.0,deploy,d,10,steer,c045,1.1229562759399414,1.5189151763916016,0.8305119872093201,0.5695013403892517
8.0,deploy,d,10,steer,c011,1.8362846374511719,1.7201595306396484,0.8305119872093201,0.5695013403892517
8.0,deploy,d,10,steer,c020,1.204442024230957,1.5880022048950195,0.8305119872093201,0.5695013403892517
8.0,deploy,d,10,steer,c044,1.4496212005615234,1.755476951599121,0.8305119872093201,0.5695013403892517
8.0,deploy,d,10,steer,c016,1.6803960800170898,1.8895807266235352,0.8305119872093201,0.5695013403892517
8.0,deploy,d,10,steer,c056,1.716841697692871,1.7983427047729492,0.8305119872093201,0.5695013403892517
8.0,deploy,d,10,steer,c025,1.2028141021728516,1.442453384399414,0.8305119872093201,0.5695013403892517
8.0,deploy,d,10,steer,c029,0.47150421142578125,1.2008848190307617,0.8305119872093201,0.5695013403892517
8.0,deploy,d,10,steer,c014,2.049652099609375,1.7233705520629883,0.8305119872093201,0.5695013403892517
8.0,deploy,d,10,steer,c002,1.576211929321289,1.8315401077270508,0.8305119872093201,0.5695013403892517
8.0,deploy,d,10,steer,c023,1.0100736618041992,1.1573066711425781,0.8305119872093201,0.5695013403892517
8.0,deploy,d,10,steer,c046,1.1731948852539062,1.8966989517211914,0.8305119872093201,0.5695013403892517
8.0,deploy,d,10,steer,c022,1.718332290649414,1.6630754470825195,0.8305119872093201,0.5695013403892517
8.0,deploy,d,10,steer,c050,1.9288368225097656,1.9597759246826172,0.8305119872093201,0.5695013403892517
8.0,deploy,d,10,steer,c006,2.156085968017578,2.083258628845215,0.8305119872093201,0.5695013403892517
8.0,deploy,d,10,steer,c017,1.8527612686157227,1.7504243850708008,0.8305119872093201,0.5695013403892517
8.0,deploy,d,10,steer,c039,0.9723939895629883,1.3246040344238281,0.8305119872093201,0.5695013403892517
8.0,deploy,d,10,steer,c036,1.8139009475708008,2.0660629272460938,0.8305119872093201,0.5695013403892517
8.0,deploy,d,10,steer,c009,1.4787797927856445,1.5593147277832031,0.8305119872093201,0.5695013403892517
8.0,deploy,d,10,steer,c000,1.1737327575683594,1.509394645690918,0.8305119872093201,0.5695013403892517
8.0,deploy,d,10,steer,c013,1.9587373733520508,1.587397575378418,0.8305119872093201,0.5695013403892517
8.0,deploy,d,10,steer,c049,-0.017208099365234375,0.7658252716064453,0.8305119872093201,0.5695013403892517
8.0,deploy,d,10,steer,c058,0.6264238357543945,1.0267982482910156,0.8305119872093201,0.5695013403892517
8.0,deploy,d,10,steer,c024,1.820460319519043,1.9025182723999023,0.8305119872093201,0.5695013403892517
8.0,deploy,d,10,steer,c042,0.9845380783081055,1.4938678741455078,0.8305119872093201,0.5695013403892517
8.0,deploy,d,10,steer,c047,1.8604307174682617,1.7897100448608398,0.8305119872093201,0.5695013403892517
8.0,deploy,d,10,steer,c043,0.312652587890625,1.5293502807617188,0.8305119872093201,0.5695013403892517
8.0,deploy,d,10,steer,c003,1.3958263397216797,1.5795860290527344,0.8305119872093201,0.5695013403892517
8.0,deploy,d,10,steer,c041,1.54803466796875,1.744471549987793,0.8305119872093201,0.5695013403892517
8.0,deploy,d,10,steer,c008,0.042374610900878906,0.7401113510131836,0.8305119872093201,0.5695013403892517
8.0,deploy,d,10,steer,c045,0.849431037902832,1.6222381591796875,0.8305119872093201,0.5695013403892517
8.0,deploy,d,10,steer,c011,1.9641313552856445,1.7552824020385742,0.8305119872093201,0.5695013403892517
8.0,deploy,d,10,steer,c020,1.4727411270141602,1.6966543197631836,0.8305119872093201,0.5695013403892517
8.0,deploy,d,10,steer,c044,1.6730480194091797,1.8608589172363281,0.8305119872093201,0.5695013403892517
8.0,deploy,d,10,steer,c016,1.8139276504516602,1.6152153015136719,0.8305119872093201,0.5695013403892517
8.0,deploy,d,10,steer,c056,1.460841178894043,1.4951801300048828,0.8305119872093201,0.5695013403892517
8.0,deploy,d,10,steer,c025,1.4393806457519531,1.4469633102416992,0.8305119872093201,0.5695013403892517
8.0,deploy,d,10,steer,c029,0.658452033996582,1.0733489990234375,0.8305119872093201,0.5695013403892517
8.0,deploy,d,10,steer,c014,1.7891778945922852,2.079108238220215,0.8305119872093201,0.5695013403892517
8.0,deploy,d,10,steer,c002,1.0157537460327148,1.478775978088379,0.8305119872093201,0.5695013403892517
8.0,deploy,d,10,steer,c023,1.0548114776611328,1.236088752746582,0.8305119872093201,0.5695013403892517
8.0,deploy,d,10,steer,c046,1.5659637451171875,1.9237308502197266,0.8305119872093201,0.5695013403892517
8.0,deploy,d,10,steer,c022,1.0594663619995117,1.536057472229004,0.8305119872093201,0.5695013403892517
8.0,deploy,d,10,steer,c050,1.476506233215332,1.9562053680419922,0.8305119872093201,0.5695013403892517
8.0,eval,random,10,steer,c006,0.5080006917317709,-0.505229632059733,0.16663269946972528,0.4622943301995595
8.0,eval,random,10,steer,c017,0.37163829803466797,-0.25411319732666016,0.16663269946972528,0.4622943301995595
8.0,eval,random,10,steer,c039,0.4880094528198242,-0.21361446380615234,0.16663269946972528,0.4622943301995595
8.0,eval,random,10,steer,c036,0.5119673411051432,0.24924627939860022,0.16663269946972528,0.4622943301995595
8.0,eval,random,10,steer,c009,-0.08525911966959636,-0.027206103006998703,0.16663269946972528,0.4622943301995595
8.0,eval,random,10,steer,c000,0.2729377746582031,-0.31595516204833984,0.16663269946972528,0.4622943301995595
8.0,eval,random,10,steer,c013,1.0060834884643555,-0.6573581695556641,0.16663269946972528,0.4622943301995595
8.0,eval,random,10,steer,c049,0.44029490152994794,-0.17121156056722003,0.16663269946972528,0.4622943301995595
8.0,eval,random,10,steer,c058,0.28281529744466144,-0.30463091532389325,0.16663269946972528,0.4622943301995595
8.0,eval,random,10,steer,c024,0.17070802052815756,0.02010186513264975,0.16663269946972528,0.4622943301995595
8.0,eval,random,10,steer,c042,0.33565012613932294,-0.5852120717366536,0.16663269946972528,0.4622943301995595
8.0,eval,random,10,steer,c047,0.10453255971272786,-0.3209215799967448,0.16663269946972528,0.4622943301995595
8.0,eval,random,10,steer,c043,-0.6452665328979492,0.08948040008544922,0.16663269946972528,0.4622943301995595
8.0,eval,random,10,steer,c003,0.40831470489501953,-0.29529762268066406,0.16663269946972528,0.4622943301995595
8.0,eval,random,10,steer,c041,0.4426565170288086,-0.30586719512939453,0.16663269946972528,0.4622943301995595
8.0,eval,random,10,steer,c008,-0.14111550649007162,-0.0720513661702474,0.16663269946972528,0.4622943301995595
8.0,eval,random,10,steer,c045,1.0823720296223958,-0.7727600733439128,0.16663269946972528,0.4622943301995595
8.0,eval,random,10,steer,c011,0.3880564371744792,-0.5221303304036458,0.16663269946972528,0.4622943301995595
8.0,eval,random,10,steer,c020,1.0913136800130208,-0.7329174677530925,0.16663269946972528,0.4622943301995595
8.0,eval,random,10,steer,c044,1.0516306559244792,-0.9416545232137044,0.16663269946972528,0.4622943301995595
8.0,eval,random,10,steer,c016,0.41042359670003253,-0.22769610087076825,0.16663269946972528,0.4622943301995595
8.0,eval,random,10,steer,c056,0.7498804728190104,-0.050205548604329464,0.16663269946972528,0.4622943301995595
8.0,eval,random,10,steer,c025,0.23672612508138022,0.0780165990193685,0.16663269946972528,0.4622943301995595
8.0,eval,random,10,steer,c029,0.33746910095214844,-0.0026988983154296875,0.16663269946972528,0.4622943301995595
8.0,eval,random,10,steer,c014,0.09361012776692708,-0.3042589823404948,0.16663269946972528,0.4622943301995595
8.0,eval,random,10,steer,c002,0.3151184717814128,-0.19938023885091144,0.16663269946972528,0.4622943301995595
8.0,eval,random,10,steer,c023,0.4651645024617513,-0.10590330759684247,0.16663269946972528,0.4622943301995595
8.0,eval,random,10,steer,c046,0.29205862681070965,-0.33442433675130206,0.16663269946972528,0.4622943301995595
8.0,eval,random,10,steer,c022,0.093658447265625,-0.12087631225585938,0.16663269946972528,0.4622943301995595
8.0,eval,random,10,steer,c050,0.8363924026489258,-0.27849388122558594,0.16663269946972528,0.4622943301995595
8.0,eval,random,10,steer,c006,0.6541935602823893,-0.5288775761922201,0.16663269946972528,0.4622943301995595
8.0,eval,random,10,steer,c017,0.35291322072347003,-0.5273214975992839,0.16663269946972528,0.4622943301995595
8.0,eval,random,10,steer,c039,0.2606519063313802,-0.010793368021647154,0.16663269946972528,0.4622943301995595
8.0,eval,random,10,steer,c036,0.31131966908772785,-0.3245169321695964,0.16663269946972528,0.4622943301995595
8.0,eval,random,10,steer,c009,0.5954055786132812,-0.37802886962890625,0.16663269946972528,0.4622943301995595
8.0,eval,random,10,steer,c000,0.3200906117757161,-0.2979513804117839,0.16663269946972528,0.4622943301995595
8.0,eval,random,10,steer,c013,0.42071056365966797,-0.3146657943725586,0.16663269946972528,0.4622943301995595
8.0,eval,random,10,steer,c049,-0.11861642201741536,-0.06814797719319661,0.16663269946972528,0.4622943301995595
8.0,eval,random,10,steer,c058,0.4854272206624349,-0.17054049173990887,0.16663269946972528,0.4622943301995595
8.0,eval,random,10,steer,c024,-0.06730937957763672,-0.3193788528442383,0.16663269946972528,0.4622943301995595
8.0,eval,random,10,steer,c042,0.01093292236328125,-0.1728839874267578,0.16663269946972528,0.4622943301995595
8.0,eval,random,10,steer,c047,0.4751005172729492,-0.22813701629638672,0.16663269946972528,0.4622943301995595
8.0,eval,random,10,steer,c043,-0.004328091939290364,-0.05980332692464193,0.16663269946972528,0.4622943301995595
8.0,eval,random,10,steer,c003,0.11539936065673828,-0.3797464370727539,0.16663269946972528,0.4622943301995595
8.0,eval,random,10,steer,c041,0.3419351577758789,0.11440753936767578,0.16663269946972528,0.4622943301995595
8.0,eval,random,10,steer,c008,0.4301617940266927,0.09241708119710285,0.16663269946972528,0.4622943301995595
8.0,eval,random,10,steer,c045,0.2532164255777995,-0.2864249547322591,0.16663269946972528,0.4622943301995595
8.0,eval,random,10,steer,c011,0.28226153055826825,0.020088831583658873,0.16663269946972528,0.4622943301995595
8.0,eval,random,10,steer,c020,0.4736960728963216,-0.29132239023844403,0.16663269946972528,0.4622943301995595
8.0,eval,random,10,steer,c044,0.17993736267089844,-0.038421630859375,0.16663269946972528,0.4622943301995595
8.0,eval,random,10,steer,c016,0.2828550338745117,-0.28630924224853516,0.16663269946972528,0.4622943301995595
8.0,eval,random,10,steer,c056,0.10366026560465495,0.15657583872477215,0.16663269946972528,0.4622943301995595
8.0,eval,random,10,steer,c025,0.038295745849609375,-0.1892070770263672,0.16663269946972528,0.4622943301995595
8.0,eval,random,10,steer,c029,-0.03947035471598307,-0.20635000864664713,0.16663269946972528,0.4622943301995595
8.0,eval,random,10,steer,c014,0.17955239613850912,-0.1669804255167643,0.16663269946972528,0.4622943301995595
8.0,eval,random,10,steer,c002,0.46923192342122394,-0.023562113444010435,0.16663269946972528,0.4622943301995595
8.0,eval,random,10,steer,c023,0.41536998748779297,-0.40448951721191406,0.16663269946972528,0.4622943301995595
8.0,eval,random,10,steer,c046,0.28853416442871094,0.161895751953125,0.16663269946972528,0.4622943301995595
8.0,eval,random,10,steer,c022,0.3216136296590169,-0.006272951761881529,0.16663269946972528,0.4622943301995595
8.0,eval,random,10,steer,c050,0.6691093444824219,-0.2767524719238281,0.16663269946972528,0.4622943301995595
