layer,pair,direction,content_id,delta,baseline,k
0,0,deploy_to_eval,c006,0.040630340576171875,-0.57965087890625,123
0,0,eval_to_deploy,c006,-0.020374298095703125,-0.8376140594482422,123
0,0,unpaired_control,c006,-0.0050258636474609375,-0.57965087890625,79
1,0,deploy_to_eval,c006,-0.11877822875976562,-0.57965087890625,123
1,0,eval_to_deploy,c006,0.06369400024414062,-0.8376140594482422,123
1,0,unpaired_control,c006,-0.1529998779296875,-0.57965087890625,79
2,0,deploy_to_eval,c006,-0.04018402099609375,-0.57965087890625,123
2,0,eval_to_deploy,c006,0.0370025634765625,-0.8376140594482422,123
2,0,unpaired_control,c006,-0.2864360809326172,-0.57965087890625,79
3,0,deploy_to_eval,c006,-0.05094718933105469,-0.57965087890625,123
3,0,eval_to_deploy,c006,-0.02813720703125,-0.8376140594482422,123
3,0,unpaired_control,c006,-0.2018890380859375,-0.57965087890625,79
4,0,deploy_to_eval,c006,0.15210342407226562,-0.57965087890625,123
4,0,eval_to_deploy,c006,-0.15985107421875,-0.8376140594482422,123
4,0,unpaired_control,c006,-0.11277198791503906,-0.57965087890625,79
5,0,deploy_to_eval,c006,0.25341224670410156,-0.57965087890625,123
5,0,eval_to_deploy,c006,-0.13668251037597656,-0.8376140594482422,123
5,0,unpaired_control,c006,-0.08380889892578125,-0.57965087890625,79
6,0,deploy_to_eval,c006,-0.03892707824707031,-0.57965087890625,123
6,0,eval_to_deploy,c006,-0.1483612060546875,-0.8376140594482422,123
6,0,unpaired_control,c006,-0.2957496643066406,-0.57965087890625,79
7,0,deploy_to_eval,c006,0.09245681762695312,-0.57965087890625,123
7,0,eval_to_deploy,c006,-0.29662322998046875,-0.8376140594482422,123
7,0,unpaired_control,c006,-0.41969871520996094,-0.57965087890625,79
8,0,deploy_to_eval,c006,0.11454391479492188,-0.57965087890625,123
8,0,eval_to_deploy,c006,-0.28508567810058594,-0.8376140594482422,123
8,0,unpaired_control,c006,-0.4557037353515625,-0.57965087890625,79
9,0,deploy_to_eval,c006,-0.0023059844970703125,-0.57965087890625,123
9,0,eval_to_deploy,c006,-0.23679351806640625,-0.8376140594482422,123
9,0,unpaired_control,c006,-0.6291122436523438,-0.57965087890625,79
10,0,deploy_to_eval,c006,-0.05935096740722656,-0.57965087890625,123
10,0,eval_to_deploy,c006,-0.08358001708984375,-0.8376140594482422,123
10,0,unpaired_control,c006,-0.3589439392089844,-0.57965087890625,79
11,0,deploy_to_eval,c006,-0.2018299102783203,-0.57965087890625,123
11,0,eval_to_deploy,c006,0.00360107421875,-0.8376140594482422,123
11,0,unpaired_control,c006,-0.6254558563232422,-0.57965087890625,79
12,0,deploy_to_eval,c006,-0.021335601806640625,-0.57965087890625,123
12,0,eval_to_deploy,c006,-0.06452178955078125,-0.8376140594482422,123
12,0,unpaired_control,c006,-0.6361980438232422,-0.57965087890625,79
13,0,deploy_to_eval,c006,-0.033771514892578125,-0.57965087890625,123
13,0,eval_to_deploy,c006,-0.04680061340332031,-0.8376140594482422,123
13,0,unpaired_control,c006,-0.6526622772216797,-0.57965087890625,79
14,0,deploy_to_eval,c006,-0.057926177978515625,-0.57965087890625,123
14,0,eval_to_deploy,c006,0.06513786315917969,-0.8376140594482422,123
14,0,unpaired_control,c006,-0.7209758758544922,-0.57965087890625,79
15,0,deploy_to_eval,c006,-0.027313232421875,-0.57965087890625,123
15,0,eval_to_deploy,c006,0.04477691650390625,-0.8376140594482422,123
15,0,unpaired_control,c006,-0.7326984405517578,-0.57965087890625,79
16,0,deploy_to_eval,c006,-0.4390392303466797,-0.57965087890625,123
16,0,eval_to_deploy,c006,0.564056396484375,-0.8376140594482422,123
16,0,unpaired_control,c006,-1.0650367736816406,-0.57965087890625,79
17,0,deploy_to_eval,c006,-0.4588756561279297,-0.57965087890625,123
17,0,eval_to_deploy,c006,0.5964260101318359,-0.8376140594482422,123
17,0,unpaired_control,c006,-1.1320877075195312,-0.57965087890625,79
18,0,deploy_to_eval,c006,-0.43868255615234375,-0.57965087890625,123
18,0,eval_to_deploy,c006,0.5540428161621094,-0.8376140594482422,123
18,0,unpaired_control,c006,-1.1192283630371094,-0.57965087890625,79
19,0,deploy_to_eval,c006,-0.43488121032714844,-0.57965087890625,123
19,0,eval_to_deploy,c006,0.5463085174560547,-0.8376140594482422,123
19,0,unpaired_control,c006,-1.1102790832519531,-0.57965087890625,79
20,0,deploy_to_eval,c006,-0.4105110168457031,-0.57965087890625,123
20,0,eval_to_deploy,c006,0.42680931091308594,-0.8376140594482422,123
20,0,unpaired_control,c006,-1.11767578125,-0.57965087890625,79
21,0,deploy_to_eval,c006,-0.4331645965576172,-0.57965087890625,123
21,0,eval_to_deploy,c006,0.4787788391113281,-0.8376140594482422,123
21,0,unpaired_control,c006,-1.1499366760253906,-0.57965087890625,79
22,0,deploy_to_eval,c006,-0.4185142517089844,-0.57965087890625,123
22,0,eval_to_deploy,c006,0.460662841796875,-0.8376140594482422,123
22,0,unpaired_control,c006,-1.1309642791748047,-0.57965087890625,79
23,0,deploy_to_eval,c006,-0.4192371368408203,-0.57965087890625,123
23,0,eval_to_deploy,c006,0.4690513610839844,-0.8376140594482422,123
23,0,unpaired_control,c006,-1.1347980499267578,-0.57965087890625,79
24,0,deploy_to_eval,c006,-0.37453651428222656,-0.57965087890625,123
24,0,eval_to_deploy,c006,0.4055500030517578,-0.8376140594482422,123
24,0,unpaired_control,c006,-1.1031475067138672,-0.57965087890625,79
25,0,deploy_to_eval,c006,-0.40403175354003906,-0.57965087890625,123
25,0,eval_to_deploy,c006,0.4436492919921875,-0.8376140594482422,123
25,0,unpaired_control,c006,-1.1311054229736328,-0.57965087890625,79
26,0,deploy_to_eval,c006,-0.3630218505859375,-0.57965087890625,123
26,0,eval_to_deploy,c006,0.3764514923095703,-0.8376140594482422,123
26,0,unpaired_control,c006,-1.1609745025634766,-0.57965087890625,79
27,0,deploy_to_eval,c006,-0.2579631805419922,-0.57965087890625,123
27,0,eval_to_deploy,c006,0.2579631805419922,-0.8376140594482422,123
27,0,unpaired_control,c006,-1.1339302062988281,-0.57965087890625,79
0,1,deploy_to_eval,c017,-0.042377471923828125,-0.8281650543212891,142
0,1,eval_to_deploy,c017,0.08281707763671875,-1.7135810852050781,142
0,1,unpaired_control,c017,-0.11856651306152344,-0.8281650543212891,59
1,1,deploy_to_eval,c017,-0.07176017761230469,-0.8281650543212891,142
1,1,eval_to_deploy,c017,0.10303688049316406,-1.7135810852050781,142
1,1,unpaired_control,c017,-0.3165760040283203,-0.8281650543212891,59
2,1,deploy_to_eval,c017,-0.15059661865234375,-0.8281650543212891,142
2,1,eval_to_deploy,c017,0.14289474487304688,-1.7135810852050781,142
2,1,unpaired_control,c017,-0.5336494445800781,-0.8281650543212891,59
3,1,deploy_to_eval,c017,-0.08837318420410156,-0.8281650543212891,142
3,1,eval_to_deploy,c017,0.07068061828613281,-1.7135810852050781,142
3,1,unpaired_control,c017,-0.6645793914794922,-0.8281650543212891,59
4,1,deploy_to_eval,c017,-0.055171966552734375,-0.8281650543212891,142
4,1,eval_to_deploy,c017,0.033710479736328125,-1.7135810852050781,142
4,1,unpaired_control,c017,-0.8266792297363281,-0.8281650543212891,59
5,1,deploy_to_eval,c017,0.04135894775390625,-0.8281650543212891,142
5,1,eval_to_deploy,c017,-0.001583099365234375,-1.7135810852050781,142
5,1,unpaired_control,c017,-0.7921600341796875,-0.8281650543212891,59
6,1,deploy_to_eval,c017,-0.034297943115234375,-0.8281650543212891,142
6,1,eval_to_deploy,c017,0.03969001770019531,-1.7135810852050781,142
6,1,unpaired_control,c017,-0.9442882537841797,-0.8281650543212891,59
7,1,deploy_to_eval,c017,0.09801483154296875,-0.8281650543212891,142
7,1,eval_to_deploy,c017,-0.04580497741699219,-1.7135810852050781,142
7,1,unpaired_control,c017,-0.8973598480224609,-0.8281650543212891,59
8,1,deploy_to_eval,c017,0.16663551330566406,-0.8281650543212891,142
8,1,eval_to_deploy,c017,-0.0843658447265625,-1.7135810852050781,142
8,1,unpaired_control,c017,-0.6710243225097656,-0.8281650543212891,59
9,1,deploy_to_eval,c017,0.06995391845703125,-0.8281650543212891,142
9,1,eval_to_deploy,c017,-0.03811454772949219,-1.7135810852050781,142
9,1,unpaired_control,c017,-0.9561786651611328,-0.8281650543212891,59
10,1,deploy_to_eval,c017,-0.09337043762207031,-0.8281650543212891,142
10,1,eval_to_deploy,c017,0.27310943603515625,-1.7135810852050781,142
10,1,unpaired_control,c017,-1.1449871063232422,-0.8281650543212891,59
11,1,deploy_to_eval,c017,-0.5259571075439453,-0.8281650543212891,142
11,1,eval_to_deploy,c017,0.6092681884765625,-1.7135810852050781,142
11,1,unpaired_control,c017,-1.6508350372314453,-0.8281650543212891,59
12,1,deploy_to_eval,c017,-0.6592922210693359,-0.8281650543212891,142
12,1,eval_to_deploy,c017,0.7523632049560547,-1.7135810852050781,142
12,1,unpaired_control,c017,-1.460275650024414,-0.8281650543212891,59
13,1,deploy_to_eval,c017,-0.6645488739013672,-0.8281650543212891,142
13,1,eval_to_deploy,c017,0.7262706756591797,-1.7135810852050781,142
13,1,unpaired_control,c017,-1.4997940063476562,-0.8281650543212891,59
14,1,deploy_to_eval,c017,-0.6164455413818359,-0.8281650543212891,142
14,1,eval_to_deploy,c017,0.6795215606689453,-1.7135810852050781,142
14,1,unpaired_control,c017,-1.236337661743164,-0.8281650543212891,59
15,1,deploy_to_eval,c017,-0.6968441009521484,-0.8281650543212891,142
15,1,eval_to_deploy,c017,0.7134647369384766,-1.7135810852050781,142
15,1,unpaired_control,c017,-1.3603363037109375,-0.8281650543212891,59
16,1,deploy_to_eval,c017,-0.8901634216308594,-0.8281650543212891,142
16,1,eval_to_deploy,c017,0.8891353607177734,-1.7135810852050781,142
16,1,unpaired_control,c017,-1.5939922332763672,-0.8281650543212891,59
17,1,deploy_to_eval,c017,-0.8983154296875,-0.8281650543212891,142
17,1,eval_to_deploy,c017,0.9032878875732422,-1.7135810852050781,142
17,1,unpaired_control,c017,-1.756631851196289,-0.8281650543212891,59
18,1,deploy_to_eval,c017,-0.9052753448486328,-0.8281650543212891,142
18,1,eval_to_deploy,c017,0.9010372161865234,-1.7135810852050781,142
18,1,unpaired_control,c017,-1.7390098571777344,-0.8281650543212891,59
19,1,deploy_to_eval,c017,-0.8997631072998047,-0.8281650543212891,142
19,1,eval_to_deploy,c017,0.8976078033447266,-1.7135810852050781,142
19,1,unpaired_control,c017,-1.7276897430419922,-0.8281650543212891,59
20,1,deploy_to_eval,c017,-0.9030666351318359,-0.8281650543212891,142
20,1,eval_to_deploy,c017,0.89862060546875,-1.7135810852050781,142
20,1,unpaired_control,c017,-1.6309127807617188,-0.8281650543212891,59
21,1,deploy_to_eval,c017,-0.9099102020263672,-0.8281650543212891,142
21,1,eval_to_deploy,c017,0.9089946746826172,-1.7135810852050781,142
21,1,unpaired_control,c017,-1.5991897583007812,-0.8281650543212891,59
22,1,deploy_to_eval,c017,-0.906951904296875,-0.8281650543212891,142
22,1,eval_to_deploy,c017,0.9072628021240234,-1.7135810852050781,142
22,1,unpaired_control,c017,-1.5665969848632812,-0.8281650543212891,59
23,1,deploy_to_eval,c017,-0.9005584716796875,-0.8281650543212891,142
23,1,eval_to_deploy,c017,0.9003219604492188,-1.7135810852050781,142
23,1,unpaired_control,c017,-1.5987987518310547,-0.8281650543212891,59
24,1,deploy_to_eval,c017,-0.8978404998779297,-0.8281650543212891,142
24,1,eval_to_deploy,c017,0.8988151550292969,-1.7135810852050781,142
24,1,unpaired_control,c017,-1.593984603881836,-0.8281650543212891,59
25,1,deploy_to_eval,c017,-0.9052848815917969,-0.8281650543212891,142
25,1,eval_to_deploy,c017,0.9073257446289062,-1.7135810852050781,142
25,1,unpaired_control,c017,-1.6301994323730469,-0.8281650543212891,59
26,1,deploy_to_eval,c017,-0.8935642242431641,-0.8281650543212891,142
26,1,eval_to_deploy,c017,0.8952960968017578,-1.7135810852050781,142
26,1,unpaired_control,c017,-1.690408706665039,-0.8281650543212891,59
27,1,deploy_to_eval,c017,-0.8854160308837891,-0.8281650543212891,142
27,1,eval_to_deploy,c017,0.8854160308837891,-1.7135810852050781,142
27,1,unpaired_control,c017,-1.5593490600585938,-0.8281650543212891,59
0,2,deploy_to_eval,c039,-0.04262542724609375,-0.4806632995605469,74
0,2,eval_to_deploy,c039,0.0552520751953125,-2.387514114379883,74
0,2,unpaired_control,c039,-0.2092742919921875,-0.4806632995605469,59
1,2,deploy_to_eval,c039,0.12065887451171875,-0.4806632995605469,74
1,2,eval_to_deploy,c039,0.22258758544921875,-2.387514114379883,74
1,2,unpaired_control,c039,-0.0726318359375,-0.4806632995605469,59
2,2,deploy_to_eval,c039,0.19758033752441406,-0.4806632995605469,74
2,2,eval_to_deploy,c039,0.2626190185546875,-2.387514114379883,74
2,2,unpaired_control,c039,-0.07460975646972656,-0.4806632995605469,59
3,2,deploy_to_eval,c039,0.3076438903808594,-0.4806632995605469,74
3,2,eval_to_deploy,c039,0.16206741333007812,-2.387514114379883,74
3,2,unpaired_control,c039,-0.23700332641601562,-0.4806632995605469,59
4,2,deploy_to_eval,c039,0.37882041931152344,-0.4806632995605469,74
4,2,eval_to_deploy,c039,0.15106773376464844,-2.387514114379883,74
4,2,unpaired_control,c039,0.008428573608398438,-0.4806632995605469,59
5,2,deploy_to_eval,c039,0.3045806884765625,-0.4806632995605469,74
5,2,eval_to_deploy,c039,0.12679481506347656,-2.387514114379883,74
5,2,unpaired_control,c039,0.010560989379882812,-0.4806632995605469,59
6,2,deploy_to_eval,c039,-0.4757099151611328,-0.4806632995605469,74
6,2,eval_to_deploy,c039,0.30071449279785156,-2.387514114379883,74
6,2,unpaired_control,c039,-0.7507648468017578,-0.4806632995605469,59
7,2,deploy_to_eval,c039,-0.4443340301513672,-0.4806632995605469,74
7,2,eval_to_deploy,c039,0.1319427490234375,-2.387514114379883,74
7,2,unpaired_control,c039,-0.6105232238769531,-0.4806632995605469,59
8,2,deploy_to_eval,c039,-0.44719505310058594,-0.4806632995605469,74
8,2,eval_to_deploy,c039,0.13221168518066406,-2.387514114379883,74
8,2,unpaired_control,c039,-0.7568931579589844,-0.4806632995605469,59
9,2,deploy_to_eval,c039,-1.0236854553222656,-0.4806632995605469,74
9,2,eval_to_deploy,c039,0.36435890197753906,-2.387514114379883,74
9,2,unpaired_control,c039,-0.8550529479980469,-0.4806632995605469,59
10,2,deploy_to_eval,c039,-0.9304466247558594,-0.4806632995605469,74
10,2,eval_to_deploy,c039,0.4451789855957031,-2.387514114379883,74
10,2,unpaired_control,c039,-0.8442592620849609,-0.4806632995605469,59
11,2,deploy_to_eval,c039,-1.5123519897460938,-0.4806632995605469,74
11,2,eval_to_deploy,c039,0.9157581329345703,-2.387514114379883,74
11,2,unpaired_control,c039,-1.0936622619628906,-0.4806632995605469,59
12,2,deploy_to_eval,c039,-1.4702587127685547,-0.4806632995605469,74
12,2,eval_to_deploy,c039,1.072408676147461,-2.387514114379883,74
12,2,unpaired_control,c039,-0.974700927734375,-0.4806632995605469,59
13,2,deploy_to_eval,c039,-1.5596790313720703,-0.4806632995605469,74
13,2,eval_to_deploy,c039,1.132547378540039,-2.387514114379883,74
13,2,unpaired_control,c039,-1.1441116333007812,-0.4806632995605469,59
14,2,deploy_to_eval,c039,-1.6716957092285156,-0.4806632995605469,74
14,2,eval_to_deploy,c039,1.807861328125,-2.387514114379883,74
14,2,unpaired_control,c039,-1.4429454803466797,-0.4806632995605469,59
15,2,deploy_to_eval,c039,-1.6879863739013672,-0.4806632995605469,74
15,2,eval_to_deploy,c039,1.7590885162353516,-2.387514114379883,74
15,2,unpaired_control,c039,-1.517831802368164,-0.4806632995605469,59
16,2,deploy_to_eval,c039,-2.003366470336914,-0.4806632995605469,74
16,2,eval_to_deploy,c039,1.9853286743164062,-2.387514114379883,74
16,2,unpaired_control,c039,-1.6222953796386719,-0.4806632995605469,59
17,2,deploy_to_eval,c039,-2.0227394104003906,-0.4806632995605469,74
17,2,eval_to_deploy,c039,1.9885673522949219,-2.387514114379883,74
17,2,unpaired_control,c039,-1.4714031219482422,-0.4806632995605469,59
18,2,deploy_to_eval,c039,-2.028348922729492,-0.4806632995605469,74
18,2,eval_to_deploy,c039,1.9802608489990234,-2.387514114379883,74
18,2,unpaired_control,c039,-1.4615917205810547,-0.4806632995605469,59
19,2,deploy_to_eval,c039,-2.0384960174560547,-0.4806632995605469,74
19,2,eval_to_deploy,c039,1.9922904968261719,-2.387514114379883,74
19,2,unpaired_control,c039,-1.4657649993896484,-0.4806632995605469,59
20,2,deploy_to_eval,c039,-1.9743595123291016,-0.4806632995605469,74
20,2,eval_to_deploy,c039,1.9032878875732422,-2.387514114379883,74
20,2,unpaired_control,c039,-1.4712409973144531,-0.4806632995605469,59
21,2,deploy_to_eval,c039,-1.9532909393310547,-0.4806632995605469,74
21,2,eval_to_deploy,c039,1.9023933410644531,-2.387514114379883,74
21,2,unpaired_control,c039,-1.4370536804199219,-0.4806632995605469,59
22,2,deploy_to_eval,c039,-1.9519996643066406,-0.4806632995605469,74
22,2,eval_to_deploy,c039,1.906494140625,-2.387514114379883,74
22,2,unpaired_control,c039,-1.462066650390625,-0.4806632995605469,59
23,2,deploy_to_eval,c039,-1.9326896667480469,-0.4806632995605469,74
23,2,eval_to_deploy,c039,1.8531551361083984,-2.387514114379883,74
23,2,unpaired_control,c039,-1.397329330444336,-0.4806632995605469,59
24,2,deploy_to_eval,c039,-1.9035015106201172,-0.4806632995605469,74
24,2,eval_to_deploy,c039,1.7957992553710938,-2.387514114379883,74
24,2,unpaired_control,c039,-1.3877143859863281,-0.4806632995605469,59
25,2,deploy_to_eval,c039,-1.901571273803711,-0.4806632995605469,74
25,2,eval_to_deploy,c039,1.7921924591064453,-2.387514114379883,74
25,2,unpaired_control,c039,-1.3737201690673828,-0.4806632995605469,59
26,2,deploy_to_eval,c039,-1.880971908569336,-0.4806632995605469,74
26,2,eval_to_deploy,c039,1.7926025390625,-2.387514114379883,74
26,2,unpaired_control,c039,-1.1937236785888672,-0.4806632995605469,59
27,2,deploy_to_eval,c039,-1.906850814819336,-0.4806632995605469,74
27,2,eval_to_deploy,c039,1.906850814819336,-2.387514114379883,74
27,2,unpaired_control,c039,-1.497690200805664,-0.4806632995605469,59
0,3,deploy_to_eval,c036,-0.051845550537109375,-1.5145149230957031,117
0,3,eval_to_deploy,c036,0.032337188720703125,-1.978353500366211,117
0,3,unpaired_control,c036,0.1108856201171875,-1.5145149230957031,59
1,3,deploy_to_eval,c036,-0.017887115478515625,-1.5145149230957031,117
1,3,eval_to_deploy,c036,0.009279251098632812,-1.978353500366211,117
1,3,unpaired_control,c036,-0.05459785461425781,-1.5145149230957031,59
2,3,deploy_to_eval,c036,0.012140274047851562,-1.5145149230957031,117
2,3,eval_to_deploy,c036,-0.11999702453613281,-1.978353500366211,117
2,3,unpaired_control,c036,-0.1524791717529297,-1.5145149230957031,59
3,3,deploy_to_eval,c036,-0.023807525634765625,-1.5145149230957031,117
3,3,eval_to_deploy,c036,-0.11492538452148438,-1.978353500366211,117
3,3,unpaired_control,c036,0.13692283630371094,-1.5145149230957031,59
4,3,deploy_to_eval,c036,-0.06424522399902344,-1.5145149230957031,117
4,3,eval_to_deploy,c036,-0.06731033325195312,-1.978353500366211,117
4,3,unpaired_control,c036,0.08654212951660156,-1.5145149230957031,59
5,3,deploy_to_eval,c036,-0.18750572204589844,-1.5145149230957031,117
5,3,eval_to_deploy,c036,0.03639984130859375,-1.978353500366211,117
5,3,unpaired_control,c036,0.2692584991455078,-1.5145149230957031,59
6,3,deploy_to_eval,c036,-0.1340045928955078,-1.5145149230957031,117
6,3,eval_to_deploy,c036,0.08855438232421875,-1.978353500366211,117
6,3,unpaired_control,c036,0.20185470581054688,-1.5145149230957031,59
7,3,deploy_to_eval,c036,-0.15192031860351562,-1.5145149230957031,117
7,3,eval_to_deploy,c036,0.09888648986816406,-1.978353500366211,117
7,3,unpaired_control,c036,0.19593048095703125,-1.5145149230957031,59
8,3,deploy_to_eval,c036,-0.07966232299804688,-1.5145149230957031,117
8,3,eval_to_deploy,c036,0.04231834411621094,-1.978353500366211,117
8,3,unpaired_control,c036,0.3369407653808594,-1.5145149230957031,59
9,3,deploy_to_eval,c036,-0.1286640167236328,-1.5145149230957031,117
9,3,eval_to_deploy,c036,0.028627395629882812,-1.978353500366211,117
9,3,unpaired_control,c036,0.20548057556152344,-1.5145149230957031,59
10,3,deploy_to_eval,c036,-0.11392021179199219,-1.5145149230957031,117
10,3,eval_to_deploy,c036,0.114105224609375,-1.978353500366211,117
10,3,unpaired_control,c036,0.050769805908203125,-1.5145149230957031,59
11,3,deploy_to_eval,c036,-0.21245384216308594,-1.5145149230957031,117
11,3,eval_to_deploy,c036,0.15462875366210938,-1.978353500366211,117
11,3,unpaired_control,c036,-0.47150421142578125,-1.5145149230957031,59
12,3,deploy_to_eval,c036,-0.23726463317871094,-1.5145149230957031,117
12,3,eval_to_deploy,c036,0.09702301025390625,-1.978353500366211,117
12,3,unpaired_control,c036,-0.48502540588378906,-1.5145149230957031,59
13,3,deploy_to_eval,c036,-0.26132774353027344,-1.5145149230957031,117
13,3,eval_to_deploy,c036,0.1298236846923828,-1.978353500366211,117
13,3,unpaired_control,c036,-0.6595478057861328,-1.5145149230957031,59
14,3,deploy_to_eval,c036,-0.20302391052246094,-1.5145149230957031,117
14,3,eval_to_deploy,c036,0.15073585510253906,-1.978353500366211,117
14,3,unpaired_control,c036,-0.5105571746826172,-1.5145149230957031,59
15,3,deploy_to_eval,c036,-0.20587730407714844,-1.5145149230957031,117
15,3,eval_to_deploy,c036,0.15066909790039062,-1.978353500366211,117
15,3,unpaired_control,c036,-0.6774864196777344,-1.5145149230957031,59
16,3,deploy_to_eval,c036,-0.2913036346435547,-1.5145149230957031,117
16,3,eval_to_deploy,c036,0.2965221405029297,-1.978353500366211,117
16,3,unpaired_control,c036,-0.7255153656005859,-1.5145149230957031,59
17,3,deploy_to_eval,c036,-0.3121185302734375,-1.5145149230957031,117
17,3,eval_to_deploy,c036,0.3146095275878906,-1.978353500366211,117
17,3,unpaired_control,c036,-0.8724918365478516,-1.5145149230957031,59
18,3,deploy_to_eval,c036,-0.32106971740722656,-1.5145149230957031,117
18,3,eval_to_deploy,c036,0.3183746337890625,-1.978353500366211,117
18,3,unpaired_control,c036,-0.8837261199951172,-1.5145149230957031,59
19,3,deploy_to_eval,c036,-0.33873939514160156,-1.5145149230957031,117
19,3,eval_to_deploy,c036,0.3333702087402344,-1.978353500366211,117
19,3,unpaired_control,c036,-0.8917026519775391,-1.5145149230957031,59
20,3,deploy_to_eval,c036,-0.3563385009765625,-1.5145149230957031,117
20,3,eval_to_deploy,c036,0.3648853302001953,-1.978353500366211,117
20,3,unpaired_control,c036,-0.9536113739013672,-1.5145149230957031,59
21,3,deploy_to_eval,c036,-0.33921051025390625,-1.5145149230957031,117
21,3,eval_to_deploy,c036,0.35445404052734375,-1.978353500366211,117
21,3,unpaired_control,c036,-0.8215465545654297,-1.5145149230957031,59
22,3,deploy_to_eval,c036,-0.3371009826660156,-1.5145149230957031,117
22,3,eval_to_deploy,c036,0.3490791320800781,-1.978353500366211,117
22,3,unpaired_control,c036,-0.7907657623291016,-1.5145149230957031,59
23,3,deploy_to_eval,c036,-0.3348426818847656,-1.5145149230957031,117
23,3,eval_to_deploy,c036,0.3459339141845703,-1.978353500366211,117
23,3,unpaired_control,c036,-0.8746566772460938,-1.5145149230957031,59
24,3,deploy_to_eval,c036,-0.339996337890625,-1.5145149230957031,117
24,3,eval_to_deploy,c036,0.34589195251464844,-1.978353500366211,117
24,3,unpaired_control,c036,-0.8776493072509766,-1.5145149230957031,59
25,3,deploy_to_eval,c036,-0.37322044372558594,-1.5145149230957031,117
25,3,eval_to_deploy,c036,0.3751678466796875,-1.978353500366211,117
25,3,unpaired_control,c036,-0.9275112152099609,-1.5145149230957031,59
26,3,deploy_to_eval,c036,-0.39472198486328125,-1.5145149230957031,117
26,3,eval_to_deploy,c036,0.3849315643310547,-1.978353500366211,117
26,3,unpaired_control,c036,-0.9186763763427734,-1.5145149230957031,59
27,3,deploy_to_eval,c036,-0.4638385772705078,-1.5145149230957031,117
27,3,eval_to_deploy,c036,0.4638385772705078,-1.978353500366211,117
27,3,unpaired_control,c036,-0.799835205078125,-1.5145149230957031,59
0,4,deploy_to_eval,c009,-0.031003952026367188,-1.1868896484375,72
0,4,eval_to_deploy,c009,0.08170890808105469,-2.314350128173828,72
0,4,unpaired_control,c009,-0.07794761657714844,-1.1868896484375,59
1,4,deploy_to_eval,c009,-0.1623058319091797,-1.1868896484375,72
1,4,eval_to_deploy,c009,0.1379108428955078,-2.314350128173828,72
1,4,unpaired_control,c009,-0.05965614318847656,-1.1868896484375,59
2,4,deploy_to_eval,c009,-0.25850486755371094,-1.1868896484375,72
2,4,eval_to_deploy,c009,0.2358226776123047,-2.314350128173828,72
2,4,unpaired_control,c009,-0.09258842468261719,-1.1868896484375,59
3,4,deploy_to_eval,c009,-0.1771526336669922,-1.1868896484375,72
3,4,eval_to_deploy,c009,0.2710247039794922,-2.314350128173828,72
3,4,unpaired_control,c009,-0.03595542907714844,-1.1868896484375,59
4,4,deploy_to_eval,c009,-0.24683761596679688,-1.1868896484375,72
4,4,eval_to_deploy,c009,0.3813152313232422,-2.314350128173828,72
4,4,unpaired_control,c009,-0.04365730285644531,-1.1868896484375,59
5,4,deploy_to_eval,c009,-0.2693061828613281,-1.1868896484375,72
5,4,eval_to_deploy,c009,0.37691307067871094,-2.314350128173828,72
5,4,unpaired_control,c009,-0.1409320831298828,-1.1868896484375,59
6,4,deploy_to_eval,c009,-0.2928466796875,-1.1868896484375,72
6,4,eval_to_deploy,c009,0.3680896759033203,-2.314350128173828,72
6,4,unpaired_control,c009,-0.1431560516357422,-1.1868896484375,59
7,4,deploy_to_eval,c009,-0.2436389923095703,-1.1868896484375,72
7,4,eval_to_deploy,c009,0.35312461853027344,-2.314350128173828,72
7,4,unpaired_control,c009,-0.07774543762207031,-1.1868896484375,59
8,4,deploy_to_eval,c009,-0.2456035614013672,-1.1868896484375,72
8,4,eval_to_deploy,c009,0.32630157470703125,-2.314350128173828,72
8,4,unpaired_control,c009,-0.11460304260253906,-1.1868896484375,59
9,4,deploy_to_eval,c009,-0.372894287109375,-1.1868896484375,72
9,4,eval_to_deploy,c009,0.4310436248779297,-2.314350128173828,72
9,4,unpaired_control,c009,-0.11022567749023438,-1.1868896484375,59
10,4,deploy_to_eval,c009,-0.4647789001464844,-1.1868896484375,72
10,4,eval_to_deploy,c009,0.5154037475585938,-2.314350128173828,72
10,4,unpaired_control,c009,-0.5948486328125,-1.1868896484375,59
11,4,deploy_to_eval,c009,-0.9819431304931641,-1.1868896484375,72
11,4,eval_to_deploy,c009,0.8584690093994141,-2.314350128173828,72
11,4,unpaired_control,c009,-1.0472869873046875,-1.1868896484375,59
12,4,deploy_to_eval,c009,-0.9313335418701172,-1.1868896484375,72
12,4,eval_to_deploy,c009,0.8636360168457031,-2.314350128173828,72
12,4,unpaired_control,c009,-1.0136680603027344,-1.1868896484375,59
13,4,deploy_to_eval,c009,-1.000732421875,-1.1868896484375,72
13,4,eval_to_deploy,c009,0.9293746948242188,-2.314350128173828,72
13,4,unpaired_control,c009,-1.2380828857421875,-1.1868896484375,59
14,4,deploy_to_eval,c009,-0.998321533203125,-1.1868896484375,72
14,4,eval_to_deploy,c009,0.9122447967529297,-2.314350128173828,72
14,4,unpaired_control,c009,-1.343709945678711,-1.1868896484375,59
15,4,deploy_to_eval,c009,-0.9980354309082031,-1.1868896484375,72
15,4,eval_to_deploy,c009,0.9479274749755859,-2.314350128173828,72
15,4,unpaired_control,c009,-1.2863140106201172,-1.1868896484375,59
16,4,deploy_to_eval,c009,-1.099945068359375,-1.1868896484375,72
16,4,eval_to_deploy,c009,1.0440082550048828,-2.314350128173828,72
16,4,unpaired_control,c009,-1.4909706115722656,-1.1868896484375,59
17,4,deploy_to_eval,c009,-1.123037338256836,-1.1868896484375,72
17,4,eval_to_deploy,c009,1.0664043426513672,-2.314350128173828,72
17,4,unpaired_control,c009,-1.2664871215820312,-1.1868896484375,59
18,4,deploy_to_eval,c009,-1.1377391815185547,-1.1868896484375,72
18,4,eval_to_deploy,c009,1.0866012573242188,-2.314350128173828,72
18,4,unpaired_control,c009,-1.2918872833251953,-1.1868896484375,59
19,4,deploy_to_eval,c009,-1.128408432006836,-1.1868896484375,72
19,4,eval_to_deploy,c009,1.085052490234375,-2.314350128173828,72
19,4,unpaired_control,c009,-1.283468246459961,-1.1868896484375,59
20,4,deploy_to_eval,c009,-1.1494998931884766,-1.1868896484375,72
20,4,eval_to_deploy,c009,1.1330299377441406,-2.314350128173828,72
20,4,unpaired_control,c009,-1.2627887725830078,-1.1868896484375,59
21,4,deploy_to_eval,c009,-1.1249961853027344,-1.1868896484375,72
21,4,eval_to_deploy,c009,1.1108779907226562,-2.314350128173828,72
21,4,unpaired_control,c009,-1.2411117553710938,-1.1868896484375,59
22,4,deploy_to_eval,c009,-1.1244888305664062,-1.1868896484375,72
22,4,eval_to_deploy,c009,1.1101703643798828,-2.314350128173828,72
22,4,unpaired_control,c009,-1.2539176940917969,-1.1868896484375,59
23,4,deploy_to_eval,c009,-1.1355266571044922,-1.1868896484375,72
23,4,eval_to_deploy,c009,1.1257553100585938,-2.314350128173828,72
23,4,unpaired_control,c009,-1.242116928100586,-1.1868896484375,59
24,4,deploy_to_eval,c009,-1.1374645233154297,-1.1868896484375,72
24,4,eval_to_deploy,c009,1.1316642761230469,-2.314350128173828,72
24,4,unpaired_control,c009,-1.2246894836425781,-1.1868896484375,59
25,4,deploy_to_eval,c009,-1.1268558502197266,-1.1868896484375,72
25,4,eval_to_deploy,c009,1.1237621307373047,-2.314350128173828,72
25,4,unpaired_control,c009,-1.1758365631103516,-1.1868896484375,59
26,4,deploy_to_eval,c009,-1.1544761657714844,-1.1868896484375,72
26,4,eval_to_deploy,c009,1.157583236694336,-2.314350128173828,72
26,4,unpaired_control,c009,-1.1754283905029297,-1.1868896484375,59
27,4,deploy_to_eval,c009,-1.1274604797363281,-1.1868896484375,72
27,4,eval_to_deploy,c009,1.1274604797363281,-2.314350128173828,72
27,4,unpaired_control,c009,-1.2370872497558594,-1.1868896484375,59
0,5,deploy_to_eval,c000,0.036190032958984375,-1.5043983459472656,108
0,5,eval_to_deploy,c000,-0.027887344360351562,-2.4239768981933594,108
0,5,unpaired_control,c000,0.092742919921875,-1.5043983459472656,79
1,5,deploy_to_eval,c000,-0.034778594970703125,-1.5043983459472656,108
1,5,eval_to_deploy,c000,0.08818244934082031,-2.4239768981933594,108
1,5,unpaired_control,c000,-0.06909370422363281,-1.5043983459472656,79
2,5,deploy_to_eval,c000,0.0052433013916015625,-1.5043983459472656,108
2,5,eval_to_deploy,c000,0.10157966613769531,-2.4239768981933594,108
2,5,unpaired_control,c000,-0.20318603515625,-1.5043983459472656,79
3,5,deploy_to_eval,c000,-0.0043544769287109375,-1.5043983459472656,108
3,5,eval_to_deploy,c000,0.1353015899658203,-2.4239768981933594,108
3,5,unpaired_control,c000,0.14464187622070312,-1.5043983459472656,79
4,5,deploy_to_eval,c000,0.112213134765625,-1.5043983459472656,108
4,5,eval_to_deploy,c000,-0.010700225830078125,-2.4239768981933594,108
4,5,unpaired_control,c000,0.20500564575195312,-1.5043983459472656,79
5,5,deploy_to_eval,c000,0.28841400146484375,-1.5043983459472656,108
5,5,eval_to_deploy,c000,-0.13674354553222656,-2.4239768981933594,108
5,5,unpaired_control,c000,0.28519248962402344,-1.5043983459472656,79
6,5,deploy_to_eval,c000,0.04496002197265625,-1.5043983459472656,108
6,5,eval_to_deploy,c000,-0.1627941131591797,-2.4239768981933594,108
6,5,unpaired_control,c000,0.05814552307128906,-1.5043983459472656,79
7,5,deploy_to_eval,c000,0.0516510009765625,-1.5043983459472656,108
7,5,eval_to_deploy,c000,-0.23566055297851562,-2.4239768981933594,108
7,5,unpaired_control,c000,0.14977264404296875,-1.5043983459472656,79
8,5,deploy_to_eval,c000,0.04571533203125,-1.5043983459472656,108
8,5,eval_to_deploy,c000,-0.178314208984375,-2.4239768981933594,108
8,5,unpaired_control,c000,0.11053657531738281,-1.5043983459472656,79
9,5,deploy_to_eval,c000,-0.06962776184082031,-1.5043983459472656,108
9,5,eval_to_deploy,c000,-0.11596870422363281,-2.4239768981933594,108
9,5,unpaired_control,c000,0.04826164245605469,-1.5043983459472656,79
10,5,deploy_to_eval,c000,-0.21031570434570312,-1.5043983459472656,108
10,5,eval_to_deploy,c000,0.16572952270507812,-2.4239768981933594,108
10,5,unpaired_control,c000,0.4007225036621094,-1.5043983459472656,79
11,5,deploy_to_eval,c000,-0.5046539306640625,-1.5043983459472656,108
11,5,eval_to_deploy,c000,0.35951805114746094,-2.4239768981933594,108
11,5,unpaired_control,c000,0.44165611267089844,-1.5043983459472656,79
12,5,deploy_to_eval,c000,-0.5731391906738281,-1.5043983459472656,108
12,5,eval_to_deploy,c000,0.42256736755371094,-2.4239768981933594,108
12,5,unpaired_control,c000,0.5642890930175781,-1.5043983459472656,79
13,5,deploy_to_eval,c000,-0.5876197814941406,-1.5043983459472656,108
13,5,eval_to_deploy,c000,0.42446327209472656,-2.4239768981933594,108
13,5,unpaired_control,c000,0.5178699493408203,-1.5043983459472656,79
14,5,deploy_to_eval,c000,-0.6340007781982422,-1.5043983459472656,108
14,5,eval_to_deploy,c000,0.5824451446533203,-2.4239768981933594,108
14,5,unpaired_control,c000,0.564453125,-1.5043983459472656,79
15,5,deploy_to_eval,c000,-0.6375885009765625,-1.5043983459472656,108
15,5,eval_to_deploy,c000,0.5922145843505859,-2.4239768981933594,108
15,5,unpaired_control,c000,0.5758800506591797,-1.5043983459472656,79
16,5,deploy_to_eval,c000,-0.9352054595947266,-1.5043983459472656,108
16,5,eval_to_deploy,c000,1.0175666809082031,-2.4239768981933594,108
16,5,unpaired_control,c000,0.2758941650390625,-1.5043983459472656,79
17,5,deploy_to_eval,c000,-0.9724884033203125,-1.5043983459472656,108
17,5,eval_to_deploy,c000,1.0555286407470703,-2.4239768981933594,108
17,5,unpaired_control,c000,0.19588279724121094,-1.5043983459472656,79
18,5,deploy_to_eval,c000,-0.9586715698242188,-1.5043983459472656,108
18,5,eval_to_deploy,c000,1.0215473175048828,-2.4239768981933594,108
18,5,unpaired_control,c000,0.2025928497314453,-1.5043983459472656,79
19,5,deploy_to_eval,c000,-0.9685573577880859,-1.5043983459472656,108
19,5,eval_to_deploy,c000,1.0191230773925781,-2.4239768981933594,108
19,5,unpaired_control,c000,0.1719532012939453,-1.5043983459472656,79
20,5,deploy_to_eval,c000,-0.9795970916748047,-1.5043983459472656,108
20,5,eval_to_deploy,c000,0.9784870147705078,-2.4239768981933594,108
20,5,unpaired_control,c000,0.21207237243652344,-1.5043983459472656,79
21,5,deploy_to_eval,c000,-0.9922103881835938,-1.5043983459472656,108
21,5,eval_to_deploy,c000,1.0176239013671875,-2.4239768981933594,108
21,5,unpaired_control,c000,0.2532367706298828,-1.5043983459472656,79
22,5,deploy_to_eval,c000,-0.9832344055175781,-1.5043983459472656,108
22,5,eval_to_deploy,c000,1.0051517486572266,-2.4239768981933594,108
22,5,unpaired_control,c000,0.2660675048828125,-1.5043983459472656,79
23,5,deploy_to_eval,c000,-0.9941139221191406,-1.5043983459472656,108
23,5,eval_to_deploy,c000,1.0257587432861328,-2.4239768981933594,108
23,5,unpaired_control,c000,0.2610607147216797,-1.5043983459472656,79
24,5,deploy_to_eval,c000,-0.9500236511230469,-1.5043983459472656,108
24,5,eval_to_deploy,c000,0.9671745300292969,-2.4239768981933594,108
24,5,unpaired_control,c000,0.2985420227050781,-1.5043983459472656,79
25,5,deploy_to_eval,c000,-0.9874305725097656,-1.5043983459472656,108
25,5,eval_to_deploy,c000,1.0150642395019531,-2.4239768981933594,108
25,5,unpaired_control,c000,0.2211170196533203,-1.5043983459472656,79
26,5,deploy_to_eval,c000,-0.9734382629394531,-1.5043983459472656,108
26,5,eval_to_deploy,c000,0.9821701049804688,-2.4239768981933594,108
26,5,unpaired_control,c000,0.22345924377441406,-1.5043983459472656,79
27,5,deploy_to_eval,c000,-0.9195785522460938,-1.5043983459472656,108
27,5,eval_to_deploy,c000,0.9195785522460938,-2.4239768981933594,108
27,5,unpaired_control,c000,0.29932212829589844,-1.5043983459472656,79
0,6,deploy_to_eval,c013,0.139984130859375,0.6247005462646484,122
0,6,eval_to_deploy,c013,0.0104217529296875,-1.2050762176513672,122
0,6,unpaired_control,c013,0.2531623840332031,0.6247005462646484,59
1,6,deploy_to_eval,c013,0.19440841674804688,0.6247005462646484,122
1,6,eval_to_deploy,c013,0.07037734985351562,-1.2050762176513672,122
1,6,unpaired_control,c013,0.3623847961425781,0.6247005462646484,59
2,6,deploy_to_eval,c013,0.17942237854003906,0.6247005462646484,122
2,6,eval_to_deploy,c013,0.1629161834716797,-1.2050762176513672,122
2,6,unpaired_control,c013,0.29552268981933594,0.6247005462646484,59
3,6,deploy_to_eval,c013,-0.02074432373046875,0.6247005462646484,122
3,6,eval_to_deploy,c013,0.17720985412597656,-1.2050762176513672,122
3,6,unpaired_control,c013,0.3213825225830078,0.6247005462646484,59
4,6,deploy_to_eval,c013,0.015142440795898438,0.6247005462646484,122
4,6,eval_to_deploy,c013,0.13630294799804688,-1.2050762176513672,122
4,6,unpaired_control,c013,0.441162109375,0.6247005462646484,59
5,6,deploy_to_eval,c013,-0.032684326171875,0.6247005462646484,122
5,6,eval_to_deploy,c013,-0.03974151611328125,-1.2050762176513672,122
5,6,unpaired_control,c013,0.6482219696044922,0.6247005462646484,59
6,6,deploy_to_eval,c013,-0.23001480102539062,0.6247005462646484,122
6,6,eval_to_deploy,c013,0.023805618286132812,-1.2050762176513672,122
6,6,unpaired_control,c013,0.46552276611328125,0.6247005462646484,59
7,6,deploy_to_eval,c013,-0.22221755981445312,0.6247005462646484,122
7,6,eval_to_deploy,c013,0.012887954711914062,-1.2050762176513672,122
7,6,unpaired_control,c013,0.5961380004882812,0.6247005462646484,59
8,6,deploy_to_eval,c013,-0.41470909118652344,0.6247005462646484,122
8,6,eval_to_deploy,c013,0.16339683532714844,-1.2050762176513672,122
8,6,unpaired_control,c013,0.5188255310058594,0.6247005462646484,59
9,6,deploy_to_eval,c013,-0.6296195983886719,0.6247005462646484,122
9,6,eval_to_deploy,c013,0.31488800048828125,-1.2050762176513672,122
9,6,unpaired_control,c013,-0.28360748291015625,0.6247005462646484,59
10,6,deploy_to_eval,c013,-0.5118732452392578,0.6247005462646484,122
10,6,eval_to_deploy,c013,0.3606758117675781,-1.2050762176513672,122
10,6,unpaired_control,c013,-0.6042957305908203,0.6247005462646484,59
11,6,deploy_to_eval,c013,-1.154092788696289,0.6247005462646484,122
11,6,eval_to_deploy,c013,0.8070201873779297,-1.2050762176513672,122
11,6,unpaired_control,c013,-1.842071533203125,0.6247005462646484,59
12,6,deploy_to_eval,c013,-1.7971210479736328,0.6247005462646484,122
12,6,eval_to_deploy,c013,1.6257476806640625,-1.2050762176513672,122
12,6,unpaired_control,c013,-2.530803680419922,0.6247005462646484,59
13,6,deploy_to_eval,c013,-1.839395523071289,0.6247005462646484,122
13,6,eval_to_deploy,c013,1.7061004638671875,-1.2050762176513672,122
13,6,unpaired_control,c013,-2.745485305786133,0.6247005462646484,59
14,6,deploy_to_eval,c013,-1.7201347351074219,0.6247005462646484,122
14,6,eval_to_deploy,c013,1.6669349670410156,-1.2050762176513672,122
14,6,unpaired_control,c013,-2.7149658203125,0.6247005462646484,59
15,6,deploy_to_eval,c013,-1.6534976959228516,0.6247005462646484,122
15,6,eval_to_deploy,c013,1.6502113342285156,-1.2050762176513672,122
15,6,unpaired_control,c013,-2.8067893981933594,0.6247005462646484,59
16,6,deploy_to_eval,c013,-1.764242172241211,0.6247005462646484,122
16,6,eval_to_deploy,c013,1.7731208801269531,-1.2050762176513672,122
16,6,unpaired_control,c013,-3.087373733520508,0.6247005462646484,59
17,6,deploy_to_eval,c013,-1.7736034393310547,0.6247005462646484,122
17,6,eval_to_deploy,c013,1.7446250915527344,-1.2050762176513672,122
17,6,unpaired_control,c013,-3.208127975463867,0.6247005462646484,59
18,6,deploy_to_eval,c013,-1.7769355773925781,0.6247005462646484,122
18,6,eval_to_deploy,c013,1.7536201477050781,-1.2050762176513672,122
18,6,unpaired_control,c013,-3.210390090942383,0.6247005462646484,59
19,6,deploy_to_eval,c013,-1.7961616516113281,0.6247005462646484,122
19,6,eval_to_deploy,c013,1.7822036743164062,-1.2050762176513672,122
19,6,unpaired_control,c013,-3.2105770111083984,0.6247005462646484,59
20,6,deploy_to_eval,c013,-1.7775516510009766,0.6247005462646484,122
20,6,eval_to_deploy,c013,1.7649154663085938,-1.2050762176513672,122
20,6,unpaired_control,c013,-3.2198410034179688,0.6247005462646484,59
21,6,deploy_to_eval,c013,-1.7067413330078125,0.6247005462646484,122
21,6,eval_to_deploy,c013,1.6647911071777344,-1.2050762176513672,122
21,6,unpaired_control,c013,-3.1639251708984375,0.6247005462646484,59
22,6,deploy_to_eval,c013,-1.7089309692382812,0.6247005462646484,122
22,6,eval_to_deploy,c013,1.6630744934082031,-1.2050762176513672,122
22,6,unpaired_control,c013,-3.1326465606689453,0.6247005462646484,59
23,6,deploy_to_eval,c013,-1.6965179443359375,0.6247005462646484,122
23,6,eval_to_deploy,c013,1.6477890014648438,-1.2050762176513672,122
23,6,unpaired_control,c013,-3.1932621002197266,0.6247005462646484,59
24,6,deploy_to_eval,c013,-1.7185649871826172,0.6247005462646484,122
24,6,eval_to_deploy,c013,1.6689434051513672,-1.2050762176513672,122
24,6,unpaired_control,c013,-3.1962108612060547,0.6247005462646484,59
25,6,deploy_to_eval,c013,-1.7521533966064453,0.6247005462646484,122
25,6,eval_to_deploy,c013,1.7196369171142578,-1.2050762176513672,122
25,6,unpaired_control,c013,-3.2400074005126953,0.6247005462646484,59
26,6,deploy_to_eval,c013,-1.7923736572265625,0.6247005462646484,122
26,6,eval_to_deploy,c013,1.7791385650634766,-1.2050762176513672,122
26,6,unpaired_control,c013,-3.228485107421875,0.6247005462646484,59
27,6,deploy_to_eval,c013,-1.8297767639160156,0.6247005462646484,122
27,6,eval_to_deploy,c013,1.8297767639160156,-1.2050762176513672,122
27,6,unpaired_control,c013,-3.1814441680908203,0.6247005462646484,59
0,7,deploy_to_eval,c049,-0.21044921875,-0.39783287048339844,73
0,7,eval_to_deploy,c049,0.19480514526367188,-2.556743621826172,73
0,7,unpaired_control,c049,-0.3770313262939453,-0.39783287048339844,59
1,7,deploy_to_eval,c049,-0.1248779296875,-0.39783287048339844,73
1,7,eval_to_deploy,c049,0.027675628662109375,-2.556743621826172,73
1,7,unpaired_control,c049,-0.5492057800292969,-0.39783287048339844,59
2,7,deploy_to_eval,c049,-0.36058616638183594,-0.39783287048339844,73
2,7,eval_to_deploy,c049,0.2763233184814453,-2.556743621826172,73
2,7,unpaired_control,c049,-0.55548095703125,-0.39783287048339844,59
3,7,deploy_to_eval,c049,-0.3119964599609375,-0.39783287048339844,73
3,7,eval_to_deploy,c049,0.23487091064453125,-2.556743621826172,73
3,7,unpaired_control,c049,-0.3500328063964844,-0.39783287048339844,59
4,7,deploy_to_eval,c049,-0.26609039306640625,-0.39783287048339844,73
4,7,eval_to_deploy,c049,0.1549091339111328,-2.556743621826172,73
4,7,unpaired_control,c049,-0.5991611480712891,-0.39783287048339844,59
5,7,deploy_to_eval,c049,-0.06722640991210938,-0.39783287048339844,73
5,7,eval_to_deploy,c049,-0.04094505310058594,-2.556743621826172,73
5,7,unpaired_control,c049,-0.42429542541503906,-0.39783287048339844,59
6,7,deploy_to_eval,c049,-0.30774879455566406,-0.39783287048339844,73
6,7,eval_to_deploy,c049,-0.023675918579101562,-2.556743621826172,73
6,7,unpaired_control,c049,-0.8448410034179688,-0.39783287048339844,59
7,7,deploy_to_eval,c049,-0.003116607666015625,-0.39783287048339844,73
7,7,eval_to_deploy,c049,-0.24996566772460938,-2.556743621826172,73
7,7,unpaired_control,c049,-0.9338359832763672,-0.39783287048339844,59
8,7,deploy_to_eval,c049,-0.04966163635253906,-0.39783287048339844,73
8,7,eval_to_deploy,c049,-0.37870025634765625,-2.556743621826172,73
8,7,unpaired_control,c049,-1.0225791931152344,-0.39783287048339844,59
9,7,deploy_to_eval,c049,-0.2278575897216797,-0.39783287048339844,73
9,7,eval_to_deploy,c049,-0.14558029174804688,-2.556743621826172,73
9,7,unpaired_control,c049,-1.2368297576904297,-0.39783287048339844,59
10,7,deploy_to_eval,c049,-0.34708595275878906,-0.39783287048339844,73
10,7,eval_to_deploy,c049,-0.00452423095703125,-2.556743621826172,73
10,7,unpaired_control,c049,-1.120981216430664,-0.39783287048339844,59
11,7,deploy_to_eval,c049,-1.0654029846191406,-0.39783287048339844,73
11,7,eval_to_deploy,c049,0.44608497619628906,-2.556743621826172,73
11,7,unpaired_control,c049,-1.9213314056396484,-0.39783287048339844,59
12,7,deploy_to_eval,c049,-1.7129840850830078,-0.39783287048339844,73
12,7,eval_to_deploy,c049,1.1023368835449219,-2.556743621826172,73
12,7,unpaired_control,c049,-2.7439041137695312,-0.39783287048339844,59
13,7,deploy_to_eval,c049,-1.8027305603027344,-0.39783287048339844,73
13,7,eval_to_deploy,c049,1.2714805603027344,-2.556743621826172,73
13,7,unpaired_control,c049,-2.675262451171875,-0.39783287048339844,59
14,7,deploy_to_eval,c049,-1.7913646697998047,-0.39783287048339844,73
14,7,eval_to_deploy,c049,1.483144760131836,-2.556743621826172,73
14,7,unpaired_control,c049,-2.7139415740966797,-0.39783287048339844,59
15,7,deploy_to_eval,c049,-1.842254638671875,-0.39783287048339844,73
15,7,eval_to_deploy,c049,1.6468467712402344,-2.556743621826172,73
15,7,unpaired_control,c049,-2.7321338653564453,-0.39783287048339844,59
16,7,deploy_to_eval,c049,-2.167520523071289,-0.39783287048339844,73
16,7,eval_to_deploy,c049,2.1370849609375,-2.556743621826172,73
16,7,unpaired_control,c049,-2.8573246002197266,-0.39783287048339844,59
17,7,deploy_to_eval,c049,-2.1811351776123047,-0.39783287048339844,73
17,7,eval_to_deploy,c049,2.155963897705078,-2.556743621826172,73
17,7,unpaired_control,c049,-2.86199951171875,-0.39783287048339844,59
18,7,deploy_to_eval,c049,-2.1932296752929688,-0.39783287048339844,73
18,7,eval_to_deploy,c049,2.190336227416992,-2.556743621826172,73
18,7,unpaired_control,c049,-2.8666629791259766,-0.39783287048339844,59
19,7,deploy_to_eval,c049,-2.210498809814453,-0.39783287048339844,73
19,7,eval_to_deploy,c049,2.1947860717773438,-2.556743621826172,73
19,7,unpaired_control,c049,-2.8963279724121094,-0.39783287048339844,59
20,7,deploy_to_eval,c049,-2.169839859008789,-0.39783287048339844,73
20,7,eval_to_deploy,c049,2.156177520751953,-2.556743621826172,73
20,7,unpaired_control,c049,-2.833742141723633,-0.39783287048339844,59
21,7,deploy_to_eval,c049,-2.1555919647216797,-0.39783287048339844,73
21,7,eval_to_deploy,c049,2.179262161254883,-2.556743621826172,73
21,7,unpaired_control,c049,-2.810535430908203,-0.39783287048339844,59
22,7,deploy_to_eval,c049,-2.148405075073242,-0.39783287048339844,73
22,7,eval_to_deploy,c049,2.1726608276367188,-2.556743621826172,73
22,7,unpaired_control,c049,-2.8054943084716797,-0.39783287048339844,59
23,7,deploy_to_eval,c049,-2.152925491333008,-0.39783287048339844,73
23,7,eval_to_deploy,c049,2.1583786010742188,-2.556743621826172,73
23,7,unpaired_control,c049,-2.811016082763672,-0.39783287048339844,59
24,7,deploy_to_eval,c049,-2.155162811279297,-0.39783287048339844,73
24,7,eval_to_deploy,c049,2.1662540435791016,-2.556743621826172,73
24,7,unpaired_control,c049,-2.803670883178711,-0.39783287048339844,59
25,7,deploy_to_eval,c049,-2.1686058044433594,-0.39783287048339844,73
25,7,eval_to_deploy,c049,2.1834068298339844,-2.556743621826172,73
25,7,unpaired_control,c049,-2.799673080444336,-0.39783287048339844,59
26,7,deploy_to_eval,c049,-2.1661529541015625,-0.39783287048339844,73
26,7,eval_to_deploy,c049,2.163389205932617,-2.556743621826172,73
26,7,unpaired_control,c049,-2.8216781616210938,-0.39783287048339844,59
27,7,deploy_to_eval,c049,-2.1589107513427734,-0.39783287048339844,73
27,7,eval_to_deploy,c049,2.1589107513427734,-2.556743621826172,73
27,7,unpaired_control,c049,-2.823728561401367,-0.39783287048339844,59
0,8,deploy_to_eval,c058,-0.12945938110351562,-1.4277706146240234,79
0,8,eval_to_deploy,c058,0.16547012329101562,-3.2215614318847656,79
0,8,unpaired_control,c058,-0.15897750854492188,-1.4277706146240234,59
1,8,deploy_to_eval,c058,-0.2036457061767578,-1.4277706146240234,79
1,8,eval_to_deploy,c058,0.23732757568359375,-3.2215614318847656,79
1,8,unpaired_control,c058,-0.07636070251464844,-1.4277706146240234,59
2,8,deploy_to_eval,c058,-0.31076622009277344,-1.4277706146240234,79
2,8,eval_to_deploy,c058,0.2867851257324219,-3.2215614318847656,79
2,8,unpaired_control,c058,0.00630950927734375,-1.4277706146240234,59
3,8,deploy_to_eval,c058,-0.2917900085449219,-1.4277706146240234,79
3,8,eval_to_deploy,c058,0.3073272705078125,-3.2215614318847656,79
3,8,unpaired_control,c058,0.14651107788085938,-1.4277706146240234,59
4,8,deploy_to_eval,c058,-0.42767906188964844,-1.4277706146240234,79
4,8,eval_to_deploy,c058,0.41372108459472656,-3.2215614318847656,79
4,8,unpaired_control,c058,0.3712310791015625,-1.4277706146240234,59
5,8,deploy_to_eval,c058,-0.38608360290527344,-1.4277706146240234,79
5,8,eval_to_deploy,c058,0.4233894348144531,-3.2215614318847656,79
5,8,unpaired_control,c058,0.24335479736328125,-1.4277706146240234,59
6,8,deploy_to_eval,c058,-0.5070133209228516,-1.4277706146240234,79
6,8,eval_to_deploy,c058,0.5046195983886719,-3.2215614318847656,79
6,8,unpaired_control,c058,0.2631359100341797,-1.4277706146240234,59
7,8,deploy_to_eval,c058,-0.44910621643066406,-1.4277706146240234,79
7,8,eval_to_deploy,c058,0.22636795043945312,-3.2215614318847656,79
7,8,unpaired_control,c058,0.6529006958007812,-1.4277706146240234,59
8,8,deploy_to_eval,c058,-0.4897747039794922,-1.4277706146240234,79
8,8,eval_to_deploy,c058,0.19350051879882812,-3.2215614318847656,79
8,8,unpaired_control,c058,0.695037841796875,-1.4277706146240234,59
9,8,deploy_to_eval,c058,-0.4777965545654297,-1.4277706146240234,79
9,8,eval_to_deploy,c058,0.2850341796875,-3.2215614318847656,79
9,8,unpaired_control,c058,0.7886466979980469,-1.4277706146240234,59
10,8,deploy_to_eval,c058,-0.7319297790527344,-1.4277706146240234,79
10,8,eval_to_deploy,c058,0.47167015075683594,-3.2215614318847656,79
10,8,unpaired_control,c058,0.38124847412109375,-1.4277706146240234,59
11,8,deploy_to_eval,c058,-1.505105972290039,-1.4277706146240234,79
11,8,eval_to_deploy,c058,1.1251087188720703,-3.2215614318847656,79
11,8,unpaired_control,c058,-0.24624061584472656,-1.4277706146240234,59
12,8,deploy_to_eval,c058,-1.6079349517822266,-1.4277706146240234,79
12,8,eval_to_deploy,c058,1.2862129211425781,-3.2215614318847656,79
12,8,unpaired_control,c058,-0.2872028350830078,-1.4277706146240234,59
13,8,deploy_to_eval,c058,-1.6473846435546875,-1.4277706146240234,79
13,8,eval_to_deploy,c058,1.3069572448730469,-3.2215614318847656,79
13,8,unpaired_control,c058,-0.3757762908935547,-1.4277706146240234,59
14,8,deploy_to_eval,c058,-1.6324710845947266,-1.4277706146240234,79
14,8,eval_to_deploy,c058,1.3164024353027344,-3.2215614318847656,79
14,8,unpaired_control,c058,-0.4933128356933594,-1.4277706146240234,59
15,8,deploy_to_eval,c058,-1.6565837860107422,-1.4277706146240234,79
15,8,eval_to_deploy,c058,1.4126167297363281,-3.2215614318847656,79
15,8,unpaired_control,c058,-0.444091796875,-1.4277706146240234,59
16,8,deploy_to_eval,c058,-1.7709426879882812,-1.4277706146240234,79
16,8,eval_to_deploy,c058,1.7558422088623047,-3.2215614318847656,79
16,8,unpaired_control,c058,-0.7803573608398438,-1.4277706146240234,59
17,8,deploy_to_eval,c058,-1.7657585144042969,-1.4277706146240234,79
17,8,eval_to_deploy,c058,1.7504100799560547,-3.2215614318847656,79
17,8,unpaired_control,c058,-0.5739517211914062,-1.4277706146240234,59
18,8,deploy_to_eval,c058,-1.7809391021728516,-1.4277706146240234,79
18,8,eval_to_deploy,c058,1.7588920593261719,-3.2215614318847656,79
18,8,unpaired_control,c058,-0.5906753540039062,-1.4277706146240234,59
19,8,deploy_to_eval,c058,-1.7801952362060547,-1.4277706146240234,79
19,8,eval_to_deploy,c058,1.7678775787353516,-3.2215614318847656,79
19,8,unpaired_control,c058,-0.5547714233398438,-1.4277706146240234,59
20,8,deploy_to_eval,c058,-1.8081722259521484,-1.4277706146240234,79
20,8,eval_to_deploy,c058,1.8028888702392578,-3.2215614318847656,79
20,8,unpaired_control,c058,-0.6136226654052734,-1.4277706146240234,59
21,8,deploy_to_eval,c058,-1.8215408325195312,-1.4277706146240234,79
21,8,eval_to_deploy,c058,1.798177719116211,-3.2215614318847656,79
21,8,unpaired_control,c058,-0.614013671875,-1.4277706146240234,59
22,8,deploy_to_eval,c058,-1.812417984008789,-1.4277706146240234,79
22,8,eval_to_deploy,c058,1.7836894989013672,-3.2215614318847656,79
22,8,unpaired_control,c058,-0.6247367858886719,-1.4277706146240234,59
23,8,deploy_to_eval,c058,-1.8100223541259766,-1.4277706146240234,79
23,8,eval_to_deploy,c058,1.7902450561523438,-3.2215614318847656,79
23,8,unpaired_control,c058,-0.5854778289794922,-1.4277706146240234,59
24,8,deploy_to_eval,c058,-1.8126449584960938,-1.4277706146240234,79
24,8,eval_to_deploy,c058,1.7848224639892578,-3.2215614318847656,79
24,8,unpaired_control,c058,-0.5997848510742188,-1.4277706146240234,59
25,8,deploy_to_eval,c058,-1.808340072631836,-1.4277706146240234,79
25,8,eval_to_deploy,c058,1.7781200408935547,-3.2215614318847656,79
25,8,unpaired_control,c058,-0.5791015625,-1.4277706146240234,59
26,8,deploy_to_eval,c058,-1.7917633056640625,-1.4277706146240234,79
26,8,eval_to_deploy,c058,1.79486083984375,-3.2215614318847656,79
26,8,unpaired_control,c058,-0.5266551971435547,-1.4277706146240234,59
27,8,deploy_to_eval,c058,-1.7937908172607422,-1.4277706146240234,79
27,8,eval_to_deploy,c058,1.7937908172607422,-3.2215614318847656,79
27,8,unpaired_control,c058,-0.5632591247558594,-1.4277706146240234,59
0,9,deploy_to_eval,c024,-0.026018142700195312,-2.250699996948242,116
0,9,eval_to_deploy,c024,-0.025159835815429688,-1.9910297393798828,116
0,9,unpaired_control,c024,-0.04390907287597656,-2.250699996948242,79
1,9,deploy_to_eval,c024,0.12433052062988281,-2.250699996948242,116
1,9,eval_to_deploy,c024,-0.12059593200683594,-1.9910297393798828,116
1,9,unpaired_control,c024,-0.035671234130859375,-2.250699996948242,79
2,9,deploy_to_eval,c024,0.2229766845703125,-2.250699996948242,116
2,9,eval_to_deploy,c024,-0.12942886352539062,-1.9910297393798828,116
2,9,unpaired_control,c024,0.02854156494140625,-2.250699996948242,79
3,9,deploy_to_eval,c024,0.2300701141357422,-2.250699996948242,116
3,9,eval_to_deploy,c024,-0.12409591674804688,-1.9910297393798828,116
3,9,unpaired_control,c024,0.15676307678222656,-2.250699996948242,79
4,9,deploy_to_eval,c024,0.24234390258789062,-2.250699996948242,116
4,9,eval_to_deploy,c024,-0.11992835998535156,-1.9910297393798828,116
4,9,unpaired_control,c024,0.14322280883789062,-2.250699996948242,79
5,9,deploy_to_eval,c024,0.11113357543945312,-2.250699996948242,116
5,9,eval_to_deploy,c024,-0.14500808715820312,-1.9910297393798828,116
5,9,unpaired_control,c024,0.0053615570068359375,-2.250699996948242,79
6,9,deploy_to_eval,c024,0.008481979370117188,-2.250699996948242,116
6,9,eval_to_deploy,c024,-0.15968894958496094,-1.9910297393798828,116
6,9,unpaired_control,c024,-0.09495162963867188,-2.250699996948242,79
7,9,deploy_to_eval,c024,0.08555793762207031,-2.250699996948242,116
7,9,eval_to_deploy,c024,-0.2168254852294922,-1.9910297393798828,116
7,9,unpaired_control,c024,0.05191802978515625,-2.250699996948242,79
8,9,deploy_to_eval,c024,0.18421554565429688,-2.250699996948242,116
8,9,eval_to_deploy,c024,-0.2530021667480469,-1.9910297393798828,116
8,9,unpaired_control,c024,0.06360435485839844,-2.250699996948242,79
9,9,deploy_to_eval,c024,0.22210121154785156,-2.250699996948242,116
9,9,eval_to_deploy,c024,-0.2532997131347656,-1.9910297393798828,116
9,9,unpaired_control,c024,0.18601226806640625,-2.250699996948242,79
10,9,deploy_to_eval,c024,0.34662628173828125,-2.250699996948242,116
10,9,eval_to_deploy,c024,-0.4385414123535156,-1.9910297393798828,116
10,9,unpaired_control,c024,0.2700481414794922,-2.250699996948242,79
11,9,deploy_to_eval,c024,0.28092384338378906,-2.250699996948242,116
11,9,eval_to_deploy,c024,-0.4589729309082031,-1.9910297393798828,116
11,9,unpaired_control,c024,0.20208168029785156,-2.250699996948242,79
12,9,deploy_to_eval,c024,0.2921466827392578,-2.250699996948242,116
12,9,eval_to_deploy,c024,-0.5347270965576172,-1.9910297393798828,116
12,9,unpaired_control,c024,0.21977806091308594,-2.250699996948242,79
13,9,deploy_to_eval,c024,0.3110027313232422,-2.250699996948242,116
13,9,eval_to_deploy,c024,-0.5540027618408203,-1.9910297393798828,116
13,9,unpaired_control,c024,0.19058990478515625,-2.250699996948242,79
14,9,deploy_to_eval,c024,0.35465049743652344,-2.250699996948242,116
14,9,eval_to_deploy,c024,-0.5892009735107422,-1.9910297393798828,116
14,9,unpaired_control,c024,0.25546836853027344,-2.250699996948242,79
15,9,deploy_to_eval,c024,0.345855712890625,-2.250699996948242,116
15,9,eval_to_deploy,c024,-0.5320167541503906,-1.9910297393798828,116
15,9,unpaired_control,c024,0.21442604064941406,-2.250699996948242,79
16,9,deploy_to_eval,c024,0.23766136169433594,-2.250699996948242,116
16,9,eval_to_deploy,c024,-0.2514152526855469,-1.9910297393798828,116
16,9,unpaired_control,c024,0.10506248474121094,-2.250699996948242,79
17,9,deploy_to_eval,c024,0.2445049285888672,-2.250699996948242,116
17,9,eval_to_deploy,c024,-0.25734901428222656,-1.9910297393798828,116
17,9,unpaired_control,c024,0.14294815063476562,-2.250699996948242,79
18,9,deploy_to_eval,c024,0.2460651397705078,-2.250699996948242,116
18,9,eval_to_deploy,c024,-0.2584342956542969,-1.9910297393798828,116
18,9,unpaired_control,c024,0.11549568176269531,-2.250699996948242,79
19,9,deploy_to_eval,c024,0.25308990478515625,-2.250699996948242,116
19,9,eval_to_deploy,c024,-0.27099037170410156,-1.9910297393798828,116
19,9,unpaired_control,c024,0.10478591918945312,-2.250699996948242,79
20,9,deploy_to_eval,c024,0.22479820251464844,-2.250699996948242,116
20,9,eval_to_deploy,c024,-0.2089252471923828,-1.9910297393798828,116
20,9,unpaired_control,c024,0.09501075744628906,-2.250699996948242,79
21,9,deploy_to_eval,c024,0.22517967224121094,-2.250699996948242,116
21,9,eval_to_deploy,c024,-0.20934677124023438,-1.9910297393798828,116
21,9,unpaired_control,c024,0.09281730651855469,-2.250699996948242,79
22,9,deploy_to_eval,c024,0.22545242309570312,-2.250699996948242,116
22,9,eval_to_deploy,c024,-0.2095928192138672,-1.9910297393798828,116
22,9,unpaired_control,c024,0.09972763061523438,-2.250699996948242,79
23,9,deploy_to_eval,c024,0.2243175506591797,-2.250699996948242,116
23,9,eval_to_deploy,c024,-0.2095775604248047,-1.9910297393798828,116
23,9,unpaired_control,c024,0.10144233703613281,-2.250699996948242,79
24,9,deploy_to_eval,c024,0.22317123413085938,-2.250699996948242,116
24,9,eval_to_deploy,c024,-0.2080097198486328,-1.9910297393798828,116
24,9,unpaired_control,c024,0.11297607421875,-2.250699996948242,79
25,9,deploy_to_eval,c024,0.210205078125,-2.250699996948242,116
25,9,eval_to_deploy,c024,-0.1963024139404297,-1.9910297393798828,116
25,9,unpaired_control,c024,0.1252899169921875,-2.250699996948242,79
26,9,deploy_to_eval,c024,0.2216320037841797,-2.250699996948242,116
26,9,eval_to_deploy,c024,-0.21215438842773438,-1.9910297393798828,116
26,9,unpaired_control,c024,0.12376213073730469,-2.250699996948242,79
27,9,deploy_to_eval,c024,0.2596702575683594,-2.250699996948242,116
27,9,eval_to_deploy,c024,-0.2596702575683594,-1.9910297393798828,116
27,9,unpaired_control,c024,0.11330986022949219,-2.250699996948242,79
0,10,deploy_to_eval,c042,-0.00301361083984375,0.1341686248779297,107
0,10,eval_to_deploy,c042,0.07763671875,-2.13739013671875,107
0,10,unpaired_control,c042,-0.04305076599121094,0.1341686248779297,79
1,10,deploy_to_eval,c042,-0.07028007507324219,0.1341686248779297,107
1,10,eval_to_deploy,c042,0.11464500427246094,-2.13739013671875,107
1,10,unpaired_control,c042,-0.10641670227050781,0.1341686248779297,79
2,10,deploy_to_eval,c042,-0.22900390625,0.1341686248779297,107
2,10,eval_to_deploy,c042,0.22129440307617188,-2.13739013671875,107
2,10,unpaired_control,c042,-0.27439308166503906,0.1341686248779297,79
3,10,deploy_to_eval,c042,-0.2651939392089844,0.1341686248779297,107
3,10,eval_to_deploy,c042,0.2551441192626953,-2.13739013671875,107
3,10,unpaired_control,c042,-0.052219390869140625,0.1341686248779297,79
4,10,deploy_to_eval,c042,-0.3274822235107422,0.1341686248779297,107
4,10,eval_to_deploy,c042,0.29796409606933594,-2.13739013671875,107
4,10,unpaired_control,c042,0.1324901580810547,0.1341686248779297,79
5,10,deploy_to_eval,c042,-0.3582611083984375,0.1341686248779297,107
5,10,eval_to_deploy,c042,0.2697277069091797,-2.13739013671875,107
5,10,unpaired_control,c042,0.07741165161132812,0.1341686248779297,79
6,10,deploy_to_eval,c042,-0.4584636688232422,0.1341686248779297,107
6,10,eval_to_deploy,c042,0.31768798828125,-2.13739013671875,107
6,10,unpaired_control,c042,-0.00907135009765625,0.1341686248779297,79
7,10,deploy_to_eval,c042,-0.5989017486572266,0.1341686248779297,107
7,10,eval_to_deploy,c042,0.41335487365722656,-2.13739013671875,107
7,10,unpaired_control,c042,0.05506324768066406,0.1341686248779297,79
8,10,deploy_to_eval,c042,-0.6160697937011719,0.1341686248779297,107
8,10,eval_to_deploy,c042,0.47496795654296875,-2.13739013671875,107
8,10,unpaired_control,c042,0.1433429718017578,0.1341686248779297,79
9,10,deploy_to_eval,c042,-0.7843742370605469,0.1341686248779297,107
9,10,eval_to_deploy,c042,0.4549713134765625,-2.13739013671875,107
9,10,unpaired_control,c042,-0.1636943817138672,0.1341686248779297,79
10,10,deploy_to_eval,c042,-0.6651515960693359,0.1341686248779297,107
10,10,eval_to_deploy,c042,0.3908424377441406,-2.13739013671875,107
10,10,unpaired_control,c042,0.007898330688476562,0.1341686248779297,79
11,10,deploy_to_eval,c042,-1.5767326354980469,0.1341686248779297,107
11,10,eval_to_deploy,c042,1.055490493774414,-2.13739013671875,107
11,10,unpaired_control,c042,-0.8088283538818359,0.1341686248779297,79
12,10,deploy_to_eval,c042,-1.6845932006835938,0.1341686248779297,107
12,10,eval_to_deploy,c042,1.242654800415039,-2.13739013671875,107
12,10,unpaired_control,c042,-1.0505409240722656,0.1341686248779297,79
13,10,deploy_to_eval,c042,-1.713735580444336,0.1341686248779297,107
13,10,eval_to_deploy,c042,1.3194942474365234,-2.13739013671875,107
13,10,unpaired_control,c042,-1.0240516662597656,0.1341686248779297,79
14,10,deploy_to_eval,c042,-1.7185783386230469,0.1341686248779297,107
14,10,eval_to_deploy,c042,1.3980484008789062,-2.13739013671875,107
14,10,unpaired_control,c042,-1.0302867889404297,0.1341686248779297,79
15,10,deploy_to_eval,c042,-1.8563880920410156,0.1341686248779297,107
15,10,eval_to_deploy,c042,1.614858627319336,-2.13739013671875,107
15,10,unpaired_control,c042,-1.1127700805664062,0.1341686248779297,79
16,10,deploy_to_eval,c042,-2.2197399139404297,0.1341686248779297,107
16,10,eval_to_deploy,c042,2.186403274536133,-2.13739013671875,107
16,10,unpaired_control,c042,-1.4611949920654297,0.1341686248779297,79
17,10,deploy_to_eval,c042,-2.235330581665039,0.1341686248779297,107
17,10,eval_to_deploy,c042,2.2048587799072266,-2.13739013671875,107
17,10,unpaired_control,c042,-1.474008560180664,0.1341686248779297,79
18,10,deploy_to_eval,c042,-2.2528247833251953,0.1341686248779297,107
18,10,eval_to_deploy,c042,2.211790084838867,-2.13739013671875,107
18,10,unpaired_control,c042,-1.4963188171386719,0.1341686248779297,79
19,10,deploy_to_eval,c042,-2.2621326446533203,0.1341686248779297,107
19,10,eval_to_deploy,c042,2.2207069396972656,-2.13739013671875,107
19,10,unpaired_control,c042,-1.5072212219238281,0.1341686248779297,79
20,10,deploy_to_eval,c042,-2.2760772705078125,0.1341686248779297,107
20,10,eval_to_deploy,c042,2.1797523498535156,-2.13739013671875,107
20,10,unpaired_control,c042,-1.5059394836425781,0.1341686248779297,79
21,10,deploy_to_eval,c042,-2.2818126678466797,0.1341686248779297,107
21,10,eval_to_deploy,c042,2.2873687744140625,-2.13739013671875,107
21,10,unpaired_control,c042,-1.5273017883300781,0.1341686248779297,79
22,10,deploy_to_eval,c042,-2.278715133666992,0.1341686248779297,107
22,10,eval_to_deploy,c042,2.2822132110595703,-2.13739013671875,107
22,10,unpaired_control,c042,-1.5304431915283203,0.1341686248779297,79
23,10,deploy_to_eval,c042,-2.2804107666015625,0.1341686248779297,107
23,10,eval_to_deploy,c042,2.2869510650634766,-2.13739013671875,107
23,10,unpaired_control,c042,-1.526407241821289,0.1341686248779297,79
24,10,deploy_to_eval,c042,-2.2770824432373047,0.1341686248779297,107
24,10,eval_to_deploy,c042,2.273813247680664,-2.13739013671875,107
24,10,unpaired_control,c042,-1.5275688171386719,0.1341686248779297,79
25,10,deploy_to_eval,c042,-2.2785797119140625,0.1341686248779297,107
25,10,eval_to_deploy,c042,2.272785186767578,-2.13739013671875,107
25,10,unpaired_control,c042,-1.5466041564941406,0.1341686248779297,79
26,10,deploy_to_eval,c042,-2.254901885986328,0.1341686248779297,107
26,10,eval_to_deploy,c042,2.2296524047851562,-2.13739013671875,107
26,10,unpaired_control,c042,-1.50823974609375,0.1341686248779297,79
27,10,deploy_to_eval,c042,-2.2715587615966797,0.1341686248779297,107
27,10,eval_to_deploy,c042,2.2715587615966797,-2.13739013671875,107
27,10,unpaired_control,c042,-1.4590091705322266,0.1341686248779297,79
0,11,deploy_to_eval,c047,-0.03136253356933594,-0.9358978271484375,128
0,11,eval_to_deploy,c047,0.05476188659667969,-1.3248405456542969,128
0,11,unpaired_control,c047,0.01692962646484375,-0.9358978271484375,79
1,11,deploy_to_eval,c047,-0.020603179931640625,-0.9358978271484375,128
1,11,eval_to_deploy,c047,0.0352935791015625,-1.3248405456542969,128
1,11,unpaired_control,c047,0.012460708618164062,-0.9358978271484375,79
2,11,deploy_to_eval,c047,0.041194915771484375,-0.9358978271484375,128
2,11,eval_to_deploy,c047,-0.08335113525390625,-1.3248405456542969,128
2,11,unpaired_control,c047,-0.07890510559082031,-0.9358978271484375,79
3,11,deploy_to_eval,c047,0.10000991821289062,-0.9358978271484375,128
3,11,eval_to_deploy,c047,-0.10627174377441406,-1.3248405456542969,128
3,11,unpaired_control,c047,-0.3483772277832031,-0.9358978271484375,79
4,11,deploy_to_eval,c047,0.11668205261230469,-0.9358978271484375,128
4,11,eval_to_deploy,c047,-0.13692283630371094,-1.3248405456542969,128
4,11,unpaired_control,c047,-0.37332916259765625,-0.9358978271484375,79
5,11,deploy_to_eval,c047,0.235687255859375,-0.9358978271484375,128
5,11,eval_to_deploy,c047,-0.25174903869628906,-1.3248405456542969,128
5,11,unpaired_control,c047,-0.41466522216796875,-0.9358978271484375,79
6,11,deploy_to_eval,c047,0.2687263488769531,-0.9358978271484375,128
6,11,eval_to_deploy,c047,-0.28208160400390625,-1.3248405456542969,128
6,11,unpaired_control,c047,-0.4777946472167969,-0.9358978271484375,79
7,11,deploy_to_eval,c047,0.5056400299072266,-0.9358978271484375,128
7,11,eval_to_deploy,c047,-0.4814414978027344,-1.3248405456542969,128
7,11,unpaired_control,c047,-0.35003662109375,-0.9358978271484375,79
8,11,deploy_to_eval,c047,0.6679897308349609,-0.9358978271484375,128
8,11,eval_to_deploy,c047,-0.5520286560058594,-1.3248405456542969,128
8,11,unpaired_control,c047,-0.124786376953125,-0.9358978271484375,79
9,11,deploy_to_eval,c047,0.7232418060302734,-0.9358978271484375,128
9,11,eval_to_deploy,c047,-0.5023326873779297,-1.3248405456542969,128
9,11,unpaired_control,c047,-0.050418853759765625,-0.9358978271484375,79
10,11,deploy_to_eval,c047,0.6719303131103516,-0.9358978271484375,128
10,11,eval_to_deploy,c047,-0.5350761413574219,-1.3248405456542969,128
10,11,unpaired_control,c047,-0.172210693359375,-0.9358978271484375,79
11,11,deploy_to_eval,c047,-0.08142852783203125,-0.9358978271484375,128
11,11,eval_to_deploy,c047,0.059497833251953125,-1.3248405456542969,128
11,11,unpaired_control,c047,-1.236196517944336,-0.9358978271484375,79
12,11,deploy_to_eval,c047,-0.20352745056152344,-0.9358978271484375,128
12,11,eval_to_deploy,c047,0.15303802490234375,-1.3248405456542969,128
12,11,unpaired_control,c047,-1.52166748046875,-0.9358978271484375,79
13,11,deploy_to_eval,c047,-0.23107528686523438,-0.9358978271484375,128
13,11,eval_to_deploy,c047,0.19321060180664062,-1.3248405456542969,128
13,11,unpaired_control,c047,-1.550455093383789,-0.9358978271484375,79
14,11,deploy_to_eval,c047,-0.19155120849609375,-0.9358978271484375,128
14,11,eval_to_deploy,c047,0.1691722869873047,-1.3248405456542969,128
14,11,unpaired_control,c047,-1.4873428344726562,-0.9358978271484375,79
15,11,deploy_to_eval,c047,-0.1628398895263672,-0.9358978271484375,128
15,11,eval_to_deploy,c047,0.1586761474609375,-1.3248405456542969,128
15,11,unpaired_control,c047,-1.4933891296386719,-0.9358978271484375,79
16,11,deploy_to_eval,c047,-0.4369049072265625,-0.9358978271484375,128
16,11,eval_to_deploy,c047,0.4478950500488281,-1.3248405456542969,128
16,11,unpaired_control,c047,-1.6138477325439453,-0.9358978271484375,79
17,11,deploy_to_eval,c047,-0.4309654235839844,-0.9358978271484375,128
17,11,eval_to_deploy,c047,0.43747711181640625,-1.3248405456542969,128
17,11,unpaired_control,c047,-1.6539840698242188,-0.9358978271484375,79
18,11,deploy_to_eval,c047,-0.4299736022949219,-0.9358978271484375,128
18,11,eval_to_deploy,c047,0.4321746826171875,-1.3248405456542969,128
18,11,unpaired_control,c047,-1.655588150024414,-0.9358978271484375,79
19,11,deploy_to_eval,c047,-0.43938446044921875,-0.9358978271484375,128
19,11,eval_to_deploy,c047,0.43958282470703125,-1.3248405456542969,128
19,11,unpaired_control,c047,-1.6781482696533203,-0.9358978271484375,79
20,11,deploy_to_eval,c047,-0.4436054229736328,-0.9358978271484375,128
20,11,eval_to_deploy,c047,0.4373302459716797,-1.3248405456542969,128
20,11,unpaired_control,c047,-1.73028564453125,-0.9358978271484375,79
21,11,deploy_to_eval,c047,-0.46073341369628906,-0.9358978271484375,128
21,11,eval_to_deploy,c047,0.4458580017089844,-1.3248405456542969,128
21,11,unpaired_control,c047,-1.7317314147949219,-0.9358978271484375,79
22,11,deploy_to_eval,c047,-0.4571380615234375,-0.9358978271484375,128
22,11,eval_to_deploy,c047,0.4404277801513672,-1.3248405456542969,128
22,11,unpaired_control,c047,-1.7343711853027344,-0.9358978271484375,79
23,11,deploy_to_eval,c047,-0.4598236083984375,-0.9358978271484375,128
23,11,eval_to_deploy,c047,0.44911766052246094,-1.3248405456542969,128
23,11,unpaired_control,c047,-1.7510452270507812,-0.9358978271484375,79
24,11,deploy_to_eval,c047,-0.45774269104003906,-0.9358978271484375,128
24,11,eval_to_deploy,c047,0.44747161865234375,-1.3248405456542969,128
24,11,unpaired_control,c047,-1.7595291137695312,-0.9358978271484375,79
25,11,deploy_to_eval,c047,-0.4476509094238281,-0.9358978271484375,128
25,11,eval_to_deploy,c047,0.43869972229003906,-1.3248405456542969,128
25,11,unpaired_control,c047,-1.745035171508789,-0.9358978271484375,79
26,11,deploy_to_eval,c047,-0.4355030059814453,-0.9358978271484375,128
26,11,eval_to_deploy,c047,0.4329490661621094,-1.3248405456542969,128
26,11,unpaired_control,c047,-1.7438411712646484,-0.9358978271484375,79
27,11,deploy_to_eval,c047,-0.3889427185058594,-0.9358978271484375,128
27,11,eval_to_deploy,c047,0.3889427185058594,-1.3248405456542969,128
27,11,unpaired_control,c047,-1.7180538177490234,-0.9358978271484375,79
0,12,deploy_to_eval,c043,0.014545440673828125,-1.9955158233642578,108
0,12,eval_to_deploy,c043,-0.0834808349609375,-2.653951644897461,108
0,12,unpaired_control,c043,-0.12004852294921875,-1.9955158233642578,79
1,12,deploy_to_eval,c043,0.0071811676025390625,-1.9955158233642578,108
1,12,eval_to_deploy,c043,0.00226593017578125,-2.653951644897461,108
1,12,unpaired_control,c043,-0.28250694274902344,-1.9955158233642578,79
2,12,deploy_to_eval,c043,-0.12973403930664062,-1.9955158233642578,108
2,12,eval_to_deploy,c043,0.32795143127441406,-2.653951644897461,108
2,12,unpaired_control,c043,-0.193359375,-1.9955158233642578,79
3,12,deploy_to_eval,c043,-0.10461807250976562,-1.9955158233642578,108
3,12,eval_to_deploy,c043,0.24752044677734375,-2.653951644897461,108
3,12,unpaired_control,c043,0.03867530822753906,-1.9955158233642578,79
4,12,deploy_to_eval,c043,-0.0001811981201171875,-1.9955158233642578,108
4,12,eval_to_deploy,c043,0.14435958862304688,-2.653951644897461,108
4,12,unpaired_control,c043,0.031604766845703125,-1.9955158233642578,79
5,12,deploy_to_eval,c043,0.13190650939941406,-1.9955158233642578,108
5,12,eval_to_deploy,c043,-0.233856201171875,-2.653951644897461,108
5,12,unpaired_control,c043,0.5025215148925781,-1.9955158233642578,79
6,12,deploy_to_eval,c043,0.6489524841308594,-1.9955158233642578,108
6,12,eval_to_deploy,c043,-0.3733100891113281,-2.653951644897461,108
6,12,unpaired_control,c043,1.1446189880371094,-1.9955158233642578,79
7,12,deploy_to_eval,c043,0.9580249786376953,-1.9955158233642578,108
7,12,eval_to_deploy,c043,-0.5473499298095703,-2.653951644897461,108
7,12,unpaired_control,c043,1.2949562072753906,-1.9955158233642578,79
8,12,deploy_to_eval,c043,1.0198478698730469,-1.9955158233642578,108
8,12,eval_to_deploy,c043,-0.5965023040771484,-2.653951644897461,108
8,12,unpaired_control,c043,1.3025703430175781,-1.9955158233642578,79
9,12,deploy_to_eval,c043,0.7011623382568359,-1.9955158233642578,108
9,12,eval_to_deploy,c043,-0.5030097961425781,-2.653951644897461,108
9,12,unpaired_control,c043,0.9995193481445312,-1.9955158233642578,79
10,12,deploy_to_eval,c043,0.5191287994384766,-1.9955158233642578,108
10,12,eval_to_deploy,c043,-0.4724998474121094,-2.653951644897461,108
10,12,unpaired_control,c043,0.9020900726318359,-1.9955158233642578,79
11,12,deploy_to_eval,c043,-0.5295944213867188,-1.9955158233642578,108
11,12,eval_to_deploy,c043,0.3600482940673828,-2.653951644897461,108
11,12,unpaired_control,c043,0.10253143310546875,-1.9955158233642578,79
12,12,deploy_to_eval,c043,-0.5525741577148438,-1.9955158233642578,108
12,12,eval_to_deploy,c043,0.4354877471923828,-2.653951644897461,108
12,12,unpaired_control,c043,0.1325702667236328,-1.9955158233642578,79
13,12,deploy_to_eval,c043,-0.5874252319335938,-1.9955158233642578,108
13,12,eval_to_deploy,c043,0.4465770721435547,-2.653951644897461,108
13,12,unpaired_control,c043,-0.03533363342285156,-1.9955158233642578,79
14,12,deploy_to_eval,c043,-0.6085262298583984,-1.9955158233642578,108
14,12,eval_to_deploy,c043,0.5716781616210938,-2.653951644897461,108
14,12,unpaired_control,c043,-0.03300285339355469,-1.9955158233642578,79
15,12,deploy_to_eval,c043,-0.6621723175048828,-1.9955158233642578,108
15,12,eval_to_deploy,c043,0.6259098052978516,-2.653951644897461,108
15,12,unpaired_control,c043,-0.14734840393066406,-1.9955158233642578,79
16,12,deploy_to_eval,c043,-0.6821498870849609,-1.9955158233642578,108
16,12,eval_to_deploy,c043,0.7044677734375,-2.653951644897461,108
16,12,unpaired_control,c043,-0.22930335998535156,-1.9955158233642578,79
17,12,deploy_to_eval,c043,-0.6758098602294922,-1.9955158233642578,108
17,12,eval_to_deploy,c043,0.6611366271972656,-2.653951644897461,108
17,12,unpaired_control,c043,-0.3111858367919922,-1.9955158233642578,79
18,12,deploy_to_eval,c043,-0.6805362701416016,-1.9955158233642578,108
18,12,eval_to_deploy,c043,0.6597480773925781,-2.653951644897461,108
18,12,unpaired_control,c043,-0.33872032165527344,-1.9955158233642578,79
19,12,deploy_to_eval,c043,-0.6787624359130859,-1.9955158233642578,108
19,12,eval_to_deploy,c043,0.6576061248779297,-2.653951644897461,108
19,12,unpaired_control,c043,-0.34388160705566406,-1.9955158233642578,79
20,12,deploy_to_eval,c043,-0.6960220336914062,-1.9955158233642578,108
20,12,eval_to_deploy,c043,0.6996994018554688,-2.653951644897461,108
20,12,unpaired_control,c043,-0.37033843994140625,-1.9955158233642578,79
21,12,deploy_to_eval,c043,-0.6953544616699219,-1.9955158233642578,108
21,12,eval_to_deploy,c043,0.707275390625,-2.653951644897461,108
21,12,unpaired_control,c043,-0.3625659942626953,-1.9955158233642578,79
22,12,deploy_to_eval,c043,-0.6959705352783203,-1.9955158233642578,108
22,12,eval_to_deploy,c043,0.7093353271484375,-2.653951644897461,108
22,12,unpaired_control,c043,-0.3521842956542969,-1.9955158233642578,79
23,12,deploy_to_eval,c043,-0.6916275024414062,-1.9955158233642578,108
23,12,eval_to_deploy,c043,0.7057819366455078,-2.653951644897461,108
23,12,unpaired_control,c043,-0.3506450653076172,-1.9955158233642578,79
24,12,deploy_to_eval,c043,-0.6950759887695312,-1.9955158233642578,108
24,12,eval_to_deploy,c043,0.7065315246582031,-2.653951644897461,108
24,12,unpaired_control,c043,-0.3604316711425781,-1.9955158233642578,79
25,12,deploy_to_eval,c043,-0.6847705841064453,-1.9955158233642578,108
25,12,eval_to_deploy,c043,0.6953010559082031,-2.653951644897461,108
25,12,unpaired_control,c043,-0.3726024627685547,-1.9955158233642578,79
26,12,deploy_to_eval,c043,-0.69244384765625,-1.9955158233642578,108
26,12,eval_to_deploy,c043,0.7031764984130859,-2.653951644897461,108
26,12,unpaired_control,c043,-0.39791107177734375,-1.9955158233642578,79
27,12,deploy_to_eval,c043,-0.6584358215332031,-1.9955158233642578,108
27,12,eval_to_deploy,c043,0.6584358215332031,-2.653951644897461,108
27,12,unpaired_control,c043,-0.3668632507324219,-1.9955158233642578,79
0,13,deploy_to_eval,c003,0.011922836303710938,-1.1662311553955078,105
0,13,eval_to_deploy,c003,0.08743476867675781,-2.3623790740966797,105
0,13,unpaired_control,c003,-0.009939193725585938,-1.1662311553955078,79
1,13,deploy_to_eval,c003,-0.12187004089355469,-1.1662311553955078,105
1,13,eval_to_deploy,c003,0.18141937255859375,-2.3623790740966797,105
1,13,unpaired_control,c003,-0.12012672424316406,-1.1662311553955078,79
2,13,deploy_to_eval,c003,-0.06436729431152344,-1.1662311553955078,105
2,13,eval_to_deploy,c003,0.2041797637939453,-2.3623790740966797,105
2,13,unpaired_control,c003,-0.26503753662109375,-1.1662311553955078,79
3,13,deploy_to_eval,c003,-0.13843727111816406,-1.1662311553955078,105
3,13,eval_to_deploy,c003,0.2884635925292969,-2.3623790740966797,105
3,13,unpaired_control,c003,-0.3895301818847656,-1.1662311553955078,79
4,13,deploy_to_eval,c003,-0.25048065185546875,-1.1662311553955078,105
4,13,eval_to_deploy,c003,0.3363761901855469,-2.3623790740966797,105
4,13,unpaired_control,c003,-0.49854087829589844,-1.1662311553955078,79
5,13,deploy_to_eval,c003,-0.2040119171142578,-1.1662311553955078,105
5,13,eval_to_deploy,c003,0.2883644104003906,-2.3623790740966797,105
5,13,unpaired_control,c003,-0.5551872253417969,-1.1662311553955078,79
6,13,deploy_to_eval,c003,-0.25685691833496094,-1.1662311553955078,105
6,13,eval_to_deploy,c003,0.30890464782714844,-2.3623790740966797,105
6,13,unpaired_control,c003,-0.6178112030029297,-1.1662311553955078,79
7,13,deploy_to_eval,c003,-0.26111793518066406,-1.1662311553955078,105
7,13,eval_to_deploy,c003,0.22626686096191406,-2.3623790740966797,105
7,13,unpaired_control,c003,-0.7420520782470703,-1.1662311553955078,79
8,13,deploy_to_eval,c003,-0.2402782440185547,-1.1662311553955078,105
8,13,eval_to_deploy,c003,0.24309158325195312,-2.3623790740966797,105
8,13,unpaired_control,c003,-0.7732563018798828,-1.1662311553955078,79
9,13,deploy_to_eval,c003,-0.3132438659667969,-1.1662311553955078,105
9,13,eval_to_deploy,c003,0.27890586853027344,-2.3623790740966797,105
9,13,unpaired_control,c003,-0.7420825958251953,-1.1662311553955078,79
10,13,deploy_to_eval,c003,-0.30735015869140625,-1.1662311553955078,105
10,13,eval_to_deploy,c003,0.3787498474121094,-2.3623790740966797,105
10,13,unpaired_control,c003,-0.8748397827148438,-1.1662311553955078,79
11,13,deploy_to_eval,c003,-0.9187717437744141,-1.1662311553955078,105
11,13,eval_to_deploy,c003,0.9755172729492188,-2.3623790740966797,105
11,13,unpaired_control,c003,-1.2561664581298828,-1.1662311553955078,79
12,13,deploy_to_eval,c003,-0.8259506225585938,-1.1662311553955078,105
12,13,eval_to_deploy,c003,0.8918952941894531,-2.3623790740966797,105
12,13,unpaired_control,c003,-1.3280963897705078,-1.1662311553955078,79
13,13,deploy_to_eval,c003,-0.8471298217773438,-1.1662311553955078,105
13,13,eval_to_deploy,c003,0.8960418701171875,-2.3623790740966797,105
13,13,unpaired_control,c003,-1.331787109375,-1.1662311553955078,79
14,13,deploy_to_eval,c003,-0.8033866882324219,-1.1662311553955078,105
14,13,eval_to_deploy,c003,0.8646945953369141,-2.3623790740966797,105
14,13,unpaired_control,c003,-1.226755142211914,-1.1662311553955078,79
15,13,deploy_to_eval,c003,-0.7930221557617188,-1.1662311553955078,105
15,13,eval_to_deploy,c003,0.8707427978515625,-2.3623790740966797,105
15,13,unpaired_control,c003,-1.2633323669433594,-1.1662311553955078,79
16,13,deploy_to_eval,c003,-1.0577163696289062,-1.1662311553955078,105
16,13,eval_to_deploy,c003,1.153970718383789,-2.3623790740966797,105
16,13,unpaired_control,c003,-1.4308528900146484,-1.1662311553955078,79
17,13,deploy_to_eval,c003,-1.107208251953125,-1.1662311553955078,105
17,13,eval_to_deploy,c003,1.1820411682128906,-2.3623790740966797,105
17,13,unpaired_control,c003,-1.4774742126464844,-1.1662311553955078,79
18,13,deploy_to_eval,c003,-1.1240825653076172,-1.1662311553955078,105
18,13,eval_to_deploy,c003,1.1707706451416016,-2.3623790740966797,105
18,13,unpaired_control,c003,-1.4987258911132812,-1.1662311553955078,79
19,13,deploy_to_eval,c003,-1.1268367767333984,-1.1662311553955078,105
19,13,eval_to_deploy,c003,1.1549530029296875,-2.3623790740966797,105
19,13,unpaired_control,c003,-1.494455337524414,-1.1662311553955078,79
20,13,deploy_to_eval,c003,-1.1592235565185547,-1.1662311553955078,105
20,13,eval_to_deploy,c003,1.1719722747802734,-2.3623790740966797,105
20,13,unpaired_control,c003,-1.4912166595458984,-1.1662311553955078,79
21,13,deploy_to_eval,c003,-1.167276382446289,-1.1662311553955078,105
21,13,eval_to_deploy,c003,1.1791000366210938,-2.3623790740966797,105
21,13,unpaired_control,c003,-1.4848461151123047,-1.1662311553955078,79
22,13,deploy_to_eval,c003,-1.1560497283935547,-1.1662311553955078,105
22,13,eval_to_deploy,c003,1.1726741790771484,-2.3623790740966797,105
22,13,unpaired_control,c003,-1.4849376678466797,-1.1662311553955078,79
23,13,deploy_to_eval,c003,-1.160451889038086,-1.1662311553955078,105
23,13,eval_to_deploy,c003,1.175710678100586,-2.3623790740966797,105
23,13,unpaired_control,c003,-1.4879894256591797,-1.1662311553955078,79
24,13,deploy_to_eval,c003,-1.1594486236572266,-1.1662311553955078,105
24,13,eval_to_deploy,c003,1.174337387084961,-2.3623790740966797,105
24,13,unpaired_control,c003,-1.4888420104980469,-1.1662311553955078,79
25,13,deploy_to_eval,c003,-1.1834125518798828,-1.1662311553955078,105
25,13,eval_to_deploy,c003,1.2007789611816406,-2.3623790740966797,105
25,13,unpaired_control,c003,-1.5049514770507812,-1.1662311553955078,79
26,13,deploy_to_eval,c003,-1.1862316131591797,-1.1662311553955078,105
26,13,eval_to_deploy,c003,1.183969497680664,-2.3623790740966797,105
26,13,unpaired_control,c003,-1.4953441619873047,-1.1662311553955078,79
27,13,deploy_to_eval,c003,-1.1961479187011719,-1.1662311553955078,105
27,13,eval_to_deploy,c003,1.1961479187011719,-2.3623790740966797,105
27,13,unpaired_control,c003,-1.5538959503173828,-1.1662311553955078,79
0,14,deploy_to_eval,c041,0.039554595947265625,-1.1922550201416016,125
0,14,eval_to_deploy,c041,0.012125015258789062,-2.7201271057128906,125
0,14,unpaired_control,c041,-0.06645011901855469,-1.1922550201416016,59
1,14,deploy_to_eval,c041,0.07008552551269531,-1.1922550201416016,125
1,14,eval_to_deploy,c041,0.012340545654296875,-2.7201271057128906,125
1,14,unpaired_control,c041,-0.21213150024414062,-1.1922550201416016,59
2,14,deploy_to_eval,c041,0.1301250457763672,-1.1922550201416016,125
2,14,eval_to_deploy,c041,-0.004802703857421875,-2.7201271057128906,125
2,14,unpaired_control,c041,-0.3496837615966797,-1.1922550201416016,59
3,14,deploy_to_eval,c041,0.14455795288085938,-1.1922550201416016,125
3,14,eval_to_deploy,c041,0.07925796508789062,-2.7201271057128906,125
3,14,unpaired_control,c041,0.021928787231445312,-1.1922550201416016,59
4,14,deploy_to_eval,c041,0.1667652130126953,-1.1922550201416016,125
4,14,eval_to_deploy,c041,0.066650390625,-2.7201271057128906,125
4,14,unpaired_control,c041,0.3347454071044922,-1.1922550201416016,59
5,14,deploy_to_eval,c041,0.21025848388671875,-1.1922550201416016,125
5,14,eval_to_deploy,c041,0.10067558288574219,-2.7201271057128906,125
5,14,unpaired_control,c041,0.24152755737304688,-1.1922550201416016,59
6,14,deploy_to_eval,c041,-0.18666839599609375,-1.1922550201416016,125
6,14,eval_to_deploy,c041,0.11773300170898438,-2.7201271057128906,125
6,14,unpaired_control,c041,-0.3881797790527344,-1.1922550201416016,59
7,14,deploy_to_eval,c041,-0.5438346862792969,-1.1922550201416016,125
7,14,eval_to_deploy,c041,0.16194725036621094,-2.7201271057128906,125
7,14,unpaired_control,c041,-0.35717010498046875,-1.1922550201416016,59
8,14,deploy_to_eval,c041,-0.5567874908447266,-1.1922550201416016,125
8,14,eval_to_deploy,c041,0.20328330993652344,-2.7201271057128906,125
8,14,unpaired_control,c041,-0.2986125946044922,-1.1922550201416016,59
9,14,deploy_to_eval,c041,-0.6105766296386719,-1.1922550201416016,125
9,14,eval_to_deploy,c041,0.3667449951171875,-2.7201271057128906,125
9,14,unpaired_control,c041,-0.6412925720214844,-1.1922550201416016,59
10,14,deploy_to_eval,c041,-0.8747520446777344,-1.1922550201416016,125
10,14,eval_to_deploy,c041,0.7330551147460938,-2.7201271057128906,125
10,14,unpaired_control,c041,-0.36833763122558594,-1.1922550201416016,59
11,14,deploy_to_eval,c041,-1.129598617553711,-1.1922550201416016,125
11,14,eval_to_deploy,c041,0.8725986480712891,-2.7201271057128906,125
11,14,unpaired_control,c041,-0.6598949432373047,-1.1922550201416016,59
12,14,deploy_to_eval,c041,-1.2125473022460938,-1.1922550201416016,125
12,14,eval_to_deploy,c041,0.9518699645996094,-2.7201271057128906,125
12,14,unpaired_control,c041,-0.3761272430419922,-1.1922550201416016,59
13,14,deploy_to_eval,c041,-1.2296123504638672,-1.1922550201416016,125
13,14,eval_to_deploy,c041,0.9837779998779297,-2.7201271057128906,125
13,14,unpaired_control,c041,-0.5501384735107422,-1.1922550201416016,59
14,14,deploy_to_eval,c041,-1.216451644897461,-1.1922550201416016,125
14,14,eval_to_deploy,c041,1.1373519897460938,-2.7201271057128906,125
14,14,unpaired_control,c041,-0.4323844909667969,-1.1922550201416016,59
15,14,deploy_to_eval,c041,-1.3469085693359375,-1.1922550201416016,125
15,14,eval_to_deploy,c041,1.2589530944824219,-2.7201271057128906,125
15,14,unpaired_control,c041,-0.49809837341308594,-1.1922550201416016,59
16,14,deploy_to_eval,c041,-1.508035659790039,-1.1922550201416016,125
16,14,eval_to_deploy,c041,1.6146068572998047,-2.7201271057128906,125
16,14,unpaired_control,c041,-0.9089126586914062,-1.1922550201416016,59
17,14,deploy_to_eval,c041,-1.55078125,-1.1922550201416016,125
17,14,eval_to_deploy,c041,1.652099609375,-2.7201271057128906,125
17,14,unpaired_control,c041,-1.0803794860839844,-1.1922550201416016,59
18,14,deploy_to_eval,c041,-1.5432395935058594,-1.1922550201416016,125
18,14,eval_to_deploy,c041,1.6222076416015625,-2.7201271057128906,125
18,14,unpaired_control,c041,-0.9758415222167969,-1.1922550201416016,59
19,14,deploy_to_eval,c041,-1.5475330352783203,-1.1922550201416016,125
19,14,eval_to_deploy,c041,1.6166801452636719,-2.7201271057128906,125
19,14,unpaired_control,c041,-0.9738101959228516,-1.1922550201416016,59
20,14,deploy_to_eval,c041,-1.5594310760498047,-1.1922550201416016,125
20,14,eval_to_deploy,c041,1.5503387451171875,-2.7201271057128906,125
20,14,unpaired_control,c041,-0.9611759185791016,-1.1922550201416016,59
21,14,deploy_to_eval,c041,-1.5705413818359375,-1.1922550201416016,125
21,14,eval_to_deploy,c041,1.6018562316894531,-2.7201271057128906,125
21,14,unpaired_control,c041,-0.9222011566162109,-1.1922550201416016,59
22,14,deploy_to_eval,c041,-1.5634822845458984,-1.1922550201416016,125
22,14,eval_to_deploy,c041,1.588552474975586,-2.7201271057128906,125
22,14,unpaired_control,c041,-0.9143180847167969,-1.1922550201416016,59
23,14,deploy_to_eval,c041,-1.5747413635253906,-1.1922550201416016,125
23,14,eval_to_deploy,c041,1.6131439208984375,-2.7201271057128906,125
23,14,unpaired_control,c041,-0.9684944152832031,-1.1922550201416016,59
24,14,deploy_to_eval,c041,-1.539804458618164,-1.1922550201416016,125
24,14,eval_to_deploy,c041,1.562112808227539,-2.7201271057128906,125
24,14,unpaired_control,c041,-0.95721435546875,-1.1922550201416016,59
25,14,deploy_to_eval,c041,-1.578317642211914,-1.1922550201416016,125
25,14,eval_to_deploy,c041,1.6122970581054688,-2.7201271057128906,125
25,14,unpaired_control,c041,-1.053243637084961,-1.1922550201416016,59
26,14,deploy_to_eval,c041,-1.5678443908691406,-1.1922550201416016,125
26,14,eval_to_deploy,c041,1.5846729278564453,-2.7201271057128906,125
26,14,unpaired_control,c041,-1.0399723052978516,-1.1922550201416016,59
27,14,deploy_to_eval,c041,-1.527872085571289,-1.1922550201416016,125
27,14,eval_to_deploy,c041,1.527872085571289,-2.7201271057128906,125
27,14,unpaired_control,c041,-0.9447765350341797,-1.1922550201416016,59
0,15,deploy_to_eval,c008,0.032604217529296875,-1.9756412506103516,73
0,15,eval_to_deploy,c008,-0.0048427581787109375,-2.1370315551757812,73
0,15,unpaired_control,c008,0.03991508483886719,-1.9756412506103516,59
1,15,deploy_to_eval,c008,-0.018890380859375,-1.9756412506103516,73
1,15,eval_to_deploy,c008,0.012861251831054688,-2.1370315551757812,73
1,15,unpaired_control,c008,0.053394317626953125,-1.9756412506103516,59
2,15,deploy_to_eval,c008,0.035717010498046875,-1.9756412506103516,73
2,15,eval_to_deploy,c008,-0.0033740997314453125,-2.1370315551757812,73
2,15,unpaired_control,c008,0.28679466247558594,-1.9756412506103516,59
3,15,deploy_to_eval,c008,0.13761138916015625,-1.9756412506103516,73
3,15,eval_to_deploy,c008,-0.04840087890625,-2.1370315551757812,73
3,15,unpaired_control,c008,0.4390983581542969,-1.9756412506103516,59
4,15,deploy_to_eval,c008,0.13196754455566406,-1.9756412506103516,73
4,15,eval_to_deploy,c008,-0.00589752197265625,-2.1370315551757812,73
4,15,unpaired_control,c008,0.5198688507080078,-1.9756412506103516,59
5,15,deploy_to_eval,c008,0.09446144104003906,-1.9756412506103516,73
5,15,eval_to_deploy,c008,-0.0241851806640625,-2.1370315551757812,73
5,15,unpaired_control,c008,0.5818901062011719,-1.9756412506103516,59
6,15,deploy_to_eval,c008,0.16588783264160156,-1.9756412506103516,73
6,15,eval_to_deploy,c008,-0.06925010681152344,-2.1370315551757812,73
6,15,unpaired_control,c008,0.4256572723388672,-1.9756412506103516,59
7,15,deploy_to_eval,c008,-0.09047126770019531,-1.9756412506103516,73
7,15,eval_to_deploy,c008,0.12401008605957031,-2.1370315551757812,73
7,15,unpaired_control,c008,0.5226612091064453,-1.9756412506103516,59
8,15,deploy_to_eval,c008,-0.04276466369628906,-1.9756412506103516,73
8,15,eval_to_deploy,c008,0.061771392822265625,-2.1370315551757812,73
8,15,unpaired_control,c008,0.3819618225097656,-1.9756412506103516,59
9,15,deploy_to_eval,c008,-0.09816551208496094,-1.9756412506103516,73
9,15,eval_to_deploy,c008,0.11007881164550781,-2.1370315551757812,73
9,15,unpaired_control,c008,0.5920619964599609,-1.9756412506103516,59
10,15,deploy_to_eval,c008,-0.029886245727539062,-1.9756412506103516,73
10,15,eval_to_deploy,c008,0.048038482666015625,-2.1370315551757812,73
10,15,unpaired_control,c008,-0.15340423583984375,-1.9756412506103516,59
11,15,deploy_to_eval,c008,-0.05047607421875,-1.9756412506103516,73
11,15,eval_to_deploy,c008,0.0692596435546875,-2.1370315551757812,73
11,15,unpaired_control,c008,-0.4680652618408203,-1.9756412506103516,59
12,15,deploy_to_eval,c008,-0.030750274658203125,-1.9756412506103516,73
12,15,eval_to_deploy,c008,0.06105232238769531,-2.1370315551757812,73
12,15,unpaired_control,c008,-0.5118122100830078,-1.9756412506103516,59
13,15,deploy_to_eval,c008,-0.01268768310546875,-1.9756412506103516,73
13,15,eval_to_deploy,c008,0.03807640075683594,-2.1370315551757812,73
13,15,unpaired_control,c008,-0.5725326538085938,-1.9756412506103516,59
14,15,deploy_to_eval,c008,-0.0060939788818359375,-1.9756412506103516,73
14,15,eval_to_deploy,c008,0.0024356842041015625,-2.1370315551757812,73
14,15,unpaired_control,c008,-0.6559486389160156,-1.9756412506103516,59
15,15,deploy_to_eval,c008,-0.004878997802734375,-1.9756412506103516,73
15,15,eval_to_deploy,c008,-0.004100799560546875,-2.1370315551757812,73
15,15,unpaired_control,c008,-0.7248382568359375,-1.9756412506103516,59
16,15,deploy_to_eval,c008,-0.10077095031738281,-1.9756412506103516,73
16,15,eval_to_deploy,c008,0.11453056335449219,-2.1370315551757812,73
16,15,unpaired_control,c008,-0.7594738006591797,-1.9756412506103516,59
17,15,deploy_to_eval,c008,-0.12864112854003906,-1.9756412506103516,73
17,15,eval_to_deploy,c008,0.12801551818847656,-2.1370315551757812,73
17,15,unpaired_control,c008,-0.6288928985595703,-1.9756412506103516,59
18,15,deploy_to_eval,c008,-0.11867141723632812,-1.9756412506103516,73
18,15,eval_to_deploy,c008,0.11704635620117188,-2.1370315551757812,73
18,15,unpaired_control,c008,-0.6799278259277344,-1.9756412506103516,59
19,15,deploy_to_eval,c008,-0.10706138610839844,-1.9756412506103516,73
19,15,eval_to_deploy,c008,0.11804580688476562,-2.1370315551757812,73
19,15,unpaired_control,c008,-0.6952056884765625,-1.9756412506103516,59
20,15,deploy_to_eval,c008,-0.1451568603515625,-1.9756412506103516,73
20,15,eval_to_deploy,c008,0.138885498046875,-2.1370315551757812,73
20,15,unpaired_control,c008,-0.7010059356689453,-1.9756412506103516,59
21,15,deploy_to_eval,c008,-0.1208038330078125,-1.9756412506103516,73
21,15,eval_to_deploy,c008,0.11938667297363281,-2.1370315551757812,73
21,15,unpaired_control,c008,-0.6966934204101562,-1.9756412506103516,59
22,15,deploy_to_eval,c008,-0.12678909301757812,-1.9756412506103516,73
22,15,eval_to_deploy,c008,0.12204360961914062,-2.1370315551757812,73
22,15,unpaired_control,c008,-0.7074832916259766,-1.9756412506103516,59
23,15,deploy_to_eval,c008,-0.11641311645507812,-1.9756412506103516,73
23,15,eval_to_deploy,c008,0.11713790893554688,-2.1370315551757812,73
23,15,unpaired_control,c008,-0.6813182830810547,-1.9756412506103516,59
24,15,deploy_to_eval,c008,-0.17070770263671875,-1.9756412506103516,73
24,15,eval_to_deploy,c008,0.15233421325683594,-2.1370315551757812,73
24,15,unpaired_control,c008,-0.6873130798339844,-1.9756412506103516,59
25,15,deploy_to_eval,c008,-0.1933879852294922,-1.9756412506103516,73
25,15,eval_to_deploy,c008,0.17031288146972656,-2.1370315551757812,73
25,15,unpaired_control,c008,-0.6563892364501953,-1.9756412506103516,59
26,15,deploy_to_eval,c008,-0.16283416748046875,-1.9756412506103516,73
26,15,eval_to_deploy,c008,0.1520519256591797,-2.1370315551757812,73
26,15,unpaired_control,c008,-0.6025447845458984,-1.9756412506103516,59
27,15,deploy_to_eval,c008,-0.1613903045654297,-1.9756412506103516,73
27,15,eval_to_deploy,c008,0.1613903045654297,-2.1370315551757812,73
27,15,unpaired_control,c008,-0.6778640747070312,-1.9756412506103516,59
0,16,deploy_to_eval,c045,0.06029319763183594,0.4401073455810547,108
0,16,eval_to_deploy,c045,-0.03479957580566406,-2.653505325317383,108
0,16,unpaired_control,c045,0.10652732849121094,0.4401073455810547,79
1,16,deploy_to_eval,c045,0.0016803741455078125,0.4401073455810547,108
1,16,eval_to_deploy,c045,-0.04968452453613281,-2.653505325317383,108
1,16,unpaired_control,c045,-0.11844253540039062,0.4401073455810547,79
2,16,deploy_to_eval,c045,-0.07020759582519531,0.4401073455810547,108
2,16,eval_to_deploy,c045,0.1569194793701172,-2.653505325317383,108
2,16,unpaired_control,c045,-0.0535125732421875,0.4401073455810547,79
3,16,deploy_to_eval,c045,-0.2713966369628906,0.4401073455810547,108
3,16,eval_to_deploy,c045,0.2237987518310547,-2.653505325317383,108
3,16,unpaired_control,c045,-0.1380443572998047,0.4401073455810547,79
4,16,deploy_to_eval,c045,-0.13677024841308594,0.4401073455810547,108
4,16,eval_to_deploy,c045,0.25371551513671875,-2.653505325317383,108
4,16,unpaired_control,c045,0.1342926025390625,0.4401073455810547,79
5,16,deploy_to_eval,c045,-0.2369823455810547,0.4401073455810547,108
5,16,eval_to_deploy,c045,0.028301239013671875,-2.653505325317383,108
5,16,unpaired_control,c045,-0.1439647674560547,0.4401073455810547,79
6,16,deploy_to_eval,c045,-0.5820159912109375,0.4401073455810547,108
6,16,eval_to_deploy,c045,0.09286880493164062,-2.653505325317383,108
6,16,unpaired_control,c045,-0.3820934295654297,0.4401073455810547,79
7,16,deploy_to_eval,c045,-0.5831508636474609,0.4401073455810547,108
7,16,eval_to_deploy,c045,0.06271743774414062,-2.653505325317383,108
7,16,unpaired_control,c045,-0.5189781188964844,0.4401073455810547,79
8,16,deploy_to_eval,c045,-0.9415245056152344,0.4401073455810547,108
8,16,eval_to_deploy,c045,0.09433937072753906,-2.653505325317383,108
8,16,unpaired_control,c045,-0.5196437835693359,0.4401073455810547,79
9,16,deploy_to_eval,c045,-1.3136157989501953,0.4401073455810547,108
9,16,eval_to_deploy,c045,0.22167587280273438,-2.653505325317383,108
9,16,unpaired_control,c045,-0.7228450775146484,0.4401073455810547,79
10,16,deploy_to_eval,c045,-1.3768978118896484,0.4401073455810547,108
10,16,eval_to_deploy,c045,0.33182716369628906,-2.653505325317383,108
10,16,unpaired_control,c045,-0.5015296936035156,0.4401073455810547,79
11,16,deploy_to_eval,c045,-2.1238536834716797,0.4401073455810547,108
11,16,eval_to_deploy,c045,1.095285415649414,-2.653505325317383,108
11,16,unpaired_control,c045,-0.9926643371582031,0.4401073455810547,79
12,16,deploy_to_eval,c045,-2.883941650390625,0.4401073455810547,108
12,16,eval_to_deploy,c045,2.0537166595458984,-2.653505325317383,108
12,16,unpaired_control,c045,-1.7726402282714844,0.4401073455810547,79
13,16,deploy_to_eval,c045,-2.925628662109375,0.4401073455810547,108
13,16,eval_to_deploy,c045,2.240081787109375,-2.653505325317383,108
13,16,unpaired_control,c045,-1.9403972625732422,0.4401073455810547,79
14,16,deploy_to_eval,c045,-2.8930435180664062,0.4401073455810547,108
14,16,eval_to_deploy,c045,2.4804534912109375,-2.653505325317383,108
14,16,unpaired_control,c045,-1.9611968994140625,0.4401073455810547,79
15,16,deploy_to_eval,c045,-2.94525146484375,0.4401073455810547,108
15,16,eval_to_deploy,c045,2.77032470703125,-2.653505325317383,108
15,16,unpaired_control,c045,-1.8948383331298828,0.4401073455810547,79
16,16,deploy_to_eval,c045,-3.1069469451904297,0.4401073455810547,108
16,16,eval_to_deploy,c045,3.1263809204101562,-2.653505325317383,108
16,16,unpaired_control,c045,-2.0497608184814453,0.4401073455810547,79
17,16,deploy_to_eval,c045,-3.103239059448242,0.4401073455810547,108
17,16,eval_to_deploy,c045,3.1274375915527344,-2.653505325317383,108
17,16,unpaired_control,c045,-2.0182762145996094,0.4401073455810547,79
18,16,deploy_to_eval,c045,-3.114530563354492,0.4401073455810547,108
18,16,eval_to_deploy,c045,3.1564559936523438,-2.653505325317383,108
18,16,unpaired_control,c045,-2.0093994140625,0.4401073455810547,79
19,16,deploy_to_eval,c045,-3.1164932250976562,0.4401073455810547,108
19,16,eval_to_deploy,c045,3.158109664916992,-2.653505325317383,108
19,16,unpaired_control,c045,-1.9986343383789062,0.4401073455810547,79
20,16,deploy_to_eval,c045,-3.0970687866210938,0.4401073455810547,108
20,16,eval_to_deploy,c045,3.073883056640625,-2.653505325317383,108
20,16,unpaired_control,c045,-2.0075302124023438,0.4401073455810547,79
21,16,deploy_to_eval,c045,-3.1058120727539062,0.4401073455810547,108
21,16,eval_to_deploy,c045,3.1345176696777344,-2.653505325317383,108
21,16,unpaired_control,c045,-2.0092220306396484,0.4401073455810547,79
22,16,deploy_to_eval,c045,-3.1032638549804688,0.4401073455810547,108
22,16,eval_to_deploy,c045,3.1287784576416016,-2.653505325317383,108
22,16,unpaired_control,c045,-2.009035110473633,0.4401073455810547,79
23,16,deploy_to_eval,c045,-3.1030025482177734,0.4401073455810547,108
23,16,eval_to_deploy,c045,3.1160106658935547,-2.653505325317383,108
23,16,unpaired_control,c045,-2.0043373107910156,0.4401073455810547,79
24,16,deploy_to_eval,c045,-3.097972869873047,0.4401073455810547,108
24,16,eval_to_deploy,c045,3.1170883178710938,-2.653505325317383,108
24,16,unpaired_control,c045,-2.001382827758789,0.4401073455810547,79
25,16,deploy_to_eval,c045,-3.098766326904297,0.4401073455810547,108
25,16,eval_to_deploy,c045,3.11529541015625,-2.653505325317383,108
25,16,unpaired_control,c045,-2.008817672729492,0.4401073455810547,79
26,16,deploy_to_eval,c045,-3.0979156494140625,0.4401073455810547,108
26,16,eval_to_deploy,c045,3.0885257720947266,-2.653505325317383,108
26,16,unpaired_control,c045,-1.9775676727294922,0.4401073455810547,79
27,16,deploy_to_eval,c045,-3.0936126708984375,0.4401073455810547,108
27,16,eval_to_deploy,c045,3.0936126708984375,-2.653505325317383,108
27,16,unpaired_control,c045,-1.9662456512451172,0.4401073455810547,79
0,17,deploy_to_eval,c011,-0.007701873779296875,-0.17157745361328125,124
0,17,eval_to_deploy,c011,0.055332183837890625,-1.5261383056640625,124
0,17,unpaired_control,c011,0.09023857116699219,-0.17157745361328125,79
1,17,deploy_to_eval,c011,0.10227394104003906,-0.17157745361328125,124
1,17,eval_to_deploy,c011,0.0102691650390625,-1.5261383056640625,124
1,17,unpaired_control,c011,0.36393165588378906,-0.17157745361328125,79
2,17,deploy_to_eval,c011,0.1226654052734375,-0.17157745361328125,124
2,17,eval_to_deploy,c011,-0.021425247192382812,-1.5261383056640625,124
2,17,unpaired_control,c011,0.33635902404785156,-0.17157745361328125,79
3,17,deploy_to_eval,c011,0.23699378967285156,-0.17157745361328125,124
3,17,eval_to_deploy,c011,-0.15871810913085938,-1.5261383056640625,124
3,17,unpaired_control,c011,0.16112136840820312,-0.17157745361328125,79
4,17,deploy_to_eval,c011,0.2467632293701172,-0.17157745361328125,124
4,17,eval_to_deploy,c011,-0.15111160278320312,-1.5261383056640625,124
4,17,unpaired_control,c011,0.09156990051269531,-0.17157745361328125,79
5,17,deploy_to_eval,c011,0.2844696044921875,-0.17157745361328125,124
5,17,eval_to_deploy,c011,-0.06379127502441406,-1.5261383056640625,124
5,17,unpaired_control,c011,0.14803504943847656,-0.17157745361328125,79
6,17,deploy_to_eval,c011,0.17059326171875,-0.17157745361328125,124
6,17,eval_to_deploy,c011,0.0075321197509765625,-1.5261383056640625,124
6,17,unpaired_control,c011,0.026323318481445312,-0.17157745361328125,79
7,17,deploy_to_eval,c011,0.13224220275878906,-0.17157745361328125,124
7,17,eval_to_deploy,c011,-0.003082275390625,-1.5261383056640625,124
7,17,unpaired_control,c011,-0.14634323120117188,-0.17157745361328125,79
8,17,deploy_to_eval,c011,0.21785926818847656,-0.17157745361328125,124
8,17,eval_to_deploy,c011,-0.07981300354003906,-1.5261383056640625,124
8,17,unpaired_control,c011,-0.07358932495117188,-0.17157745361328125,79
9,17,deploy_to_eval,c011,0.007114410400390625,-0.17157745361328125,124
9,17,eval_to_deploy,c011,-0.07546424865722656,-1.5261383056640625,124
9,17,unpaired_control,c011,-0.4666099548339844,-0.17157745361328125,79
10,17,deploy_to_eval,c011,0.013639450073242188,-0.17157745361328125,124
10,17,eval_to_deploy,c011,-0.130523681640625,-1.5261383056640625,124
10,17,unpaired_control,c011,-0.5652847290039062,-0.17157745361328125,79
11,17,deploy_to_eval,c011,-0.4857769012451172,-0.17157745361328125,124
11,17,eval_to_deploy,c011,0.2537059783935547,-1.5261383056640625,124
11,17,unpaired_control,c011,-1.4828929901123047,-0.17157745361328125,79
12,17,deploy_to_eval,c011,-0.6326580047607422,-0.17157745361328125,124
12,17,eval_to_deploy,c011,0.4191913604736328,-1.5261383056640625,124
12,17,unpaired_control,c011,-1.7517261505126953,-0.17157745361328125,79
13,17,deploy_to_eval,c011,-0.6875324249267578,-0.17157745361328125,124
13,17,eval_to_deploy,c011,0.48590087890625,-1.5261383056640625,124
13,17,unpaired_control,c011,-1.705801010131836,-0.17157745361328125,79
14,17,deploy_to_eval,c011,-0.6878280639648438,-0.17157745361328125,124
14,17,eval_to_deploy,c011,0.5656719207763672,-1.5261383056640625,124
14,17,unpaired_control,c011,-1.7030105590820312,-0.17157745361328125,79
15,17,deploy_to_eval,c011,-0.7781581878662109,-0.17157745361328125,124
15,17,eval_to_deploy,c011,0.6180877685546875,-1.5261383056640625,124
15,17,unpaired_control,c011,-1.9040908813476562,-0.17157745361328125,79
16,17,deploy_to_eval,c011,-1.3786296844482422,-0.17157745361328125,124
16,17,eval_to_deploy,c011,1.3616600036621094,-1.5261383056640625,124
16,17,unpaired_control,c011,-2.4012508392333984,-0.17157745361328125,79
17,17,deploy_to_eval,c011,-1.3801898956298828,-0.17157745361328125,124
17,17,eval_to_deploy,c011,1.370962142944336,-1.5261383056640625,124
17,17,unpaired_control,c011,-2.396768569946289,-0.17157745361328125,79
18,17,deploy_to_eval,c011,-1.385955810546875,-0.17157745361328125,124
18,17,eval_to_deploy,c011,1.3678226470947266,-1.5261383056640625,124
18,17,unpaired_control,c011,-2.399707794189453,-0.17157745361328125,79
19,17,deploy_to_eval,c011,-1.3843021392822266,-0.17157745361328125,124
19,17,eval_to_deploy,c011,1.3592338562011719,-1.5261383056640625,124
19,17,unpaired_control,c011,-2.411579132080078,-0.17157745361328125,79
20,17,deploy_to_eval,c011,-1.3794174194335938,-0.17157745361328125,124
20,17,eval_to_deploy,c011,1.3604869842529297,-1.5261383056640625,124
20,17,unpaired_control,c011,-2.424375534057617,-0.17157745361328125,79
21,17,deploy_to_eval,c011,-1.381296157836914,-0.17157745361328125,124
21,17,eval_to_deploy,c011,1.3854904174804688,-1.5261383056640625,124
21,17,unpaired_control,c011,-2.416584014892578,-0.17157745361328125,79
22,17,deploy_to_eval,c011,-1.3819599151611328,-0.17157745361328125,124
22,17,eval_to_deploy,c011,1.3878192901611328,-1.5261383056640625,124
22,17,unpaired_control,c011,-2.42840576171875,-0.17157745361328125,79
23,17,deploy_to_eval,c011,-1.3891258239746094,-0.17157745361328125,124
23,17,eval_to_deploy,c011,1.400472640991211,-1.5261383056640625,124
23,17,unpaired_control,c011,-2.4359474182128906,-0.17157745361328125,79
24,17,deploy_to_eval,c011,-1.3779315948486328,-0.17157745361328125,124
24,17,eval_to_deploy,c011,1.3832893371582031,-1.5261383056640625,124
24,17,unpaired_control,c011,-2.431873321533203,-0.17157745361328125,79
25,17,deploy_to_eval,c011,-1.3788623809814453,-0.17157745361328125,124
25,17,eval_to_deploy,c011,1.3877677917480469,-1.5261383056640625,124
25,17,unpaired_control,c011,-2.429269790649414,-0.17157745361328125,79
26,17,deploy_to_eval,c011,-1.3748416900634766,-0.17157745361328125,124
26,17,eval_to_deploy,c011,1.3784217834472656,-1.5261383056640625,124
26,17,unpaired_control,c011,-2.4524803161621094,-0.17157745361328125,79
27,17,deploy_to_eval,c011,-1.3545608520507812,-0.17157745361328125,124
27,17,eval_to_deploy,c011,1.3545608520507812,-1.5261383056640625,124
27,17,unpaired_control,c011,-2.436779022216797,-0.17157745361328125,79
0,18,deploy_to_eval,c020,0.10730934143066406,0.5063877105712891,102
0,18,eval_to_deploy,c020,-0.040584564208984375,-2.608356475830078,102
0,18,unpaired_control,c020,0.021169662475585938,0.5063877105712891,79
1,18,deploy_to_eval,c020,0.1868114471435547,0.5063877105712891,102
1,18,eval_to_deploy,c020,0.027219772338867188,-2.608356475830078,102
1,18,unpaired_control,c020,-0.07419776916503906,0.5063877105712891,79
2,18,deploy_to_eval,c020,0.12903976440429688,0.5063877105712891,102
2,18,eval_to_deploy,c020,0.22273826599121094,-2.608356475830078,102
2,18,unpaired_control,c020,-0.21616744995117188,0.5063877105712891,79
3,18,deploy_to_eval,c020,-0.0168914794921875,0.5063877105712891,102
3,18,eval_to_deploy,c020,0.2239704132080078,-2.608356475830078,102
3,18,unpaired_control,c020,-0.18436431884765625,0.5063877105712891,79
4,18,deploy_to_eval,c020,-0.031139373779296875,0.5063877105712891,102
4,18,eval_to_deploy,c020,0.21761131286621094,-2.608356475830078,102
4,18,unpaired_control,c020,0.029367446899414062,0.5063877105712891,79
5,18,deploy_to_eval,c020,-0.32170677185058594,0.5063877105712891,102
5,18,eval_to_deploy,c020,-0.010007858276367188,-2.608356475830078,102
5,18,unpaired_control,c020,-0.22096824645996094,0.5063877105712891,79
6,18,deploy_to_eval,c020,-0.6224918365478516,0.5063877105712891,102
6,18,eval_to_deploy,c020,0.04585838317871094,-2.608356475830078,102
6,18,unpaired_control,c020,-0.40792083740234375,0.5063877105712891,79
7,18,deploy_to_eval,c020,-0.5479793548583984,0.5063877105712891,102
7,18,eval_to_deploy,c020,-0.06147575378417969,-2.608356475830078,102
7,18,unpaired_control,c020,0.124786376953125,0.5063877105712891,79
8,18,deploy_to_eval,c020,-0.8138542175292969,0.5063877105712891,102
8,18,eval_to_deploy,c020,0.1594696044921875,-2.608356475830078,102
8,18,unpaired_control,c020,-0.0172119140625,0.5063877105712891,79
9,18,deploy_to_eval,c020,-1.078073501586914,0.5063877105712891,102
9,18,eval_to_deploy,c020,0.344268798828125,-2.608356475830078,102
9,18,unpaired_control,c020,-0.2981224060058594,0.5063877105712891,79
10,18,deploy_to_eval,c020,-1.1896038055419922,0.5063877105712891,102
10,18,eval_to_deploy,c020,0.6192741394042969,-2.608356475830078,102
10,18,unpaired_control,c020,-0.08449363708496094,0.5063877105712891,79
11,18,deploy_to_eval,c020,-2.2239551544189453,0.5063877105712891,102
11,18,eval_to_deploy,c020,1.4664421081542969,-2.608356475830078,102
11,18,unpaired_control,c020,-1.057302474975586,0.5063877105712891,79
12,18,deploy_to_eval,c020,-2.9761428833007812,0.5063877105712891,102
12,18,eval_to_deploy,c020,2.204954147338867,-2.608356475830078,102
12,18,unpaired_control,c020,-2.000947952270508,0.5063877105712891,79
13,18,deploy_to_eval,c020,-2.9867706298828125,0.5063877105712891,102
13,18,eval_to_deploy,c020,2.371915817260742,-2.608356475830078,102
13,18,unpaired_control,c020,-2.2105541229248047,0.5063877105712891,79
14,18,deploy_to_eval,c020,-2.9672298431396484,0.5063877105712891,102
14,18,eval_to_deploy,c020,2.5905799865722656,-2.608356475830078,102
14,18,unpaired_control,c020,-2.2906265258789062,0.5063877105712891,79
15,18,deploy_to_eval,c020,-2.993854522705078,0.5063877105712891,102
15,18,eval_to_deploy,c020,2.7825279235839844,-2.608356475830078,102
15,18,unpaired_control,c020,-2.271146774291992,0.5063877105712891,79
16,18,deploy_to_eval,c020,-3.1137638092041016,0.5063877105712891,102
16,18,eval_to_deploy,c020,3.1368980407714844,-2.608356475830078,102
16,18,unpaired_control,c020,-2.5612411499023438,0.5063877105712891,79
17,18,deploy_to_eval,c020,-3.1341400146484375,0.5063877105712891,102
17,18,eval_to_deploy,c020,3.1170825958251953,-2.608356475830078,102
17,18,unpaired_control,c020,-2.655153274536133,0.5063877105712891,79
18,18,deploy_to_eval,c020,-3.1322708129882812,0.5063877105712891,102
18,18,eval_to_deploy,c020,3.1258583068847656,-2.608356475830078,102
18,18,unpaired_control,c020,-2.684732437133789,0.5063877105712891,79
19,18,deploy_to_eval,c020,-3.1263980865478516,0.5063877105712891,102
19,18,eval_to_deploy,c020,3.1220531463623047,-2.608356475830078,102
19,18,unpaired_control,c020,-2.663034439086914,0.5063877105712891,79
20,18,deploy_to_eval,c020,-3.1092586517333984,0.5063877105712891,102
20,18,eval_to_deploy,c020,3.0639171600341797,-2.608356475830078,102
20,18,unpaired_control,c020,-2.6725311279296875,0.5063877105712891,79
21,18,deploy_to_eval,c020,-3.113170623779297,0.5063877105712891,102
21,18,eval_to_deploy,c020,3.122468948364258,-2.608356475830078,102
21,18,unpaired_control,c020,-2.6912708282470703,0.5063877105712891,79
22,18,deploy_to_eval,c020,-3.1137752532958984,0.5063877105712891,102
22,18,eval_to_deploy,c020,3.126180648803711,-2.608356475830078,102
22,18,unpaired_control,c020,-2.6895694732666016,0.5063877105712891,79
23,18,deploy_to_eval,c020,-3.1171607971191406,0.5063877105712891,102
23,18,eval_to_deploy,c020,3.116727828979492,-2.608356475830078,102
23,18,unpaired_control,c020,-2.691913604736328,0.5063877105712891,79
24,18,deploy_to_eval,c020,-3.110738754272461,0.5063877105712891,102
24,18,eval_to_deploy,c020,3.1181640625,-2.608356475830078,102
24,18,unpaired_control,c020,-2.6929244995117188,0.5063877105712891,79
25,18,deploy_to_eval,c020,-3.10833740234375,0.5063877105712891,102
25,18,eval_to_deploy,c020,3.1176719665527344,-2.608356475830078,102
25,18,unpaired_control,c020,-2.7010231018066406,0.5063877105712891,79
26,18,deploy_to_eval,c020,-3.111591339111328,0.5063877105712891,102
26,18,eval_to_deploy,c020,3.0838966369628906,-2.608356475830078,102
26,18,unpaired_control,c020,-2.6915035247802734,0.5063877105712891,79
27,18,deploy_to_eval,c020,-3.114744186401367,0.5063877105712891,102
27,18,eval_to_deploy,c020,3.114744186401367,-2.608356475830078,102
27,18,unpaired_control,c020,-2.6993675231933594,0.5063877105712891,79
0,19,deploy_to_eval,c044,-0.044483184814453125,0.8287296295166016,128
0,19,eval_to_deploy,c044,0.050872802734375,-2.1929798126220703,128
0,19,unpaired_control,c044,-0.05835723876953125,0.8287296295166016,79
1,19,deploy_to_eval,c044,0.021820068359375,0.8287296295166016,128
1,19,eval_to_deploy,c044,0.07699966430664062,-2.1929798126220703,128
1,19,unpaired_control,c044,-0.18468666076660156,0.8287296295166016,79
2,19,deploy_to_eval,c044,-0.1585559844970703,0.8287296295166016,128
2,19,eval_to_deploy,c044,0.2613353729248047,-2.1929798126220703,128
2,19,unpaired_control,c044,-0.1760692596435547,0.8287296295166016,79
3,19,deploy_to_eval,c044,-0.16027450561523438,0.8287296295166016,128
3,19,eval_to_deploy,c044,0.2382831573486328,-2.1929798126220703,128
3,19,unpaired_control,c044,-0.2673492431640625,0.8287296295166016,79
4,19,deploy_to_eval,c044,0.022640228271484375,0.8287296295166016,128
4,19,eval_to_deploy,c044,0.20015335083007812,-2.1929798126220703,128
4,19,unpaired_control,c044,-0.3214683532714844,0.8287296295166016,79
5,19,deploy_to_eval,c044,0.04038429260253906,0.8287296295166016,128
5,19,eval_to_deploy,c044,-0.0013065338134765625,-2.1929798126220703,128
5,19,unpaired_control,c044,-0.42134666442871094,0.8287296295166016,79
6,19,deploy_to_eval,c044,-0.1480846405029297,0.8287296295166016,128
6,19,eval_to_deploy,c044,0.09592247009277344,-2.1929798126220703,128
6,19,unpaired_control,c044,-0.7315540313720703,0.8287296295166016,79
7,19,deploy_to_eval,c044,0.1329174041748047,0.8287296295166016,128
7,19,eval_to_deploy,c044,-0.029693603515625,-2.1929798126220703,128
7,19,unpaired_control,c044,-1.1294918060302734,0.8287296295166016,79
8,19,deploy_to_eval,c044,-0.0060596466064453125,0.8287296295166016,128
8,19,eval_to_deploy,c044,0.0228118896484375,-2.1929798126220703,128
8,19,unpaired_control,c044,-1.1879463195800781,0.8287296295166016,79
9,19,deploy_to_eval,c044,-0.37770843505859375,0.8287296295166016,128
9,19,eval_to_deploy,c044,0.22513771057128906,-2.1929798126220703,128
9,19,unpaired_control,c044,-1.4884586334228516,0.8287296295166016,79
10,19,deploy_to_eval,c044,-0.5026149749755859,0.8287296295166016,128
10,19,eval_to_deploy,c044,0.6077690124511719,-2.1929798126220703,128
10,19,unpaired_control,c044,-1.3166484832763672,0.8287296295166016,79
11,19,deploy_to_eval,c044,-1.5032157897949219,0.8287296295166016,128
11,19,eval_to_deploy,c044,1.2678356170654297,-2.1929798126220703,128
11,19,unpaired_control,c044,-2.15118408203125,0.8287296295166016,79
12,19,deploy_to_eval,c044,-2.563924789428711,0.8287296295166016,128
12,19,eval_to_deploy,c044,2.272237777709961,-2.1929798126220703,128
12,19,unpaired_control,c044,-2.732023239135742,0.8287296295166016,79
13,19,deploy_to_eval,c044,-2.6355457305908203,0.8287296295166016,128
13,19,eval_to_deploy,c044,2.4867820739746094,-2.1929798126220703,128
13,19,unpaired_control,c044,-2.782876968383789,0.8287296295166016,79
14,19,deploy_to_eval,c044,-2.629545211791992,0.8287296295166016,128
14,19,eval_to_deploy,c044,2.651693344116211,-2.1929798126220703,128
14,19,unpaired_control,c044,-2.757577896118164,0.8287296295166016,79
15,19,deploy_to_eval,c044,-2.6718406677246094,0.8287296295166016,128
15,19,eval_to_deploy,c044,2.8520660400390625,-2.1929798126220703,128
15,19,unpaired_control,c044,-2.770221710205078,0.8287296295166016,79
16,19,deploy_to_eval,c044,-3.0267391204833984,0.8287296295166016,128
16,19,eval_to_deploy,c044,3.036348342895508,-2.1929798126220703,128
16,19,unpaired_control,c044,-2.84490966796875,0.8287296295166016,79
17,19,deploy_to_eval,c044,-3.037811279296875,0.8287296295166016,128
17,19,eval_to_deploy,c044,3.023387908935547,-2.1929798126220703,128
17,19,unpaired_control,c044,-2.8679141998291016,0.8287296295166016,79
18,19,deploy_to_eval,c044,-3.046245574951172,0.8287296295166016,128
18,19,eval_to_deploy,c044,3.0312843322753906,-2.1929798126220703,128
18,19,unpaired_control,c044,-2.8585052490234375,0.8287296295166016,79
19,19,deploy_to_eval,c044,-3.0360755920410156,0.8287296295166016,128
19,19,eval_to_deploy,c044,3.0201797485351562,-2.1929798126220703,128
19,19,unpaired_control,c044,-2.872121810913086,0.8287296295166016,79
20,19,deploy_to_eval,c044,-3.0225181579589844,0.8287296295166016,128
20,19,eval_to_deploy,c044,2.9639854431152344,-2.1929798126220703,128
20,19,unpaired_control,c044,-2.879169464111328,0.8287296295166016,79
21,19,deploy_to_eval,c044,-3.031412124633789,0.8287296295166016,128
21,19,eval_to_deploy,c044,3.0426273345947266,-2.1929798126220703,128
21,19,unpaired_control,c044,-2.8881359100341797,0.8287296295166016,79
22,19,deploy_to_eval,c044,-3.0297203063964844,0.8287296295166016,128
22,19,eval_to_deploy,c044,3.0405635833740234,-2.1929798126220703,128
22,19,unpaired_control,c044,-2.887939453125,0.8287296295166016,79
23,19,deploy_to_eval,c044,-3.029653549194336,0.8287296295166016,128
23,19,eval_to_deploy,c044,3.0207977294921875,-2.1929798126220703,128
23,19,unpaired_control,c044,-2.902040481567383,0.8287296295166016,79
24,19,deploy_to_eval,c044,-3.0306930541992188,0.8287296295166016,128
24,19,eval_to_deploy,c044,3.0320873260498047,-2.1929798126220703,128
24,19,unpaired_control,c044,-2.856405258178711,0.8287296295166016,79
25,19,deploy_to_eval,c044,-3.039102554321289,0.8287296295166016,128
25,19,eval_to_deploy,c044,3.050495147705078,-2.1929798126220703,128
25,19,unpaired_control,c044,-2.845590591430664,0.8287296295166016,79
26,19,deploy_to_eval,c044,-3.0335540771484375,0.8287296295166016,128
26,19,eval_to_deploy,c044,3.018747329711914,-2.1929798126220703,128
26,19,unpaired_control,c044,-2.8408336639404297,0.8287296295166016,79
27,19,deploy_to_eval,c044,-3.021709442138672,0.8287296295166016,128
27,19,eval_to_deploy,c044,3.021709442138672,-2.1929798126220703,128
27,19,unpaired_control,c044,-2.8213634490966797,0.8287296295166016,79
0,20,deploy_to_eval,c016,-0.0400543212890625,-0.9823093414306641,112
0,20,eval_to_deploy,c016,0.03531646728515625,-1.9926338195800781,112
0,20,unpaired_control,c016,-0.06889915466308594,-0.9823093414306641,79
1,20,deploy_to_eval,c016,-0.10425758361816406,-0.9823093414306641,112
1,20,eval_to_deploy,c016,0.05954170227050781,-1.9926338195800781,112
1,20,unpaired_control,c016,-0.08588981628417969,-0.9823093414306641,79
2,20,deploy_to_eval,c016,-0.12962913513183594,-0.9823093414306641,112
2,20,eval_to_deploy,c016,0.1545562744140625,-1.9926338195800781,112
2,20,unpaired_control,c016,-0.060817718505859375,-0.9823093414306641,79
3,20,deploy_to_eval,c016,-0.2433147430419922,-0.9823093414306641,112
3,20,eval_to_deploy,c016,0.2186431884765625,-1.9926338195800781,112
3,20,unpaired_control,c016,-0.2366924285888672,-0.9823093414306641,79
4,20,deploy_to_eval,c016,-0.2895851135253906,-0.9823093414306641,112
4,20,eval_to_deploy,c016,0.2803497314453125,-1.9926338195800781,112
4,20,unpaired_control,c016,-0.23855972290039062,-0.9823093414306641,79
5,20,deploy_to_eval,c016,-0.3118324279785156,-0.9823093414306641,112
5,20,eval_to_deploy,c016,0.3081188201904297,-1.9926338195800781,112
5,20,unpaired_control,c016,-0.2876930236816406,-0.9823093414306641,79
6,20,deploy_to_eval,c016,-0.3169574737548828,-0.9823093414306641,112
6,20,eval_to_deploy,c016,0.3100090026855469,-1.9926338195800781,112
6,20,unpaired_control,c016,-0.24045944213867188,-0.9823093414306641,79
7,20,deploy_to_eval,c016,-0.4340934753417969,-0.9823093414306641,112
7,20,eval_to_deploy,c016,0.3540763854980469,-1.9926338195800781,112
7,20,unpaired_control,c016,-0.22912025451660156,-0.9823093414306641,79
8,20,deploy_to_eval,c016,-0.27661895751953125,-0.9823093414306641,112
8,20,eval_to_deploy,c016,0.31242942810058594,-1.9926338195800781,112
8,20,unpaired_control,c016,-0.2245635986328125,-0.9823093414306641,79
9,20,deploy_to_eval,c016,-0.3888282775878906,-0.9823093414306641,112
9,20,eval_to_deploy,c016,0.45571327209472656,-1.9926338195800781,112
9,20,unpaired_control,c016,-0.24790382385253906,-0.9823093414306641,79
10,20,deploy_to_eval,c016,-0.5665340423583984,-0.9823093414306641,112
10,20,eval_to_deploy,c016,0.5757293701171875,-1.9926338195800781,112
10,20,unpaired_control,c016,-0.5809764862060547,-0.9823093414306641,79
11,20,deploy_to_eval,c016,-0.8919849395751953,-0.9823093414306641,112
11,20,eval_to_deploy,c016,0.7972488403320312,-1.9926338195800781,112
11,20,unpaired_control,c016,-0.7159233093261719,-0.9823093414306641,79
12,20,deploy_to_eval,c016,-0.8518409729003906,-0.9823093414306641,112
12,20,eval_to_deploy,c016,0.7782115936279297,-1.9926338195800781,112
12,20,unpaired_control,c016,-0.7224540710449219,-0.9823093414306641,79
13,20,deploy_to_eval,c016,-0.8637027740478516,-0.9823093414306641,112
13,20,eval_to_deploy,c016,0.7721767425537109,-1.9926338195800781,112
13,20,unpaired_control,c016,-0.7153892517089844,-0.9823093414306641,79
14,20,deploy_to_eval,c016,-0.8269519805908203,-0.9823093414306641,112
14,20,eval_to_deploy,c016,0.7381019592285156,-1.9926338195800781,112
14,20,unpaired_control,c016,-0.7065086364746094,-0.9823093414306641,79
15,20,deploy_to_eval,c016,-0.7976112365722656,-0.9823093414306641,112
15,20,eval_to_deploy,c016,0.7088069915771484,-1.9926338195800781,112
15,20,unpaired_control,c016,-0.7157096862792969,-0.9823093414306641,79
16,20,deploy_to_eval,c016,-0.9264965057373047,-0.9823093414306641,112
16,20,eval_to_deploy,c016,0.9005126953125,-1.9926338195800781,112
16,20,unpaired_control,c016,-0.8159236907958984,-0.9823093414306641,79
17,20,deploy_to_eval,c016,-0.9418849945068359,-0.9823093414306641,112
17,20,eval_to_deploy,c016,0.9354610443115234,-1.9926338195800781,112
17,20,unpaired_control,c016,-0.8118896484375,-0.9823093414306641,79
18,20,deploy_to_eval,c016,-0.9279346466064453,-0.9823093414306641,112
18,20,eval_to_deploy,c016,0.9290256500244141,-1.9926338195800781,112
18,20,unpaired_control,c016,-0.7742481231689453,-0.9823093414306641,79
19,20,deploy_to_eval,c016,-0.9492568969726562,-0.9823093414306641,112
19,20,eval_to_deploy,c016,0.9447536468505859,-1.9926338195800781,112
19,20,unpaired_control,c016,-0.7767276763916016,-0.9823093414306641,79
20,20,deploy_to_eval,c016,-0.9861907958984375,-0.9823093414306641,112
20,20,eval_to_deploy,c016,1.0103721618652344,-1.9926338195800781,112
20,20,unpaired_control,c016,-0.8104839324951172,-0.9823093414306641,79
21,20,deploy_to_eval,c016,-1.0208301544189453,-0.9823093414306641,112
21,20,eval_to_deploy,c016,1.0350608825683594,-1.9926338195800781,112
21,20,unpaired_control,c016,-0.8471450805664062,-0.9823093414306641,79
22,20,deploy_to_eval,c016,-1.0282936096191406,-0.9823093414306641,112
22,20,eval_to_deploy,c016,1.0434074401855469,-1.9926338195800781,112
22,20,unpaired_control,c016,-0.8448848724365234,-0.9823093414306641,79
23,20,deploy_to_eval,c016,-1.0210838317871094,-0.9823093414306641,112
23,20,eval_to_deploy,c016,1.0435543060302734,-1.9926338195800781,112
23,20,unpaired_control,c016,-0.8209686279296875,-0.9823093414306641,79
24,20,deploy_to_eval,c016,-0.9822750091552734,-0.9823093414306641,112
24,20,eval_to_deploy,c016,0.9914169311523438,-1.9926338195800781,112
24,20,unpaired_control,c016,-0.8122234344482422,-0.9823093414306641,79
25,20,deploy_to_eval,c016,-0.9724979400634766,-0.9823093414306641,112
25,20,eval_to_deploy,c016,0.9809799194335938,-1.9926338195800781,112
25,20,unpaired_control,c016,-0.7989215850830078,-0.9823093414306641,79
26,20,deploy_to_eval,c016,-0.9790401458740234,-0.9823093414306641,112
26,20,eval_to_deploy,c016,0.9853076934814453,-1.9926338195800781,112
26,20,unpaired_control,c016,-0.7993545532226562,-0.9823093414306641,79
27,20,deploy_to_eval,c016,-1.010324478149414,-0.9823093414306641,112
27,20,eval_to_deploy,c016,1.010324478149414,-1.9926338195800781,112
27,20,unpaired_control,c016,-0.8125476837158203,-0.9823093414306641,79
0,21,deploy_to_eval,c056,-0.08709716796875,-0.5065460205078125,110
0,21,eval_to_deploy,c056,0.0066814422607421875,-1.7948570251464844,110
0,21,unpaired_control,c056,-0.030559539794921875,-0.5065460205078125,79
1,21,deploy_to_eval,c056,-0.10933876037597656,-0.5065460205078125,110
1,21,eval_to_deploy,c056,0.032482147216796875,-1.7948570251464844,110
1,21,unpaired_control,c056,-0.03946495056152344,-0.5065460205078125,79
2,21,deploy_to_eval,c056,-0.11517715454101562,-0.5065460205078125,110
2,21,eval_to_deploy,c056,0.04465675354003906,-1.7948570251464844,110
2,21,unpaired_control,c056,-0.18621063232421875,-0.5065460205078125,79
3,21,deploy_to_eval,c056,-0.07204818725585938,-0.5065460205078125,110
3,21,eval_to_deploy,c056,0.05579948425292969,-1.7948570251464844,110
3,21,unpaired_control,c056,-0.2359771728515625,-0.5065460205078125,79
4,21,deploy_to_eval,c056,-0.10265922546386719,-0.5065460205078125,110
4,21,eval_to_deploy,c056,0.10222816467285156,-1.7948570251464844,110
4,21,unpaired_control,c056,-0.07735252380371094,-0.5065460205078125,79
5,21,deploy_to_eval,c056,-0.338531494140625,-0.5065460205078125,110
5,21,eval_to_deploy,c056,0.20464706420898438,-1.7948570251464844,110
5,21,unpaired_control,c056,-0.20423126220703125,-0.5065460205078125,79
6,21,deploy_to_eval,c056,-0.7408390045166016,-0.5065460205078125,110
6,21,eval_to_deploy,c056,0.3625011444091797,-1.7948570251464844,110
6,21,unpaired_control,c056,-0.6342582702636719,-0.5065460205078125,79
7,21,deploy_to_eval,c056,-0.7213916778564453,-0.5065460205078125,110
7,21,eval_to_deploy,c056,0.43932151794433594,-1.7948570251464844,110
7,21,unpaired_control,c056,-0.47196197509765625,-0.5065460205078125,79
8,21,deploy_to_eval,c056,-0.5522727966308594,-0.5065460205078125,110
8,21,eval_to_deploy,c056,0.40059661865234375,-1.7948570251464844,110
8,21,unpaired_control,c056,-0.3108711242675781,-0.5065460205078125,79
9,21,deploy_to_eval,c056,-0.9287776947021484,-0.5065460205078125,110
9,21,eval_to_deploy,c056,0.5732612609863281,-1.7948570251464844,110
9,21,unpaired_control,c056,-0.5297870635986328,-0.5065460205078125,79
10,21,deploy_to_eval,c056,-0.9696846008300781,-0.5065460205078125,110
10,21,eval_to_deploy,c056,0.8338279724121094,-1.7948570251464844,110
10,21,unpaired_control,c056,-0.7356033325195312,-0.5065460205078125,79
11,21,deploy_to_eval,c056,-1.2427749633789062,-0.5065460205078125,110
11,21,eval_to_deploy,c056,0.8726100921630859,-1.7948570251464844,110
11,21,unpaired_control,c056,-1.3714618682861328,-0.5065460205078125,79
12,21,deploy_to_eval,c056,-1.2673053741455078,-0.5065460205078125,110
12,21,eval_to_deploy,c056,0.8352622985839844,-1.7948570251464844,110
12,21,unpaired_control,c056,-1.415182113647461,-0.5065460205078125,79
13,21,deploy_to_eval,c056,-1.3178539276123047,-0.5065460205078125,110
13,21,eval_to_deploy,c056,0.9949092864990234,-1.7948570251464844,110
13,21,unpaired_control,c056,-1.4245929718017578,-0.5065460205078125,79
14,21,deploy_to_eval,c056,-1.323251724243164,-0.5065460205078125,110
14,21,eval_to_deploy,c056,1.2226448059082031,-1.7948570251464844,110
14,21,unpaired_control,c056,-1.4101810455322266,-0.5065460205078125,79
15,21,deploy_to_eval,c056,-1.3472309112548828,-0.5065460205078125,110
15,21,eval_to_deploy,c056,1.283029556274414,-1.7948570251464844,110
15,21,unpaired_control,c056,-1.4584846496582031,-0.5065460205078125,79
16,21,deploy_to_eval,c056,-1.3200263977050781,-0.5065460205078125,110
16,21,eval_to_deploy,c056,1.302337646484375,-1.7948570251464844,110
16,21,unpaired_control,c056,-1.5807609558105469,-0.5065460205078125,79
17,21,deploy_to_eval,c056,-1.3247909545898438,-0.5065460205078125,110
17,21,eval_to_deploy,c056,1.3145084381103516,-1.7948570251464844,110
17,21,unpaired_control,c056,-1.5178451538085938,-0.5065460205078125,79
18,21,deploy_to_eval,c056,-1.3284263610839844,-0.5065460205078125,110
18,21,eval_to_deploy,c056,1.3156490325927734,-1.7948570251464844,110
18,21,unpaired_control,c056,-1.5124702453613281,-0.5065460205078125,79
19,21,deploy_to_eval,c056,-1.3370113372802734,-0.5065460205078125,110
19,21,eval_to_deploy,c056,1.3245887756347656,-1.7948570251464844,110
19,21,unpaired_control,c056,-1.5369186401367188,-0.5065460205078125,79
20,21,deploy_to_eval,c056,-1.3520584106445312,-0.5065460205078125,110
20,21,eval_to_deploy,c056,1.3615779876708984,-1.7948570251464844,110
20,21,unpaired_control,c056,-1.6009578704833984,-0.5065460205078125,79
21,21,deploy_to_eval,c056,-1.3471755981445312,-0.5065460205078125,110
21,21,eval_to_deploy,c056,1.3494453430175781,-1.7948570251464844,110
21,21,unpaired_control,c056,-1.599588394165039,-0.5065460205078125,79
22,21,deploy_to_eval,c056,-1.3362350463867188,-0.5065460205078125,110
22,21,eval_to_deploy,c056,1.3307723999023438,-1.7948570251464844,110
22,21,unpaired_control,c056,-1.5947265625,-0.5065460205078125,79
23,21,deploy_to_eval,c056,-1.3320980072021484,-0.5065460205078125,110
23,21,eval_to_deploy,c056,1.326242446899414,-1.7948570251464844,110
23,21,unpaired_control,c056,-1.601226806640625,-0.5065460205078125,79
24,21,deploy_to_eval,c056,-1.3023090362548828,-0.5065460205078125,110
24,21,eval_to_deploy,c056,1.2930240631103516,-1.7948570251464844,110
24,21,unpaired_control,c056,-1.5834197998046875,-0.5065460205078125,79
25,21,deploy_to_eval,c056,-1.3100013732910156,-0.5065460205078125,110
25,21,eval_to_deploy,c056,1.305450439453125,-1.7948570251464844,110
25,21,unpaired_control,c056,-1.6057968139648438,-0.5065460205078125,79
26,21,deploy_to_eval,c056,-1.2680816650390625,-0.5065460205078125,110
26,21,eval_to_deploy,c056,1.231821060180664,-1.7948570251464844,110
26,21,unpaired_control,c056,-1.5745735168457031,-0.5065460205078125,79
27,21,deploy_to_eval,c056,-1.2883110046386719,-0.5065460205078125,110
27,21,eval_to_deploy,c056,1.2883110046386719,-1.7948570251464844,110
27,21,unpaired_control,c056,-1.6110820770263672,-0.5065460205078125,79
0,22,deploy_to_eval,c025,0.010303497314453125,-2.287445068359375,111
0,22,eval_to_deploy,c025,-0.0010051727294921875,-2.1176280975341797,111
0,22,unpaired_control,c025,-0.013113021850585938,-2.287445068359375,59
1,22,deploy_to_eval,c025,0.06817245483398438,-2.287445068359375,111
1,22,eval_to_deploy,c025,-0.00850677490234375,-2.1176280975341797,111
1,22,unpaired_control,c025,-0.5095844268798828,-2.287445068359375,59
2,22,deploy_to_eval,c025,0.1287975311279297,-2.287445068359375,111
2,22,eval_to_deploy,c025,-0.0349884033203125,-2.1176280975341797,111
2,22,unpaired_control,c025,-0.5247325897216797,-2.287445068359375,59
3,22,deploy_to_eval,c025,0.12534332275390625,-2.287445068359375,111
3,22,eval_to_deploy,c025,-0.08343505859375,-2.1176280975341797,111
3,22,unpaired_control,c025,-0.35428428649902344,-2.287445068359375,59
4,22,deploy_to_eval,c025,0.057628631591796875,-2.287445068359375,111
4,22,eval_to_deploy,c025,-0.024930953979492188,-2.1176280975341797,111
4,22,unpaired_control,c025,-0.6141643524169922,-2.287445068359375,59
5,22,deploy_to_eval,c025,-0.018123626708984375,-2.287445068359375,111
5,22,eval_to_deploy,c025,0.06766700744628906,-2.1176280975341797,111
5,22,unpaired_control,c025,-0.6416263580322266,-2.287445068359375,59
6,22,deploy_to_eval,c025,-0.030488967895507812,-2.287445068359375,111
6,22,eval_to_deploy,c025,0.016157150268554688,-2.1176280975341797,111
6,22,unpaired_control,c025,-0.7917881011962891,-2.287445068359375,59
7,22,deploy_to_eval,c025,0.04313850402832031,-2.287445068359375,111
7,22,eval_to_deploy,c025,-0.06652259826660156,-2.1176280975341797,111
7,22,unpaired_control,c025,-0.4974327087402344,-2.287445068359375,59
8,22,deploy_to_eval,c025,0.1415863037109375,-2.287445068359375,111
8,22,eval_to_deploy,c025,-0.15683555603027344,-2.1176280975341797,111
8,22,unpaired_control,c025,-0.3831348419189453,-2.287445068359375,59
9,22,deploy_to_eval,c025,0.1563873291015625,-2.287445068359375,111
9,22,eval_to_deploy,c025,-0.17964553833007812,-2.1176280975341797,111
9,22,unpaired_control,c025,-0.53680419921875,-2.287445068359375,59
10,22,deploy_to_eval,c025,0.3451366424560547,-2.287445068359375,111
10,22,eval_to_deploy,c025,-0.5313358306884766,-2.1176280975341797,111
10,22,unpaired_control,c025,-0.5860443115234375,-2.287445068359375,59
11,22,deploy_to_eval,c025,0.24946022033691406,-2.287445068359375,111
11,22,eval_to_deploy,c025,-0.5505962371826172,-2.1176280975341797,111
11,22,unpaired_control,c025,-1.0855293273925781,-2.287445068359375,59
12,22,deploy_to_eval,c025,0.2740211486816406,-2.287445068359375,111
12,22,eval_to_deploy,c025,-0.618194580078125,-2.1176280975341797,111
12,22,unpaired_control,c025,-0.9074573516845703,-2.287445068359375,59
13,22,deploy_to_eval,c025,0.2936668395996094,-2.287445068359375,111
13,22,eval_to_deploy,c025,-0.6092376708984375,-2.1176280975341797,111
13,22,unpaired_control,c025,-0.9410762786865234,-2.287445068359375,59
14,22,deploy_to_eval,c025,0.36653709411621094,-2.287445068359375,111
14,22,eval_to_deploy,c025,-0.6429309844970703,-2.1176280975341797,111
14,22,unpaired_control,c025,-0.7761058807373047,-2.287445068359375,59
15,22,deploy_to_eval,c025,0.3307476043701172,-2.287445068359375,111
15,22,eval_to_deploy,c025,-0.5806789398193359,-2.1176280975341797,111
15,22,unpaired_control,c025,-0.8957767486572266,-2.287445068359375,59
16,22,deploy_to_eval,c025,0.21847915649414062,-2.287445068359375,111
16,22,eval_to_deploy,c025,-0.2404308319091797,-2.1176280975341797,111
16,22,unpaired_control,c025,-0.9829597473144531,-2.287445068359375,59
17,22,deploy_to_eval,c025,0.22071075439453125,-2.287445068359375,111
17,22,eval_to_deploy,c025,-0.2570629119873047,-2.1176280975341797,111
17,22,unpaired_control,c025,-1.1247730255126953,-2.287445068359375,59
18,22,deploy_to_eval,c025,0.21672439575195312,-2.287445068359375,111
18,22,eval_to_deploy,c025,-0.2512950897216797,-2.1176280975341797,111
18,22,unpaired_control,c025,-1.101663589477539,-2.287445068359375,59
19,22,deploy_to_eval,c025,0.21468544006347656,-2.287445068359375,111
19,22,eval_to_deploy,c025,-0.25609588623046875,-2.1176280975341797,111
19,22,unpaired_control,c025,-1.0771312713623047,-2.287445068359375,59
20,22,deploy_to_eval,c025,0.18831825256347656,-2.287445068359375,111
20,22,eval_to_deploy,c025,-0.1860027313232422,-2.1176280975341797,111
20,22,unpaired_control,c025,-1.040700912475586,-2.287445068359375,59
21,22,deploy_to_eval,c025,0.18945693969726562,-2.287445068359375,111
21,22,eval_to_deploy,c025,-0.18735504150390625,-2.1176280975341797,111
21,22,unpaired_control,c025,-1.0119075775146484,-2.287445068359375,59
22,22,deploy_to_eval,c025,0.18856430053710938,-2.287445068359375,111
22,22,eval_to_deploy,c025,-0.18745040893554688,-2.1176280975341797,111
22,22,unpaired_control,c025,-0.9831771850585938,-2.287445068359375,59
23,22,deploy_to_eval,c025,0.1899852752685547,-2.287445068359375,111
23,22,eval_to_deploy,c025,-0.1900463104248047,-2.1176280975341797,111
23,22,unpaired_control,c025,-1.0200672149658203,-2.287445068359375,59
24,22,deploy_to_eval,c025,0.188690185546875,-2.287445068359375,111
24,22,eval_to_deploy,c025,-0.1883411407470703,-2.1176280975341797,111
24,22,unpaired_control,c025,-1.0190048217773438,-2.287445068359375,59
25,22,deploy_to_eval,c025,0.17673492431640625,-2.287445068359375,111
25,22,eval_to_deploy,c025,-0.17767906188964844,-2.1176280975341797,111
25,22,unpaired_control,c025,-1.0454540252685547,-2.287445068359375,59
26,22,deploy_to_eval,c025,0.1717243194580078,-2.287445068359375,111
26,22,eval_to_deploy,c025,-0.1729278564453125,-2.1176280975341797,111
26,22,unpaired_control,c025,-1.044576644897461,-2.287445068359375,59
27,22,deploy_to_eval,c025,0.1698169708251953,-2.287445068359375,111
27,22,eval_to_deploy,c025,-0.1698169708251953,-2.1176280975341797,111
27,22,unpaired_control,c025,-1.0088367462158203,-2.287445068359375,59
0,23,deploy_to_eval,c029,-0.05615234375,-1.7655906677246094,72
0,23,eval_to_deploy,c029,0.12893295288085938,-3.2962818145751953,72
0,23,unpaired_control,c029,0.0087432861328125,-1.7655906677246094,59
1,23,deploy_to_eval,c029,-0.15030670166015625,-1.7655906677246094,72
1,23,eval_to_deploy,c029,0.11617660522460938,-3.2962818145751953,72
1,23,unpaired_control,c029,0.1844615936279297,-1.7655906677246094,59
2,23,deploy_to_eval,c029,-0.13065147399902344,-1.7655906677246094,72
2,23,eval_to_deploy,c029,0.10431480407714844,-3.2962818145751953,72
2,23,unpaired_control,c029,0.3494682312011719,-1.7655906677246094,59
3,23,deploy_to_eval,c029,-0.26947975158691406,-1.7655906677246094,72
3,23,eval_to_deploy,c029,0.16747665405273438,-3.2962818145751953,72
3,23,unpaired_control,c029,0.4415721893310547,-1.7655906677246094,59
4,23,deploy_to_eval,c029,-0.41201210021972656,-1.7655906677246094,72
4,23,eval_to_deploy,c029,0.17952537536621094,-3.2962818145751953,72
4,23,unpaired_control,c029,0.49631500244140625,-1.7655906677246094,59
5,23,deploy_to_eval,c029,-0.7169513702392578,-1.7655906677246094,72
5,23,eval_to_deploy,c029,0.33246612548828125,-3.2962818145751953,72
5,23,unpaired_control,c029,0.133270263671875,-1.7655906677246094,59
6,23,deploy_to_eval,c029,-0.6981067657470703,-1.7655906677246094,72
6,23,eval_to_deploy,c029,0.4863433837890625,-3.2962818145751953,72
6,23,unpaired_control,c029,0.18556594848632812,-1.7655906677246094,59
7,23,deploy_to_eval,c029,-0.82635498046875,-1.7655906677246094,72
7,23,eval_to_deploy,c029,0.4392242431640625,-3.2962818145751953,72
7,23,unpaired_control,c029,0.15158843994140625,-1.7655906677246094,59
8,23,deploy_to_eval,c029,-0.8943805694580078,-1.7655906677246094,72
8,23,eval_to_deploy,c029,0.5019340515136719,-3.2962818145751953,72
8,23,unpaired_control,c029,0.10647964477539062,-1.7655906677246094,59
9,23,deploy_to_eval,c029,-0.9473152160644531,-1.7655906677246094,72
9,23,eval_to_deploy,c029,0.6222095489501953,-3.2962818145751953,72
9,23,unpaired_control,c029,0.2220783233642578,-1.7655906677246094,59
10,23,deploy_to_eval,c029,-1.1290245056152344,-1.7655906677246094,72
10,23,eval_to_deploy,c029,0.6272525787353516,-3.2962818145751953,72
10,23,unpaired_control,c029,0.27959251403808594,-1.7655906677246094,59
11,23,deploy_to_eval,c029,-1.2108383178710938,-1.7655906677246094,72
11,23,eval_to_deploy,c029,0.6935520172119141,-3.2962818145751953,72
11,23,unpaired_control,c029,0.6401615142822266,-1.7655906677246094,59
12,23,deploy_to_eval,c029,-1.2137031555175781,-1.7655906677246094,72
12,23,eval_to_deploy,c029,0.7637844085693359,-3.2962818145751953,72
12,23,unpaired_control,c029,0.7030067443847656,-1.7655906677246094,59
13,23,deploy_to_eval,c029,-1.2796459197998047,-1.7655906677246094,72
13,23,eval_to_deploy,c029,0.6939601898193359,-3.2962818145751953,72
13,23,unpaired_control,c029,0.7122859954833984,-1.7655906677246094,59
14,23,deploy_to_eval,c029,-1.303436279296875,-1.7655906677246094,72
14,23,eval_to_deploy,c029,0.8616676330566406,-3.2962818145751953,72
14,23,unpaired_control,c029,0.5781917572021484,-1.7655906677246094,59
15,23,deploy_to_eval,c029,-1.4029560089111328,-1.7655906677246094,72
15,23,eval_to_deploy,c029,1.0127067565917969,-3.2962818145751953,72
15,23,unpaired_control,c029,0.5717144012451172,-1.7655906677246094,59
16,23,deploy_to_eval,c029,-1.4461307525634766,-1.7655906677246094,72
16,23,eval_to_deploy,c029,1.4029674530029297,-3.2962818145751953,72
16,23,unpaired_control,c029,0.3815135955810547,-1.7655906677246094,59
17,23,deploy_to_eval,c029,-1.4738445281982422,-1.7655906677246094,72
17,23,eval_to_deploy,c029,1.4134101867675781,-3.2962818145751953,72
17,23,unpaired_control,c029,0.4820079803466797,-1.7655906677246094,59
18,23,deploy_to_eval,c029,-1.505624771118164,-1.7655906677246094,72
18,23,eval_to_deploy,c029,1.4341411590576172,-3.2962818145751953,72
18,23,unpaired_control,c029,0.4798564910888672,-1.7655906677246094,59
19,23,deploy_to_eval,c029,-1.5148353576660156,-1.7655906677246094,72
19,23,eval_to_deploy,c029,1.4431400299072266,-3.2962818145751953,72
19,23,unpaired_control,c029,0.4698810577392578,-1.7655906677246094,59
20,23,deploy_to_eval,c029,-1.518014907836914,-1.7655906677246094,72
20,23,eval_to_deploy,c029,1.5043296813964844,-3.2962818145751953,72
20,23,unpaired_control,c029,0.4028186798095703,-1.7655906677246094,59
21,23,deploy_to_eval,c029,-1.5367469787597656,-1.7655906677246094,72
21,23,eval_to_deploy,c029,1.5727005004882812,-3.2962818145751953,72
21,23,unpaired_control,c029,0.41934967041015625,-1.7655906677246094,59
22,23,deploy_to_eval,c029,-1.5291557312011719,-1.7655906677246094,72
22,23,eval_to_deploy,c029,1.5542259216308594,-3.2962818145751953,72
22,23,unpaired_control,c029,0.4033489227294922,-1.7655906677246094,59
23,23,deploy_to_eval,c029,-1.5231952667236328,-1.7655906677246094,72
23,23,eval_to_deploy,c029,1.5523567199707031,-3.2962818145751953,72
23,23,unpaired_control,c029,0.42864227294921875,-1.7655906677246094,59
24,23,deploy_to_eval,c029,-1.5120124816894531,-1.7655906677246094,72
24,23,eval_to_deploy,c029,1.5172386169433594,-3.2962818145751953,72
24,23,unpaired_control,c029,0.4811248779296875,-1.7655906677246094,59
25,23,deploy_to_eval,c029,-1.5149211883544922,-1.7655906677246094,72
25,23,eval_to_deploy,c029,1.516897201538086,-3.2962818145751953,72
25,23,unpaired_control,c029,0.5099201202392578,-1.7655906677246094,59
26,23,deploy_to_eval,c029,-1.5102519989013672,-1.7655906677246094,72
26,23,eval_to_deploy,c029,1.4907360076904297,-3.2962818145751953,72
26,23,unpaired_control,c029,0.5512771606445312,-1.7655906677246094,59
27,23,deploy_to_eval,c029,-1.530691146850586,-1.7655906677246094,72
27,23,eval_to_deploy,c029,1.530691146850586,-3.2962818145751953,72
27,23,unpaired_control,c029,0.4894676208496094,-1.7655906677246094,59
0,24,deploy_to_eval,c014,-0.10808563232421875,-1.2509269714355469,122
0,24,eval_to_deploy,c014,0.08443641662597656,-1.276123046875,122
0,24,unpaired_control,c014,-0.24870681762695312,-1.2509269714355469,79
1,24,deploy_to_eval,c014,-0.1673431396484375,-1.2509269714355469,122
1,24,eval_to_deploy,c014,0.15564346313476562,-1.276123046875,122
1,24,unpaired_control,c014,-0.1984539031982422,-1.2509269714355469,79
2,24,deploy_to_eval,c014,-0.2917327880859375,-1.2509269714355469,122
2,24,eval_to_deploy,c014,0.20275115966796875,-1.276123046875,122
2,24,unpaired_control,c014,-0.3739643096923828,-1.2509269714355469,79
3,24,deploy_to_eval,c014,-0.0509796142578125,-1.2509269714355469,122
3,24,eval_to_deploy,c014,0.11529922485351562,-1.276123046875,122
3,24,unpaired_control,c014,-0.5062904357910156,-1.2509269714355469,79
4,24,deploy_to_eval,c014,-0.10158729553222656,-1.2509269714355469,122
4,24,eval_to_deploy,c014,0.06348228454589844,-1.276123046875,122
4,24,unpaired_control,c014,-0.4321880340576172,-1.2509269714355469,79
5,24,deploy_to_eval,c014,0.4393272399902344,-1.2509269714355469,122
5,24,eval_to_deploy,c014,-0.3315277099609375,-1.276123046875,122
5,24,unpaired_control,c014,0.19470787048339844,-1.2509269714355469,79
6,24,deploy_to_eval,c014,1.0200729370117188,-1.2509269714355469,122
6,24,eval_to_deploy,c014,-0.9363059997558594,-1.276123046875,122
6,24,unpaired_control,c014,0.7912197113037109,-1.2509269714355469,79
7,24,deploy_to_eval,c014,1.1034812927246094,-1.2509269714355469,122
7,24,eval_to_deploy,c014,-1.0823650360107422,-1.276123046875,122
7,24,unpaired_control,c014,0.8782577514648438,-1.2509269714355469,79
8,24,deploy_to_eval,c014,1.2536983489990234,-1.2509269714355469,122
8,24,eval_to_deploy,c014,-1.0962715148925781,-1.276123046875,122
8,24,unpaired_control,c014,1.0050106048583984,-1.2509269714355469,79
9,24,deploy_to_eval,c014,1.1332168579101562,-1.2509269714355469,122
9,24,eval_to_deploy,c014,-1.0176773071289062,-1.276123046875,122
9,24,unpaired_control,c014,0.7715778350830078,-1.2509269714355469,79
10,24,deploy_to_eval,c014,0.8150081634521484,-1.2509269714355469,122
10,24,eval_to_deploy,c014,-0.8217678070068359,-1.276123046875,122
10,24,unpaired_control,c014,-0.062137603759765625,-1.2509269714355469,79
11,24,deploy_to_eval,c014,-0.021184921264648438,-1.2509269714355469,122
11,24,eval_to_deploy,c014,-0.03984260559082031,-1.276123046875,122
11,24,unpaired_control,c014,-0.9772834777832031,-1.2509269714355469,79
12,24,deploy_to_eval,c014,0.00453948974609375,-1.2509269714355469,122
12,24,eval_to_deploy,c014,-0.09901618957519531,-1.276123046875,122
12,24,unpaired_control,c014,-0.8532810211181641,-1.2509269714355469,79
13,24,deploy_to_eval,c014,-0.014539718627929688,-1.2509269714355469,122
13,24,eval_to_deploy,c014,-0.04638862609863281,-1.276123046875,122
13,24,unpaired_control,c014,-0.8974857330322266,-1.2509269714355469,79
14,24,deploy_to_eval,c014,-0.004505157470703125,-1.2509269714355469,122
14,24,eval_to_deploy,c014,-0.0023746490478515625,-1.276123046875,122
14,24,unpaired_control,c014,-0.8476028442382812,-1.2509269714355469,79
15,24,deploy_to_eval,c014,-0.009344100952148438,-1.2509269714355469,122
15,24,eval_to_deploy,c014,-0.01480865478515625,-1.276123046875,122
15,24,unpaired_control,c014,-0.8700180053710938,-1.2509269714355469,79
16,24,deploy_to_eval,c014,-0.058483123779296875,-1.2509269714355469,122
16,24,eval_to_deploy,c014,0.07921409606933594,-1.276123046875,122
16,24,unpaired_control,c014,-0.9544086456298828,-1.2509269714355469,79
17,24,deploy_to_eval,c014,-0.047550201416015625,-1.2509269714355469,122
17,24,eval_to_deploy,c014,0.05426788330078125,-1.276123046875,122
17,24,unpaired_control,c014,-0.9718742370605469,-1.2509269714355469,79
18,24,deploy_to_eval,c014,-0.03695106506347656,-1.2509269714355469,122
18,24,eval_to_deploy,c014,0.042266845703125,-1.276123046875,122
18,24,unpaired_control,c014,-0.9692592620849609,-1.2509269714355469,79
19,24,deploy_to_eval,c014,-0.04166603088378906,-1.2509269714355469,122
19,24,eval_to_deploy,c014,0.04697608947753906,-1.276123046875,122
19,24,unpaired_control,c014,-1.0040130615234375,-1.2509269714355469,79
20,24,deploy_to_eval,c014,-0.04115104675292969,-1.2509269714355469,122
20,24,eval_to_deploy,c014,0.03383636474609375,-1.276123046875,122
20,24,unpaired_control,c014,-0.9809837341308594,-1.2509269714355469,79
21,24,deploy_to_eval,c014,-0.04175758361816406,-1.2509269714355469,122
21,24,eval_to_deploy,c014,0.043949127197265625,-1.276123046875,122
21,24,unpaired_control,c014,-1.0190773010253906,-1.2509269714355469,79
22,24,deploy_to_eval,c014,-0.03913307189941406,-1.2509269714355469,122
22,24,eval_to_deploy,c014,0.04163169860839844,-1.276123046875,122
22,24,unpaired_control,c014,-1.0244026184082031,-1.2509269714355469,79
23,24,deploy_to_eval,c014,-0.041027069091796875,-1.2509269714355469,122
23,24,eval_to_deploy,c014,0.049701690673828125,-1.276123046875,122
23,24,unpaired_control,c014,-1.0322341918945312,-1.2509269714355469,79
24,24,deploy_to_eval,c014,-0.03294563293457031,-1.2509269714355469,122
24,24,eval_to_deploy,c014,0.043487548828125,-1.276123046875,122
24,24,unpaired_control,c014,-1.0043048858642578,-1.2509269714355469,79
25,24,deploy_to_eval,c014,-0.04289817810058594,-1.2509269714355469,122
25,24,eval_to_deploy,c014,0.053714752197265625,-1.276123046875,122
25,24,unpaired_control,c014,-0.9964313507080078,-1.2509269714355469,79
26,24,deploy_to_eval,c014,-0.06209564208984375,-1.2509269714355469,122
26,24,eval_to_deploy,c014,0.06943130493164062,-1.276123046875,122
26,24,unpaired_control,c014,-1.0336894989013672,-1.2509269714355469,79
27,24,deploy_to_eval,c014,-0.025196075439453125,-1.2509269714355469,122
27,24,eval_to_deploy,c014,0.025196075439453125,-1.276123046875,122
27,24,unpaired_control,c014,-1.0404853820800781,-1.2509269714355469,79
0,25,deploy_to_eval,c002,0.03973197937011719,-1.1195449829101562,102
0,25,eval_to_deploy,c002,0.009769439697265625,-2.291412353515625,102
0,25,unpaired_control,c002,0.024232864379882812,-1.1195449829101562,79
1,25,deploy_to_eval,c002,0.5054187774658203,-1.1195449829101562,102
1,25,eval_to_deploy,c002,-0.07063484191894531,-2.291412353515625,102
1,25,unpaired_control,c002,0.27735137939453125,-1.1195449829101562,79
2,25,deploy_to_eval,c002,0.5975990295410156,-1.1195449829101562,102
2,25,eval_to_deploy,c002,-0.1474456787109375,-2.291412353515625,102
2,25,unpaired_control,c002,0.18785858154296875,-1.1195449829101562,79
3,25,deploy_to_eval,c002,0.6680908203125,-1.1195449829101562,102
3,25,eval_to_deploy,c002,-0.16940879821777344,-2.291412353515625,102
3,25,unpaired_control,c002,0.6145420074462891,-1.1195449829101562,79
4,25,deploy_to_eval,c002,0.8245067596435547,-1.1195449829101562,102
4,25,eval_to_deploy,c002,-0.15011024475097656,-2.291412353515625,102
4,25,unpaired_control,c002,0.7889328002929688,-1.1195449829101562,79
5,25,deploy_to_eval,c002,0.9552860260009766,-1.1195449829101562,102
5,25,eval_to_deploy,c002,-0.1795825958251953,-2.291412353515625,102
5,25,unpaired_control,c002,0.9115333557128906,-1.1195449829101562,79
6,25,deploy_to_eval,c002,0.2037982940673828,-1.1195449829101562,102
6,25,eval_to_deploy,c002,-0.014421463012695312,-2.291412353515625,102
6,25,unpaired_control,c002,0.25060272216796875,-1.1195449829101562,79
7,25,deploy_to_eval,c002,0.21570396423339844,-1.1195449829101562,102
7,25,eval_to_deploy,c002,0.08419418334960938,-2.291412353515625,102
7,25,unpaired_control,c002,0.42529869079589844,-1.1195449829101562,79
8,25,deploy_to_eval,c002,0.4723014831542969,-1.1195449829101562,102
8,25,eval_to_deploy,c002,0.01116943359375,-2.291412353515625,102
8,25,unpaired_control,c002,0.5484848022460938,-1.1195449829101562,79
9,25,deploy_to_eval,c002,0.0122222900390625,-1.1195449829101562,102
9,25,eval_to_deploy,c002,0.06822586059570312,-2.291412353515625,102
9,25,unpaired_control,c002,0.2977561950683594,-1.1195449829101562,79
10,25,deploy_to_eval,c002,-0.2741680145263672,-1.1195449829101562,102
10,25,eval_to_deploy,c002,0.32233238220214844,-2.291412353515625,102
10,25,unpaired_control,c002,0.359100341796875,-1.1195449829101562,79
11,25,deploy_to_eval,c002,-0.8231735229492188,-1.1195449829101562,102
11,25,eval_to_deploy,c002,0.6307277679443359,-2.291412353515625,102
11,25,unpaired_control,c002,-0.34201812744140625,-1.1195449829101562,79
12,25,deploy_to_eval,c002,-0.8070602416992188,-1.1195449829101562,102
12,25,eval_to_deploy,c002,0.6814346313476562,-2.291412353515625,102
12,25,unpaired_control,c002,-0.26605987548828125,-1.1195449829101562,79
13,25,deploy_to_eval,c002,-0.8965034484863281,-1.1195449829101562,102
13,25,eval_to_deploy,c002,0.7147426605224609,-2.291412353515625,102
13,25,unpaired_control,c002,-0.29065704345703125,-1.1195449829101562,79
14,25,deploy_to_eval,c002,-0.9625511169433594,-1.1195449829101562,102
14,25,eval_to_deploy,c002,1.2388973236083984,-2.291412353515625,102
14,25,unpaired_control,c002,-0.3791217803955078,-1.1195449829101562,79
15,25,deploy_to_eval,c002,-1.0086593627929688,-1.1195449829101562,102
15,25,eval_to_deploy,c002,1.075448989868164,-2.291412353515625,102
15,25,unpaired_control,c002,-0.4006633758544922,-1.1195449829101562,79
16,25,deploy_to_eval,c002,-1.1991958618164062,-1.1195449829101562,102
16,25,eval_to_deploy,c002,1.168222427368164,-2.291412353515625,102
16,25,unpaired_control,c002,-0.6677646636962891,-1.1195449829101562,79
17,25,deploy_to_eval,c002,-1.2082386016845703,-1.1195449829101562,102
17,25,eval_to_deploy,c002,1.1796531677246094,-2.291412353515625,102
17,25,unpaired_control,c002,-0.7212562561035156,-1.1195449829101562,79
18,25,deploy_to_eval,c002,-1.1974773406982422,-1.1195449829101562,102
18,25,eval_to_deploy,c002,1.1926765441894531,-2.291412353515625,102
18,25,unpaired_control,c002,-0.7375850677490234,-1.1195449829101562,79
19,25,deploy_to_eval,c002,-1.2179946899414062,-1.1195449829101562,102
19,25,eval_to_deploy,c002,1.2004852294921875,-2.291412353515625,102
19,25,unpaired_control,c002,-0.7382659912109375,-1.1195449829101562,79
20,25,deploy_to_eval,c002,-1.2196903228759766,-1.1195449829101562,102
20,25,eval_to_deploy,c002,1.1956005096435547,-2.291412353515625,102
20,25,unpaired_control,c002,-0.7698593139648438,-1.1195449829101562,79
21,25,deploy_to_eval,c002,-1.212606430053711,-1.1195449829101562,102
21,25,eval_to_deploy,c002,1.2429141998291016,-2.291412353515625,102
21,25,unpaired_control,c002,-0.7437114715576172,-1.1195449829101562,79
22,25,deploy_to_eval,c002,-1.2207145690917969,-1.1195449829101562,102
22,25,eval_to_deploy,c002,1.260284423828125,-2.291412353515625,102
22,25,unpaired_control,c002,-0.7391128540039062,-1.1195449829101562,79
23,25,deploy_to_eval,c002,-1.2139167785644531,-1.1195449829101562,102
23,25,eval_to_deploy,c002,1.249856948852539,-2.291412353515625,102
23,25,unpaired_control,c002,-0.7302875518798828,-1.1195449829101562,79
24,25,deploy_to_eval,c002,-1.1628646850585938,-1.1195449829101562,102
24,25,eval_to_deploy,c002,1.151327133178711,-2.291412353515625,102
24,25,unpaired_control,c002,-0.7224502563476562,-1.1195449829101562,79
25,25,deploy_to_eval,c002,-1.1502685546875,-1.1195449829101562,102
25,25,eval_to_deploy,c002,1.132476806640625,-2.291412353515625,102
25,25,unpaired_control,c002,-0.7248153686523438,-1.1195449829101562,79
26,25,deploy_to_eval,c002,-1.0296764373779297,-1.1195449829101562,102
26,25,eval_to_deploy,c002,0.9444408416748047,-2.291412353515625,102
26,25,unpaired_control,c002,-0.5901279449462891,-1.1195449829101562,79
27,25,deploy_to_eval,c002,-1.1718673706054688,-1.1195449829101562,102
27,25,eval_to_deploy,c002,1.1718673706054688,-2.291412353515625,102
27,25,unpaired_control,c002,-0.7222728729248047,-1.1195449829101562,79
0,26,deploy_to_eval,c023,-0.07506370544433594,-1.2335968017578125,100
0,26,eval_to_deploy,c023,0.027851104736328125,-1.841817855834961,100
0,26,unpaired_control,c023,-0.0063190460205078125,-1.2335968017578125,79
1,26,deploy_to_eval,c023,-0.04573822021484375,-1.2335968017578125,100
1,26,eval_to_deploy,c023,0.04655265808105469,-1.841817855834961,100
1,26,unpaired_control,c023,0.04120063781738281,-1.2335968017578125,79
2,26,deploy_to_eval,c023,-0.06114959716796875,-1.2335968017578125,100
2,26,eval_to_deploy,c023,-0.03497314453125,-1.841817855834961,100
2,26,unpaired_control,c023,-0.09777259826660156,-1.2335968017578125,79
3,26,deploy_to_eval,c023,0.044338226318359375,-1.2335968017578125,100
3,26,eval_to_deploy,c023,-0.019506454467773438,-1.841817855834961,100
3,26,unpaired_control,c023,0.031749725341796875,-1.2335968017578125,79
4,26,deploy_to_eval,c023,0.00421905517578125,-1.2335968017578125,100
4,26,eval_to_deploy,c023,-0.029857635498046875,-1.841817855834961,100
4,26,unpaired_control,c023,-0.07244110107421875,-1.2335968017578125,79
5,26,deploy_to_eval,c023,-0.031894683837890625,-1.2335968017578125,100
5,26,eval_to_deploy,c023,-0.023525238037109375,-1.841817855834961,100
5,26,unpaired_control,c023,-0.08769607543945312,-1.2335968017578125,79
6,26,deploy_to_eval,c023,-0.061054229736328125,-1.2335968017578125,100
6,26,eval_to_deploy,c023,0.003520965576171875,-1.841817855834961,100
6,26,unpaired_control,c023,-0.2292499542236328,-1.2335968017578125,79
7,26,deploy_to_eval,c023,0.05775260925292969,-1.2335968017578125,100
7,26,eval_to_deploy,c023,-0.16469764709472656,-1.841817855834961,100
7,26,unpaired_control,c023,-0.42279624938964844,-1.2335968017578125,79
8,26,deploy_to_eval,c023,0.15056610107421875,-1.2335968017578125,100
8,26,eval_to_deploy,c023,-0.25725555419921875,-1.841817855834961,100
8,26,unpaired_control,c023,-0.4041423797607422,-1.2335968017578125,79
9,26,deploy_to_eval,c023,0.034832000732421875,-1.2335968017578125,100
9,26,eval_to_deploy,c023,-0.24374771118164062,-1.841817855834961,100
9,26,unpaired_control,c023,-0.5094757080078125,-1.2335968017578125,79
10,26,deploy_to_eval,c023,0.0063266754150390625,-1.2335968017578125,100
10,26,eval_to_deploy,c023,-0.2027568817138672,-1.841817855834961,100
10,26,unpaired_control,c023,-0.7938823699951172,-1.2335968017578125,79
11,26,deploy_to_eval,c023,-0.3474998474121094,-1.2335968017578125,100
11,26,eval_to_deploy,c023,-0.0026950836181640625,-1.841817855834961,100
11,26,unpaired_control,c023,-1.2070255279541016,-1.2335968017578125,79
12,26,deploy_to_eval,c023,-0.32704734802246094,-1.2335968017578125,100
12,26,eval_to_deploy,c023,0.01892852783203125,-1.841817855834961,100
12,26,unpaired_control,c023,-1.4455909729003906,-1.2335968017578125,79
13,26,deploy_to_eval,c023,-0.3508033752441406,-1.2335968017578125,100
13,26,eval_to_deploy,c023,0.06844711303710938,-1.841817855834961,100
13,26,unpaired_control,c023,-1.5231494903564453,-1.2335968017578125,79
14,26,deploy_to_eval,c023,-0.326995849609375,-1.2335968017578125,100
14,26,eval_to_deploy,c023,0.1491374969482422,-1.841817855834961,100
14,26,unpaired_control,c023,-1.510141372680664,-1.2335968017578125,79
15,26,deploy_to_eval,c023,-0.3493328094482422,-1.2335968017578125,100
15,26,eval_to_deploy,c023,0.19200706481933594,-1.841817855834961,100
15,26,unpaired_control,c023,-1.6769027709960938,-1.2335968017578125,79
16,26,deploy_to_eval,c023,-0.7084445953369141,-1.2335968017578125,100
16,26,eval_to_deploy,c023,0.7129421234130859,-1.841817855834961,100
16,26,unpaired_control,c023,-1.8652896881103516,-1.2335968017578125,79
17,26,deploy_to_eval,c023,-0.6850643157958984,-1.2335968017578125,100
17,26,eval_to_deploy,c023,0.6874065399169922,-1.841817855834961,100
17,26,unpaired_control,c023,-1.8563423156738281,-1.2335968017578125,79
18,26,deploy_to_eval,c023,-0.6890640258789062,-1.2335968017578125,100
18,26,eval_to_deploy,c023,0.6849384307861328,-1.841817855834961,100
18,26,unpaired_control,c023,-1.8655643463134766,-1.2335968017578125,79
19,26,deploy_to_eval,c023,-0.6825618743896484,-1.2335968017578125,100
19,26,eval_to_deploy,c023,0.6762447357177734,-1.841817855834961,100
19,26,unpaired_control,c023,-1.864583969116211,-1.2335968017578125,79
20,26,deploy_to_eval,c023,-0.7033958435058594,-1.2335968017578125,100
20,26,eval_to_deploy,c023,0.7024078369140625,-1.841817855834961,100
20,26,unpaired_control,c023,-1.9218215942382812,-1.2335968017578125,79
21,26,deploy_to_eval,c023,-0.7241020202636719,-1.2335968017578125,100
21,26,eval_to_deploy,c023,0.7394809722900391,-1.841817855834961,100
21,26,unpaired_control,c023,-1.925149917602539,-1.2335968017578125,79
22,26,deploy_to_eval,c023,-0.7174797058105469,-1.2335968017578125,100
22,26,eval_to_deploy,c023,0.7299118041992188,-1.841817855834961,100
22,26,unpaired_control,c023,-1.9272956848144531,-1.2335968017578125,79
23,26,deploy_to_eval,c023,-0.7261333465576172,-1.2335968017578125,100
23,26,eval_to_deploy,c023,0.7367267608642578,-1.841817855834961,100
23,26,unpaired_control,c023,-1.9419307708740234,-1.2335968017578125,79
24,26,deploy_to_eval,c023,-0.7118606567382812,-1.2335968017578125,100
24,26,eval_to_deploy,c023,0.7135601043701172,-1.841817855834961,100
24,26,unpaired_control,c023,-1.9082012176513672,-1.2335968017578125,79
25,26,deploy_to_eval,c023,-0.7145214080810547,-1.2335968017578125,100
25,26,eval_to_deploy,c023,0.7173709869384766,-1.841817855834961,100
25,26,unpaired_control,c023,-1.893198013305664,-1.2335968017578125,79
26,26,deploy_to_eval,c023,-0.6746673583984375,-1.2335968017578125,100
26,26,eval_to_deploy,c023,0.6798210144042969,-1.841817855834961,100
26,26,unpaired_control,c023,-1.9067573547363281,-1.2335968017578125,79
27,26,deploy_to_eval,c023,-0.6082210540771484,-1.2335968017578125,100
27,26,eval_to_deploy,c023,0.6082210540771484,-1.841817855834961,100
27,26,unpaired_control,c023,-1.8640060424804688,-1.2335968017578125,79
0,27,deploy_to_eval,c046,0.15630531311035156,-0.6079063415527344,109
0,27,eval_to_deploy,c046,0.03211402893066406,-3.0976028442382812,109
0,27,unpaired_control,c046,0.1953105926513672,-0.6079063415527344,79
1,27,deploy_to_eval,c046,0.19591140747070312,-0.6079063415527344,109
1,27,eval_to_deploy,c046,0.0074367523193359375,-3.0976028442382812,109
1,27,unpaired_control,c046,0.1686229705810547,-0.6079063415527344,79
2,27,deploy_to_eval,c046,0.13045501708984375,-0.6079063415527344,109
2,27,eval_to_deploy,c046,0.050018310546875,-3.0976028442382812,109
2,27,unpaired_control,c046,0.20266342163085938,-0.6079063415527344,79
3,27,deploy_to_eval,c046,0.3332061767578125,-0.6079063415527344,109
3,27,eval_to_deploy,c046,0.1210784912109375,-3.0976028442382812,109
3,27,unpaired_control,c046,0.46324729919433594,-0.6079063415527344,79
4,27,deploy_to_eval,c046,0.3531322479248047,-0.6079063415527344,109
4,27,eval_to_deploy,c046,0.10768699645996094,-3.0976028442382812,109
4,27,unpaired_control,c046,0.7046852111816406,-0.6079063415527344,79
5,27,deploy_to_eval,c046,0.43735694885253906,-0.6079063415527344,109
5,27,eval_to_deploy,c046,0.2158355712890625,-3.0976028442382812,109
5,27,unpaired_control,c046,0.7975425720214844,-0.6079063415527344,79
6,27,deploy_to_eval,c046,0.4308662414550781,-0.6079063415527344,109
6,27,eval_to_deploy,c046,0.24446868896484375,-3.0976028442382812,109
6,27,unpaired_control,c046,0.7529506683349609,-0.6079063415527344,79
7,27,deploy_to_eval,c046,-0.010313034057617188,-0.6079063415527344,109
7,27,eval_to_deploy,c046,0.06005287170410156,-3.0976028442382812,109
7,27,unpaired_control,c046,0.7480926513671875,-0.6079063415527344,79
8,27,deploy_to_eval,c046,0.05266380310058594,-0.6079063415527344,109
8,27,eval_to_deploy,c046,0.06399154663085938,-3.0976028442382812,109
8,27,unpaired_control,c046,0.934326171875,-0.6079063415527344,79
9,27,deploy_to_eval,c046,-0.5937900543212891,-0.6079063415527344,109
9,27,eval_to_deploy,c046,0.1745128631591797,-3.0976028442382812,109
9,27,unpaired_control,c046,0.24165916442871094,-0.6079063415527344,79
10,27,deploy_to_eval,c046,-0.6615276336669922,-0.6079063415527344,109
10,27,eval_to_deploy,c046,0.5771255493164062,-3.0976028442382812,109
10,27,unpaired_control,c046,0.16872024536132812,-0.6079063415527344,79
11,27,deploy_to_eval,c046,-1.734304428100586,-0.6079063415527344,109
11,27,eval_to_deploy,c046,0.8756656646728516,-3.0976028442382812,109
11,27,unpaired_control,c046,-0.42494773864746094,-0.6079063415527344,79
12,27,deploy_to_eval,c046,-2.145711898803711,-0.6079063415527344,109
12,27,eval_to_deploy,c046,1.501424789428711,-3.0976028442382812,109
12,27,unpaired_control,c046,-0.45879554748535156,-0.6079063415527344,79
13,27,deploy_to_eval,c046,-2.137979507446289,-0.6079063415527344,109
13,27,eval_to_deploy,c046,1.5243263244628906,-3.0976028442382812,109
13,27,unpaired_control,c046,-0.4633216857910156,-0.6079063415527344,79
14,27,deploy_to_eval,c046,-2.09619140625,-0.6079063415527344,109
14,27,eval_to_deploy,c046,1.553384780883789,-3.0976028442382812,109
14,27,unpaired_control,c046,-0.49784088134765625,-0.6079063415527344,79
15,27,deploy_to_eval,c046,-2.290668487548828,-0.6079063415527344,109
15,27,eval_to_deploy,c046,1.8843326568603516,-3.0976028442382812,109
15,27,unpaired_control,c046,-0.6645565032958984,-0.6079063415527344,79
16,27,deploy_to_eval,c046,-2.438823699951172,-0.6079063415527344,109
16,27,eval_to_deploy,c046,2.4962425231933594,-3.0976028442382812,109
16,27,unpaired_control,c046,-1.2210693359375,-0.6079063415527344,79
17,27,deploy_to_eval,c046,-2.468311309814453,-0.6079063415527344,109
17,27,eval_to_deploy,c046,2.499086380004883,-3.0976028442382812,109
17,27,unpaired_control,c046,-1.2638835906982422,-0.6079063415527344,79
18,27,deploy_to_eval,c046,-2.489328384399414,-0.6079063415527344,109
18,27,eval_to_deploy,c046,2.5022640228271484,-3.0976028442382812,109
18,27,unpaired_control,c046,-1.2594566345214844,-0.6079063415527344,79
19,27,deploy_to_eval,c046,-2.4848480224609375,-0.6079063415527344,109
19,27,eval_to_deploy,c046,2.500701904296875,-3.0976028442382812,109
19,27,unpaired_control,c046,-1.2596073150634766,-0.6079063415527344,79
20,27,deploy_to_eval,c046,-2.487569808959961,-0.6079063415527344,109
20,27,eval_to_deploy,c046,2.420024871826172,-3.0976028442382812,109
20,27,unpaired_control,c046,-1.2633113861083984,-0.6079063415527344,79
21,27,deploy_to_eval,c046,-2.480459213256836,-0.6079063415527344,109
21,27,eval_to_deploy,c046,2.4603347778320312,-3.0976028442382812,109
21,27,unpaired_control,c046,-1.2700424194335938,-0.6079063415527344,79
22,27,deploy_to_eval,c046,-2.4828357696533203,-0.6079063415527344,109
22,27,eval_to_deploy,c046,2.476879119873047,-3.0976028442382812,109
22,27,unpaired_control,c046,-1.2806358337402344,-0.6079063415527344,79
23,27,deploy_to_eval,c046,-2.4852237701416016,-0.6079063415527344,109
23,27,eval_to_deploy,c046,2.4810829162597656,-3.0976028442382812,109
23,27,unpaired_control,c046,-1.2709922790527344,-0.6079063415527344,79
24,27,deploy_to_eval,c046,-2.4803466796875,-0.6079063415527344,109
24,27,eval_to_deploy,c046,2.4752197265625,-3.0976028442382812,109
24,27,unpaired_control,c046,-1.2602100372314453,-0.6079063415527344,79
25,27,deploy_to_eval,c046,-2.4798107147216797,-0.6079063415527344,109
25,27,eval_to_deploy,c046,2.477203369140625,-3.0976028442382812,109
25,27,unpaired_control,c046,-1.2751998901367188,-0.6079063415527344,79
26,27,deploy_to_eval,c046,-2.476400375366211,-0.6079063415527344,109
26,27,eval_to_deploy,c046,2.4769535064697266,-3.0976028442382812,109
26,27,unpaired_control,c046,-1.2986087799072266,-0.6079063415527344,79
27,27,deploy_to_eval,c046,-2.489696502685547,-0.6079063415527344,109
27,27,eval_to_deploy,c046,2.489696502685547,-3.0976028442382812,109
27,27,unpaired_control,c046,-1.2433338165283203,-0.6079063415527344,79
0,28,deploy_to_eval,c022,-0.026372909545898438,-1.7016124725341797,106
0,28,eval_to_deploy,c022,0.04600715637207031,-1.8512401580810547,106
0,28,unpaired_control,c022,-0.07228279113769531,-1.7016124725341797,79
1,28,deploy_to_eval,c022,-0.021841049194335938,-1.7016124725341797,106
1,28,eval_to_deploy,c022,0.016504287719726562,-1.8512401580810547,106
1,28,unpaired_control,c022,-0.2100391387939453,-1.7016124725341797,79
2,28,deploy_to_eval,c022,-0.09125709533691406,-1.7016124725341797,106
2,28,eval_to_deploy,c022,0.032802581787109375,-1.8512401580810547,106
2,28,unpaired_control,c022,-0.2653350830078125,-1.7016124725341797,79
3,28,deploy_to_eval,c022,-0.0059871673583984375,-1.7016124725341797,106
3,28,eval_to_deploy,c022,-0.060680389404296875,-1.8512401580810547,106
3,28,unpaired_control,c022,-0.17035293579101562,-1.7016124725341797,79
4,28,deploy_to_eval,c022,-0.05432891845703125,-1.7016124725341797,106
4,28,eval_to_deploy,c022,-0.016590118408203125,-1.8512401580810547,106
4,28,unpaired_control,c022,-0.16629600524902344,-1.7016124725341797,79
5,28,deploy_to_eval,c022,0.07522964477539062,-1.7016124725341797,106
5,28,eval_to_deploy,c022,-0.006378173828125,-1.8512401580810547,106
5,28,unpaired_control,c022,-0.13578224182128906,-1.7016124725341797,79
6,28,deploy_to_eval,c022,0.00362396240234375,-1.7016124725341797,106
6,28,eval_to_deploy,c022,0.03495597839355469,-1.8512401580810547,106
6,28,unpaired_control,c022,-0.17110061645507812,-1.7016124725341797,79
7,28,deploy_to_eval,c022,-0.008831024169921875,-1.7016124725341797,106
7,28,eval_to_deploy,c022,0.056285858154296875,-1.8512401580810547,106
7,28,unpaired_control,c022,-0.3478584289550781,-1.7016124725341797,79
8,28,deploy_to_eval,c022,0.08276939392089844,-1.7016124725341797,106
8,28,eval_to_deploy,c022,0.005535125732421875,-1.8512401580810547,106
8,28,unpaired_control,c022,-0.3405876159667969,-1.7016124725341797,79
9,28,deploy_to_eval,c022,0.056365966796875,-1.7016124725341797,106
9,28,eval_to_deploy,c022,0.026800155639648438,-1.8512401580810547,106
9,28,unpaired_control,c022,-0.4390373229980469,-1.7016124725341797,79
10,28,deploy_to_eval,c022,-0.014461517333984375,-1.7016124725341797,106
10,28,eval_to_deploy,c022,0.12926673889160156,-1.8512401580810547,106
10,28,unpaired_control,c022,-0.2794914245605469,-1.7016124725341797,79
11,28,deploy_to_eval,c022,-0.2125110626220703,-1.7016124725341797,106
11,28,eval_to_deploy,c022,0.24893569946289062,-1.8512401580810547,106
11,28,unpaired_control,c022,-0.6092109680175781,-1.7016124725341797,79
12,28,deploy_to_eval,c022,-0.2269611358642578,-1.7016124725341797,106
12,28,eval_to_deploy,c022,0.18851280212402344,-1.8512401580810547,106
12,28,unpaired_control,c022,-0.4653186798095703,-1.7016124725341797,79
13,28,deploy_to_eval,c022,-0.24201011657714844,-1.7016124725341797,106
13,28,eval_to_deploy,c022,0.18117332458496094,-1.8512401580810547,106
13,28,unpaired_control,c022,-0.4510040283203125,-1.7016124725341797,79
14,28,deploy_to_eval,c022,-0.15322303771972656,-1.7016124725341797,106
14,28,eval_to_deploy,c022,0.12082672119140625,-1.8512401580810547,106
14,28,unpaired_control,c022,-0.3455982208251953,-1.7016124725341797,79
15,28,deploy_to_eval,c022,-0.1942920684814453,-1.7016124725341797,106
15,28,eval_to_deploy,c022,0.13125038146972656,-1.8512401580810547,106
15,28,unpaired_control,c022,-0.2990570068359375,-1.7016124725341797,79
16,28,deploy_to_eval,c022,-0.22129440307617188,-1.7016124725341797,106
16,28,eval_to_deploy,c022,0.21103286743164062,-1.8512401580810547,106
16,28,unpaired_control,c022,-0.36980628967285156,-1.7016124725341797,79
17,28,deploy_to_eval,c022,-0.22134971618652344,-1.7016124725341797,106
17,28,eval_to_deploy,c022,0.2101573944091797,-1.8512401580810547,106
17,28,unpaired_control,c022,-0.3278656005859375,-1.7016124725341797,79
18,28,deploy_to_eval,c022,-0.2240123748779297,-1.7016124725341797,106
18,28,eval_to_deploy,c022,0.2131938934326172,-1.8512401580810547,106
18,28,unpaired_control,c022,-0.3463935852050781,-1.7016124725341797,79
19,28,deploy_to_eval,c022,-0.22472572326660156,-1.7016124725341797,106
19,28,eval_to_deploy,c022,0.20680809020996094,-1.8512401580810547,106
19,28,unpaired_control,c022,-0.3411083221435547,-1.7016124725341797,79
20,28,deploy_to_eval,c022,-0.2082386016845703,-1.7016124725341797,106
20,28,eval_to_deploy,c022,0.1983661651611328,-1.8512401580810547,106
20,28,unpaired_control,c022,-0.28085899353027344,-1.7016124725341797,79
21,28,deploy_to_eval,c022,-0.20494651794433594,-1.7016124725341797,106
21,28,eval_to_deploy,c022,0.1993389129638672,-1.8512401580810547,106
21,28,unpaired_control,c022,-0.26639366149902344,-1.7016124725341797,79
22,28,deploy_to_eval,c022,-0.2096385955810547,-1.7016124725341797,106
22,28,eval_to_deploy,c022,0.20177650451660156,-1.8512401580810547,106
22,28,unpaired_control,c022,-0.2581367492675781,-1.7016124725341797,79
23,28,deploy_to_eval,c022,-0.1883106231689453,-1.7016124725341797,106
23,28,eval_to_deploy,c022,0.18315887451171875,-1.8512401580810547,106
23,28,unpaired_control,c022,-0.2476959228515625,-1.7016124725341797,79
24,28,deploy_to_eval,c022,-0.171356201171875,-1.7016124725341797,106
24,28,eval_to_deploy,c022,0.16753578186035156,-1.8512401580810547,106
24,28,unpaired_control,c022,-0.2236175537109375,-1.7016124725341797,79
25,28,deploy_to_eval,c022,-0.16527175903320312,-1.7016124725341797,106
25,28,eval_to_deploy,c022,0.16216659545898438,-1.8512401580810547,106
25,28,unpaired_control,c022,-0.20148086547851562,-1.7016124725341797,79
26,28,deploy_to_eval,c022,-0.1739063262939453,-1.7016124725341797,106
26,28,eval_to_deploy,c022,0.16982650756835938,-1.8512401580810547,106
26,28,unpaired_control,c022,-0.26407623291015625,-1.7016124725341797,79
27,28,deploy_to_eval,c022,-0.149627685546875,-1.7016124725341797,106
27,28,eval_to_deploy,c022,0.149627685546875,-1.8512401580810547,106
27,28,unpaired_control,c022,-0.19867324829101562,-1.7016124725341797,79
0,29,deploy_to_eval,c050,0.007913589477539062,-0.2718982696533203,142
0,29,eval_to_deploy,c050,-0.06978797912597656,-1.9002857208251953,142
0,29,unpaired_control,c050,0.0255584716796875,-0.2718982696533203,79
1,29,deploy_to_eval,c050,-0.05219268798828125,-0.2718982696533203,142
1,29,eval_to_deploy,c050,-0.017942428588867188,-1.9002857208251953,142
1,29,unpaired_control,c050,0.1781597137451172,-0.2718982696533203,79
2,29,deploy_to_eval,c050,-0.12290000915527344,-0.2718982696533203,142
2,29,eval_to_deploy,c050,0.04376220703125,-1.9002857208251953,142
2,29,unpaired_control,c050,0.0598297119140625,-0.2718982696533203,79
3,29,deploy_to_eval,c050,-0.04235267639160156,-0.2718982696533203,142
3,29,eval_to_deploy,c050,0.04174232482910156,-1.9002857208251953,142
3,29,unpaired_control,c050,0.2987995147705078,-0.2718982696533203,79
4,29,deploy_to_eval,c050,-0.02072906494140625,-0.2718982696533203,142
4,29,eval_to_deploy,c050,0.024789810180664062,-1.9002857208251953,142
4,29,unpaired_control,c050,0.5298976898193359,-0.2718982696533203,79
5,29,deploy_to_eval,c050,-0.20387840270996094,-0.2718982696533203,142
5,29,eval_to_deploy,c050,0.07347679138183594,-1.9002857208251953,142
5,29,unpaired_control,c050,0.282745361328125,-0.2718982696533203,79
6,29,deploy_to_eval,c050,-0.6136493682861328,-0.2718982696533203,142
6,29,eval_to_deploy,c050,0.25457763671875,-1.9002857208251953,142
6,29,unpaired_control,c050,-0.15624237060546875,-0.2718982696533203,79
7,29,deploy_to_eval,c050,-0.6330432891845703,-0.2718982696533203,142
7,29,eval_to_deploy,c050,0.22015762329101562,-1.9002857208251953,142
7,29,unpaired_control,c050,0.34421539306640625,-0.2718982696533203,79
8,29,deploy_to_eval,c050,-0.6359443664550781,-0.2718982696533203,142
8,29,eval_to_deploy,c050,0.061279296875,-1.9002857208251953,142
8,29,unpaired_control,c050,0.3139610290527344,-0.2718982696533203,79
9,29,deploy_to_eval,c050,-0.8646602630615234,-0.2718982696533203,142
9,29,eval_to_deploy,c050,0.0424041748046875,-1.9002857208251953,142
9,29,unpaired_control,c050,0.2975635528564453,-0.2718982696533203,79
10,29,deploy_to_eval,c050,-0.9146633148193359,-0.2718982696533203,142
10,29,eval_to_deploy,c050,0.12715530395507812,-1.9002857208251953,142
10,29,unpaired_control,c050,-0.18000030517578125,-0.2718982696533203,79
11,29,deploy_to_eval,c050,-1.6401081085205078,-0.2718982696533203,142
11,29,eval_to_deploy,c050,0.9851188659667969,-1.9002857208251953,142
11,29,unpaired_control,c050,-0.8184375762939453,-0.2718982696533203,79
12,29,deploy_to_eval,c050,-1.643331527709961,-0.2718982696533203,142
12,29,eval_to_deploy,c050,1.0472450256347656,-1.9002857208251953,142
12,29,unpaired_control,c050,-0.9124164581298828,-0.2718982696533203,79
13,29,deploy_to_eval,c050,-1.672454833984375,-0.2718982696533203,142
13,29,eval_to_deploy,c050,1.0575103759765625,-1.9002857208251953,142
13,29,unpaired_control,c050,-1.0092906951904297,-0.2718982696533203,79
14,29,deploy_to_eval,c050,-1.6673965454101562,-0.2718982696533203,142
14,29,eval_to_deploy,c050,1.3559246063232422,-1.9002857208251953,142
14,29,unpaired_control,c050,-1.0021953582763672,-0.2718982696533203,79
15,29,deploy_to_eval,c050,-1.640726089477539,-0.2718982696533203,142
15,29,eval_to_deploy,c050,1.3616485595703125,-1.9002857208251953,142
15,29,unpaired_control,c050,-1.0456485748291016,-0.2718982696533203,79
16,29,deploy_to_eval,c050,-1.6480731964111328,-0.2718982696533203,142
16,29,eval_to_deploy,c050,1.6941661834716797,-1.9002857208251953,142
16,29,unpaired_control,c050,-1.1145362854003906,-0.2718982696533203,79
17,29,deploy_to_eval,c050,-1.6417503356933594,-0.2718982696533203,142
17,29,eval_to_deploy,c050,1.6832466125488281,-1.9002857208251953,142
17,29,unpaired_control,c050,-1.1073684692382812,-0.2718982696533203,79
18,29,deploy_to_eval,c050,-1.640096664428711,-0.2718982696533203,142
18,29,eval_to_deploy,c050,1.6521530151367188,-1.9002857208251953,142
18,29,unpaired_control,c050,-1.1110343933105469,-0.2718982696533203,79
19,29,deploy_to_eval,c050,-1.6571464538574219,-0.2718982696533203,142
19,29,eval_to_deploy,c050,1.6616573333740234,-1.9002857208251953,142
19,29,unpaired_control,c050,-1.1161041259765625,-0.2718982696533203,79
20,29,deploy_to_eval,c050,-1.6549091339111328,-0.2718982696533203,142
20,29,eval_to_deploy,c050,1.6321125030517578,-1.9002857208251953,142
20,29,unpaired_control,c050,-1.1744441986083984,-0.2718982696533203,79
21,29,deploy_to_eval,c050,-1.6629161834716797,-0.2718982696533203,142
21,29,eval_to_deploy,c050,1.6599197387695312,-1.9002857208251953,142
21,29,unpaired_control,c050,-1.1743736267089844,-0.2718982696533203,79
22,29,deploy_to_eval,c050,-1.6509685516357422,-0.2718982696533203,142
22,29,eval_to_deploy,c050,1.6385841369628906,-1.9002857208251953,142
22,29,unpaired_control,c050,-1.1719036102294922,-0.2718982696533203,79
23,29,deploy_to_eval,c050,-1.6383934020996094,-0.2718982696533203,142
23,29,eval_to_deploy,c050,1.6046619415283203,-1.9002857208251953,142
23,29,unpaired_control,c050,-1.1642112731933594,-0.2718982696533203,79
24,29,deploy_to_eval,c050,-1.6150379180908203,-0.2718982696533203,142
24,29,eval_to_deploy,c050,1.5670967102050781,-1.9002857208251953,142
24,29,unpaired_control,c050,-1.1649417877197266,-0.2718982696533203,79
25,29,deploy_to_eval,c050,-1.6128044128417969,-0.2718982696533203,142
25,29,eval_to_deploy,c050,1.569406509399414,-1.9002857208251953,142
25,29,unpaired_control,c050,-1.1870307922363281,-0.2718982696533203,79
26,29,deploy_to_eval,c050,-1.6621150970458984,-0.2718982696533203,142
26,29,eval_to_deploy,c050,1.6273059844970703,-1.9002857208251953,142
26,29,unpaired_control,c050,-1.1169281005859375,-0.2718982696533203,79
27,29,deploy_to_eval,c050,-1.628387451171875,-0.2718982696533203,142
27,29,eval_to_deploy,c050,1.628387451171875,-1.9002857208251953,142
27,29,unpaired_control,c050,-1.085378646850586,-0.2718982696533203,79
0,30,deploy_to_eval,c006,-0.014837265014648438,0.18469619750976562,123
0,30,eval_to_deploy,c006,-0.038326263427734375,-1.3572769165039062,123
0,30,unpaired_control,c006,0.03458404541015625,0.18469619750976562,79
1,30,deploy_to_eval,c006,0.35572052001953125,0.18469619750976562,123
1,30,eval_to_deploy,c006,-0.1534862518310547,-1.3572769165039062,123
1,30,unpaired_control,c006,0.20349693298339844,0.18469619750976562,79
2,30,deploy_to_eval,c006,0.30945396423339844,0.18469619750976562,123
2,30,eval_to_deploy,c006,-0.11444664001464844,-1.3572769165039062,123
2,30,unpaired_control,c006,0.07319450378417969,0.18469619750976562,79
3,30,deploy_to_eval,c006,0.4152183532714844,0.18469619750976562,123
3,30,eval_to_deploy,c006,-0.19675064086914062,-1.3572769165039062,123
3,30,unpaired_control,c006,0.2425251007080078,0.18469619750976562,79
4,30,deploy_to_eval,c006,0.5423145294189453,0.18469619750976562,123
4,30,eval_to_deploy,c006,-0.2365398406982422,-1.3572769165039062,123
4,30,unpaired_control,c006,0.2889862060546875,0.18469619750976562,79
5,30,deploy_to_eval,c006,0.5383567810058594,0.18469619750976562,123
5,30,eval_to_deploy,c006,-0.22423553466796875,-1.3572769165039062,123
5,30,unpaired_control,c006,0.4560585021972656,0.18469619750976562,79
6,30,deploy_to_eval,c006,-0.11264228820800781,0.18469619750976562,123
6,30,eval_to_deploy,c006,-0.11181449890136719,-1.3572769165039062,123
6,30,unpaired_control,c006,-0.08563423156738281,0.18469619750976562,79
7,30,deploy_to_eval,c006,0.05607795715332031,0.18469619750976562,123
7,30,eval_to_deploy,c006,-0.223114013671875,-1.3572769165039062,123
7,30,unpaired_control,c006,-0.2033061981201172,0.18469619750976562,79
8,30,deploy_to_eval,c006,0.09796905517578125,0.18469619750976562,123
8,30,eval_to_deploy,c006,-0.32677459716796875,-1.3572769165039062,123
8,30,unpaired_control,c006,-0.12657546997070312,0.18469619750976562,79
9,30,deploy_to_eval,c006,-0.16050148010253906,0.18469619750976562,123
9,30,eval_to_deploy,c006,-0.3078117370605469,-1.3572769165039062,123
9,30,unpaired_control,c006,-0.4145774841308594,0.18469619750976562,79
10,30,deploy_to_eval,c006,-0.029071807861328125,0.18469619750976562,123
10,30,eval_to_deploy,c006,-0.20969581604003906,-1.3572769165039062,123
10,30,unpaired_control,c006,0.039875030517578125,0.18469619750976562,79
11,30,deploy_to_eval,c006,-0.9943695068359375,0.18469619750976562,123
11,30,eval_to_deploy,c006,0.5312385559082031,-1.3572769165039062,123
11,30,unpaired_control,c006,-0.8919162750244141,0.18469619750976562,79
12,30,deploy_to_eval,c006,-1.0873050689697266,0.18469619750976562,123
12,30,eval_to_deploy,c006,0.6683120727539062,-1.3572769165039062,123
12,30,unpaired_control,c006,-1.017831802368164,0.18469619750976562,79
13,30,deploy_to_eval,c006,-1.1717796325683594,0.18469619750976562,123
13,30,eval_to_deploy,c006,0.7262344360351562,-1.3572769165039062,123
13,30,unpaired_control,c006,-1.1241264343261719,0.18469619750976562,79
14,30,deploy_to_eval,c006,-1.2960014343261719,0.18469619750976562,123
14,30,eval_to_deploy,c006,1.2121658325195312,-1.3572769165039062,123
14,30,unpaired_control,c006,-1.2153072357177734,0.18469619750976562,79
15,30,deploy_to_eval,c006,-1.305459976196289,0.18469619750976562,123
15,30,eval_to_deploy,c006,1.1989593505859375,-1.3572769165039062,123
15,30,unpaired_control,c006,-1.1995182037353516,0.18469619750976562,79
16,30,deploy_to_eval,c006,-1.5631484985351562,0.18469619750976562,123
16,30,eval_to_deploy,c006,1.4400711059570312,-1.3572769165039062,123
16,30,unpaired_control,c006,-1.4296646118164062,0.18469619750976562,79
17,30,deploy_to_eval,c006,-1.5923957824707031,0.18469619750976562,123
17,30,eval_to_deploy,c006,1.4541339874267578,-1.3572769165039062,123
17,30,unpaired_control,c006,-1.4659614562988281,0.18469619750976562,79
18,30,deploy_to_eval,c006,-1.599405288696289,0.18469619750976562,123
18,30,eval_to_deploy,c006,1.4691295623779297,-1.3572769165039062,123
18,30,unpaired_control,c006,-1.4901142120361328,0.18469619750976562,79
19,30,deploy_to_eval,c006,-1.593301773071289,0.18469619750976562,123
19,30,eval_to_deploy,c006,1.4596500396728516,-1.3572769165039062,123
19,30,unpaired_control,c006,-1.4871597290039062,0.18469619750976562,79
20,30,deploy_to_eval,c006,-1.6124496459960938,0.18469619750976562,123
20,30,eval_to_deploy,c006,1.4993629455566406,-1.3572769165039062,123
20,30,unpaired_control,c006,-1.5189285278320312,0.18469619750976562,79
21,30,deploy_to_eval,c006,-1.6081733703613281,0.18469619750976562,123
21,30,eval_to_deploy,c006,1.5569572448730469,-1.3572769165039062,123
21,30,unpaired_control,c006,-1.541006088256836,0.18469619750976562,79
22,30,deploy_to_eval,c006,-1.6103172302246094,0.18469619750976562,123
22,30,eval_to_deploy,c006,1.5634193420410156,-1.3572769165039062,123
22,30,unpaired_control,c006,-1.5431499481201172,0.18469619750976562,79
23,30,deploy_to_eval,c006,-1.598550796508789,0.18469619750976562,123
23,30,eval_to_deploy,c006,1.5386695861816406,-1.3572769165039062,123
23,30,unpaired_control,c006,-1.5276317596435547,0.18469619750976562,79
24,30,deploy_to_eval,c006,-1.5845870971679688,0.18469619750976562,123
24,30,eval_to_deploy,c006,1.5150680541992188,-1.3572769165039062,123
24,30,unpaired_control,c006,-1.514352798461914,0.18469619750976562,79
25,30,deploy_to_eval,c006,-1.5857181549072266,0.18469619750976562,123
25,30,eval_to_deploy,c006,1.5175247192382812,-1.3572769165039062,123
25,30,unpaired_control,c006,-1.5059852600097656,0.18469619750976562,79
26,30,deploy_to_eval,c006,-1.4790668487548828,0.18469619750976562,123
26,30,eval_to_deploy,c006,1.3446674346923828,-1.3572769165039062,123
26,30,unpaired_control,c006,-1.4585113525390625,0.18469619750976562,79
27,30,deploy_to_eval,c006,-1.5419731140136719,0.18469619750976562,123
27,30,eval_to_deploy,c006,1.5419731140136719,-1.3572769165039062,123
27,30,unpaired_control,c006,-1.5839385986328125,0.18469619750976562,79
0,31,deploy_to_eval,c017,-0.022970199584960938,-0.19017601013183594,142
0,31,eval_to_deploy,c017,0.037200927734375,-1.3992424011230469,142
0,31,unpaired_control,c017,-0.034210205078125,-0.19017601013183594,59
1,31,deploy_to_eval,c017,-0.024007797241210938,-0.19017601013183594,142
1,31,eval_to_deploy,c017,0.0609130859375,-1.3992424011230469,142
1,31,unpaired_control,c017,-0.082000732421875,-0.19017601013183594,59
2,31,deploy_to_eval,c017,-0.09585762023925781,-0.19017601013183594,142
2,31,eval_to_deploy,c017,-0.011529922485351562,-1.3992424011230469,142
2,31,unpaired_control,c017,-0.23633766174316406,-0.19017601013183594,59
3,31,deploy_to_eval,c017,-0.09509658813476562,-0.19017601013183594,142
3,31,eval_to_deploy,c017,0.00691986083984375,-1.3992424011230469,142
3,31,unpaired_control,c017,-0.3685283660888672,-0.19017601013183594,59
4,31,deploy_to_eval,c017,-0.11803245544433594,-0.19017601013183594,142
4,31,eval_to_deploy,c017,0.05436134338378906,-1.3992424011230469,142
4,31,unpaired_control,c017,-0.5927486419677734,-0.19017601013183594,59
5,31,deploy_to_eval,c017,-0.04586029052734375,-0.19017601013183594,142
5,31,eval_to_deploy,c017,-0.009204864501953125,-1.3992424011230469,142
5,31,unpaired_control,c017,-0.44782066345214844,-0.19017601013183594,59
6,31,deploy_to_eval,c017,-0.07615280151367188,-0.19017601013183594,142
6,31,eval_to_deploy,c017,-0.025442123413085938,-1.3992424011230469,142
6,31,unpaired_control,c017,-0.3570537567138672,-0.19017601013183594,59
7,31,deploy_to_eval,c017,0.052371978759765625,-0.19017601013183594,142
7,31,eval_to_deploy,c017,-0.1490764617919922,-1.3992424011230469,142
7,31,unpaired_control,c017,-0.6446208953857422,-0.19017601013183594,59
8,31,deploy_to_eval,c017,0.16803932189941406,-0.19017601013183594,142
8,31,eval_to_deploy,c017,-0.23536300659179688,-1.3992424011230469,142
8,31,unpaired_control,c017,-0.7036609649658203,-0.19017601013183594,59
9,31,deploy_to_eval,c017,0.23133468627929688,-0.19017601013183594,142
9,31,eval_to_deploy,c017,-0.2018280029296875,-1.3992424011230469,142
9,31,unpaired_control,c017,-0.9797592163085938,-0.19017601013183594,59
10,31,deploy_to_eval,c017,0.260162353515625,-0.19017601013183594,142
10,31,eval_to_deploy,c017,-0.2020111083984375,-1.3992424011230469,142
10,31,unpaired_control,c017,-1.4659595489501953,-0.19017601013183594,59
11,31,deploy_to_eval,c017,-0.7225208282470703,-0.19017601013183594,142
11,31,eval_to_deploy,c017,0.6001319885253906,-1.3992424011230469,142
11,31,unpaired_control,c017,-2.423257827758789,-0.19017601013183594,59
12,31,deploy_to_eval,c017,-0.8758258819580078,-0.19017601013183594,142
12,31,eval_to_deploy,c017,0.7676372528076172,-1.3992424011230469,142
12,31,unpaired_control,c017,-2.486156463623047,-0.19017601013183594,59
13,31,deploy_to_eval,c017,-0.9076251983642578,-0.19017601013183594,142
13,31,eval_to_deploy,c017,0.8074378967285156,-1.3992424011230469,142
13,31,unpaired_control,c017,-2.4871044158935547,-0.19017601013183594,59
14,31,deploy_to_eval,c017,-0.9033870697021484,-0.19017601013183594,142
14,31,eval_to_deploy,c017,0.8168582916259766,-1.3992424011230469,142
14,31,unpaired_control,c017,-2.342559814453125,-0.19017601013183594,59
15,31,deploy_to_eval,c017,-0.8468914031982422,-0.19017601013183594,142
15,31,eval_to_deploy,c017,0.796783447265625,-1.3992424011230469,142
15,31,unpaired_control,c017,-2.354127883911133,-0.19017601013183594,59
16,31,deploy_to_eval,c017,-1.172515869140625,-0.19017601013183594,142
16,31,eval_to_deploy,c017,1.1437358856201172,-1.3992424011230469,142
16,31,unpaired_control,c017,-2.5783233642578125,-0.19017601013183594,59
17,31,deploy_to_eval,c017,-1.1706085205078125,-0.19017601013183594,142
17,31,eval_to_deploy,c017,1.1381587982177734,-1.3992424011230469,142
17,31,unpaired_control,c017,-2.761545181274414,-0.19017601013183594,59
18,31,deploy_to_eval,c017,-1.1751136779785156,-0.19017601013183594,142
18,31,eval_to_deploy,c017,1.126058578491211,-1.3992424011230469,142
18,31,unpaired_control,c017,-2.7525634765625,-0.19017601013183594,59
19,31,deploy_to_eval,c017,-1.178762435913086,-0.19017601013183594,142
19,31,eval_to_deploy,c017,1.1268062591552734,-1.3992424011230469,142
19,31,unpaired_control,c017,-2.748859405517578,-0.19017601013183594,59
20,31,deploy_to_eval,c017,-1.2227249145507812,-0.19017601013183594,142
20,31,eval_to_deploy,c017,1.2081451416015625,-1.3992424011230469,142
20,31,unpaired_control,c017,-2.7544212341308594,-0.19017601013183594,59
21,31,deploy_to_eval,c017,-1.2287464141845703,-0.19017601013183594,142
21,31,eval_to_deploy,c017,1.2163658142089844,-1.3992424011230469,142
21,31,unpaired_control,c017,-2.7335586547851562,-0.19017601013183594,59
22,31,deploy_to_eval,c017,-1.2267265319824219,-0.19017601013183594,142
22,31,eval_to_deploy,c017,1.2124443054199219,-1.3992424011230469,142
22,31,unpaired_control,c017,-2.7278594970703125,-0.19017601013183594,59
23,31,deploy_to_eval,c017,-1.230245590209961,-0.19017601013183594,142
23,31,eval_to_deploy,c017,1.2228851318359375,-1.3992424011230469,142
23,31,unpaired_control,c017,-2.7764835357666016,-0.19017601013183594,59
24,31,deploy_to_eval,c017,-1.2369613647460938,-0.19017601013183594,142
24,31,eval_to_deploy,c017,1.2316932678222656,-1.3992424011230469,142
24,31,unpaired_control,c017,-2.7730274200439453,-0.19017601013183594,59
25,31,deploy_to_eval,c017,-1.2278614044189453,-0.19017601013183594,142
25,31,eval_to_deploy,c017,1.220418930053711,-1.3992424011230469,142
25,31,unpaired_control,c017,-2.8058700561523438,-0.19017601013183594,59
26,31,deploy_to_eval,c017,-1.2256431579589844,-0.19017601013183594,142
26,31,eval_to_deploy,c017,1.2237720489501953,-1.3992424011230469,142
26,31,unpaired_control,c017,-2.7683448791503906,-0.19017601013183594,59
27,31,deploy_to_eval,c017,-1.209066390991211,-0.19017601013183594,142
27,31,eval_to_deploy,c017,1.209066390991211,-1.3992424011230469,142
27,31,unpaired_control,c017,-2.6862430572509766,-0.19017601013183594,59
0,32,deploy_to_eval,c039,-0.08370590209960938,-1.8407707214355469,73
0,32,eval_to_deploy,c039,0.08475875854492188,-2.8764190673828125,73
0,32,unpaired_control,c039,-0.14812660217285156,-1.8407707214355469,59
1,32,deploy_to_eval,c039,-0.1393413543701172,-1.8407707214355469,73
1,32,eval_to_deploy,c039,0.14344215393066406,-2.8764190673828125,73
1,32,unpaired_control,c039,0.0825653076171875,-1.8407707214355469,59
2,32,deploy_to_eval,c039,-0.2698478698730469,-1.8407707214355469,73
2,32,eval_to_deploy,c039,0.1559009552001953,-2.8764190673828125,73
2,32,unpaired_control,c039,0.14825439453125,-1.8407707214355469,59
3,32,deploy_to_eval,c039,-0.09196281433105469,-1.8407707214355469,73
3,32,eval_to_deploy,c039,0.27923583984375,-2.8764190673828125,73
3,32,unpaired_control,c039,0.2577171325683594,-1.8407707214355469,59
4,32,deploy_to_eval,c039,-0.15909385681152344,-1.8407707214355469,73
4,32,eval_to_deploy,c039,0.3003654479980469,-2.8764190673828125,73
4,32,unpaired_control,c039,0.34317779541015625,-1.8407707214355469,59
5,32,deploy_to_eval,c039,-0.3313770294189453,-1.8407707214355469,73
5,32,eval_to_deploy,c039,0.2900104522705078,-2.8764190673828125,73
5,32,unpaired_control,c039,0.15654945373535156,-1.8407707214355469,59
6,32,deploy_to_eval,c039,-0.34601402282714844,-1.8407707214355469,73
6,32,eval_to_deploy,c039,0.18782424926757812,-2.8764190673828125,73
6,32,unpaired_control,c039,0.20074462890625,-1.8407707214355469,59
7,32,deploy_to_eval,c039,-0.2931632995605469,-1.8407707214355469,73
7,32,eval_to_deploy,c039,0.04967689514160156,-2.8764190673828125,73
7,32,unpaired_control,c039,0.1803455352783203,-1.8407707214355469,59
8,32,deploy_to_eval,c039,-0.2954216003417969,-1.8407707214355469,73
8,32,eval_to_deploy,c039,0.04638481140136719,-2.8764190673828125,73
8,32,unpaired_control,c039,0.20632362365722656,-1.8407707214355469,59
9,32,deploy_to_eval,c039,-0.4790992736816406,-1.8407707214355469,73
9,32,eval_to_deploy,c039,0.3943653106689453,-2.8764190673828125,73
9,32,unpaired_control,c039,0.25547027587890625,-1.8407707214355469,59
10,32,deploy_to_eval,c039,-0.6166152954101562,-1.8407707214355469,73
10,32,eval_to_deploy,c039,0.4614219665527344,-2.8764190673828125,73
10,32,unpaired_control,c039,-0.005596160888671875,-1.8407707214355469,59
11,32,deploy_to_eval,c039,-0.7295856475830078,-1.8407707214355469,73
11,32,eval_to_deploy,c039,0.5157089233398438,-2.8764190673828125,73
11,32,unpaired_control,c039,0.5004749298095703,-1.8407707214355469,59
12,32,deploy_to_eval,c039,-0.8935317993164062,-1.8407707214355469,73
12,32,eval_to_deploy,c039,0.6300201416015625,-2.8764190673828125,73
12,32,unpaired_control,c039,0.4708366394042969,-1.8407707214355469,59
13,32,deploy_to_eval,c039,-0.8720626831054688,-1.8407707214355469,73
13,32,eval_to_deploy,c039,0.5876388549804688,-2.8764190673828125,73
13,32,unpaired_control,c039,0.2094402313232422,-1.8407707214355469,59
14,32,deploy_to_eval,c039,-0.8697147369384766,-1.8407707214355469,73
14,32,eval_to_deploy,c039,0.6320552825927734,-2.8764190673828125,73
14,32,unpaired_control,c039,0.0886688232421875,-1.8407707214355469,59
15,32,deploy_to_eval,c039,-0.8780765533447266,-1.8407707214355469,73
15,32,eval_to_deploy,c039,0.676361083984375,-2.8764190673828125,73
15,32,unpaired_control,c039,0.05371856689453125,-1.8407707214355469,59
16,32,deploy_to_eval,c039,-0.9254093170166016,-1.8407707214355469,73
16,32,eval_to_deploy,c039,0.9007930755615234,-2.8764190673828125,73
16,32,unpaired_control,c039,-0.09853744506835938,-1.8407707214355469,59
17,32,deploy_to_eval,c039,-0.9358177185058594,-1.8407707214355469,73
17,32,eval_to_deploy,c039,0.9128494262695312,-2.8764190673828125,73
17,32,unpaired_control,c039,0.106475830078125,-1.8407707214355469,59
18,32,deploy_to_eval,c039,-0.9568939208984375,-1.8407707214355469,73
18,32,eval_to_deploy,c039,0.9284133911132812,-2.8764190673828125,73
18,32,unpaired_control,c039,0.1312694549560547,-1.8407707214355469,59
19,32,deploy_to_eval,c039,-0.9718494415283203,-1.8407707214355469,73
19,32,eval_to_deploy,c039,0.9350147247314453,-2.8764190673828125,73
19,32,unpaired_control,c039,0.15073776245117188,-1.8407707214355469,59
20,32,deploy_to_eval,c039,-0.9909954071044922,-1.8407707214355469,73
20,32,eval_to_deploy,c039,0.9752197265625,-2.8764190673828125,73
20,32,unpaired_control,c039,0.10691642761230469,-1.8407707214355469,59
21,32,deploy_to_eval,c039,-1.0074405670166016,-1.8407707214355469,73
21,32,eval_to_deploy,c039,1.003194808959961,-2.8764190673828125,73
21,32,unpaired_control,c039,0.011585235595703125,-1.8407707214355469,59
22,32,deploy_to_eval,c039,-1.007680892944336,-1.8407707214355469,73
22,32,eval_to_deploy,c039,1.0000286102294922,-2.8764190673828125,73
22,32,unpaired_control,c039,0.0035114288330078125,-1.8407707214355469,59
23,32,deploy_to_eval,c039,-1.0155982971191406,-1.8407707214355469,73
23,32,eval_to_deploy,c039,1.0072212219238281,-2.8764190673828125,73
23,32,unpaired_control,c039,0.03475761413574219,-1.8407707214355469,59
24,32,deploy_to_eval,c039,-1.0053253173828125,-1.8407707214355469,73
24,32,eval_to_deploy,c039,0.9882068634033203,-2.8764190673828125,73
24,32,unpaired_control,c039,0.04572105407714844,-1.8407707214355469,59
25,32,deploy_to_eval,c039,-1.0138282775878906,-1.8407707214355469,73
25,32,eval_to_deploy,c039,0.9950885772705078,-2.8764190673828125,73
25,32,unpaired_control,c039,0.08224105834960938,-1.8407707214355469,59
26,32,deploy_to_eval,c039,-1.0163345336914062,-1.8407707214355469,73
26,32,eval_to_deploy,c039,0.985687255859375,-2.8764190673828125,73
26,32,unpaired_control,c039,0.12786865234375,-1.8407707214355469,59
27,32,deploy_to_eval,c039,-1.0356483459472656,-1.8407707214355469,73
27,32,eval_to_deploy,c039,1.0356483459472656,-2.8764190673828125,73
27,32,unpaired_control,c039,0.050792694091796875,-1.8407707214355469,59
0,33,deploy_to_eval,c036,-0.055355072021484375,-0.4406261444091797,115
0,33,eval_to_deploy,c036,-0.035167694091796875,-1.78997802734375,115
0,33,unpaired_control,c036,-0.04082489013671875,-0.4406261444091797,59
1,33,deploy_to_eval,c036,0.020105361938476562,-0.4406261444091797,115
1,33,eval_to_deploy,c036,-0.12106895446777344,-1.78997802734375,115
1,33,unpaired_control,c036,-0.04147529602050781,-0.4406261444091797,59
2,33,deploy_to_eval,c036,0.06823539733886719,-0.4406261444091797,115
2,33,eval_to_deploy,c036,-0.06790924072265625,-1.78997802734375,115
2,33,unpaired_control,c036,-0.11234092712402344,-0.4406261444091797,59
3,33,deploy_to_eval,c036,0.169708251953125,-0.4406261444091797,115
3,33,eval_to_deploy,c036,-0.14696121215820312,-1.78997802734375,115
3,33,unpaired_control,c036,0.20075607299804688,-0.4406261444091797,59
4,33,deploy_to_eval,c036,0.26247406005859375,-0.4406261444091797,115
4,33,eval_to_deploy,c036,-0.2000579833984375,-1.78997802734375,115
4,33,unpaired_control,c036,0.1302204132080078,-0.4406261444091797,59
5,33,deploy_to_eval,c036,0.25852394104003906,-0.4406261444091797,115
5,33,eval_to_deploy,c036,-0.20569801330566406,-1.78997802734375,115
5,33,unpaired_control,c036,0.3057670593261719,-0.4406261444091797,59
6,33,deploy_to_eval,c036,0.18035888671875,-0.4406261444091797,115
6,33,eval_to_deploy,c036,-0.14870452880859375,-1.78997802734375,115
6,33,unpaired_control,c036,0.3600788116455078,-0.4406261444091797,59
7,33,deploy_to_eval,c036,0.21424102783203125,-0.4406261444091797,115
7,33,eval_to_deploy,c036,-0.19275474548339844,-1.78997802734375,115
7,33,unpaired_control,c036,0.4507770538330078,-0.4406261444091797,59
8,33,deploy_to_eval,c036,0.2562408447265625,-0.4406261444091797,115
8,33,eval_to_deploy,c036,-0.151641845703125,-1.78997802734375,115
8,33,unpaired_control,c036,0.5018367767333984,-0.4406261444091797,59
9,33,deploy_to_eval,c036,-0.10622978210449219,-0.4406261444091797,115
9,33,eval_to_deploy,c036,-0.11276435852050781,-1.78997802734375,115
9,33,unpaired_control,c036,0.28943824768066406,-0.4406261444091797,59
10,33,deploy_to_eval,c036,0.02646636962890625,-0.4406261444091797,115
10,33,eval_to_deploy,c036,-0.25923919677734375,-1.78997802734375,115
10,33,unpaired_control,c036,0.41799354553222656,-0.4406261444091797,59
11,33,deploy_to_eval,c036,-0.5948333740234375,-0.4406261444091797,115
11,33,eval_to_deploy,c036,0.23632049560546875,-1.78997802734375,115
11,33,unpaired_control,c036,-0.14028167724609375,-0.4406261444091797,59
12,33,deploy_to_eval,c036,-0.7138938903808594,-0.4406261444091797,115
12,33,eval_to_deploy,c036,0.4655723571777344,-1.78997802734375,115
12,33,unpaired_control,c036,-0.2762908935546875,-0.4406261444091797,59
13,33,deploy_to_eval,c036,-0.731658935546875,-0.4406261444091797,115
13,33,eval_to_deploy,c036,0.5142440795898438,-1.78997802734375,115
13,33,unpaired_control,c036,-0.35668182373046875,-0.4406261444091797,59
14,33,deploy_to_eval,c036,-0.7306194305419922,-0.4406261444091797,115
14,33,eval_to_deploy,c036,0.569580078125,-1.78997802734375,115
14,33,unpaired_control,c036,-0.3608207702636719,-0.4406261444091797,59
15,33,deploy_to_eval,c036,-0.8272857666015625,-0.4406261444091797,115
15,33,eval_to_deploy,c036,0.6986579895019531,-1.78997802734375,115
15,33,unpaired_control,c036,-0.6095924377441406,-0.4406261444091797,59
16,33,deploy_to_eval,c036,-1.3285255432128906,-0.4406261444091797,115
16,33,eval_to_deploy,c036,1.2444076538085938,-1.78997802734375,115
16,33,unpaired_control,c036,-1.079355239868164,-0.4406261444091797,59
17,33,deploy_to_eval,c036,-1.3331298828125,-0.4406261444091797,115
17,33,eval_to_deploy,c036,1.2563800811767578,-1.78997802734375,115
17,33,unpaired_control,c036,-1.2626895904541016,-0.4406261444091797,59
18,33,deploy_to_eval,c036,-1.3384456634521484,-0.4406261444091797,115
18,33,eval_to_deploy,c036,1.2550106048583984,-1.78997802734375,115
18,33,unpaired_control,c036,-1.2456493377685547,-0.4406261444091797,59
19,33,deploy_to_eval,c036,-1.342447280883789,-0.4406261444091797,115
19,33,eval_to_deploy,c036,1.2611045837402344,-1.78997802734375,115
19,33,unpaired_control,c036,-1.2405242919921875,-0.4406261444091797,59
20,33,deploy_to_eval,c036,-1.370340347290039,-0.4406261444091797,115
20,33,eval_to_deploy,c036,1.2700519561767578,-1.78997802734375,115
20,33,unpaired_control,c036,-1.284494400024414,-0.4406261444091797,59
21,33,deploy_to_eval,c036,-1.3862457275390625,-0.4406261444091797,115
21,33,eval_to_deploy,c036,1.4208087921142578,-1.78997802734375,115
21,33,unpaired_control,c036,-1.2592124938964844,-0.4406261444091797,59
22,33,deploy_to_eval,c036,-1.3853473663330078,-0.4406261444091797,115
22,33,eval_to_deploy,c036,1.4202594757080078,-1.78997802734375,115
22,33,unpaired_control,c036,-1.238107681274414,-0.4406261444091797,59
23,33,deploy_to_eval,c036,-1.392526626586914,-0.4406261444091797,115
23,33,eval_to_deploy,c036,1.434549331665039,-1.78997802734375,115
23,33,unpaired_control,c036,-1.294912338256836,-0.4406261444091797,59
24,33,deploy_to_eval,c036,-1.3952484130859375,-0.4406261444091797,115
24,33,eval_to_deploy,c036,1.4366397857666016,-1.78997802734375,115
24,33,unpaired_control,c036,-1.2949905395507812,-0.4406261444091797,59
25,33,deploy_to_eval,c036,-1.3915843963623047,-0.4406261444091797,115
25,33,eval_to_deploy,c036,1.4297657012939453,-1.78997802734375,115
25,33,unpaired_control,c036,-1.3415851593017578,-0.4406261444091797,59
26,33,deploy_to_eval,c036,-1.3581733703613281,-0.4406261444091797,115
26,33,eval_to_deploy,c036,1.3551979064941406,-1.78997802734375,115
26,33,unpaired_control,c036,-1.325784683227539,-0.4406261444091797,59
27,33,deploy_to_eval,c036,-1.3493518829345703,-0.4406261444091797,115
27,33,eval_to_deploy,c036,1.3493518829345703,-1.78997802734375,115
27,33,unpaired_control,c036,-1.2677936553955078,-0.4406261444091797,59
0,34,deploy_to_eval,c009,-0.016077041625976562,0.5238265991210938,73
0,34,eval_to_deploy,c009,0.10911941528320312,-1.7084197998046875,73
0,34,unpaired_control,c009,-0.27001190185546875,0.5238265991210938,59
1,34,deploy_to_eval,c009,0.050624847412109375,0.5238265991210938,73
1,34,eval_to_deploy,c009,0.03582954406738281,-1.7084197998046875,73
1,34,unpaired_control,c009,-0.10222816467285156,0.5238265991210938,59
2,34,deploy_to_eval,c009,-0.027231216430664062,0.5238265991210938,73
2,34,eval_to_deploy,c009,-0.023862838745117188,-1.7084197998046875,73
2,34,unpaired_control,c009,-0.025453567504882812,0.5238265991210938,59
3,34,deploy_to_eval,c009,-0.014156341552734375,0.5238265991210938,73
3,34,eval_to_deploy,c009,-0.0012111663818359375,-1.7084197998046875,73
3,34,unpaired_control,c009,0.1663036346435547,0.5238265991210938,59
4,34,deploy_to_eval,c009,-0.089569091796875,0.5238265991210938,73
4,34,eval_to_deploy,c009,0.012081146240234375,-1.7084197998046875,73
4,34,unpaired_control,c009,0.5888156890869141,0.5238265991210938,59
5,34,deploy_to_eval,c009,-0.5519046783447266,0.5238265991210938,73
5,34,eval_to_deploy,c009,-0.09300613403320312,-1.7084197998046875,73
5,34,unpaired_control,c009,0.231536865234375,0.5238265991210938,59
6,34,deploy_to_eval,c009,-1.0093822479248047,0.5238265991210938,73
6,34,eval_to_deploy,c009,-0.11672210693359375,-1.7084197998046875,73
6,34,unpaired_control,c009,-0.8907127380371094,0.5238265991210938,59
7,34,deploy_to_eval,c009,-1.0421886444091797,0.5238265991210938,73
7,34,eval_to_deploy,c009,-0.15668106079101562,-1.7084197998046875,73
7,34,unpaired_control,c009,-1.0865345001220703,0.5238265991210938,59
8,34,deploy_to_eval,c009,-1.0939922332763672,0.5238265991210938,73
8,34,eval_to_deploy,c009,-0.12456512451171875,-1.7084197998046875,73
8,34,unpaired_control,c009,-1.0820236206054688,0.5238265991210938,59
9,34,deploy_to_eval,c009,-1.5438423156738281,0.5238265991210938,73
9,34,eval_to_deploy,c009,0.026769638061523438,-1.7084197998046875,73
9,34,unpaired_control,c009,-1.2625236511230469,0.5238265991210938,59
10,34,deploy_to_eval,c009,-1.4886436462402344,0.5238265991210938,73
10,34,eval_to_deploy,c009,-0.046924591064453125,-1.7084197998046875,73
10,34,unpaired_control,c009,-1.6876354217529297,0.5238265991210938,59
11,34,deploy_to_eval,c009,-1.5855064392089844,0.5238265991210938,73
11,34,eval_to_deploy,c009,0.011991500854492188,-1.7084197998046875,73
11,34,unpaired_control,c009,-2.3679065704345703,0.5238265991210938,59
12,34,deploy_to_eval,c009,-1.5087165832519531,0.5238265991210938,73
12,34,eval_to_deploy,c009,0.19152259826660156,-1.7084197998046875,73
12,34,unpaired_control,c009,-2.5968360900878906,0.5238265991210938,59
13,34,deploy_to_eval,c009,-1.5778961181640625,0.5238265991210938,73
13,34,eval_to_deploy,c009,0.2650947570800781,-1.7084197998046875,73
13,34,unpaired_control,c009,-2.695863723754883,0.5238265991210938,59
14,34,deploy_to_eval,c009,-1.6784629821777344,0.5238265991210938,73
14,34,eval_to_deploy,c009,1.1075248718261719,-1.7084197998046875,73
14,34,unpaired_control,c009,-2.87060546875,0.5238265991210938,59
15,34,deploy_to_eval,c009,-1.6579513549804688,0.5238265991210938,73
15,34,eval_to_deploy,c009,1.1061878204345703,-1.7084197998046875,73
15,34,unpaired_control,c009,-2.8368148803710938,0.5238265991210938,59
16,34,deploy_to_eval,c009,-2.0543212890625,0.5238265991210938,73
16,34,eval_to_deploy,c009,1.707845687866211,-1.7084197998046875,73
16,34,unpaired_control,c009,-3.2964344024658203,0.5238265991210938,59
17,34,deploy_to_eval,c009,-2.0572376251220703,0.5238265991210938,73
17,34,eval_to_deploy,c009,1.7039737701416016,-1.7084197998046875,73
17,34,unpaired_control,c009,-3.0314769744873047,0.5238265991210938,59
18,34,deploy_to_eval,c009,-2.0425491333007812,0.5238265991210938,73
18,34,eval_to_deploy,c009,1.6916179656982422,-1.7084197998046875,73
18,34,unpaired_control,c009,-3.0409297943115234,0.5238265991210938,59
19,34,deploy_to_eval,c009,-2.0143089294433594,0.5238265991210938,73
19,34,eval_to_deploy,c009,1.6746368408203125,-1.7084197998046875,73
19,34,unpaired_control,c009,-2.996919631958008,0.5238265991210938,59
20,34,deploy_to_eval,c009,-2.0582199096679688,0.5238265991210938,73
20,34,eval_to_deploy,c009,1.7715511322021484,-1.7084197998046875,73
20,34,unpaired_control,c009,-3.036853790283203,0.5238265991210938,59
21,34,deploy_to_eval,c009,-2.104238510131836,0.5238265991210938,73
21,34,eval_to_deploy,c009,1.9305095672607422,-1.7084197998046875,73
21,34,unpaired_control,c009,-3.060922622680664,0.5238265991210938,59
22,34,deploy_to_eval,c009,-2.0905818939208984,0.5238265991210938,73
22,34,eval_to_deploy,c009,1.9244022369384766,-1.7084197998046875,73
22,34,unpaired_control,c009,-3.0705432891845703,0.5238265991210938,59
23,34,deploy_to_eval,c009,-2.1604175567626953,0.5238265991210938,73
23,34,eval_to_deploy,c009,2.0782470703125,-1.7084197998046875,73
23,34,unpaired_control,c009,-3.0984859466552734,0.5238265991210938,59
24,34,deploy_to_eval,c009,-2.148448944091797,0.5238265991210938,73
24,34,eval_to_deploy,c009,2.0547409057617188,-1.7084197998046875,73
24,34,unpaired_control,c009,-3.0838775634765625,0.5238265991210938,59
25,34,deploy_to_eval,c009,-2.1539573669433594,0.5238265991210938,73
25,34,eval_to_deploy,c009,2.0676956176757812,-1.7084197998046875,73
25,34,unpaired_control,c009,-3.04302978515625,0.5238265991210938,59
26,34,deploy_to_eval,c009,-2.207988739013672,0.5238265991210938,73
26,34,eval_to_deploy,c009,2.2039222717285156,-1.7084197998046875,73
26,34,unpaired_control,c009,-3.0656700134277344,0.5238265991210938,59
27,34,deploy_to_eval,c009,-2.2322463989257812,0.5238265991210938,73
27,34,eval_to_deploy,c009,2.2322463989257812,-1.7084197998046875,73
27,34,unpaired_control,c009,-3.164365768432617,0.5238265991210938,59
0,35,deploy_to_eval,c000,-0.001708984375,-1.1178512573242188,108
0,35,eval_to_deploy,c000,0.0048923492431640625,-2.6405391693115234,108
0,35,unpaired_control,c000,0.05275535583496094,-1.1178512573242188,79
1,35,deploy_to_eval,c000,0.061550140380859375,-1.1178512573242188,108
1,35,eval_to_deploy,c000,-0.02800750732421875,-2.6405391693115234,108
1,35,unpaired_control,c000,-0.09457015991210938,-1.1178512573242188,79
2,35,deploy_to_eval,c000,-0.10375213623046875,-1.1178512573242188,108
2,35,eval_to_deploy,c000,0.12323570251464844,-2.6405391693115234,108
2,35,unpaired_control,c000,-0.07002449035644531,-1.1178512573242188,79
3,35,deploy_to_eval,c000,-0.14102554321289062,-1.1178512573242188,108
3,35,eval_to_deploy,c000,0.18579864501953125,-2.6405391693115234,108
3,35,unpaired_control,c000,0.05597686767578125,-1.1178512573242188,79
4,35,deploy_to_eval,c000,-0.1904449462890625,-1.1178512573242188,108
4,35,eval_to_deploy,c000,0.22519302368164062,-2.6405391693115234,108
4,35,unpaired_control,c000,0.08259391784667969,-1.1178512573242188,79
5,35,deploy_to_eval,c000,-0.2660942077636719,-1.1178512573242188,108
5,35,eval_to_deploy,c000,0.3632011413574219,-2.6405391693115234,108
5,35,unpaired_control,c000,-0.0047016143798828125,-1.1178512573242188,79
6,35,deploy_to_eval,c000,-0.2694053649902344,-1.1178512573242188,108
6,35,eval_to_deploy,c000,0.3655891418457031,-2.6405391693115234,108
6,35,unpaired_control,c000,0.014822006225585938,-1.1178512573242188,79
7,35,deploy_to_eval,c000,-0.3150177001953125,-1.1178512573242188,108
7,35,eval_to_deploy,c000,0.3725261688232422,-2.6405391693115234,108
7,35,unpaired_control,c000,0.075592041015625,-1.1178512573242188,79
8,35,deploy_to_eval,c000,-0.22989845275878906,-1.1178512573242188,108
8,35,eval_to_deploy,c000,0.2962799072265625,-2.6405391693115234,108
8,35,unpaired_control,c000,0.08480453491210938,-1.1178512573242188,79
9,35,deploy_to_eval,c000,-0.3727741241455078,-1.1178512573242188,108
9,35,eval_to_deploy,c000,0.1445446014404297,-2.6405391693115234,108
9,35,unpaired_control,c000,0.06701469421386719,-1.1178512573242188,79
10,35,deploy_to_eval,c000,-0.7378616333007812,-1.1178512573242188,108
10,35,eval_to_deploy,c000,0.6395378112792969,-2.6405391693115234,108
10,35,unpaired_control,c000,0.10113906860351562,-1.1178512573242188,79
11,35,deploy_to_eval,c000,-1.1622238159179688,-1.1178512573242188,108
11,35,eval_to_deploy,c000,1.0267276763916016,-2.6405391693115234,108
11,35,unpaired_control,c000,-0.203094482421875,-1.1178512573242188,79
12,35,deploy_to_eval,c000,-1.3169593811035156,-1.1178512573242188,108
12,35,eval_to_deploy,c000,1.1769447326660156,-2.6405391693115234,108
12,35,unpaired_control,c000,-0.1242828369140625,-1.1178512573242188,79
13,35,deploy_to_eval,c000,-1.3430900573730469,-1.1178512573242188,108
13,35,eval_to_deploy,c000,1.208505630493164,-2.6405391693115234,108
13,35,unpaired_control,c000,-0.13046836853027344,-1.1178512573242188,79
14,35,deploy_to_eval,c000,-1.3143634796142578,-1.1178512573242188,108
14,35,eval_to_deploy,c000,1.1643180847167969,-2.6405391693115234,108
14,35,unpaired_control,c000,-0.09905433654785156,-1.1178512573242188,79
15,35,deploy_to_eval,c000,-1.3307247161865234,-1.1178512573242188,108
15,35,eval_to_deploy,c000,1.218587875366211,-2.6405391693115234,108
15,35,unpaired_control,c000,-0.1280651092529297,-1.1178512573242188,79
16,35,deploy_to_eval,c000,-1.4991321563720703,-1.1178512573242188,108
16,35,eval_to_deploy,c000,1.4843120574951172,-2.6405391693115234,108
16,35,unpaired_control,c000,-0.3150367736816406,-1.1178512573242188,79
17,35,deploy_to_eval,c000,-1.4934577941894531,-1.1178512573242188,108
17,35,eval_to_deploy,c000,1.4701423645019531,-2.6405391693115234,108
17,35,unpaired_control,c000,-0.3330802917480469,-1.1178512573242188,79
18,35,deploy_to_eval,c000,-1.4820423126220703,-1.1178512573242188,108
18,35,eval_to_deploy,c000,1.4582080841064453,-2.6405391693115234,108
18,35,unpaired_control,c000,-0.3231983184814453,-1.1178512573242188,79
19,35,deploy_to_eval,c000,-1.4853172302246094,-1.1178512573242188,108
19,35,eval_to_deploy,c000,1.4622344970703125,-2.6405391693115234,108
19,35,unpaired_control,c000,-0.33495521545410156,-1.1178512573242188,79
20,35,deploy_to_eval,c000,-1.4861316680908203,-1.1178512573242188,108
20,35,eval_to_deploy,c000,1.4784164428710938,-2.6405391693115234,108
20,35,unpaired_control,c000,-0.31824493408203125,-1.1178512573242188,79
21,35,deploy_to_eval,c000,-1.5020790100097656,-1.1178512573242188,108
21,35,eval_to_deploy,c000,1.5081367492675781,-2.6405391693115234,108
21,35,unpaired_control,c000,-0.35308074951171875,-1.1178512573242188,79
22,35,deploy_to_eval,c000,-1.5044536590576172,-1.1178512573242188,108
22,35,eval_to_deploy,c000,1.5097713470458984,-2.6405391693115234,108
22,35,unpaired_control,c000,-0.3502635955810547,-1.1178512573242188,79
23,35,deploy_to_eval,c000,-1.5012092590332031,-1.1178512573242188,108
23,35,eval_to_deploy,c000,1.5064163208007812,-2.6405391693115234,108
23,35,unpaired_control,c000,-0.331695556640625,-1.1178512573242188,79
24,35,deploy_to_eval,c000,-1.4925670623779297,-1.1178512573242188,108
24,35,eval_to_deploy,c000,1.4963932037353516,-2.6405391693115234,108
24,35,unpaired_control,c000,-0.33985137939453125,-1.1178512573242188,79
25,35,deploy_to_eval,c000,-1.496419906616211,-1.1178512573242188,108
25,35,eval_to_deploy,c000,1.503061294555664,-2.6405391693115234,108
25,35,unpaired_control,c000,-0.32702064514160156,-1.1178512573242188,79
26,35,deploy_to_eval,c000,-1.5106182098388672,-1.1178512573242188,108
26,35,eval_to_deploy,c000,1.5151500701904297,-2.6405391693115234,108
26,35,unpaired_control,c000,-0.3472576141357422,-1.1178512573242188,79
27,35,deploy_to_eval,c000,-1.5226879119873047,-1.1178512573242188,108
27,35,eval_to_deploy,c000,1.5226879119873047,-2.6405391693115234,108
27,35,unpaired_control,c000,-0.3273811340332031,-1.1178512573242188,79
0,36,deploy_to_eval,c013,0.06442832946777344,-0.7738990783691406,122
0,36,eval_to_deploy,c013,-0.0402069091796875,-1.4452323913574219,122
0,36,unpaired_control,c013,0.10859870910644531,-0.7738990783691406,59
1,36,deploy_to_eval,c013,-0.002399444580078125,-0.7738990783691406,122
1,36,eval_to_deploy,c013,0.01186370849609375,-1.4452323913574219,122
1,36,unpaired_control,c013,-0.08512687683105469,-0.7738990783691406,59
2,36,deploy_to_eval,c013,-0.000797271728515625,-0.7738990783691406,122
2,36,eval_to_deploy,c013,0.0237274169921875,-1.4452323913574219,122
2,36,unpaired_control,c013,-0.18864822387695312,-0.7738990783691406,59
3,36,deploy_to_eval,c013,-0.06250953674316406,-0.7738990783691406,122
3,36,eval_to_deploy,c013,0.025173187255859375,-1.4452323913574219,122
3,36,unpaired_control,c013,-0.3609180450439453,-0.7738990783691406,59
4,36,deploy_to_eval,c013,-0.05023002624511719,-0.7738990783691406,122
4,36,eval_to_deploy,c013,-0.010099411010742188,-1.4452323913574219,122
4,36,unpaired_control,c013,-0.5703830718994141,-0.7738990783691406,59
5,36,deploy_to_eval,c013,-0.08628654479980469,-0.7738990783691406,122
5,36,eval_to_deploy,c013,0.010272979736328125,-1.4452323913574219,122
5,36,unpaired_control,c013,-0.3218116760253906,-0.7738990783691406,59
6,36,deploy_to_eval,c013,-0.09053421020507812,-0.7738990783691406,122
6,36,eval_to_deploy,c013,0.001918792724609375,-1.4452323913574219,122
6,36,unpaired_control,c013,-0.3048744201660156,-0.7738990783691406,59
7,36,deploy_to_eval,c013,-0.07231712341308594,-0.7738990783691406,122
7,36,eval_to_deploy,c013,0.010112762451171875,-1.4452323913574219,122
7,36,unpaired_control,c013,-0.24316978454589844,-0.7738990783691406,59
8,36,deploy_to_eval,c013,-0.04572296142578125,-0.7738990783691406,122
8,36,eval_to_deploy,c013,-0.00684356689453125,-1.4452323913574219,122
8,36,unpaired_control,c013,-0.126953125,-0.7738990783691406,59
9,36,deploy_to_eval,c013,-0.1287403106689453,-0.7738990783691406,122
9,36,eval_to_deploy,c013,0.02295684814453125,-1.4452323913574219,122
9,36,unpaired_control,c013,-0.7684993743896484,-0.7738990783691406,59
10,36,deploy_to_eval,c013,-0.23440170288085938,-0.7738990783691406,122
10,36,eval_to_deploy,c013,0.2800483703613281,-1.4452323913574219,122
10,36,unpaired_control,c013,-1.3913307189941406,-0.7738990783691406,59
11,36,deploy_to_eval,c013,-0.65576171875,-0.7738990783691406,122
11,36,eval_to_deploy,c013,0.6262931823730469,-1.4452323913574219,122
11,36,unpaired_control,c013,-1.8174934387207031,-0.7738990783691406,59
12,36,deploy_to_eval,c013,-0.5730400085449219,-0.7738990783691406,122
12,36,eval_to_deploy,c013,0.5678157806396484,-1.4452323913574219,122
12,36,unpaired_control,c013,-1.7624835968017578,-0.7738990783691406,59
13,36,deploy_to_eval,c013,-0.5597743988037109,-0.7738990783691406,122
13,36,eval_to_deploy,c013,0.4933910369873047,-1.4452323913574219,122
13,36,unpaired_control,c013,-1.6828060150146484,-0.7738990783691406,59
14,36,deploy_to_eval,c013,-0.5407466888427734,-0.7738990783691406,122
14,36,eval_to_deploy,c013,0.46564483642578125,-1.4452323913574219,122
14,36,unpaired_control,c013,-1.6044158935546875,-0.7738990783691406,59
15,36,deploy_to_eval,c013,-0.5278644561767578,-0.7738990783691406,122
15,36,eval_to_deploy,c013,0.4749870300292969,-1.4452323913574219,122
15,36,unpaired_control,c013,-1.7828826904296875,-0.7738990783691406,59
16,36,deploy_to_eval,c013,-0.6401767730712891,-0.7738990783691406,122
16,36,eval_to_deploy,c013,0.6069793701171875,-1.4452323913574219,122
16,36,unpaired_control,c013,-1.7972583770751953,-0.7738990783691406,59
17,36,deploy_to_eval,c013,-0.644683837890625,-0.7738990783691406,122
17,36,eval_to_deploy,c013,0.6296520233154297,-1.4452323913574219,122
17,36,unpaired_control,c013,-1.9327983856201172,-0.7738990783691406,59
18,36,deploy_to_eval,c013,-0.6308174133300781,-0.7738990783691406,122
18,36,eval_to_deploy,c013,0.6152858734130859,-1.4452323913574219,122
18,36,unpaired_control,c013,-1.9427738189697266,-0.7738990783691406,59
19,36,deploy_to_eval,c013,-0.6409397125244141,-0.7738990783691406,122
19,36,eval_to_deploy,c013,0.6187210083007812,-1.4452323913574219,122
19,36,unpaired_control,c013,-1.9276161193847656,-0.7738990783691406,59
20,36,deploy_to_eval,c013,-0.6349029541015625,-0.7738990783691406,122
20,36,eval_to_deploy,c013,0.6321582794189453,-1.4452323913574219,122
20,36,unpaired_control,c013,-1.9454421997070312,-0.7738990783691406,59
21,36,deploy_to_eval,c013,-0.6595458984375,-0.7738990783691406,122
21,36,eval_to_deploy,c013,0.6604232788085938,-1.4452323913574219,122
21,36,unpaired_control,c013,-1.9358787536621094,-0.7738990783691406,59
22,36,deploy_to_eval,c013,-0.6584854125976562,-0.7738990783691406,122
22,36,eval_to_deploy,c013,0.6595077514648438,-1.4452323913574219,122
22,36,unpaired_control,c013,-1.9184226989746094,-0.7738990783691406,59
23,36,deploy_to_eval,c013,-0.6400680541992188,-0.7738990783691406,122
23,36,eval_to_deploy,c013,0.6435985565185547,-1.4452323913574219,122
23,36,unpaired_control,c013,-1.9580650329589844,-0.7738990783691406,59
24,36,deploy_to_eval,c013,-0.6510162353515625,-0.7738990783691406,122
24,36,eval_to_deploy,c013,0.6549167633056641,-1.4452323913574219,122
24,36,unpaired_control,c013,-1.9579315185546875,-0.7738990783691406,59
25,36,deploy_to_eval,c013,-0.640716552734375,-0.7738990783691406,122
25,36,eval_to_deploy,c013,0.6474704742431641,-1.4452323913574219,122
25,36,unpaired_control,c013,-1.9859066009521484,-0.7738990783691406,59
26,36,deploy_to_eval,c013,-0.6644840240478516,-0.7738990783691406,122
26,36,eval_to_deploy,c013,0.6689453125,-1.4452323913574219,122
26,36,unpaired_control,c013,-1.986520767211914,-0.7738990783691406,59
27,36,deploy_to_eval,c013,-0.6713333129882812,-0.7738990783691406,122
27,36,eval_to_deploy,c013,0.6713333129882812,-1.4452323913574219,122
27,36,unpaired_control,c013,-1.9828872680664062,-0.7738990783691406,59
0,37,deploy_to_eval,c049,-0.03365516662597656,-2.509428024291992,73
0,37,eval_to_deploy,c049,0.07246017456054688,-2.756786346435547,73
0,37,unpaired_control,c049,-0.21173858642578125,-2.509428024291992,59
1,37,deploy_to_eval,c049,0.0292816162109375,-2.509428024291992,73
1,37,eval_to_deploy,c049,-0.1655559539794922,-2.756786346435547,73
1,37,unpaired_control,c049,-0.46302223205566406,-2.509428024291992,59
2,37,deploy_to_eval,c049,0.05976676940917969,-2.509428024291992,73
2,37,eval_to_deploy,c049,-0.18411636352539062,-2.756786346435547,73
2,37,unpaired_control,c049,-0.4228496551513672,-2.509428024291992,59
3,37,deploy_to_eval,c049,0.23455429077148438,-2.509428024291992,73
3,37,eval_to_deploy,c049,-0.39196014404296875,-2.756786346435547,73
3,37,unpaired_control,c049,-0.1907958984375,-2.509428024291992,59
4,37,deploy_to_eval,c049,0.29561805725097656,-2.509428024291992,73
4,37,eval_to_deploy,c049,-0.3228874206542969,-2.756786346435547,73
4,37,unpaired_control,c049,-0.2714099884033203,-2.509428024291992,59
5,37,deploy_to_eval,c049,0.5485992431640625,-2.509428024291992,73
5,37,eval_to_deploy,c049,-0.4590892791748047,-2.756786346435547,73
5,37,unpaired_control,c049,-0.12305450439453125,-2.509428024291992,59
6,37,deploy_to_eval,c049,0.5426044464111328,-2.509428024291992,73
6,37,eval_to_deploy,c049,-0.42447471618652344,-2.756786346435547,73
6,37,unpaired_control,c049,-0.19980430603027344,-2.509428024291992,59
7,37,deploy_to_eval,c049,0.6430683135986328,-2.509428024291992,73
7,37,eval_to_deploy,c049,-0.4679698944091797,-2.756786346435547,73
7,37,unpaired_control,c049,-0.19207382202148438,-2.509428024291992,59
8,37,deploy_to_eval,c049,0.7184886932373047,-2.509428024291992,73
8,37,eval_to_deploy,c049,-0.5006275177001953,-2.756786346435547,73
8,37,unpaired_control,c049,-0.2124767303466797,-2.509428024291992,59
9,37,deploy_to_eval,c049,0.6528568267822266,-2.509428024291992,73
9,37,eval_to_deploy,c049,-0.44170379638671875,-2.756786346435547,73
9,37,unpaired_control,c049,-0.08247947692871094,-2.509428024291992,59
10,37,deploy_to_eval,c049,0.5015659332275391,-2.509428024291992,73
10,37,eval_to_deploy,c049,-0.4223308563232422,-2.756786346435547,73
10,37,unpaired_control,c049,-0.07294845581054688,-2.509428024291992,59
11,37,deploy_to_eval,c049,0.36736488342285156,-2.509428024291992,73
11,37,eval_to_deploy,c049,-0.6816272735595703,-2.756786346435547,73
11,37,unpaired_control,c049,-0.5792140960693359,-2.509428024291992,59
12,37,deploy_to_eval,c049,0.20704269409179688,-2.509428024291992,73
12,37,eval_to_deploy,c049,-0.5132713317871094,-2.756786346435547,73
12,37,unpaired_control,c049,-0.947784423828125,-2.509428024291992,59
13,37,deploy_to_eval,c049,0.14466094970703125,-2.509428024291992,73
13,37,eval_to_deploy,c049,-0.4566822052001953,-2.756786346435547,73
13,37,unpaired_control,c049,-0.8652687072753906,-2.509428024291992,59
14,37,deploy_to_eval,c049,0.11919021606445312,-2.509428024291992,73
14,37,eval_to_deploy,c049,-0.4100933074951172,-2.756786346435547,73
14,37,unpaired_control,c049,-0.8913764953613281,-2.509428024291992,59
15,37,deploy_to_eval,c049,0.08748435974121094,-2.509428024291992,73
15,37,eval_to_deploy,c049,-0.3103923797607422,-2.756786346435547,73
15,37,unpaired_control,c049,-0.882598876953125,-2.509428024291992,59
16,37,deploy_to_eval,c049,-0.09268760681152344,-2.509428024291992,73
16,37,eval_to_deploy,c049,0.06478500366210938,-2.756786346435547,73
16,37,unpaired_control,c049,-1.1253948211669922,-2.509428024291992,59
17,37,deploy_to_eval,c049,-0.10387992858886719,-2.509428024291992,73
17,37,eval_to_deploy,c049,0.08985328674316406,-2.756786346435547,73
17,37,unpaired_control,c049,-1.1843605041503906,-2.509428024291992,59
18,37,deploy_to_eval,c049,-0.1533966064453125,-2.509428024291992,73
18,37,eval_to_deploy,c049,0.13500404357910156,-2.756786346435547,73
18,37,unpaired_control,c049,-1.2021236419677734,-2.509428024291992,59
19,37,deploy_to_eval,c049,-0.1982269287109375,-2.509428024291992,73
19,37,eval_to_deploy,c049,0.18381500244140625,-2.756786346435547,73
19,37,unpaired_control,c049,-1.2476768493652344,-2.509428024291992,59
20,37,deploy_to_eval,c049,-0.25606536865234375,-2.509428024291992,73
20,37,eval_to_deploy,c049,0.24018478393554688,-2.756786346435547,73
20,37,unpaired_control,c049,-1.2718563079833984,-2.509428024291992,59
21,37,deploy_to_eval,c049,-0.23685264587402344,-2.509428024291992,73
21,37,eval_to_deploy,c049,0.2296733856201172,-2.756786346435547,73
21,37,unpaired_control,c049,-1.2228755950927734,-2.509428024291992,59
22,37,deploy_to_eval,c049,-0.22708892822265625,-2.509428024291992,73
22,37,eval_to_deploy,c049,0.21729087829589844,-2.756786346435547,73
22,37,unpaired_control,c049,-1.2155036926269531,-2.509428024291992,59
23,37,deploy_to_eval,c049,-0.2503795623779297,-2.509428024291992,73
23,37,eval_to_deploy,c049,0.25023841857910156,-2.756786346435547,73
23,37,unpaired_control,c049,-1.2524089813232422,-2.509428024291992,59
24,37,deploy_to_eval,c049,-0.2496795654296875,-2.509428024291992,73
24,37,eval_to_deploy,c049,0.2442760467529297,-2.756786346435547,73
24,37,unpaired_control,c049,-1.2513809204101562,-2.509428024291992,59
25,37,deploy_to_eval,c049,-0.27002906799316406,-2.509428024291992,73
25,37,eval_to_deploy,c049,0.27036094665527344,-2.756786346435547,73
25,37,unpaired_control,c049,-1.2601966857910156,-2.509428024291992,59
26,37,deploy_to_eval,c049,-0.21263694763183594,-2.509428024291992,73
26,37,eval_to_deploy,c049,0.1925334930419922,-2.756786346435547,73
26,37,unpaired_control,c049,-1.227071762084961,-2.509428024291992,59
27,37,deploy_to_eval,c049,-0.2473583221435547,-2.509428024291992,73
27,37,eval_to_deploy,c049,0.2473583221435547,-2.756786346435547,73
27,37,unpaired_control,c049,-1.2792778015136719,-2.509428024291992,59
0,38,deploy_to_eval,c058,-0.16636276245117188,-1.6853981018066406,79
0,38,eval_to_deploy,c058,0.1931629180908203,-3.788705825805664,79
0,38,unpaired_control,c058,0.021608352661132812,-1.6853981018066406,59
1,38,deploy_to_eval,c058,-0.23384666442871094,-1.6853981018066406,79
1,38,eval_to_deploy,c058,0.43404197692871094,-3.788705825805664,79
1,38,unpaired_control,c058,0.05980110168457031,-1.6853981018066406,59
2,38,deploy_to_eval,c058,-0.3586292266845703,-1.6853981018066406,79
2,38,eval_to_deploy,c058,0.5028400421142578,-3.788705825805664,79
2,38,unpaired_control,c058,0.09406852722167969,-1.6853981018066406,59
3,38,deploy_to_eval,c058,-0.6385765075683594,-1.6853981018066406,79
3,38,eval_to_deploy,c058,0.7994327545166016,-3.788705825805664,79
3,38,unpaired_control,c058,-0.025259017944335938,-1.6853981018066406,59
4,38,deploy_to_eval,c058,-0.6416912078857422,-1.6853981018066406,79
4,38,eval_to_deploy,c058,0.8886775970458984,-3.788705825805664,79
4,38,unpaired_control,c058,0.12037467956542969,-1.6853981018066406,59
5,38,deploy_to_eval,c058,-0.6968936920166016,-1.6853981018066406,79
5,38,eval_to_deploy,c058,1.0021095275878906,-3.788705825805664,79
5,38,unpaired_control,c058,0.0774993896484375,-1.6853981018066406,59
6,38,deploy_to_eval,c058,-0.8050098419189453,-1.6853981018066406,79
6,38,eval_to_deploy,c058,1.0030937194824219,-3.788705825805664,79
6,38,unpaired_control,c058,0.10107994079589844,-1.6853981018066406,59
7,38,deploy_to_eval,c058,-0.7255306243896484,-1.6853981018066406,79
7,38,eval_to_deploy,c058,0.8597488403320312,-3.788705825805664,79
7,38,unpaired_control,c058,0.3521156311035156,-1.6853981018066406,59
8,38,deploy_to_eval,c058,-0.6924419403076172,-1.6853981018066406,79
8,38,eval_to_deploy,c058,0.8018646240234375,-3.788705825805664,79
8,38,unpaired_control,c058,0.24152565002441406,-1.6853981018066406,59
9,38,deploy_to_eval,c058,-0.8584804534912109,-1.6853981018066406,79
9,38,eval_to_deploy,c058,0.7367839813232422,-3.788705825805664,79
9,38,unpaired_control,c058,0.27692222595214844,-1.6853981018066406,59
10,38,deploy_to_eval,c058,-1.0889034271240234,-1.6853981018066406,79
10,38,eval_to_deploy,c058,0.8847904205322266,-3.788705825805664,79
10,38,unpaired_control,c058,0.059925079345703125,-1.6853981018066406,59
11,38,deploy_to_eval,c058,-1.667551040649414,-1.6853981018066406,79
11,38,eval_to_deploy,c058,1.495849609375,-3.788705825805664,79
11,38,unpaired_control,c058,-0.4878578186035156,-1.6853981018066406,59
12,38,deploy_to_eval,c058,-1.7762088775634766,-1.6853981018066406,79
12,38,eval_to_deploy,c058,1.655904769897461,-3.788705825805664,79
12,38,unpaired_control,c058,-0.085906982421875,-1.6853981018066406,59
13,38,deploy_to_eval,c058,-1.7425308227539062,-1.6853981018066406,79
13,38,eval_to_deploy,c058,1.6539459228515625,-3.788705825805664,79
13,38,unpaired_control,c058,-0.11366844177246094,-1.6853981018066406,59
14,38,deploy_to_eval,c058,-1.7712898254394531,-1.6853981018066406,79
14,38,eval_to_deploy,c058,1.7223644256591797,-3.788705825805664,79
14,38,unpaired_control,c058,-0.16892433166503906,-1.6853981018066406,59
15,38,deploy_to_eval,c058,-1.7501258850097656,-1.6853981018066406,79
15,38,eval_to_deploy,c058,1.709280014038086,-3.788705825805664,79
15,38,unpaired_control,c058,-0.10360145568847656,-1.6853981018066406,59
16,38,deploy_to_eval,c058,-1.9624767303466797,-1.6853981018066406,79
16,38,eval_to_deploy,c058,2.128591537475586,-3.788705825805664,79
16,38,unpaired_control,c058,-0.5359287261962891,-1.6853981018066406,59
17,38,deploy_to_eval,c058,-2.0317935943603516,-1.6853981018066406,79
17,38,eval_to_deploy,c058,2.1688804626464844,-3.788705825805664,79
17,38,unpaired_control,c058,-0.4001598358154297,-1.6853981018066406,59
18,38,deploy_to_eval,c058,-2.0452938079833984,-1.6853981018066406,79
18,38,eval_to_deploy,c058,2.1699485778808594,-3.788705825805664,79
18,38,unpaired_control,c058,-0.4087638854980469,-1.6853981018066406,59
19,38,deploy_to_eval,c058,-2.0601806640625,-1.6853981018066406,79
19,38,eval_to_deploy,c058,2.168577194213867,-3.788705825805664,79
19,38,unpaired_control,c058,-0.39931488037109375,-1.6853981018066406,59
20,38,deploy_to_eval,c058,-2.093578338623047,-1.6853981018066406,79
20,38,eval_to_deploy,c058,2.1371994018554688,-3.788705825805664,79
20,38,unpaired_control,c058,-0.4370918273925781,-1.6853981018066406,59
21,38,deploy_to_eval,c058,-2.074605941772461,-1.6853981018066406,79
21,38,eval_to_deploy,c058,2.1037864685058594,-3.788705825805664,79
21,38,unpaired_control,c058,-0.3809089660644531,-1.6853981018066406,59
22,38,deploy_to_eval,c058,-2.0672359466552734,-1.6853981018066406,79
22,38,eval_to_deploy,c058,2.097940444946289,-3.788705825805664,79
22,38,unpaired_control,c058,-0.39266014099121094,-1.6853981018066406,59
23,38,deploy_to_eval,c058,-2.0795745849609375,-1.6853981018066406,79
23,38,eval_to_deploy,c058,2.105398178100586,-3.788705825805664,79
23,38,unpaired_control,c058,-0.35636138916015625,-1.6853981018066406,59
24,38,deploy_to_eval,c058,-2.059572219848633,-1.6853981018066406,79
24,38,eval_to_deploy,c058,2.0836868286132812,-3.788705825805664,79
24,38,unpaired_control,c058,-0.3817138671875,-1.6853981018066406,59
25,38,deploy_to_eval,c058,-2.07794189453125,-1.6853981018066406,79
25,38,eval_to_deploy,c058,2.1018238067626953,-3.788705825805664,79
25,38,unpaired_control,c058,-0.404998779296875,-1.6853981018066406,59
26,38,deploy_to_eval,c058,-2.093719482421875,-1.6853981018066406,79
26,38,eval_to_deploy,c058,2.084491729736328,-3.788705825805664,79
26,38,unpaired_control,c058,-0.3523998260498047,-1.6853981018066406,59
27,38,deploy_to_eval,c058,-2.1033077239990234,-1.6853981018066406,79
27,38,eval_to_deploy,c058,2.1033077239990234,-3.788705825805664,79
27,38,unpaired_control,c058,-0.42651939392089844,-1.6853981018066406,59
0,39,deploy_to_eval,c024,0.009662628173828125,-2.083698272705078,117
0,39,eval_to_deploy,c024,-0.0546417236328125,-2.111917495727539,117
0,39,unpaired_control,c024,-0.07358932495117188,-2.083698272705078,79
1,39,deploy_to_eval,c024,-0.025373458862304688,-2.083698272705078,117
1,39,eval_to_deploy,c024,0.023059844970703125,-2.111917495727539,117
1,39,unpaired_control,c024,-0.07585334777832031,-2.083698272705078,79
2,39,deploy_to_eval,c024,-0.07288932800292969,-2.083698272705078,117
2,39,eval_to_deploy,c024,0.051235198974609375,-2.111917495727539,117
2,39,unpaired_control,c024,-0.06653594970703125,-2.083698272705078,79
3,39,deploy_to_eval,c024,-0.016748428344726562,-2.083698272705078,117
3,39,eval_to_deploy,c024,-0.0014476776123046875,-2.111917495727539,117
3,39,unpaired_control,c024,0.4346427917480469,-2.083698272705078,79
4,39,deploy_to_eval,c024,0.042957305908203125,-2.083698272705078,117
4,39,eval_to_deploy,c024,-0.05294036865234375,-2.111917495727539,117
4,39,unpaired_control,c024,0.5043411254882812,-2.083698272705078,79
5,39,deploy_to_eval,c024,0.12471580505371094,-2.083698272705078,117
5,39,eval_to_deploy,c024,-0.150665283203125,-2.111917495727539,117
5,39,unpaired_control,c024,0.6079063415527344,-2.083698272705078,79
6,39,deploy_to_eval,c024,0.15541648864746094,-2.083698272705078,117
6,39,eval_to_deploy,c024,-0.16741371154785156,-2.111917495727539,117
6,39,unpaired_control,c024,0.5971355438232422,-2.083698272705078,79
7,39,deploy_to_eval,c024,0.09866714477539062,-2.083698272705078,117
7,39,eval_to_deploy,c024,-0.19033432006835938,-2.111917495727539,117
7,39,unpaired_control,c024,0.5628318786621094,-2.083698272705078,79
8,39,deploy_to_eval,c024,0.12627220153808594,-2.083698272705078,117
8,39,eval_to_deploy,c024,-0.1594371795654297,-2.111917495727539,117
8,39,unpaired_control,c024,0.5974159240722656,-2.083698272705078,79
9,39,deploy_to_eval,c024,0.23926544189453125,-2.083698272705078,117
9,39,eval_to_deploy,c024,-0.2726783752441406,-2.111917495727539,117
9,39,unpaired_control,c024,0.5651359558105469,-2.083698272705078,79
10,39,deploy_to_eval,c024,0.46543121337890625,-2.083698272705078,117
10,39,eval_to_deploy,c024,-0.4051170349121094,-2.111917495727539,117
10,39,unpaired_control,c024,0.5748977661132812,-2.083698272705078,79
11,39,deploy_to_eval,c024,0.31188392639160156,-2.083698272705078,117
11,39,eval_to_deploy,c024,-0.3486976623535156,-2.111917495727539,117
11,39,unpaired_control,c024,0.6592693328857422,-2.083698272705078,79
12,39,deploy_to_eval,c024,0.2905712127685547,-2.083698272705078,117
12,39,eval_to_deploy,c024,-0.3361530303955078,-2.111917495727539,117
12,39,unpaired_control,c024,0.5455322265625,-2.083698272705078,79
13,39,deploy_to_eval,c024,0.29022216796875,-2.083698272705078,117
13,39,eval_to_deploy,c024,-0.3603191375732422,-2.111917495727539,117
13,39,unpaired_control,c024,0.4590320587158203,-2.083698272705078,79
14,39,deploy_to_eval,c024,0.3379707336425781,-2.083698272705078,117
14,39,eval_to_deploy,c024,-0.37935447692871094,-2.111917495727539,117
14,39,unpaired_control,c024,0.49078369140625,-2.083698272705078,79
15,39,deploy_to_eval,c024,0.35260009765625,-2.083698272705078,117
15,39,eval_to_deploy,c024,-0.3595428466796875,-2.111917495727539,117
15,39,unpaired_control,c024,0.4784812927246094,-2.083698272705078,79
16,39,deploy_to_eval,c024,0.13809967041015625,-2.083698272705078,117
16,39,eval_to_deploy,c024,-0.14203834533691406,-2.111917495727539,117
16,39,unpaired_control,c024,0.408782958984375,-2.083698272705078,79
17,39,deploy_to_eval,c024,0.1146697998046875,-2.083698272705078,117
17,39,eval_to_deploy,c024,-0.11471939086914062,-2.111917495727539,117
17,39,unpaired_control,c024,0.4322528839111328,-2.083698272705078,79
18,39,deploy_to_eval,c024,0.10276603698730469,-2.083698272705078,117
18,39,eval_to_deploy,c024,-0.11048698425292969,-2.111917495727539,117
18,39,unpaired_control,c024,0.39806175231933594,-2.083698272705078,79
19,39,deploy_to_eval,c024,0.06940269470214844,-2.083698272705078,117
19,39,eval_to_deploy,c024,-0.07569122314453125,-2.111917495727539,117
19,39,unpaired_control,c024,0.3772315979003906,-2.083698272705078,79
20,39,deploy_to_eval,c024,0.027410507202148438,-2.083698272705078,117
20,39,eval_to_deploy,c024,-0.020017623901367188,-2.111917495727539,117
20,39,unpaired_control,c024,0.31093597412109375,-2.083698272705078,79
21,39,deploy_to_eval,c024,0.060337066650390625,-2.083698272705078,117
21,39,eval_to_deploy,c024,-0.05299949645996094,-2.111917495727539,117
21,39,unpaired_control,c024,0.29759979248046875,-2.083698272705078,79
22,39,deploy_to_eval,c024,0.06560897827148438,-2.083698272705078,117
22,39,eval_to_deploy,c024,-0.06192970275878906,-2.111917495727539,117
22,39,unpaired_control,c024,0.3067474365234375,-2.083698272705078,79
23,39,deploy_to_eval,c024,0.05122566223144531,-2.083698272705078,117
23,39,eval_to_deploy,c024,-0.05074119567871094,-2.111917495727539,117
23,39,unpaired_control,c024,0.286468505859375,-2.083698272705078,79
24,39,deploy_to_eval,c024,0.027862548828125,-2.083698272705078,117
24,39,eval_to_deploy,c024,-0.027585983276367188,-2.111917495727539,117
24,39,unpaired_control,c024,0.29332733154296875,-2.083698272705078,79
25,39,deploy_to_eval,c024,-0.019268035888671875,-2.083698272705078,117
25,39,eval_to_deploy,c024,0.017129898071289062,-2.111917495727539,117
25,39,unpaired_control,c024,0.297088623046875,-2.083698272705078,79
26,39,deploy_to_eval,c024,0.06775283813476562,-2.083698272705078,117
26,39,eval_to_deploy,c024,-0.06055450439453125,-2.111917495727539,117
26,39,unpaired_control,c024,0.36451148986816406,-2.083698272705078,79
27,39,deploy_to_eval,c024,-0.028219223022460938,-2.083698272705078,117
27,39,eval_to_deploy,c024,0.028219223022460938,-2.111917495727539,117
27,39,unpaired_control,c024,0.29584693908691406,-2.083698272705078,79
0,40,deploy_to_eval,c042,-0.003902435302734375,-1.5474700927734375,107
0,40,eval_to_deploy,c042,0.033916473388671875,-1.787851333618164,107
0,40,unpaired_control,c042,0.005199432373046875,-1.5474700927734375,79
1,40,deploy_to_eval,c042,0.059993743896484375,-1.5474700927734375,107
1,40,eval_to_deploy,c042,0.004302978515625,-1.787851333618164,107
1,40,unpaired_control,c042,0.03687095642089844,-1.5474700927734375,79
2,40,deploy_to_eval,c042,0.031524658203125,-1.5474700927734375,107
2,40,eval_to_deploy,c042,0.027423858642578125,-1.787851333618164,107
2,40,unpaired_control,c042,-0.09624099731445312,-1.5474700927734375,79
3,40,deploy_to_eval,c042,0.2271728515625,-1.5474700927734375,107
3,40,eval_to_deploy,c042,-0.16620445251464844,-1.787851333618164,107
3,40,unpaired_control,c042,0.11568450927734375,-1.5474700927734375,79
4,40,deploy_to_eval,c042,0.17350387573242188,-1.5474700927734375,107
4,40,eval_to_deploy,c042,-0.08760833740234375,-1.787851333618164,107
4,40,unpaired_control,c042,0.10496139526367188,-1.5474700927734375,79
5,40,deploy_to_eval,c042,0.21050071716308594,-1.5474700927734375,107
5,40,eval_to_deploy,c042,-0.15264892578125,-1.787851333618164,107
5,40,unpaired_control,c042,0.066680908203125,-1.5474700927734375,79
6,40,deploy_to_eval,c042,0.19764137268066406,-1.5474700927734375,107
6,40,eval_to_deploy,c042,-0.19091796875,-1.787851333618164,107
6,40,unpaired_control,c042,0.016363143920898438,-1.5474700927734375,79
7,40,deploy_to_eval,c042,0.3317756652832031,-1.5474700927734375,107
7,40,eval_to_deploy,c042,-0.2769947052001953,-1.787851333618164,107
7,40,unpaired_control,c042,0.07332229614257812,-1.5474700927734375,79
8,40,deploy_to_eval,c042,0.4489898681640625,-1.5474700927734375,107
8,40,eval_to_deploy,c042,-0.3068828582763672,-1.787851333618164,107
8,40,unpaired_control,c042,0.11021232604980469,-1.5474700927734375,79
9,40,deploy_to_eval,c042,0.4057750701904297,-1.5474700927734375,107
9,40,eval_to_deploy,c042,-0.2502708435058594,-1.787851333618164,107
9,40,unpaired_control,c042,0.30613136291503906,-1.5474700927734375,79
10,40,deploy_to_eval,c042,0.24020957946777344,-1.5474700927734375,107
10,40,eval_to_deploy,c042,-0.05866050720214844,-1.787851333618164,107
10,40,unpaired_control,c042,0.2620201110839844,-1.5474700927734375,79
11,40,deploy_to_eval,c042,0.09462928771972656,-1.5474700927734375,107
11,40,eval_to_deploy,c042,0.022029876708984375,-1.787851333618164,107
11,40,unpaired_control,c042,0.1865215301513672,-1.5474700927734375,79
12,40,deploy_to_eval,c042,-0.046161651611328125,-1.5474700927734375,107
12,40,eval_to_deploy,c042,0.11779975891113281,-1.787851333618164,107
12,40,unpaired_control,c042,0.12387466430664062,-1.5474700927734375,79
13,40,deploy_to_eval,c042,-0.13833999633789062,-1.5474700927734375,107
13,40,eval_to_deploy,c042,0.16132164001464844,-1.787851333618164,107
13,40,unpaired_control,c042,0.08760833740234375,-1.5474700927734375,79
14,40,deploy_to_eval,c042,-0.1390819549560547,-1.5474700927734375,107
14,40,eval_to_deploy,c042,0.14450454711914062,-1.787851333618164,107
14,40,unpaired_control,c042,0.09112739562988281,-1.5474700927734375,79
15,40,deploy_to_eval,c042,-0.2218799591064453,-1.5474700927734375,107
15,40,eval_to_deploy,c042,0.21196746826171875,-1.787851333618164,107
15,40,unpaired_control,c042,0.08732414245605469,-1.5474700927734375,79
16,40,deploy_to_eval,c042,-0.19859695434570312,-1.5474700927734375,107
16,40,eval_to_deploy,c042,0.20711898803710938,-1.787851333618164,107
16,40,unpaired_control,c042,0.1763477325439453,-1.5474700927734375,79
17,40,deploy_to_eval,c042,-0.22660064697265625,-1.5474700927734375,107
17,40,eval_to_deploy,c042,0.2394886016845703,-1.787851333618164,107
17,40,unpaired_control,c042,0.17930984497070312,-1.5474700927734375,79
18,40,deploy_to_eval,c042,-0.23925399780273438,-1.5474700927734375,107
18,40,eval_to_deploy,c042,0.24105262756347656,-1.787851333618164,107
18,40,unpaired_control,c042,0.190093994140625,-1.5474700927734375,79
19,40,deploy_to_eval,c042,-0.24428749084472656,-1.5474700927734375,107
19,40,eval_to_deploy,c042,0.25034523010253906,-1.787851333618164,107
19,40,unpaired_control,c042,0.1763172149658203,-1.5474700927734375,79
20,40,deploy_to_eval,c042,-0.2671699523925781,-1.5474700927734375,107
20,40,eval_to_deploy,c042,0.27695274353027344,-1.787851333618164,107
20,40,unpaired_control,c042,0.16778564453125,-1.5474700927734375,79
21,40,deploy_to_eval,c042,-0.2820606231689453,-1.5474700927734375,107
21,40,eval_to_deploy,c042,0.2915306091308594,-1.787851333618164,107
21,40,unpaired_control,c042,0.15951156616210938,-1.5474700927734375,79
22,40,deploy_to_eval,c042,-0.2704010009765625,-1.5474700927734375,107
22,40,eval_to_deploy,c042,0.2757682800292969,-1.787851333618164,107
22,40,unpaired_control,c042,0.18073081970214844,-1.5474700927734375,79
23,40,deploy_to_eval,c042,-0.273712158203125,-1.5474700927734375,107
23,40,eval_to_deploy,c042,0.2778053283691406,-1.787851333618164,107
23,40,unpaired_control,c042,0.1753997802734375,-1.5474700927734375,79
24,40,deploy_to_eval,c042,-0.2296428680419922,-1.5474700927734375,107
24,40,eval_to_deploy,c042,0.23960494995117188,-1.787851333618164,107
24,40,unpaired_control,c042,0.22902679443359375,-1.5474700927734375,79
25,40,deploy_to_eval,c042,-0.24001502990722656,-1.5474700927734375,107
25,40,eval_to_deploy,c042,0.24739837646484375,-1.787851333618164,107
25,40,unpaired_control,c042,0.20120811462402344,-1.5474700927734375,79
26,40,deploy_to_eval,c042,-0.21872901916503906,-1.5474700927734375,107
26,40,eval_to_deploy,c042,0.2182464599609375,-1.787851333618164,107
26,40,unpaired_control,c042,0.2450389862060547,-1.5474700927734375,79
27,40,deploy_to_eval,c042,-0.24038124084472656,-1.5474700927734375,107
27,40,eval_to_deploy,c042,0.24038124084472656,-1.787851333618164,107
27,40,unpaired_control,c042,0.2542438507080078,-1.5474700927734375,79
0,41,deploy_to_eval,c047,-0.03149223327636719,-0.42586708068847656,129
0,41,eval_to_deploy,c047,0.0544586181640625,-1.2932262420654297,129
0,41,unpaired_control,c047,0.008440017700195312,-0.42586708068847656,79
1,41,deploy_to_eval,c047,-0.1483592987060547,-0.42586708068847656,129
1,41,eval_to_deploy,c047,0.24568939208984375,-1.2932262420654297,129
1,41,unpaired_control,c047,-0.0747833251953125,-0.42586708068847656,79
2,41,deploy_to_eval,c047,-0.1151885986328125,-0.42586708068847656,129
2,41,eval_to_deploy,c047,0.21762847900390625,-1.2932262420654297,129
2,41,unpaired_control,c047,-0.17628097534179688,-0.42586708068847656,79
3,41,deploy_to_eval,c047,-0.16373443603515625,-0.42586708068847656,129
3,41,eval_to_deploy,c047,0.2644500732421875,-1.2932262420654297,129
3,41,unpaired_control,c047,-0.3411903381347656,-0.42586708068847656,79
4,41,deploy_to_eval,c047,-0.21338462829589844,-0.42586708068847656,129
4,41,eval_to_deploy,c047,0.32680320739746094,-1.2932262420654297,129
4,41,unpaired_control,c047,-0.29900169372558594,-0.42586708068847656,79
5,41,deploy_to_eval,c047,-0.045742034912109375,-0.42586708068847656,129
5,41,eval_to_deploy,c047,0.1611156463623047,-1.2932262420654297,129
5,41,unpaired_control,c047,-0.36812591552734375,-0.42586708068847656,79
6,41,deploy_to_eval,c047,0.009525299072265625,-0.42586708068847656,129
6,41,eval_to_deploy,c047,0.09642219543457031,-1.2932262420654297,129
6,41,unpaired_control,c047,-0.4305915832519531,-0.42586708068847656,79
7,41,deploy_to_eval,c047,-0.1256542205810547,-0.42586708068847656,129
7,41,eval_to_deploy,c047,0.15559768676757812,-1.2932262420654297,129
7,41,unpaired_control,c047,-0.5116214752197266,-0.42586708068847656,79
8,41,deploy_to_eval,c047,-0.1275806427001953,-0.42586708068847656,129
8,41,eval_to_deploy,c047,0.14034652709960938,-1.2932262420654297,129
8,41,unpaired_control,c047,-0.5119762420654297,-0.42586708068847656,79
9,41,deploy_to_eval,c047,-0.45793724060058594,-0.42586708068847656,129
9,41,eval_to_deploy,c047,0.3504810333251953,-1.2932262420654297,129
9,41,unpaired_control,c047,-1.2206554412841797,-0.42586708068847656,79
10,41,deploy_to_eval,c047,-0.4431438446044922,-0.42586708068847656,129
10,41,eval_to_deploy,c047,0.4267768859863281,-1.2932262420654297,129
10,41,unpaired_control,c047,-1.6687240600585938,-0.42586708068847656,79
11,41,deploy_to_eval,c047,-0.6794929504394531,-0.42586708068847656,129
11,41,eval_to_deploy,c047,0.4866752624511719,-1.2932262420654297,129
11,41,unpaired_control,c047,-2.3282718658447266,-0.42586708068847656,79
12,41,deploy_to_eval,c047,-0.7702846527099609,-0.42586708068847656,129
12,41,eval_to_deploy,c047,0.5927524566650391,-1.2932262420654297,129
12,41,unpaired_control,c047,-2.5531349182128906,-0.42586708068847656,79
13,41,deploy_to_eval,c047,-0.7751579284667969,-0.42586708068847656,129
13,41,eval_to_deploy,c047,0.6413555145263672,-1.2932262420654297,129
13,41,unpaired_control,c047,-2.512510299682617,-0.42586708068847656,79
14,41,deploy_to_eval,c047,-0.7641811370849609,-0.42586708068847656,129
14,41,eval_to_deploy,c047,0.6413650512695312,-1.2932262420654297,129
14,41,unpaired_control,c047,-2.4868640899658203,-0.42586708068847656,79
15,41,deploy_to_eval,c047,-0.7580757141113281,-0.42586708068847656,129
15,41,eval_to_deploy,c047,0.6857032775878906,-1.2932262420654297,129
15,41,unpaired_control,c047,-2.6650657653808594,-0.42586708068847656,79
16,41,deploy_to_eval,c047,-0.8664569854736328,-0.42586708068847656,129
16,41,eval_to_deploy,c047,0.8342914581298828,-1.2932262420654297,129
16,41,unpaired_control,c047,-2.688426971435547,-0.42586708068847656,79
17,41,deploy_to_eval,c047,-0.8743267059326172,-0.42586708068847656,129
17,41,eval_to_deploy,c047,0.8388137817382812,-1.2932262420654297,129
17,41,unpaired_control,c047,-2.7310867309570312,-0.42586708068847656,79
18,41,deploy_to_eval,c047,-0.8549041748046875,-0.42586708068847656,129
18,41,eval_to_deploy,c047,0.8263416290283203,-1.2932262420654297,129
18,41,unpaired_control,c047,-2.742717742919922,-0.42586708068847656,79
19,41,deploy_to_eval,c047,-0.86126708984375,-0.42586708068847656,129
19,41,eval_to_deploy,c047,0.8280677795410156,-1.2932262420654297,129
19,41,unpaired_control,c047,-2.7587051391601562,-0.42586708068847656,79
20,41,deploy_to_eval,c047,-0.8762435913085938,-0.42586708068847656,129
20,41,eval_to_deploy,c047,0.8696880340576172,-1.2932262420654297,129
20,41,unpaired_control,c047,-2.77789306640625,-0.42586708068847656,79
21,41,deploy_to_eval,c047,-0.8675689697265625,-0.42586708068847656,129
21,41,eval_to_deploy,c047,0.8671646118164062,-1.2932262420654297,129
21,41,unpaired_control,c047,-2.798025131225586,-0.42586708068847656,79
22,41,deploy_to_eval,c047,-0.8644142150878906,-0.42586708068847656,129
22,41,eval_to_deploy,c047,0.8613529205322266,-1.2932262420654297,129
22,41,unpaired_control,c047,-2.7984580993652344,-0.42586708068847656,79
23,41,deploy_to_eval,c047,-0.8704833984375,-0.42586708068847656,129
23,41,eval_to_deploy,c047,0.8858413696289062,-1.2932262420654297,129
23,41,unpaired_control,c047,-2.805797576904297,-0.42586708068847656,79
24,41,deploy_to_eval,c047,-0.8609886169433594,-0.42586708068847656,129
24,41,eval_to_deploy,c047,0.8744869232177734,-1.2932262420654297,129
24,41,unpaired_control,c047,-2.815214157104492,-0.42586708068847656,79
25,41,deploy_to_eval,c047,-0.8722820281982422,-0.42586708068847656,129
25,41,eval_to_deploy,c047,0.8903675079345703,-1.2932262420654297,129
25,41,unpaired_control,c047,-2.8099117279052734,-0.42586708068847656,79
26,41,deploy_to_eval,c047,-0.8828296661376953,-0.42586708068847656,129
26,41,eval_to_deploy,c047,0.8937358856201172,-1.2932262420654297,129
26,41,unpaired_control,c047,-2.804351806640625,-0.42586708068847656,79
27,41,deploy_to_eval,c047,-0.8673591613769531,-0.42586708068847656,129
27,41,eval_to_deploy,c047,0.8673591613769531,-1.2932262420654297,129
27,41,unpaired_control,c047,-2.8342151641845703,-0.42586708068847656,79
0,42,deploy_to_eval,c043,0.11287307739257812,-1.8245201110839844,108
0,42,eval_to_deploy,c043,-0.03240394592285156,-3.260082244873047,108
0,42,unpaired_control,c043,-0.044719696044921875,-1.8245201110839844,79
1,42,deploy_to_eval,c043,0.1509246826171875,-1.8245201110839844,108
1,42,eval_to_deploy,c043,-0.07333946228027344,-3.260082244873047,108
1,42,unpaired_control,c043,-0.20466995239257812,-1.8245201110839844,79
2,42,deploy_to_eval,c043,0.12340927124023438,-1.8245201110839844,108
2,42,eval_to_deploy,c043,-0.04183769226074219,-3.260082244873047,108
2,42,unpaired_control,c043,-0.27059364318847656,-1.8245201110839844,79
3,42,deploy_to_eval,c043,0.0656585693359375,-1.8245201110839844,108
3,42,eval_to_deploy,c043,0.053997039794921875,-3.260082244873047,108
3,42,unpaired_control,c043,-0.06735610961914062,-1.8245201110839844,79
4,42,deploy_to_eval,c043,-0.10528945922851562,-1.8245201110839844,108
4,42,eval_to_deploy,c043,0.0362091064453125,-3.260082244873047,108
4,42,unpaired_control,c043,-0.022491455078125,-1.8245201110839844,79
5,42,deploy_to_eval,c043,-0.20441055297851562,-1.8245201110839844,108
5,42,eval_to_deploy,c043,0.0799102783203125,-3.260082244873047,108
5,42,unpaired_control,c043,0.09516716003417969,-1.8245201110839844,79
6,42,deploy_to_eval,c043,-0.3523750305175781,-1.8245201110839844,108
6,42,eval_to_deploy,c043,0.09288597106933594,-3.260082244873047,108
6,42,unpaired_control,c043,0.05745124816894531,-1.8245201110839844,79
7,42,deploy_to_eval,c043,-0.5188255310058594,-1.8245201110839844,108
7,42,eval_to_deploy,c043,0.2382183074951172,-3.260082244873047,108
7,42,unpaired_control,c043,0.29279327392578125,-1.8245201110839844,79
8,42,deploy_to_eval,c043,-0.4697246551513672,-1.8245201110839844,108
8,42,eval_to_deploy,c043,0.243560791015625,-3.260082244873047,108
8,42,unpaired_control,c043,0.4505348205566406,-1.8245201110839844,79
9,42,deploy_to_eval,c043,-0.6295566558837891,-1.8245201110839844,108
9,42,eval_to_deploy,c043,0.3942756652832031,-3.260082244873047,108
9,42,unpaired_control,c043,0.353759765625,-1.8245201110839844,79
10,42,deploy_to_eval,c043,-0.8327617645263672,-1.8245201110839844,108
10,42,eval_to_deploy,c043,0.6305732727050781,-3.260082244873047,108
10,42,unpaired_control,c043,0.6403408050537109,-1.8245201110839844,79
11,42,deploy_to_eval,c043,-1.0109748840332031,-1.8245201110839844,108
11,42,eval_to_deploy,c043,0.6279335021972656,-3.260082244873047,108
11,42,unpaired_control,c043,0.24784088134765625,-1.8245201110839844,79
12,42,deploy_to_eval,c043,-1.133707046508789,-1.8245201110839844,108
12,42,eval_to_deploy,c043,0.8237953186035156,-3.260082244873047,108
12,42,unpaired_control,c043,0.14527130126953125,-1.8245201110839844,79
13,42,deploy_to_eval,c043,-1.1582565307617188,-1.8245201110839844,108
13,42,eval_to_deploy,c043,0.8387050628662109,-3.260082244873047,108
13,42,unpaired_control,c043,0.07487106323242188,-1.8245201110839844,79
14,42,deploy_to_eval,c043,-1.1412811279296875,-1.8245201110839844,108
14,42,eval_to_deploy,c043,0.8471813201904297,-3.260082244873047,108
14,42,unpaired_control,c043,0.028139114379882812,-1.8245201110839844,79
15,42,deploy_to_eval,c043,-1.2886638641357422,-1.8245201110839844,108
15,42,eval_to_deploy,c043,1.0222053527832031,-3.260082244873047,108
15,42,unpaired_control,c043,-0.037868499755859375,-1.8245201110839844,79
16,42,deploy_to_eval,c043,-1.4605884552001953,-1.8245201110839844,108
16,42,eval_to_deploy,c043,1.5082626342773438,-3.260082244873047,108
16,42,unpaired_control,c043,-0.3776683807373047,-1.8245201110839844,79
17,42,deploy_to_eval,c043,-1.4764957427978516,-1.8245201110839844,108
17,42,eval_to_deploy,c043,1.505167007446289,-3.260082244873047,108
17,42,unpaired_control,c043,-0.4265289306640625,-1.8245201110839844,79
18,42,deploy_to_eval,c043,-1.4842147827148438,-1.8245201110839844,108
18,42,eval_to_deploy,c043,1.5101947784423828,-3.260082244873047,108
18,42,unpaired_control,c043,-0.45656394958496094,-1.8245201110839844,79
19,42,deploy_to_eval,c043,-1.4881324768066406,-1.8245201110839844,108
19,42,eval_to_deploy,c043,1.5082778930664062,-3.260082244873047,108
19,42,unpaired_control,c043,-0.4516887664794922,-1.8245201110839844,79
20,42,deploy_to_eval,c043,-1.5372791290283203,-1.8245201110839844,108
20,42,eval_to_deploy,c043,1.5733280181884766,-3.260082244873047,108
20,42,unpaired_control,c043,-0.516357421875,-1.8245201110839844,79
21,42,deploy_to_eval,c043,-1.5449275970458984,-1.8245201110839844,108
21,42,eval_to_deploy,c043,1.5923328399658203,-3.260082244873047,108
21,42,unpaired_control,c043,-0.4970874786376953,-1.8245201110839844,79
22,42,deploy_to_eval,c043,-1.5438594818115234,-1.8245201110839844,108
22,42,eval_to_deploy,c043,1.5889015197753906,-3.260082244873047,108
22,42,unpaired_control,c043,-0.49031829833984375,-1.8245201110839844,79
23,42,deploy_to_eval,c043,-1.5551528930664062,-1.8245201110839844,108
23,42,eval_to_deploy,c043,1.60736083984375,-3.260082244873047,108
23,42,unpaired_control,c043,-0.49660301208496094,-1.8245201110839844,79
24,42,deploy_to_eval,c043,-1.5280323028564453,-1.8245201110839844,108
24,42,eval_to_deploy,c043,1.5685310363769531,-3.260082244873047,108
24,42,unpaired_control,c043,-0.4835929870605469,-1.8245201110839844,79
25,42,deploy_to_eval,c043,-1.516885757446289,-1.8245201110839844,108
25,42,eval_to_deploy,c043,1.555755615234375,-3.260082244873047,108
25,42,unpaired_control,c043,-0.4804248809814453,-1.8245201110839844,79
26,42,deploy_to_eval,c043,-1.5007915496826172,-1.8245201110839844,108
26,42,eval_to_deploy,c043,1.5304298400878906,-3.260082244873047,108
26,42,unpaired_control,c043,-0.48406410217285156,-1.8245201110839844,79
27,42,deploy_to_eval,c043,-1.4355621337890625,-1.8245201110839844,108
27,42,eval_to_deploy,c043,1.4355621337890625,-3.260082244873047,108
27,42,unpaired_control,c043,-0.3683490753173828,-1.8245201110839844,79
0,43,deploy_to_eval,c003,-0.04252052307128906,-1.286947250366211,105
0,43,eval_to_deploy,c003,0.023225784301757812,-2.192869186401367,105
0,43,unpaired_control,c003,-0.11380958557128906,-1.286947250366211,79
1,43,deploy_to_eval,c003,-0.1183013916015625,-1.286947250366211,105
1,43,eval_to_deploy,c003,0.17412567138671875,-2.192869186401367,105
1,43,unpaired_control,c003,-0.15778350830078125,-1.286947250366211,79
2,43,deploy_to_eval,c003,-0.4081916809082031,-1.286947250366211,105
2,43,eval_to_deploy,c003,0.3927497863769531,-2.192869186401367,105
2,43,unpaired_control,c003,-0.19595718383789062,-1.286947250366211,79
3,43,deploy_to_eval,c003,-0.4872779846191406,-1.286947250366211,105
3,43,eval_to_deploy,c003,0.4537353515625,-2.192869186401367,105
3,43,unpaired_control,c003,-0.21566200256347656,-1.286947250366211,79
4,43,deploy_to_eval,c003,-0.4326324462890625,-1.286947250366211,105
4,43,eval_to_deploy,c003,0.3799724578857422,-2.192869186401367,105
4,43,unpaired_control,c003,-0.292236328125,-1.286947250366211,79
5,43,deploy_to_eval,c003,-0.4537200927734375,-1.286947250366211,105
5,43,eval_to_deploy,c003,0.39392662048339844,-2.192869186401367,105
5,43,unpaired_control,c003,-0.3606910705566406,-1.286947250366211,79
6,43,deploy_to_eval,c003,-0.4722576141357422,-1.286947250366211,105
6,43,eval_to_deploy,c003,0.3903465270996094,-2.192869186401367,105
6,43,unpaired_control,c003,-0.3809242248535156,-1.286947250366211,79
7,43,deploy_to_eval,c003,-0.4751625061035156,-1.286947250366211,105
7,43,eval_to_deploy,c003,0.38521385192871094,-2.192869186401367,105
7,43,unpaired_control,c003,-0.4400177001953125,-1.286947250366211,79
8,43,deploy_to_eval,c003,-0.45958709716796875,-1.286947250366211,105
8,43,eval_to_deploy,c003,0.3634777069091797,-2.192869186401367,105
8,43,unpaired_control,c003,-0.41817474365234375,-1.286947250366211,79
9,43,deploy_to_eval,c003,-0.34574317932128906,-1.286947250366211,105
9,43,eval_to_deploy,c003,0.28798866271972656,-2.192869186401367,105
9,43,unpaired_control,c003,-0.4036407470703125,-1.286947250366211,79
10,43,deploy_to_eval,c003,-0.4612083435058594,-1.286947250366211,105
10,43,eval_to_deploy,c003,0.4539661407470703,-2.192869186401367,105
10,43,unpaired_control,c003,-0.358123779296875,-1.286947250366211,79
11,43,deploy_to_eval,c003,-0.70635986328125,-1.286947250366211,105
11,43,eval_to_deploy,c003,0.6868762969970703,-2.192869186401367,105
11,43,unpaired_control,c003,-0.6706314086914062,-1.286947250366211,79
12,43,deploy_to_eval,c003,-0.7389698028564453,-1.286947250366211,105
12,43,eval_to_deploy,c003,0.6826305389404297,-2.192869186401367,105
12,43,unpaired_control,c003,-0.6080265045166016,-1.286947250366211,79
13,43,deploy_to_eval,c003,-0.7270526885986328,-1.286947250366211,105
13,43,eval_to_deploy,c003,0.6691551208496094,-2.192869186401367,105
13,43,unpaired_control,c003,-0.5985813140869141,-1.286947250366211,79
14,43,deploy_to_eval,c003,-0.7357406616210938,-1.286947250366211,105
14,43,eval_to_deploy,c003,0.6775856018066406,-2.192869186401367,105
14,43,unpaired_control,c003,-0.5841178894042969,-1.286947250366211,79
15,43,deploy_to_eval,c003,-0.7779598236083984,-1.286947250366211,105
15,43,eval_to_deploy,c003,0.7205619812011719,-2.192869186401367,105
15,43,unpaired_control,c003,-0.6358184814453125,-1.286947250366211,79
16,43,deploy_to_eval,c003,-0.9350776672363281,-1.286947250366211,105
16,43,eval_to_deploy,c003,0.9435234069824219,-2.192869186401367,105
16,43,unpaired_control,c003,-0.8026657104492188,-1.286947250366211,79
17,43,deploy_to_eval,c003,-0.9724464416503906,-1.286947250366211,105
17,43,eval_to_deploy,c003,0.970123291015625,-2.192869186401367,105
17,43,unpaired_control,c003,-0.8649959564208984,-1.286947250366211,79
18,43,deploy_to_eval,c003,-0.9714813232421875,-1.286947250366211,105
18,43,eval_to_deploy,c003,0.970489501953125,-2.192869186401367,105
18,43,unpaired_control,c003,-0.8625812530517578,-1.286947250366211,79
19,43,deploy_to_eval,c003,-0.9472827911376953,-1.286947250366211,105
19,43,eval_to_deploy,c003,0.9517917633056641,-2.192869186401367,105
19,43,unpaired_control,c003,-0.8589992523193359,-1.286947250366211,79
20,43,deploy_to_eval,c003,-0.9614887237548828,-1.286947250366211,105
20,43,eval_to_deploy,c003,0.9666309356689453,-2.192869186401367,105
20,43,unpaired_control,c003,-0.8522548675537109,-1.286947250366211,79
21,43,deploy_to_eval,c003,-0.9494285583496094,-1.286947250366211,105
21,43,eval_to_deploy,c003,0.9571552276611328,-2.192869186401367,105
21,43,unpaired_control,c003,-0.8278789520263672,-1.286947250366211,79
22,43,deploy_to_eval,c003,-0.9531383514404297,-1.286947250366211,105
22,43,eval_to_deploy,c003,0.9601192474365234,-2.192869186401367,105
22,43,unpaired_control,c003,-0.832977294921875,-1.286947250366211,79
23,43,deploy_to_eval,c003,-0.9534320831298828,-1.286947250366211,105
23,43,eval_to_deploy,c003,0.9577541351318359,-2.192869186401367,105
23,43,unpaired_control,c003,-0.8389720916748047,-1.286947250366211,79
24,43,deploy_to_eval,c003,-0.9574871063232422,-1.286947250366211,105
24,43,eval_to_deploy,c003,0.9640216827392578,-2.192869186401367,105
24,43,unpaired_control,c003,-0.8582954406738281,-1.286947250366211,79
25,43,deploy_to_eval,c003,-0.9464130401611328,-1.286947250366211,105
25,43,eval_to_deploy,c003,0.9539089202880859,-2.192869186401367,105
25,43,unpaired_control,c003,-0.8488845825195312,-1.286947250366211,79
26,43,deploy_to_eval,c003,-0.9369773864746094,-1.286947250366211,105
26,43,eval_to_deploy,c003,0.9369010925292969,-2.192869186401367,105
26,43,unpaired_control,c003,-0.8292179107666016,-1.286947250366211,79
27,43,deploy_to_eval,c003,-0.9059219360351562,-1.286947250366211,105
27,43,eval_to_deploy,c003,0.9059219360351562,-2.192869186401367,105
27,43,unpaired_control,c003,-0.8552532196044922,-1.286947250366211,79
0,44,deploy_to_eval,c041,-0.014467239379882812,-1.819131851196289,125
0,44,eval_to_deploy,c041,0.009761810302734375,-2.142200469970703,125
0,44,unpaired_control,c041,0.015832901000976562,-1.819131851196289,59
1,44,deploy_to_eval,c041,-0.07280731201171875,-1.819131851196289,125
1,44,eval_to_deploy,c041,0.07628631591796875,-2.142200469970703,125
1,44,unpaired_control,c041,-0.1948375701904297,-1.819131851196289,59
2,44,deploy_to_eval,c041,0.07797050476074219,-1.819131851196289,125
2,44,eval_to_deploy,c041,-0.07990455627441406,-2.142200469970703,125
2,44,unpaired_control,c041,-0.2573585510253906,-1.819131851196289,59
3,44,deploy_to_eval,c041,0.08236122131347656,-1.819131851196289,125
3,44,eval_to_deploy,c041,-0.17231178283691406,-2.142200469970703,125
3,44,unpaired_control,c041,-0.1894550323486328,-1.819131851196289,59
4,44,deploy_to_eval,c041,0.08647537231445312,-1.819131851196289,125
4,44,eval_to_deploy,c041,-0.11043548583984375,-2.142200469970703,125
4,44,unpaired_control,c041,-0.33800697326660156,-1.819131851196289,59
5,44,deploy_to_eval,c041,0.3485298156738281,-1.819131851196289,125
5,44,eval_to_deploy,c041,-0.21298980712890625,-2.142200469970703,125
5,44,unpaired_control,c041,-0.17773056030273438,-1.819131851196289,59
6,44,deploy_to_eval,c041,0.5328750610351562,-1.819131851196289,125
6,44,eval_to_deploy,c041,-0.2300395965576172,-2.142200469970703,125
6,44,unpaired_control,c041,-0.119781494140625,-1.819131851196289,59
7,44,deploy_to_eval,c041,0.5351181030273438,-1.819131851196289,125
7,44,eval_to_deploy,c041,-0.4182872772216797,-2.142200469970703,125
7,44,unpaired_control,c041,-0.3046073913574219,-1.819131851196289,59
8,44,deploy_to_eval,c041,0.5383472442626953,-1.819131851196289,125
8,44,eval_to_deploy,c041,-0.4839000701904297,-2.142200469970703,125
8,44,unpaired_control,c041,-0.22198104858398438,-1.819131851196289,59
9,44,deploy_to_eval,c041,0.38374900817871094,-1.819131851196289,125
9,44,eval_to_deploy,c041,-0.5694580078125,-2.142200469970703,125
9,44,unpaired_control,c041,-0.5534954071044922,-1.819131851196289,59
10,44,deploy_to_eval,c041,0.19510841369628906,-1.819131851196289,125
10,44,eval_to_deploy,c041,-0.55706787109375,-2.142200469970703,125
10,44,unpaired_control,c041,-0.501220703125,-1.819131851196289,59
11,44,deploy_to_eval,c041,-0.20890045166015625,-1.819131851196289,125
11,44,eval_to_deploy,c041,0.1038665771484375,-2.142200469970703,125
11,44,unpaired_control,c041,-1.1971626281738281,-1.819131851196289,59
12,44,deploy_to_eval,c041,-0.2206897735595703,-1.819131851196289,125
12,44,eval_to_deploy,c041,0.12685585021972656,-2.142200469970703,125
12,44,unpaired_control,c041,-1.4330883026123047,-1.819131851196289,59
13,44,deploy_to_eval,c041,-0.2382221221923828,-1.819131851196289,125
13,44,eval_to_deploy,c041,0.1736774444580078,-2.142200469970703,125
13,44,unpaired_control,c041,-1.6430301666259766,-1.819131851196289,59
14,44,deploy_to_eval,c041,-0.185394287109375,-1.819131851196289,125
14,44,eval_to_deploy,c041,0.04397392272949219,-2.142200469970703,125
14,44,unpaired_control,c041,-1.4118709564208984,-1.819131851196289,59
15,44,deploy_to_eval,c041,-0.23500633239746094,-1.819131851196289,125
15,44,eval_to_deploy,c041,0.1197357177734375,-2.142200469970703,125
15,44,unpaired_control,c041,-1.462991714477539,-1.819131851196289,59
16,44,deploy_to_eval,c041,-0.30611228942871094,-1.819131851196289,125
16,44,eval_to_deploy,c041,0.33539390563964844,-2.142200469970703,125
16,44,unpaired_control,c041,-1.5314598083496094,-1.819131851196289,59
17,44,deploy_to_eval,c041,-0.3066120147705078,-1.819131851196289,125
17,44,eval_to_deploy,c041,0.3315467834472656,-2.142200469970703,125
17,44,unpaired_control,c041,-1.6571578979492188,-1.819131851196289,59
18,44,deploy_to_eval,c041,-0.3047828674316406,-1.819131851196289,125
18,44,eval_to_deploy,c041,0.3306694030761719,-2.142200469970703,125
18,44,unpaired_control,c041,-1.5933094024658203,-1.819131851196289,59
19,44,deploy_to_eval,c041,-0.31467247009277344,-1.819131851196289,125
19,44,eval_to_deploy,c041,0.33564186096191406,-2.142200469970703,125
19,44,unpaired_control,c041,-1.5721569061279297,-1.819131851196289,59
20,44,deploy_to_eval,c041,-0.31485557556152344,-1.819131851196289,125
20,44,eval_to_deploy,c041,0.32614707946777344,-2.142200469970703,125
20,44,unpaired_control,c041,-1.5540084838867188,-1.819131851196289,59
21,44,deploy_to_eval,c041,-0.31192588806152344,-1.819131851196289,125
21,44,eval_to_deploy,c041,0.3121833801269531,-2.142200469970703,125
21,44,unpaired_control,c041,-1.5208301544189453,-1.819131851196289,59
22,44,deploy_to_eval,c041,-0.3096942901611328,-1.819131851196289,125
22,44,eval_to_deploy,c041,0.3099536895751953,-2.142200469970703,125
22,44,unpaired_control,c041,-1.5373001098632812,-1.819131851196289,59
23,44,deploy_to_eval,c041,-0.3103370666503906,-1.819131851196289,125
23,44,eval_to_deploy,c041,0.3105449676513672,-2.142200469970703,125
23,44,unpaired_control,c041,-1.5831546783447266,-1.819131851196289,59
24,44,deploy_to_eval,c041,-0.3200340270996094,-1.819131851196289,125
24,44,eval_to_deploy,c041,0.32390785217285156,-2.142200469970703,125
24,44,unpaired_control,c041,-1.5755138397216797,-1.819131851196289,59
25,44,deploy_to_eval,c041,-0.3228797912597656,-1.819131851196289,125
25,44,eval_to_deploy,c041,0.3280067443847656,-2.142200469970703,125
25,44,unpaired_control,c041,-1.591360092163086,-1.819131851196289,59
26,44,deploy_to_eval,c041,-0.3288764953613281,-1.819131851196289,125
26,44,eval_to_deploy,c041,0.3331260681152344,-2.142200469970703,125
26,44,unpaired_control,c041,-1.6339530944824219,-1.819131851196289,59
27,44,deploy_to_eval,c041,-0.32306861877441406,-1.819131851196289,125
27,44,eval_to_deploy,c041,0.32306861877441406,-2.142200469970703,125
27,44,unpaired_control,c041,-1.55389404296875,-1.819131851196289,59
0,45,deploy_to_eval,c008,-0.13633155822753906,-1.5293445587158203,71
0,45,eval_to_deploy,c008,0.10369873046875,-3.373025894165039,71
0,45,unpaired_control,c008,-0.031280517578125,-1.5293445587158203,59
1,45,deploy_to_eval,c008,-0.184417724609375,-1.5293445587158203,71
1,45,eval_to_deploy,c008,0.16109275817871094,-3.373025894165039,71
1,45,unpaired_control,c008,0.12050437927246094,-1.5293445587158203,59
2,45,deploy_to_eval,c008,-0.21874618530273438,-1.5293445587158203,71
2,45,eval_to_deploy,c008,0.12634849548339844,-3.373025894165039,71
2,45,unpaired_control,c008,0.304443359375,-1.5293445587158203,59
3,45,deploy_to_eval,c008,-0.3290882110595703,-1.5293445587158203,71
3,45,eval_to_deploy,c008,0.26959800720214844,-3.373025894165039,71
3,45,unpaired_control,c008,0.32061195373535156,-1.5293445587158203,59
4,45,deploy_to_eval,c008,-0.3466606140136719,-1.5293445587158203,71
4,45,eval_to_deploy,c008,0.5399932861328125,-3.373025894165039,71
4,45,unpaired_control,c008,0.293212890625,-1.5293445587158203,59
5,45,deploy_to_eval,c008,-0.8343162536621094,-1.5293445587158203,71
5,45,eval_to_deploy,c008,0.7597541809082031,-3.373025894165039,71
5,45,unpaired_control,c008,0.21167373657226562,-1.5293445587158203,59
6,45,deploy_to_eval,c008,-0.8683052062988281,-1.5293445587158203,71
6,45,eval_to_deploy,c008,0.7745323181152344,-3.373025894165039,71
6,45,unpaired_control,c008,-0.01120758056640625,-1.5293445587158203,59
7,45,deploy_to_eval,c008,-0.8290977478027344,-1.5293445587158203,71
7,45,eval_to_deploy,c008,0.8263301849365234,-3.373025894165039,71
7,45,unpaired_control,c008,-0.08878707885742188,-1.5293445587158203,59
8,45,deploy_to_eval,c008,-0.6246566772460938,-1.5293445587158203,71
8,45,eval_to_deploy,c008,0.6489543914794922,-3.373025894165039,71
8,45,unpaired_control,c008,-0.042797088623046875,-1.5293445587158203,59
9,45,deploy_to_eval,c008,-0.6175632476806641,-1.5293445587158203,71
9,45,eval_to_deploy,c008,0.7529811859130859,-3.373025894165039,71
9,45,unpaired_control,c008,0.13847732543945312,-1.5293445587158203,59
10,45,deploy_to_eval,c008,-0.9867115020751953,-1.5293445587158203,71
10,45,eval_to_deploy,c008,0.9893703460693359,-3.373025894165039,71
10,45,unpaired_control,c008,-0.8745861053466797,-1.5293445587158203,59
11,45,deploy_to_eval,c008,-1.3674125671386719,-1.5293445587158203,71
11,45,eval_to_deploy,c008,1.0051403045654297,-3.373025894165039,71
11,45,unpaired_control,c008,-1.1541366577148438,-1.5293445587158203,59
12,45,deploy_to_eval,c008,-1.6559200286865234,-1.5293445587158203,71
12,45,eval_to_deploy,c008,1.205423355102539,-3.373025894165039,71
12,45,unpaired_control,c008,-1.38311767578125,-1.5293445587158203,59
13,45,deploy_to_eval,c008,-1.7307281494140625,-1.5293445587158203,71
13,45,eval_to_deploy,c008,1.2297649383544922,-3.373025894165039,71
13,45,unpaired_control,c008,-1.5064754486083984,-1.5293445587158203,59
14,45,deploy_to_eval,c008,-1.6962928771972656,-1.5293445587158203,71
14,45,eval_to_deploy,c008,1.3045730590820312,-3.373025894165039,71
14,45,unpaired_control,c008,-1.5693702697753906,-1.5293445587158203,59
15,45,deploy_to_eval,c008,-1.678293228149414,-1.5293445587158203,71
15,45,eval_to_deploy,c008,1.3128833770751953,-3.373025894165039,71
15,45,unpaired_control,c008,-1.5527381896972656,-1.5293445587158203,59
16,45,deploy_to_eval,c008,-1.7952117919921875,-1.5293445587158203,71
16,45,eval_to_deploy,c008,1.7657051086425781,-3.373025894165039,71
16,45,unpaired_control,c008,-1.384988784790039,-1.5293445587158203,59
17,45,deploy_to_eval,c008,-1.805215835571289,-1.5293445587158203,71
17,45,eval_to_deploy,c008,1.760406494140625,-3.373025894165039,71
17,45,unpaired_control,c008,-1.2364578247070312,-1.5293445587158203,59
18,45,deploy_to_eval,c008,-1.8149089813232422,-1.5293445587158203,71
18,45,eval_to_deploy,c008,1.7750377655029297,-3.373025894165039,71
18,45,unpaired_control,c008,-1.316650390625,-1.5293445587158203,59
19,45,deploy_to_eval,c008,-1.8299903869628906,-1.5293445587158203,71
19,45,eval_to_deploy,c008,1.7855854034423828,-3.373025894165039,71
19,45,unpaired_control,c008,-1.3806228637695312,-1.5293445587158203,59
20,45,deploy_to_eval,c008,-1.8078441619873047,-1.5293445587158203,71
20,45,eval_to_deploy,c008,1.7704925537109375,-3.373025894165039,71
20,45,unpaired_control,c008,-1.3996715545654297,-1.5293445587158203,59
21,45,deploy_to_eval,c008,-1.8191967010498047,-1.5293445587158203,71
21,45,eval_to_deploy,c008,1.8213748931884766,-3.373025894165039,71
21,45,unpaired_control,c008,-1.4034748077392578,-1.5293445587158203,59
22,45,deploy_to_eval,c008,-1.825662612915039,-1.5293445587158203,71
22,45,eval_to_deploy,c008,1.8214893341064453,-3.373025894165039,71
22,45,unpaired_control,c008,-1.4068622589111328,-1.5293445587158203,59
23,45,deploy_to_eval,c008,-1.8370189666748047,-1.5293445587158203,71
23,45,eval_to_deploy,c008,1.8333053588867188,-3.373025894165039,71
23,45,unpaired_control,c008,-1.410797119140625,-1.5293445587158203,59
24,45,deploy_to_eval,c008,-1.8210945129394531,-1.5293445587158203,71
24,45,eval_to_deploy,c008,1.8019237518310547,-3.373025894165039,71
24,45,unpaired_control,c008,-1.407339096069336,-1.5293445587158203,59
25,45,deploy_to_eval,c008,-1.813394546508789,-1.5293445587158203,71
25,45,eval_to_deploy,c008,1.7999458312988281,-3.373025894165039,71
25,45,unpaired_control,c008,-1.3871955871582031,-1.5293445587158203,59
26,45,deploy_to_eval,c008,-1.8158531188964844,-1.5293445587158203,71
26,45,eval_to_deploy,c008,1.7874565124511719,-3.373025894165039,71
26,45,unpaired_control,c008,-1.3475399017333984,-1.5293445587158203,59
27,45,deploy_to_eval,c008,-1.8436813354492188,-1.5293445587158203,71
27,45,eval_to_deploy,c008,1.8436813354492188,-3.373025894165039,71
27,45,unpaired_control,c008,-1.4506149291992188,-1.5293445587158203,59
0,46,deploy_to_eval,c045,-0.016063690185546875,-1.3879432678222656,108
0,46,eval_to_deploy,c045,-0.06687355041503906,-2.979959487915039,108
0,46,unpaired_control,c045,-0.08032798767089844,-1.3879432678222656,79
1,46,deploy_to_eval,c045,-0.04357147216796875,-1.3879432678222656,108
1,46,eval_to_deploy,c045,-0.07339668273925781,-2.979959487915039,108
1,46,unpaired_control,c045,-0.2950572967529297,-1.3879432678222656,79
2,46,deploy_to_eval,c045,-0.18808937072753906,-1.3879432678222656,108
2,46,eval_to_deploy,c045,0.0052738189697265625,-2.979959487915039,108
2,46,unpaired_control,c045,-0.2907562255859375,-1.3879432678222656,79
3,46,deploy_to_eval,c045,-0.23157310485839844,-1.3879432678222656,108
3,46,eval_to_deploy,c045,0.059925079345703125,-2.979959487915039,108
3,46,unpaired_control,c045,-0.15384864807128906,-1.3879432678222656,79
4,46,deploy_to_eval,c045,-0.2588329315185547,-1.3879432678222656,108
4,46,eval_to_deploy,c045,0.061603546142578125,-2.979959487915039,108
4,46,unpaired_control,c045,-0.03649330139160156,-1.3879432678222656,79
5,46,deploy_to_eval,c045,-0.34732818603515625,-1.3879432678222656,108
5,46,eval_to_deploy,c045,0.2467975616455078,-2.979959487915039,108
5,46,unpaired_control,c045,0.014337539672851562,-1.3879432678222656,79
6,46,deploy_to_eval,c045,-0.41162109375,-1.3879432678222656,108
6,46,eval_to_deploy,c045,0.2315387725830078,-2.979959487915039,108
6,46,unpaired_control,c045,0.12281608581542969,-1.3879432678222656,79
7,46,deploy_to_eval,c045,-0.748382568359375,-1.3879432678222656,108
7,46,eval_to_deploy,c045,0.2945976257324219,-2.979959487915039,108
7,46,unpaired_control,c045,0.09239006042480469,-1.3879432678222656,79
8,46,deploy_to_eval,c045,-0.694183349609375,-1.3879432678222656,108
8,46,eval_to_deploy,c045,0.25612449645996094,-2.979959487915039,108
8,46,unpaired_control,c045,0.19925689697265625,-1.3879432678222656,79
9,46,deploy_to_eval,c045,-0.9392509460449219,-1.3879432678222656,108
9,46,eval_to_deploy,c045,0.3423900604248047,-2.979959487915039,108
9,46,unpaired_control,c045,0.24309158325195312,-1.3879432678222656,79
10,46,deploy_to_eval,c045,-1.217550277709961,-1.3879432678222656,108
10,46,eval_to_deploy,c045,0.8473777770996094,-2.979959487915039,108
10,46,unpaired_control,c045,0.38852500915527344,-1.3879432678222656,79
11,46,deploy_to_eval,c045,-1.3312320709228516,-1.3879432678222656,108
11,46,eval_to_deploy,c045,1.1893939971923828,-2.979959487915039,108
11,46,unpaired_control,c045,0.17729759216308594,-1.3879432678222656,79
12,46,deploy_to_eval,c045,-1.4676055908203125,-1.3879432678222656,108
12,46,eval_to_deploy,c045,1.3418445587158203,-2.979959487915039,108
12,46,unpaired_control,c045,0.26156044006347656,-1.3879432678222656,79
13,46,deploy_to_eval,c045,-1.4793815612792969,-1.3879432678222656,108
13,46,eval_to_deploy,c045,1.3381843566894531,-2.979959487915039,108
13,46,unpaired_control,c045,0.16979026794433594,-1.3879432678222656,79
14,46,deploy_to_eval,c045,-1.4202518463134766,-1.3879432678222656,108
14,46,eval_to_deploy,c045,1.3147621154785156,-2.979959487915039,108
14,46,unpaired_control,c045,0.2482013702392578,-1.3879432678222656,79
15,46,deploy_to_eval,c045,-1.530181884765625,-1.3879432678222656,108
15,46,eval_to_deploy,c045,1.4463634490966797,-2.979959487915039,108
15,46,unpaired_control,c045,0.27575111389160156,-1.3879432678222656,79
16,46,deploy_to_eval,c045,-1.5417633056640625,-1.3879432678222656,108
16,46,eval_to_deploy,c045,1.4995708465576172,-2.979959487915039,108
16,46,unpaired_control,c045,0.1555042266845703,-1.3879432678222656,79
17,46,deploy_to_eval,c045,-1.5581722259521484,-1.3879432678222656,108
17,46,eval_to_deploy,c045,1.513153076171875,-2.979959487915039,108
17,46,unpaired_control,c045,0.17601394653320312,-1.3879432678222656,79
18,46,deploy_to_eval,c045,-1.5657901763916016,-1.3879432678222656,108
18,46,eval_to_deploy,c045,1.5011863708496094,-2.979959487915039,108
18,46,unpaired_control,c045,0.2184734344482422,-1.3879432678222656,79
19,46,deploy_to_eval,c045,-1.5686817169189453,-1.3879432678222656,108
19,46,eval_to_deploy,c045,1.5099830627441406,-2.979959487915039,108
19,46,unpaired_control,c045,0.2047100067138672,-1.3879432678222656,79
20,46,deploy_to_eval,c045,-1.5728607177734375,-1.3879432678222656,108
20,46,eval_to_deploy,c045,1.5517845153808594,-2.979959487915039,108
20,46,unpaired_control,c045,0.17267417907714844,-1.3879432678222656,79
21,46,deploy_to_eval,c045,-1.583456039428711,-1.3879432678222656,108
21,46,eval_to_deploy,c045,1.5829811096191406,-2.979959487915039,108
21,46,unpaired_control,c045,0.14415359497070312,-1.3879432678222656,79
22,46,deploy_to_eval,c045,-1.5858745574951172,-1.3879432678222656,108
22,46,eval_to_deploy,c045,1.5855712890625,-2.979959487915039,108
22,46,unpaired_control,c045,0.15767478942871094,-1.3879432678222656,79
23,46,deploy_to_eval,c045,-1.5817527770996094,-1.3879432678222656,108
23,46,eval_to_deploy,c045,1.5805988311767578,-2.979959487915039,108
23,46,unpaired_control,c045,0.16850852966308594,-1.3879432678222656,79
24,46,deploy_to_eval,c045,-1.5756359100341797,-1.3879432678222656,108
24,46,eval_to_deploy,c045,1.5772705078125,-2.979959487915039,108
24,46,unpaired_control,c045,0.1942577362060547,-1.3879432678222656,79
25,46,deploy_to_eval,c045,-1.5672836303710938,-1.3879432678222656,108
25,46,eval_to_deploy,c045,1.566873550415039,-2.979959487915039,108
25,46,unpaired_control,c045,0.19447898864746094,-1.3879432678222656,79
26,46,deploy_to_eval,c045,-1.5676021575927734,-1.3879432678222656,108
26,46,eval_to_deploy,c045,1.5709171295166016,-2.979959487915039,108
26,46,unpaired_control,c045,0.2100849151611328,-1.3879432678222656,79
27,46,deploy_to_eval,c045,-1.5920162200927734,-1.3879432678222656,108
27,46,eval_to_deploy,c045,1.5920162200927734,-2.979959487915039,108
27,46,unpaired_control,c045,0.21109771728515625,-1.3879432678222656,79
0,47,deploy_to_eval,c011,0.025300979614257812,-1.4212913513183594,125
0,47,eval_to_deploy,c011,-0.011785507202148438,-1.1768455505371094,125
0,47,unpaired_control,c011,0.01555633544921875,-1.4212913513183594,79
1,47,deploy_to_eval,c011,0.007966995239257812,-1.4212913513183594,125
1,47,eval_to_deploy,c011,-0.002170562744140625,-1.1768455505371094,125
1,47,unpaired_control,c011,0.044582366943359375,-1.4212913513183594,79
2,47,deploy_to_eval,c011,-0.06448745727539062,-1.4212913513183594,125
2,47,eval_to_deploy,c011,0.09370803833007812,-1.1768455505371094,125
2,47,unpaired_control,c011,-0.04213714599609375,-1.4212913513183594,79
3,47,deploy_to_eval,c011,-0.12027931213378906,-1.4212913513183594,125
3,47,eval_to_deploy,c011,0.14315414428710938,-1.1768455505371094,125
3,47,unpaired_control,c011,-0.23494529724121094,-1.4212913513183594,79
4,47,deploy_to_eval,c011,-0.16350364685058594,-1.4212913513183594,125
4,47,eval_to_deploy,c011,0.16900634765625,-1.1768455505371094,125
4,47,unpaired_control,c011,-0.2750663757324219,-1.4212913513183594,79
5,47,deploy_to_eval,c011,0.0001926422119140625,-1.4212913513183594,125
5,47,eval_to_deploy,c011,-0.03562355041503906,-1.1768455505371094,125
5,47,unpaired_control,c011,-0.18354034423828125,-1.4212913513183594,79
6,47,deploy_to_eval,c011,0.06807136535644531,-1.4212913513183594,125
6,47,eval_to_deploy,c011,-0.11114120483398438,-1.1768455505371094,125
6,47,unpaired_control,c011,-0.17005348205566406,-1.4212913513183594,79
7,47,deploy_to_eval,c011,0.07280921936035156,-1.4212913513183594,125
7,47,eval_to_deploy,c011,-0.10374069213867188,-1.1768455505371094,125
7,47,unpaired_control,c011,-0.2601966857910156,-1.4212913513183594,79
8,47,deploy_to_eval,c011,0.05776786804199219,-1.4212913513183594,125
8,47,eval_to_deploy,c011,-0.09459114074707031,-1.1768455505371094,125
8,47,unpaired_control,c011,-0.2667064666748047,-1.4212913513183594,79
9,47,deploy_to_eval,c011,0.19487953186035156,-1.4212913513183594,125
9,47,eval_to_deploy,c011,-0.24981689453125,-1.1768455505371094,125
9,47,unpaired_control,c011,-0.27858734130859375,-1.4212913513183594,79
10,47,deploy_to_eval,c011,0.37701988220214844,-1.4212913513183594,125
10,47,eval_to_deploy,c011,-0.32060813903808594,-1.1768455505371094,125
10,47,unpaired_control,c011,-0.47791099548339844,-1.4212913513183594,79
11,47,deploy_to_eval,c011,0.41043853759765625,-1.4212913513183594,125
11,47,eval_to_deploy,c011,-0.3252449035644531,-1.1768455505371094,125
11,47,unpaired_control,c011,-0.4721488952636719,-1.4212913513183594,79
12,47,deploy_to_eval,c011,0.42630767822265625,-1.4212913513183594,125
12,47,eval_to_deploy,c011,-0.33371543884277344,-1.1768455505371094,125
12,47,unpaired_control,c011,-0.4147491455078125,-1.4212913513183594,79
13,47,deploy_to_eval,c011,0.3832740783691406,-1.4212913513183594,125
13,47,eval_to_deploy,c011,-0.32062721252441406,-1.1768455505371094,125
13,47,unpaired_control,c011,-0.3794879913330078,-1.4212913513183594,79
14,47,deploy_to_eval,c011,0.36386680603027344,-1.4212913513183594,125
14,47,eval_to_deploy,c011,-0.312744140625,-1.1768455505371094,125
14,47,unpaired_control,c011,-0.38494300842285156,-1.4212913513183594,79
15,47,deploy_to_eval,c011,0.41669464111328125,-1.4212913513183594,125
15,47,eval_to_deploy,c011,-0.35257530212402344,-1.1768455505371094,125
15,47,unpaired_control,c011,-0.39276885986328125,-1.4212913513183594,79
16,47,deploy_to_eval,c011,0.19127655029296875,-1.4212913513183594,125
16,47,eval_to_deploy,c011,-0.20142555236816406,-1.1768455505371094,125
16,47,unpaired_control,c011,-0.6400547027587891,-1.4212913513183594,79
17,47,deploy_to_eval,c011,0.20282554626464844,-1.4212913513183594,125
17,47,eval_to_deploy,c011,-0.20792579650878906,-1.1768455505371094,125
17,47,unpaired_control,c011,-0.6443576812744141,-1.4212913513183594,79
18,47,deploy_to_eval,c011,0.21633529663085938,-1.4212913513183594,125
18,47,eval_to_deploy,c011,-0.21939468383789062,-1.1768455505371094,125
18,47,unpaired_control,c011,-0.6407718658447266,-1.4212913513183594,79
19,47,deploy_to_eval,c011,0.1985340118408203,-1.4212913513183594,125
19,47,eval_to_deploy,c011,-0.20735931396484375,-1.1768455505371094,125
19,47,unpaired_control,c011,-0.6700630187988281,-1.4212913513183594,79
20,47,deploy_to_eval,c011,0.1785430908203125,-1.4212913513183594,125
20,47,eval_to_deploy,c011,-0.1965656280517578,-1.1768455505371094,125
20,47,unpaired_control,c011,-0.6865081787109375,-1.4212913513183594,79
21,47,deploy_to_eval,c011,0.17992019653320312,-1.4212913513183594,125
21,47,eval_to_deploy,c011,-0.19768714904785156,-1.1768455505371094,125
21,47,unpaired_control,c011,-0.7043552398681641,-1.4212913513183594,79
22,47,deploy_to_eval,c011,0.18474960327148438,-1.4212913513183594,125
22,47,eval_to_deploy,c011,-0.2020740509033203,-1.1768455505371094,125
22,47,unpaired_control,c011,-0.7226982116699219,-1.4212913513183594,79
23,47,deploy_to_eval,c011,0.18122291564941406,-1.4212913513183594,125
23,47,eval_to_deploy,c011,-0.20006370544433594,-1.1768455505371094,125
23,47,unpaired_control,c011,-0.7239055633544922,-1.4212913513183594,79
24,47,deploy_to_eval,c011,0.20101547241210938,-1.4212913513183594,125
24,47,eval_to_deploy,c011,-0.21526718139648438,-1.1768455505371094,125
24,47,unpaired_control,c011,-0.6881675720214844,-1.4212913513183594,79
25,47,deploy_to_eval,c011,0.19234657287597656,-1.4212913513183594,125
25,47,eval_to_deploy,c011,-0.2067699432373047,-1.1768455505371094,125
25,47,unpaired_control,c011,-0.6814517974853516,-1.4212913513183594,79
26,47,deploy_to_eval,c011,0.20599937438964844,-1.4212913513183594,125
26,47,eval_to_deploy,c011,-0.2133464813232422,-1.1768455505371094,125
26,47,unpaired_control,c011,-0.7003383636474609,-1.4212913513183594,79
27,47,deploy_to_eval,c011,0.24444580078125,-1.4212913513183594,125
27,47,eval_to_deploy,c011,-0.24444580078125,-1.1768455505371094,125
27,47,unpaired_control,c011,-0.6864204406738281,-1.4212913513183594,79
0,48,deploy_to_eval,c020,0.06620407104492188,-0.5296859741210938,104
0,48,eval_to_deploy,c020,-0.0094146728515625,-2.1077117919921875,104
0,48,unpaired_control,c020,0.0210113525390625,-0.5296859741210938,79
1,48,deploy_to_eval,c020,0.48040199279785156,-0.5296859741210938,104
1,48,eval_to_deploy,c020,-0.08107185363769531,-2.1077117919921875,104
1,48,unpaired_control,c020,0.23509979248046875,-0.5296859741210938,79
2,48,deploy_to_eval,c020,0.6190433502197266,-0.5296859741210938,104
2,48,eval_to_deploy,c020,-0.19791412353515625,-2.1077117919921875,104
2,48,unpaired_control,c020,0.12414741516113281,-0.5296859741210938,79
3,48,deploy_to_eval,c020,0.7436180114746094,-0.5296859741210938,104
3,48,eval_to_deploy,c020,-0.2330150604248047,-2.1077117919921875,104
3,48,unpaired_control,c020,0.6201114654541016,-0.5296859741210938,79
4,48,deploy_to_eval,c020,0.8317756652832031,-0.5296859741210938,104
4,48,eval_to_deploy,c020,-0.1794414520263672,-2.1077117919921875,104
4,48,unpaired_control,c020,0.7122020721435547,-0.5296859741210938,79
5,48,deploy_to_eval,c020,0.8030548095703125,-0.5296859741210938,104
5,48,eval_to_deploy,c020,-0.14171981811523438,-2.1077117919921875,104
5,48,unpaired_control,c020,0.8243274688720703,-0.5296859741210938,79
6,48,deploy_to_eval,c020,0.04491996765136719,-0.5296859741210938,104
6,48,eval_to_deploy,c020,0.053157806396484375,-2.1077117919921875,104
6,48,unpaired_control,c020,0.11872482299804688,-0.5296859741210938,79
7,48,deploy_to_eval,c020,-0.014619827270507812,-0.5296859741210938,104
7,48,eval_to_deploy,c020,0.23080062866210938,-2.1077117919921875,104
7,48,unpaired_control,c020,0.5223140716552734,-0.5296859741210938,79
8,48,deploy_to_eval,c020,0.28470420837402344,-0.5296859741210938,104
8,48,eval_to_deploy,c020,0.1316089630126953,-2.1077117919921875,104
8,48,unpaired_control,c020,0.5653972625732422,-0.5296859741210938,79
9,48,deploy_to_eval,c020,-0.33452606201171875,-0.5296859741210938,104
9,48,eval_to_deploy,c020,0.2263965606689453,-2.1077117919921875,104
9,48,unpaired_control,c020,0.35356712341308594,-0.5296859741210938,79
10,48,deploy_to_eval,c020,-0.6595554351806641,-0.5296859741210938,104
10,48,eval_to_deploy,c020,0.48140525817871094,-2.1077117919921875,104
10,48,unpaired_control,c020,0.45888328552246094,-0.5296859741210938,79
11,48,deploy_to_eval,c020,-1.1872234344482422,-0.5296859741210938,104
11,48,eval_to_deploy,c020,0.8189239501953125,-2.1077117919921875,104
11,48,unpaired_control,c020,-0.4589958190917969,-0.5296859741210938,79
12,48,deploy_to_eval,c020,-1.1702251434326172,-0.5296859741210938,104
12,48,eval_to_deploy,c020,0.9118633270263672,-2.1077117919921875,104
12,48,unpaired_control,c020,-0.4491996765136719,-0.5296859741210938,79
13,48,deploy_to_eval,c020,-1.2469024658203125,-0.5296859741210938,104
13,48,eval_to_deploy,c020,0.9731006622314453,-2.1077117919921875,104
13,48,unpaired_control,c020,-0.5751056671142578,-0.5296859741210938,79
14,48,deploy_to_eval,c020,-1.3174057006835938,-0.5296859741210938,104
14,48,eval_to_deploy,c020,1.608001708984375,-2.1077117919921875,104
14,48,unpaired_control,c020,-0.6838550567626953,-0.5296859741210938,79
15,48,deploy_to_eval,c020,-1.367757797241211,-0.5296859741210938,104
15,48,eval_to_deploy,c020,1.4032669067382812,-2.1077117919921875,104
15,48,unpaired_control,c020,-0.6891155242919922,-0.5296859741210938,79
16,48,deploy_to_eval,c020,-1.5767173767089844,-0.5296859741210938,104
16,48,eval_to_deploy,c020,1.5081653594970703,-2.1077117919921875,104
16,48,unpaired_control,c020,-1.0237598419189453,-0.5296859741210938,79
17,48,deploy_to_eval,c020,-1.5807037353515625,-0.5296859741210938,104
17,48,eval_to_deploy,c020,1.5205116271972656,-2.1077117919921875,104
17,48,unpaired_control,c020,-1.123056411743164,-0.5296859741210938,79
18,48,deploy_to_eval,c020,-1.5760250091552734,-0.5296859741210938,104
18,48,eval_to_deploy,c020,1.5420608520507812,-2.1077117919921875,104
18,48,unpaired_control,c020,-1.1473312377929688,-0.5296859741210938,79
19,48,deploy_to_eval,c020,-1.6009941101074219,-0.5296859741210938,104
19,48,eval_to_deploy,c020,1.5486869812011719,-2.1077117919921875,104
19,48,unpaired_control,c020,-1.1487960815429688,-0.5296859741210938,79
20,48,deploy_to_eval,c020,-1.6047992706298828,-0.5296859741210938,104
20,48,eval_to_deploy,c020,1.5442028045654297,-2.1077117919921875,104
20,48,unpaired_control,c020,-1.1896286010742188,-0.5296859741210938,79
21,48,deploy_to_eval,c020,-1.6039714813232422,-0.5296859741210938,104
21,48,eval_to_deploy,c020,1.6177444458007812,-2.1077117919921875,104
21,48,unpaired_control,c020,-1.1928253173828125,-0.5296859741210938,79
22,48,deploy_to_eval,c020,-1.613840103149414,-0.5296859741210938,104
22,48,eval_to_deploy,c020,1.6404533386230469,-2.1077117919921875,104
22,48,unpaired_control,c020,-1.1962566375732422,-0.5296859741210938,79
23,48,deploy_to_eval,c020,-1.6088790893554688,-0.5296859741210938,104
23,48,eval_to_deploy,c020,1.6328048706054688,-2.1077117919921875,104
23,48,unpaired_control,c020,-1.1823768615722656,-0.5296859741210938,79
24,48,deploy_to_eval,c020,-1.5580463409423828,-0.5296859741210938,104
24,48,eval_to_deploy,c020,1.5202140808105469,-2.1077117919921875,104
24,48,unpaired_control,c020,-1.1650447845458984,-0.5296859741210938,79
25,48,deploy_to_eval,c020,-1.5577259063720703,-0.5296859741210938,104
25,48,eval_to_deploy,c020,1.516122817993164,-2.1077117919921875,104
25,48,unpaired_control,c020,-1.1682872772216797,-0.5296859741210938,79
26,48,deploy_to_eval,c020,-1.4369335174560547,-0.5296859741210938,104
26,48,eval_to_deploy,c020,1.3111534118652344,-2.1077117919921875,104
26,48,unpaired_control,c020,-1.0657234191894531,-0.5296859741210938,79
27,48,deploy_to_eval,c020,-1.5780258178710938,-0.5296859741210938,104
27,48,eval_to_deploy,c020,1.5780258178710938,-2.1077117919921875,104
27,48,unpaired_control,c020,-1.1911067962646484,-0.5296859741210938,79
0,49,deploy_to_eval,c044,-0.0060901641845703125,-1.3681259155273438,128
0,49,eval_to_deploy,c044,0.03998565673828125,-1.7207927703857422,128
0,49,unpaired_control,c044,-0.019611358642578125,-1.3681259155273438,79
1,49,deploy_to_eval,c044,0.079833984375,-1.3681259155273438,128
1,49,eval_to_deploy,c044,0.013065338134765625,-1.7207927703857422,128
1,49,unpaired_control,c044,-0.05530548095703125,-1.3681259155273438,79
2,49,deploy_to_eval,c044,0.04233741760253906,-1.3681259155273438,128
2,49,eval_to_deploy,c044,0.023458480834960938,-1.7207927703857422,128
2,49,unpaired_control,c044,-0.06903457641601562,-1.3681259155273438,79
3,49,deploy_to_eval,c044,0.09508895874023438,-1.3681259155273438,128
3,49,eval_to_deploy,c044,-0.012979507446289062,-1.7207927703857422,128
3,49,unpaired_control,c044,-0.02443695068359375,-1.3681259155273438,79
4,49,deploy_to_eval,c044,0.02739715576171875,-1.3681259155273438,128
4,49,eval_to_deploy,c044,0.05587196350097656,-1.7207927703857422,128
4,49,unpaired_control,c044,-0.10049819946289062,-1.3681259155273438,79
5,49,deploy_to_eval,c044,-0.02020263671875,-1.3681259155273438,128
5,49,eval_to_deploy,c044,0.0573272705078125,-1.7207927703857422,128
5,49,unpaired_control,c044,-0.11770057678222656,-1.3681259155273438,79
6,49,deploy_to_eval,c044,0.012943267822265625,-1.3681259155273438,128
6,49,eval_to_deploy,c044,0.03833770751953125,-1.7207927703857422,128
6,49,unpaired_control,c044,-0.20207595825195312,-1.3681259155273438,79
7,49,deploy_to_eval,c044,0.015680313110351562,-1.3681259155273438,128
7,49,eval_to_deploy,c044,0.017688751220703125,-1.7207927703857422,128
7,49,unpaired_control,c044,-0.4472694396972656,-1.3681259155273438,79
8,49,deploy_to_eval,c044,0.06249427795410156,-1.3681259155273438,128
8,49,eval_to_deploy,c044,-0.016551971435546875,-1.7207927703857422,128
8,49,unpaired_control,c044,-0.29306602478027344,-1.3681259155273438,79
9,49,deploy_to_eval,c044,-0.025150299072265625,-1.3681259155273438,128
9,49,eval_to_deploy,c044,0.031032562255859375,-1.7207927703857422,128
9,49,unpaired_control,c044,-0.523651123046875,-1.3681259155273438,79
10,49,deploy_to_eval,c044,0.04228401184082031,-1.3681259155273438,128
10,49,eval_to_deploy,c044,-0.02374267578125,-1.7207927703857422,128
10,49,unpaired_control,c044,-0.20484542846679688,-1.3681259155273438,79
11,49,deploy_to_eval,c044,-0.4702281951904297,-1.3681259155273438,128
11,49,eval_to_deploy,c044,0.4008331298828125,-1.7207927703857422,128
11,49,unpaired_control,c044,-0.6518974304199219,-1.3681259155273438,79
12,49,deploy_to_eval,c044,-0.35856056213378906,-1.3681259155273438,128
12,49,eval_to_deploy,c044,0.3748970031738281,-1.7207927703857422,128
12,49,unpaired_control,c044,-0.6164093017578125,-1.3681259155273438,79
13,49,deploy_to_eval,c044,-0.43358421325683594,-1.3681259155273438,128
13,49,eval_to_deploy,c044,0.4813880920410156,-1.7207927703857422,128
13,49,unpaired_control,c044,-0.5431938171386719,-1.3681259155273438,79
14,49,deploy_to_eval,c044,-0.3375835418701172,-1.3681259155273438,128
14,49,eval_to_deploy,c044,0.35321044921875,-1.7207927703857422,128
14,49,unpaired_control,c044,-0.4924125671386719,-1.3681259155273438,79
15,49,deploy_to_eval,c044,-0.35294342041015625,-1.3681259155273438,128
15,49,eval_to_deploy,c044,0.3705863952636719,-1.7207927703857422,128
15,49,unpaired_control,c044,-0.5330257415771484,-1.3681259155273438,79
16,49,deploy_to_eval,c044,-0.36742591857910156,-1.3681259155273438,128
16,49,eval_to_deploy,c044,0.3500537872314453,-1.7207927703857422,128
16,49,unpaired_control,c044,-0.5273704528808594,-1.3681259155273438,79
17,49,deploy_to_eval,c044,-0.37325096130371094,-1.3681259155273438,128
17,49,eval_to_deploy,c044,0.3590526580810547,-1.7207927703857422,128
17,49,unpaired_control,c044,-0.5344333648681641,-1.3681259155273438,79
18,49,deploy_to_eval,c044,-0.37251853942871094,-1.3681259155273438,128
18,49,eval_to_deploy,c044,0.3636951446533203,-1.7207927703857422,128
18,49,unpaired_control,c044,-0.5306587219238281,-1.3681259155273438,79
19,49,deploy_to_eval,c044,-0.3744087219238281,-1.3681259155273438,128
19,49,eval_to_deploy,c044,0.3661327362060547,-1.7207927703857422,128
19,49,unpaired_control,c044,-0.5239162445068359,-1.3681259155273438,79
20,49,deploy_to_eval,c044,-0.37064361572265625,-1.3681259155273438,128
20,49,eval_to_deploy,c044,0.3705425262451172,-1.7207927703857422,128
20,49,unpaired_control,c044,-0.47037315368652344,-1.3681259155273438,79
21,49,deploy_to_eval,c044,-0.3545799255371094,-1.3681259155273438,128
21,49,eval_to_deploy,c044,0.3519725799560547,-1.7207927703857422,128
21,49,unpaired_control,c044,-0.45946693420410156,-1.3681259155273438,79
22,49,deploy_to_eval,c044,-0.3557853698730469,-1.3681259155273438,128
22,49,eval_to_deploy,c044,0.35270118713378906,-1.7207927703857422,128
22,49,unpaired_control,c044,-0.45352745056152344,-1.3681259155273438,79
23,49,deploy_to_eval,c044,-0.36313819885253906,-1.3681259155273438,128
23,49,eval_to_deploy,c044,0.36286163330078125,-1.7207927703857422,128
23,49,unpaired_control,c044,-0.46661376953125,-1.3681259155273438,79
24,49,deploy_to_eval,c044,-0.35968971252441406,-1.3681259155273438,128
24,49,eval_to_deploy,c044,0.35827064514160156,-1.7207927703857422,128
24,49,unpaired_control,c044,-0.46423912048339844,-1.3681259155273438,79
25,49,deploy_to_eval,c044,-0.35425567626953125,-1.3681259155273438,128
25,49,eval_to_deploy,c044,0.35362815856933594,-1.7207927703857422,128
25,49,unpaired_control,c044,-0.4372386932373047,-1.3681259155273438,79
26,49,deploy_to_eval,c044,-0.3640556335449219,-1.3681259155273438,128
26,49,eval_to_deploy,c044,0.3650169372558594,-1.7207927703857422,128
26,49,unpaired_control,c044,-0.4713172912597656,-1.3681259155273438,79
27,49,deploy_to_eval,c044,-0.35266685485839844,-1.3681259155273438,128
27,49,eval_to_deploy,c044,0.35266685485839844,-1.7207927703857422,128
27,49,unpaired_control,c044,-0.438812255859375,-1.3681259155273438,79
0,50,deploy_to_eval,c016,0.047061920166015625,-1.2979450225830078,112
0,50,eval_to_deploy,c016,-0.033298492431640625,-1.8069381713867188,112
0,50,unpaired_control,c016,-0.007503509521484375,-1.2979450225830078,79
1,50,deploy_to_eval,c016,-0.0276031494140625,-1.2979450225830078,112
1,50,eval_to_deploy,c016,0.05916786193847656,-1.8069381713867188,112
1,50,unpaired_control,c016,-0.07210159301757812,-1.2979450225830078,79
2,50,deploy_to_eval,c016,-0.009828567504882812,-1.2979450225830078,112
2,50,eval_to_deploy,c016,0.06109809875488281,-1.8069381713867188,112
2,50,unpaired_control,c016,0.03472900390625,-1.2979450225830078,79
3,50,deploy_to_eval,c016,-0.055873870849609375,-1.2979450225830078,112
3,50,eval_to_deploy,c016,0.04899406433105469,-1.8069381713867188,112
3,50,unpaired_control,c016,-0.13915061950683594,-1.2979450225830078,79
4,50,deploy_to_eval,c016,0.020635604858398438,-1.2979450225830078,112
4,50,eval_to_deploy,c016,-0.05224037170410156,-1.8069381713867188,112
4,50,unpaired_control,c016,-0.06955909729003906,-1.2979450225830078,79
5,50,deploy_to_eval,c016,0.052459716796875,-1.2979450225830078,112
5,50,eval_to_deploy,c016,-0.08979988098144531,-1.8069381713867188,112
5,50,unpaired_control,c016,-0.04380989074707031,-1.2979450225830078,79
6,50,deploy_to_eval,c016,0.06616783142089844,-1.2979450225830078,112
6,50,eval_to_deploy,c016,-0.12489891052246094,-1.8069381713867188,112
6,50,unpaired_control,c016,0.05379486083984375,-1.2979450225830078,79
7,50,deploy_to_eval,c016,0.06176185607910156,-1.2979450225830078,112
7,50,eval_to_deploy,c016,-0.12085151672363281,-1.8069381713867188,112
7,50,unpaired_control,c016,-0.08200836181640625,-1.2979450225830078,79
8,50,deploy_to_eval,c016,0.1350994110107422,-1.2979450225830078,112
8,50,eval_to_deploy,c016,-0.16858291625976562,-1.8069381713867188,112
8,50,unpaired_control,c016,-0.08045387268066406,-1.2979450225830078,79
9,50,deploy_to_eval,c016,0.12591934204101562,-1.2979450225830078,112
9,50,eval_to_deploy,c016,-0.19832420349121094,-1.8069381713867188,112
9,50,unpaired_control,c016,0.013212203979492188,-1.2979450225830078,79
10,50,deploy_to_eval,c016,0.22856903076171875,-1.2979450225830078,112
10,50,eval_to_deploy,c016,-0.12188529968261719,-1.8069381713867188,112
10,50,unpaired_control,c016,-0.026945114135742188,-1.2979450225830078,79
11,50,deploy_to_eval,c016,-0.21431350708007812,-1.2979450225830078,112
11,50,eval_to_deploy,c016,0.23998451232910156,-1.8069381713867188,112
11,50,unpaired_control,c016,-0.4184398651123047,-1.2979450225830078,79
12,50,deploy_to_eval,c016,-0.2619285583496094,-1.2979450225830078,112
12,50,eval_to_deploy,c016,0.2921638488769531,-1.8069381713867188,112
12,50,unpaired_control,c016,-0.5015010833740234,-1.2979450225830078,79
13,50,deploy_to_eval,c016,-0.2771034240722656,-1.2979450225830078,112
13,50,eval_to_deploy,c016,0.30054664611816406,-1.8069381713867188,112
13,50,unpaired_control,c016,-0.5300312042236328,-1.2979450225830078,79
14,50,deploy_to_eval,c016,-0.25011253356933594,-1.2979450225830078,112
14,50,eval_to_deploy,c016,0.28030967712402344,-1.8069381713867188,112
14,50,unpaired_control,c016,-0.5066490173339844,-1.2979450225830078,79
15,50,deploy_to_eval,c016,-0.27215003967285156,-1.2979450225830078,112
15,50,eval_to_deploy,c016,0.3209571838378906,-1.8069381713867188,112
15,50,unpaired_control,c016,-0.5349349975585938,-1.2979450225830078,79
16,50,deploy_to_eval,c016,-0.4844512939453125,-1.2979450225830078,112
16,50,eval_to_deploy,c016,0.48310089111328125,-1.8069381713867188,112
16,50,unpaired_control,c016,-0.7540416717529297,-1.2979450225830078,79
17,50,deploy_to_eval,c016,-0.4922676086425781,-1.2979450225830078,112
17,50,eval_to_deploy,c016,0.4864063262939453,-1.8069381713867188,112
17,50,unpaired_control,c016,-0.7520542144775391,-1.2979450225830078,79
18,50,deploy_to_eval,c016,-0.49796104431152344,-1.2979450225830078,112
18,50,eval_to_deploy,c016,0.4889392852783203,-1.8069381713867188,112
18,50,unpaired_control,c016,-0.7611560821533203,-1.2979450225830078,79
19,50,deploy_to_eval,c016,-0.5175628662109375,-1.2979450225830078,112
19,50,eval_to_deploy,c016,0.5056438446044922,-1.8069381713867188,112
19,50,unpaired_control,c016,-0.7798118591308594,-1.2979450225830078,79
20,50,deploy_to_eval,c016,-0.5039138793945312,-1.2979450225830078,112
20,50,eval_to_deploy,c016,0.49440574645996094,-1.8069381713867188,112
20,50,unpaired_control,c016,-0.7460556030273438,-1.2979450225830078,79
21,50,deploy_to_eval,c016,-0.5104236602783203,-1.2979450225830078,112
21,50,eval_to_deploy,c016,0.5236377716064453,-1.8069381713867188,112
21,50,unpaired_control,c016,-0.7498111724853516,-1.2979450225830078,79
22,50,deploy_to_eval,c016,-0.5037288665771484,-1.2979450225830078,112
22,50,eval_to_deploy,c016,0.5146389007568359,-1.8069381713867188,112
22,50,unpaired_control,c016,-0.7540168762207031,-1.2979450225830078,79
23,50,deploy_to_eval,c016,-0.5169563293457031,-1.2979450225830078,112
23,50,eval_to_deploy,c016,0.5292243957519531,-1.8069381713867188,112
23,50,unpaired_control,c016,-0.7526054382324219,-1.2979450225830078,79
24,50,deploy_to_eval,c016,-0.5344028472900391,-1.2979450225830078,112
24,50,eval_to_deploy,c016,0.5406131744384766,-1.8069381713867188,112
24,50,unpaired_control,c016,-0.78179931640625,-1.2979450225830078,79
25,50,deploy_to_eval,c016,-0.5305747985839844,-1.2979450225830078,112
25,50,eval_to_deploy,c016,0.5439243316650391,-1.8069381713867188,112
25,50,unpaired_control,c016,-0.7721176147460938,-1.2979450225830078,79
26,50,deploy_to_eval,c016,-0.4510173797607422,-1.2979450225830078,112
26,50,eval_to_deploy,c016,0.4423351287841797,-1.8069381713867188,112
26,50,unpaired_control,c016,-0.6882305145263672,-1.2979450225830078,79
27,50,deploy_to_eval,c016,-0.5089931488037109,-1.2979450225830078,112
27,50,eval_to_deploy,c016,0.5089931488037109,-1.8069381713867188,112
27,50,unpaired_control,c016,-0.7501392364501953,-1.2979450225830078,79
0,51,deploy_to_eval,c056,0.0120086669921875,-1.6268730163574219,109
0,51,eval_to_deploy,c056,0.012201309204101562,-2.048084259033203,109
0,51,unpaired_control,c056,-0.009325027465820312,-1.6268730163574219,79
1,51,deploy_to_eval,c056,-0.0133819580078125,-1.6268730163574219,109
1,51,eval_to_deploy,c056,0.090240478515625,-2.048084259033203,109
1,51,unpaired_control,c056,-0.04862403869628906,-1.6268730163574219,79
2,51,deploy_to_eval,c056,-0.00736236572265625,-1.6268730163574219,109
2,51,eval_to_deploy,c056,0.11086082458496094,-2.048084259033203,109
2,51,unpaired_control,c056,-0.08786201477050781,-1.6268730163574219,79
3,51,deploy_to_eval,c056,-0.0079345703125,-1.6268730163574219,109
3,51,eval_to_deploy,c056,0.11689186096191406,-2.048084259033203,109
3,51,unpaired_control,c056,-0.06470489501953125,-1.6268730163574219,79
4,51,deploy_to_eval,c056,-0.01520538330078125,-1.6268730163574219,109
4,51,eval_to_deploy,c056,0.12354850769042969,-2.048084259033203,109
4,51,unpaired_control,c056,0.024797439575195312,-1.6268730163574219,79
5,51,deploy_to_eval,c056,-0.01256561279296875,-1.6268730163574219,109
5,51,eval_to_deploy,c056,0.09945487976074219,-2.048084259033203,109
5,51,unpaired_control,c056,0.06779861450195312,-1.6268730163574219,79
6,51,deploy_to_eval,c056,-0.015089035034179688,-1.6268730163574219,109
6,51,eval_to_deploy,c056,0.10089683532714844,-2.048084259033203,109
6,51,unpaired_control,c056,-0.016902923583984375,-1.6268730163574219,79
7,51,deploy_to_eval,c056,-0.07167243957519531,-1.6268730163574219,109
7,51,eval_to_deploy,c056,0.1494770050048828,-2.048084259033203,109
7,51,unpaired_control,c056,0.05278587341308594,-1.6268730163574219,79
8,51,deploy_to_eval,c056,0.04110145568847656,-1.6268730163574219,109
8,51,eval_to_deploy,c056,0.10089874267578125,-2.048084259033203,109
8,51,unpaired_control,c056,0.32495880126953125,-1.6268730163574219,79
9,51,deploy_to_eval,c056,-0.12754249572753906,-1.6268730163574219,109
9,51,eval_to_deploy,c056,0.21245193481445312,-2.048084259033203,109
9,51,unpaired_control,c056,0.07907485961914062,-1.6268730163574219,79
10,51,deploy_to_eval,c056,-0.11072921752929688,-1.6268730163574219,109
10,51,eval_to_deploy,c056,0.2072162628173828,-2.048084259033203,109
10,51,unpaired_control,c056,0.04170417785644531,-1.6268730163574219,79
11,51,deploy_to_eval,c056,-0.4900531768798828,-1.6268730163574219,109
11,51,eval_to_deploy,c056,0.525054931640625,-2.048084259033203,109
11,51,unpaired_control,c056,-0.4111461639404297,-1.6268730163574219,79
12,51,deploy_to_eval,c056,-0.5009498596191406,-1.6268730163574219,109
12,51,eval_to_deploy,c056,0.5088920593261719,-2.048084259033203,109
12,51,unpaired_control,c056,-0.31836509704589844,-1.6268730163574219,79
13,51,deploy_to_eval,c056,-0.5174541473388672,-1.6268730163574219,109
13,51,eval_to_deploy,c056,0.5376014709472656,-2.048084259033203,109
13,51,unpaired_control,c056,-0.34023094177246094,-1.6268730163574219,79
14,51,deploy_to_eval,c056,-0.46329498291015625,-1.6268730163574219,109
14,51,eval_to_deploy,c056,0.46564674377441406,-2.048084259033203,109
14,51,unpaired_control,c056,-0.271942138671875,-1.6268730163574219,79
15,51,deploy_to_eval,c056,-0.49083900451660156,-1.6268730163574219,109
15,51,eval_to_deploy,c056,0.4701385498046875,-2.048084259033203,109
15,51,unpaired_control,c056,-0.2857551574707031,-1.6268730163574219,79
16,51,deploy_to_eval,c056,-0.43692779541015625,-1.6268730163574219,109
16,51,eval_to_deploy,c056,0.4593067169189453,-2.048084259033203,109
16,51,unpaired_control,c056,-0.3445262908935547,-1.6268730163574219,79
17,51,deploy_to_eval,c056,-0.4441661834716797,-1.6268730163574219,109
17,51,eval_to_deploy,c056,0.46541404724121094,-2.048084259033203,109
17,51,unpaired_control,c056,-0.2814674377441406,-1.6268730163574219,79
18,51,deploy_to_eval,c056,-0.4600811004638672,-1.6268730163574219,109
18,51,eval_to_deploy,c056,0.48373985290527344,-2.048084259033203,109
18,51,unpaired_control,c056,-0.27766990661621094,-1.6268730163574219,79
19,51,deploy_to_eval,c056,-0.4544811248779297,-1.6268730163574219,109
19,51,eval_to_deploy,c056,0.47672462463378906,-2.048084259033203,109
19,51,unpaired_control,c056,-0.29108428955078125,-1.6268730163574219,79
20,51,deploy_to_eval,c056,-0.3789100646972656,-1.6268730163574219,109
20,51,eval_to_deploy,c056,0.413604736328125,-2.048084259033203,109
20,51,unpaired_control,c056,-0.2815093994140625,-1.6268730163574219,79
21,51,deploy_to_eval,c056,-0.3741912841796875,-1.6268730163574219,109
21,51,eval_to_deploy,c056,0.3945941925048828,-2.048084259033203,109
21,51,unpaired_control,c056,-0.25641632080078125,-1.6268730163574219,79
22,51,deploy_to_eval,c056,-0.37160682678222656,-1.6268730163574219,109
22,51,eval_to_deploy,c056,0.39129638671875,-2.048084259033203,109
22,51,unpaired_control,c056,-0.25482940673828125,-1.6268730163574219,79
23,51,deploy_to_eval,c056,-0.3708820343017578,-1.6268730163574219,109
23,51,eval_to_deploy,c056,0.39296531677246094,-2.048084259033203,109
23,51,unpaired_control,c056,-0.2638721466064453,-1.6268730163574219,79
24,51,deploy_to_eval,c056,-0.38177490234375,-1.6268730163574219,109
24,51,eval_to_deploy,c056,0.3950023651123047,-2.048084259033203,109
24,51,unpaired_control,c056,-0.2474536895751953,-1.6268730163574219,79
25,51,deploy_to_eval,c056,-0.36985015869140625,-1.6268730163574219,109
25,51,eval_to_deploy,c056,0.37948036193847656,-2.048084259033203,109
25,51,unpaired_control,c056,-0.2590007781982422,-1.6268730163574219,79
26,51,deploy_to_eval,c056,-0.4179096221923828,-1.6268730163574219,109
26,51,eval_to_deploy,c056,0.42271995544433594,-2.048084259033203,109
26,51,unpaired_control,c056,-0.264984130859375,-1.6268730163574219,79
27,51,deploy_to_eval,c056,-0.42121124267578125,-1.6268730163574219,109
27,51,eval_to_deploy,c056,0.42121124267578125,-2.048084259033203,109
27,51,unpaired_control,c056,-0.21782684326171875,-1.6268730163574219,79
0,52,deploy_to_eval,c025,-0.04892158508300781,-1.5802116394042969,111
0,52,eval_to_deploy,c025,-0.0027103424072265625,-1.8446998596191406,111
0,52,unpaired_control,c025,0.034954071044921875,-1.5802116394042969,59
1,52,deploy_to_eval,c025,-0.016277313232421875,-1.5802116394042969,111
1,52,eval_to_deploy,c025,0.028141021728515625,-1.8446998596191406,111
1,52,unpaired_control,c025,-0.2818183898925781,-1.5802116394042969,59
2,52,deploy_to_eval,c025,-0.020753860473632812,-1.5802116394042969,111
2,52,eval_to_deploy,c025,0.04576683044433594,-1.8446998596191406,111
2,52,unpaired_control,c025,-0.36427879333496094,-1.5802116394042969,59
3,52,deploy_to_eval,c025,0.08048057556152344,-1.5802116394042969,111
3,52,eval_to_deploy,c025,-0.07130813598632812,-1.8446998596191406,111
3,52,unpaired_control,c025,-0.10609245300292969,-1.5802116394042969,59
4,52,deploy_to_eval,c025,0.16135406494140625,-1.5802116394042969,111
4,52,eval_to_deploy,c025,-0.1584911346435547,-1.8446998596191406,111
4,52,unpaired_control,c025,-0.23958969116210938,-1.5802116394042969,59
5,52,deploy_to_eval,c025,0.252166748046875,-1.5802116394042969,111
5,52,eval_to_deploy,c025,-0.1285724639892578,-1.8446998596191406,111
5,52,unpaired_control,c025,-0.2623767852783203,-1.5802116394042969,59
6,52,deploy_to_eval,c025,0.10650062561035156,-1.5802116394042969,111
6,52,eval_to_deploy,c025,0.02736663818359375,-1.8446998596191406,111
6,52,unpaired_control,c025,-0.4731311798095703,-1.5802116394042969,59
7,52,deploy_to_eval,c025,0.25365638732910156,-1.5802116394042969,111
7,52,eval_to_deploy,c025,-0.07178115844726562,-1.8446998596191406,111
7,52,unpaired_control,c025,-0.22766685485839844,-1.5802116394042969,59
8,52,deploy_to_eval,c025,0.44968605041503906,-1.5802116394042969,111
8,52,eval_to_deploy,c025,-0.07523155212402344,-1.8446998596191406,111
8,52,unpaired_control,c025,-0.10617828369140625,-1.5802116394042969,59
9,52,deploy_to_eval,c025,0.3909416198730469,-1.5802116394042969,111
9,52,eval_to_deploy,c025,-0.08406448364257812,-1.8446998596191406,111
9,52,unpaired_control,c025,-0.13134384155273438,-1.5802116394042969,59
10,52,deploy_to_eval,c025,0.44597434997558594,-1.5802116394042969,111
10,52,eval_to_deploy,c025,-0.22601318359375,-1.8446998596191406,111
10,52,unpaired_control,c025,0.1551799774169922,-1.5802116394042969,59
11,52,deploy_to_eval,c025,0.009428024291992188,-1.5802116394042969,111
11,52,eval_to_deploy,c025,0.06480789184570312,-1.8446998596191406,111
11,52,unpaired_control,c025,-0.5727729797363281,-1.5802116394042969,59
12,52,deploy_to_eval,c025,-0.2578296661376953,-1.5802116394042969,111
12,52,eval_to_deploy,c025,0.34218788146972656,-1.8446998596191406,111
12,52,unpaired_control,c025,-0.704925537109375,-1.5802116394042969,59
13,52,deploy_to_eval,c025,-0.2905235290527344,-1.5802116394042969,111
13,52,eval_to_deploy,c025,0.3917407989501953,-1.8446998596191406,111
13,52,unpaired_control,c025,-0.7752285003662109,-1.5802116394042969,59
14,52,deploy_to_eval,c025,-0.2766590118408203,-1.5802116394042969,111
14,52,eval_to_deploy,c025,0.4334297180175781,-1.8446998596191406,111
14,52,unpaired_control,c025,-0.6374969482421875,-1.5802116394042969,59
15,52,deploy_to_eval,c025,-0.36186981201171875,-1.5802116394042969,111
15,52,eval_to_deploy,c025,0.5083274841308594,-1.8446998596191406,111
15,52,unpaired_control,c025,-0.6493358612060547,-1.5802116394042969,59
16,52,deploy_to_eval,c025,-0.44748687744140625,-1.5802116394042969,111
16,52,eval_to_deploy,c025,0.46026039123535156,-1.8446998596191406,111
16,52,unpaired_control,c025,-0.7546253204345703,-1.5802116394042969,59
17,52,deploy_to_eval,c025,-0.4445343017578125,-1.5802116394042969,111
17,52,eval_to_deploy,c025,0.4584941864013672,-1.8446998596191406,111
17,52,unpaired_control,c025,-0.8505363464355469,-1.5802116394042969,59
18,52,deploy_to_eval,c025,-0.45850181579589844,-1.5802116394042969,111
18,52,eval_to_deploy,c025,0.4697837829589844,-1.8446998596191406,111
18,52,unpaired_control,c025,-0.8151187896728516,-1.5802116394042969,59
19,52,deploy_to_eval,c025,-0.4718761444091797,-1.5802116394042969,111
19,52,eval_to_deploy,c025,0.48276710510253906,-1.8446998596191406,111
19,52,unpaired_control,c025,-0.82269287109375,-1.5802116394042969,59
20,52,deploy_to_eval,c025,-0.44013023376464844,-1.5802116394042969,111
20,52,eval_to_deploy,c025,0.4488792419433594,-1.8446998596191406,111
20,52,unpaired_control,c025,-0.7834148406982422,-1.5802116394042969,59
21,52,deploy_to_eval,c025,-0.439605712890625,-1.5802116394042969,111
21,52,eval_to_deploy,c025,0.4440631866455078,-1.8446998596191406,111
21,52,unpaired_control,c025,-0.7380523681640625,-1.5802116394042969,59
22,52,deploy_to_eval,c025,-0.4355144500732422,-1.5802116394042969,111
22,52,eval_to_deploy,c025,0.4390907287597656,-1.8446998596191406,111
22,52,unpaired_control,c025,-0.6950836181640625,-1.5802116394042969,59
23,52,deploy_to_eval,c025,-0.43157005310058594,-1.5802116394042969,111
23,52,eval_to_deploy,c025,0.4327392578125,-1.8446998596191406,111
23,52,unpaired_control,c025,-0.7635536193847656,-1.5802116394042969,59
24,52,deploy_to_eval,c025,-0.41296958923339844,-1.5802116394042969,111
24,52,eval_to_deploy,c025,0.41100502014160156,-1.8446998596191406,111
24,52,unpaired_control,c025,-0.8000755310058594,-1.5802116394042969,59
25,52,deploy_to_eval,c025,-0.4114494323730469,-1.5802116394042969,111
25,52,eval_to_deploy,c025,0.411102294921875,-1.8446998596191406,111
25,52,unpaired_control,c025,-0.8407402038574219,-1.5802116394042969,59
26,52,deploy_to_eval,c025,-0.35975074768066406,-1.5802116394042969,111
26,52,eval_to_deploy,c025,0.3496875762939453,-1.8446998596191406,111
26,52,unpaired_control,c025,-0.8112030029296875,-1.5802116394042969,59
27,52,deploy_to_eval,c025,-0.26448822021484375,-1.5802116394042969,111
27,52,eval_to_deploy,c025,0.26448822021484375,-1.8446998596191406,111
27,52,unpaired_control,c025,-0.7490921020507812,-1.5802116394042969,59
0,53,deploy_to_eval,c029,-0.0023250579833984375,-1.4669475555419922,73
0,53,eval_to_deploy,c029,-0.08801078796386719,-2.329303741455078,73
0,53,unpaired_control,c029,-0.032726287841796875,-1.4669475555419922,59
1,53,deploy_to_eval,c029,-0.09140396118164062,-1.4669475555419922,73
1,53,eval_to_deploy,c029,-0.008337020874023438,-2.329303741455078,73
1,53,unpaired_control,c029,-0.02686309814453125,-1.4669475555419922,59
2,53,deploy_to_eval,c029,-0.1338939666748047,-1.4669475555419922,73
2,53,eval_to_deploy,c029,-0.018537521362304688,-2.329303741455078,73
2,53,unpaired_control,c029,0.22607040405273438,-1.4669475555419922,59
3,53,deploy_to_eval,c029,-0.05405616760253906,-1.4669475555419922,73
3,53,eval_to_deploy,c029,-0.07005500793457031,-2.329303741455078,73
3,53,unpaired_control,c029,0.7281703948974609,-1.4669475555419922,59
4,53,deploy_to_eval,c029,-0.19402694702148438,-1.4669475555419922,73
4,53,eval_to_deploy,c029,0.020418167114257812,-2.329303741455078,73
4,53,unpaired_control,c029,0.8612003326416016,-1.4669475555419922,59
5,53,deploy_to_eval,c029,-0.20617103576660156,-1.4669475555419922,73
5,53,eval_to_deploy,c029,-0.013727188110351562,-2.329303741455078,73
5,53,unpaired_control,c029,0.7579555511474609,-1.4669475555419922,59
6,53,deploy_to_eval,c029,-0.23537445068359375,-1.4669475555419922,73
6,53,eval_to_deploy,c029,0.04440116882324219,-2.329303741455078,73
6,53,unpaired_control,c029,0.7293987274169922,-1.4669475555419922,59
7,53,deploy_to_eval,c029,0.03825569152832031,-1.4669475555419922,73
7,53,eval_to_deploy,c029,-0.26085853576660156,-2.329303741455078,73
7,53,unpaired_control,c029,1.0051918029785156,-1.4669475555419922,59
8,53,deploy_to_eval,c029,0.16870498657226562,-1.4669475555419922,73
8,53,eval_to_deploy,c029,-0.43289756774902344,-2.329303741455078,73
8,53,unpaired_control,c029,0.9423007965087891,-1.4669475555419922,59
9,53,deploy_to_eval,c029,0.1672210693359375,-1.4669475555419922,73
9,53,eval_to_deploy,c029,-0.3994026184082031,-2.329303741455078,73
9,53,unpaired_control,c029,1.1653270721435547,-1.4669475555419922,59
10,53,deploy_to_eval,c029,0.4549541473388672,-1.4669475555419922,73
10,53,eval_to_deploy,c029,-0.4885578155517578,-2.329303741455078,73
10,53,unpaired_control,c029,1.1977519989013672,-1.4669475555419922,59
11,53,deploy_to_eval,c029,-0.5431308746337891,-1.4669475555419922,73
11,53,eval_to_deploy,c029,0.29207611083984375,-2.329303741455078,73
11,53,unpaired_control,c029,0.4717426300048828,-1.4669475555419922,59
12,53,deploy_to_eval,c029,-0.5811023712158203,-1.4669475555419922,73
12,53,eval_to_deploy,c029,0.4380016326904297,-2.329303741455078,73
12,53,unpaired_control,c029,0.2558479309082031,-1.4669475555419922,59
13,53,deploy_to_eval,c029,-0.5691566467285156,-1.4669475555419922,73
13,53,eval_to_deploy,c029,0.4127769470214844,-2.329303741455078,73
13,53,unpaired_control,c029,0.17972564697265625,-1.4669475555419922,59
14,53,deploy_to_eval,c029,-0.47850608825683594,-1.4669475555419922,73
14,53,eval_to_deploy,c029,0.4272117614746094,-2.329303741455078,73
14,53,unpaired_control,c029,0.045146942138671875,-1.4669475555419922,59
15,53,deploy_to_eval,c029,-0.4327411651611328,-1.4669475555419922,73
15,53,eval_to_deploy,c029,0.3423900604248047,-2.329303741455078,73
15,53,unpaired_control,c029,0.015270233154296875,-1.4669475555419922,59
16,53,deploy_to_eval,c029,-0.6874408721923828,-1.4669475555419922,73
16,53,eval_to_deploy,c029,0.6128673553466797,-2.329303741455078,73
16,53,unpaired_control,c029,-0.30220603942871094,-1.4669475555419922,59
17,53,deploy_to_eval,c029,-0.6888980865478516,-1.4669475555419922,73
17,53,eval_to_deploy,c029,0.6149101257324219,-2.329303741455078,73
17,53,unpaired_control,c029,-0.1712779998779297,-1.4669475555419922,59
18,53,deploy_to_eval,c029,-0.6704826354980469,-1.4669475555419922,73
18,53,eval_to_deploy,c029,0.5850353240966797,-2.329303741455078,73
18,53,unpaired_control,c029,-0.2187824249267578,-1.4669475555419922,59
19,53,deploy_to_eval,c029,-0.6797294616699219,-1.4669475555419922,73
19,53,eval_to_deploy,c029,0.5885772705078125,-2.329303741455078,73
19,53,unpaired_control,c029,-0.2197589874267578,-1.4669475555419922,59
20,53,deploy_to_eval,c029,-0.7579517364501953,-1.4669475555419922,73
20,53,eval_to_deploy,c029,0.765594482421875,-2.329303741455078,73
20,53,unpaired_control,c029,-0.29742431640625,-1.4669475555419922,59
21,53,deploy_to_eval,c029,-0.7770404815673828,-1.4669475555419922,73
21,53,eval_to_deploy,c029,0.7020320892333984,-2.329303741455078,73
21,53,unpaired_control,c029,-0.2948436737060547,-1.4669475555419922,59
22,53,deploy_to_eval,c029,-0.7665424346923828,-1.4669475555419922,73
22,53,eval_to_deploy,c029,0.6777172088623047,-2.329303741455078,73
22,53,unpaired_control,c029,-0.3139457702636719,-1.4669475555419922,59
23,53,deploy_to_eval,c029,-0.7527122497558594,-1.4669475555419922,73
23,53,eval_to_deploy,c029,0.6893367767333984,-2.329303741455078,73
23,53,unpaired_control,c029,-0.2919635772705078,-1.4669475555419922,59
24,53,deploy_to_eval,c029,-0.7980499267578125,-1.4669475555419922,73
24,53,eval_to_deploy,c029,0.7487258911132812,-2.329303741455078,73
24,53,unpaired_control,c029,-0.2769794464111328,-1.4669475555419922,59
25,53,deploy_to_eval,c029,-0.8102397918701172,-1.4669475555419922,73
25,53,eval_to_deploy,c029,0.7703189849853516,-2.329303741455078,73
25,53,unpaired_control,c029,-0.23241233825683594,-1.4669475555419922,59
26,53,deploy_to_eval,c029,-0.8265247344970703,-1.4669475555419922,73
26,53,eval_to_deploy,c029,0.8024024963378906,-2.329303741455078,73
26,53,unpaired_control,c029,-0.1728191375732422,-1.4669475555419922,59
27,53,deploy_to_eval,c029,-0.8623561859130859,-1.4669475555419922,73
27,53,eval_to_deploy,c029,0.8623561859130859,-2.329303741455078,73
27,53,unpaired_control,c029,-0.2629833221435547,-1.4669475555419922,59
0,54,deploy_to_eval,c014,0.020235061645507812,-1.335580825805664,121
0,54,eval_to_deploy,c014,-0.0032863616943359375,-1.7299308776855469,121
0,54,unpaired_control,c014,0.00794219970703125,-1.335580825805664,79
1,54,deploy_to_eval,c014,0.06629562377929688,-1.335580825805664,121
1,54,eval_to_deploy,c014,-0.015056610107421875,-1.7299308776855469,121
1,54,unpaired_control,c014,0.17664146423339844,-1.335580825805664,79
2,54,deploy_to_eval,c014,-0.0069599151611328125,-1.335580825805664,121
2,54,eval_to_deploy,c014,0.015203475952148438,-1.7299308776855469,121
2,54,unpaired_control,c014,0.1063079833984375,-1.335580825805664,79
3,54,deploy_to_eval,c014,0.028932571411132812,-1.335580825805664,121
3,54,eval_to_deploy,c014,0.00550079345703125,-1.7299308776855469,121
3,54,unpaired_control,c014,-0.0357666015625,-1.335580825805664,79
4,54,deploy_to_eval,c014,-0.018777847290039062,-1.335580825805664,121
4,54,eval_to_deploy,c014,0.026273727416992188,-1.7299308776855469,121
4,54,unpaired_control,c014,-0.14410018920898438,-1.335580825805664,79
5,54,deploy_to_eval,c014,0.17995452880859375,-1.335580825805664,121
5,54,eval_to_deploy,c014,-0.1314830780029297,-1.7299308776855469,121
5,54,unpaired_control,c014,-0.13816070556640625,-1.335580825805664,79
6,54,deploy_to_eval,c014,0.17615318298339844,-1.335580825805664,121
6,54,eval_to_deploy,c014,-0.1748046875,-1.7299308776855469,121
6,54,unpaired_control,c014,-0.17549896240234375,-1.335580825805664,79
7,54,deploy_to_eval,c014,0.32297706604003906,-1.335580825805664,121
7,54,eval_to_deploy,c014,-0.2478790283203125,-1.7299308776855469,121
7,54,unpaired_control,c014,-0.09398841857910156,-1.335580825805664,79
8,54,deploy_to_eval,c014,0.3934345245361328,-1.335580825805664,121
8,54,eval_to_deploy,c014,-0.26177978515625,-1.7299308776855469,121
8,54,unpaired_control,c014,-0.03399467468261719,-1.335580825805664,79
9,54,deploy_to_eval,c014,0.4712982177734375,-1.335580825805664,121
9,54,eval_to_deploy,c014,-0.19273757934570312,-1.7299308776855469,121
9,54,unpaired_control,c014,-0.19058799743652344,-1.335580825805664,79
10,54,deploy_to_eval,c014,0.3006763458251953,-1.335580825805664,121
10,54,eval_to_deploy,c014,-0.09017562866210938,-1.7299308776855469,121
10,54,unpaired_control,c014,-0.7440834045410156,-1.335580825805664,79
11,54,deploy_to_eval,c014,-0.0526275634765625,-1.335580825805664,121
11,54,eval_to_deploy,c014,0.1582813262939453,-1.7299308776855469,121
11,54,unpaired_control,c014,-1.2876815795898438,-1.335580825805664,79
12,54,deploy_to_eval,c014,-0.2572498321533203,-1.335580825805664,121
12,54,eval_to_deploy,c014,0.28787803649902344,-1.7299308776855469,121
12,54,unpaired_control,c014,-1.5422325134277344,-1.335580825805664,79
13,54,deploy_to_eval,c014,-0.3100318908691406,-1.335580825805664,121
13,54,eval_to_deploy,c014,0.3303852081298828,-1.7299308776855469,121
13,54,unpaired_control,c014,-1.5769500732421875,-1.335580825805664,79
14,54,deploy_to_eval,c014,-0.32891082763671875,-1.335580825805664,121
14,54,eval_to_deploy,c014,0.3135833740234375,-1.7299308776855469,121
14,54,unpaired_control,c014,-1.5827388763427734,-1.335580825805664,79
15,54,deploy_to_eval,c014,-0.3619670867919922,-1.335580825805664,121
15,54,eval_to_deploy,c014,0.3541736602783203,-1.7299308776855469,121
15,54,unpaired_control,c014,-1.5737113952636719,-1.335580825805664,79
16,54,deploy_to_eval,c014,-0.4151763916015625,-1.335580825805664,121
16,54,eval_to_deploy,c014,0.431610107421875,-1.7299308776855469,121
16,54,unpaired_control,c014,-1.6271209716796875,-1.335580825805664,79
17,54,deploy_to_eval,c014,-0.43785667419433594,-1.335580825805664,121
17,54,eval_to_deploy,c014,0.46378517150878906,-1.7299308776855469,121
17,54,unpaired_control,c014,-1.6095943450927734,-1.335580825805664,79
18,54,deploy_to_eval,c014,-0.4426898956298828,-1.335580825805664,121
18,54,eval_to_deploy,c014,0.46561241149902344,-1.7299308776855469,121
18,54,unpaired_control,c014,-1.5917644500732422,-1.335580825805664,79
19,54,deploy_to_eval,c014,-0.4445056915283203,-1.335580825805664,121
19,54,eval_to_deploy,c014,0.4714317321777344,-1.7299308776855469,121
19,54,unpaired_control,c014,-1.605062484741211,-1.335580825805664,79
20,54,deploy_to_eval,c014,-0.4521808624267578,-1.335580825805664,121
20,54,eval_to_deploy,c014,0.4815864562988281,-1.7299308776855469,121
20,54,unpaired_control,c014,-1.6040782928466797,-1.335580825805664,79
21,54,deploy_to_eval,c014,-0.46132469177246094,-1.335580825805664,121
21,54,eval_to_deploy,c014,0.48699378967285156,-1.7299308776855469,121
21,54,unpaired_control,c014,-1.6008892059326172,-1.335580825805664,79
22,54,deploy_to_eval,c014,-0.45343017578125,-1.335580825805664,121
22,54,eval_to_deploy,c014,0.47514915466308594,-1.7299308776855469,121
22,54,unpaired_control,c014,-1.5958080291748047,-1.335580825805664,79
23,54,deploy_to_eval,c014,-0.4438133239746094,-1.335580825805664,121
23,54,eval_to_deploy,c014,0.4612903594970703,-1.7299308776855469,121
23,54,unpaired_control,c014,-1.6105289459228516,-1.335580825805664,79
24,54,deploy_to_eval,c014,-0.4086780548095703,-1.335580825805664,121
24,54,eval_to_deploy,c014,0.41900062561035156,-1.7299308776855469,121
24,54,unpaired_control,c014,-1.583517074584961,-1.335580825805664,79
25,54,deploy_to_eval,c014,-0.4129180908203125,-1.335580825805664,121
25,54,eval_to_deploy,c014,0.422698974609375,-1.7299308776855469,121
25,54,unpaired_control,c014,-1.5916194915771484,-1.335580825805664,79
26,54,deploy_to_eval,c014,-0.3386650085449219,-1.335580825805664,121
26,54,eval_to_deploy,c014,0.3154296875,-1.7299308776855469,121
26,54,unpaired_control,c014,-1.5678672790527344,-1.335580825805664,79
27,54,deploy_to_eval,c014,-0.3943500518798828,-1.335580825805664,121
27,54,eval_to_deploy,c014,0.3943500518798828,-1.7299308776855469,121
27,54,unpaired_control,c014,-1.596750259399414,-1.335580825805664,79
0,55,deploy_to_eval,c002,-0.041965484619140625,-1.4972801208496094,100
0,55,eval_to_deploy,c002,-0.09151077270507812,-2.932331085205078,100
0,55,unpaired_control,c002,-0.0035610198974609375,-1.4972801208496094,79
1,55,deploy_to_eval,c002,0.01580047607421875,-1.4972801208496094,100
1,55,eval_to_deploy,c002,-0.10770797729492188,-2.932331085205078,100
1,55,unpaired_control,c002,-0.1595001220703125,-1.4972801208496094,79
2,55,deploy_to_eval,c002,0.036006927490234375,-1.4972801208496094,100
2,55,eval_to_deploy,c002,-0.20351600646972656,-2.932331085205078,100
2,55,unpaired_control,c002,-0.24143600463867188,-1.4972801208496094,79
3,55,deploy_to_eval,c002,-0.05401420593261719,-1.4972801208496094,100
3,55,eval_to_deploy,c002,-0.06727981567382812,-2.932331085205078,100
3,55,unpaired_control,c002,-0.0784454345703125,-1.4972801208496094,79
4,55,deploy_to_eval,c002,-0.092529296875,-1.4972801208496094,100
4,55,eval_to_deploy,c002,-0.06011772155761719,-2.932331085205078,100
4,55,unpaired_control,c002,-0.09788322448730469,-1.4972801208496094,79
5,55,deploy_to_eval,c002,-0.13982391357421875,-1.4972801208496094,100
5,55,eval_to_deploy,c002,-0.05377769470214844,-2.932331085205078,100
5,55,unpaired_control,c002,-0.12168693542480469,-1.4972801208496094,79
6,55,deploy_to_eval,c002,-0.3030128479003906,-1.4972801208496094,100
6,55,eval_to_deploy,c002,-0.018819808959960938,-2.932331085205078,100
6,55,unpaired_control,c002,-0.23182106018066406,-1.4972801208496094,79
7,55,deploy_to_eval,c002,-0.18039703369140625,-1.4972801208496094,100
7,55,eval_to_deploy,c002,-0.10387611389160156,-2.932331085205078,100
7,55,unpaired_control,c002,-0.13524436950683594,-1.4972801208496094,79
8,55,deploy_to_eval,c002,-0.09429740905761719,-1.4972801208496094,100
8,55,eval_to_deploy,c002,-0.23204612731933594,-2.932331085205078,100
8,55,unpaired_control,c002,0.05903816223144531,-1.4972801208496094,79
9,55,deploy_to_eval,c002,-0.24700927734375,-1.4972801208496094,100
9,55,eval_to_deploy,c002,-0.20476150512695312,-2.932331085205078,100
9,55,unpaired_control,c002,-0.053295135498046875,-1.4972801208496094,79
10,55,deploy_to_eval,c002,-0.45867347717285156,-1.4972801208496094,100
10,55,eval_to_deploy,c002,0.09832000732421875,-2.932331085205078,100
10,55,unpaired_control,c002,-0.019145965576171875,-1.4972801208496094,79
11,55,deploy_to_eval,c002,-1.0742321014404297,-1.4972801208496094,100
11,55,eval_to_deploy,c002,0.5273017883300781,-2.932331085205078,100
11,55,unpaired_control,c002,-0.4771900177001953,-1.4972801208496094,79
12,55,deploy_to_eval,c002,-1.3235549926757812,-1.4972801208496094,100
12,55,eval_to_deploy,c002,0.8320426940917969,-2.932331085205078,100
12,55,unpaired_control,c002,-0.4533538818359375,-1.4972801208496094,79
13,55,deploy_to_eval,c002,-1.3309173583984375,-1.4972801208496094,100
13,55,eval_to_deploy,c002,0.8467502593994141,-2.932331085205078,100
13,55,unpaired_control,c002,-0.48538780212402344,-1.4972801208496094,79
14,55,deploy_to_eval,c002,-1.3320960998535156,-1.4972801208496094,100
14,55,eval_to_deploy,c002,0.9222469329833984,-2.932331085205078,100
14,55,unpaired_control,c002,-0.49384117126464844,-1.4972801208496094,79
15,55,deploy_to_eval,c002,-1.3571224212646484,-1.4972801208496094,100
15,55,eval_to_deploy,c002,0.9835739135742188,-2.932331085205078,100
15,55,unpaired_control,c002,-0.5598316192626953,-1.4972801208496094,79
16,55,deploy_to_eval,c002,-1.5632953643798828,-1.4972801208496094,100
16,55,eval_to_deploy,c002,1.5962448120117188,-2.932331085205078,100
16,55,unpaired_control,c002,-0.8046703338623047,-1.4972801208496094,79
17,55,deploy_to_eval,c002,-1.5455474853515625,-1.4972801208496094,100
17,55,eval_to_deploy,c002,1.5733051300048828,-2.932331085205078,100
17,55,unpaired_control,c002,-0.8071613311767578,-1.4972801208496094,79
18,55,deploy_to_eval,c002,-1.546926498413086,-1.4972801208496094,100
18,55,eval_to_deploy,c002,1.5600776672363281,-2.932331085205078,100
18,55,unpaired_control,c002,-0.8360481262207031,-1.4972801208496094,79
19,55,deploy_to_eval,c002,-1.5470314025878906,-1.4972801208496094,100
19,55,eval_to_deploy,c002,1.5549774169921875,-2.932331085205078,100
19,55,unpaired_control,c002,-0.8386497497558594,-1.4972801208496094,79
20,55,deploy_to_eval,c002,-1.57342529296875,-1.4972801208496094,100
20,55,eval_to_deploy,c002,1.5705738067626953,-2.932331085205078,100
20,55,unpaired_control,c002,-0.9039974212646484,-1.4972801208496094,79
21,55,deploy_to_eval,c002,-1.5726566314697266,-1.4972801208496094,100
21,55,eval_to_deploy,c002,1.5876274108886719,-2.932331085205078,100
21,55,unpaired_control,c002,-0.9019145965576172,-1.4972801208496094,79
22,55,deploy_to_eval,c002,-1.5683670043945312,-1.4972801208496094,100
22,55,eval_to_deploy,c002,1.5838737487792969,-2.932331085205078,100
22,55,unpaired_control,c002,-0.8834247589111328,-1.4972801208496094,79
23,55,deploy_to_eval,c002,-1.586111068725586,-1.4972801208496094,100
23,55,eval_to_deploy,c002,1.604806900024414,-2.932331085205078,100
23,55,unpaired_control,c002,-0.8984603881835938,-1.4972801208496094,79
24,55,deploy_to_eval,c002,-1.5602741241455078,-1.4972801208496094,100
24,55,eval_to_deploy,c002,1.5710086822509766,-2.932331085205078,100
24,55,unpaired_control,c002,-0.8921394348144531,-1.4972801208496094,79
25,55,deploy_to_eval,c002,-1.5537643432617188,-1.4972801208496094,100
25,55,eval_to_deploy,c002,1.5692119598388672,-2.932331085205078,100
25,55,unpaired_control,c002,-0.8974838256835938,-1.4972801208496094,79
26,55,deploy_to_eval,c002,-1.5251407623291016,-1.4972801208496094,100
26,55,eval_to_deploy,c002,1.52655029296875,-2.932331085205078,100
26,55,unpaired_control,c002,-0.8680362701416016,-1.4972801208496094,79
27,55,deploy_to_eval,c002,-1.4350509643554688,-1.4972801208496094,100
27,55,eval_to_deploy,c002,1.4350509643554688,-2.932331085205078,100
27,55,unpaired_control,c002,-0.7834014892578125,-1.4972801208496094,79
0,56,deploy_to_eval,c023,-0.03629493713378906,-0.4545783996582031,100
0,56,eval_to_deploy,c023,0.01102447509765625,-2.280681610107422,100
0,56,unpaired_control,c023,-0.027080535888671875,-0.4545783996582031,79
1,56,deploy_to_eval,c023,-0.06349754333496094,-0.4545783996582031,100
1,56,eval_to_deploy,c023,0.12992286682128906,-2.280681610107422,100
1,56,unpaired_control,c023,0.07171821594238281,-0.4545783996582031,79
2,56,deploy_to_eval,c023,-0.028928756713867188,-0.4545783996582031,100
2,56,eval_to_deploy,c023,0.10004234313964844,-2.280681610107422,100
2,56,unpaired_control,c023,-0.008531570434570312,-0.4545783996582031,79
3,56,deploy_to_eval,c023,-0.023708343505859375,-0.4545783996582031,100
3,56,eval_to_deploy,c023,0.11898994445800781,-2.280681610107422,100
3,56,unpaired_control,c023,0.07734107971191406,-0.4545783996582031,79
4,56,deploy_to_eval,c023,-0.1287078857421875,-0.4545783996582031,100
4,56,eval_to_deploy,c023,0.19216346740722656,-2.280681610107422,100
4,56,unpaired_control,c023,0.015651702880859375,-0.4545783996582031,79
5,56,deploy_to_eval,c023,-0.10886192321777344,-0.4545783996582031,100
5,56,eval_to_deploy,c023,0.13769912719726562,-2.280681610107422,100
5,56,unpaired_control,c023,0.16254806518554688,-0.4545783996582031,79
6,56,deploy_to_eval,c023,-0.09886360168457031,-0.4545783996582031,100
6,56,eval_to_deploy,c023,0.10801506042480469,-2.280681610107422,100
6,56,unpaired_control,c023,0.21630477905273438,-0.4545783996582031,79
7,56,deploy_to_eval,c023,-0.24523353576660156,-0.4545783996582031,100
7,56,eval_to_deploy,c023,0.0520172119140625,-2.280681610107422,100
7,56,unpaired_control,c023,0.2140960693359375,-0.4545783996582031,79
8,56,deploy_to_eval,c023,-0.2747077941894531,-0.4545783996582031,100
8,56,eval_to_deploy,c023,0.06887435913085938,-2.280681610107422,100
8,56,unpaired_control,c023,0.12047386169433594,-0.4545783996582031,79
9,56,deploy_to_eval,c023,-0.7708187103271484,-0.4545783996582031,100
9,56,eval_to_deploy,c023,0.18526649475097656,-2.280681610107422,100
9,56,unpaired_control,c023,-0.550933837890625,-0.4545783996582031,79
10,56,deploy_to_eval,c023,-1.0178794860839844,-0.4545783996582031,100
10,56,eval_to_deploy,c023,0.4702625274658203,-2.280681610107422,100
10,56,unpaired_control,c023,-1.2018680572509766,-0.4545783996582031,79
11,56,deploy_to_eval,c023,-1.4975090026855469,-0.4545783996582031,100
11,56,eval_to_deploy,c023,1.1211471557617188,-2.280681610107422,100
11,56,unpaired_control,c023,-1.8202838897705078,-0.4545783996582031,79
12,56,deploy_to_eval,c023,-1.5418968200683594,-0.4545783996582031,100
12,56,eval_to_deploy,c023,1.2368202209472656,-2.280681610107422,100
12,56,unpaired_control,c023,-2.021800994873047,-0.4545783996582031,79
13,56,deploy_to_eval,c023,-1.5646228790283203,-0.4545783996582031,100
13,56,eval_to_deploy,c023,1.3290939331054688,-2.280681610107422,100
13,56,unpaired_control,c023,-2.0538864135742188,-0.4545783996582031,79
14,56,deploy_to_eval,c023,-1.5212650299072266,-0.4545783996582031,100
14,56,eval_to_deploy,c023,1.2923564910888672,-2.280681610107422,100
14,56,unpaired_control,c023,-2.0708694458007812,-0.4545783996582031,79
15,56,deploy_to_eval,c023,-1.6351280212402344,-0.4545783996582031,100
15,56,eval_to_deploy,c023,1.4167976379394531,-2.280681610107422,100
15,56,unpaired_control,c023,-2.1524105072021484,-0.4545783996582031,79
16,56,deploy_to_eval,c023,-1.7856006622314453,-0.4545783996582031,100
16,56,eval_to_deploy,c023,1.7788867950439453,-2.280681610107422,100
16,56,unpaired_control,c023,-2.3332881927490234,-0.4545783996582031,79
17,56,deploy_to_eval,c023,-1.784505844116211,-0.4545783996582031,100
17,56,eval_to_deploy,c023,1.7793140411376953,-2.280681610107422,100
17,56,unpaired_control,c023,-2.3092575073242188,-0.4545783996582031,79
18,56,deploy_to_eval,c023,-1.7864665985107422,-0.4545783996582031,100
18,56,eval_to_deploy,c023,1.7713375091552734,-2.280681610107422,100
18,56,unpaired_control,c023,-2.295825958251953,-0.4545783996582031,79
19,56,deploy_to_eval,c023,-1.794546127319336,-0.4545783996582031,100
19,56,eval_to_deploy,c023,1.7717418670654297,-2.280681610107422,100
19,56,unpaired_control,c023,-2.296213150024414,-0.4545783996582031,79
20,56,deploy_to_eval,c023,-1.7921104431152344,-0.4545783996582031,100
20,56,eval_to_deploy,c023,1.756927490234375,-2.280681610107422,100
20,56,unpaired_control,c023,-2.2972640991210938,-0.4545783996582031,79
21,56,deploy_to_eval,c023,-1.799947738647461,-0.4545783996582031,100
21,56,eval_to_deploy,c023,1.7752037048339844,-2.280681610107422,100
21,56,unpaired_control,c023,-2.3011646270751953,-0.4545783996582031,79
22,56,deploy_to_eval,c023,-1.794576644897461,-0.4545783996582031,100
22,56,eval_to_deploy,c023,1.7675628662109375,-2.280681610107422,100
22,56,unpaired_control,c023,-2.302888870239258,-0.4545783996582031,79
23,56,deploy_to_eval,c023,-1.795623779296875,-0.4545783996582031,100
23,56,eval_to_deploy,c023,1.7715682983398438,-2.280681610107422,100
23,56,unpaired_control,c023,-2.3031864166259766,-0.4545783996582031,79
24,56,deploy_to_eval,c023,-1.8073101043701172,-0.4545783996582031,100
24,56,eval_to_deploy,c023,1.78656005859375,-2.280681610107422,100
24,56,unpaired_control,c023,-2.2974166870117188,-0.4545783996582031,79
25,56,deploy_to_eval,c023,-1.8090648651123047,-0.4545783996582031,100
25,56,eval_to_deploy,c023,1.7909431457519531,-2.280681610107422,100
25,56,unpaired_control,c023,-2.280670166015625,-0.4545783996582031,79
26,56,deploy_to_eval,c023,-1.8234291076660156,-0.4545783996582031,100
26,56,eval_to_deploy,c023,1.8158435821533203,-2.280681610107422,100
26,56,unpaired_control,c023,-2.3162155151367188,-0.4545783996582031,79
27,56,deploy_to_eval,c023,-1.8261032104492188,-0.4545783996582031,100
27,56,eval_to_deploy,c023,1.8261032104492188,-2.280681610107422,100
27,56,unpaired_control,c023,-2.339628219604492,-0.4545783996582031,79
0,57,deploy_to_eval,c046,-0.12882232666015625,-2.474365234375,109
0,57,eval_to_deploy,c046,0.03636360168457031,-2.7942066192626953,109
0,57,unpaired_control,c046,-0.041416168212890625,-2.474365234375,79
1,57,deploy_to_eval,c046,-0.16460609436035156,-2.474365234375,109
1,57,eval_to_deploy,c046,0.1171722412109375,-2.7942066192626953,109
1,57,unpaired_control,c046,-0.1378154754638672,-2.474365234375,79
2,57,deploy_to_eval,c046,-0.16019821166992188,-2.474365234375,109
2,57,eval_to_deploy,c046,0.04683113098144531,-2.7942066192626953,109
2,57,unpaired_control,c046,-0.10228157043457031,-2.474365234375,79
3,57,deploy_to_eval,c046,-0.18379974365234375,-2.474365234375,109
3,57,eval_to_deploy,c046,-0.021341323852539062,-2.7942066192626953,109
3,57,unpaired_control,c046,0.0036106109619140625,-2.474365234375,79
4,57,deploy_to_eval,c046,-0.12301254272460938,-2.474365234375,109
4,57,eval_to_deploy,c046,-0.10236358642578125,-2.7942066192626953,109
4,57,unpaired_control,c046,0.09119033813476562,-2.474365234375,79
5,57,deploy_to_eval,c046,0.24268341064453125,-2.474365234375,109
5,57,eval_to_deploy,c046,-0.4079608917236328,-2.7942066192626953,109
5,57,unpaired_control,c046,0.281768798828125,-2.474365234375,79
6,57,deploy_to_eval,c046,0.5977420806884766,-2.474365234375,109
6,57,eval_to_deploy,c046,-0.41017913818359375,-2.7942066192626953,109
6,57,unpaired_control,c046,0.4857215881347656,-2.474365234375,79
7,57,deploy_to_eval,c046,0.5961551666259766,-2.474365234375,109
7,57,eval_to_deploy,c046,-0.6735000610351562,-2.7942066192626953,109
7,57,unpaired_control,c046,0.6401462554931641,-2.474365234375,79
8,57,deploy_to_eval,c046,0.5675067901611328,-2.474365234375,109
8,57,eval_to_deploy,c046,-0.6724205017089844,-2.7942066192626953,109
8,57,unpaired_control,c046,0.6777114868164062,-2.474365234375,79
9,57,deploy_to_eval,c046,0.5090408325195312,-2.474365234375,109
9,57,eval_to_deploy,c046,-0.5266857147216797,-2.7942066192626953,109
9,57,unpaired_control,c046,0.6234569549560547,-2.474365234375,79
10,57,deploy_to_eval,c046,0.23123741149902344,-2.474365234375,109
10,57,eval_to_deploy,c046,-0.5439090728759766,-2.7942066192626953,109
10,57,unpaired_control,c046,0.5413761138916016,-2.474365234375,79
11,57,deploy_to_eval,c046,-0.08488082885742188,-2.474365234375,109
11,57,eval_to_deploy,c046,-0.07318878173828125,-2.7942066192626953,109
11,57,unpaired_control,c046,0.14261627197265625,-2.474365234375,79
12,57,deploy_to_eval,c046,-0.24907493591308594,-2.474365234375,109
12,57,eval_to_deploy,c046,0.1013031005859375,-2.7942066192626953,109
12,57,unpaired_control,c046,0.05803680419921875,-2.474365234375,79
13,57,deploy_to_eval,c046,-0.23795700073242188,-2.474365234375,109
13,57,eval_to_deploy,c046,0.06707000732421875,-2.7942066192626953,109
13,57,unpaired_control,c046,-0.015726089477539062,-2.474365234375,79
14,57,deploy_to_eval,c046,-0.229827880859375,-2.474365234375,109
14,57,eval_to_deploy,c046,0.09039878845214844,-2.7942066192626953,109
14,57,unpaired_control,c046,-0.027496337890625,-2.474365234375,79
15,57,deploy_to_eval,c046,-0.24619483947753906,-2.474365234375,109
15,57,eval_to_deploy,c046,0.15430831909179688,-2.7942066192626953,109
15,57,unpaired_control,c046,-0.08856773376464844,-2.474365234375,79
16,57,deploy_to_eval,c046,-0.31909751892089844,-2.474365234375,109
16,57,eval_to_deploy,c046,0.2920036315917969,-2.7942066192626953,109
16,57,unpaired_control,c046,-0.1783618927001953,-2.474365234375,79
17,57,deploy_to_eval,c046,-0.3214855194091797,-2.474365234375,109
17,57,eval_to_deploy,c046,0.2967529296875,-2.7942066192626953,109
17,57,unpaired_control,c046,-0.18193435668945312,-2.474365234375,79
18,57,deploy_to_eval,c046,-0.3212547302246094,-2.474365234375,109
18,57,eval_to_deploy,c046,0.28893280029296875,-2.7942066192626953,109
18,57,unpaired_control,c046,-0.19446945190429688,-2.474365234375,79
19,57,deploy_to_eval,c046,-0.31278228759765625,-2.474365234375,109
19,57,eval_to_deploy,c046,0.28133583068847656,-2.7942066192626953,109
19,57,unpaired_control,c046,-0.1897735595703125,-2.474365234375,79
20,57,deploy_to_eval,c046,-0.314178466796875,-2.474365234375,109
20,57,eval_to_deploy,c046,0.3219642639160156,-2.7942066192626953,109
20,57,unpaired_control,c046,-0.16965484619140625,-2.474365234375,79
21,57,deploy_to_eval,c046,-0.3133201599121094,-2.474365234375,109
21,57,eval_to_deploy,c046,0.31519317626953125,-2.7942066192626953,109
21,57,unpaired_control,c046,-0.17033958435058594,-2.474365234375,79
22,57,deploy_to_eval,c046,-0.3155326843261719,-2.474365234375,109
22,57,eval_to_deploy,c046,0.3161182403564453,-2.7942066192626953,109
22,57,unpaired_control,c046,-0.16797256469726562,-2.474365234375,79
23,57,deploy_to_eval,c046,-0.3151836395263672,-2.474365234375,109
23,57,eval_to_deploy,c046,0.31749725341796875,-2.7942066192626953,109
23,57,unpaired_control,c046,-0.1676921844482422,-2.474365234375,79
24,57,deploy_to_eval,c046,-0.3170452117919922,-2.474365234375,109
24,57,eval_to_deploy,c046,0.3153343200683594,-2.7942066192626953,109
24,57,unpaired_control,c046,-0.1790790557861328,-2.474365234375,79
25,57,deploy_to_eval,c046,-0.31969451904296875,-2.474365234375,109
25,57,eval_to_deploy,c046,0.31607818603515625,-2.7942066192626953,109
25,57,unpaired_control,c046,-0.19741249084472656,-2.474365234375,79
26,57,deploy_to_eval,c046,-0.3194427490234375,-2.474365234375,109
26,57,eval_to_deploy,c046,0.3130531311035156,-2.7942066192626953,109
26,57,unpaired_control,c046,-0.1789875030517578,-2.474365234375,79
27,57,deploy_to_eval,c046,-0.3198413848876953,-2.474365234375,109
27,57,eval_to_deploy,c046,0.3198413848876953,-2.7942066192626953,109
27,57,unpaired_control,c046,-0.1359424591064453,-2.474365234375,79
0,58,deploy_to_eval,c022,-0.11475753784179688,-1.8308734893798828,105
0,58,eval_to_deploy,c022,0.03396415710449219,-2.6103076934814453,105
0,58,unpaired_control,c022,-0.10195350646972656,-1.8308734893798828,79
1,58,deploy_to_eval,c022,-0.1999950408935547,-1.8308734893798828,105
1,58,eval_to_deploy,c022,0.19541549682617188,-2.6103076934814453,105
1,58,unpaired_control,c022,-0.22935867309570312,-1.8308734893798828,79
2,58,deploy_to_eval,c022,-0.09553718566894531,-1.8308734893798828,105
2,58,eval_to_deploy,c022,0.18524932861328125,-2.6103076934814453,105
2,58,unpaired_control,c022,-0.1679058074951172,-1.8308734893798828,79
3,58,deploy_to_eval,c022,-0.003383636474609375,-1.8308734893798828,105
3,58,eval_to_deploy,c022,0.06931495666503906,-2.6103076934814453,105
3,58,unpaired_control,c022,-0.1252880096435547,-1.8308734893798828,79
4,58,deploy_to_eval,c022,0.11972427368164062,-1.8308734893798828,105
4,58,eval_to_deploy,c022,0.02043914794921875,-2.6103076934814453,105
4,58,unpaired_control,c022,-0.09381675720214844,-1.8308734893798828,79
5,58,deploy_to_eval,c022,0.27313232421875,-1.8308734893798828,105
5,58,eval_to_deploy,c022,-0.04254722595214844,-2.6103076934814453,105
5,58,unpaired_control,c022,0.22818946838378906,-1.8308734893798828,79
6,58,deploy_to_eval,c022,0.3751087188720703,-1.8308734893798828,105
6,58,eval_to_deploy,c022,-0.0861358642578125,-2.6103076934814453,105
6,58,unpaired_control,c022,0.41866111755371094,-1.8308734893798828,79
7,58,deploy_to_eval,c022,0.36133575439453125,-1.8308734893798828,105
7,58,eval_to_deploy,c022,-0.31290626525878906,-2.6103076934814453,105
7,58,unpaired_control,c022,0.21024703979492188,-1.8308734893798828,79
8,58,deploy_to_eval,c022,0.3211669921875,-1.8308734893798828,105
8,58,eval_to_deploy,c022,-0.35387611389160156,-2.6103076934814453,105
8,58,unpaired_control,c022,0.18508148193359375,-1.8308734893798828,79
9,58,deploy_to_eval,c022,0.1970062255859375,-1.8308734893798828,105
9,58,eval_to_deploy,c022,-0.27710533142089844,-2.6103076934814453,105
9,58,unpaired_control,c022,-0.03936004638671875,-1.8308734893798828,79
10,58,deploy_to_eval,c022,-0.08428382873535156,-1.8308734893798828,105
10,58,eval_to_deploy,c022,-0.20015335083007812,-2.6103076934814453,105
10,58,unpaired_control,c022,0.11041641235351562,-1.8308734893798828,79
11,58,deploy_to_eval,c022,-0.44864654541015625,-1.8308734893798828,105
11,58,eval_to_deploy,c022,0.4361572265625,-2.6103076934814453,105
11,58,unpaired_control,c022,-0.24290847778320312,-1.8308734893798828,79
12,58,deploy_to_eval,c022,-0.5461101531982422,-1.8308734893798828,105
12,58,eval_to_deploy,c022,0.44506072998046875,-2.6103076934814453,105
12,58,unpaired_control,c022,-0.4035682678222656,-1.8308734893798828,79
13,58,deploy_to_eval,c022,-0.5820293426513672,-1.8308734893798828,105
13,58,eval_to_deploy,c022,0.45194244384765625,-2.6103076934814453,105
13,58,unpaired_control,c022,-0.4046173095703125,-1.8308734893798828,79
14,58,deploy_to_eval,c022,-0.6187515258789062,-1.8308734893798828,105
14,58,eval_to_deploy,c022,0.4502391815185547,-2.6103076934814453,105
14,58,unpaired_control,c022,-0.3807525634765625,-1.8308734893798828,79
15,58,deploy_to_eval,c022,-0.6779575347900391,-1.8308734893798828,105
15,58,eval_to_deploy,c022,0.5531902313232422,-2.6103076934814453,105
15,58,unpaired_control,c022,-0.3961906433105469,-1.8308734893798828,79
16,58,deploy_to_eval,c022,-0.7923660278320312,-1.8308734893798828,105
16,58,eval_to_deploy,c022,0.8070430755615234,-2.6103076934814453,105
16,58,unpaired_control,c022,-0.34012413024902344,-1.8308734893798828,79
17,58,deploy_to_eval,c022,-0.7989349365234375,-1.8308734893798828,105
17,58,eval_to_deploy,c022,0.8127689361572266,-2.6103076934814453,105
17,58,unpaired_control,c022,-0.31021690368652344,-1.8308734893798828,79
18,58,deploy_to_eval,c022,-0.8034763336181641,-1.8308734893798828,105
18,58,eval_to_deploy,c022,0.8027019500732422,-2.6103076934814453,105
18,58,unpaired_control,c022,-0.32042694091796875,-1.8308734893798828,79
19,58,deploy_to_eval,c022,-0.8025684356689453,-1.8308734893798828,105
19,58,eval_to_deploy,c022,0.7980613708496094,-2.6103076934814453,105
19,58,unpaired_control,c022,-0.326080322265625,-1.8308734893798828,79
20,58,deploy_to_eval,c022,-0.7996273040771484,-1.8308734893798828,105
20,58,eval_to_deploy,c022,0.8298282623291016,-2.6103076934814453,105
20,58,unpaired_control,c022,-0.2986793518066406,-1.8308734893798828,79
21,58,deploy_to_eval,c022,-0.7926902770996094,-1.8308734893798828,105
21,58,eval_to_deploy,c022,0.8226890563964844,-2.6103076934814453,105
21,58,unpaired_control,c022,-0.28159523010253906,-1.8308734893798828,79
22,58,deploy_to_eval,c022,-0.787506103515625,-1.8308734893798828,105
22,58,eval_to_deploy,c022,0.81549072265625,-2.6103076934814453,105
22,58,unpaired_control,c022,-0.2743492126464844,-1.8308734893798828,79
23,58,deploy_to_eval,c022,-0.7867355346679688,-1.8308734893798828,105
23,58,eval_to_deploy,c022,0.8081722259521484,-2.6103076934814453,105
23,58,unpaired_control,c022,-0.279632568359375,-1.8308734893798828,79
24,58,deploy_to_eval,c022,-0.7984943389892578,-1.8308734893798828,105
24,58,eval_to_deploy,c022,0.8262348175048828,-2.6103076934814453,105
24,58,unpaired_control,c022,-0.27615928649902344,-1.8308734893798828,79
25,58,deploy_to_eval,c022,-0.8000831604003906,-1.8308734893798828,105
25,58,eval_to_deploy,c022,0.829620361328125,-2.6103076934814453,105
25,58,unpaired_control,c022,-0.2607402801513672,-1.8308734893798828,79
26,58,deploy_to_eval,c022,-0.7928867340087891,-1.8308734893798828,105
26,58,eval_to_deploy,c022,0.8177394866943359,-2.6103076934814453,105
26,58,unpaired_control,c022,-0.24481773376464844,-1.8308734893798828,79
27,58,deploy_to_eval,c022,-0.7794342041015625,-1.8308734893798828,105
27,58,eval_to_deploy,c022,0.7794342041015625,-2.6103076934814453,105
27,58,unpaired_control,c022,-0.2460174560546875,-1.8308734893798828,79
0,59,deploy_to_eval,c050,0.09919548034667969,-0.4561004638671875,141
0,59,eval_to_deploy,c050,-0.026287078857421875,-2.0768909454345703,141
0,59,unpaired_control,c050,0.06199073791503906,-0.4561004638671875,79
1,59,deploy_to_eval,c050,0.36487579345703125,-0.4561004638671875,141
1,59,eval_to_deploy,c050,-0.1514129638671875,-2.0768909454345703,141
1,59,unpaired_control,c050,0.359588623046875,-0.4561004638671875,79
2,59,deploy_to_eval,c050,0.40796470642089844,-0.4561004638671875,141
2,59,eval_to_deploy,c050,-0.1701507568359375,-2.0768909454345703,141
2,59,unpaired_control,c050,0.3663520812988281,-0.4561004638671875,79
3,59,deploy_to_eval,c050,0.42420005798339844,-0.4561004638671875,141
3,59,eval_to_deploy,c050,-0.124847412109375,-2.0768909454345703,141
3,59,unpaired_control,c050,0.723907470703125,-0.4561004638671875,79
4,59,deploy_to_eval,c050,0.5106201171875,-0.4561004638671875,141
4,59,eval_to_deploy,c050,-0.18688011169433594,-2.0768909454345703,141
4,59,unpaired_control,c050,1.0647048950195312,-0.4561004638671875,79
5,59,deploy_to_eval,c050,0.7180328369140625,-0.4561004638671875,141
5,59,eval_to_deploy,c050,-0.18738746643066406,-2.0768909454345703,141
5,59,unpaired_control,c050,1.1843013763427734,-0.4561004638671875,79
6,59,deploy_to_eval,c050,0.05108451843261719,-0.4561004638671875,141
6,59,eval_to_deploy,c050,-0.07085418701171875,-2.0768909454345703,141
6,59,unpaired_control,c050,0.6975765228271484,-0.4561004638671875,79
7,59,deploy_to_eval,c050,0.11430740356445312,-0.4561004638671875,141
7,59,eval_to_deploy,c050,-0.154815673828125,-2.0768909454345703,141
7,59,unpaired_control,c050,1.209970474243164,-0.4561004638671875,79
8,59,deploy_to_eval,c050,-0.09147262573242188,-0.4561004638671875,141
8,59,eval_to_deploy,c050,-0.1257190704345703,-2.0768909454345703,141
8,59,unpaired_control,c050,1.232931137084961,-0.4561004638671875,79
9,59,deploy_to_eval,c050,-0.3672008514404297,-0.4561004638671875,141
9,59,eval_to_deploy,c050,-0.10482025146484375,-2.0768909454345703,141
9,59,unpaired_control,c050,0.9445724487304688,-0.4561004638671875,79
10,59,deploy_to_eval,c050,-0.22934532165527344,-0.4561004638671875,141
10,59,eval_to_deploy,c050,-0.08292198181152344,-2.0768909454345703,141
10,59,unpaired_control,c050,0.7801589965820312,-0.4561004638671875,79
11,59,deploy_to_eval,c050,-0.9838733673095703,-0.4561004638671875,141
11,59,eval_to_deploy,c050,0.6160316467285156,-2.0768909454345703,141
11,59,unpaired_control,c050,0.16296768188476562,-0.4561004638671875,79
12,59,deploy_to_eval,c050,-1.1839542388916016,-0.4561004638671875,141
12,59,eval_to_deploy,c050,0.8149909973144531,-2.0768909454345703,141
12,59,unpaired_control,c050,0.14504051208496094,-0.4561004638671875,79
13,59,deploy_to_eval,c050,-1.240478515625,-0.4561004638671875,141
13,59,eval_to_deploy,c050,0.8763008117675781,-2.0768909454345703,141
13,59,unpaired_control,c050,0.09151649475097656,-0.4561004638671875,79
14,59,deploy_to_eval,c050,-1.3417434692382812,-0.4561004638671875,141
14,59,eval_to_deploy,c050,1.321584701538086,-2.0768909454345703,141
14,59,unpaired_control,c050,-0.00507354736328125,-0.4561004638671875,79
15,59,deploy_to_eval,c050,-1.429281234741211,-0.4561004638671875,141
15,59,eval_to_deploy,c050,1.3706951141357422,-2.0768909454345703,141
15,59,unpaired_control,c050,-0.018985748291015625,-0.4561004638671875,79
16,59,deploy_to_eval,c050,-1.6043586730957031,-0.4561004638671875,141
16,59,eval_to_deploy,c050,1.4653282165527344,-2.0768909454345703,141
16,59,unpaired_control,c050,-0.4569835662841797,-0.4561004638671875,79
17,59,deploy_to_eval,c050,-1.6216773986816406,-0.4561004638671875,141
17,59,eval_to_deploy,c050,1.4713993072509766,-2.0768909454345703,141
17,59,unpaired_control,c050,-0.4839801788330078,-0.4561004638671875,79
18,59,deploy_to_eval,c050,-1.6351356506347656,-0.4561004638671875,141
18,59,eval_to_deploy,c050,1.5009403228759766,-2.0768909454345703,141
18,59,unpaired_control,c050,-0.49149131774902344,-0.4561004638671875,79
19,59,deploy_to_eval,c050,-1.6515464782714844,-0.4561004638671875,141
19,59,eval_to_deploy,c050,1.4926376342773438,-2.0768909454345703,141
19,59,unpaired_control,c050,-0.4941844940185547,-0.4561004638671875,79
20,59,deploy_to_eval,c050,-1.6653995513916016,-0.4561004638671875,141
20,59,eval_to_deploy,c050,1.5455341339111328,-2.0768909454345703,141
20,59,unpaired_control,c050,-0.487823486328125,-0.4561004638671875,79
21,59,deploy_to_eval,c050,-1.6636791229248047,-0.4561004638671875,141
21,59,eval_to_deploy,c050,1.574951171875,-2.0768909454345703,141
21,59,unpaired_control,c050,-0.4967174530029297,-0.4561004638671875,79
22,59,deploy_to_eval,c050,-1.6592178344726562,-0.4561004638671875,141
22,59,eval_to_deploy,c050,1.574728012084961,-2.0768909454345703,141
22,59,unpaired_control,c050,-0.4980010986328125,-0.4561004638671875,79
23,59,deploy_to_eval,c050,-1.6531028747558594,-0.4561004638671875,141
23,59,eval_to_deploy,c050,1.5620765686035156,-2.0768909454345703,141
23,59,unpaired_control,c050,-0.47943115234375,-0.4561004638671875,79
24,59,deploy_to_eval,c050,-1.634023666381836,-0.4561004638671875,141
24,59,eval_to_deploy,c050,1.5332527160644531,-2.0768909454345703,141
24,59,unpaired_control,c050,-0.46848106384277344,-0.4561004638671875,79
25,59,deploy_to_eval,c050,-1.6367778778076172,-0.4561004638671875,141
25,59,eval_to_deploy,c050,1.536630630493164,-2.0768909454345703,141
25,59,unpaired_control,c050,-0.4924945831298828,-0.4561004638671875,79
26,59,deploy_to_eval,c050,-1.5319328308105469,-0.4561004638671875,141
26,59,eval_to_deploy,c050,1.3493213653564453,-2.0768909454345703,141
26,59,unpaired_control,c050,-0.3566398620605469,-0.4561004638671875,79
27,59,deploy_to_eval,c050,-1.6207904815673828,-0.4561004638671875,141
27,59,eval_to_deploy,c050,1.6207904815673828,-2.0768909454345703,141
27,59,unpaired_control,c050,-0.3815135955810547,-0.4561004638671875,79
