alpha,framing,condition,layer,layer_tag,content_id,belief,delta,kl,entropy
-8.0,eval,d,5,best,c006,0.2396554946899414,-0.06195259094238281,0.023866252973675728,0.6472072005271912
-8.0,eval,d,5,best,c017,0.03221702575683594,0.037415504455566406,0.023866252973675728,0.6472072005271912
-8.0,eval,d,5,best,c039,0.056672096252441406,-0.22937488555908203,0.023866252973675728,0.6472072005271912
-8.0,eval,d,5,best,c036,-0.10002422332763672,-0.2252359390258789,0.023866252973675728,0.6472072005271912
-8.0,eval,d,5,best,c009,-0.2420206069946289,-0.12650680541992188,0.023866252973675728,0.6472072005271912
-8.0,eval,d,5,best,c000,0.12645816802978516,-0.12549400329589844,0.023866252973675728,0.6472072005271912
-8.0,eval,d,5,best,c013,0.29901790618896484,-0.034569740295410156,0.023866252973675728,0.6472072005271912
-8.0,eval,d,5,best,c049,0.13915634155273438,0.022057533264160156,0.023866252973675728,0.6472072005271912
-8.0,eval,d,5,best,c058,0.11513328552246094,-0.06225013732910156,0.023866252973675728,0.6472072005271912
-8.0,eval,d,5,best,c024,0.13901329040527344,-0.17040348052978516,0.023866252973675728,0.6472072005271912
-8.0,eval,d,5,best,c042,0.07519912719726562,-0.1581563949584961,0.023866252973675728,0.6472072005271912
-8.0,eval,d,5,best,c047,0.09703445434570312,-0.20169639587402344,0.023866252973675728,0.6472072005271912
-8.0,eval,d,5,best,c043,0.0058727264404296875,-0.14451217651367188,0.023866252973675728,0.6472072005271912
-8.0,eval,d,5,best,c003,0.14005374908447266,-0.21380901336669922,0.023866252973675728,0.6472072005271912
-8.0,eval,d,5,best,c041,0.024565696716308594,-0.06057929992675781,0.023866252973675728,0.6472072005271912
-8.0,eval,d,5,best,c008,-0.16034317016601562,0.0818929672241211,0.023866252973675728,0.6472072005271912
-8.0,eval,d,5,best,c045,0.3011484146118164,-0.047570228576660156,0.023866252973675728,0.6472072005271912
-8.0,eval,d,5,best,c011,0.0800180435180664,-0.11985301971435547,0.023866252973675728,0.6472072005271912
-8.0,eval,d,5,best,c020,0.30760955810546875,-0.19602584838867188,0.023866252973675728,0.6472072005271912
-8.0,eval,d,5,best,c044,0.0927581787109375,-0.2022085189819336,0.023866252973675728,0.6472072005271912
-8.0,eval,d,5,best,c016,0.052184104919433594,-0.22109222412109375,0.023866252973675728,0.6472072005271912
-8.0,eval,d,5,best,c056,0.18477916717529297,-0.20371532440185547,0.023866252973675728,0.6472072005271912
-8.0,eval,d,5,best,c025,0.10897254943847656,-0.1590862274169922,0.023866252973675728,0.6472072005271912
-8.0,eval,d,5,best,c029,-0.037064552307128906,-0.15057086944580078,0.023866252973675728,0.6472072005271912
-8.0,eval,d,5,best,c014,0.04091358184814453,-0.02519702911376953,0.023866252973675728,0.6472072005271912
-8.0,eval,d,5,best,c002,0.18468856811523438,-0.233795166015625,0.023866252973675728,0.6472072005271912
-8.0,eval,d,5,best,c023,0.09774017333984375,-0.23977088928222656,0.023866252973675728,0.6472072005271912
-8.0,eval,d,5,best,c046,0.1040201187133789,-0.18223190307617188,0.023866252973675728,0.6472072005271912
-8.0,eval,d,5,best,c022,0.07461261749267578,-0.036910057067871094,0.023866252973675728,0.6472072005271912
-8.0,eval,d,5,best,c050,0.22972869873046875,-0.2607545852661133,0.023866252973675728,0.6472072005271912
-8.0,eval,d,5,best,c006,0.2131662368774414,-0.1500091552734375,0.023866252973675728,0.6472072005271912
-8.0,eval,d,5,best,c017,0.3638162612915039,-0.17046546936035156,0.023866252973675728,0.6472072005271912
-8.0,eval,d,5,best,c039,0.011160850524902344,-0.06928634643554688,0.023866252973675728,0.6472072005271912
-8.0,eval,d,5,best,c036,-0.00609588623046875,-0.10950946807861328,0.023866252973675728,0.6472072005271912
-8.0,eval,d,5,best,c009,0.017760276794433594,-0.17662525177001953,0.023866252973675728,0.6472072005271912
-8.0,eval,d,5,best,c000,-0.07193183898925781,-0.28299427032470703,0.023866252973675728,0.6472072005271912
-8.0,eval,d,5,best,c013,-0.09054756164550781,-0.2215595245361328,0.023866252973675728,0.6472072005271912
-8.0,eval,d,5,best,c049,-0.014387130737304688,-0.02129840850830078,0.023866252973675728,0.6472072005271912
-8.0,eval,d,5,best,c058,0.01795482635498047,-0.025934219360351562,0.023866252973675728,0.6472072005271912
-8.0,eval,d,5,best,c024,0.0529327392578125,-0.2124004364013672,0.023866252973675728,0.6472072005271912
-8.0,eval,d,5,best,c042,-0.049831390380859375,-0.18202781677246094,0.023866252973675728,0.6472072005271912
-8.0,eval,d,5,best,c047,0.19939422607421875,-0.12491798400878906,0.023866252973675728,0.6472072005271912
-8.0,eval,d,5,best,c043,-0.01875591278076172,-0.2803030014038086,0.023866252973675728,0.6472072005271912
-8.0,eval,d,5,best,c003,-0.10796642303466797,-0.3177013397216797,0.023866252973675728,0.6472072005271912
-8.0,eval,d,5,best,c041,-0.07674121856689453,-0.27947425842285156,0.023866252973675728,0.6472072005271912
-8.0,eval,d,5,best,c008,0.06951332092285156,-0.06348896026611328,0.023866252973675728,0.6472072005271912
-8.0,eval,d,5,best,c045,-0.01638317108154297,-0.2382354736328125,0.023866252973675728,0.6472072005271912
-8.0,eval,d,5,best,c011,-0.06135749816894531,-0.2210216522216797,0.023866252973675728,0.6472072005271912
-8.0,eval,d,5,best,c020,0.1948528289794922,-0.2522459030151367,0.023866252973675728,0.6472072005271912
-8.0,eval,d,5,best,c044,-0.18711376190185547,-0.1991729736328125,0.023866252973675728,0.6472072005271912
-8.0,eval,d,5,best,c016,0.1615438461303711,-0.18279170989990234,0.023866252973675728,0.6472072005271912
-8.0,eval,d,5,best,c056,-0.024744033813476562,-0.2227611541748047,0.023866252973675728,0.6472072005271912
-8.0,eval,d,5,best,c025,-0.06235313415527344,-0.1999530792236328,0.023866252973675728,0.6472072005271912
-8.0,eval,d,5,best,c029,0.1491537094116211,-0.19571304321289062,0.023866252973675728,0.6472072005271912
-8.0,eval,d,5,best,c014,0.014553070068359375,-0.08157825469970703,0.023866252973675728,0.6472072005271912
-8.0,eval,d,5,best,c002,0.095733642578125,-0.23438167572021484,0.023866252973675728,0.6472072005271912
-8.0,eval,d,5,best,c023,0.3417081832885742,-0.26879405975341797,0.023866252973675728,0.6472072005271912
-8.0,eval,d,5,best,c046,-0.03235054016113281,-0.20426082611083984,0.023866252973675728,0.6472072005271912
-8.0,eval,d,5,best,c022,0.12592411041259766,-0.3182697296142578,0.023866252973675728,0.6472072005271912
-8.0,eval,d,5,best,c050,0.1857318878173828,-0.18691158294677734,0.023866252973675728,0.6472072005271912
-8.0,deploy,d,5,best,c006,-0.189239501953125,-0.21007156372070312,0.00879379641264677,0.5835683345794678
-8.0,deploy,d,5,best,c017,-0.19538497924804688,-0.20035552978515625,0.00879379641264677,0.5835683345794678
-8.0,deploy,d,5,best,c039,-0.3155050277709961,-0.07970619201660156,0.00879379641264677,0.5835683345794678
-8.0,deploy,d,5,best,c036,-0.25999927520751953,-0.24756813049316406,0.00879379641264677,0.5835683345794678
-8.0,deploy,d,5,best,c009,-0.29564857482910156,-0.0803670883178711,0.00879379641264677,0.5835683345794678
-8.0,deploy,d,5,best,c000,-0.22237586975097656,-0.29522228240966797,0.00879379641264677,0.5835683345794678
-8.0,deploy,d,5,best,c013,-0.24252891540527344,-0.22201156616210938,0.00879379641264677,0.5835683345794678
-8.0,deploy,d,5,best,c049,-0.3068103790283203,-0.04293251037597656,0.00879379641264677,0.5835683345794678
-8.0,deploy,d,5,best,c058,-0.10844230651855469,-0.03091144561767578,0.00879379641264677,0.5835683345794678
-8.0,deploy,d,5,best,c024,-0.22859477996826172,-0.2513132095336914,0.00879379641264677,0.5835683345794678
-8.0,deploy,d,5,best,c042,-0.1541156768798828,-0.2280435562133789,0.00879379641264677,0.5835683345794678
-8.0,deploy,d,5,best,c047,-0.31417369842529297,-0.21495437622070312,0.00879379641264677,0.5835683345794678
-8.0,deploy,d,5,best,c043,-0.20200443267822266,-0.1826620101928711,0.00879379641264677,0.5835683345794678
-8.0,deploy,d,5,best,c003,-0.23350048065185547,-0.2526226043701172,0.00879379641264677,0.5835683345794678
-8.0,deploy,d,5,best,c041,-0.14588642120361328,-0.2287607192993164,0.00879379641264677,0.5835683345794678
-8.0,deploy,d,5,best,c008,-0.3686408996582031,0.13672161102294922,0.00879379641264677,0.5835683345794678
-8.0,deploy,d,5,best,c045,-0.0805206298828125,-0.15088844299316406,0.00879379641264677,0.5835683345794678
-8.0,deploy,d,5,best,c011,-0.21770286560058594,-0.246368408203125,0.00879379641264677,0.5835683345794678
-8.0,deploy,d,5,best,c020,-0.15063190460205078,-0.3339052200317383,0.00879379641264677,0.5835683345794678
-8.0,deploy,d,5,best,c044,-0.27465343475341797,-0.2737588882446289,0.00879379641264677,0.5835683345794678
-8.0,deploy,d,5,best,c016,-0.16924285888671875,-0.22220993041992188,0.00879379641264677,0.5835683345794678
-8.0,deploy,d,5,best,c056,-0.17612838745117188,-0.292510986328125,0.00879379641264677,0.5835683345794678
-8.0,deploy,d,5,best,c025,-0.19661617279052734,-0.2825899124145508,0.00879379641264677,0.5835683345794678
-8.0,deploy,d,5,best,c029,-0.1498270034790039,-0.13463115692138672,0.00879379641264677,0.5835683345794678
-8.0,deploy,d,5,best,c014,-0.1476306915283203,-0.1450643539428711,0.00879379641264677,0.5835683345794678
-8.0,deploy,d,5,best,c002,-0.2208690643310547,-0.3117084503173828,0.00879379641264677,0.5835683345794678
-8.0,deploy,d,5,best,c023,-0.25504589080810547,-0.2976646423339844,0.00879379641264677,0.5835683345794678
-8.0,deploy,d,5,best,c046,-0.05194664001464844,-0.2772026062011719,0.00879379641264677,0.5835683345794678
-8.0,deploy,d,5,best,c022,-0.014197349548339844,-0.18517017364501953,0.00879379641264677,0.5835683345794678
-8.0,deploy,d,5,best,c050,-0.09663581848144531,-0.1994924545288086,0.00879379641264677,0.5835683345794678
-8.0,deploy,d,5,best,c006,-0.1255197525024414,-0.1433429718017578,0.00879379641264677,0.5835683345794678
-8.0,deploy,d,5,best,c017,-0.17511558532714844,-0.1532907485961914,0.00879379641264677,0.5835683345794678
-8.0,deploy,d,5,best,c039,-0.2930889129638672,-0.04797077178955078,0.00879379641264677,0.5835683345794678
-8.0,deploy,d,5,best,c036,-0.3065967559814453,-0.24654388427734375,0.00879379641264677,0.5835683345794678
-8.0,deploy,d,5,best,c009,-0.2804288864135742,-0.08945846557617188,0.00879379641264677,0.5835683345794678
-8.0,deploy,d,5,best,c000,-0.11605358123779297,-0.32027626037597656,0.00879379641264677,0.5835683345794678
-8.0,deploy,d,5,best,c013,-0.11030292510986328,-0.13809967041015625,0.00879379641264677,0.5835683345794678
-8.0,deploy,d,5,best,c049,-0.5040569305419922,0.02044200897216797,0.00879379641264677,0.5835683345794678
-8.0,deploy,d,5,best,c058,-0.04197978973388672,-0.0699310302734375,0.00879379641264677,0.5835683345794678
-8.0,deploy,d,5,best,c024,-0.15361309051513672,-0.27562713623046875,0.00879379641264677,0.5835683345794678
-8.0,deploy,d,5,best,c042,-0.26798439025878906,-0.3468799591064453,0.00879379641264677,0.5835683345794678
-8.0,deploy,d,5,best,c047,-0.2737693786621094,-0.18707752227783203,0.00879379641264677,0.5835683345794678
-8.0,deploy,d,5,best,c043,-0.08364200592041016,-0.3155498504638672,0.00879379641264677,0.5835683345794678
-8.0,deploy,d,5,best,c003,-0.1674938201904297,-0.23043441772460938,0.00879379641264677,0.5835683345794678
-8.0,deploy,d,5,best,c041,-0.2943897247314453,-0.09666061401367188,0.00879379641264677,0.5835683345794678
-8.0,deploy,d,5,best,c008,-0.19003677368164062,-0.00775146484375,0.00879379641264677,0.5835683345794678
-8.0,deploy,d,5,best,c045,0.029737472534179688,-0.26497936248779297,0.00879379641264677,0.5835683345794678
-8.0,deploy,d,5,best,c011,-0.20258235931396484,-0.2294597625732422,0.00879379641264677,0.5835683345794678
-8.0,deploy,d,5,best,c020,-0.2170886993408203,-0.3375740051269531,0.00879379641264677,0.5835683345794678
-8.0,deploy,d,5,best,c044,-0.31459903717041016,-0.21629905700683594,0.00879379641264677,0.5835683345794678
-8.0,deploy,d,5,best,c016,-0.06992244720458984,-0.19417858123779297,0.00879379641264677,0.5835683345794678
-8.0,deploy,d,5,best,c056,-0.08886337280273438,-0.23515033721923828,0.00879379641264677,0.5835683345794678
-8.0,deploy,d,5,best,c025,-0.2355480194091797,-0.32537078857421875,0.00879379641264677,0.5835683345794678
-8.0,deploy,d,5,best,c029,-0.26953887939453125,-0.09473514556884766,0.00879379641264677,0.5835683345794678
-8.0,deploy,d,5,best,c014,-0.1709613800048828,-0.028635025024414062,0.00879379641264677,0.5835683345794678
-8.0,deploy,d,5,best,c002,-0.11215400695800781,-0.30919742584228516,0.00879379641264677,0.5835683345794678
-8.0,deploy,d,5,best,c023,-0.22319984436035156,-0.22610759735107422,0.00879379641264677,0.5835683345794678
-8.0,deploy,d,5,best,c046,-0.23593807220458984,-0.24432659149169922,0.00879379641264677,0.5835683345794678
-8.0,deploy,d,5,best,c022,-0.1497335433959961,-0.2601737976074219,0.00879379641264677,0.5835683345794678
-8.0,deploy,d,5,best,c050,-0.11131000518798828,-0.2215261459350586,0.00879379641264677,0.5835683345794678
-8.0,eval,random,5,best,c006,0.07472070058186848,-0.22688738505045575,0.08037816391636927,0.5390583177407583
-8.0,eval,random,5,best,c017,-0.09464772542317708,-0.08944924672444661,0.08037816391636927,0.5390583177407583
-8.0,eval,random,5,best,c039,0.029232025146484375,-0.25681495666503906,0.08037816391636927,0.5390583177407583
-8.0,eval,random,5,best,c036,-0.17142868041992188,-0.29664039611816406,0.08037816391636927,0.5390583177407583
-8.0,eval,random,5,best,c009,-0.16577561696370444,-0.050261815388997405,0.08037816391636927,0.5390583177407583
-8.0,eval,random,5,best,c000,-0.0038067499796549478,-0.25575892130533856,0.08037816391636927,0.5390583177407583
-8.0,eval,random,5,best,c013,0.08365122477213542,-0.24993642171223956,0.08037816391636927,0.5390583177407583
-8.0,eval,random,5,best,c049,-0.06321779886881511,-0.18031660715738934,0.08037816391636927,0.5390583177407583
-8.0,eval,random,5,best,c058,0.07959810892740886,-0.09778531392415364,0.08037816391636927,0.5390583177407583
-8.0,eval,random,5,best,c024,0.01204522450764974,-0.2973715464274089,0.08037816391636927,0.5390583177407583
-8.0,eval,random,5,best,c042,0.0722347895304362,-0.1611207326253255,0.08037816391636927,0.5390583177407583
-8.0,eval,random,5,best,c047,0.11149946848551433,-0.18723138173421222,0.08037816391636927,0.5390583177407583
-8.0,eval,random,5,best,c043,-0.01822217305501302,-0.1686070760091146,0.08037816391636927,0.5390583177407583
-8.0,eval,random,5,best,c003,0.04527473449707031,-0.30858802795410156,0.08037816391636927,0.5390583177407583
-8.0,eval,random,5,best,c041,-0.08156204223632812,-0.16670703887939453,0.08037816391636927,0.5390583177407583
-8.0,eval,random,5,best,c008,-0.29518477121988934,-0.05294863382975262,0.08037816391636927,0.5390583177407583
-8.0,eval,random,5,best,c045,0.09978071848551433,-0.24893792470296222,0.08037816391636927,0.5390583177407583
-8.0,eval,random,5,best,c011,0.016788800557454426,-0.18308226267496744,0.08037816391636927,0.5390583177407583
-8.0,eval,random,5,best,c020,0.21383158365885416,-0.2898038228352865,0.08037816391636927,0.5390583177407583
-8.0,eval,random,5,best,c044,0.0317376454671224,-0.2632290522257487,0.08037816391636927,0.5390583177407583
-8.0,eval,random,5,best,c016,0.10536861419677734,-0.16790771484375,0.08037816391636927,0.5390583177407583
-8.0,eval,random,5,best,c056,0.09734376271565755,-0.2911507288614909,0.08037816391636927,0.5390583177407583
-8.0,eval,random,5,best,c025,-0.0053831736246744795,-0.27344195048014325,0.08037816391636927,0.5390583177407583
-8.0,eval,random,5,best,c029,-0.10830211639404297,-0.22180843353271484,0.08037816391636927,0.5390583177407583
-8.0,eval,random,5,best,c014,-0.03249200185139974,-0.09860261281331381,0.08037816391636927,0.5390583177407583
-8.0,eval,random,5,best,c002,0.12408288319905598,-0.2944008509318034,0.08037816391636927,0.5390583177407583
-8.0,eval,random,5,best,c023,0.02924823760986328,-0.30826282501220703,0.08037816391636927,0.5390583177407583
-8.0,eval,random,5,best,c046,0.0592041015625,-0.22704792022705078,0.08037816391636927,0.5390583177407583
-8.0,eval,random,5,best,c022,-0.0007673899332682291,-0.11229006449381511,0.08037816391636927,0.5390583177407583
-8.0,eval,random,5,best,c050,0.11320209503173828,-0.37728118896484375,0.08037816391636927,0.5390583177407583
-8.0,eval,random,5,best,c006,0.11617628733317058,-0.24699910481770831,0.08037816391636927,0.5390583177407583
-8.0,eval,random,5,best,c017,0.2152093251546224,-0.31907240549723304,0.08037816391636927,0.5390583177407583
-8.0,eval,random,5,best,c039,-0.17478307088216147,-0.2552302678426107,0.08037816391636927,0.5390583177407583
-8.0,eval,random,5,best,c036,-0.05845038096110026,-0.16186396280924478,0.08037816391636927,0.5390583177407583
-8.0,eval,random,5,best,c009,0.04743830362955729,-0.14694722493489584,0.08037816391636927,0.5390583177407583
-8.0,eval,random,5,best,c000,-0.01678021748860677,-0.227842648824056,0.08037816391636927,0.5390583177407583
-8.0,eval,random,5,best,c013,-0.018788973490397137,-0.14980093638102213,0.08037816391636927,0.5390583177407583
-8.0,eval,random,5,best,c049,-0.0096893310546875,-0.016600608825683594,0.08037816391636927,0.5390583177407583
-8.0,eval,random,5,best,c058,-0.052933057149251304,-0.09682210286458334,0.08037816391636927,0.5390583177407583
-8.0,eval,random,5,best,c024,0.08047803243001302,-0.18485514322916669,0.08037816391636927,0.5390583177407583
-8.0,eval,random,5,best,c042,0.04742145538330078,-0.08477497100830078,0.08037816391636927,0.5390583177407583
-8.0,eval,random,5,best,c047,-0.012458165486653646,-0.33677037556966144,0.08037816391636927,0.5390583177407583
-8.0,eval,random,5,best,c043,-0.015076319376627604,-0.2766234079996745,0.08037816391636927,0.5390583177407583
-8.0,eval,random,5,best,c003,0.02338123321533203,-0.1863536834716797,0.08037816391636927,0.5390583177407583
-8.0,eval,random,5,best,c041,0.04347070058186849,-0.15926233927408853,0.08037816391636927,0.5390583177407583
-8.0,eval,random,5,best,c008,-0.187867800394694,-0.3208700815836588,0.08037816391636927,0.5390583177407583
-8.0,eval,random,5,best,c045,0.027736981709798176,-0.19411532084147134,0.08037816391636927,0.5390583177407583
-8.0,eval,random,5,best,c011,-0.013890266418457031,-0.1735544204711914,0.08037816391636927,0.5390583177407583
-8.0,eval,random,5,best,c020,0.17908350626627603,-0.2680152257283529,0.08037816391636927,0.5390583177407583
-8.0,eval,random,5,best,c044,-0.1518700917561849,-0.16392930348714194,0.08037816391636927,0.5390583177407583
-8.0,eval,random,5,best,c016,0.15219720204671225,-0.1921383539835612,0.08037816391636927,0.5390583177407583
-8.0,eval,random,5,best,c056,0.02704620361328125,-0.17097091674804688,0.08037816391636927,0.5390583177407583
-8.0,eval,random,5,best,c025,0.016834259033203125,-0.12076568603515625,0.08037816391636927,0.5390583177407583
-8.0,eval,random,5,best,c029,0.1852884292602539,-0.1595783233642578,0.08037816391636927,0.5390583177407583
-8.0,eval,random,5,best,c014,0.0024906794230143228,-0.09364064534505208,0.08037816391636927,0.5390583177407583
-8.0,eval,random,5,best,c002,-0.022157033284505207,-0.35227235158284503,0.08037816391636927,0.5390583177407583
-8.0,eval,random,5,best,c023,0.15457820892333984,-0.45592403411865234,0.08037816391636927,0.5390583177407583
-8.0,eval,random,5,best,c046,0.005523363749186198,-0.16638692220052084,0.08037816391636927,0.5390583177407583
-8.0,eval,random,5,best,c022,0.1635268529256185,-0.28066698710123694,0.08037816391636927,0.5390583177407583
-8.0,eval,random,5,best,c050,0.15587075551350912,-0.21677271525065103,0.08037816391636927,0.5390583177407583
-6.0,eval,d,5,best,c006,0.24605369567871094,-0.05555438995361328,0.0189442727714777,0.6507413387298584
-6.0,eval,d,5,best,c017,0.029816627502441406,0.035015106201171875,0.0189442727714777,0.6507413387298584
-6.0,eval,d,5,best,c039,0.1160726547241211,-0.16997432708740234,0.0189442727714777,0.6507413387298584
-6.0,eval,d,5,best,c036,-0.07723808288574219,-0.20244979858398438,0.0189442727714777,0.6507413387298584
-6.0,eval,d,5,best,c009,-0.22833538055419922,-0.11282157897949219,0.0189442727714777,0.6507413387298584
-6.0,eval,d,5,best,c000,0.14603233337402344,-0.10591983795166016,0.0189442727714777,0.6507413387298584
-6.0,eval,d,5,best,c013,0.3236227035522461,-0.009964942932128906,0.0189442727714777,0.6507413387298584
-6.0,eval,d,5,best,c049,0.14096450805664062,0.023865699768066406,0.0189442727714777,0.6507413387298584
-6.0,eval,d,5,best,c058,0.12871646881103516,-0.048666954040527344,0.0189442727714777,0.6507413387298584
-6.0,eval,d,5,best,c024,0.16928958892822266,-0.14012718200683594,0.0189442727714777,0.6507413387298584
-6.0,eval,d,5,best,c042,0.10949516296386719,-0.12386035919189453,0.0189442727714777,0.6507413387298584
-6.0,eval,d,5,best,c047,0.14432621002197266,-0.1544046401977539,0.0189442727714777,0.6507413387298584
-6.0,eval,d,5,best,c043,0.03067779541015625,-0.11970710754394531,0.0189442727714777,0.6507413387298584
-6.0,eval,d,5,best,c003,0.19055938720703125,-0.16330337524414062,0.0189442727714777,0.6507413387298584
-6.0,eval,d,5,best,c041,0.021874427795410156,-0.06327056884765625,0.0189442727714777,0.6507413387298584
-6.0,eval,d,5,best,c008,-0.17766380310058594,0.06457233428955078,0.0189442727714777,0.6507413387298584
-6.0,eval,d,5,best,c045,0.31769752502441406,-0.0310211181640625,0.0189442727714777,0.6507413387298584
-6.0,eval,d,5,best,c011,0.11882591247558594,-0.08104515075683594,0.0189442727714777,0.6507413387298584
-6.0,eval,d,5,best,c020,0.36899757385253906,-0.13463783264160156,0.0189442727714777,0.6507413387298584
-6.0,eval,d,5,best,c044,0.1385631561279297,-0.1564035415649414,0.0189442727714777,0.6507413387298584
-6.0,eval,d,5,best,c016,0.10538196563720703,-0.1678943634033203,0.0189442727714777,0.6507413387298584
-6.0,eval,d,5,best,c056,0.23129940032958984,-0.1571950912475586,0.0189442727714777,0.6507413387298584
-6.0,eval,d,5,best,c025,0.14085865020751953,-0.12720012664794922,0.0189442727714777,0.6507413387298584
-6.0,eval,d,5,best,c029,-0.013937950134277344,-0.12744426727294922,0.0189442727714777,0.6507413387298584
-6.0,eval,d,5,best,c014,0.061107635498046875,-0.0050029754638671875,0.0189442727714777,0.6507413387298584
-6.0,eval,d,5,best,c002,0.24487686157226562,-0.17360687255859375,0.0189442727714777,0.6507413387298584
-6.0,eval,d,5,best,c023,0.15521621704101562,-0.1822948455810547,0.0189442727714777,0.6507413387298584
-6.0,eval,d,5,best,c046,0.15958786010742188,-0.1266641616821289,0.0189442727714777,0.6507413387298584
-6.0,eval,d,5,best,c022,0.0959320068359375,-0.015590667724609375,0.0189442727714777,0.6507413387298584
-6.0,eval,d,5,best,c050,0.2867422103881836,-0.20374107360839844,0.0189442727714777,0.6507413387298584
-6.0,eval,d,5,best,c006,0.2527761459350586,-0.11039924621582031,0.0189442727714777,0.6507413387298584
-6.0,eval,d,5,best,c017,0.41748809814453125,-0.11679363250732422,0.0189442727714777,0.6507413387298584
-6.0,eval,d,5,best,c039,0.027909278869628906,-0.05253791809082031,0.0189442727714777,0.6507413387298584
-6.0,eval,d,5,best,c036,0.011759757995605469,-0.09165382385253906,0.0189442727714777,0.6507413387298584
-6.0,eval,d,5,best,c009,0.03998756408691406,-0.15439796447753906,0.0189442727714777,0.6507413387298584
-6.0,eval,d,5,best,c000,-0.012720108032226562,-0.22378253936767578,0.0189442727714777,0.6507413387298584
-6.0,eval,d,5,best,c013,-0.061553955078125,-0.19256591796875,0.0189442727714777,0.6507413387298584
-6.0,eval,d,5,best,c049,-0.010233879089355469,-0.017145156860351562,0.0189442727714777,0.6507413387298584
-6.0,eval,d,5,best,c058,0.008198738098144531,-0.0356903076171875,0.0189442727714777,0.6507413387298584
-6.0,eval,d,5,best,c024,0.10615348815917969,-0.1591796875,0.0189442727714777,0.6507413387298584
-6.0,eval,d,5,best,c042,-0.009360313415527344,-0.1415567398071289,0.0189442727714777,0.6507413387298584
-6.0,eval,d,5,best,c047,0.24558067321777344,-0.07873153686523438,0.0189442727714777,0.6507413387298584
-6.0,eval,d,5,best,c043,0.040557861328125,-0.22098922729492188,0.0189442727714777,0.6507413387298584
-6.0,eval,d,5,best,c003,-0.054073333740234375,-0.2638082504272461,0.0189442727714777,0.6507413387298584
-6.0,eval,d,5,best,c041,-0.03779315948486328,-0.2405261993408203,0.0189442727714777,0.6507413387298584
-6.0,eval,d,5,best,c008,0.08773136138916016,-0.04527091979980469,0.0189442727714777,0.6507413387298584
-6.0,eval,d,5,best,c045,0.028695106506347656,-0.19315719604492188,0.0189442727714777,0.6507413387298584
-6.0,eval,d,5,best,c011,-0.021785736083984375,-0.18144989013671875,0.0189442727714777,0.6507413387298584
-6.0,eval,d,5,best,c020,0.2629709243774414,-0.1841278076171875,0.0189442727714777,0.6507413387298584
-6.0,eval,d,5,best,c044,-0.1466827392578125,-0.15874195098876953,0.0189442727714777,0.6507413387298584
-6.0,eval,d,5,best,c016,0.21669387817382812,-0.1276416778564453,0.0189442727714777,0.6507413387298584
-6.0,eval,d,5,best,c056,0.03057861328125,-0.16743850708007812,0.0189442727714777,0.6507413387298584
-6.0,eval,d,5,best,c025,-0.021413803100585938,-0.1590137481689453,0.0189442727714777,0.6507413387298584
-6.0,eval,d,5,best,c029,0.19168949127197266,-0.15317726135253906,0.0189442727714777,0.6507413387298584
-6.0,eval,d,5,best,c014,0.03259086608886719,-0.06354045867919922,0.0189442727714777,0.6507413387298584
-6.0,eval,d,5,best,c002,0.14246368408203125,-0.1876516342163086,0.0189442727714777,0.6507413387298584
-6.0,eval,d,5,best,c023,0.42267513275146484,-0.18782711029052734,0.0189442727714777,0.6507413387298584
-6.0,eval,d,5,best,c046,-0.006954193115234375,-0.1788644790649414,0.0189442727714777,0.6507413387298584
-6.0,eval,d,5,best,c022,0.18159198760986328,-0.2626018524169922,0.0189442727714777,0.6507413387298584
-6.0,eval,d,5,best,c050,0.23375988006591797,-0.1388835906982422,0.0189442727714777,0.6507413387298584
-6.0,deploy,d,5,best,c006,-0.16682147979736328,-0.1876535415649414,0.0059630475006997585,0.5906286239624023
-6.0,deploy,d,5,best,c017,-0.17531299591064453,-0.1802835464477539,0.0059630475006997585,0.5906286239624023
-6.0,deploy,d,5,best,c039,-0.2943763732910156,-0.058577537536621094,0.0059630475006997585,0.5906286239624023
-6.0,deploy,d,5,best,c036,-0.23868846893310547,-0.22625732421875,0.0059630475006997585,0.5906286239624023
-6.0,deploy,d,5,best,c009,-0.3086509704589844,-0.0933694839477539,0.0059630475006997585,0.5906286239624023
-6.0,deploy,d,5,best,c000,-0.1826772689819336,-0.255523681640625,0.0059630475006997585,0.5906286239624023
-6.0,deploy,d,5,best,c013,-0.2234048843383789,-0.20288753509521484,0.0059630475006997585,0.5906286239624023
-6.0,deploy,d,5,best,c049,-0.30406856536865234,-0.040190696716308594,0.0059630475006997585,0.5906286239624023
-6.0,deploy,d,5,best,c058,-0.10801982879638672,-0.030488967895507812,0.0059630475006997585,0.5906286239624023
-6.0,deploy,d,5,best,c024,-0.20380401611328125,-0.22652244567871094,0.0059630475006997585,0.5906286239624023
-6.0,deploy,d,5,best,c042,-0.11507320404052734,-0.18900108337402344,0.0059630475006997585,0.5906286239624023
-6.0,deploy,d,5,best,c047,-0.29004478454589844,-0.1908254623413086,0.0059630475006997585,0.5906286239624023
-6.0,deploy,d,5,best,c043,-0.17683696746826172,-0.15749454498291016,0.0059630475006997585,0.5906286239624023
-6.0,deploy,d,5,best,c003,-0.201904296875,-0.22102642059326172,0.0059630475006997585,0.5906286239624023
-6.0,deploy,d,5,best,c041,-0.11137962341308594,-0.19425392150878906,0.0059630475006997585,0.5906286239624023
-6.0,deploy,d,5,best,c008,-0.4096708297729492,0.09569168090820312,0.0059630475006997585,0.5906286239624023
-6.0,deploy,d,5,best,c045,-0.06269264221191406,-0.13306045532226562,0.0059630475006997585,0.5906286239624023
-6.0,deploy,d,5,best,c011,-0.1963043212890625,-0.22496986389160156,0.0059630475006997585,0.5906286239624023
-6.0,deploy,d,5,best,c020,-0.09522151947021484,-0.27849483489990234,0.0059630475006997585,0.5906286239624023
-6.0,deploy,d,5,best,c044,-0.23822307586669922,-0.23732852935791016,0.0059630475006997585,0.5906286239624023
-6.0,deploy,d,5,best,c016,-0.1250295639038086,-0.17799663543701172,0.0059630475006997585,0.5906286239624023
-6.0,deploy,d,5,best,c056,-0.12390518188476562,-0.24028778076171875,0.0059630475006997585,0.5906286239624023
-6.0,deploy,d,5,best,c025,-0.13958358764648438,-0.2255573272705078,0.0059630475006997585,0.5906286239624023
-6.0,deploy,d,5,best,c029,-0.12855052947998047,-0.11335468292236328,0.0059630475006997585,0.5906286239624023
-6.0,deploy,d,5,best,c014,-0.12917613983154297,-0.12660980224609375,0.0059630475006997585,0.5906286239624023
-6.0,deploy,d,5,best,c002,-0.17874622344970703,-0.26958560943603516,0.0059630475006997585,0.5906286239624023
-6.0,deploy,d,5,best,c023,-0.20703506469726562,-0.24965381622314453,0.0059630475006997585,0.5906286239624023
-6.0,deploy,d,5,best,c046,-0.0027875900268554688,-0.2280435562133789,0.0059630475006997585,0.5906286239624023
-6.0,deploy,d,5,best,c022,0.024690628051757812,-0.14628219604492188,0.0059630475006997585,0.5906286239624023
-6.0,deploy,d,5,best,c050,-0.08254432678222656,-0.18540096282958984,0.0059630475006997585,0.5906286239624023
-6.0,deploy,d,5,best,c006,-0.1169290542602539,-0.1347522735595703,0.0059630475006997585,0.5906286239624023
-6.0,deploy,d,5,best,c017,-0.1579742431640625,-0.13614940643310547,0.0059630475006997585,0.5906286239624023
-6.0,deploy,d,5,best,c039,-0.29073238372802734,-0.04561424255371094,0.0059630475006997585,0.5906286239624023
-6.0,deploy,d,5,best,c036,-0.28659629821777344,-0.22654342651367188,0.0059630475006997585,0.5906286239624023
-6.0,deploy,d,5,best,c009,-0.2759065628051758,-0.08493614196777344,0.0059630475006997585,0.5906286239624023
-6.0,deploy,d,5,best,c000,-0.07779884338378906,-0.28202152252197266,0.0059630475006997585,0.5906286239624023
-6.0,deploy,d,5,best,c013,-0.1067800521850586,-0.13457679748535156,0.0059630475006997585,0.5906286239624023
-6.0,deploy,d,5,best,c049,-0.5208625793457031,0.0036363601684570312,0.0059630475006997585,0.5906286239624023
-6.0,deploy,d,5,best,c058,-0.046649932861328125,-0.0746011734008789,0.0059630475006997585,0.5906286239624023
-6.0,deploy,d,5,best,c024,-0.11201000213623047,-0.2340240478515625,0.0059630475006997585,0.5906286239624023
-6.0,deploy,d,5,best,c042,-0.21304702758789062,-0.2919425964355469,0.0059630475006997585,0.5906286239624023
-6.0,deploy,d,5,best,c047,-0.25041675567626953,-0.1637248992919922,0.0059630475006997585,0.5906286239624023
-6.0,deploy,d,5,best,c043,-0.03042316436767578,-0.2623310089111328,0.0059630475006997585,0.5906286239624023
-6.0,deploy,d,5,best,c003,-0.13378524780273438,-0.19672584533691406,0.0059630475006997585,0.5906286239624023
-6.0,deploy,d,5,best,c041,-0.2957429885864258,-0.09801387786865234,0.0059630475006997585,0.5906286239624023
-6.0,deploy,d,5,best,c008,-0.20499897003173828,-0.022713661193847656,0.0059630475006997585,0.5906286239624023
-6.0,deploy,d,5,best,c045,0.07064628601074219,-0.22407054901123047,0.0059630475006997585,0.5906286239624023
-6.0,deploy,d,5,best,c011,-0.17134380340576172,-0.19822120666503906,0.0059630475006997585,0.5906286239624023
-6.0,deploy,d,5,best,c020,-0.15790748596191406,-0.2783927917480469,0.0059630475006997585,0.5906286239624023
-6.0,deploy,d,5,best,c044,-0.2897367477416992,-0.191436767578125,0.0059630475006997585,0.5906286239624023
-6.0,deploy,d,5,best,c016,-0.03637409210205078,-0.1606302261352539,0.0059630475006997585,0.5906286239624023
-6.0,deploy,d,5,best,c056,-0.05861663818359375,-0.20490360260009766,0.0059630475006997585,0.5906286239624023
-6.0,deploy,d,5,best,c025,-0.17309188842773438,-0.26291465759277344,0.0059630475006997585,0.5906286239624023
-6.0,deploy,d,5,best,c029,-0.26265811920166016,-0.08785438537597656,0.0059630475006997585,0.5906286239624023
-6.0,deploy,d,5,best,c014,-0.19022750854492188,-0.047901153564453125,0.0059630475006997585,0.5906286239624023
-6.0,deploy,d,5,best,c002,-0.07430553436279297,-0.2713489532470703,0.0059630475006997585,0.5906286239624023
-6.0,deploy,d,5,best,c023,-0.19926071166992188,-0.20216846466064453,0.0059630475006997585,0.5906286239624023
-6.0,deploy,d,5,best,c046,-0.20502662658691406,-0.21341514587402344,0.0059630475006997585,0.5906286239624023
-6.0,deploy,d,5,best,c022,-0.10988998413085938,-0.22033023834228516,0.0059630475006997585,0.5906286239624023
-6.0,deploy,d,5,best,c050,-0.0904550552368164,-0.20067119598388672,0.0059630475006997585,0.5906286239624023
-6.0,eval,random,5,best,c006,0.14076932271321616,-0.16083876291910806,0.0485576333788534,0.5630516608556112
-6.0,eval,random,5,best,c017,-0.06280072530110677,-0.0576022466023763,0.0485576333788534,0.5630516608556112
-6.0,eval,random,5,best,c039,0.10063425699869792,-0.1854127248128255,0.0485576333788534,0.5630516608556112
-6.0,eval,random,5,best,c036,-0.09247080485026042,-0.21768252054850262,0.0485576333788534,0.5630516608556112
-6.0,eval,random,5,best,c009,-0.16016070048014322,-0.04464689890543619,0.0485576333788534,0.5630516608556112
-6.0,eval,random,5,best,c000,0.07690779368082683,-0.17504437764485675,0.0485576333788534,0.5630516608556112
-6.0,eval,random,5,best,c013,0.1664438247680664,-0.1671438217163086,0.0485576333788534,0.5630516608556112
-6.0,eval,random,5,best,c049,-0.03041235605875651,-0.14751116434733072,0.0485576333788534,0.5630516608556112
-6.0,eval,random,5,best,c058,0.10960674285888672,-0.06777667999267578,0.0485576333788534,0.5630516608556112
-6.0,eval,random,5,best,c024,0.10136763254801433,-0.20804913838704425,0.0485576333788534,0.5630516608556112
-6.0,eval,random,5,best,c042,0.1162869135538737,-0.11706860860188802,0.0485576333788534,0.5630516608556112
-6.0,eval,random,5,best,c047,0.16853872934977213,-0.13019212086995444,0.0485576333788534,0.5630516608556112
-6.0,eval,random,5,best,c043,0.03169600168863932,-0.11868890126546225,0.0485576333788534,0.5630516608556112
-6.0,eval,random,5,best,c003,0.12819417317708334,-0.22566858927408853,0.0485576333788534,0.5630516608556112
-6.0,eval,random,5,best,c041,-0.03296661376953125,-0.11811161041259766,0.0485576333788534,0.5630516608556112
-6.0,eval,random,5,best,c008,-0.2770150502522786,-0.03477891286214191,0.0485576333788534,0.5630516608556112
-6.0,eval,random,5,best,c045,0.17170333862304688,-0.1770153045654297,0.0485576333788534,0.5630516608556112
-6.0,eval,random,5,best,c011,0.07343133290608723,-0.12643973032633465,0.0485576333788534,0.5630516608556112
-6.0,eval,random,5,best,c020,0.3018776575724284,-0.20175774892171222,0.0485576333788534,0.5630516608556112
-6.0,eval,random,5,best,c044,0.10344505310058594,-0.19152164459228516,0.0485576333788534,0.5630516608556112
-6.0,eval,random,5,best,c016,0.1521123250325521,-0.12116400400797525,0.0485576333788534,0.5630516608556112
-6.0,eval,random,5,best,c056,0.17090415954589844,-0.21759033203125,0.0485576333788534,0.5630516608556112
-6.0,eval,random,5,best,c025,0.07933298746744792,-0.18872578938802081,0.0485576333788534,0.5630516608556112
-6.0,eval,random,5,best,c029,-0.07306067148844402,-0.1865669886271159,0.0485576333788534,0.5630516608556112
-6.0,eval,random,5,best,c014,0.009294509887695312,-0.05681610107421875,0.0485576333788534,0.5630516608556112
-6.0,eval,random,5,best,c002,0.21051661173502603,-0.20796712239583334,0.0485576333788534,0.5630516608556112
-6.0,eval,random,5,best,c023,0.11301994323730469,-0.22449111938476562,0.0485576333788534,0.5630516608556112
-6.0,eval,random,5,best,c046,0.12482738494873047,-0.1614246368408203,0.0485576333788534,0.5630516608556112
-6.0,eval,random,5,best,c022,0.04648240407307943,-0.06504027048746744,0.0485576333788534,0.5630516608556112
-6.0,eval,random,5,best,c050,0.21507549285888672,-0.2754077911376953,0.0485576333788534,0.5630516608556112
-6.0,eval,random,5,best,c006,0.1877142588297526,-0.1754611333211263,0.0485576333788534,0.5630516608556112
-6.0,eval,random,5,best,c017,0.3066336313883464,-0.2276480992635091,0.0485576333788534,0.5630516608556112
-6.0,eval,random,5,best,c039,-0.12367757161458333,-0.20412476857503253,0.0485576333788534,0.5630516608556112
-6.0,eval,random,5,best,c036,-0.01226965586344401,-0.11568323771158855,0.0485576333788534,0.5630516608556112
-6.0,eval,random,5,best,c009,0.0761728286743164,-0.11821269989013672,0.0485576333788534,0.5630516608556112
-6.0,eval,random,5,best,c000,0.05126063028971354,-0.1598018010457357,0.0485576333788534,0.5630516608556112
-6.0,eval,random,5,best,c013,0.0343017578125,-0.096710205078125,0.0485576333788534,0.5630516608556112
-6.0,eval,random,5,best,c049,-0.009594281514485678,-0.016505559285481773,0.0485576333788534,0.5630516608556112
-6.0,eval,random,5,best,c058,-0.03418382008870443,-0.07807286580403647,0.0485576333788534,0.5630516608556112
-6.0,eval,random,5,best,c024,0.1363353729248047,-0.128997802734375,0.0485576333788534,0.5630516608556112
-6.0,eval,random,5,best,c042,0.07488536834716797,-0.057311058044433594,0.0485576333788534,0.5630516608556112
-6.0,eval,random,5,best,c047,0.059418678283691406,-0.2648935317993164,0.0485576333788534,0.5630516608556112
-6.0,eval,random,5,best,c043,0.05184110005696615,-0.20970598856608072,0.0485576333788534,0.5630516608556112
-6.0,eval,random,5,best,c003,0.08382066090901692,-0.1259142557779948,0.0485576333788534,0.5630516608556112
-6.0,eval,random,5,best,c041,0.08516279856363933,-0.1175702412923177,0.0485576333788534,0.5630516608556112
-6.0,eval,random,5,best,c008,-0.10641193389892578,-0.23941421508789062,0.0485576333788534,0.5630516608556112
-6.0,eval,random,5,best,c045,0.08587328592936198,-0.13597901662190753,0.0485576333788534,0.5630516608556112
-6.0,eval,random,5,best,c011,0.04779624938964844,-0.11186790466308594,0.0485576333788534,0.5630516608556112
-6.0,eval,random,5,best,c020,0.2571830749511719,-0.18991565704345703,0.0485576333788534,0.5630516608556112
-6.0,eval,random,5,best,c044,-0.10534954071044922,-0.11740875244140625,0.0485576333788534,0.5630516608556112
-6.0,eval,random,5,best,c016,0.2104619344075521,-0.13387362162272134,0.0485576333788534,0.5630516608556112
-6.0,eval,random,5,best,c056,0.07378292083740234,-0.12423419952392578,0.0485576333788534,0.5630516608556112
-6.0,eval,random,5,best,c025,0.06385962168375652,-0.07374032338460286,0.0485576333788534,0.5630516608556112
-6.0,eval,random,5,best,c029,0.23475964864095053,-0.11010710398356119,0.0485576333788534,0.5630516608556112
-6.0,eval,random,5,best,c014,0.035985310872395836,-0.06014601389567057,0.0485576333788534,0.5630516608556112
-6.0,eval,random,5,best,c002,0.07249832153320312,-0.2576169967651367,0.0485576333788534,0.5630516608556112
-6.0,eval,random,5,best,c023,0.26937389373779297,-0.3411283493041992,0.0485576333788534,0.5630516608556112
-6.0,eval,random,5,best,c046,0.04389667510986328,-0.12801361083984375,0.0485576333788534,0.5630516608556112
-6.0,eval,random,5,best,c022,0.2376397450764974,-0.20655409495035806,0.0485576333788534,0.5630516608556112
-6.0,eval,random,5,best,c050,0.2167056401570638,-0.15593783060709634,0.0485576333788534,0.5630516608556112
-4.0,eval,d,5,best,c006,0.2671651840209961,-0.034442901611328125,0.01222504023462534,0.6473643183708191
-4.0,eval,d,5,best,c017,0.02782726287841797,0.03302574157714844,0.01222504023462534,0.6473643183708191
-4.0,eval,d,5,best,c039,0.1811819076538086,-0.10486507415771484,0.01222504023462534,0.6473643183708191
-4.0,eval,d,5,best,c036,-0.024469375610351562,-0.14968109130859375,0.01222504023462534,0.6473643183708191
-4.0,eval,d,5,best,c009,-0.20267295837402344,-0.0871591567993164,0.01222504023462534,0.6473643183708191
-4.0,eval,d,5,best,c000,0.18732738494873047,-0.06462478637695312,0.01222504023462534,0.6473643183708191
-4.0,eval,d,5,best,c013,0.34534645080566406,0.011758804321289062,0.01222504023462534,0.6473643183708191
-4.0,eval,d,5,best,c049,0.1419534683227539,0.024854660034179688,0.01222504023462534,0.6473643183708191
-4.0,eval,d,5,best,c058,0.1453695297241211,-0.032013893127441406,0.01222504023462534,0.6473643183708191
-4.0,eval,d,5,best,c024,0.21219730377197266,-0.09721946716308594,0.01222504023462534,0.6473643183708191
-4.0,eval,d,5,best,c042,0.15126323699951172,-0.08209228515625,0.01222504023462534,0.6473643183708191
-4.0,eval,d,5,best,c047,0.19525527954101562,-0.10347557067871094,0.01222504023462534,0.6473643183708191
-4.0,eval,d,5,best,c043,0.061226844787597656,-0.0891580581665039,0.01222504023462534,0.6473643183708191
-4.0,eval,d,5,best,c003,0.2565641403198242,-0.09729862213134766,0.01222504023462534,0.6473643183708191
-4.0,eval,d,5,best,c041,0.04021644592285156,-0.044928550720214844,0.01222504023462534,0.6473643183708191
-4.0,eval,d,5,best,c008,-0.1996612548828125,0.04257488250732422,0.01222504023462534,0.6473643183708191
-4.0,eval,d,5,best,c045,0.3401021957397461,-0.008616447448730469,0.01222504023462534,0.6473643183708191
-4.0,eval,d,5,best,c011,0.16779232025146484,-0.03207874298095703,0.01222504023462534,0.6473643183708191
-4.0,eval,d,5,best,c020,0.4367198944091797,-0.06691551208496094,0.01222504023462534,0.6473643183708191
-4.0,eval,d,5,best,c044,0.1962442398071289,-0.09872245788574219,0.01222504023462534,0.6473643183708191
-4.0,eval,d,5,best,c016,0.17493915557861328,-0.09833717346191406,0.01222504023462534,0.6473643183708191
-4.0,eval,d,5,best,c056,0.288848876953125,-0.09964561462402344,0.01222504023462534,0.6473643183708191
-4.0,eval,d,5,best,c025,0.18488597869873047,-0.08317279815673828,0.01222504023462534,0.6473643183708191
-4.0,eval,d,5,best,c029,0.018995285034179688,-0.09451103210449219,0.01222504023462534,0.6473643183708191
-4.0,eval,d,5,best,c014,0.07972431182861328,0.013613700866699219,0.01222504023462534,0.6473643183708191
-4.0,eval,d,5,best,c002,0.3113727569580078,-0.10711097717285156,0.01222504023462534,0.6473643183708191
-4.0,eval,d,5,best,c023,0.22738170623779297,-0.11012935638427734,0.01222504023462534,0.6473643183708191
-4.0,eval,d,5,best,c046,0.2185344696044922,-0.0677175521850586,0.01222504023462534,0.6473643183708191
-4.0,eval,d,5,best,c022,0.11773395538330078,0.006211280822753906,0.01222504023462534,0.6473643183708191
-4.0,eval,d,5,best,c050,0.35770606994628906,-0.13277721405029297,0.01222504023462534,0.6473643183708191
-4.0,eval,d,5,best,c006,0.29723548889160156,-0.06593990325927734,0.01222504023462534,0.6473643183708191
-4.0,eval,d,5,best,c017,0.46506309509277344,-0.06921863555908203,0.01222504023462534,0.6473643183708191
-4.0,eval,d,5,best,c039,0.04874706268310547,-0.03170013427734375,0.01222504023462534,0.6473643183708191
-4.0,eval,d,5,best,c036,0.040925025939941406,-0.062488555908203125,0.01222504023462534,0.6473643183708191
-4.0,eval,d,5,best,c009,0.07934093475341797,-0.11504459381103516,0.01222504023462534,0.6473643183708191
-4.0,eval,d,5,best,c000,0.07154273986816406,-0.13951969146728516,0.01222504023462534,0.6473643183708191
-4.0,eval,d,5,best,c013,-0.0015134811401367188,-0.13252544403076172,0.01222504023462534,0.6473643183708191
-4.0,eval,d,5,best,c049,-0.005175590515136719,-0.012086868286132812,0.01222504023462534,0.6473643183708191
-4.0,eval,d,5,best,c058,0.012038230895996094,-0.03185081481933594,0.01222504023462534,0.6473643183708191
-4.0,eval,d,5,best,c024,0.16761207580566406,-0.09772109985351562,0.01222504023462534,0.6473643183708191
-4.0,eval,d,5,best,c042,0.041222572326660156,-0.0909738540649414,0.01222504023462534,0.6473643183708191
-4.0,eval,d,5,best,c047,0.28664302825927734,-0.03766918182373047,0.01222504023462534,0.6473643183708191
-4.0,eval,d,5,best,c043,0.11551189422607422,-0.14603519439697266,0.01222504023462534,0.6473643183708191
-4.0,eval,d,5,best,c003,0.02957630157470703,-0.1801586151123047,0.01222504023462534,0.6473643183708191
-4.0,eval,d,5,best,c041,0.03607177734375,-0.16666126251220703,0.01222504023462534,0.6473643183708191
-4.0,eval,d,5,best,c008,0.10116958618164062,-0.03183269500732422,0.01222504023462534,0.6473643183708191
-4.0,eval,d,5,best,c045,0.09772586822509766,-0.12412643432617188,0.01222504023462534,0.6473643183708191
-4.0,eval,d,5,best,c011,0.04128742218017578,-0.1183767318725586,0.01222504023462534,0.6473643183708191
-4.0,eval,d,5,best,c020,0.3366537094116211,-0.11044502258300781,0.01222504023462534,0.6473643183708191
-4.0,eval,d,5,best,c044,-0.09238910675048828,-0.10444831848144531,0.01222504023462534,0.6473643183708191
-4.0,eval,d,5,best,c016,0.27440452575683594,-0.0699310302734375,0.01222504023462534,0.6473643183708191
-4.0,eval,d,5,best,c056,0.09741592407226562,-0.1006011962890625,0.01222504023462534,0.6473643183708191
-4.0,eval,d,5,best,c025,0.03502368927001953,-0.10257625579833984,0.01222504023462534,0.6473643183708191
-4.0,eval,d,5,best,c029,0.24109935760498047,-0.10376739501953125,0.01222504023462534,0.6473643183708191
-4.0,eval,d,5,best,c014,0.06216907501220703,-0.033962249755859375,0.01222504023462534,0.6473643183708191
-4.0,eval,d,5,best,c002,0.21002197265625,-0.12009334564208984,0.01222504023462534,0.6473643183708191
-4.0,eval,d,5,best,c023,0.5053043365478516,-0.10519790649414062,0.01222504023462534,0.6473643183708191
-4.0,eval,d,5,best,c046,0.039137840270996094,-0.13277244567871094,0.01222504023462534,0.6473643183708191
-4.0,eval,d,5,best,c022,0.2618274688720703,-0.18236637115478516,0.01222504023462534,0.6473643183708191
-4.0,eval,d,5,best,c050,0.2865610122680664,-0.08608245849609375,0.01222504023462534,0.6473643183708191
-4.0,deploy,d,5,best,c006,-0.11640453338623047,-0.1372365951538086,0.003535840893164277,0.5930165648460388
-4.0,deploy,d,5,best,c017,-0.13092803955078125,-0.13589859008789062,0.003535840893164277,0.5930165648460388
-4.0,deploy,d,5,best,c039,-0.2727241516113281,-0.036925315856933594,0.003535840893164277,0.5930165648460388
-4.0,deploy,d,5,best,c036,-0.1825704574584961,-0.17013931274414062,0.003535840893164277,0.5930165648460388
-4.0,deploy,d,5,best,c009,-0.30423641204833984,-0.08895492553710938,0.003535840893164277,0.5930165648460388
-4.0,deploy,d,5,best,c000,-0.10855484008789062,-0.18140125274658203,0.003535840893164277,0.5930165648460388
-4.0,deploy,d,5,best,c013,-0.17115402221679688,-0.1506366729736328,0.003535840893164277,0.5930165648460388
-4.0,deploy,d,5,best,c049,-0.2992839813232422,-0.03540611267089844,0.003535840893164277,0.5930165648460388
-4.0,deploy,d,5,best,c058,-0.1011199951171875,-0.023589134216308594,0.003535840893164277,0.5930165648460388
-4.0,deploy,d,5,best,c024,-0.14544296264648438,-0.16816139221191406,0.003535840893164277,0.5930165648460388
-4.0,deploy,d,5,best,c042,-0.06031036376953125,-0.13423824310302734,0.003535840893164277,0.5930165648460388
-4.0,deploy,d,5,best,c047,-0.24092388153076172,-0.14170455932617188,0.003535840893164277,0.5930165648460388
-4.0,deploy,d,5,best,c043,-0.13544940948486328,-0.11610698699951172,0.003535840893164277,0.5930165648460388
-4.0,deploy,d,5,best,c003,-0.14306926727294922,-0.16219139099121094,0.003535840893164277,0.5930165648460388
-4.0,deploy,d,5,best,c041,-0.055581092834472656,-0.13845539093017578,0.003535840893164277,0.5930165648460388
-4.0,deploy,d,5,best,c008,-0.4321613311767578,0.07320117950439453,0.003535840893164277,0.5930165648460388
-4.0,deploy,d,5,best,c045,-0.02697467803955078,-0.09734249114990234,0.003535840893164277,0.5930165648460388
-4.0,deploy,d,5,best,c011,-0.13995838165283203,-0.1686239242553711,0.003535840893164277,0.5930165648460388
-4.0,deploy,d,5,best,c020,-0.01006317138671875,-0.19333648681640625,0.003535840893164277,0.5930165648460388
-4.0,deploy,d,5,best,c044,-0.1771993637084961,-0.17630481719970703,0.003535840893164277,0.5930165648460388
-4.0,deploy,d,5,best,c016,-0.06090068817138672,-0.11386775970458984,0.003535840893164277,0.5930165648460388
-4.0,deploy,d,5,best,c056,-0.04866313934326172,-0.16504573822021484,0.003535840893164277,0.5930165648460388
-4.0,deploy,d,5,best,c025,-0.06070518493652344,-0.14667892456054688,0.003535840893164277,0.5930165648460388
-4.0,deploy,d,5,best,c029,-0.09870433807373047,-0.08350849151611328,0.003535840893164277,0.5930165648460388
-4.0,deploy,d,5,best,c014,-0.0911111831665039,-0.08854484558105469,0.003535840893164277,0.5930165648460388
-4.0,deploy,d,5,best,c002,-0.10124874114990234,-0.19208812713623047,0.003535840893164277,0.5930165648460388
-4.0,deploy,d,5,best,c023,-0.1305227279663086,-0.1731414794921875,0.003535840893164277,0.5930165648460388
-4.0,deploy,d,5,best,c046,0.064788818359375,-0.16046714782714844,0.003535840893164277,0.5930165648460388
-4.0,deploy,d,5,best,c022,0.0786886215209961,-0.0922842025756836,0.003535840893164277,0.5930165648460388
-4.0,deploy,d,5,best,c050,-0.03850364685058594,-0.14136028289794922,0.003535840893164277,0.5930165648460388
-4.0,deploy,d,5,best,c006,-0.0872812271118164,-0.10510444641113281,0.003535840893164277,0.5930165648460388
-4.0,deploy,d,5,best,c017,-0.11866283416748047,-0.09683799743652344,0.003535840893164277,0.5930165648460388
-4.0,deploy,d,5,best,c039,-0.28032588958740234,-0.03520774841308594,0.003535840893164277,0.5930165648460388
-4.0,deploy,d,5,best,c036,-0.22836017608642578,-0.16830730438232422,0.003535840893164277,0.5930165648460388
-4.0,deploy,d,5,best,c009,-0.26230525970458984,-0.0713348388671875,0.003535840893164277,0.5930165648460388
-4.0,deploy,d,5,best,c000,0.0013294219970703125,-0.20289325714111328,0.003535840893164277,0.5930165648460388
-4.0,deploy,d,5,best,c013,-0.07344532012939453,-0.1012420654296875,0.003535840893164277,0.5930165648460388
-4.0,deploy,d,5,best,c049,-0.5317554473876953,-0.007256507873535156,0.003535840893164277,0.5930165648460388
-4.0,deploy,d,5,best,c058,-0.03273963928222656,-0.060690879821777344,0.003535840893164277,0.5930165648460388
-4.0,deploy,d,5,best,c024,-0.04272174835205078,-0.1647357940673828,0.003535840893164277,0.5930165648460388
-4.0,deploy,d,5,best,c042,-0.1313648223876953,-0.21026039123535156,0.003535840893164277,0.5930165648460388
-4.0,deploy,d,5,best,c047,-0.2071514129638672,-0.12045955657958984,0.003535840893164277,0.5930165648460388
-4.0,deploy,d,5,best,c043,0.042580604553222656,-0.18932723999023438,0.003535840893164277,0.5930165648460388
-4.0,deploy,d,5,best,c003,-0.07851791381835938,-0.14145851135253906,0.003535840893164277,0.5930165648460388
-4.0,deploy,d,5,best,c041,-0.2724485397338867,-0.07471942901611328,0.003535840893164277,0.5930165648460388
-4.0,deploy,d,5,best,c008,-0.21055316925048828,-0.028267860412597656,0.003535840893164277,0.5930165648460388
-4.0,deploy,d,5,best,c045,0.13466358184814453,-0.16005325317382812,0.003535840893164277,0.5930165648460388
-4.0,deploy,d,5,best,c011,-0.11340904235839844,-0.14028644561767578,0.003535840893164277,0.5930165648460388
-4.0,deploy,d,5,best,c020,-0.06757926940917969,-0.1880645751953125,0.003535840893164277,0.5930165648460388
-4.0,deploy,d,5,best,c044,-0.24271011352539062,-0.1444101333618164,0.003535840893164277,0.5930165648460388
-4.0,deploy,d,5,best,c016,0.01756000518798828,-0.10669612884521484,0.003535840893164277,0.5930165648460388
-4.0,deploy,d,5,best,c056,-0.0008211135864257812,-0.1471080780029297,0.003535840893164277,0.5930165648460388
-4.0,deploy,d,5,best,c025,-0.08171367645263672,-0.17153644561767578,0.003535840893164277,0.5930165648460388
-4.0,deploy,d,5,best,c029,-0.2430095672607422,-0.0682058334350586,0.003535840893164277,0.5930165648460388
-4.0,deploy,d,5,best,c014,-0.1904458999633789,-0.048119544982910156,0.003535840893164277,0.5930165648460388
-4.0,deploy,d,5,best,c002,0.0008087158203125,-0.19623470306396484,0.003535840893164277,0.5930165648460388
-4.0,deploy,d,5,best,c023,-0.14829254150390625,-0.1512002944946289,0.003535840893164277,0.5930165648460388
-4.0,deploy,d,5,best,c046,-0.14658737182617188,-0.15497589111328125,0.003535840893164277,0.5930165648460388
-4.0,deploy,d,5,best,c022,-0.04622840881347656,-0.15666866302490234,0.003535840893164277,0.5930165648460388
-4.0,deploy,d,5,best,c050,-0.04244518280029297,-0.15266132354736328,0.003535840893164277,0.5930165648460388
-4.0,eval,random,5,best,c006,0.20115280151367188,-0.10045528411865234,0.02361133593755464,0.5841583609580994
-4.0,eval,random,5,best,c017,-0.035019238789876304,-0.029820760091145836,0.02361133593755464,0.5841583609580994
-4.0,eval,random,5,best,c039,0.17453702290852866,-0.11150995890299478,0.02361133593755464,0.5841583609580994
-4.0,eval,random,5,best,c036,-0.01507568359375,-0.1402873992919922,0.02361133593755464,0.5841583609580994
-4.0,eval,random,5,best,c009,-0.14762560526529947,-0.03211180369059244,0.02361133593755464,0.5841583609580994
-4.0,eval,random,5,best,c000,0.15007781982421875,-0.10187435150146484,0.02361133593755464,0.5841583609580994
-4.0,eval,random,5,best,c013,0.24079608917236328,-0.09279155731201172,0.02361133593755464,0.5841583609580994
-4.0,eval,random,5,best,c049,0.013662020365397135,-0.10343678792317708,0.02361133593755464,0.5841583609580994
-4.0,eval,random,5,best,c058,0.13616243998209634,-0.041220982869466155,0.02361133593755464,0.5841583609580994
-4.0,eval,random,5,best,c024,0.18641885121663412,-0.12299791971842447,0.02361133593755464,0.5841583609580994
-4.0,eval,random,5,best,c042,0.15888690948486328,-0.07446861267089844,0.02361133593755464,0.5841583609580994
-4.0,eval,random,5,best,c047,0.22074413299560547,-0.0779867172241211,0.02361133593755464,0.5841583609580994
-4.0,eval,random,5,best,c043,0.07676855723063152,-0.07361634572347005,0.02361133593755464,0.5841583609580994
-4.0,eval,random,5,best,c003,0.2109823226928711,-0.14288043975830078,0.02361133593755464,0.5841583609580994
-4.0,eval,random,5,best,c041,0.012391090393066406,-0.07275390625,0.02361133593755464,0.5841583609580994
-4.0,eval,random,5,best,c008,-0.2577158610026042,-0.015479723612467466,0.02361133593755464,0.5841583609580994
-4.0,eval,random,5,best,c045,0.23956680297851562,-0.10915184020996094,0.02361133593755464,0.5841583609580994
-4.0,eval,random,5,best,c011,0.12839508056640625,-0.07147598266601562,0.02361133593755464,0.5841583609580994
-4.0,eval,random,5,best,c020,0.3837579091389974,-0.11987749735514325,0.02361133593755464,0.5841583609580994
-4.0,eval,random,5,best,c044,0.1743783950805664,-0.12058830261230469,0.02361133593755464,0.5841583609580994
-4.0,eval,random,5,best,c016,0.19793001810709634,-0.075346310933431,0.02361133593755464,0.5841583609580994
-4.0,eval,random,5,best,c056,0.24527359008789062,-0.1432209014892578,0.02361133593755464,0.5841583609580994
-4.0,eval,random,5,best,c025,0.15750439961751303,-0.11055437723795572,0.02361133593755464,0.5841583609580994
-4.0,eval,random,5,best,c029,-0.02056121826171875,-0.13406753540039062,0.02361133593755464,0.5841583609580994
-4.0,eval,random,5,best,c014,0.03993860880533854,-0.026172002156575523,0.02361133593755464,0.5841583609580994
-4.0,eval,random,5,best,c002,0.29228973388671875,-0.12619400024414062,0.02361133593755464,0.5841583609580994
-4.0,eval,random,5,best,c023,0.19377517700195312,-0.1437358856201172,0.02361133593755464,0.5841583609580994
-4.0,eval,random,5,best,c046,0.1876214345296224,-0.09863058725992838,0.02361133593755464,0.5841583609580994
-4.0,eval,random,5,best,c022,0.08319568634033203,-0.028326988220214844,0.02361133593755464,0.5841583609580994
-4.0,eval,random,5,best,c050,0.3143291473388672,-0.17615413665771484,0.02361133593755464,0.5841583609580994
-4.0,eval,random,5,best,c006,0.25472291310628253,-0.10845247904459637,0.02361133593755464,0.5841583609580994
-4.0,eval,random,5,best,c017,0.3969577153523763,-0.13732401529947919,0.02361133593755464,0.5841583609580994
-4.0,eval,random,5,best,c039,-0.057418505350748696,-0.1378657023111979,0.02361133593755464,0.5841583609580994
-4.0,eval,random,5,best,c036,0.030045509338378906,-0.07336807250976562,0.02361133593755464,0.5841583609580994
-4.0,eval,random,5,best,c009,0.11527792612711589,-0.07910760243733723,0.02361133593755464,0.5841583609580994
-4.0,eval,random,5,best,c000,0.11719544728597005,-0.09386698404947917,0.02361133593755464,0.5841583609580994
-4.0,eval,random,5,best,c013,0.08017476399739583,-0.05083719889322917,0.02361133593755464,0.5841583609580994
-4.0,eval,random,5,best,c049,-0.010288556416829428,-0.017199834187825523,0.02361133593755464,0.5841583609580994
-4.0,eval,random,5,best,c058,-0.00960540771484375,-0.05349445343017578,0.02361133593755464,0.5841583609580994
-4.0,eval,random,5,best,c024,0.18701934814453125,-0.07831382751464844,0.02361133593755464,0.5841583609580994
-4.0,eval,random,5,best,c042,0.09859339396158855,-0.033603032430013016,0.02361133593755464,0.5841583609580994
-4.0,eval,random,5,best,c047,0.14315350850423178,-0.18115870157877603,0.02361133593755464,0.5841583609580994
-4.0,eval,random,5,best,c043,0.12163035074869792,-0.13991673787434894,0.02361133593755464,0.5841583609580994
-4.0,eval,random,5,best,c003,0.1380634307861328,-0.0716714859008789,0.02361133593755464,0.5841583609580994
-4.0,eval,random,5,best,c041,0.12775802612304688,-0.07497501373291016,0.02361133593755464,0.5841583609580994
-4.0,eval,random,5,best,c008,-0.01642576853434245,-0.14942804972330728,0.02361133593755464,0.5841583609580994
-4.0,eval,random,5,best,c045,0.14055283864339194,-0.0812994639078776,0.02361133593755464,0.5841583609580994
-4.0,eval,random,5,best,c011,0.10135777791341145,-0.05830637613932292,0.02361133593755464,0.5841583609580994
-4.0,eval,random,5,best,c020,0.33032989501953125,-0.11676883697509766,0.02361133593755464,0.5841583609580994
-4.0,eval,random,5,best,c044,-0.0565948486328125,-0.06865406036376953,0.02361133593755464,0.5841583609580994
-4.0,eval,random,5,best,c016,0.26421642303466797,-0.08011913299560547,0.02361133593755464,0.5841583609580994
-4.0,eval,random,5,best,c056,0.11849753061930339,-0.07951958974202473,0.02361133593755464,0.5841583609580994
-4.0,eval,random,5,best,c025,0.10235118865966797,-0.035248756408691406,0.02361133593755464,0.5841583609580994
-4.0,eval,random,5,best,c029,0.2819175720214844,-0.06294918060302734,0.02361133593755464,0.5841583609580994
-4.0,eval,random,5,best,c014,0.06390539805094402,-0.03222592671712239,0.02361133593755464,0.5841583609580994
-4.0,eval,random,5,best,c002,0.16759300231933594,-0.1625223159790039,0.02361133593755464,0.5841583609580994
-4.0,eval,random,5,best,c023,0.3887958526611328,-0.22170639038085938,0.02361133593755464,0.5841583609580994
-4.0,eval,random,5,best,c046,0.08621597290039062,-0.0856943130493164,0.02361133593755464,0.5841583609580994
-4.0,eval,random,5,best,c022,0.31348292032877606,-0.1307109196980794,0.02361133593755464,0.5841583609580994
-4.0,eval,random,5,best,c050,0.2735401789347331,-0.09910329182942706,0.02361133593755464,0.5841583609580994
-2.0,eval,d,5,best,c006,0.2902364730834961,-0.011371612548828125,0.004495795350521803,0.6357101202011108
-2.0,eval,d,5,best,c017,0.01925182342529297,0.024450302124023438,0.004495795350521803,0.6357101202011108
-2.0,eval,d,5,best,c039,0.24166393280029297,-0.04438304901123047,0.004495795350521803,0.6357101202011108
-2.0,eval,d,5,best,c036,0.04900169372558594,-0.07621002197265625,0.004495795350521803,0.6357101202011108
-2.0,eval,d,5,best,c009,-0.1639118194580078,-0.04839801788330078,0.004495795350521803,0.6357101202011108
-2.0,eval,d,5,best,c000,0.23041629791259766,-0.021535873413085938,0.004495795350521803,0.6357101202011108
-2.0,eval,d,5,best,c013,0.3523283004760742,0.01874065399169922,0.004495795350521803,0.6357101202011108
-2.0,eval,d,5,best,c049,0.13613510131835938,0.019036293029785156,0.004495795350521803,0.6357101202011108
-2.0,eval,d,5,best,c058,0.16061878204345703,-0.01676464080810547,0.004495795350521803,0.6357101202011108
-2.0,eval,d,5,best,c024,0.2622795104980469,-0.04713726043701172,0.004495795350521803,0.6357101202011108
-2.0,eval,d,5,best,c042,0.1953592300415039,-0.03799629211425781,0.004495795350521803,0.6357101202011108
-2.0,eval,d,5,best,c047,0.24650192260742188,-0.05222892761230469,0.004495795350521803,0.6357101202011108
-2.0,eval,d,5,best,c043,0.09981441497802734,-0.05057048797607422,0.004495795350521803,0.6357101202011108
-2.0,eval,d,5,best,c003,0.3178062438964844,-0.0360565185546875,0.004495795350521803,0.6357101202011108
-2.0,eval,d,5,best,c041,0.06700420379638672,-0.018140792846679688,0.004495795350521803,0.6357101202011108
-2.0,eval,d,5,best,c008,-0.22489166259765625,0.01734447479248047,0.004495795350521803,0.6357101202011108
-2.0,eval,d,5,best,c045,0.35491180419921875,0.0061931610107421875,0.004495795350521803,0.6357101202011108
-2.0,eval,d,5,best,c011,0.20124149322509766,0.0013704299926757812,0.004495795350521803,0.6357101202011108
-2.0,eval,d,5,best,c020,0.4894533157348633,-0.014182090759277344,0.004495795350521803,0.6357101202011108
-2.0,eval,d,5,best,c044,0.2531280517578125,-0.041838645935058594,0.004495795350521803,0.6357101202011108
-2.0,eval,d,5,best,c016,0.23885059356689453,-0.03442573547363281,0.004495795350521803,0.6357101202011108
-2.0,eval,d,5,best,c056,0.34694576263427734,-0.041548728942871094,0.004495795350521803,0.6357101202011108
-2.0,eval,d,5,best,c025,0.23159027099609375,-0.036468505859375,0.004495795350521803,0.6357101202011108
-2.0,eval,d,5,best,c029,0.06290721893310547,-0.050599098205566406,0.004495795350521803,0.6357101202011108
-2.0,eval,d,5,best,c014,0.08558940887451172,0.019478797912597656,0.004495795350521803,0.6357101202011108
-2.0,eval,d,5,best,c002,0.3725757598876953,-0.04590797424316406,0.004495795350521803,0.6357101202011108
-2.0,eval,d,5,best,c023,0.29482173919677734,-0.04268932342529297,0.004495795350521803,0.6357101202011108
-2.0,eval,d,5,best,c046,0.2681732177734375,-0.01807880401611328,0.004495795350521803,0.6357101202011108
-2.0,eval,d,5,best,c022,0.12640953063964844,0.014886856079101562,0.004495795350521803,0.6357101202011108
-2.0,eval,d,5,best,c050,0.43154239654541016,-0.058940887451171875,0.004495795350521803,0.6357101202011108
-2.0,eval,d,5,best,c006,0.3356809616088867,-0.027494430541992188,0.004495795350521803,0.6357101202011108
-2.0,eval,d,5,best,c017,0.5047330856323242,-0.02954864501953125,0.004495795350521803,0.6357101202011108
-2.0,eval,d,5,best,c039,0.06789398193359375,-0.012553215026855469,0.004495795350521803,0.6357101202011108
-2.0,eval,d,5,best,c036,0.0743112564086914,-0.029102325439453125,0.004495795350521803,0.6357101202011108
-2.0,eval,d,5,best,c009,0.1337747573852539,-0.06061077117919922,0.004495795350521803,0.6357101202011108
-2.0,eval,d,5,best,c000,0.15521907806396484,-0.055843353271484375,0.004495795350521803,0.6357101202011108
-2.0,eval,d,5,best,c013,0.07136154174804688,-0.059650421142578125,0.004495795350521803,0.6357101202011108
-2.0,eval,d,5,best,c049,-0.000232696533203125,-0.007143974304199219,0.004495795350521803,0.6357101202011108
-2.0,eval,d,5,best,c058,0.025873184204101562,-0.01801586151123047,0.004495795350521803,0.6357101202011108
-2.0,eval,d,5,best,c024,0.224517822265625,-0.04081535339355469,0.004495795350521803,0.6357101202011108
-2.0,eval,d,5,best,c042,0.09205341339111328,-0.04014301300048828,0.004495795350521803,0.6357101202011108
-2.0,eval,d,5,best,c047,0.31508922576904297,-0.009222984313964844,0.004495795350521803,0.6357101202011108
-2.0,eval,d,5,best,c043,0.19346141815185547,-0.0680856704711914,0.004495795350521803,0.6357101202011108
-2.0,eval,d,5,best,c003,0.12500572204589844,-0.08472919464111328,0.004495795350521803,0.6357101202011108
-2.0,eval,d,5,best,c041,0.12517452239990234,-0.07755851745605469,0.004495795350521803,0.6357101202011108
-2.0,eval,d,5,best,c008,0.11395931243896484,-0.01904296875,0.004495795350521803,0.6357101202011108
-2.0,eval,d,5,best,c045,0.17039108276367188,-0.051461219787597656,0.004495795350521803,0.6357101202011108
-2.0,eval,d,5,best,c011,0.10863304138183594,-0.05103111267089844,0.004495795350521803,0.6357101202011108
-2.0,eval,d,5,best,c020,0.4028472900390625,-0.044251441955566406,0.004495795350521803,0.6357101202011108
-2.0,eval,d,5,best,c044,-0.035915374755859375,-0.047974586486816406,0.004495795350521803,0.6357101202011108
-2.0,eval,d,5,best,c016,0.32099056243896484,-0.023344993591308594,0.004495795350521803,0.6357101202011108
-2.0,eval,d,5,best,c056,0.15830326080322266,-0.03971385955810547,0.004495795350521803,0.6357101202011108
-2.0,eval,d,5,best,c025,0.09156036376953125,-0.046039581298828125,0.004495795350521803,0.6357101202011108
-2.0,eval,d,5,best,c029,0.2924222946166992,-0.0524444580078125,0.004495795350521803,0.6357101202011108
-2.0,eval,d,5,best,c014,0.08835124969482422,-0.0077800750732421875,0.004495795350521803,0.6357101202011108
-2.0,eval,d,5,best,c002,0.28049564361572266,-0.04961967468261719,0.004495795350521803,0.6357101202011108
-2.0,eval,d,5,best,c023,0.5747518539428711,-0.035750389099121094,0.004495795350521803,0.6357101202011108
-2.0,eval,d,5,best,c046,0.10171794891357422,-0.07019233703613281,0.004495795350521803,0.6357101202011108
-2.0,eval,d,5,best,c022,0.35725879669189453,-0.08693504333496094,0.004495795350521803,0.6357101202011108
-2.0,eval,d,5,best,c050,0.335662841796875,-0.036980628967285156,0.004495795350521803,0.6357101202011108
-2.0,deploy,d,5,best,c006,-0.048671722412109375,-0.0695037841796875,0.0013491528807207942,0.5890187621116638
-2.0,deploy,d,5,best,c017,-0.06656265258789062,-0.071533203125,0.0013491528807207942,0.5890187621116638
-2.0,deploy,d,5,best,c039,-0.25353145599365234,-0.017732620239257812,0.0013491528807207942,0.5890187621116638
-2.0,deploy,d,5,best,c036,-0.10170269012451172,-0.08927154541015625,0.0013491528807207942,0.5890187621116638
-2.0,deploy,d,5,best,c009,-0.2741689682006836,-0.058887481689453125,0.0013491528807207942,0.5890187621116638
-2.0,deploy,d,5,best,c000,-0.015666961669921875,-0.08851337432861328,0.0013491528807207942,0.5890187621116638
-2.0,deploy,d,5,best,c013,-0.0970926284790039,-0.07657527923583984,0.0013491528807207942,0.5890187621116638
-2.0,deploy,d,5,best,c049,-0.28798580169677734,-0.024107933044433594,0.0013491528807207942,0.5890187621116638
-2.0,deploy,d,5,best,c058,-0.0901346206665039,-0.012603759765625,0.0013491528807207942,0.5890187621116638
-2.0,deploy,d,5,best,c024,-0.06473255157470703,-0.08745098114013672,0.0013491528807207942,0.5890187621116638
-2.0,deploy,d,5,best,c042,0.005023956298828125,-0.06890392303466797,0.0013491528807207942,0.5890187621116638
-2.0,deploy,d,5,best,c047,-0.17511272430419922,-0.07589340209960938,0.0013491528807207942,0.5890187621116638
-2.0,deploy,d,5,best,c043,-0.08118629455566406,-0.0618438720703125,0.0013491528807207942,0.5890187621116638
-2.0,deploy,d,5,best,c003,-0.06454658508300781,-0.08366870880126953,0.0013491528807207942,0.5890187621116638
-2.0,deploy,d,5,best,c041,0.013807296752929688,-0.06906700134277344,0.0013491528807207942,0.5890187621116638
-2.0,deploy,d,5,best,c008,-0.4680461883544922,0.037316322326660156,0.0013491528807207942,0.5890187621116638
-2.0,deploy,d,5,best,c045,0.02101612091064453,-0.04935169219970703,0.0013491528807207942,0.5890187621116638
-2.0,deploy,d,5,best,c011,-0.05773162841796875,-0.08639717102050781,0.0013491528807207942,0.5890187621116638
-2.0,deploy,d,5,best,c020,0.0908966064453125,-0.092376708984375,0.0013491528807207942,0.5890187621116638
-2.0,deploy,d,5,best,c044,-0.09597110748291016,-0.0950765609741211,0.0013491528807207942,0.5890187621116638
-2.0,deploy,d,5,best,c016,0.004620552062988281,-0.048346519470214844,0.0013491528807207942,0.5890187621116638
-2.0,deploy,d,5,best,c056,0.036736488342285156,-0.07964611053466797,0.0013491528807207942,0.5890187621116638
-2.0,deploy,d,5,best,c025,0.020387649536132812,-0.06558609008789062,0.0013491528807207942,0.5890187621116638
-2.0,deploy,d,5,best,c029,-0.061188697814941406,-0.04599285125732422,0.0013491528807207942,0.5890187621116638
-2.0,deploy,d,5,best,c014,-0.044635772705078125,-0.042069435119628906,0.0013491528807207942,0.5890187621116638
-2.0,deploy,d,5,best,c002,-0.004116058349609375,-0.0949554443359375,0.0013491528807207942,0.5890187621116638
-2.0,deploy,d,5,best,c023,-0.042016029357910156,-0.08463478088378906,0.0013491528807207942,0.5890187621116638
-2.0,deploy,d,5,best,c046,0.14604663848876953,-0.0792093276977539,0.0013491528807207942,0.5890187621116638
-2.0,deploy,d,5,best,c022,0.13296794891357422,-0.03800487518310547,0.0013491528807207942,0.5890187621116638
-2.0,deploy,d,5,best,c050,0.028917312622070312,-0.07393932342529297,0.0013491528807207942,0.5890187621116638
-2.0,deploy,d,5,best,c006,-0.039656639099121094,-0.0574798583984375,0.0013491528807207942,0.5890187621116638
-2.0,deploy,d,5,best,c017,-0.06739997863769531,-0.04557514190673828,0.0013491528807207942,0.5890187621116638
-2.0,deploy,d,5,best,c039,-0.26540184020996094,-0.02028369903564453,0.0013491528807207942,0.5890187621116638
-2.0,deploy,d,5,best,c036,-0.14593219757080078,-0.08587932586669922,0.0013491528807207942,0.5890187621116638
-2.0,deploy,d,5,best,c009,-0.23527812957763672,-0.044307708740234375,0.0013491528807207942,0.5890187621116638
-2.0,deploy,d,5,best,c000,0.10448074340820312,-0.09974193572998047,0.0013491528807207942,0.5890187621116638
-2.0,deploy,d,5,best,c013,-0.0211639404296875,-0.04896068572998047,0.0013491528807207942,0.5890187621116638
-2.0,deploy,d,5,best,c049,-0.5350446701049805,-0.010545730590820312,0.0013491528807207942,0.5890187621116638
-2.0,deploy,d,5,best,c058,-0.0047664642333984375,-0.03271770477294922,0.0013491528807207942,0.5890187621116638
-2.0,deploy,d,5,best,c024,0.04083061218261719,-0.08118343353271484,0.0013491528807207942,0.5890187621116638
-2.0,deploy,d,5,best,c042,-0.030588150024414062,-0.10948371887207031,0.0013491528807207942,0.5890187621116638
-2.0,deploy,d,5,best,c047,-0.15056800842285156,-0.06387615203857422,0.0013491528807207942,0.5890187621116638
-2.0,deploy,d,5,best,c043,0.13303565979003906,-0.09887218475341797,0.0013491528807207942,0.5890187621116638
-2.0,deploy,d,5,best,c003,-0.008843421936035156,-0.07178401947021484,0.0013491528807207942,0.5890187621116638
-2.0,deploy,d,5,best,c041,-0.2348499298095703,-0.037120819091796875,0.0013491528807207942,0.5890187621116638
-2.0,deploy,d,5,best,c008,-0.2069072723388672,-0.024621963500976562,0.0013491528807207942,0.5890187621116638
-2.0,deploy,d,5,best,c045,0.21456432342529297,-0.08015251159667969,0.0013491528807207942,0.5890187621116638
-2.0,deploy,d,5,best,c011,-0.04190540313720703,-0.06878280639648438,0.0013491528807207942,0.5890187621116638
-2.0,deploy,d,5,best,c020,0.03350830078125,-0.08697700500488281,0.0013491528807207942,0.5890187621116638
-2.0,deploy,d,5,best,c044,-0.17700672149658203,-0.07870674133300781,0.0013491528807207942,0.5890187621116638
-2.0,deploy,d,5,best,c016,0.07709884643554688,-0.04715728759765625,0.0013491528807207942,0.5890187621116638
-2.0,deploy,d,5,best,c056,0.0732269287109375,-0.0730600357055664,0.0013491528807207942,0.5890187621116638
-2.0,deploy,d,5,best,c025,0.013045310974121094,-0.07677745819091797,0.0013491528807207942,0.5890187621116638
-2.0,deploy,d,5,best,c029,-0.21362686157226562,-0.03882312774658203,0.0013491528807207942,0.5890187621116638
-2.0,deploy,d,5,best,c014,-0.17231369018554688,-0.029987335205078125,0.0013491528807207942,0.5890187621116638
-2.0,deploy,d,5,best,c002,0.09925270080566406,-0.09779071807861328,0.0013491528807207942,0.5890187621116638
-2.0,deploy,d,5,best,c023,-0.076995849609375,-0.07990360260009766,0.0013491528807207942,0.5890187621116638
-2.0,deploy,d,5,best,c046,-0.06896686553955078,-0.07735538482666016,0.0013491528807207942,0.5890187621116638
-2.0,deploy,d,5,best,c022,0.032683372497558594,-0.07775688171386719,0.0013491528807207942,0.5890187621116638
-2.0,deploy,d,5,best,c050,0.028021812438964844,-0.08219432830810547,0.0013491528807207942,0.5890187621116638
-2.0,eval,random,5,best,c006,0.25437450408935547,-0.04723358154296875,0.006627999362535775,0.6012574434280396
-2.0,eval,random,5,best,c017,-0.015077590942382812,-0.009879112243652344,0.006627999362535775,0.6012574434280396
-2.0,eval,random,5,best,c039,0.23898887634277344,-0.04705810546875,0.006627999362535775,0.6012574434280396
-2.0,eval,random,5,best,c036,0.05756982167561849,-0.06764189402262369,0.006627999362535775,0.6012574434280396
-2.0,eval,random,5,best,c009,-0.13209311167399088,-0.016579310099283845,0.006627999362535775,0.6012574434280396
-2.0,eval,random,5,best,c000,0.20847288767496744,-0.043479283650716155,0.006627999362535775,0.6012574434280396
-2.0,eval,random,5,best,c013,0.29824193318684894,-0.03534571329752606,0.006627999362535775,0.6012574434280396
-2.0,eval,random,5,best,c049,0.06393686930338542,-0.0531619389851888,0.006627999362535775,0.6012574434280396
-2.0,eval,random,5,best,c058,0.1586751937866211,-0.018708229064941406,0.006627999362535775,0.6012574434280396
-2.0,eval,random,5,best,c024,0.2577323913574219,-0.05168437957763672,0.006627999362535775,0.6012574434280396
-2.0,eval,random,5,best,c042,0.19845294952392578,-0.03490257263183594,0.006627999362535775,0.6012574434280396
-2.0,eval,random,5,best,c047,0.2642812728881836,-0.03444957733154297,0.006627999362535775,0.6012574434280396
-2.0,eval,random,5,best,c043,0.11674849192301433,-0.033636411031087235,0.006627999362535775,0.6012574434280396
-2.0,eval,random,5,best,c003,0.2875404357910156,-0.06632232666015625,0.006627999362535775,0.6012574434280396
-2.0,eval,random,5,best,c041,0.05142847696940104,-0.03371651967366537,0.006627999362535775,0.6012574434280396
-2.0,eval,random,5,best,c008,-0.24435965220133463,-0.0021235148111979074,0.006627999362535775,0.6012574434280396
-2.0,eval,random,5,best,c045,0.2993113199869792,-0.04940732320149738,0.006627999362535775,0.6012574434280396
-2.0,eval,random,5,best,c011,0.17252349853515625,-0.027347564697265625,0.006627999362535775,0.6012574434280396
-2.0,eval,random,5,best,c020,0.45311959584554035,-0.05051581064860028,0.006627999362535775,0.6012574434280396
-2.0,eval,random,5,best,c044,0.2396249771118164,-0.05534172058105469,0.006627999362535775,0.6012574434280396
-2.0,eval,random,5,best,c016,0.24031734466552734,-0.032958984375,0.006627999362535775,0.6012574434280396
-2.0,eval,random,5,best,c056,0.31943702697753906,-0.06905746459960938,0.006627999362535775,0.6012574434280396
-2.0,eval,random,5,best,c025,0.2217747370402018,-0.046284039815266936,0.006627999362535775,0.6012574434280396
-2.0,eval,random,5,best,c029,0.04430071512858073,-0.06920560201009116,0.006627999362535775,0.6012574434280396
-2.0,eval,random,5,best,c014,0.05789788564046224,-0.00821272532145182,0.006627999362535775,0.6012574434280396
-2.0,eval,random,5,best,c002,0.3641153971354167,-0.05436833699544269,0.006627999362535775,0.6012574434280396
-2.0,eval,random,5,best,c023,0.2695598602294922,-0.06795120239257812,0.006627999362535775,0.6012574434280396
-2.0,eval,random,5,best,c046,0.24318377176920572,-0.04306825002034506,0.006627999362535775,0.6012574434280396
-2.0,eval,random,5,best,c022,0.10463555653889973,-0.00688711802164714,0.006627999362535775,0.6012574434280396
-2.0,eval,random,5,best,c050,0.4080781936645508,-0.08240509033203125,0.006627999362535775,0.6012574434280396
-2.0,eval,random,5,best,c006,0.31409962972005206,-0.04907576243082684,0.006627999362535775,0.6012574434280396
-2.0,eval,random,5,best,c017,0.4753856658935547,-0.05889606475830078,0.006627999362535775,0.6012574434280396
-2.0,eval,random,5,best,c039,0.012894312540690104,-0.06755288441975911,0.006627999362535775,0.6012574434280396
-2.0,eval,random,5,best,c036,0.06838353474934895,-0.03503004709879558,0.006627999362535775,0.6012574434280396
-2.0,eval,random,5,best,c009,0.1575927734375,-0.036792755126953125,0.006627999362535775,0.6012574434280396
-2.0,eval,random,5,best,c000,0.17261505126953125,-0.03844738006591797,0.006627999362535775,0.6012574434280396
-2.0,eval,random,5,best,c013,0.11469014485677083,-0.01632181803385417,0.006627999362535775,0.6012574434280396
-2.0,eval,random,5,best,c049,-0.006971041361490886,-0.01388231913248698,0.006627999362535775,0.6012574434280396
-2.0,eval,random,5,best,c058,0.01699034372965495,-0.026898701985677082,0.006627999362535775,0.6012574434280396
-2.0,eval,random,5,best,c024,0.2306969960530599,-0.03463617960611978,0.006627999362535775,0.6012574434280396
-2.0,eval,random,5,best,c042,0.11730257670084636,-0.014893849690755204,0.006627999362535775,0.6012574434280396
-2.0,eval,random,5,best,c047,0.23401292165120444,-0.09029928843180338,0.006627999362535775,0.6012574434280396
-2.0,eval,random,5,best,c043,0.19257736206054688,-0.0689697265625,0.006627999362535775,0.6012574434280396
-2.0,eval,random,5,best,c003,0.1809549331665039,-0.028779983520507812,0.006627999362535775,0.6012574434280396
-2.0,eval,random,5,best,c041,0.16792933146158853,-0.0348037083943685,0.006627999362535775,0.6012574434280396
-2.0,eval,random,5,best,c008,0.06744575500488281,-0.06555652618408203,0.006627999362535775,0.6012574434280396
-2.0,eval,random,5,best,c045,0.18715381622314453,-0.034698486328125,0.006627999362535775,0.6012574434280396
-2.0,eval,random,5,best,c011,0.14003721872965494,-0.019626935323079436,0.006627999362535775,0.6012574434280396
-2.0,eval,random,5,best,c020,0.3950201670328776,-0.052078564961751284,0.006627999362535775,0.6012574434280396
-2.0,eval,random,5,best,c044,-0.015765825907389324,-0.027825037638346355,0.006627999362535775,0.6012574434280396
-2.0,eval,random,5,best,c016,0.3103939692179362,-0.03394158681233722,0.006627999362535775,0.6012574434280396
-2.0,eval,random,5,best,c056,0.1607700983683268,-0.03724702199300131,0.006627999362535775,0.6012574434280396
-2.0,eval,random,5,best,c025,0.12625821431477866,-0.01134173075358072,0.006627999362535775,0.6012574434280396
-2.0,eval,random,5,best,c029,0.3202644983927409,-0.024602254231770815,0.006627999362535775,0.6012574434280396
-2.0,eval,random,5,best,c014,0.08353646596272786,-0.012594858805338546,0.006627999362535775,0.6012574434280396
-2.0,eval,random,5,best,c002,0.25586414337158203,-0.07425117492675781,0.006627999362535775,0.6012574434280396
-2.0,eval,random,5,best,c023,0.5054200490315756,-0.10508219401041663,0.006627999362535775,0.6012574434280396
-2.0,eval,random,5,best,c046,0.13008912404378256,-0.04182116190592447,0.006627999362535775,0.6012574434280396
-2.0,eval,random,5,best,c022,0.3850431442260742,-0.05915069580078125,0.006627999362535775,0.6012574434280396
-2.0,eval,random,5,best,c050,0.3265387217203776,-0.046104749043782534,0.006627999362535775,0.6012574434280396
-1.0,eval,d,5,best,c006,0.2978801727294922,-0.0037279129028320312,0.0013573482865467668,0.625524640083313
-1.0,eval,d,5,best,c017,0.00911712646484375,0.014315605163574219,0.0013573482865467668,0.625524640083313
-1.0,eval,d,5,best,c039,0.26647377014160156,-0.019573211669921875,0.0013573482865467668,0.625524640083313
-1.0,eval,d,5,best,c036,0.08797740936279297,-0.03723430633544922,0.0013573482865467668,0.625524640083313
-1.0,eval,d,5,best,c009,-0.1402721405029297,-0.024758338928222656,0.0013573482865467668,0.625524640083313
-1.0,eval,d,5,best,c000,0.24498748779296875,-0.006964683532714844,0.0013573482865467668,0.625524640083313
-1.0,eval,d,5,best,c013,0.346343994140625,0.01275634765625,0.0013573482865467668,0.625524640083313
-1.0,eval,d,5,best,c049,0.12897205352783203,0.011873245239257812,0.0013573482865467668,0.625524640083313
-1.0,eval,d,5,best,c058,0.16828155517578125,-0.00910186767578125,0.0013573482865467668,0.625524640083313
-1.0,eval,d,5,best,c024,0.2867403030395508,-0.022676467895507812,0.0013573482865467668,0.625524640083313
-1.0,eval,d,5,best,c042,0.2156963348388672,-0.01765918731689453,0.0013573482865467668,0.625524640083313
-1.0,eval,d,5,best,c047,0.27216053009033203,-0.02657032012939453,0.0013573482865467668,0.625524640083313
-1.0,eval,d,5,best,c043,0.12331962585449219,-0.027065277099609375,0.0013573482865467668,0.625524640083313
-1.0,eval,d,5,best,c003,0.3398418426513672,-0.014020919799804688,0.0013573482865467668,0.625524640083313
-1.0,eval,d,5,best,c041,0.07808494567871094,-0.007060050964355469,0.0013573482865467668,0.625524640083313
-1.0,eval,d,5,best,c008,-0.23526287078857422,0.0069732666015625,0.0013573482865467668,0.625524640083313
-1.0,eval,d,5,best,c045,0.3549175262451172,0.006198883056640625,0.0013573482865467668,0.625524640083313
-1.0,eval,d,5,best,c011,0.205322265625,0.005451202392578125,0.0013573482865467668,0.625524640083313
-1.0,eval,d,5,best,c020,0.502385139465332,-0.0012502670288085938,0.0013573482865467668,0.625524640083313
-1.0,eval,d,5,best,c044,0.27668190002441406,-0.01828479766845703,0.0013573482865467668,0.625524640083313
-1.0,eval,d,5,best,c016,0.2607545852661133,-0.012521743774414062,0.0013573482865467668,0.625524640083313
-1.0,eval,d,5,best,c056,0.37094688415527344,-0.017547607421875,0.0013573482865467668,0.625524640083313
-1.0,eval,d,5,best,c025,0.25156211853027344,-0.016496658325195312,0.0013573482865467668,0.625524640083313
-1.0,eval,d,5,best,c029,0.08801460266113281,-0.025491714477539062,0.0013573482865467668,0.625524640083313
-1.0,eval,d,5,best,c014,0.07959365844726562,0.013483047485351562,0.0013573482865467668,0.625524640083313
-1.0,eval,d,5,best,c002,0.39781761169433594,-0.020666122436523438,0.0013573482865467668,0.625524640083313
-1.0,eval,d,5,best,c023,0.32024574279785156,-0.01726531982421875,0.0013573482865467668,0.625524640083313
-1.0,eval,d,5,best,c046,0.28295135498046875,-0.0033006668090820312,0.0013573482865467668,0.625524640083313
-1.0,eval,d,5,best,c022,0.12177658081054688,0.01025390625,0.0013573482865467668,0.625524640083313
-1.0,eval,d,5,best,c050,0.4640693664550781,-0.026413917541503906,0.0013573482865467668,0.625524640083313
-1.0,eval,d,5,best,c006,0.3505563735961914,-0.0126190185546875,0.0013573482865467668,0.625524640083313
-1.0,eval,d,5,best,c017,0.5208139419555664,-0.013467788696289062,0.0013573482865467668,0.625524640083313
-1.0,eval,d,5,best,c039,0.07541275024414062,-0.005034446716308594,0.0013573482865467668,0.625524640083313
-1.0,eval,d,5,best,c036,0.08984947204589844,-0.013564109802246094,0.0013573482865467668,0.625524640083313
-1.0,eval,d,5,best,c009,0.16417694091796875,-0.030208587646484375,0.0013573482865467668,0.625524640083313
-1.0,eval,d,5,best,c000,0.1877880096435547,-0.02327442169189453,0.0013573482865467668,0.625524640083313
-1.0,eval,d,5,best,c013,0.10400581359863281,-0.027006149291992188,0.0013573482865467668,0.625524640083313
-1.0,eval,d,5,best,c049,0.0027866363525390625,-0.004124641418457031,0.0013573482865467668,0.625524640083313
-1.0,eval,d,5,best,c058,0.03498077392578125,-0.008908271789550781,0.0013573482865467668,0.625524640083313
-1.0,eval,d,5,best,c024,0.24732685089111328,-0.018006324768066406,0.0013573482865467668,0.625524640083313
-1.0,eval,d,5,best,c042,0.114013671875,-0.018182754516601562,0.0013573482865467668,0.625524640083313
-1.0,eval,d,5,best,c047,0.3223991394042969,-0.0019130706787109375,0.0013573482865467668,0.625524640083313
-1.0,eval,d,5,best,c043,0.22935009002685547,-0.032196998596191406,0.0013573482865467668,0.625524640083313
-1.0,eval,d,5,best,c003,0.16991043090820312,-0.039824485778808594,0.0013573482865467668,0.625524640083313
-1.0,eval,d,5,best,c041,0.16687583923339844,-0.035857200622558594,0.0013573482865467668,0.625524640083313
-1.0,eval,d,5,best,c008,0.12229442596435547,-0.010707855224609375,0.0013573482865467668,0.625524640083313
-1.0,eval,d,5,best,c045,0.19999122619628906,-0.02186107635498047,0.0013573482865467668,0.625524640083313
-1.0,eval,d,5,best,c011,0.1368236541748047,-0.022840499877929688,0.0013573482865467668,0.625524640083313
-1.0,eval,d,5,best,c020,0.42838001251220703,-0.018718719482421875,0.0013573482865467668,0.625524640083313
-1.0,eval,d,5,best,c044,-0.010552406311035156,-0.022611618041992188,0.0013573482865467668,0.625524640083313
-1.0,eval,d,5,best,c016,0.3359699249267578,-0.008365631103515625,0.0013573482865467668,0.625524640083313
-1.0,eval,d,5,best,c056,0.18133258819580078,-0.016684532165527344,0.0013573482865467668,0.625524640083313
-1.0,eval,d,5,best,c025,0.1159048080444336,-0.02169513702392578,0.0013573482865467668,0.625524640083313
-1.0,eval,d,5,best,c029,0.3184165954589844,-0.026450157165527344,0.0013573482865467668,0.625524640083313
-1.0,eval,d,5,best,c014,0.0949697494506836,-0.0011615753173828125,0.0013573482865467668,0.625524640083313
-1.0,eval,d,5,best,c002,0.30931663513183594,-0.020798683166503906,0.0013573482865467668,0.625524640083313
-1.0,eval,d,5,best,c023,0.5981597900390625,-0.012342453002929688,0.0013573482865467668,0.625524640083313
-1.0,eval,d,5,best,c046,0.13650226593017578,-0.03540802001953125,0.0013573482865467668,0.625524640083313
-1.0,eval,d,5,best,c022,0.4037199020385742,-0.04047393798828125,0.0013573482865467668,0.625524640083313
-1.0,eval,d,5,best,c050,0.3559455871582031,-0.01669788360595703,0.0013573482865467668,0.625524640083313
-1.0,deploy,d,5,best,c006,-0.013386726379394531,-0.034218788146972656,0.0004311411757953465,0.5833355188369751
-1.0,deploy,d,5,best,c017,-0.03098011016845703,-0.035950660705566406,0.0004311411757953465,0.5833355188369751
-1.0,deploy,d,5,best,c039,-0.2445850372314453,-0.008786201477050781,0.0004311411757953465,0.5833355188369751
-1.0,deploy,d,5,best,c036,-0.05700969696044922,-0.04457855224609375,0.0004311411757953465,0.5833355188369751
-1.0,deploy,d,5,best,c009,-0.24793338775634766,-0.03265190124511719,0.0004311411757953465,0.5833355188369751
-1.0,deploy,d,5,best,c000,0.03032970428466797,-0.04251670837402344,0.0004311411757953465,0.5833355188369751
-1.0,deploy,d,5,best,c013,-0.05808830261230469,-0.037570953369140625,0.0004311411757953465,0.5833355188369751
-1.0,deploy,d,5,best,c049,-0.27778053283691406,-0.013902664184570312,0.0004311411757953465,0.5833355188369751
-1.0,deploy,d,5,best,c058,-0.08385658264160156,-0.006325721740722656,0.0004311411757953465,0.5833355188369751
-1.0,deploy,d,5,best,c024,-0.02114105224609375,-0.04385948181152344,0.0004311411757953465,0.5833355188369751
-1.0,deploy,d,5,best,c042,0.03938770294189453,-0.03454017639160156,0.0004311411757953465,0.5833355188369751
-1.0,deploy,d,5,best,c047,-0.13841819763183594,-0.039198875427246094,0.0004311411757953465,0.5833355188369751
-1.0,deploy,d,5,best,c043,-0.050945281982421875,-0.03160285949707031,0.0004311411757953465,0.5833355188369751
-1.0,deploy,d,5,best,c003,-0.0223846435546875,-0.04150676727294922,0.0004311411757953465,0.5833355188369751
-1.0,deploy,d,5,best,c041,0.04922962188720703,-0.033644676208496094,0.0004311411757953465,0.5833355188369751
-1.0,deploy,d,5,best,c008,-0.4881258010864258,0.017236709594726562,0.0004311411757953465,0.5833355188369751
-1.0,deploy,d,5,best,c045,0.04614448547363281,-0.02422332763671875,0.0004311411757953465,0.5833355188369751
-1.0,deploy,d,5,best,c011,-0.013685226440429688,-0.04235076904296875,0.0004311411757953465,0.5833355188369751
-1.0,deploy,d,5,best,c020,0.13961410522460938,-0.043659210205078125,0.0004311411757953465,0.5833355188369751
-1.0,deploy,d,5,best,c044,-0.04973793029785156,-0.0488433837890625,0.0004311411757953465,0.5833355188369751
-1.0,deploy,d,5,best,c016,0.031828880310058594,-0.02113819122314453,0.0004311411757953465,0.5833355188369751
-1.0,deploy,d,5,best,c056,0.07831192016601562,-0.0380706787109375,0.0004311411757953465,0.5833355188369751
-1.0,deploy,d,5,best,c025,0.055644989013671875,-0.030328750610351562,0.0004311411757953465,0.5833355188369751
-1.0,deploy,d,5,best,c029,-0.03909587860107422,-0.02390003204345703,0.0004311411757953465,0.5833355188369751
-1.0,deploy,d,5,best,c014,-0.022626876831054688,-0.02006053924560547,0.0004311411757953465,0.5833355188369751
-1.0,deploy,d,5,best,c002,0.04496192932128906,-0.04587745666503906,0.0004311411757953465,0.5833355188369751
-1.0,deploy,d,5,best,c023,0.0013532638549804688,-0.04126548767089844,0.0004311411757953465,0.5833355188369751
-1.0,deploy,d,5,best,c046,0.18721389770507812,-0.03804206848144531,0.0004311411757953465,0.5833355188369751
-1.0,deploy,d,5,best,c022,0.15468502044677734,-0.016287803649902344,0.0004311411757953465,0.5833355188369751
-1.0,deploy,d,5,best,c050,0.06623268127441406,-0.03662395477294922,0.0004311411757953465,0.5833355188369751
-1.0,deploy,d,5,best,c006,-0.011669158935546875,-0.02949237823486328,0.0004311411757953465,0.5833355188369751
-1.0,deploy,d,5,best,c017,-0.04322528839111328,-0.02140045166015625,0.0004311411757953465,0.5833355188369751
-1.0,deploy,d,5,best,c039,-0.2561454772949219,-0.011027336120605469,0.0004311411757953465,0.5833355188369751
-1.0,deploy,d,5,best,c036,-0.10222625732421875,-0.04217338562011719,0.0004311411757953465,0.5833355188369751
-1.0,deploy,d,5,best,c009,-0.2153940200805664,-0.024423599243164062,0.0004311411757953465,0.5833355188369751
-1.0,deploy,d,5,best,c000,0.1564311981201172,-0.047791481018066406,0.0004311411757953465,0.5833355188369751
-1.0,deploy,d,5,best,c013,0.005092620849609375,-0.022704124450683594,0.0004311411757953465,0.5833355188369751
-1.0,deploy,d,5,best,c049,-0.5319690704345703,-0.007470130920410156,0.0004311411757953465,0.5833355188369751
-1.0,deploy,d,5,best,c058,0.011815071105957031,-0.01613616943359375,0.0004311411757953465,0.5833355188369751
-1.0,deploy,d,5,best,c024,0.08253669738769531,-0.03947734832763672,0.0004311411757953465,0.5833355188369751
-1.0,deploy,d,5,best,c042,0.0236358642578125,-0.05525970458984375,0.0004311411757953465,0.5833355188369751
-1.0,deploy,d,5,best,c047,-0.11938190460205078,-0.03269004821777344,0.0004311411757953465,0.5833355188369751
-1.0,deploy,d,5,best,c043,0.18219757080078125,-0.04971027374267578,0.0004311411757953465,0.5833355188369751
-1.0,deploy,d,5,best,c003,0.027454376220703125,-0.03548622131347656,0.0004311411757953465,0.5833355188369751
-1.0,deploy,d,5,best,c041,-0.2154712677001953,-0.017742156982421875,0.0004311411757953465,0.5833355188369751
-1.0,deploy,d,5,best,c008,-0.19756317138671875,-0.015277862548828125,0.0004311411757953465,0.5833355188369751
-1.0,deploy,d,5,best,c045,0.2556018829345703,-0.039114952087402344,0.0004311411757953465,0.5833355188369751
-1.0,deploy,d,5,best,c011,-0.006443023681640625,-0.03332042694091797,0.0004311411757953465,0.5833355188369751
-1.0,deploy,d,5,best,c020,0.08014583587646484,-0.04033946990966797,0.0004311411757953465,0.5833355188369751
-1.0,deploy,d,5,best,c044,-0.13894081115722656,-0.040640830993652344,0.0004311411757953465,0.5833355188369751
-1.0,deploy,d,5,best,c016,0.10312461853027344,-0.021131515502929688,0.0004311411757953465,0.5833355188369751
-1.0,deploy,d,5,best,c056,0.11108112335205078,-0.035205841064453125,0.0004311411757953465,0.5833355188369751
-1.0,deploy,d,5,best,c025,0.054337501525878906,-0.035485267639160156,0.0004311411757953465,0.5833355188369751
-1.0,deploy,d,5,best,c029,-0.19532012939453125,-0.020516395568847656,0.0004311411757953465,0.5833355188369751
-1.0,deploy,d,5,best,c014,-0.15839004516601562,-0.016063690185546875,0.0004311411757953465,0.5833355188369751
-1.0,deploy,d,5,best,c002,0.14974689483642578,-0.04729652404785156,0.0004311411757953465,0.5833355188369751
-1.0,deploy,d,5,best,c023,-0.037319183349609375,-0.04022693634033203,0.0004311411757953465,0.5833355188369751
-1.0,deploy,d,5,best,c046,-0.028911590576171875,-0.03730010986328125,0.0004311411757953465,0.5833355188369751
-1.0,deploy,d,5,best,c022,0.07274913787841797,-0.03769111633300781,0.0004311411757953465,0.5833355188369751
-1.0,deploy,d,5,best,c050,0.06834220886230469,-0.041873931884765625,0.0004311411757953465,0.5833355188369751
-1.0,eval,random,5,best,c006,0.2787240346272786,-0.02288405100504559,0.0017641388112679124,0.6074735522270203
-1.0,eval,random,5,best,c017,-0.008832295735677084,-0.003633817036946615,0.0017641388112679124,0.6074735522270203
-1.0,eval,random,5,best,c039,0.2650737762451172,-0.02097320556640625,0.0017641388112679124,0.6074735522270203
-1.0,eval,random,5,best,c036,0.09207439422607422,-0.03313732147216797,0.0017641388112679124,0.6074735522270203
-1.0,eval,random,5,best,c009,-0.12388356526692708,-0.008369763692220047,0.0017641388112679124,0.6074735522270203
-1.0,eval,random,5,best,c000,0.23205153147379556,-0.01990063985188803,0.0017641388112679124,0.6074735522270203
-1.0,eval,random,5,best,c013,0.3188222249348958,-0.014765421549479185,0.0017641388112679124,0.6074735522270203
-1.0,eval,random,5,best,c049,0.090301513671875,-0.02679729461669922,0.0017641388112679124,0.6074735522270203
-1.0,eval,random,5,best,c058,0.16854095458984375,-0.00884246826171875,0.0017641388112679124,0.6074735522270203
-1.0,eval,random,5,best,c024,0.2862456639607747,-0.023171106974283873,0.0017641388112679124,0.6074735522270203
-1.0,eval,random,5,best,c042,0.21664651234944662,-0.016709009806315095,0.0017641388112679124,0.6074735522270203
-1.0,eval,random,5,best,c047,0.2826677958170573,-0.016063054402669252,0.0017641388112679124,0.6074735522270203
-1.0,eval,random,5,best,c043,0.13455581665039062,-0.015829086303710938,0.0017641388112679124,0.6074735522270203
-1.0,eval,random,5,best,c003,0.32228438059488934,-0.031578381856282534,0.0017641388112679124,0.6074735522270203
-1.0,eval,random,5,best,c041,0.06887181599934895,-0.016273180643717453,0.0017641388112679124,0.6074735522270203
-1.0,eval,random,5,best,c008,-0.24164136250813803,0.0005947748819986887,0.0017641388112679124,0.6074735522270203
-1.0,eval,random,5,best,c045,0.3254232406616211,-0.02329540252685547,0.0017641388112679124,0.6074735522270203
-1.0,eval,random,5,best,c011,0.18839550018310547,-0.011475563049316406,0.0017641388112679124,0.6074735522270203
-1.0,eval,random,5,best,c020,0.4811178843180339,-0.022517522176106752,0.0017641388112679124,0.6074735522270203
-1.0,eval,random,5,best,c044,0.2688102722167969,-0.02615642547607422,0.0017641388112679124,0.6074735522270203
-1.0,eval,random,5,best,c016,0.2584095001220703,-0.014866828918457031,0.0017641388112679124,0.6074735522270203
-1.0,eval,random,5,best,c056,0.35509490966796875,-0.03339958190917969,0.0017641388112679124,0.6074735522270203
-1.0,eval,random,5,best,c025,0.24734020233154297,-0.02071857452392578,0.0017641388112679124,0.6074735522270203
-1.0,eval,random,5,best,c029,0.07892036437988281,-0.03458595275878906,0.0017641388112679124,0.6074735522270203
-1.0,eval,random,5,best,c014,0.06298224131266277,-0.0031283696492512975,0.0017641388112679124,0.6074735522270203
-1.0,eval,random,5,best,c002,0.39410845438639325,-0.024375279744466127,0.0017641388112679124,0.6074735522270203
-1.0,eval,random,5,best,c023,0.30481211344401044,-0.03269894917805988,0.0017641388112679124,0.6074735522270203
-1.0,eval,random,5,best,c046,0.26654942830403644,-0.01970259348551434,0.0017641388112679124,0.6074735522270203
-1.0,eval,random,5,best,c022,0.10960706075032552,-0.0019156138102213588,0.0017641388112679124,0.6074735522270203
-1.0,eval,random,5,best,c050,0.4511912663777669,-0.03929201761881512,0.0017641388112679124,0.6074735522270203
-1.0,eval,random,5,best,c006,0.34021536509195965,-0.022960027058919252,0.0017641388112679124,0.6074735522270203
-1.0,eval,random,5,best,c017,0.5077362060546875,-0.02654552459716797,0.0017641388112679124,0.6074735522270203
-1.0,eval,random,5,best,c039,0.04740556081136068,-0.03304163614908854,0.0017641388112679124,0.6074735522270203
-1.0,eval,random,5,best,c036,0.08625125885009766,-0.017162322998046875,0.0017641388112679124,0.6074735522270203
-1.0,eval,random,5,best,c009,0.17710113525390625,-0.017284393310546875,0.0017641388112679124,0.6074735522270203
-1.0,eval,random,5,best,c000,0.1943353017171224,-0.016727129618326814,0.0017641388112679124,0.6074735522270203
-1.0,eval,random,5,best,c013,0.12554804484049478,-0.005463918050130218,0.0017641388112679124,0.6074735522270203
-1.0,eval,random,5,best,c049,-0.0017058054606119792,-0.008617083231608072,0.0017641388112679124,0.6074735522270203
-1.0,eval,random,5,best,c058,0.030509312947591145,-0.013379732767740887,0.0017641388112679124,0.6074735522270203
-1.0,eval,random,5,best,c024,0.24935054779052734,-0.015982627868652344,0.0017641388112679124,0.6074735522270203
-1.0,eval,random,5,best,c042,0.12511507670084634,-0.007081349690755218,0.0017641388112679124,0.6074735522270203
-1.0,eval,random,5,best,c047,0.27982139587402344,-0.044490814208984375,0.0017641388112679124,0.6074735522270203
-1.0,eval,random,5,best,c043,0.22758070627848306,-0.03396638234456381,0.0017641388112679124,0.6074735522270203
-1.0,eval,random,5,best,c003,0.19724241892496744,-0.01249249776204428,0.0017641388112679124,0.6074735522270203
-1.0,eval,random,5,best,c041,0.18614927927652994,-0.016583760579427093,0.0017641388112679124,0.6074735522270203
-1.0,eval,random,5,best,c008,0.10310649871826172,-0.029895782470703125,0.0017641388112679124,0.6074735522270203
-1.0,eval,random,5,best,c045,0.2062679926554362,-0.015584309895833343,0.0017641388112679124,0.6074735522270203
-1.0,eval,random,5,best,c011,0.1524181365966797,-0.0072460174560546875,0.0017641388112679124,0.6074735522270203
-1.0,eval,random,5,best,c020,0.4230155944824219,-0.02408313751220703,0.0017641388112679124,0.6074735522270203
-1.0,eval,random,5,best,c044,-7.311503092447917e-05,-0.01213232676188151,0.0017641388112679124,0.6074735522270203
-1.0,eval,random,5,best,c016,0.3292223612467448,-0.015113194783528627,0.0017641388112679124,0.6074735522270203
-1.0,eval,random,5,best,c056,0.1802530288696289,-0.01776409149169922,0.0017641388112679124,0.6074735522270203
-1.0,eval,random,5,best,c025,0.13309288024902344,-0.0045070648193359375,0.0017641388112679124,0.6074735522270203
-1.0,eval,random,5,best,c029,0.33454736073811847,-0.010319391886393248,0.0017641388112679124,0.6074735522270203
-1.0,eval,random,5,best,c014,0.09051958719889323,-0.0056117375691731725,0.0017641388112679124,0.6074735522270203
-1.0,eval,random,5,best,c002,0.2951834996541341,-0.03493181864420575,0.0017641388112679124,0.6074735522270203
-1.0,eval,random,5,best,c023,0.560143788655599,-0.05035845438639319,0.0017641388112679124,0.6074735522270203
-1.0,eval,random,5,best,c046,0.15154393513997397,-0.020366350809733064,0.0017641388112679124,0.6074735522270203
-1.0,eval,random,5,best,c022,0.4166866938273112,-0.027507146199544252,0.0017641388112679124,0.6074735522270203
-1.0,eval,random,5,best,c050,0.35078175862630206,-0.02186171213785809,0.0017641388112679124,0.6074735522270203
-0.5,eval,d,5,best,c006,0.30022430419921875,-0.0013837814331054688,0.00037173592136241496,0.6189940571784973
-0.5,eval,d,5,best,c017,0.0023784637451171875,0.007576942443847656,0.00037173592136241496,0.6189940571784973
-0.5,eval,d,5,best,c039,0.2769765853881836,-0.009070396423339844,0.00037173592136241496,0.6189940571784973
-0.5,eval,d,5,best,c036,0.1069498062133789,-0.01826190948486328,0.00037173592136241496,0.6189940571784973
-0.5,eval,d,5,best,c009,-0.1278820037841797,-0.012368202209472656,0.00037173592136241496,0.6189940571784973
-0.5,eval,d,5,best,c000,0.24948596954345703,-0.0024662017822265625,0.00037173592136241496,0.6189940571784973
-0.5,eval,d,5,best,c013,0.3406982421875,0.007110595703125,0.00037173592136241496,0.6189940571784973
-0.5,eval,d,5,best,c049,0.12374305725097656,0.006644248962402344,0.00037173592136241496,0.6189940571784973
-0.5,eval,d,5,best,c058,0.17255210876464844,-0.0048313140869140625,0.00037173592136241496,0.6189940571784973
-0.5,eval,d,5,best,c024,0.29831409454345703,-0.011102676391601562,0.00037173592136241496,0.6189940571784973
-0.5,eval,d,5,best,c042,0.22494792938232422,-0.0084075927734375,0.00037173592136241496,0.6189940571784973
-0.5,eval,d,5,best,c047,0.28531551361083984,-0.013415336608886719,0.00037173592136241496,0.6189940571784973
-0.5,eval,d,5,best,c043,0.13635826110839844,-0.014026641845703125,0.00037173592136241496,0.6189940571784973
-0.5,eval,d,5,best,c003,0.3478889465332031,-0.00597381591796875,0.00037173592136241496,0.6189940571784973
-0.5,eval,d,5,best,c041,0.08216476440429688,-0.0029802322387695312,0.00037173592136241496,0.6189940571784973
-0.5,eval,d,5,best,c008,-0.23924922943115234,0.002986907958984375,0.00037173592136241496,0.6189940571784973
-0.5,eval,d,5,best,c045,0.3525876998901367,0.0038690567016601562,0.00037173592136241496,0.6189940571784973
-0.5,eval,d,5,best,c011,0.20372962951660156,0.0038585662841796875,0.00037173592136241496,0.6189940571784973
-0.5,eval,d,5,best,c020,0.5045194625854492,0.0008840560913085938,0.00037173592136241496,0.6189940571784973
-0.5,eval,d,5,best,c044,0.28656005859375,-0.008406639099121094,0.00037173592136241496,0.6189940571784973
-0.5,eval,d,5,best,c016,0.26826953887939453,-0.0050067901611328125,0.00037173592136241496,0.6189940571784973
-0.5,eval,d,5,best,c056,0.38068389892578125,-0.0078105926513671875,0.00037173592136241496,0.6189940571784973
-0.5,eval,d,5,best,c025,0.2602243423461914,-0.007834434509277344,0.00037173592136241496,0.6189940571784973
-0.5,eval,d,5,best,c029,0.10084152221679688,-0.012664794921875,0.00037173592136241496,0.6189940571784973
-0.5,eval,d,5,best,c014,0.07382392883300781,0.00771331787109375,0.00037173592136241496,0.6189940571784973
-0.5,eval,d,5,best,c002,0.4087400436401367,-0.009743690490722656,0.00037173592136241496,0.6189940571784973
-0.5,eval,d,5,best,c023,0.32997608184814453,-0.007534980773925781,0.00037173592136241496,0.6189940571784973
-0.5,eval,d,5,best,c046,0.2862710952758789,1.9073486328125e-05,0.00037173592136241496,0.6189940571784973
-0.5,eval,d,5,best,c022,0.1172189712524414,0.005696296691894531,0.00037173592136241496,0.6189940571784973
-0.5,eval,d,5,best,c050,0.478179931640625,-0.012303352355957031,0.00037173592136241496,0.6189940571784973
-0.5,eval,d,5,best,c006,0.3571176528930664,-0.0060577392578125,0.00037173592136241496,0.6189940571784973
-0.5,eval,d,5,best,c017,0.527836799621582,-0.0064449310302734375,0.00037173592136241496,0.6189940571784973
-0.5,eval,d,5,best,c039,0.07829952239990234,-0.002147674560546875,0.00037173592136241496,0.6189940571784973
-0.5,eval,d,5,best,c036,0.09690380096435547,-0.0065097808837890625,0.00037173592136241496,0.6189940571784973
-0.5,eval,d,5,best,c009,0.1794567108154297,-0.014928817749023438,0.00037173592136241496,0.6189940571784973
-0.5,eval,d,5,best,c000,0.20061016082763672,-0.0104522705078125,0.00037173592136241496,0.6189940571784973
-0.5,eval,d,5,best,c013,0.11826229095458984,-0.012749671936035156,0.00037173592136241496,0.6189940571784973
-0.5,eval,d,5,best,c049,0.00469970703125,-0.0022115707397460938,0.00037173592136241496,0.6189940571784973
-0.5,eval,d,5,best,c058,0.039587974548339844,-0.0043010711669921875,0.00037173592136241496,0.6189940571784973
-0.5,eval,d,5,best,c024,0.2569265365600586,-0.008406639099121094,0.00037173592136241496,0.6189940571784973
-0.5,eval,d,5,best,c042,0.12361335754394531,-0.00858306884765625,0.00037173592136241496,0.6189940571784973
-0.5,eval,d,5,best,c047,0.3239860534667969,-0.0003261566162109375,0.00037173592136241496,0.6189940571784973
-0.5,eval,d,5,best,c043,0.2459249496459961,-0.015622138977050781,0.00037173592136241496,0.6189940571784973
-0.5,eval,d,5,best,c003,0.19051647186279297,-0.01921844482421875,0.00037173592136241496,0.6189940571784973
-0.5,eval,d,5,best,c041,0.18565750122070312,-0.017075538635253906,0.00037173592136241496,0.6189940571784973
-0.5,eval,d,5,best,c008,0.12733078002929688,-0.005671501159667969,0.00037173592136241496,0.6189940571784973
-0.5,eval,d,5,best,c045,0.21201419830322266,-0.009838104248046875,0.00037173592136241496,0.6189940571784973
-0.5,eval,d,5,best,c011,0.1488943099975586,-0.010769844055175781,0.00037173592136241496,0.6189940571784973
-0.5,eval,d,5,best,c020,0.43866539001464844,-0.008433341979980469,0.00037173592136241496,0.6189940571784973
-0.5,eval,d,5,best,c044,0.0010976791381835938,-0.010961532592773438,0.00037173592136241496,0.6189940571784973
-0.5,eval,d,5,best,c016,0.3409595489501953,-0.003376007080078125,0.00037173592136241496,0.6189940571784973
-0.5,eval,d,5,best,c056,0.19042491912841797,-0.007592201232910156,0.00037173592136241496,0.6189940571784973
-0.5,eval,d,5,best,c025,0.12702178955078125,-0.010578155517578125,0.00037173592136241496,0.6189940571784973
-0.5,eval,d,5,best,c029,0.331573486328125,-0.013293266296386719,0.00037173592136241496,0.6189940571784973
-0.5,eval,d,5,best,c014,0.09626102447509766,0.00012969970703125,0.00037173592136241496,0.6189940571784973
-0.5,eval,d,5,best,c002,0.3208770751953125,-0.009238243103027344,0.00037173592136241496,0.6189940571784973
-0.5,eval,d,5,best,c023,0.6058530807495117,-0.004649162292480469,0.00037173592136241496,0.6189940571784973
-0.5,eval,d,5,best,c046,0.15417194366455078,-0.01773834228515625,0.00037173592136241496,0.6189940571784973
-0.5,eval,d,5,best,c022,0.42497825622558594,-0.01921558380126953,0.00037173592136241496,0.6189940571784973
-0.5,eval,d,5,best,c050,0.36469459533691406,-0.007948875427246094,0.00037173592136241496,0.6189940571784973
-0.5,deploy,d,5,best,c006,0.003936767578125,-0.016895294189453125,0.00012219279597047716,0.5792722105979919
-0.5,deploy,d,5,best,c017,-0.013050079345703125,-0.0180206298828125,0.00012219279597047716,0.5792722105979919
-0.5,deploy,d,5,best,c039,-0.24021434783935547,-0.0044155120849609375,0.00012219279597047716,0.5792722105979919
-0.5,deploy,d,5,best,c036,-0.03458213806152344,-0.02215099334716797,0.00012219279597047716,0.5792722105979919
-0.5,deploy,d,5,best,c009,-0.23227596282958984,-0.016994476318359375,0.00012219279597047716,0.5792722105979919
-0.5,deploy,d,5,best,c000,0.052112579345703125,-0.02073383331298828,0.00012219279597047716,0.5792722105979919
-0.5,deploy,d,5,best,c013,-0.039031028747558594,-0.01851367950439453,0.00012219279597047716,0.5792722105979919
-0.5,deploy,d,5,best,c049,-0.2712974548339844,-0.007419586181640625,0.00012219279597047716,0.5792722105979919
-0.5,deploy,d,5,best,c058,-0.0806741714477539,-0.003143310546875,0.00012219279597047716,0.5792722105979919
-0.5,deploy,d,5,best,c024,0.0007686614990234375,-0.02194976806640625,0.00012219279597047716,0.5792722105979919
-0.5,deploy,d,5,best,c042,0.05668449401855469,-0.017243385314941406,0.00012219279597047716,0.5792722105979919
-0.5,deploy,d,5,best,c047,-0.11917591094970703,-0.019956588745117188,0.00012219279597047716,0.5792722105979919
-0.5,deploy,d,5,best,c043,-0.03531646728515625,-0.015974044799804688,0.00012219279597047716,0.5792722105979919
-0.5,deploy,d,5,best,c003,-0.0014553070068359375,-0.020577430725097656,0.00012219279597047716,0.5792722105979919
-0.5,deploy,d,5,best,c041,0.0663309097290039,-0.01654338836669922,0.00012219279597047716,0.5792722105979919
-0.5,deploy,d,5,best,c008,-0.49734020233154297,0.008022308349609375,0.00012219279597047716,0.5792722105979919
-0.5,deploy,d,5,best,c045,0.05843544006347656,-0.011932373046875,0.00012219279597047716,0.5792722105979919
-0.5,deploy,d,5,best,c011,0.007803916931152344,-0.02086162567138672,0.00012219279597047716,0.5792722105979919
-0.5,deploy,d,5,best,c020,0.16219520568847656,-0.021078109741210938,0.00012219279597047716,0.5792722105979919
-0.5,deploy,d,5,best,c044,-0.025629043579101562,-0.0247344970703125,0.00012219279597047716,0.5792722105979919
-0.5,deploy,d,5,best,c016,0.043175697326660156,-0.009791374206542969,0.00012219279597047716,0.5792722105979919
-0.5,deploy,d,5,best,c056,0.09786796569824219,-0.018514633178710938,0.00012219279597047716,0.5792722105979919
-0.5,deploy,d,5,best,c025,0.07142162322998047,-0.014552116394042969,0.00012219279597047716,0.5792722105979919
-0.5,deploy,d,5,best,c029,-0.02733325958251953,-0.012137413024902344,0.00012219279597047716,0.5792722105979919
-0.5,deploy,d,5,best,c014,-0.012363433837890625,-0.009797096252441406,0.00012219279597047716,0.5792722105979919
-0.5,deploy,d,5,best,c002,0.06845474243164062,-0.0223846435546875,0.00012219279597047716,0.5792722105979919
-0.5,deploy,d,5,best,c023,0.022251129150390625,-0.02036762237548828,0.00012219279597047716,0.5792722105979919
-0.5,deploy,d,5,best,c046,0.20678329467773438,-0.018472671508789062,0.00012219279597047716,0.5792722105979919
-0.5,deploy,d,5,best,c022,0.16352462768554688,-0.0074481964111328125,0.00012219279597047716,0.5792722105979919
-0.5,deploy,d,5,best,c050,0.08475494384765625,-0.01810169219970703,0.00012219279597047716,0.5792722105979919
-0.5,deploy,d,5,best,c006,0.0028705596923828125,-0.014952659606933594,0.00012219279597047716,0.5792722105979919
-0.5,deploy,d,5,best,c017,-0.03215789794921875,-0.010333061218261719,0.00012219279597047716,0.5792722105979919
-0.5,deploy,d,5,best,c039,-0.25089454650878906,-0.005776405334472656,0.00012219279597047716,0.5792722105979919
-0.5,deploy,d,5,best,c036,-0.08085060119628906,-0.0207977294921875,0.00012219279597047716,0.5792722105979919
-0.5,deploy,d,5,best,c009,-0.20371150970458984,-0.0127410888671875,0.00012219279597047716,0.5792722105979919
-0.5,deploy,d,5,best,c000,0.18099021911621094,-0.023232460021972656,0.00012219279597047716,0.5792722105979919
-0.5,deploy,d,5,best,c013,0.016989707946777344,-0.010807037353515625,0.00012219279597047716,0.5792722105979919
-0.5,deploy,d,5,best,c049,-0.52886962890625,-0.004370689392089844,0.00012219279597047716,0.5792722105979919
-0.5,deploy,d,5,best,c058,0.020006179809570312,-0.007945060729980469,0.00012219279597047716,0.5792722105979919
-0.5,deploy,d,5,best,c024,0.10260677337646484,-0.019407272338867188,0.00012219279597047716,0.5792722105979919
-0.5,deploy,d,5,best,c042,0.051174163818359375,-0.027721405029296875,0.00012219279597047716,0.5792722105979919
-0.5,deploy,d,5,best,c047,-0.10325431823730469,-0.016562461853027344,0.00012219279597047716,0.5792722105979919
-0.5,deploy,d,5,best,c043,0.20707035064697266,-0.024837493896484375,0.00012219279597047716,0.5792722105979919
-0.5,deploy,d,5,best,c003,0.04534626007080078,-0.017594337463378906,0.00012219279597047716,0.5792722105979919
-0.5,deploy,d,5,best,c041,-0.2063894271850586,-0.008660316467285156,0.00012219279597047716,0.5792722105979919
-0.5,deploy,d,5,best,c008,-0.19067668914794922,-0.008391380310058594,0.00012219279597047716,0.5792722105979919
-0.5,deploy,d,5,best,c045,0.27550506591796875,-0.019211769104003906,0.00012219279597047716,0.5792722105979919
-0.5,deploy,d,5,best,c011,0.010494232177734375,-0.01638317108154297,0.00012219279597047716,0.5792722105979919
-0.5,deploy,d,5,best,c020,0.10121917724609375,-0.019266128540039062,0.00012219279597047716,0.5792722105979919
-0.5,deploy,d,5,best,c044,-0.11892986297607422,-0.0206298828125,0.00012219279597047716,0.5792722105979919
-0.5,deploy,d,5,best,c016,0.11433219909667969,-0.009923934936523438,0.00012219279597047716,0.5792722105979919
-0.5,deploy,d,5,best,c056,0.12911128997802734,-0.017175674438476562,0.00012219279597047716,0.5792722105979919
-0.5,deploy,d,5,best,c025,0.0727682113647461,-0.01705455780029297,0.00012219279597047716,0.5792722105979919
-0.5,deploy,d,5,best,c029,-0.18529891967773438,-0.010495185852050781,0.00012219279597047716,0.5792722105979919
-0.5,deploy,d,5,best,c014,-0.15064430236816406,-0.008317947387695312,0.00012219279597047716,0.5792722105979919
-0.5,deploy,d,5,best,c002,0.17392444610595703,-0.023118972778320312,0.00012219279597047716,0.5792722105979919
-0.5,deploy,d,5,best,c023,-0.017220497131347656,-0.020128250122070312,0.00012219279597047716,0.5792722105979919
-0.5,deploy,d,5,best,c046,-0.009806632995605469,-0.018195152282714844,0.00012219279597047716,0.5792722105979919
-0.5,deploy,d,5,best,c022,0.09197807312011719,-0.018462181091308594,0.00012219279597047716,0.5792722105979919
-0.5,deploy,d,5,best,c050,0.08913707733154297,-0.021079063415527344,0.00012219279597047716,0.5792722105979919
-0.5,eval,random,5,best,c006,0.2903636296590169,-0.01124445597330731,0.00045495991010587505,0.6097464561462402
-0.5,eval,random,5,best,c017,-0.006704012552897136,-0.001505533854166667,0.00045495991010587505,0.6097464561462402
-0.5,eval,random,5,best,c039,0.2762320836385091,-0.009814898173014341,0.00045495991010587505,0.6097464561462402
-0.5,eval,random,5,best,c036,0.10882027943929036,-0.016391436258951828,0.00045495991010587505,0.6097464561462402
-0.5,eval,random,5,best,c009,-0.11972459157307942,-0.004210789998372391,0.00045495991010587505,0.6097464561462402
-0.5,eval,random,5,best,c000,0.24246692657470703,-0.009485244750976562,0.00045495991010587505,0.6097464561462402
-0.5,eval,random,5,best,c013,0.3269309997558594,-0.006656646728515625,0.00045495991010587505,0.6097464561462402
-0.5,eval,random,5,best,c049,0.10366757710774739,-0.013431231180826828,0.00045495991010587505,0.6097464561462402
-0.5,eval,random,5,best,c058,0.17308934529622397,-0.004294077555338532,0.00045495991010587505,0.6097464561462402
-0.5,eval,random,5,best,c024,0.2985223134358724,-0.010894457499186216,0.00045495991010587505,0.6097464561462402
-0.5,eval,random,5,best,c042,0.22520319620768228,-0.008152325948079436,0.00045495991010587505,0.6097464561462402
-0.5,eval,random,5,best,c047,0.2910146713256836,-0.007716178894042969,0.00045495991010587505,0.6097464561462402
-0.5,eval,random,5,best,c043,0.14274152119954428,-0.007643381754557282,0.00045495991010587505,0.6097464561462402
-0.5,eval,random,5,best,c003,0.3385286331176758,-0.015334129333496094,0.00045495991010587505,0.6097464561462402
-0.5,eval,random,5,best,c041,0.07710711161295573,-0.008037885030110672,0.00045495991010587505,0.6097464561462402
-0.5,eval,random,5,best,c008,-0.241514523824056,0.0007216135660807199,0.00045495991010587505,0.6097464561462402
-0.5,eval,random,5,best,c045,0.3374319076538086,-0.011286735534667969,0.00045495991010587505,0.6097464561462402
-0.5,eval,random,5,best,c011,0.19467576344807944,-0.005195299784342439,0.00045495991010587505,0.6097464561462402
-0.5,eval,random,5,best,c020,0.4931011199951172,-0.010534286499023438,0.00045495991010587505,0.6097464561462402
-0.5,eval,random,5,best,c044,0.2823324203491211,-0.01263427734375,0.00045495991010587505,0.6097464561462402
-0.5,eval,random,5,best,c016,0.2662951151529948,-0.006981213887532534,0.00045495991010587505,0.6097464561462402
-0.5,eval,random,5,best,c056,0.3721469243367513,-0.016347567240397154,0.00045495991010587505,0.6097464561462402
-0.5,eval,random,5,best,c025,0.2583004633585612,-0.009758313496907534,0.00045495991010587505,0.6097464561462402
-0.5,eval,random,5,best,c029,0.0962839126586914,-0.01722240447998047,0.00045495991010587505,0.6097464561462402
-0.5,eval,random,5,best,c014,0.0647891362508138,-0.001321474711100265,0.00045495991010587505,0.6097464561462402
-0.5,eval,random,5,best,c002,0.4070924123128255,-0.011391321818033873,0.00045495991010587505,0.6097464561462402
-0.5,eval,random,5,best,c023,0.3215290705362956,-0.01598199208577472,0.00045495991010587505,0.6097464561462402
-0.5,eval,random,5,best,c046,0.27687962849934894,-0.009372393290201841,0.00045495991010587505,0.6097464561462402
-0.5,eval,random,5,best,c022,0.11089134216308594,-0.0006313323974609375,0.00045495991010587505,0.6097464561462402
-0.5,eval,random,5,best,c050,0.47138245900472003,-0.019100824991861998,0.00045495991010587505,0.6097464561462402
-0.5,eval,random,5,best,c006,0.35214710235595703,-0.011028289794921875,0.00045495991010587505,0.6097464561462402
-0.5,eval,random,5,best,c017,0.5217885971069336,-0.012493133544921875,0.00045495991010587505,0.6097464561462402
-0.5,eval,random,5,best,c039,0.06417179107666016,-0.016275405883789062,0.00045495991010587505,0.6097464561462402
-0.5,eval,random,5,best,c036,0.09490712483723958,-0.008506457010904953,0.00045495991010587505,0.6097464561462402
-0.5,eval,random,5,best,c009,0.1860520044962565,-0.008333524068196624,0.00045495991010587505,0.6097464561462402
-0.5,eval,random,5,best,c000,0.20335833231608072,-0.007704099019368499,0.00045495991010587505,0.6097464561462402
-0.5,eval,random,5,best,c013,0.12897205352783203,-0.0020399093627929688,0.00045495991010587505,0.6097464561462402
-0.5,eval,random,5,best,c049,0.002178827921549479,-0.004732449849446615,0.00045495991010587505,0.6097464561462402
-0.5,eval,random,5,best,c058,0.03726418813069662,-0.006624857584635414,0.00045495991010587505,0.6097464561462402
-0.5,eval,random,5,best,c024,0.25771013895670575,-0.00762303670247394,0.00045495991010587505,0.6097464561462402
-0.5,eval,random,5,best,c042,0.1287409464518229,-0.003455479939778655,0.00045495991010587505,0.6097464561462402
-0.5,eval,random,5,best,c047,0.30231189727783203,-0.02200031280517578,0.00045495991010587505,0.6097464561462402
-0.5,eval,random,5,best,c043,0.2447347640991211,-0.01681232452392578,0.00045495991010587505,0.6097464561462402
-0.5,eval,random,5,best,c003,0.204010009765625,-0.005724906921386719,0.00045495991010587505,0.6097464561462402
-0.5,eval,random,5,best,c041,0.1946560541788737,-0.008076985677083343,0.00045495991010587505,0.6097464561462402
-0.5,eval,random,5,best,c008,0.11884784698486328,-0.014154434204101562,0.00045495991010587505,0.6097464561462402
-0.5,eval,random,5,best,c045,0.2145214080810547,-0.007330894470214844,0.00045495991010587505,0.6097464561462402
-0.5,eval,random,5,best,c011,0.15670172373453775,-0.002962430318196624,0.00045495991010587505,0.6097464561462402
-0.5,eval,random,5,best,c020,0.4355986913045247,-0.011500040690104185,0.00045495991010587505,0.6097464561462402
-0.5,eval,random,5,best,c044,0.006431897481282552,-0.0056273142496744795,0.00045495991010587505,0.6097464561462402
-0.5,eval,random,5,best,c016,0.3372720082600911,-0.00706354777018231,0.00045495991010587505,0.6097464561462402
-0.5,eval,random,5,best,c056,0.18936856587727866,-0.00864855448404947,0.00045495991010587505,0.6097464561462402
-0.5,eval,random,5,best,c025,0.13556480407714844,-0.0020351409912109375,0.00045495991010587505,0.6097464561462402
-0.5,eval,random,5,best,c029,0.3402214050292969,-0.004645347595214844,0.00045495991010587505,0.6097464561462402
-0.5,eval,random,5,best,c014,0.09348710378011067,-0.002644220987955734,0.00045495991010587505,0.6097464561462402
-0.5,eval,random,5,best,c002,0.3132514953613281,-0.01686382293701172,0.00045495991010587505,0.6097464561462402
-0.5,eval,random,5,best,c023,0.5859661102294922,-0.0245361328125,0.00045495991010587505,0.6097464561462402
-0.5,eval,random,5,best,c046,0.16189893086751303,-0.010011355082194001,0.00045495991010587505,0.6097464561462402
-0.5,eval,random,5,best,c022,0.43101851145426434,-0.013175328572591127,0.00045495991010587505,0.6097464561462402
-0.5,eval,random,5,best,c050,0.3620675404866536,-0.010575930277506529,0.00045495991010587505,0.6097464561462402
0.0,eval,d,5,best,c006,0.3016080856323242,0.0,0.0,0.6113399863243103
0.0,eval,d,5,best,c017,-0.005198478698730469,0.0,0.0,0.6113399863243103
0.0,eval,d,5,best,c039,0.28604698181152344,0.0,0.0,0.6113399863243103
0.0,eval,d,5,best,c036,0.1252117156982422,0.0,0.0,0.6113399863243103
0.0,eval,d,5,best,c009,-0.11551380157470703,0.0,0.0,0.6113399863243103
0.0,eval,d,5,best,c000,0.2519521713256836,0.0,0.0,0.6113399863243103
0.0,eval,d,5,best,c013,0.333587646484375,0.0,0.0,0.6113399863243103
0.0,eval,d,5,best,c049,0.11709880828857422,0.0,0.0,0.6113399863243103
0.0,eval,d,5,best,c058,0.1773834228515625,0.0,0.0,0.6113399863243103
0.0,eval,d,5,best,c024,0.3094167709350586,0.0,0.0,0.6113399863243103
0.0,eval,d,5,best,c042,0.23335552215576172,0.0,0.0,0.6113399863243103
0.0,eval,d,5,best,c047,0.29873085021972656,0.0,0.0,0.6113399863243103
0.0,eval,d,5,best,c043,0.15038490295410156,0.0,0.0,0.6113399863243103
0.0,eval,d,5,best,c003,0.3538627624511719,0.0,0.0,0.6113399863243103
0.0,eval,d,5,best,c041,0.0851449966430664,0.0,0.0,0.6113399863243103
0.0,eval,d,5,best,c008,-0.24223613739013672,0.0,0.0,0.6113399863243103
0.0,eval,d,5,best,c045,0.34871864318847656,0.0,0.0,0.6113399863243103
0.0,eval,d,5,best,c011,0.19987106323242188,0.0,0.0,0.6113399863243103
0.0,eval,d,5,best,c020,0.5036354064941406,0.0,0.0,0.6113399863243103
0.0,eval,d,5,best,c044,0.2949666976928711,0.0,0.0,0.6113399863243103
0.0,eval,d,5,best,c016,0.27327632904052734,0.0,0.0,0.6113399863243103
0.0,eval,d,5,best,c056,0.38849449157714844,0.0,0.0,0.6113399863243103
0.0,eval,d,5,best,c025,0.26805877685546875,0.0,0.0,0.6113399863243103
0.0,eval,d,5,best,c029,0.11350631713867188,0.0,0.0,0.6113399863243103
0.0,eval,d,5,best,c014,0.06611061096191406,0.0,0.0,0.6113399863243103
0.0,eval,d,5,best,c002,0.4184837341308594,0.0,0.0,0.6113399863243103
0.0,eval,d,5,best,c023,0.3375110626220703,0.0,0.0,0.6113399863243103
0.0,eval,d,5,best,c046,0.2862520217895508,0.0,0.0,0.6113399863243103
0.0,eval,d,5,best,c022,0.11152267456054688,0.0,0.0,0.6113399863243103
0.0,eval,d,5,best,c050,0.49048328399658203,0.0,0.0,0.6113399863243103
0.0,eval,d,5,best,c006,0.3631753921508789,0.0,0.0,0.6113399863243103
0.0,eval,d,5,best,c017,0.5342817306518555,0.0,0.0,0.6113399863243103
0.0,eval,d,5,best,c039,0.08044719696044922,0.0,0.0,0.6113399863243103
0.0,eval,d,5,best,c036,0.10341358184814453,0.0,0.0,0.6113399863243103
0.0,eval,d,5,best,c009,0.19438552856445312,0.0,0.0,0.6113399863243103
0.0,eval,d,5,best,c000,0.21106243133544922,0.0,0.0,0.6113399863243103
0.0,eval,d,5,best,c013,0.131011962890625,0.0,0.0,0.6113399863243103
0.0,eval,d,5,best,c049,0.006911277770996094,0.0,0.0,0.6113399863243103
0.0,eval,d,5,best,c058,0.04388904571533203,0.0,0.0,0.6113399863243103
0.0,eval,d,5,best,c024,0.2653331756591797,0.0,0.0,0.6113399863243103
0.0,eval,d,5,best,c042,0.13219642639160156,0.0,0.0,0.6113399863243103
0.0,eval,d,5,best,c047,0.3243122100830078,0.0,0.0,0.6113399863243103
0.0,eval,d,5,best,c043,0.2615470886230469,0.0,0.0,0.6113399863243103
0.0,eval,d,5,best,c003,0.20973491668701172,0.0,0.0,0.6113399863243103
0.0,eval,d,5,best,c041,0.20273303985595703,0.0,0.0,0.6113399863243103
0.0,eval,d,5,best,c008,0.13300228118896484,0.0,0.0,0.6113399863243103
0.0,eval,d,5,best,c045,0.22185230255126953,0.0,0.0,0.6113399863243103
0.0,eval,d,5,best,c011,0.15966415405273438,0.0,0.0,0.6113399863243103
0.0,eval,d,5,best,c020,0.4470987319946289,0.0,0.0,0.6113399863243103
0.0,eval,d,5,best,c044,0.012059211730957031,0.0,0.0,0.6113399863243103
0.0,eval,d,5,best,c016,0.34433555603027344,0.0,0.0,0.6113399863243103
0.0,eval,d,5,best,c056,0.19801712036132812,0.0,0.0,0.6113399863243103
0.0,eval,d,5,best,c025,0.13759994506835938,0.0,0.0,0.6113399863243103
0.0,eval,d,5,best,c029,0.3448667526245117,0.0,0.0,0.6113399863243103
0.0,eval,d,5,best,c014,0.0961313247680664,0.0,0.0,0.6113399863243103
0.0,eval,d,5,best,c002,0.33011531829833984,0.0,0.0,0.6113399863243103
0.0,eval,d,5,best,c023,0.6105022430419922,0.0,0.0,0.6113399863243103
0.0,eval,d,5,best,c046,0.17191028594970703,0.0,0.0,0.6113399863243103
0.0,eval,d,5,best,c022,0.44419384002685547,0.0,0.0,0.6113399863243103
0.0,eval,d,5,best,c050,0.37264347076416016,0.0,0.0,0.6113399863243103
0.0,deploy,d,5,best,c006,0.020832061767578125,0.0,0.0,0.5742634534835815
0.0,deploy,d,5,best,c017,0.004970550537109375,0.0,0.0,0.5742634534835815
0.0,deploy,d,5,best,c039,-0.23579883575439453,0.0,0.0,0.5742634534835815
0.0,deploy,d,5,best,c036,-0.012431144714355469,0.0,0.0,0.5742634534835815
0.0,deploy,d,5,best,c009,-0.21528148651123047,0.0,0.0,0.5742634534835815
0.0,deploy,d,5,best,c000,0.0728464126586914,0.0,0.0,0.5742634534835815
0.0,deploy,d,5,best,c013,-0.020517349243164062,0.0,0.0,0.5742634534835815
0.0,deploy,d,5,best,c049,-0.26387786865234375,0.0,0.0,0.5742634534835815
0.0,deploy,d,5,best,c058,-0.0775308609008789,0.0,0.0,0.5742634534835815
0.0,deploy,d,5,best,c024,0.022718429565429688,0.0,0.0,0.5742634534835815
0.0,deploy,d,5,best,c042,0.0739278793334961,0.0,0.0,0.5742634534835815
0.0,deploy,d,5,best,c047,-0.09921932220458984,0.0,0.0,0.5742634534835815
0.0,deploy,d,5,best,c043,-0.019342422485351562,0.0,0.0,0.5742634534835815
0.0,deploy,d,5,best,c003,0.01912212371826172,0.0,0.0,0.5742634534835815
0.0,deploy,d,5,best,c041,0.08287429809570312,0.0,0.0,0.5742634534835815
0.0,deploy,d,5,best,c008,-0.5053625106811523,0.0,0.0,0.5742634534835815
0.0,deploy,d,5,best,c045,0.07036781311035156,0.0,0.0,0.5742634534835815
0.0,deploy,d,5,best,c011,0.028665542602539062,0.0,0.0,0.5742634534835815
0.0,deploy,d,5,best,c020,0.1832733154296875,0.0,0.0,0.5742634534835815
0.0,deploy,d,5,best,c044,-0.0008945465087890625,0.0,0.0,0.5742634534835815
0.0,deploy,d,5,best,c016,0.052967071533203125,0.0,0.0,0.5742634534835815
0.0,deploy,d,5,best,c056,0.11638259887695312,0.0,0.0,0.5742634534835815
0.0,deploy,d,5,best,c025,0.08597373962402344,0.0,0.0,0.5742634534835815
0.0,deploy,d,5,best,c029,-0.015195846557617188,0.0,0.0,0.5742634534835815
0.0,deploy,d,5,best,c014,-0.0025663375854492188,0.0,0.0,0.5742634534835815
0.0,deploy,d,5,best,c002,0.09083938598632812,0.0,0.0,0.5742634534835815
0.0,deploy,d,5,best,c023,0.042618751525878906,0.0,0.0,0.5742634534835815
0.0,deploy,d,5,best,c046,0.22525596618652344,0.0,0.0,0.5742634534835815
0.0,deploy,d,5,best,c022,0.1709728240966797,0.0,0.0,0.5742634534835815
0.0,deploy,d,5,best,c050,0.10285663604736328,0.0,0.0,0.5742634534835815
0.0,deploy,d,5,best,c006,0.017823219299316406,0.0,0.0,0.5742634534835815
0.0,deploy,d,5,best,c017,-0.02182483673095703,0.0,0.0,0.5742634534835815
0.0,deploy,d,5,best,c039,-0.2451181411743164,0.0,0.0,0.5742634534835815
0.0,deploy,d,5,best,c036,-0.06005287170410156,0.0,0.0,0.5742634534835815
0.0,deploy,d,5,best,c009,-0.19097042083740234,0.0,0.0,0.5742634534835815
0.0,deploy,d,5,best,c000,0.2042226791381836,0.0,0.0,0.5742634534835815
0.0,deploy,d,5,best,c013,0.02779674530029297,0.0,0.0,0.5742634534835815
0.0,deploy,d,5,best,c049,-0.5244989395141602,0.0,0.0,0.5742634534835815
0.0,deploy,d,5,best,c058,0.02795124053955078,0.0,0.0,0.5742634534835815
0.0,deploy,d,5,best,c024,0.12201404571533203,0.0,0.0,0.5742634534835815
0.0,deploy,d,5,best,c042,0.07889556884765625,0.0,0.0,0.5742634534835815
0.0,deploy,d,5,best,c047,-0.08669185638427734,0.0,0.0,0.5742634534835815
0.0,deploy,d,5,best,c043,0.23190784454345703,0.0,0.0,0.5742634534835815
0.0,deploy,d,5,best,c003,0.06294059753417969,0.0,0.0,0.5742634534835815
0.0,deploy,d,5,best,c041,-0.19772911071777344,0.0,0.0,0.5742634534835815
0.0,deploy,d,5,best,c008,-0.18228530883789062,0.0,0.0,0.5742634534835815
0.0,deploy,d,5,best,c045,0.29471683502197266,0.0,0.0,0.5742634534835815
0.0,deploy,d,5,best,c011,0.026877403259277344,0.0,0.0,0.5742634534835815
0.0,deploy,d,5,best,c020,0.12048530578613281,0.0,0.0,0.5742634534835815
0.0,deploy,d,5,best,c044,-0.09829998016357422,0.0,0.0,0.5742634534835815
0.0,deploy,d,5,best,c016,0.12425613403320312,0.0,0.0,0.5742634534835815
0.0,deploy,d,5,best,c056,0.1462869644165039,0.0,0.0,0.5742634534835815
0.0,deploy,d,5,best,c025,0.08982276916503906,0.0,0.0,0.5742634534835815
0.0,deploy,d,5,best,c029,-0.1748037338256836,0.0,0.0,0.5742634534835815
0.0,deploy,d,5,best,c014,-0.14232635498046875,0.0,0.0,0.5742634534835815
0.0,deploy,d,5,best,c002,0.19704341888427734,0.0,0.0,0.5742634534835815
0.0,deploy,d,5,best,c023,0.0029077529907226562,0.0,0.0,0.5742634534835815
0.0,deploy,d,5,best,c046,0.008388519287109375,0.0,0.0,0.5742634534835815
0.0,deploy,d,5,best,c022,0.11044025421142578,0.0,0.0,0.5742634534835815
0.0,deploy,d,5,best,c050,0.11021614074707031,0.0,0.0,0.5742634534835815
0.5,eval,d,5,best,c006,0.30222320556640625,0.0006151199340820312,0.000440007250290364,0.6024541258811951
0.5,eval,d,5,best,c017,-0.01342010498046875,-0.008221626281738281,0.000440007250290364,0.6024541258811951
0.5,eval,d,5,best,c039,0.2935495376586914,0.007502555847167969,0.000440007250290364,0.6024541258811951
0.5,eval,d,5,best,c036,0.14255809783935547,0.01734638214111328,0.000440007250290364,0.6024541258811951
0.5,eval,d,5,best,c009,-0.10348987579345703,0.01202392578125,0.000440007250290364,0.6024541258811951
0.5,eval,d,5,best,c000,0.25237369537353516,0.0004215240478515625,0.000440007250290364,0.6024541258811951
0.5,eval,d,5,best,c013,0.32532215118408203,-0.008265495300292969,0.000440007250290364,0.6024541258811951
0.5,eval,d,5,best,c049,0.1088876724243164,-0.008211135864257812,0.000440007250290364,0.6024541258811951
0.5,eval,d,5,best,c058,0.18298721313476562,0.005603790283203125,0.000440007250290364,0.6024541258811951
0.5,eval,d,5,best,c024,0.32013607025146484,0.01071929931640625,0.000440007250290364,0.6024541258811951
0.5,eval,d,5,best,c042,0.2409954071044922,0.007639884948730469,0.000440007250290364,0.6024541258811951
0.5,eval,d,5,best,c047,0.31267452239990234,0.013943672180175781,0.000440007250290364,0.6024541258811951
0.5,eval,d,5,best,c043,0.16559410095214844,0.015209197998046875,0.000440007250290364,0.6024541258811951
0.5,eval,d,5,best,c003,0.3578147888183594,0.0039520263671875,0.000440007250290364,0.6024541258811951
0.5,eval,d,5,best,c041,0.08699893951416016,0.00185394287109375,0.000440007250290364,0.6024541258811951
0.5,eval,d,5,best,c008,-0.24429988861083984,-0.002063751220703125,0.000440007250290364,0.6024541258811951
0.5,eval,d,5,best,c045,0.3434562683105469,-0.0052623748779296875,0.000440007250290364,0.6024541258811951
0.5,eval,d,5,best,c011,0.19393539428710938,-0.0059356689453125,0.000440007250290364,0.6024541258811951
0.5,eval,d,5,best,c020,0.4998750686645508,-0.0037603378295898438,0.000440007250290364,0.6024541258811951
0.5,eval,d,5,best,c044,0.3019599914550781,0.006993293762207031,0.000440007250290364,0.6024541258811951
0.5,eval,d,5,best,c016,0.2758293151855469,0.0025529861450195312,0.000440007250290364,0.6024541258811951
0.5,eval,d,5,best,c056,0.3942413330078125,0.0057468414306640625,0.000440007250290364,0.6024541258811951
0.5,eval,d,5,best,c025,0.2751426696777344,0.007083892822265625,0.000440007250290364,0.6024541258811951
0.5,eval,d,5,best,c029,0.1257801055908203,0.012273788452148438,0.000440007250290364,0.6024541258811951
0.5,eval,d,5,best,c014,0.056603431701660156,-0.009507179260253906,0.000440007250290364,0.6024541258811951
0.5,eval,d,5,best,c002,0.42710208892822266,0.008618354797363281,0.000440007250290364,0.6024541258811951
0.5,eval,d,5,best,c023,0.3427305221557617,0.005219459533691406,0.000440007250290364,0.6024541258811951
0.5,eval,d,5,best,c046,0.28244972229003906,-0.0038022994995117188,0.000440007250290364,0.6024541258811951
0.5,eval,d,5,best,c022,0.10520362854003906,-0.0063190460205078125,0.000440007250290364,0.6024541258811951
0.5,eval,d,5,best,c050,0.5008058547973633,0.01032257080078125,0.000440007250290364,0.6024541258811951
0.5,eval,d,5,best,c006,0.36904430389404297,0.0058689117431640625,0.000440007250290364,0.6024541258811951
0.5,eval,d,5,best,c017,0.5401487350463867,0.00586700439453125,0.000440007250290364,0.6024541258811951
0.5,eval,d,5,best,c039,0.08170795440673828,0.0012607574462890625,0.000440007250290364,0.6024541258811951
0.5,eval,d,5,best,c036,0.1094045639038086,0.0059909820556640625,0.000440007250290364,0.6024541258811951
0.5,eval,d,5,best,c009,0.20882701873779297,0.014441490173339844,0.000440007250290364,0.6024541258811951
0.5,eval,d,5,best,c000,0.21899700164794922,0.0079345703125,0.000440007250290364,0.6024541258811951
0.5,eval,d,5,best,c013,0.14225196838378906,0.011240005493164062,0.000440007250290364,0.6024541258811951
0.5,eval,d,5,best,c049,0.009598731994628906,0.0026874542236328125,0.000440007250290364,0.6024541258811951
0.5,eval,d,5,best,c058,0.04767608642578125,0.0037870407104492188,0.000440007250290364,0.6024541258811951
0.5,eval,d,5,best,c024,0.2726278305053711,0.007294654846191406,0.000440007250290364,0.6024541258811951
0.5,eval,d,5,best,c042,0.1397256851196289,0.007529258728027344,0.000440007250290364,0.6024541258811951
0.5,eval,d,5,best,c047,0.3234233856201172,-0.000888824462890625,0.000440007250290364,0.6024541258811951
0.5,eval,d,5,best,c043,0.27625179290771484,0.014704704284667969,0.000440007250290364,0.6024541258811951
0.5,eval,d,5,best,c003,0.22750568389892578,0.017770767211914062,0.000440007250290364,0.6024541258811951
0.5,eval,d,5,best,c041,0.21799278259277344,0.015259742736816406,0.000440007250290364,0.6024541258811951
0.5,eval,d,5,best,c008,0.13924217224121094,0.006239891052246094,0.000440007250290364,0.6024541258811951
0.5,eval,d,5,best,c045,0.22959518432617188,0.007742881774902344,0.000440007250290364,0.6024541258811951
0.5,eval,d,5,best,c011,0.16944122314453125,0.009777069091796875,0.000440007250290364,0.6024541258811951
0.5,eval,d,5,best,c020,0.45373058319091797,0.0066318511962890625,0.000440007250290364,0.6024541258811951
0.5,eval,d,5,best,c044,0.02265453338623047,0.010595321655273438,0.000440007250290364,0.6024541258811951
0.5,eval,d,5,best,c016,0.3461627960205078,0.001827239990234375,0.000440007250290364,0.6024541258811951
0.5,eval,d,5,best,c056,0.20424556732177734,0.006228446960449219,0.000440007250290364,0.6024541258811951
0.5,eval,d,5,best,c025,0.14794254302978516,0.010342597961425781,0.000440007250290364,0.6024541258811951
0.5,eval,d,5,best,c029,0.3582191467285156,0.013352394104003906,0.000440007250290364,0.6024541258811951
0.5,eval,d,5,best,c014,0.0948944091796875,-0.0012369155883789062,0.000440007250290364,0.6024541258811951
0.5,eval,d,5,best,c002,0.33687877655029297,0.006763458251953125,0.000440007250290364,0.6024541258811951
0.5,eval,d,5,best,c023,0.611872673034668,0.0013704299926757812,0.000440007250290364,0.6024541258811951
0.5,eval,d,5,best,c046,0.1894979476928711,0.017587661743164062,0.000440007250290364,0.6024541258811951
0.5,eval,d,5,best,c022,0.46092987060546875,0.01673603057861328,0.000440007250290364,0.6024541258811951
0.5,eval,d,5,best,c050,0.3798198699951172,0.007176399230957031,0.000440007250290364,0.6024541258811951
0.5,deploy,d,5,best,c006,0.037375450134277344,0.01654338836669922,0.00015573498967569321,0.5682200193405151
0.5,deploy,d,5,best,c017,0.023120880126953125,0.01815032958984375,0.00015573498967569321,0.5682200193405151
0.5,deploy,d,5,best,c039,-0.23135089874267578,0.00444793701171875,0.00015573498967569321,0.5682200193405151
0.5,deploy,d,5,best,c036,0.009241104125976562,0.02167224884033203,0.00015573498967569321,0.5682200193405151
0.5,deploy,d,5,best,c009,-0.19722366333007812,0.018057823181152344,0.00015573498967569321,0.5682200193405151
0.5,deploy,d,5,best,c000,0.09259510040283203,0.019748687744140625,0.00015573498967569321,0.5682200193405151
0.5,deploy,d,5,best,c013,-0.0025167465209960938,0.01800060272216797,0.00015573498967569321,0.5682200193405151
0.5,deploy,d,5,best,c049,-0.25564002990722656,0.008237838745117188,0.00015573498967569321,0.5682200193405151
0.5,deploy,d,5,best,c058,-0.07446670532226562,0.0030641555786132812,0.00015573498967569321,0.5682200193405151
0.5,deploy,d,5,best,c024,0.04480457305908203,0.022086143493652344,0.00015573498967569321,0.5682200193405151
0.5,deploy,d,5,best,c042,0.09126853942871094,0.017340660095214844,0.00015573498967569321,0.5682200193405151
0.5,deploy,d,5,best,c047,-0.07834529876708984,0.0208740234375,0.00015573498967569321,0.5682200193405151
0.5,deploy,d,5,best,c043,-0.0029535293579101562,0.016388893127441406,0.00015573498967569321,0.5682200193405151
0.5,deploy,d,5,best,c003,0.03927803039550781,0.020155906677246094,0.00015573498967569321,0.5682200193405151
0.5,deploy,d,5,best,c041,0.0988454818725586,0.01597118377685547,0.00015573498967569321,0.5682200193405151
0.5,deploy,d,5,best,c008,-0.5118503570556641,-0.006487846374511719,0.00015573498967569321,0.5682200193405151
0.5,deploy,d,5,best,c045,0.08200263977050781,0.01163482666015625,0.00015573498967569321,0.5682200193405151
0.5,deploy,d,5,best,c011,0.04888343811035156,0.0202178955078125,0.00015573498967569321,0.5682200193405151
0.5,deploy,d,5,best,c020,0.2027597427368164,0.019486427307128906,0.00015573498967569321,0.5682200193405151
0.5,deploy,d,5,best,c044,0.024491310119628906,0.02538585662841797,0.00015573498967569321,0.5682200193405151
0.5,deploy,d,5,best,c016,0.061130523681640625,0.0081634521484375,0.00015573498967569321,0.5682200193405151
0.5,deploy,d,5,best,c056,0.13364028930664062,0.0172576904296875,0.00015573498967569321,0.5682200193405151
0.5,deploy,d,5,best,c025,0.09949493408203125,0.013521194458007812,0.00015573498967569321,0.5682200193405151
0.5,deploy,d,5,best,c029,-0.0027532577514648438,0.012442588806152344,0.00015573498967569321,0.5682200193405151
0.5,deploy,d,5,best,c014,0.0069446563720703125,0.009510993957519531,0.00015573498967569321,0.5682200193405151
0.5,deploy,d,5,best,c002,0.11202812194824219,0.021188735961914062,0.00015573498967569321,0.5682200193405151
0.5,deploy,d,5,best,c023,0.06258010864257812,0.01996135711669922,0.00015573498967569321,0.5682200193405151
0.5,deploy,d,5,best,c046,0.2423381805419922,0.01708221435546875,0.00015573498967569321,0.5682200193405151
0.5,deploy,d,5,best,c022,0.1771259307861328,0.006153106689453125,0.00015573498967569321,0.5682200193405151
0.5,deploy,d,5,best,c050,0.12042903900146484,0.017572402954101562,0.00015573498967569321,0.5682200193405151
0.5,deploy,d,5,best,c006,0.03311920166015625,0.015295982360839844,0.00015573498967569321,0.5682200193405151
0.5,deploy,d,5,best,c017,-0.011959075927734375,0.009865760803222656,0.00015573498967569321,0.5682200193405151
0.5,deploy,d,5,best,c039,-0.23889541625976562,0.006222724914550781,0.00015573498967569321,0.5682200193405151
0.5,deploy,d,5,best,c036,-0.03990745544433594,0.020145416259765625,0.00015573498967569321,0.5682200193405151
0.5,deploy,d,5,best,c009,-0.17725276947021484,0.0137176513671875,0.00015573498967569321,0.5682200193405151
0.5,deploy,d,5,best,c000,0.2259073257446289,0.021684646606445312,0.00015573498967569321,0.5682200193405151
0.5,deploy,d,5,best,c013,0.037502288818359375,0.009705543518066406,0.00015573498967569321,0.5682200193405151
0.5,deploy,d,5,best,c049,-0.5187540054321289,0.00574493408203125,0.00015573498967569321,0.5682200193405151
0.5,deploy,d,5,best,c058,0.035284996032714844,0.0073337554931640625,0.00015573498967569321,0.5682200193405151
0.5,deploy,d,5,best,c024,0.1407632827758789,0.018749237060546875,0.00015573498967569321,0.5682200193405151
0.5,deploy,d,5,best,c042,0.10675048828125,0.02785491943359375,0.00015573498967569321,0.5682200193405151
0.5,deploy,d,5,best,c047,-0.06957817077636719,0.017113685607910156,0.00015573498967569321,0.5682200193405151
0.5,deploy,d,5,best,c043,0.2565927505493164,0.024684906005859375,0.00015573498967569321,0.5682200193405151
0.5,deploy,d,5,best,c003,0.08026790618896484,0.017327308654785156,0.00015573498967569321,0.5682200193405151
0.5,deploy,d,5,best,c041,-0.18947982788085938,0.008249282836914062,0.00015573498967569321,0.5682200193405151
0.5,deploy,d,5,best,c008,-0.17249774932861328,0.009787559509277344,0.00015573498967569321,0.5682200193405151
0.5,deploy,d,5,best,c045,0.3132495880126953,0.018532752990722656,0.00015573498967569321,0.5682200193405151
0.5,deploy,d,5,best,c011,0.04268360137939453,0.015806198120117188,0.00015573498967569321,0.5682200193405151
0.5,deploy,d,5,best,c020,0.13790416717529297,0.017418861389160156,0.00015573498967569321,0.5682200193405151
0.5,deploy,d,5,best,c044,-0.07707786560058594,0.02122211456298828,0.00015573498967569321,0.5682200193405151
0.5,deploy,d,5,best,c016,0.13285350799560547,0.008597373962402344,0.00015573498967569321,0.5682200193405151
0.5,deploy,d,5,best,c056,0.16234493255615234,0.016057968139648438,0.00015573498967569321,0.5682200193405151
0.5,deploy,d,5,best,c025,0.10560798645019531,0.01578521728515625,0.00015573498967569321,0.5682200193405151
0.5,deploy,d,5,best,c029,-0.1638774871826172,0.010926246643066406,0.00015573498967569321,0.5682200193405151
0.5,deploy,d,5,best,c014,-0.13348388671875,0.00884246826171875,0.00015573498967569321,0.5682200193405151
0.5,deploy,d,5,best,c002,0.21889209747314453,0.021848678588867188,0.00015573498967569321,0.5682200193405151
0.5,deploy,d,5,best,c023,0.02299213409423828,0.020084381103515625,0.00015573498967569321,0.5682200193405151
0.5,deploy,d,5,best,c046,0.025453567504882812,0.017065048217773438,0.00015573498967569321,0.5682200193405151
0.5,deploy,d,5,best,c022,0.12812137603759766,0.017681121826171875,0.00015573498967569321,0.5682200193405151
0.5,deploy,d,5,best,c050,0.1315021514892578,0.0212860107421875,0.00015573498967569321,0.5682200193405151
0.5,eval,random,5,best,c006,0.3124666213989258,0.010858535766601562,0.0004819963924092008,0.6121573646863302
0.5,eval,random,5,best,c017,-0.004261016845703125,0.0009374618530273438,0.0004819963924092008,0.6121573646863302
0.5,eval,random,5,best,c039,0.2944326400756836,0.008385658264160156,0.0004819963924092008,0.6121573646863302
0.5,eval,random,5,best,c036,0.14113076527913412,0.015919049580891936,0.0004819963924092008,0.6121573646863302
0.5,eval,random,5,best,c009,-0.11127503712972005,0.004238764444986984,0.0004819963924092008,0.6121573646863302
0.5,eval,random,5,best,c000,0.26047738393147785,0.008525212605794252,0.0004819963924092008,0.6121573646863302
0.5,eval,random,5,best,c013,0.3388519287109375,0.0052642822265625,0.0004819963924092008,0.6121573646863302
0.5,eval,random,5,best,c049,0.13050460815429688,0.013405799865722656,0.0004819963924092008,0.6121573646863302
0.5,eval,random,5,best,c058,0.18138345082600912,0.004000027974446624,0.0004819963924092008,0.6121573646863302
0.5,eval,random,5,best,c024,0.3189331690470378,0.009516398111979185,0.0004819963924092008,0.6121573646863302
0.5,eval,random,5,best,c042,0.2411212921142578,0.007765769958496094,0.0004819963924092008,0.6121573646863302
0.5,eval,random,5,best,c047,0.3058614730834961,0.007130622863769531,0.0004819963924092008,0.6121573646863302
0.5,eval,random,5,best,c043,0.15738423665364584,0.00699933369954428,0.0004819963924092008,0.6121573646863302
0.5,eval,random,5,best,c003,0.36822986602783203,0.014367103576660156,0.0004819963924092008,0.6121573646863302
0.5,eval,random,5,best,c041,0.09291013081868489,0.007765134175618485,0.0004819963924092008,0.6121573646863302
0.5,eval,random,5,best,c008,-0.2439092000325521,-0.0016730626424153738,0.0004819963924092008,0.6121573646863302
0.5,eval,random,5,best,c045,0.3592691421508789,0.010550498962402344,0.0004819963924092008,0.6121573646863302
0.5,eval,random,5,best,c011,0.2040430704752604,0.004172007242838532,0.0004819963924092008,0.6121573646863302
0.5,eval,random,5,best,c020,0.5126482645670573,0.00901285807291663,0.0004819963924092008,0.6121573646863302
0.5,eval,random,5,best,c044,0.3066282272338867,0.011661529541015625,0.0004819963924092008,0.6121573646863302
0.5,eval,random,5,best,c016,0.2793134053548177,0.006037076314290346,0.0004819963924092008,0.6121573646863302
0.5,eval,random,5,best,c056,0.4039297103881836,0.015435218811035156,0.0004819963924092008,0.6121573646863302
0.5,eval,random,5,best,c025,0.2765207290649414,0.008461952209472656,0.0004819963924092008,0.6121573646863302
0.5,eval,random,5,best,c029,0.13050556182861328,0.016999244689941406,0.0004819963924092008,0.6121573646863302
0.5,eval,random,5,best,c014,0.06711483001708984,0.0010042190551757812,0.0004819963924092008,0.6121573646863302
0.5,eval,random,5,best,c002,0.42820580800374347,0.009722073872884096,0.0004819963924092008,0.6121573646863302
0.5,eval,random,5,best,c023,0.3527139027913411,0.015202840169270815,0.0004819963924092008,0.6121573646863302
0.5,eval,random,5,best,c046,0.29460938771565753,0.008357365926106752,0.0004819963924092008,0.6121573646863302
0.5,eval,random,5,best,c022,0.11163012186686198,0.00010744730631510879,0.0004819963924092008,0.6121573646863302
0.5,eval,random,5,best,c050,0.5083614985148112,0.01787821451822913,0.0004819963924092008,0.6121573646863302
0.5,eval,random,5,best,c006,0.3732598622639974,0.010084470113118471,0.0004819963924092008,0.6121573646863302
0.5,eval,random,5,best,c017,0.5450951258341471,0.01081339518229163,0.0004819963924092008,0.6121573646863302
0.5,eval,random,5,best,c039,0.09609158833821614,0.015644391377766922,0.0004819963924092008,0.6121573646863302
0.5,eval,random,5,best,c036,0.11187330881754558,0.008459726969401046,0.0004819963924092008,0.6121573646863302
0.5,eval,random,5,best,c009,0.2020543416341146,0.007668813069661468,0.0004819963924092008,0.6121573646863302
0.5,eval,random,5,best,c000,0.21736844380696616,0.006306012471516936,0.0004819963924092008,0.6121573646863302
0.5,eval,random,5,best,c013,0.13158798217773438,0.000576019287109375,0.0004819963924092008,0.6121573646863302
0.5,eval,random,5,best,c049,0.012546539306640625,0.005635261535644531,0.0004819963924092008,0.6121573646863302
0.5,eval,random,5,best,c058,0.050384839375813804,0.006495793660481773,0.0004819963924092008,0.6121573646863302
0.5,eval,random,5,best,c024,0.27217547098795575,0.00684229532877606,0.0004819963924092008,0.6121573646863302
0.5,eval,random,5,best,c042,0.13547452290852866,0.0032780965169270926,0.0004819963924092008,0.6121573646863302
0.5,eval,random,5,best,c047,0.34560616811116535,0.021293958028157534,0.0004819963924092008,0.6121573646863302
0.5,eval,random,5,best,c043,0.277987798055013,0.016440709431966127,0.0004819963924092008,0.6121573646863302
0.5,eval,random,5,best,c003,0.21454079945882162,0.004805882771809905,0.0004819963924092008,0.6121573646863302
0.5,eval,random,5,best,c041,0.21038118998209634,0.007648150126139314,0.0004819963924092008,0.6121573646863302
0.5,eval,random,5,best,c008,0.14553260803222656,0.012530326843261719,0.0004819963924092008,0.6121573646863302
0.5,eval,random,5,best,c045,0.22817230224609375,0.006319999694824219,0.0004819963924092008,0.6121573646863302
0.5,eval,random,5,best,c011,0.16137154897054037,0.0017073949178059988,0.0004819963924092008,0.6121573646863302
0.5,eval,random,5,best,c020,0.4574298858642578,0.010331153869628906,0.0004819963924092008,0.6121573646863302
0.5,eval,random,5,best,c044,0.0168917973836263,0.00483258565266927,0.0004819963924092008,0.6121573646863302
0.5,eval,random,5,best,c016,0.3502972920735677,0.005961736043294252,0.0004819963924092008,0.6121573646863302
0.5,eval,random,5,best,c056,0.2061456044514974,0.00812848409016928,0.0004819963924092008,0.6121573646863302
0.5,eval,random,5,best,c025,0.13930829366048178,0.001708348592122405,0.0004819963924092008,0.6121573646863302
0.5,eval,random,5,best,c029,0.3483956654866536,0.0035289128621419086,0.0004819963924092008,0.6121573646863302
0.5,eval,random,5,best,c014,0.09856986999511719,0.0024385452270507812,0.0004819963924092008,0.6121573646863302
0.5,eval,random,5,best,c002,0.34568055470784503,0.01556523640950519,0.0004819963924092008,0.6121573646863302
0.5,eval,random,5,best,c023,0.63348388671875,0.022981643676757812,0.0004819963924092008,0.6121573646863302
0.5,eval,random,5,best,c046,0.1814556121826172,0.009545326232910156,0.0004819963924092008,0.6121573646863302
0.5,eval,random,5,best,c022,0.4561360677083333,0.011942227681477846,0.0004819963924092008,0.6121573646863302
0.5,eval,random,5,best,c050,0.3823874791463216,0.00974400838216144,0.0004819963924092008,0.6121573646863302
1.0,eval,d,5,best,c006,0.3023843765258789,0.0007762908935546875,0.001897411304526031,0.592248260974884
1.0,eval,d,5,best,c017,-0.02187824249267578,-0.016679763793945312,0.001897411304526031,0.592248260974884
1.0,eval,d,5,best,c039,0.2994861602783203,0.013439178466796875,0.001897411304526031,0.592248260974884
1.0,eval,d,5,best,c036,0.15882492065429688,0.03361320495605469,0.001897411304526031,0.592248260974884
1.0,eval,d,5,best,c009,-0.09224605560302734,0.023267745971679688,0.001897411304526031,0.592248260974884
1.0,eval,d,5,best,c000,0.25083255767822266,-0.0011196136474609375,0.001897411304526031,0.592248260974884
1.0,eval,d,5,best,c013,0.31627559661865234,-0.017312049865722656,0.001897411304526031,0.592248260974884
1.0,eval,d,5,best,c049,0.09888648986816406,-0.018212318420410156,0.001897411304526031,0.592248260974884
1.0,eval,d,5,best,c058,0.18958377838134766,0.012200355529785156,0.001897411304526031,0.592248260974884
1.0,eval,d,5,best,c024,0.3306903839111328,0.02127361297607422,0.001897411304526031,0.592248260974884
1.0,eval,d,5,best,c042,0.24770259857177734,0.014347076416015625,0.001897411304526031,0.592248260974884
1.0,eval,d,5,best,c047,0.32724857330322266,0.028517723083496094,0.001897411304526031,0.592248260974884
1.0,eval,d,5,best,c043,0.1820354461669922,0.031650543212890625,0.001897411304526031,0.592248260974884
1.0,eval,d,5,best,c003,0.3599386215209961,0.006075859069824219,0.001897411304526031,0.592248260974884
1.0,eval,d,5,best,c041,0.0879201889038086,0.0027751922607421875,0.001897411304526031,0.592248260974884
1.0,eval,d,5,best,c008,-0.24547576904296875,-0.0032396316528320312,0.001897411304526031,0.592248260974884
1.0,eval,d,5,best,c045,0.33705902099609375,-0.011659622192382812,0.001897411304526031,0.592248260974884
1.0,eval,d,5,best,c011,0.18628692626953125,-0.013584136962890625,0.001897411304526031,0.592248260974884
1.0,eval,d,5,best,c020,0.49350452423095703,-0.010130882263183594,0.001897411304526031,0.592248260974884
1.0,eval,d,5,best,c044,0.3076457977294922,0.012679100036621094,0.001897411304526031,0.592248260974884
1.0,eval,d,5,best,c016,0.2760457992553711,0.00276947021484375,0.001897411304526031,0.592248260974884
1.0,eval,d,5,best,c056,0.3978738784790039,0.009379386901855469,0.001897411304526031,0.592248260974884
1.0,eval,d,5,best,c025,0.2819070816040039,0.013848304748535156,0.001897411304526031,0.592248260974884
1.0,eval,d,5,best,c029,0.1373271942138672,0.023820877075195312,0.001897411304526031,0.592248260974884
1.0,eval,d,5,best,c014,0.045502662658691406,-0.020607948303222656,0.001897411304526031,0.592248260974884
1.0,eval,d,5,best,c002,0.4345731735229492,0.016089439392089844,0.001897411304526031,0.592248260974884
1.0,eval,d,5,best,c023,0.3457221984863281,0.008211135864257812,0.001897411304526031,0.592248260974884
1.0,eval,d,5,best,c046,0.2747058868408203,-0.011546134948730469,0.001897411304526031,0.592248260974884
1.0,eval,d,5,best,c022,0.09881305694580078,-0.012709617614746094,0.001897411304526031,0.592248260974884
1.0,eval,d,5,best,c050,0.5089502334594727,0.018466949462890625,0.001897411304526031,0.592248260974884
1.0,eval,d,5,best,c006,0.3748788833618164,0.0117034912109375,0.001897411304526031,0.592248260974884
1.0,eval,d,5,best,c017,0.5454702377319336,0.011188507080078125,0.001897411304526031,0.592248260974884
1.0,eval,d,5,best,c039,0.08185768127441406,0.0014104843139648438,0.001897411304526031,0.592248260974884
1.0,eval,d,5,best,c036,0.1149444580078125,0.011530876159667969,0.001897411304526031,0.592248260974884
1.0,eval,d,5,best,c009,0.22234821319580078,0.027962684631347656,0.001897411304526031,0.592248260974884
1.0,eval,d,5,best,c000,0.22472763061523438,0.013665199279785156,0.001897411304526031,0.592248260974884
1.0,eval,d,5,best,c013,0.1521282196044922,0.021116256713867188,0.001897411304526031,0.592248260974884
1.0,eval,d,5,best,c049,0.012775421142578125,0.005864143371582031,0.001897411304526031,0.592248260974884
1.0,eval,d,5,best,c058,0.05071258544921875,0.006823539733886719,0.001897411304526031,0.592248260974884
1.0,eval,d,5,best,c024,0.27907848358154297,0.013745307922363281,0.001897411304526031,0.592248260974884
1.0,eval,d,5,best,c042,0.1463022232055664,0.014105796813964844,0.001897411304526031,0.592248260974884
1.0,eval,d,5,best,c047,0.32166576385498047,-0.0026464462280273438,0.001897411304526031,0.592248260974884
1.0,eval,d,5,best,c043,0.2901182174682617,0.028571128845214844,0.001897411304526031,0.592248260974884
1.0,eval,d,5,best,c003,0.24384689331054688,0.034111976623535156,0.001897411304526031,0.592248260974884
1.0,eval,d,5,best,c041,0.2313098907470703,0.02857685089111328,0.001897411304526031,0.592248260974884
1.0,eval,d,5,best,c008,0.14591312408447266,0.012910842895507812,0.001897411304526031,0.592248260974884
1.0,eval,d,5,best,c045,0.23524093627929688,0.013388633728027344,0.001897411304526031,0.592248260974884
1.0,eval,d,5,best,c011,0.178558349609375,0.018894195556640625,0.001897411304526031,0.592248260974884
1.0,eval,d,5,best,c020,0.4585695266723633,0.011470794677734375,0.001897411304526031,0.592248260974884
1.0,eval,d,5,best,c044,0.03310871124267578,0.02104949951171875,0.001897411304526031,0.592248260974884
1.0,eval,d,5,best,c016,0.3466758728027344,0.0023403167724609375,0.001897411304526031,0.592248260974884
1.0,eval,d,5,best,c056,0.20938587188720703,0.011368751525878906,0.001897411304526031,0.592248260974884
1.0,eval,d,5,best,c025,0.15838241577148438,0.020782470703125,0.001897411304526031,0.592248260974884
1.0,eval,d,5,best,c029,0.37173938751220703,0.026872634887695312,0.001897411304526031,0.592248260974884
1.0,eval,d,5,best,c014,0.09272098541259766,-0.00341033935546875,0.001897411304526031,0.592248260974884
1.0,eval,d,5,best,c002,0.34116554260253906,0.011050224304199219,0.001897411304526031,0.592248260974884
1.0,eval,d,5,best,c023,0.6099510192871094,-0.0005512237548828125,0.001897411304526031,0.592248260974884
1.0,eval,d,5,best,c046,0.20679283142089844,0.034882545471191406,0.001897411304526031,0.592248260974884
1.0,eval,d,5,best,c022,0.4747753143310547,0.03058147430419922,0.001897411304526031,0.592248260974884
1.0,eval,d,5,best,c050,0.3864259719848633,0.013782501220703125,0.001897411304526031,0.592248260974884
1.0,deploy,d,5,best,c006,0.05373573303222656,0.03290367126464844,0.0006973824929445982,0.5610686540603638
1.0,deploy,d,5,best,c017,0.04148578643798828,0.036515235900878906,0.0006973824929445982,0.5610686540603638
1.0,deploy,d,5,best,c039,-0.22682666778564453,0.00897216796875,0.0006973824929445982,0.5610686540603638
1.0,deploy,d,5,best,c036,0.03033733367919922,0.04276847839355469,0.0006973824929445982,0.5610686540603638
1.0,deploy,d,5,best,c009,-0.17859554290771484,0.036685943603515625,0.0006973824929445982,0.5610686540603638
1.0,deploy,d,5,best,c000,0.11139297485351562,0.03854656219482422,0.0006973824929445982,0.5610686540603638
1.0,deploy,d,5,best,c013,0.015018463134765625,0.03553581237792969,0.0006973824929445982,0.5610686540603638
1.0,deploy,d,5,best,c049,-0.24672222137451172,0.01715564727783203,0.0006973824929445982,0.5610686540603638
1.0,deploy,d,5,best,c058,-0.07146930694580078,0.006061553955078125,0.0006973824929445982,0.5610686540603638
1.0,deploy,d,5,best,c024,0.06711006164550781,0.044391632080078125,0.0006973824929445982,0.5610686540603638
1.0,deploy,d,5,best,c042,0.10872936248779297,0.034801483154296875,0.0006973824929445982,0.5610686540603638
1.0,deploy,d,5,best,c047,-0.056258201599121094,0.04296112060546875,0.0006973824929445982,0.5610686540603638
1.0,deploy,d,5,best,c043,0.014037132263183594,0.033379554748535156,0.0006973824929445982,0.5610686540603638
1.0,deploy,d,5,best,c003,0.05909252166748047,0.03997039794921875,0.0006973824929445982,0.5610686540603638
1.0,deploy,d,5,best,c041,0.1143808364868164,0.03150653839111328,0.0006973824929445982,0.5610686540603638
1.0,deploy,d,5,best,c008,-0.5164203643798828,-0.011057853698730469,0.0006973824929445982,0.5610686540603638
1.0,deploy,d,5,best,c045,0.09337043762207031,0.02300262451171875,0.0006973824929445982,0.5610686540603638
1.0,deploy,d,5,best,c011,0.06844520568847656,0.0397796630859375,0.0006973824929445982,0.5610686540603638
1.0,deploy,d,5,best,c020,0.22075653076171875,0.03748321533203125,0.0006973824929445982,0.5610686540603638
1.0,deploy,d,5,best,c044,0.05058097839355469,0.05147552490234375,0.0006973824929445982,0.5610686540603638
1.0,deploy,d,5,best,c016,0.06772422790527344,0.014757156372070312,0.0006973824929445982,0.5610686540603638
1.0,deploy,d,5,best,c056,0.14957618713378906,0.03319358825683594,0.0006973824929445982,0.5610686540603638
1.0,deploy,d,5,best,c025,0.11226654052734375,0.026292800903320312,0.0006973824929445982,0.5610686540603638
1.0,deploy,d,5,best,c029,0.009833335876464844,0.02502918243408203,0.0006973824929445982,0.5610686540603638
1.0,deploy,d,5,best,c014,0.01634502410888672,0.018911361694335938,0.0006973824929445982,0.5610686540603638
1.0,deploy,d,5,best,c002,0.131866455078125,0.041027069091796875,0.0006973824929445982,0.5610686540603638
1.0,deploy,d,5,best,c023,0.08238887786865234,0.03977012634277344,0.0006973824929445982,0.5610686540603638
1.0,deploy,d,5,best,c046,0.2579030990600586,0.032647132873535156,0.0006973824929445982,0.5610686540603638
1.0,deploy,d,5,best,c022,0.1821451187133789,0.011172294616699219,0.0006973824929445982,0.5610686540603638
1.0,deploy,d,5,best,c050,0.13743305206298828,0.034576416015625,0.0006973824929445982,0.5610686540603638
1.0,deploy,d,5,best,c006,0.04896259307861328,0.031139373779296875,0.0006973824929445982,0.5610686540603638
1.0,deploy,d,5,best,c017,-0.0021753311157226562,0.019649505615234375,0.0006973824929445982,0.5610686540603638
1.0,deploy,d,5,best,c039,-0.2320699691772461,0.013048171997070312,0.0006973824929445982,0.5610686540603638
1.0,deploy,d,5,best,c036,-0.020467758178710938,0.039585113525390625,0.0006973824929445982,0.5610686540603638
1.0,deploy,d,5,best,c009,-0.1627359390258789,0.028234481811523438,0.0006973824929445982,0.5610686540603638
1.0,deploy,d,5,best,c000,0.24586009979248047,0.041637420654296875,0.0006973824929445982,0.5610686540603638
1.0,deploy,d,5,best,c013,0.04610252380371094,0.01830577850341797,0.0006973824929445982,0.5610686540603638
1.0,deploy,d,5,best,c049,-0.5114994049072266,0.012999534606933594,0.0006973824929445982,0.5610686540603638
1.0,deploy,d,5,best,c058,0.041782379150390625,0.013831138610839844,0.0006973824929445982,0.5610686540603638
1.0,deploy,d,5,best,c024,0.15893936157226562,0.036925315856933594,0.0006973824929445982,0.5610686540603638
1.0,deploy,d,5,best,c042,0.13483428955078125,0.055938720703125,0.0006973824929445982,0.5610686540603638
1.0,deploy,d,5,best,c047,-0.05171489715576172,0.034976959228515625,0.0006973824929445982,0.5610686540603638
1.0,deploy,d,5,best,c043,0.2810859680175781,0.049178123474121094,0.0006973824929445982,0.5610686540603638
1.0,deploy,d,5,best,c003,0.09739971160888672,0.03445911407470703,0.0006973824929445982,0.5610686540603638
1.0,deploy,d,5,best,c041,-0.1813211441040039,0.01640796661376953,0.0006973824929445982,0.5610686540603638
1.0,deploy,d,5,best,c008,-0.16148948669433594,0.020795822143554688,0.0006973824929445982,0.5610686540603638
1.0,deploy,d,5,best,c045,0.33102989196777344,0.03631305694580078,0.0006973824929445982,0.5610686540603638
1.0,deploy,d,5,best,c011,0.058258056640625,0.031380653381347656,0.0006973824929445982,0.5610686540603638
1.0,deploy,d,5,best,c020,0.15334415435791016,0.032858848571777344,0.0006973824929445982,0.5610686540603638
1.0,deploy,d,5,best,c044,-0.055039405822753906,0.04326057434082031,0.0006973824929445982,0.5610686540603638
1.0,deploy,d,5,best,c016,0.1402444839477539,0.01598834991455078,0.0006973824929445982,0.5610686540603638
1.0,deploy,d,5,best,c056,0.1772603988647461,0.030973434448242188,0.0006973824929445982,0.5610686540603638
1.0,deploy,d,5,best,c025,0.12049293518066406,0.030670166015625,0.0006973824929445982,0.5610686540603638
1.0,deploy,d,5,best,c029,-0.15269947052001953,0.022104263305664062,0.0006973824929445982,0.5610686540603638
1.0,deploy,d,5,best,c014,-0.12392902374267578,0.01839733123779297,0.0006973824929445982,0.5610686540603638
1.0,deploy,d,5,best,c002,0.23932647705078125,0.042283058166503906,0.0006973824929445982,0.5610686540603638
1.0,deploy,d,5,best,c023,0.04299163818359375,0.040083885192871094,0.0006973824929445982,0.5610686540603638
1.0,deploy,d,5,best,c046,0.041411399841308594,0.03302288055419922,0.0006973824929445982,0.5610686540603638
1.0,deploy,d,5,best,c022,0.14516830444335938,0.034728050231933594,0.0006973824929445982,0.5610686540603638
1.0,deploy,d,5,best,c050,0.15312862396240234,0.04291248321533203,0.0006973824929445982,0.5610686540603638
1.0,eval,random,5,best,c006,0.32285531361897785,0.021247227986653627,0.001979567311839977,0.612096905708313
1.0,eval,random,5,best,c017,-0.0038537979125976562,0.0013446807861328125,0.001979567311839977,0.612096905708313
1.0,eval,random,5,best,c039,0.3013416926066081,0.015294710795084654,0.001979567311839977,0.612096905708313
1.0,eval,random,5,best,c036,0.1565093994140625,0.03129768371582031,0.001979567311839977,0.612096905708313
1.0,eval,random,5,best,c009,-0.1070556640625,0.008458137512207031,0.001979567311839977,0.612096905708313
1.0,eval,random,5,best,c000,0.26802857716878253,0.01607640584309894,0.001979567311839977,0.612096905708313
1.0,eval,random,5,best,c013,0.34265772501627606,0.00907007853190106,0.001979567311839977,0.612096905708313
1.0,eval,random,5,best,c049,0.1437835693359375,0.02668476104736328,0.001979567311839977,0.612096905708313
1.0,eval,random,5,best,c058,0.18501567840576172,0.007632255554199219,0.001979567311839977,0.612096905708313
1.0,eval,random,5,best,c024,0.3270314534505208,0.01761468251546222,0.001979567311839977,0.612096905708313
1.0,eval,random,5,best,c042,0.2483526865641276,0.014997164408365876,0.001979567311839977,0.612096905708313
1.0,eval,random,5,best,c047,0.3122914632161458,0.013560612996419252,0.001979567311839977,0.612096905708313
1.0,eval,random,5,best,c043,0.16364161173502603,0.01325670878092447,0.001979567311839977,0.612096905708313
1.0,eval,random,5,best,c003,0.38143380482991535,0.02757104237874347,0.001979567311839977,0.612096905708313
1.0,eval,random,5,best,c041,0.10042126973470052,0.01527627309163411,0.001979567311839977,0.612096905708313
1.0,eval,random,5,best,c008,-0.24649747212727866,-0.004261334737141936,0.001979567311839977,0.612096905708313
1.0,eval,random,5,best,c045,0.3690344492594401,0.02031580607096356,0.001979567311839977,0.612096905708313
1.0,eval,random,5,best,c011,0.2072744369506836,0.007403373718261719,0.001979567311839977,0.612096905708313
1.0,eval,random,5,best,c020,0.5200732549031576,0.016437848409016964,0.001979567311839977,0.612096905708313
1.0,eval,random,5,best,c044,0.3173106511433919,0.022343953450520815,0.001979567311839977,0.612096905708313
1.0,eval,random,5,best,c016,0.2843316396077474,0.011055310567220034,0.001979567311839977,0.612096905708313
1.0,eval,random,5,best,c056,0.41829872131347656,0.029804229736328125,0.001979567311839977,0.612096905708313
1.0,eval,random,5,best,c025,0.2836484909057617,0.015589714050292969,0.001979567311839977,0.612096905708313
1.0,eval,random,5,best,c029,0.14699077606201172,0.033484458923339844,0.001979567311839977,0.612096905708313
1.0,eval,random,5,best,c014,0.06774743398030598,0.0016368230183919225,0.001979567311839977,0.612096905708313
1.0,eval,random,5,best,c002,0.43607107798258465,0.01758734385172528,0.001979567311839977,0.612096905708313
1.0,eval,random,5,best,c023,0.36697928110758465,0.02946821848551434,0.001979567311839977,0.612096905708313
1.0,eval,random,5,best,c046,0.30191294352213544,0.015660921732584654,0.001979567311839977,0.612096905708313
1.0,eval,random,5,best,c022,0.11128044128417969,-0.0002422332763671875,0.001979567311839977,0.612096905708313
1.0,eval,random,5,best,c050,0.5248622894287109,0.034379005432128906,0.001979567311839977,0.612096905708313
1.0,eval,random,5,best,c006,0.38227685292561847,0.019101460774739565,0.001979567311839977,0.612096905708313
1.0,eval,random,5,best,c017,0.5541175206502279,0.019835789998372433,0.001979567311839977,0.612096905708313
1.0,eval,random,5,best,c039,0.11096127827962239,0.030514081319173172,0.001979567311839977,0.612096905708313
1.0,eval,random,5,best,c036,0.12026214599609375,0.01684856414794922,0.001979567311839977,0.612096905708313
1.0,eval,random,5,best,c009,0.2089687983194987,0.014583269755045564,0.001979567311839977,0.612096905708313
1.0,eval,random,5,best,c000,0.2222423553466797,0.011179924011230469,0.001979567311839977,0.612096905708313
1.0,eval,random,5,best,c013,0.13082186381022134,-0.00019009908040365509,0.001979567311839977,0.612096905708313
1.0,eval,random,5,best,c049,0.01900196075439453,0.012090682983398438,0.001979567311839977,0.612096905708313
1.0,eval,random,5,best,c058,0.056589762369791664,0.012700716654459633,0.001979567311839977,0.612096905708313
1.0,eval,random,5,best,c024,0.27819156646728516,0.012858390808105469,0.001979567311839977,0.612096905708313
1.0,eval,random,5,best,c042,0.13853136698404947,0.006334940592447907,0.001979567311839977,0.612096905708313
1.0,eval,random,5,best,c047,0.3660850524902344,0.04177284240722656,0.001979567311839977,0.612096905708313
1.0,eval,random,5,best,c043,0.2938934961954753,0.032346407572428404,0.001979567311839977,0.612096905708313
1.0,eval,random,5,best,c003,0.21824423472086588,0.008509318033854157,0.001979567311839977,0.612096905708313
1.0,eval,random,5,best,c041,0.21753565470377603,0.014802614847819001,0.001979567311839977,0.612096905708313
1.0,eval,random,5,best,c008,0.15631580352783203,0.023313522338867188,0.001979567311839977,0.612096905708313
1.0,eval,random,5,best,c045,0.23349285125732422,0.011640548706054688,0.001979567311839977,0.612096905708313
1.0,eval,random,5,best,c011,0.1618032455444336,0.0021390914916992188,0.001979567311839977,0.612096905708313
1.0,eval,random,5,best,c020,0.46648534138997394,0.019386609395345034,0.001979567311839977,0.612096905708313
1.0,eval,random,5,best,c044,0.020832061767578125,0.008772850036621094,0.001979567311839977,0.612096905708313
1.0,eval,random,5,best,c016,0.3551870981852214,0.010851542154947935,0.001979567311839977,0.612096905708313
1.0,eval,random,5,best,c056,0.21361891428629556,0.015601793924967439,0.001979567311839977,0.612096905708313
1.0,eval,random,5,best,c025,0.14074484507242838,0.003144900004069001,0.001979567311839977,0.612096905708313
1.0,eval,random,5,best,c029,0.35082530975341797,0.00595855712890625,0.001979567311839977,0.612096905708313
1.0,eval,random,5,best,c014,0.1007852554321289,0.0046539306640625,0.001979567311839977,0.612096905708313
1.0,eval,random,5,best,c002,0.35982735951741535,0.029712041219075502,0.001979567311839977,0.612096905708313
1.0,eval,random,5,best,c023,0.6546805699666342,0.044178326924641964,0.001979567311839977,0.612096905708313
1.0,eval,random,5,best,c046,0.19045480092366537,0.018544514973958343,0.001979567311839977,0.612096905708313
1.0,eval,random,5,best,c022,0.4667275746663411,0.02253373463948566,0.001979567311839977,0.612096905708313
1.0,eval,random,5,best,c050,0.39122358957926434,0.018580118815104185,0.001979567311839977,0.612096905708313
2.0,eval,d,5,best,c006,0.3030557632446289,0.0014476776123046875,0.008612186647951603,0.5677364468574524
2.0,eval,d,5,best,c017,-0.038313865661621094,-0.033115386962890625,0.008612186647951603,0.5677364468574524
2.0,eval,d,5,best,c039,0.30625247955322266,0.02020549774169922,0.008612186647951603,0.5677364468574524
2.0,eval,d,5,best,c036,0.1876211166381836,0.062409400939941406,0.008612186647951603,0.5677364468574524
2.0,eval,d,5,best,c009,-0.07386970520019531,0.04164409637451172,0.008612186647951603,0.5677364468574524
2.0,eval,d,5,best,c000,0.24317550659179688,-0.008776664733886719,0.008612186647951603,0.5677364468574524
2.0,eval,d,5,best,c013,0.29805564880371094,-0.03553199768066406,0.008612186647951603,0.5677364468574524
2.0,eval,d,5,best,c049,0.07403087615966797,-0.04306793212890625,0.008612186647951603,0.5677364468574524
2.0,eval,d,5,best,c058,0.2068777084350586,0.029494285583496094,0.008612186647951603,0.5677364468574524
2.0,eval,d,5,best,c024,0.35207653045654297,0.042659759521484375,0.008612186647951603,0.5677364468574524
2.0,eval,d,5,best,c042,0.2587251663208008,0.025369644165039062,0.008612186647951603,0.5677364468574524
2.0,eval,d,5,best,c047,0.3590087890625,0.06027793884277344,0.008612186647951603,0.5677364468574524
2.0,eval,d,5,best,c043,0.21985626220703125,0.06947135925292969,0.008612186647951603,0.5677364468574524
2.0,eval,d,5,best,c003,0.3599214553833008,0.006058692932128906,0.008612186647951603,0.5677364468574524
2.0,eval,d,5,best,c041,0.0880575180053711,0.0029125213623046875,0.008612186647951603,0.5677364468574524
2.0,eval,d,5,best,c008,-0.24617767333984375,-0.003941535949707031,0.008612186647951603,0.5677364468574524
2.0,eval,d,5,best,c045,0.32265472412109375,-0.026063919067382812,0.008612186647951603,0.5677364468574524
2.0,eval,d,5,best,c011,0.16813182830810547,-0.031739234924316406,0.008612186647951603,0.5677364468574524
2.0,eval,d,5,best,c020,0.47493934631347656,-0.028696060180664062,0.008612186647951603,0.5677364468574524
2.0,eval,d,5,best,c044,0.31578731536865234,0.02082061767578125,0.008612186647951603,0.5677364468574524
2.0,eval,d,5,best,c016,0.270050048828125,-0.0032262802124023438,0.008612186647951603,0.5677364468574524
2.0,eval,d,5,best,c056,0.39874839782714844,0.01025390625,0.008612186647951603,0.5677364468574524
2.0,eval,d,5,best,c025,0.2958078384399414,0.027749061584472656,0.008612186647951603,0.5677364468574524
2.0,eval,d,5,best,c029,0.15686416625976562,0.04335784912109375,0.008612186647951603,0.5677364468574524
2.0,eval,d,5,best,c014,0.0201416015625,-0.04596900939941406,0.008612186647951603,0.5677364468574524
2.0,eval,d,5,best,c002,0.44602203369140625,0.027538299560546875,0.008612186647951603,0.5677364468574524
2.0,eval,d,5,best,c023,0.3457193374633789,0.008208274841308594,0.008612186647951603,0.5677364468574524
2.0,eval,d,5,best,c046,0.24748992919921875,-0.03876209259033203,0.008612186647951603,0.5677364468574524
2.0,eval,d,5,best,c022,0.08879280090332031,-0.022729873657226562,0.008612186647951603,0.5677364468574524
2.0,eval,d,5,best,c050,0.518524169921875,0.02804088592529297,0.008612186647951603,0.5677364468574524
2.0,eval,d,5,best,c006,0.38713741302490234,0.023962020874023438,0.008612186647951603,0.5677364468574524
2.0,eval,d,5,best,c017,0.5540704727172852,0.019788742065429688,0.008612186647951603,0.5677364468574524
2.0,eval,d,5,best,c039,0.078033447265625,-0.0024137496948242188,0.008612186647951603,0.5677364468574524
2.0,eval,d,5,best,c036,0.12480449676513672,0.021390914916992188,0.008612186647951603,0.5677364468574524
2.0,eval,d,5,best,c009,0.2457113265991211,0.05132579803466797,0.008612186647951603,0.5677364468574524
2.0,eval,d,5,best,c000,0.23009586334228516,0.019033432006835938,0.008612186647951603,0.5677364468574524
2.0,eval,d,5,best,c013,0.16819095611572266,0.037178993225097656,0.008612186647951603,0.5677364468574524
2.0,eval,d,5,best,c049,0.0212249755859375,0.014313697814941406,0.008612186647951603,0.5677364468574524
2.0,eval,d,5,best,c058,0.05357170104980469,0.009682655334472656,0.008612186647951603,0.5677364468574524
2.0,eval,d,5,best,c024,0.29050540924072266,0.02517223358154297,0.008612186647951603,0.5677364468574524
2.0,eval,d,5,best,c042,0.15726566314697266,0.025069236755371094,0.008612186647951603,0.5677364468574524
2.0,eval,d,5,best,c047,0.3170652389526367,-0.007246971130371094,0.008612186647951603,0.5677364468574524
2.0,eval,d,5,best,c043,0.3161182403564453,0.05457115173339844,0.008612186647951603,0.5677364468574524
2.0,eval,d,5,best,c003,0.2725372314453125,0.06280231475830078,0.008612186647951603,0.5677364468574524
2.0,eval,d,5,best,c041,0.2525196075439453,0.04978656768798828,0.008612186647951603,0.5677364468574524
2.0,eval,d,5,best,c008,0.15934181213378906,0.02633953094482422,0.008612186647951603,0.5677364468574524
2.0,eval,d,5,best,c045,0.24117183685302734,0.019319534301757812,0.008612186647951603,0.5677364468574524
2.0,eval,d,5,best,c011,0.1966390609741211,0.03697490692138672,0.008612186647951603,0.5677364468574524
2.0,eval,d,5,best,c020,0.4628734588623047,0.01577472686767578,0.008612186647951603,0.5677364468574524
2.0,eval,d,5,best,c044,0.055149078369140625,0.043089866638183594,0.008612186647951603,0.5677364468574524
2.0,eval,d,5,best,c016,0.3449878692626953,0.000652313232421875,0.008612186647951603,0.5677364468574524
2.0,eval,d,5,best,c056,0.2181692123413086,0.02015209197998047,0.008612186647951603,0.5677364468574524
2.0,eval,d,5,best,c025,0.1811065673828125,0.043506622314453125,0.008612186647951603,0.5677364468574524
2.0,eval,d,5,best,c029,0.3992338180541992,0.0543670654296875,0.008612186647951603,0.5677364468574524
2.0,eval,d,5,best,c014,0.08698081970214844,-0.009150505065917969,0.008612186647951603,0.5677364468574524
2.0,eval,d,5,best,c002,0.3427143096923828,0.012598991394042969,0.008612186647951603,0.5677364468574524
2.0,eval,d,5,best,c023,0.5964431762695312,-0.014059066772460938,0.008612186647951603,0.5677364468574524
2.0,eval,d,5,best,c046,0.2399425506591797,0.06803226470947266,0.008612186647951603,0.5677364468574524
2.0,eval,d,5,best,c022,0.4927406311035156,0.048546791076660156,0.008612186647951603,0.5677364468574524
2.0,eval,d,5,best,c050,0.39865970611572266,0.0260162353515625,0.008612186647951603,0.5677364468574524
2.0,deploy,d,5,best,c006,0.0866994857788086,0.06586742401123047,0.0033965876791626215,0.5433042645454407
2.0,deploy,d,5,best,c017,0.07979011535644531,0.07481956481933594,0.0033965876791626215,0.5433042645454407
2.0,deploy,d,5,best,c039,-0.21751976013183594,0.018279075622558594,0.0033965876791626215,0.5433042645454407
2.0,deploy,d,5,best,c036,0.0701894760131836,0.08262062072753906,0.0033965876791626215,0.5433042645454407
2.0,deploy,d,5,best,c009,-0.14186954498291016,0.07341194152832031,0.0033965876791626215,0.5433042645454407
2.0,deploy,d,5,best,c000,0.14695167541503906,0.07410526275634766,0.0033965876791626215,0.5433042645454407
2.0,deploy,d,5,best,c013,0.049195289611816406,0.06971263885498047,0.0033965876791626215,0.5433042645454407
2.0,deploy,d,5,best,c049,-0.22763919830322266,0.036238670349121094,0.0033965876791626215,0.5433042645454407
2.0,deploy,d,5,best,c058,-0.06551647186279297,0.012014389038085938,0.0033965876791626215,0.5433042645454407
2.0,deploy,d,5,best,c024,0.11336994171142578,0.0906515121459961,0.0033965876791626215,0.5433042645454407
2.0,deploy,d,5,best,c042,0.14470481872558594,0.07077693939208984,0.0033965876791626215,0.5433042645454407
2.0,deploy,d,5,best,c047,-0.0072765350341796875,0.09194278717041016,0.0033965876791626215,0.5433042645454407
2.0,deploy,d,5,best,c043,0.05076026916503906,0.07010269165039062,0.0033965876791626215,0.5433042645454407
2.0,deploy,d,5,best,c003,0.09811878204345703,0.07899665832519531,0.0033965876791626215,0.5433042645454407
2.0,deploy,d,5,best,c041,0.14517879486083984,0.06230449676513672,0.0033965876791626215,0.5433042645454407
2.0,deploy,d,5,best,c008,-0.5188093185424805,-0.013446807861328125,0.0033965876791626215,0.5433042645454407
2.0,deploy,d,5,best,c045,0.1163034439086914,0.045935630798339844,0.0033965876791626215,0.5433042645454407
2.0,deploy,d,5,best,c011,0.10641765594482422,0.07775211334228516,0.0033965876791626215,0.5433042645454407
2.0,deploy,d,5,best,c020,0.25319480895996094,0.06992149353027344,0.0033965876791626215,0.5433042645454407
2.0,deploy,d,5,best,c044,0.10533428192138672,0.10622882843017578,0.0033965876791626215,0.5433042645454407
2.0,deploy,d,5,best,c016,0.07712936401367188,0.02416229248046875,0.0033965876791626215,0.5433042645454407
2.0,deploy,d,5,best,c056,0.17772960662841797,0.061347007751464844,0.0033965876791626215,0.5433042645454407
2.0,deploy,d,5,best,c025,0.13724517822265625,0.05127143859863281,0.0033965876791626215,0.5433042645454407
2.0,deploy,d,5,best,c029,0.03527069091796875,0.05046653747558594,0.0033965876791626215,0.5433042645454407
2.0,deploy,d,5,best,c014,0.036345481872558594,0.03891181945800781,0.0033965876791626215,0.5433042645454407
2.0,deploy,d,5,best,c002,0.16777420043945312,0.076934814453125,0.0033965876791626215,0.5433042645454407
2.0,deploy,d,5,best,c023,0.12300300598144531,0.0803842544555664,0.0033965876791626215,0.5433042645454407
2.0,deploy,d,5,best,c046,0.2844505310058594,0.05919456481933594,0.0033965876791626215,0.5433042645454407
2.0,deploy,d,5,best,c022,0.1903228759765625,0.019350051879882812,0.0033965876791626215,0.5433042645454407
2.0,deploy,d,5,best,c050,0.16998004913330078,0.0671234130859375,0.0033965876791626215,0.5433042645454407
2.0,deploy,d,5,best,c006,0.08335208892822266,0.06552886962890625,0.0033965876791626215,0.5433042645454407
2.0,deploy,d,5,best,c017,0.018677711486816406,0.04050254821777344,0.0033965876791626215,0.5433042645454407
2.0,deploy,d,5,best,c039,-0.2173614501953125,0.027756690979003906,0.0033965876791626215,0.5433042645454407
2.0,deploy,d,5,best,c036,0.01691436767578125,0.07696723937988281,0.0033965876791626215,0.5433042645454407
2.0,deploy,d,5,best,c009,-0.13231849670410156,0.05865192413330078,0.0033965876791626215,0.5433042645454407
2.0,deploy,d,5,best,c000,0.28061389923095703,0.07639122009277344,0.0033965876791626215,0.5433042645454407
2.0,deploy,d,5,best,c013,0.06092643737792969,0.03312969207763672,0.0033965876791626215,0.5433042645454407
2.0,deploy,d,5,best,c049,-0.4920940399169922,0.03240489959716797,0.0033965876791626215,0.5433042645454407
2.0,deploy,d,5,best,c058,0.05169486999511719,0.023743629455566406,0.0033965876791626215,0.5433042645454407
2.0,deploy,d,5,best,c024,0.19435691833496094,0.0723428726196289,0.0033965876791626215,0.5433042645454407
2.0,deploy,d,5,best,c042,0.19170188903808594,0.11280632019042969,0.0033965876791626215,0.5433042645454407
2.0,deploy,d,5,best,c047,-0.012762069702148438,0.0739297866821289,0.0033965876791626215,0.5433042645454407
2.0,deploy,d,5,best,c043,0.32950496673583984,0.09759712219238281,0.0033965876791626215,0.5433042645454407
2.0,deploy,d,5,best,c003,0.13135719299316406,0.06841659545898438,0.0033965876791626215,0.5433042645454407
2.0,deploy,d,5,best,c041,-0.1636486053466797,0.03408050537109375,0.0033965876791626215,0.5433042645454407
2.0,deploy,d,5,best,c008,-0.1372385025024414,0.04504680633544922,0.0033965876791626215,0.5433042645454407
2.0,deploy,d,5,best,c045,0.3647594451904297,0.07004261016845703,0.0033965876791626215,0.5433042645454407
2.0,deploy,d,5,best,c011,0.08956241607666016,0.06268501281738281,0.0033965876791626215,0.5433042645454407
2.0,deploy,d,5,best,c020,0.17874813079833984,0.05826282501220703,0.0033965876791626215,0.5433042645454407
2.0,deploy,d,5,best,c044,-0.007784843444824219,0.09051513671875,0.0033965876791626215,0.5433042645454407
2.0,deploy,d,5,best,c016,0.1524972915649414,0.02824115753173828,0.0033965876791626215,0.5433042645454407
2.0,deploy,d,5,best,c056,0.20371437072753906,0.057427406311035156,0.0033965876791626215,0.5433042645454407
2.0,deploy,d,5,best,c025,0.14919281005859375,0.05937004089355469,0.0033965876791626215,0.5433042645454407
2.0,deploy,d,5,best,c029,-0.1302022933959961,0.0446014404296875,0.0033965876791626215,0.5433042645454407
2.0,deploy,d,5,best,c014,-0.10179519653320312,0.040531158447265625,0.0033965876791626215,0.5433042645454407
2.0,deploy,d,5,best,c002,0.27573299407958984,0.0786895751953125,0.0033965876791626215,0.5433042645454407
2.0,deploy,d,5,best,c023,0.08353614807128906,0.0806283950805664,0.0033965876791626215,0.5433042645454407
2.0,deploy,d,5,best,c046,0.07042312622070312,0.06203460693359375,0.0033965876791626215,0.5433042645454407
2.0,deploy,d,5,best,c022,0.1783132553100586,0.06787300109863281,0.0033965876791626215,0.5433042645454407
2.0,deploy,d,5,best,c050,0.19781875610351562,0.08760261535644531,0.0033965876791626215,0.5433042645454407
2.0,eval,random,5,best,c006,0.3421634038289388,0.040555318196614565,0.00828435403915743,0.6089749137560526
2.0,eval,random,5,best,c017,-0.004425048828125,0.0007734298706054688,0.00828435403915743,0.6089749137560526
2.0,eval,random,5,best,c039,0.31041908264160156,0.024372100830078125,0.00828435403915743,0.6089749137560526
2.0,eval,random,5,best,c036,0.1851062774658203,0.059894561767578125,0.00828435403915743,0.6089749137560526
2.0,eval,random,5,best,c009,-0.0987548828125,0.01675891876220703,0.00828435403915743,0.6089749137560526
2.0,eval,random,5,best,c000,0.2798938751220703,0.02794170379638672,0.00828435403915743,0.6089749137560526
2.0,eval,random,5,best,c013,0.34625911712646484,0.012671470642089844,0.00828435403915743,0.6089749137560526
2.0,eval,random,5,best,c049,0.1692361831665039,0.05213737487792969,0.00828435403915743,0.6089749137560526
2.0,eval,random,5,best,c058,0.19096660614013672,0.013583183288574219,0.00828435403915743,0.6089749137560526
2.0,eval,random,5,best,c024,0.3390032450358073,0.029586474100748716,0.00828435403915743,0.6089749137560526
2.0,eval,random,5,best,c042,0.2612498601277669,0.02789433797200519,0.00828435403915743,0.6089749137560526
2.0,eval,random,5,best,c047,0.32295703887939453,0.02422618865966797,0.00828435403915743,0.6089749137560526
2.0,eval,random,5,best,c043,0.17365137736002603,0.02326647440592447,0.00828435403915743,0.6089749137560526
2.0,eval,random,5,best,c003,0.4039793014526367,0.050116539001464844,0.00828435403915743,0.6089749137560526
2.0,eval,random,5,best,c041,0.11461957295735677,0.02947457631429036,0.00828435403915743,0.6089749137560526
2.0,eval,random,5,best,c008,-0.2544809977213542,-0.012244860331217466,0.00828435403915743,0.6089749137560526
2.0,eval,random,5,best,c045,0.3862307866414388,0.03751214345296222,0.00828435403915743,0.6089749137560526
2.0,eval,random,5,best,c011,0.2111666997273763,0.011295636494954436,0.00828435403915743,0.6089749137560526
2.0,eval,random,5,best,c020,0.5300016403198242,0.026366233825683594,0.00828435403915743,0.6089749137560526
2.0,eval,random,5,best,c044,0.33518505096435547,0.040218353271484375,0.00828435403915743,0.6089749137560526
2.0,eval,random,5,best,c016,0.2913411458333333,0.01806481679280597,0.00828435403915743,0.6089749137560526
2.0,eval,random,5,best,c056,0.44318707784016925,0.054692586263020815,0.00828435403915743,0.6089749137560526
2.0,eval,random,5,best,c025,0.29367828369140625,0.0256195068359375,0.00828435403915743,0.6089749137560526
2.0,eval,random,5,best,c029,0.17786757151285806,0.06436125437418619,0.00828435403915743,0.6089749137560526
2.0,eval,random,5,best,c014,0.0681765874226888,0.002065976460774735,0.00828435403915743,0.6089749137560526
2.0,eval,random,5,best,c002,0.44578901926676434,0.027305285135904966,0.00828435403915743,0.6089749137560526
2.0,eval,random,5,best,c023,0.39231300354003906,0.05480194091796875,0.00828435403915743,0.6089749137560526
2.0,eval,random,5,best,c046,0.31328550974527997,0.027033487955729185,0.00828435403915743,0.6089749137560526
2.0,eval,random,5,best,c022,0.1094973882039388,-0.0020252863566080775,0.00828435403915743,0.6089749137560526
2.0,eval,random,5,best,c050,0.5533138910929362,0.06283060709635413,0.00828435403915743,0.6089749137560526
2.0,eval,random,5,best,c006,0.39663124084472656,0.033455848693847656,0.00828435403915743,0.6089749137560526
2.0,eval,random,5,best,c017,0.566258430480957,0.03197669982910156,0.00828435403915743,0.6089749137560526
2.0,eval,random,5,best,c039,0.137632687886556,0.05718549092610678,0.00828435403915743,0.6089749137560526
2.0,eval,random,5,best,c036,0.1370553970336914,0.033641815185546875,0.00828435403915743,0.6089749137560526
2.0,eval,random,5,best,c009,0.22039000193277994,0.026004473368326814,0.00828435403915743,0.6089749137560526
2.0,eval,random,5,best,c000,0.227659543355306,0.01659711201985678,0.00828435403915743,0.6089749137560526
2.0,eval,random,5,best,c013,0.12545108795166016,-0.005560874938964844,0.00828435403915743,0.6089749137560526
2.0,eval,random,5,best,c049,0.03409989674886068,0.027188618977864586,0.00828435403915743,0.6089749137560526
2.0,eval,random,5,best,c058,0.06775283813476562,0.023863792419433594,0.00828435403915743,0.6089749137560526
2.0,eval,random,5,best,c024,0.2876364390055339,0.022303263346354185,0.00828435403915743,0.6089749137560526
2.0,eval,random,5,best,c042,0.1437692642211914,0.011572837829589844,0.00828435403915743,0.6089749137560526
2.0,eval,random,5,best,c047,0.4037752151489258,0.07946300506591797,0.00828435403915743,0.6089749137560526
2.0,eval,random,5,best,c043,0.3234933217366536,0.06194623311360675,0.00828435403915743,0.6089749137560526
2.0,eval,random,5,best,c003,0.22233899434407553,0.012604077657063811,0.00828435403915743,0.6089749137560526
2.0,eval,random,5,best,c041,0.23027960459391275,0.02754656473795572,0.00828435403915743,0.6089749137560526
2.0,eval,random,5,best,c008,0.17244084676106772,0.039438565572102874,0.00828435403915743,0.6089749137560526
2.0,eval,random,5,best,c045,0.24102560679117838,0.019173304239908845,0.00828435403915743,0.6089749137560526
2.0,eval,random,5,best,c011,0.15896034240722656,-0.0007038116455078125,0.00828435403915743,0.6089749137560526
2.0,eval,random,5,best,c020,0.48049577077229816,0.03339703877766925,0.00828435403915743,0.6089749137560526
2.0,eval,random,5,best,c044,0.026208877563476562,0.014149665832519531,0.00828435403915743,0.6089749137560526
2.0,eval,random,5,best,c016,0.3615379333496094,0.017202377319335938,0.00828435403915743,0.6089749137560526
2.0,eval,random,5,best,c056,0.22629261016845703,0.028275489807128906,0.00828435403915743,0.6089749137560526
2.0,eval,random,5,best,c025,0.14311440785725912,0.005514462788899749,0.00828435403915743,0.6089749137560526
2.0,eval,random,5,best,c029,0.3522020975748698,0.007335344950358091,0.00828435403915743,0.6089749137560526
2.0,eval,random,5,best,c014,0.10462633768717448,0.008495012919108078,0.00828435403915743,0.6089749137560526
2.0,eval,random,5,best,c002,0.3834069569905599,0.053291638692220034,0.00828435403915743,0.6089749137560526
2.0,eval,random,5,best,c023,0.6907453536987305,0.08024311065673828,0.00828435403915743,0.6089749137560526
2.0,eval,random,5,best,c046,0.2065099080403646,0.03459962209065756,0.00828435403915743,0.6089749137560526
2.0,eval,random,5,best,c022,0.4836126963297526,0.039418856302897154,0.00828435403915743,0.6089749137560526
2.0,eval,random,5,best,c050,0.40575091044108075,0.03310743967692059,0.00828435403915743,0.6089749137560526
4.0,eval,d,5,best,c006,0.3179807662963867,0.0163726806640625,0.038757212460041046,0.5062035918235779
4.0,eval,d,5,best,c017,-0.06523418426513672,-0.06003570556640625,0.038757212460041046,0.5062035918235779
4.0,eval,d,5,best,c039,0.2987089157104492,0.012661933898925781,0.038757212460041046,0.5062035918235779
4.0,eval,d,5,best,c036,0.22991371154785156,0.10470199584960938,0.038757212460041046,0.5062035918235779
4.0,eval,d,5,best,c009,-0.05789756774902344,0.057616233825683594,0.038757212460041046,0.5062035918235779
4.0,eval,d,5,best,c000,0.22008705139160156,-0.03186511993408203,0.038757212460041046,0.5062035918235779
4.0,eval,d,5,best,c013,0.2721738815307617,-0.06141376495361328,0.038757212460041046,0.5062035918235779
4.0,eval,d,5,best,c049,0.020455360412597656,-0.09664344787597656,0.038757212460041046,0.5062035918235779
4.0,eval,d,5,best,c058,0.2664222717285156,0.08903884887695312,0.038757212460041046,0.5062035918235779
4.0,eval,d,5,best,c024,0.4015989303588867,0.09218215942382812,0.038757212460041046,0.5062035918235779
4.0,eval,d,5,best,c042,0.27277565002441406,0.039420127868652344,0.038757212460041046,0.5062035918235779
4.0,eval,d,5,best,c047,0.43193531036376953,0.13320446014404297,0.038757212460041046,0.5062035918235779
4.0,eval,d,5,best,c043,0.3220090866088867,0.17162418365478516,0.038757212460041046,0.5062035918235779
4.0,eval,d,5,best,c003,0.3536100387573242,-0.00025272369384765625,0.038757212460041046,0.5062035918235779
4.0,eval,d,5,best,c041,0.0960245132446289,0.0108795166015625,0.038757212460041046,0.5062035918235779
4.0,eval,d,5,best,c008,-0.25478553771972656,-0.012549400329589844,0.038757212460041046,0.5062035918235779
4.0,eval,d,5,best,c045,0.30254364013671875,-0.04617500305175781,0.038757212460041046,0.5062035918235779
4.0,eval,d,5,best,c011,0.14362144470214844,-0.05624961853027344,0.038757212460041046,0.5062035918235779
4.0,eval,d,5,best,c020,0.4350442886352539,-0.06859111785888672,0.038757212460041046,0.5062035918235779
4.0,eval,d,5,best,c044,0.32549571990966797,0.030529022216796875,0.038757212460041046,0.5062035918235779
4.0,eval,d,5,best,c016,0.24364948272705078,-0.029626846313476562,0.038757212460041046,0.5062035918235779
4.0,eval,d,5,best,c056,0.3819742202758789,-0.006520271301269531,0.038757212460041046,0.5062035918235779
4.0,eval,d,5,best,c025,0.33895301818847656,0.07089424133300781,0.038757212460041046,0.5062035918235779
4.0,eval,d,5,best,c029,0.17659568786621094,0.06308937072753906,0.038757212460041046,0.5062035918235779
4.0,eval,d,5,best,c014,-0.0224609375,-0.08857154846191406,0.038757212460041046,0.5062035918235779
4.0,eval,d,5,best,c002,0.4535369873046875,0.035053253173828125,0.038757212460041046,0.5062035918235779
4.0,eval,d,5,best,c023,0.3348112106323242,-0.0026998519897460938,0.038757212460041046,0.5062035918235779
4.0,eval,d,5,best,c046,0.16335678100585938,-0.1228952407836914,0.038757212460041046,0.5062035918235779
4.0,eval,d,5,best,c022,0.09726333618164062,-0.01425933837890625,0.038757212460041046,0.5062035918235779
4.0,eval,d,5,best,c050,0.5117521286010742,0.021268844604492188,0.038757212460041046,0.5062035918235779
4.0,eval,d,5,best,c006,0.4133577346801758,0.050182342529296875,0.038757212460041046,0.5062035918235779
4.0,eval,d,5,best,c017,0.5547676086425781,0.020485877990722656,0.038757212460041046,0.5062035918235779
4.0,eval,d,5,best,c039,0.04874610900878906,-0.031701087951660156,0.038757212460041046,0.5062035918235779
4.0,eval,d,5,best,c036,0.14322662353515625,0.03981304168701172,0.038757212460041046,0.5062035918235779
4.0,eval,d,5,best,c009,0.26803016662597656,0.07364463806152344,0.038757212460041046,0.5062035918235779
4.0,eval,d,5,best,c000,0.22575950622558594,0.014697074890136719,0.038757212460041046,0.5062035918235779
4.0,eval,d,5,best,c013,0.18716144561767578,0.05614948272705078,0.038757212460041046,0.5062035918235779
4.0,eval,d,5,best,c049,0.052641868591308594,0.0457305908203125,0.038757212460041046,0.5062035918235779
4.0,eval,d,5,best,c058,0.04883289337158203,0.00494384765625,0.038757212460041046,0.5062035918235779
4.0,eval,d,5,best,c024,0.31842899322509766,0.05309581756591797,0.038757212460041046,0.5062035918235779
4.0,eval,d,5,best,c042,0.17735004425048828,0.04515361785888672,0.038757212460041046,0.5062035918235779
4.0,eval,d,5,best,c047,0.32241249084472656,-0.00189971923828125,0.038757212460041046,0.5062035918235779
4.0,eval,d,5,best,c043,0.36820507049560547,0.1066579818725586,0.038757212460041046,0.5062035918235779
4.0,eval,d,5,best,c003,0.31818485260009766,0.10844993591308594,0.038757212460041046,0.5062035918235779
4.0,eval,d,5,best,c041,0.27921009063720703,0.07647705078125,0.038757212460041046,0.5062035918235779
4.0,eval,d,5,best,c008,0.16968059539794922,0.036678314208984375,0.038757212460041046,0.5062035918235779
4.0,eval,d,5,best,c045,0.23778152465820312,0.015929222106933594,0.038757212460041046,0.5062035918235779
4.0,eval,d,5,best,c011,0.24449729919433594,0.08483314514160156,0.038757212460041046,0.5062035918235779
4.0,eval,d,5,best,c020,0.4533109664916992,0.0062122344970703125,0.038757212460041046,0.5062035918235779
4.0,eval,d,5,best,c044,0.11410140991210938,0.10204219818115234,0.038757212460041046,0.5062035918235779
4.0,eval,d,5,best,c016,0.34331417083740234,-0.0010213851928710938,0.038757212460041046,0.5062035918235779
4.0,eval,d,5,best,c056,0.2477436065673828,0.04972648620605469,0.038757212460041046,0.5062035918235779
4.0,eval,d,5,best,c025,0.24594974517822266,0.10834980010986328,0.038757212460041046,0.5062035918235779
4.0,eval,d,5,best,c029,0.4570779800415039,0.11221122741699219,0.038757212460041046,0.5062035918235779
4.0,eval,d,5,best,c014,0.07948112487792969,-0.01665019989013672,0.038757212460041046,0.5062035918235779
4.0,eval,d,5,best,c002,0.3286609649658203,-0.0014543533325195312,0.038757212460041046,0.5062035918235779
4.0,eval,d,5,best,c023,0.5451850891113281,-0.06531715393066406,0.038757212460041046,0.5062035918235779
4.0,eval,d,5,best,c046,0.2962055206298828,0.12429523468017578,0.038757212460041046,0.5062035918235779
4.0,eval,d,5,best,c022,0.4914865493774414,0.04729270935058594,0.038757212460041046,0.5062035918235779
4.0,eval,d,5,best,c050,0.4231719970703125,0.050528526306152344,0.038757212460041046,0.5062035918235779
4.0,deploy,d,5,best,c006,0.16366863250732422,0.1428365707397461,0.016921747475862503,0.4967656135559082
4.0,deploy,d,5,best,c017,0.16434574127197266,0.15937519073486328,0.016921747475862503,0.4967656135559082
4.0,deploy,d,5,best,c039,-0.1981973648071289,0.037601470947265625,0.016921747475862503,0.4967656135559082
4.0,deploy,d,5,best,c036,0.1388559341430664,0.15128707885742188,0.016921747475862503,0.4967656135559082
4.0,deploy,d,5,best,c009,-0.08683109283447266,0.1284503936767578,0.016921747475862503,0.4967656135559082
4.0,deploy,d,5,best,c000,0.21587467193603516,0.14302825927734375,0.016921747475862503,0.4967656135559082
4.0,deploy,d,5,best,c013,0.11573314666748047,0.13625049591064453,0.016921747475862503,0.4967656135559082
4.0,deploy,d,5,best,c049,-0.19060039520263672,0.07327747344970703,0.016921747475862503,0.4967656135559082
4.0,deploy,d,5,best,c058,-0.047965049743652344,0.029565811157226562,0.016921747475862503,0.4967656135559082
4.0,deploy,d,5,best,c024,0.21823883056640625,0.19552040100097656,0.016921747475862503,0.4967656135559082
4.0,deploy,d,5,best,c042,0.22482681274414062,0.15089893341064453,0.016921747475862503,0.4967656135559082
4.0,deploy,d,5,best,c047,0.1152334213256836,0.21445274353027344,0.016921747475862503,0.4967656135559082
4.0,deploy,d,5,best,c043,0.14310550689697266,0.16244792938232422,0.016921747475862503,0.4967656135559082
4.0,deploy,d,5,best,c003,0.18311214447021484,0.16399002075195312,0.016921747475862503,0.4967656135559082
4.0,deploy,d,5,best,c041,0.21619129180908203,0.1333169937133789,0.016921747475862503,0.4967656135559082
4.0,deploy,d,5,best,c008,-0.5008440017700195,0.0045185089111328125,0.016921747475862503,0.4967656135559082
4.0,deploy,d,5,best,c045,0.17070579528808594,0.10033798217773438,0.016921747475862503,0.4967656135559082
4.0,deploy,d,5,best,c011,0.18686866760253906,0.158203125,0.016921747475862503,0.4967656135559082
4.0,deploy,d,5,best,c020,0.31334877014160156,0.13007545471191406,0.016921747475862503,0.4967656135559082
4.0,deploy,d,5,best,c044,0.22745323181152344,0.2283477783203125,0.016921747475862503,0.4967656135559082
4.0,deploy,d,5,best,c016,0.09151077270507812,0.038543701171875,0.016921747475862503,0.4967656135559082
4.0,deploy,d,5,best,c056,0.22591495513916016,0.10953235626220703,0.016921747475862503,0.4967656135559082
4.0,deploy,d,5,best,c025,0.19720172882080078,0.11122798919677734,0.016921747475862503,0.4967656135559082
4.0,deploy,d,5,best,c029,0.0878753662109375,0.10307121276855469,0.016921747475862503,0.4967656135559082
4.0,deploy,d,5,best,c014,0.08747482299804688,0.0900411605834961,0.016921747475862503,0.4967656135559082
4.0,deploy,d,5,best,c002,0.2291259765625,0.13828659057617188,0.016921747475862503,0.4967656135559082
4.0,deploy,d,5,best,c023,0.21986103057861328,0.17724227905273438,0.016921747475862503,0.4967656135559082
4.0,deploy,d,5,best,c046,0.3258934020996094,0.10063743591308594,0.016921747475862503,0.4967656135559082
4.0,deploy,d,5,best,c022,0.20993900299072266,0.03896617889404297,0.016921747475862503,0.4967656135559082
4.0,deploy,d,5,best,c050,0.23532676696777344,0.13247013092041016,0.016921747475862503,0.4967656135559082
4.0,deploy,d,5,best,c006,0.1732492446899414,0.155426025390625,0.016921747475862503,0.4967656135559082
4.0,deploy,d,5,best,c017,0.0748281478881836,0.09665298461914062,0.016921747475862503,0.4967656135559082
4.0,deploy,d,5,best,c039,-0.1908092498779297,0.05430889129638672,0.016921747475862503,0.4967656135559082
4.0,deploy,d,5,best,c036,0.09167003631591797,0.15172290802001953,0.016921747475862503,0.4967656135559082
4.0,deploy,d,5,best,c009,-0.07349967956542969,0.11747074127197266,0.016921747475862503,0.4967656135559082
4.0,deploy,d,5,best,c000,0.3330421447753906,0.12881946563720703,0.016921747475862503,0.4967656135559082
4.0,deploy,d,5,best,c013,0.08704662322998047,0.0592498779296875,0.016921747475862503,0.4967656135559082
4.0,deploy,d,5,best,c049,-0.4321174621582031,0.09238147735595703,0.016921747475862503,0.4967656135559082
4.0,deploy,d,5,best,c058,0.05981731414794922,0.03186607360839844,0.016921747475862503,0.4967656135559082
4.0,deploy,d,5,best,c024,0.2677135467529297,0.14569950103759766,0.016921747475862503,0.4967656135559082
4.0,deploy,d,5,best,c042,0.30764293670654297,0.22874736785888672,0.016921747475862503,0.4967656135559082
4.0,deploy,d,5,best,c047,0.08308601379394531,0.16977787017822266,0.016921747475862503,0.4967656135559082
4.0,deploy,d,5,best,c043,0.4276275634765625,0.19571971893310547,0.016921747475862503,0.4967656135559082
4.0,deploy,d,5,best,c003,0.20454788208007812,0.14160728454589844,0.016921747475862503,0.4967656135559082
4.0,deploy,d,5,best,c041,-0.1029520034790039,0.09477710723876953,0.016921747475862503,0.4967656135559082
4.0,deploy,d,5,best,c008,-0.0962371826171875,0.08604812622070312,0.016921747475862503,0.4967656135559082
4.0,deploy,d,5,best,c045,0.4274139404296875,0.13269710540771484,0.016921747475862503,0.4967656135559082
4.0,deploy,d,5,best,c011,0.1620006561279297,0.13512325286865234,0.016921747475862503,0.4967656135559082
4.0,deploy,d,5,best,c020,0.21646690368652344,0.09598159790039062,0.016921747475862503,0.4967656135559082
4.0,deploy,d,5,best,c044,0.10708045959472656,0.20538043975830078,0.016921747475862503,0.4967656135559082
4.0,deploy,d,5,best,c016,0.17688751220703125,0.052631378173828125,0.016921747475862503,0.4967656135559082
4.0,deploy,d,5,best,c056,0.25126171112060547,0.10497474670410156,0.016921747475862503,0.4967656135559082
4.0,deploy,d,5,best,c025,0.21518898010253906,0.1253662109375,0.016921747475862503,0.4967656135559082
4.0,deploy,d,5,best,c029,-0.08748626708984375,0.08731746673583984,0.016921747475862503,0.4967656135559082
4.0,deploy,d,5,best,c014,-0.03734588623046875,0.10498046875,0.016921747475862503,0.4967656135559082
4.0,deploy,d,5,best,c002,0.33213329315185547,0.13508987426757812,0.016921747475862503,0.4967656135559082
4.0,deploy,d,5,best,c023,0.17701148986816406,0.1741037368774414,0.016921747475862503,0.4967656135559082
4.0,deploy,d,5,best,c046,0.1275653839111328,0.11917686462402344,0.016921747475862503,0.4967656135559082
4.0,deploy,d,5,best,c022,0.25353431701660156,0.14309406280517578,0.016921747475862503,0.4967656135559082
4.0,deploy,d,5,best,c050,0.2996664047241211,0.18945026397705078,0.016921747475862503,0.4967656135559082
4.0,eval,random,5,best,c006,0.371826171875,0.07021808624267578,0.034937278212358557,0.588845451672872
4.0,eval,random,5,best,c017,-0.011006355285644531,-0.0058078765869140625,0.034937278212358557,0.588845451672872
4.0,eval,random,5,best,c039,0.3090372085571289,0.02299022674560547,0.034937278212358557,0.588845451672872
4.0,eval,random,5,best,c036,0.22962570190429688,0.10441398620605469,0.034937278212358557,0.588845451672872
4.0,eval,random,5,best,c009,-0.08525753021240234,0.030256271362304688,0.034937278212358557,0.588845451672872
4.0,eval,random,5,best,c000,0.28824583689371747,0.03629366556803387,0.034937278212358557,0.588845451672872
4.0,eval,random,5,best,c013,0.3377529780069987,0.004165331522623716,0.034937278212358557,0.588845451672872
4.0,eval,random,5,best,c049,0.2095470428466797,0.09244823455810547,0.034937278212358557,0.588845451672872
4.0,eval,random,5,best,c058,0.1955715815226237,0.01818815867106119,0.034937278212358557,0.588845451672872
4.0,eval,random,5,best,c024,0.3452924092610677,0.035875638326009096,0.034937278212358557,0.588845451672872
4.0,eval,random,5,best,c042,0.27945423126220703,0.04609870910644531,0.034937278212358557,0.588845451672872
4.0,eval,random,5,best,c047,0.33183924357096356,0.033108393351237,0.034937278212358557,0.588845451672872
4.0,eval,random,5,best,c043,0.1815659205118815,0.03118101755777994,0.034937278212358557,0.588845451672872
4.0,eval,random,5,best,c003,0.42951806386311847,0.0756553014119466,0.034937278212358557,0.588845451672872
4.0,eval,random,5,best,c041,0.13768513997395834,0.052540143330891936,0.034937278212358557,0.588845451672872
4.0,eval,random,5,best,c008,-0.2816184361775716,-0.03938229878743488,0.034937278212358557,0.588845451672872
4.0,eval,random,5,best,c045,0.4110962549845378,0.062377611796061216,0.034937278212358557,0.588845451672872
4.0,eval,random,5,best,c011,0.20920435587565103,0.009333292643229157,0.034937278212358557,0.588845451672872
4.0,eval,random,5,best,c020,0.5301554997762045,0.02652009328206384,0.034937278212358557,0.588845451672872
4.0,eval,random,5,best,c044,0.3550669352213542,0.06010023752848309,0.034937278212358557,0.588845451672872
4.0,eval,random,5,best,c016,0.29199949900309247,0.018723169962565123,0.034937278212358557,0.588845451672872
4.0,eval,random,5,best,c056,0.4732643763224284,0.08476988474527997,0.034937278212358557,0.588845451672872
4.0,eval,random,5,best,c025,0.2946360905965169,0.02657731374104816,0.034937278212358557,0.588845451672872
4.0,eval,random,5,best,c029,0.22494125366210938,0.1114349365234375,0.034937278212358557,0.588845451672872
4.0,eval,random,5,best,c014,0.06615447998046875,4.38690185546875e-05,0.034937278212358557,0.588845451672872
4.0,eval,random,5,best,c002,0.43923791249593097,0.020754178365071596,0.034937278212358557,0.588845451672872
4.0,eval,random,5,best,c023,0.4259681701660156,0.08845710754394531,0.034937278212358557,0.588845451672872
4.0,eval,random,5,best,c046,0.321346918741862,0.035094896952311216,0.034937278212358557,0.588845451672872
4.0,eval,random,5,best,c022,0.10173734029134114,-0.009785334269205734,0.034937278212358557,0.588845451672872
4.0,eval,random,5,best,c050,0.5888986587524414,0.09841537475585938,0.034937278212358557,0.588845451672872
4.0,eval,random,5,best,c006,0.40810616811116535,0.04493077596028644,0.034937278212358557,0.588845451672872
4.0,eval,random,5,best,c017,0.562989870707194,0.028708140055338505,0.034937278212358557,0.588845451672872
4.0,eval,random,5,best,c039,0.17367935180664062,0.0932321548461914,0.034937278212358557,0.588845451672872
4.0,eval,random,5,best,c036,0.17050806681315103,0.0670944849650065,0.034937278212358557,0.588845451672872
4.0,eval,random,5,best,c009,0.23174413045247397,0.03735860188802084,0.034937278212358557,0.588845451672872
4.0,eval,random,5,best,c000,0.22007115681966147,0.009008725484212249,0.034937278212358557,0.588845451672872
4.0,eval,random,5,best,c013,0.10156186421712239,-0.02945009867350261,0.034937278212358557,0.588845451672872
4.0,eval,random,5,best,c049,0.06939442952473958,0.062483151753743485,0.034937278212358557,0.588845451672872
4.0,eval,random,5,best,c058,0.08295885721842448,0.03906981150309245,0.034937278212358557,0.588845451672872
4.0,eval,random,5,best,c024,0.2958854039510091,0.03055222829182941,0.034937278212358557,0.588845451672872
4.0,eval,random,5,best,c042,0.14795239766438803,0.015755971272786468,0.034937278212358557,0.588845451672872
4.0,eval,random,5,best,c047,0.46146392822265625,0.13715171813964844,0.034937278212358557,0.588845451672872
4.0,eval,random,5,best,c043,0.3687041600545247,0.10715707143147785,0.034937278212358557,0.588845451672872
4.0,eval,random,5,best,c003,0.2154407501220703,0.005705833435058594,0.034937278212358557,0.588845451672872
4.0,eval,random,5,best,c041,0.2485774358113607,0.045844395955403655,0.034937278212358557,0.588845451672872
4.0,eval,random,5,best,c008,0.18186664581298828,0.04886436462402344,0.034937278212358557,0.588845451672872
4.0,eval,random,5,best,c045,0.24277432759602866,0.020922025044759124,0.034937278212358557,0.588845451672872
4.0,eval,random,5,best,c011,0.13968467712402344,-0.019979476928710938,0.034937278212358557,0.588845451672872
4.0,eval,random,5,best,c020,0.48970381418863934,0.042605082194010435,0.034937278212358557,0.588845451672872
4.0,eval,random,5,best,c044,0.025911966959635418,0.013852755228678387,0.034937278212358557,0.588845451672872
4.0,eval,random,5,best,c016,0.3605028788248698,0.016167322794596373,0.034937278212358557,0.588845451672872
4.0,eval,random,5,best,c056,0.2391033172607422,0.04108619689941406,0.034937278212358557,0.588845451672872
4.0,eval,random,5,best,c025,0.14492511749267578,0.007325172424316406,0.034937278212358557,0.588845451672872
4.0,eval,random,5,best,c029,0.3402363459269206,-0.004630406697591127,0.034937278212358557,0.588845451672872
4.0,eval,random,5,best,c014,0.10864957173665364,0.012518246968587235,0.034937278212358557,0.588845451672872
4.0,eval,random,5,best,c002,0.4075705210367839,0.07745520273844403,0.034937278212358557,0.588845451672872
4.0,eval,random,5,best,c023,0.7316767374674479,0.12117449442545569,0.034937278212358557,0.588845451672872
4.0,eval,random,5,best,c046,0.22888724009195963,0.056976954142252595,0.034937278212358557,0.588845451672872
4.0,eval,random,5,best,c022,0.49879932403564453,0.05460548400878906,0.034937278212358557,0.588845451672872
4.0,eval,random,5,best,c050,0.4194215138753255,0.046778043111165346,0.034937278212358557,0.588845451672872
6.0,eval,d,5,best,c006,0.3559083938598633,0.05430030822753906,0.08037810027599335,0.4466060698032379
6.0,eval,d,5,best,c017,-0.09247016906738281,-0.08727169036865234,0.08037810027599335,0.4466060698032379
6.0,eval,d,5,best,c039,0.26600170135498047,-0.02004528045654297,0.08037810027599335,0.4466060698032379
6.0,eval,d,5,best,c036,0.2527132034301758,0.1275014877319336,0.08037810027599335,0.4466060698032379
6.0,eval,d,5,best,c009,-0.046097755432128906,0.06941604614257812,0.08037810027599335,0.4466060698032379
6.0,eval,d,5,best,c000,0.20392894744873047,-0.048023223876953125,0.08037810027599335,0.4466060698032379
6.0,eval,d,5,best,c013,0.2539386749267578,-0.07964897155761719,0.08037810027599335,0.4466060698032379
6.0,eval,d,5,best,c049,0.019802093505859375,-0.09729671478271484,0.08037810027599335,0.4466060698032379
6.0,eval,d,5,best,c058,0.36761951446533203,0.19023609161376953,0.08037810027599335,0.4466060698032379
6.0,eval,d,5,best,c024,0.4580106735229492,0.14859390258789062,0.08037810027599335,0.4466060698032379
6.0,eval,d,5,best,c042,0.27974796295166016,0.04639244079589844,0.08037810027599335,0.4466060698032379
6.0,eval,d,5,best,c047,0.5057392120361328,0.20700836181640625,0.08037810027599335,0.4466060698032379
6.0,eval,d,5,best,c043,0.4661846160888672,0.3157997131347656,0.08037810027599335,0.4466060698032379
6.0,eval,d,5,best,c003,0.3446359634399414,-0.009226799011230469,0.08037810027599335,0.4466060698032379
6.0,eval,d,5,best,c041,0.13707637786865234,0.05193138122558594,0.08037810027599335,0.4466060698032379
6.0,eval,d,5,best,c008,-0.2857637405395508,-0.04352760314941406,0.08037810027599335,0.4466060698032379
6.0,eval,d,5,best,c045,0.31493282318115234,-0.03378582000732422,0.08037810027599335,0.4466060698032379
6.0,eval,d,5,best,c011,0.15396404266357422,-0.045907020568847656,0.08037810027599335,0.4466060698032379
6.0,eval,d,5,best,c020,0.42306041717529297,-0.08057498931884766,0.08037810027599335,0.4466060698032379
6.0,eval,d,5,best,c044,0.3301839828491211,0.03521728515625,0.08037810027599335,0.4466060698032379
6.0,eval,d,5,best,c016,0.22145462036132812,-0.05182170867919922,0.08037810027599335,0.4466060698032379
6.0,eval,d,5,best,c056,0.3656578063964844,-0.022836685180664062,0.08037810027599335,0.4466060698032379
6.0,eval,d,5,best,c025,0.4159822463989258,0.14792346954345703,0.08037810027599335,0.4466060698032379
6.0,eval,d,5,best,c029,0.1746196746826172,0.06111335754394531,0.08037810027599335,0.4466060698032379
6.0,eval,d,5,best,c014,-0.0075931549072265625,-0.07370376586914062,0.08037810027599335,0.4466060698032379
6.0,eval,d,5,best,c002,0.44234561920166016,0.02386188507080078,0.08037810027599335,0.4466060698032379
6.0,eval,d,5,best,c023,0.34223079681396484,0.004719734191894531,0.08037810027599335,0.4466060698032379
6.0,eval,d,5,best,c046,0.1038360595703125,-0.18241596221923828,0.08037810027599335,0.4466060698032379
6.0,eval,d,5,best,c022,0.1469259262084961,0.03540325164794922,0.08037810027599335,0.4466060698032379
6.0,eval,d,5,best,c050,0.48212242126464844,-0.008360862731933594,0.08037810027599335,0.4466060698032379
6.0,eval,d,5,best,c006,0.4300413131713867,0.06686592102050781,0.08037810027599335,0.4466060698032379
6.0,eval,d,5,best,c017,0.5200119018554688,-0.014269828796386719,0.08037810027599335,0.4466060698032379
6.0,eval,d,5,best,c039,-0.004008293151855469,-0.08445549011230469,0.08037810027599335,0.4466060698032379
6.0,eval,d,5,best,c036,0.16498088836669922,0.06156730651855469,0.08037810027599335,0.4466060698032379
6.0,eval,d,5,best,c009,0.2550945281982422,0.06070899963378906,0.08037810027599335,0.4466060698032379
6.0,eval,d,5,best,c000,0.2179555892944336,0.006893157958984375,0.08037810027599335,0.4466060698032379
6.0,eval,d,5,best,c013,0.18527984619140625,0.05426788330078125,0.08037810027599335,0.4466060698032379
6.0,eval,d,5,best,c049,0.1231679916381836,0.1162567138671875,0.08037810027599335,0.4466060698032379
6.0,eval,d,5,best,c058,0.05331134796142578,0.00942230224609375,0.08037810027599335,0.4466060698032379
6.0,eval,d,5,best,c024,0.3700828552246094,0.10474967956542969,0.08037810027599335,0.4466060698032379
6.0,eval,d,5,best,c042,0.20381832122802734,0.07162189483642578,0.08037810027599335,0.4466060698032379
6.0,eval,d,5,best,c047,0.3730316162109375,0.04871940612792969,0.08037810027599335,0.4466060698032379
6.0,eval,d,5,best,c043,0.4267129898071289,0.16516590118408203,0.08037810027599335,0.4466060698032379
6.0,eval,d,5,best,c003,0.3496665954589844,0.13993167877197266,0.08037810027599335,0.4466060698032379
6.0,eval,d,5,best,c041,0.3107328414916992,0.10799980163574219,0.08037810027599335,0.4466060698032379
6.0,eval,d,5,best,c008,0.13182735443115234,-0.0011749267578125,0.08037810027599335,0.4466060698032379
6.0,eval,d,5,best,c045,0.22349071502685547,0.0016384124755859375,0.08037810027599335,0.4466060698032379
6.0,eval,d,5,best,c011,0.3137035369873047,0.1540393829345703,0.08037810027599335,0.4466060698032379
6.0,eval,d,5,best,c020,0.43538761138916016,-0.01171112060546875,0.08037810027599335,0.4466060698032379
6.0,eval,d,5,best,c044,0.1903676986694336,0.17830848693847656,0.08037810027599335,0.4466060698032379
6.0,eval,d,5,best,c016,0.3681802749633789,0.02384471893310547,0.08037810027599335,0.4466060698032379
6.0,eval,d,5,best,c056,0.31990528106689453,0.1218881607055664,0.08037810027599335,0.4466060698032379
6.0,eval,d,5,best,c025,0.3475770950317383,0.2099771499633789,0.08037810027599335,0.4466060698032379
6.0,eval,d,5,best,c029,0.5212631225585938,0.17639636993408203,0.08037810027599335,0.4466060698032379
6.0,eval,d,5,best,c014,0.08636283874511719,-0.009768486022949219,0.08037810027599335,0.4466060698032379
6.0,eval,d,5,best,c002,0.3173027038574219,-0.012812614440917969,0.08037810027599335,0.4466060698032379
6.0,eval,d,5,best,c023,0.5110006332397461,-0.0995016098022461,0.08037810027599335,0.4466060698032379
6.0,eval,d,5,best,c046,0.3378763198852539,0.16596603393554688,0.08037810027599335,0.4466060698032379
6.0,eval,d,5,best,c022,0.46013736724853516,0.015943527221679688,0.08037810027599335,0.4466060698032379
6.0,eval,d,5,best,c050,0.4502420425415039,0.07759857177734375,0.08037810027599335,0.4466060698032379
6.0,deploy,d,5,best,c006,0.2606077194213867,0.2397756576538086,0.036549054086208344,0.45090997219085693
6.0,deploy,d,5,best,c017,0.24463367462158203,0.23966312408447266,0.036549054086208344,0.45090997219085693
6.0,deploy,d,5,best,c039,-0.1801748275756836,0.05562400817871094,0.036549054086208344,0.45090997219085693
6.0,deploy,d,5,best,c036,0.1842203140258789,0.19665145874023438,0.036549054086208344,0.45090997219085693
6.0,deploy,d,5,best,c009,-0.06790351867675781,0.14737796783447266,0.036549054086208344,0.45090997219085693
6.0,deploy,d,5,best,c000,0.28899383544921875,0.21614742279052734,0.036549054086208344,0.45090997219085693
6.0,deploy,d,5,best,c013,0.16915321350097656,0.18967056274414062,0.036549054086208344,0.45090997219085693
6.0,deploy,d,5,best,c049,-0.13981246948242188,0.12406539916992188,0.036549054086208344,0.45090997219085693
6.0,deploy,d,5,best,c058,0.0013055801391601562,0.07883644104003906,0.036549054086208344,0.45090997219085693
6.0,deploy,d,5,best,c024,0.33945751190185547,0.3167390823364258,0.036549054086208344,0.45090997219085693
6.0,deploy,d,5,best,c042,0.31194400787353516,0.23801612854003906,0.036549054086208344,0.45090997219085693
6.0,deploy,d,5,best,c047,0.2564249038696289,0.35564422607421875,0.036549054086208344,0.45090997219085693
6.0,deploy,d,5,best,c043,0.26569271087646484,0.2850351333618164,0.036549054086208344,0.45090997219085693
6.0,deploy,d,5,best,c003,0.2931938171386719,0.27407169342041016,0.036549054086208344,0.45090997219085693
6.0,deploy,d,5,best,c041,0.31546688079833984,0.23259258270263672,0.036549054086208344,0.45090997219085693
6.0,deploy,d,5,best,c008,-0.4765777587890625,0.028784751892089844,0.036549054086208344,0.45090997219085693
6.0,deploy,d,5,best,c045,0.24012279510498047,0.1697549819946289,0.036549054086208344,0.45090997219085693
6.0,deploy,d,5,best,c011,0.2792320251464844,0.2505664825439453,0.036549054086208344,0.45090997219085693
6.0,deploy,d,5,best,c020,0.37863636016845703,0.19536304473876953,0.036549054086208344,0.45090997219085693
6.0,deploy,d,5,best,c044,0.3535633087158203,0.3544578552246094,0.036549054086208344,0.45090997219085693
6.0,deploy,d,5,best,c016,0.11787700653076172,0.0649099349975586,0.036549054086208344,0.45090997219085693
6.0,deploy,d,5,best,c056,0.2807159423828125,0.16433334350585938,0.036549054086208344,0.45090997219085693
6.0,deploy,d,5,best,c025,0.28670597076416016,0.20073223114013672,0.036549054086208344,0.45090997219085693
6.0,deploy,d,5,best,c029,0.15653610229492188,0.17173194885253906,0.036549054086208344,0.45090997219085693
6.0,deploy,d,5,best,c014,0.15098953247070312,0.15355587005615234,0.036549054086208344,0.45090997219085693
6.0,deploy,d,5,best,c002,0.2856416702270508,0.19480228424072266,0.036549054086208344,0.45090997219085693
6.0,deploy,d,5,best,c023,0.3473348617553711,0.3047161102294922,0.036549054086208344,0.45090997219085693
6.0,deploy,d,5,best,c046,0.3801136016845703,0.15485763549804688,0.036549054086208344,0.45090997219085693
6.0,deploy,d,5,best,c022,0.2491741180419922,0.0782012939453125,0.036549054086208344,0.45090997219085693
6.0,deploy,d,5,best,c050,0.3132009506225586,0.2103443145751953,0.036549054086208344,0.45090997219085693
6.0,deploy,d,5,best,c006,0.2891502380371094,0.27132701873779297,0.036549054086208344,0.45090997219085693
6.0,deploy,d,5,best,c017,0.14258384704589844,0.16440868377685547,0.036549054086208344,0.45090997219085693
6.0,deploy,d,5,best,c039,-0.1814861297607422,0.06363201141357422,0.036549054086208344,0.45090997219085693
6.0,deploy,d,5,best,c036,0.17374420166015625,0.2337970733642578,0.036549054086208344,0.45090997219085693
6.0,deploy,d,5,best,c009,-0.026058197021484375,0.16491222381591797,0.036549054086208344,0.45090997219085693
6.0,deploy,d,5,best,c000,0.3788328170776367,0.17461013793945312,0.036549054086208344,0.45090997219085693
6.0,deploy,d,5,best,c013,0.10673236846923828,0.07893562316894531,0.036549054086208344,0.45090997219085693
6.0,deploy,d,5,best,c049,-0.3414926528930664,0.18300628662109375,0.036549054086208344,0.45090997219085693
6.0,deploy,d,5,best,c058,0.07960891723632812,0.051657676696777344,0.036549054086208344,0.45090997219085693
6.0,deploy,d,5,best,c024,0.34902191162109375,0.22700786590576172,0.036549054086208344,0.45090997219085693
6.0,deploy,d,5,best,c042,0.4140949249267578,0.33519935607910156,0.036549054086208344,0.45090997219085693
6.0,deploy,d,5,best,c047,0.19070148468017578,0.2773933410644531,0.036549054086208344,0.45090997219085693
6.0,deploy,d,5,best,c043,0.532923698425293,0.30101585388183594,0.036549054086208344,0.45090997219085693
6.0,deploy,d,5,best,c003,0.2983131408691406,0.23537254333496094,0.036549054086208344,0.45090997219085693
6.0,deploy,d,5,best,c041,0.024687767028808594,0.22241687774658203,0.036549054086208344,0.45090997219085693
6.0,deploy,d,5,best,c008,-0.08997058868408203,0.0923147201538086,0.036549054086208344,0.45090997219085693
6.0,deploy,d,5,best,c045,0.48963356018066406,0.1949167251586914,0.036549054086208344,0.45090997219085693
6.0,deploy,d,5,best,c011,0.24721908569335938,0.22034168243408203,0.036549054086208344,0.45090997219085693
6.0,deploy,d,5,best,c020,0.25572967529296875,0.13524436950683594,0.036549054086208344,0.45090997219085693
6.0,deploy,d,5,best,c044,0.24043560028076172,0.33873558044433594,0.036549054086208344,0.45090997219085693
6.0,deploy,d,5,best,c016,0.21294784545898438,0.08869171142578125,0.036549054086208344,0.45090997219085693
6.0,deploy,d,5,best,c056,0.31729602813720703,0.17100906372070312,0.036549054086208344,0.45090997219085693
6.0,deploy,d,5,best,c025,0.3070354461669922,0.21721267700195312,0.036549054086208344,0.45090997219085693
6.0,deploy,d,5,best,c029,-0.039772987365722656,0.13503074645996094,0.036549054086208344,0.45090997219085693
6.0,deploy,d,5,best,c014,0.05636024475097656,0.1986865997314453,0.036549054086208344,0.45090997219085693
6.0,deploy,d,5,best,c002,0.37722110748291016,0.1801776885986328,0.036549054086208344,0.45090997219085693
6.0,deploy,d,5,best,c023,0.3075132369995117,0.30460548400878906,0.036549054086208344,0.45090997219085693
6.0,deploy,d,5,best,c046,0.20586013793945312,0.19747161865234375,0.036549054086208344,0.45090997219085693
6.0,deploy,d,5,best,c022,0.359771728515625,0.24933147430419922,0.036549054086208344,0.45090997219085693
6.0,deploy,d,5,best,c050,0.4284191131591797,0.3182029724121094,0.036549054086208344,0.45090997219085693
6.0,eval,random,5,best,c006,0.3799651463826497,0.0783570607503255,0.07817231553296249,0.5503463745117188
6.0,eval,random,5,best,c017,-0.029840469360351562,-0.024641990661621094,0.07817231553296249,0.5503463745117188
6.0,eval,random,5,best,c039,0.2811991373697917,-0.004847844441731752,0.07817231553296249,0.5503463745117188
6.0,eval,random,5,best,c036,0.2474676767985026,0.12225596110026041,0.07817231553296249,0.5503463745117188
6.0,eval,random,5,best,c009,-0.08437252044677734,0.031141281127929688,0.07817231553296249,0.5503463745117188
6.0,eval,random,5,best,c000,0.26874764760335285,0.016795476277669252,0.07817231553296249,0.5503463745117188
6.0,eval,random,5,best,c013,0.3082857131958008,-0.02530193328857422,0.07817231553296249,0.5503463745117188
6.0,eval,random,5,best,c049,0.22457027435302734,0.10747146606445312,0.07817231553296249,0.5503463745117188
6.0,eval,random,5,best,c058,0.18622684478759766,0.008843421936035156,0.07817231553296249,0.5503463745117188
6.0,eval,random,5,best,c024,0.3240203857421875,0.014603614807128906,0.07817231553296249,0.5503463745117188
6.0,eval,random,5,best,c042,0.2814032236735026,0.048047701517740904,0.07817231553296249,0.5503463745117188
6.0,eval,random,5,best,c047,0.3139352798461914,0.015204429626464844,0.07817231553296249,0.5503463745117188
6.0,eval,random,5,best,c043,0.17047754923502603,0.02009264628092447,0.07817231553296249,0.5503463745117188
6.0,eval,random,5,best,c003,0.4214007059733073,0.06753794352213544,0.07817231553296249,0.5503463745117188
6.0,eval,random,5,best,c041,0.14724063873291016,0.06209564208984375,0.07817231553296249,0.5503463745117188
6.0,eval,random,5,best,c008,-0.3232167561848958,-0.0809806187947591,0.07817231553296249,0.5503463745117188
6.0,eval,random,5,best,c045,0.4228372573852539,0.07411861419677734,0.07817231553296249,0.5503463745117188
6.0,eval,random,5,best,c011,0.19012737274169922,-0.009743690490722656,0.07817231553296249,0.5503463745117188
6.0,eval,random,5,best,c020,0.5049212773640951,0.001285870869954464,0.07817231553296249,0.5503463745117188
6.0,eval,random,5,best,c044,0.3496491114298503,0.054682413736979185,0.07817231553296249,0.5503463745117188
6.0,eval,random,5,best,c016,0.2688312530517578,-0.004445075988769531,0.07817231553296249,0.5503463745117188
6.0,eval,random,5,best,c056,0.47058264414469403,0.08208815256754559,0.07817231553296249,0.5503463745117188
6.0,eval,random,5,best,c025,0.26393985748291016,-0.004118919372558594,0.07817231553296249,0.5503463745117188
6.0,eval,random,5,best,c029,0.24108219146728516,0.12757587432861328,0.07817231553296249,0.5503463745117188
6.0,eval,random,5,best,c014,0.05932076772054037,-0.006789843241373696,0.07817231553296249,0.5503463745117188
6.0,eval,random,5,best,c002,0.39597415924072266,-0.02250957489013672,0.07817231553296249,0.5503463745117188
6.0,eval,random,5,best,c023,0.42600059509277344,0.08848953247070312,0.07817231553296249,0.5503463745117188
6.0,eval,random,5,best,c046,0.30585511525472003,0.019603093465169252,0.07817231553296249,0.5503463745117188
6.0,eval,random,5,best,c022,0.08391189575195312,-0.02761077880859375,0.07817231553296249,0.5503463745117188
6.0,eval,random,5,best,c050,0.5904197692871094,0.09993648529052734,0.07817231553296249,0.5503463745117188
6.0,eval,random,5,best,c006,0.39264170328776044,0.02946631113688153,0.07817231553296249,0.5503463745117188
6.0,eval,random,5,best,c017,0.5140212376912435,-0.020260492960611942,0.07817231553296249,0.5503463745117188
6.0,eval,random,5,best,c039,0.17755126953125,0.09710407257080078,0.07817231553296249,0.5503463745117188
6.0,eval,random,5,best,c036,0.19917774200439453,0.09576416015625,0.07817231553296249,0.5503463745117188
6.0,eval,random,5,best,c009,0.22161420186360678,0.027228673299153655,0.07817231553296249,0.5503463745117188
6.0,eval,random,5,best,c000,0.18383153279622397,-0.02723089853922525,0.07817231553296249,0.5503463745117188
6.0,eval,random,5,best,c013,0.060170491536458336,-0.07084147135416666,0.07817231553296249,0.5503463745117188
6.0,eval,random,5,best,c049,0.10236263275146484,0.09545135498046875,0.07817231553296249,0.5503463745117188
6.0,eval,random,5,best,c058,0.08701133728027344,0.043122291564941406,0.07817231553296249,0.5503463745117188
6.0,eval,random,5,best,c024,0.2891174952189128,0.02378431955973309,0.07817231553296249,0.5503463745117188
6.0,eval,random,5,best,c042,0.13507588704427084,0.00287946065266928,0.07817231553296249,0.5503463745117188
6.0,eval,random,5,best,c047,0.4860595067342122,0.1617472966512044,0.07817231553296249,0.5503463745117188
6.0,eval,random,5,best,c043,0.381320317586263,0.11977322896321613,0.07817231553296249,0.5503463745117188
6.0,eval,random,5,best,c003,0.18359375,-0.02614116668701172,0.07817231553296249,0.5503463745117188
6.0,eval,random,5,best,c041,0.2538706461588542,0.051137606302897154,0.07817231553296249,0.5503463745117188
6.0,eval,random,5,best,c008,0.15903091430664062,0.02602863311767578,0.07817231553296249,0.5503463745117188
6.0,eval,random,5,best,c045,0.22262001037597656,0.0007677078247070312,0.07817231553296249,0.5503463745117188
6.0,eval,random,5,best,c011,0.10260391235351562,-0.05706024169921875,0.07817231553296249,0.5503463745117188
6.0,eval,random,5,best,c020,0.46900590260823566,0.021907170613606752,0.07817231553296249,0.5503463745117188
6.0,eval,random,5,best,c044,0.005480448404947917,-0.006578763326009114,0.07817231553296249,0.5503463745117188
6.0,eval,random,5,best,c016,0.34013525644938153,-0.004200299580891909,0.07817231553296249,0.5503463745117188
6.0,eval,random,5,best,c056,0.22874736785888672,0.030730247497558594,0.07817231553296249,0.5503463745117188
6.0,eval,random,5,best,c025,0.1380176544189453,0.0004177093505859375,0.07817231553296249,0.5503463745117188
6.0,eval,random,5,best,c029,0.30573463439941406,-0.039132118225097656,0.07817231553296249,0.5503463745117188
6.0,eval,random,5,best,c014,0.10132408142089844,0.005192756652832031,0.07817231553296249,0.5503463745117188
6.0,eval,random,5,best,c002,0.3893493016560872,0.05923398335774738,0.07817231553296249,0.5503463745117188
6.0,eval,random,5,best,c023,0.7235260009765625,0.11302375793457031,0.07817231553296249,0.5503463745117188
6.0,eval,random,5,best,c046,0.23666985829671225,0.06475957234700522,0.07817231553296249,0.5503463745117188
6.0,eval,random,5,best,c022,0.48633988698323566,0.04214604695638019,0.07817231553296249,0.5503463745117188
6.0,eval,random,5,best,c050,0.40794626871744794,0.03530279795328778,0.07817231553296249,0.5503463745117188
8.0,eval,d,5,best,c006,0.40337181091308594,0.10176372528076172,0.11533679813146591,0.40743207931518555
8.0,eval,d,5,best,c017,-0.09463024139404297,-0.0894317626953125,0.11533679813146591,0.40743207931518555
8.0,eval,d,5,best,c039,0.22797775268554688,-0.05806922912597656,0.11533679813146591,0.40743207931518555
8.0,eval,d,5,best,c036,0.2627706527709961,0.1375589370727539,0.11533679813146591,0.40743207931518555
8.0,eval,d,5,best,c009,-0.01114654541015625,0.10436725616455078,0.11533679813146591,0.40743207931518555
8.0,eval,d,5,best,c000,0.21245193481445312,-0.03950023651123047,0.11533679813146591,0.40743207931518555
8.0,eval,d,5,best,c013,0.22828102111816406,-0.10530662536621094,0.11533679813146591,0.40743207931518555
8.0,eval,d,5,best,c049,0.09685707092285156,-0.020241737365722656,0.11533679813146591,0.40743207931518555
8.0,eval,d,5,best,c058,0.5096292495727539,0.3322458267211914,0.11533679813146591,0.40743207931518555
8.0,eval,d,5,best,c024,0.5076627731323242,0.19824600219726562,0.11533679813146591,0.40743207931518555
8.0,eval,d,5,best,c042,0.28357505798339844,0.05021953582763672,0.11533679813146591,0.40743207931518555
8.0,eval,d,5,best,c047,0.56903076171875,0.27029991149902344,0.11533679813146591,0.40743207931518555
8.0,eval,d,5,best,c043,0.6238460540771484,0.4734611511230469,0.11533679813146591,0.40743207931518555
8.0,eval,d,5,best,c003,0.3174724578857422,-0.03639030456542969,0.11533679813146591,0.40743207931518555
8.0,eval,d,5,best,c041,0.21043682098388672,0.1252918243408203,0.11533679813146591,0.40743207931518555
8.0,eval,d,5,best,c008,-0.26157665252685547,-0.01934051513671875,0.11533679813146591,0.40743207931518555
8.0,eval,d,5,best,c045,0.36481666564941406,0.0160980224609375,0.11533679813146591,0.40743207931518555
8.0,eval,d,5,best,c011,0.1666431427001953,-0.03322792053222656,0.11533679813146591,0.40743207931518555
8.0,eval,d,5,best,c020,0.43548583984375,-0.06814956665039062,0.11533679813146591,0.40743207931518555
8.0,eval,d,5,best,c044,0.33826541900634766,0.04329872131347656,0.11533679813146591,0.40743207931518555
8.0,eval,d,5,best,c016,0.20654869079589844,-0.0667276382446289,0.11533679813146591,0.40743207931518555
8.0,eval,d,5,best,c056,0.37408447265625,-0.014410018920898438,0.11533679813146591,0.40743207931518555
8.0,eval,d,5,best,c025,0.5066108703613281,0.23855209350585938,0.11533679813146591,0.40743207931518555
8.0,eval,d,5,best,c029,0.16776752471923828,0.054261207580566406,0.11533679813146591,0.40743207931518555
8.0,eval,d,5,best,c014,0.0859212875366211,0.01981067657470703,0.11533679813146591,0.40743207931518555
8.0,eval,d,5,best,c002,0.4374980926513672,0.019014358520507812,0.11533679813146591,0.40743207931518555
8.0,eval,d,5,best,c023,0.3781614303588867,0.040650367736816406,0.11533679813146591,0.40743207931518555
8.0,eval,d,5,best,c046,0.13450908660888672,-0.15174293518066406,0.11533679813146591,0.40743207931518555
8.0,eval,d,5,best,c022,0.2082366943359375,0.09671401977539062,0.11533679813146591,0.40743207931518555
8.0,eval,d,5,best,c050,0.4545135498046875,-0.03596973419189453,0.11533679813146591,0.40743207931518555
8.0,eval,d,5,best,c006,0.4347553253173828,0.0715799331665039,0.11533679813146591,0.40743207931518555
8.0,eval,d,5,best,c017,0.46880531311035156,-0.0654764175415039,0.11533679813146591,0.40743207931518555
8.0,eval,d,5,best,c039,-0.04195880889892578,-0.122406005859375,0.11533679813146591,0.40743207931518555
8.0,eval,d,5,best,c036,0.1964731216430664,0.09305953979492188,0.11533679813146591,0.40743207931518555
8.0,eval,d,5,best,c009,0.24361515045166016,0.04922962188720703,0.11533679813146591,0.40743207931518555
8.0,eval,d,5,best,c000,0.2174549102783203,0.006392478942871094,0.11533679813146591,0.40743207931518555
8.0,eval,d,5,best,c013,0.16612815856933594,0.03511619567871094,0.11533679813146591,0.40743207931518555
8.0,eval,d,5,best,c049,0.24759864807128906,0.24068737030029297,0.11533679813146591,0.40743207931518555
8.0,eval,d,5,best,c058,0.09916305541992188,0.055274009704589844,0.11533679813146591,0.40743207931518555
8.0,eval,d,5,best,c024,0.4525747299194336,0.1872415542602539,0.11533679813146591,0.40743207931518555
8.0,eval,d,5,best,c042,0.23675918579101562,0.10456275939941406,0.11533679813146591,0.40743207931518555
8.0,eval,d,5,best,c047,0.4625835418701172,0.13827133178710938,0.11533679813146591,0.40743207931518555
8.0,eval,d,5,best,c043,0.4882335662841797,0.2266864776611328,0.11533679813146591,0.40743207931518555
8.0,eval,d,5,best,c003,0.3608427047729492,0.1511077880859375,0.11533679813146591,0.40743207931518555
8.0,eval,d,5,best,c041,0.36168479919433594,0.1589517593383789,0.11533679813146591,0.40743207931518555
8.0,eval,d,5,best,c008,0.10887718200683594,-0.024125099182128906,0.11533679813146591,0.40743207931518555
8.0,eval,d,5,best,c045,0.21170425415039062,-0.010148048400878906,0.11533679813146591,0.40743207931518555
8.0,eval,d,5,best,c011,0.39054012298583984,0.23087596893310547,0.11533679813146591,0.40743207931518555
8.0,eval,d,5,best,c020,0.4287900924682617,-0.018308639526367188,0.11533679813146591,0.40743207931518555
8.0,eval,d,5,best,c044,0.27129173278808594,0.2592325210571289,0.11533679813146591,0.40743207931518555
8.0,eval,d,5,best,c016,0.42826271057128906,0.08392715454101562,0.11533679813146591,0.40743207931518555
8.0,eval,d,5,best,c056,0.4419364929199219,0.24391937255859375,0.11533679813146591,0.40743207931518555
8.0,eval,d,5,best,c025,0.46051502227783203,0.32291507720947266,0.11533679813146591,0.40743207931518555
8.0,eval,d,5,best,c029,0.5942697525024414,0.2494029998779297,0.11533679813146591,0.40743207931518555
8.0,eval,d,5,best,c014,0.12392902374267578,0.027797698974609375,0.11533679813146591,0.40743207931518555
8.0,eval,d,5,best,c002,0.3275632858276367,-0.002552032470703125,0.11533679813146591,0.40743207931518555
8.0,eval,d,5,best,c023,0.5377979278564453,-0.07270431518554688,0.11533679813146591,0.40743207931518555
8.0,eval,d,5,best,c046,0.3718290328979492,0.1999187469482422,0.11533679813146591,0.40743207931518555
8.0,eval,d,5,best,c022,0.42199230194091797,-0.0222015380859375,0.11533679813146591,0.40743207931518555
8.0,eval,d,5,best,c050,0.4844779968261719,0.11183452606201172,0.11533679813146591,0.40743207931518555
8.0,deploy,d,5,best,c006,0.3603706359863281,0.33953857421875,0.0529182106256485,0.42200884222984314
8.0,deploy,d,5,best,c017,0.3011016845703125,0.2961311340332031,0.0529182106256485,0.42200884222984314
8.0,deploy,d,5,best,c039,-0.16846942901611328,0.06732940673828125,0.0529182106256485,0.42200884222984314
8.0,deploy,d,5,best,c036,0.2036762237548828,0.21610736846923828,0.0529182106256485,0.42200884222984314
8.0,deploy,d,5,best,c009,-0.04581260681152344,0.16946887969970703,0.0529182106256485,0.42200884222984314
8.0,deploy,d,5,best,c000,0.36972713470458984,0.29688072204589844,0.0529182106256485,0.42200884222984314
8.0,deploy,d,5,best,c013,0.2025594711303711,0.22307682037353516,0.0529182106256485,0.42200884222984314
8.0,deploy,d,5,best,c049,-0.025961875915527344,0.2379159927368164,0.0529182106256485,0.42200884222984314
8.0,deploy,d,5,best,c058,0.11611461639404297,0.19364547729492188,0.0529182106256485,0.42200884222984314
8.0,deploy,d,5,best,c024,0.46544647216796875,0.44272804260253906,0.0529182106256485,0.42200884222984314
8.0,deploy,d,5,best,c042,0.38579368591308594,0.31186580657958984,0.0529182106256485,0.42200884222984314
8.0,deploy,d,5,best,c047,0.3798837661743164,0.47910308837890625,0.0529182106256485,0.42200884222984314
8.0,deploy,d,5,best,c043,0.40552616119384766,0.4248685836791992,0.0529182106256485,0.42200884222984314
8.0,deploy,d,5,best,c003,0.4226808547973633,0.40355873107910156,0.0529182106256485,0.42200884222984314
8.0,deploy,d,5,best,c041,0.4503965377807617,0.3675222396850586,0.0529182106256485,0.42200884222984314
8.0,deploy,d,5,best,c008,-0.4240093231201172,0.08135318756103516,0.0529182106256485,0.42200884222984314
8.0,deploy,d,5,best,c045,0.31734180450439453,0.24697399139404297,0.0529182106256485,0.42200884222984314
8.0,deploy,d,5,best,c011,0.35718822479248047,0.3285226821899414,0.0529182106256485,0.42200884222984314
8.0,deploy,d,5,best,c020,0.4482383728027344,0.2649650573730469,0.0529182106256485,0.42200884222984314
8.0,deploy,d,5,best,c044,0.45272064208984375,0.4536151885986328,0.0529182106256485,0.42200884222984314
8.0,deploy,d,5,best,c016,0.14677810668945312,0.09381103515625,0.0529182106256485,0.42200884222984314
8.0,deploy,d,5,best,c056,0.33860301971435547,0.22222042083740234,0.0529182106256485,0.42200884222984314
8.0,deploy,d,5,best,c025,0.40333080291748047,0.31735706329345703,0.0529182106256485,0.42200884222984314
8.0,deploy,d,5,best,c029,0.26700496673583984,0.28220081329345703,0.0529182106256485,0.42200884222984314
8.0,deploy,d,5,best,c014,0.2185201644897461,0.2210865020751953,0.0529182106256485,0.42200884222984314
8.0,deploy,d,5,best,c002,0.33478355407714844,0.2439441680908203,0.0529182106256485,0.42200884222984314
8.0,deploy,d,5,best,c023,0.4870119094848633,0.4443931579589844,0.0529182106256485,0.42200884222984314
8.0,deploy,d,5,best,c046,0.4715690612792969,0.24631309509277344,0.0529182106256485,0.42200884222984314
8.0,deploy,d,5,best,c022,0.3148183822631836,0.1438455581665039,0.0529182106256485,0.42200884222984314
8.0,deploy,d,5,best,c050,0.4025135040283203,0.29965686798095703,0.0529182106256485,0.42200884222984314
8.0,deploy,d,5,best,c006,0.4038820266723633,0.3860588073730469,0.0529182106256485,0.42200884222984314
8.0,deploy,d,5,best,c017,0.2035694122314453,0.22539424896240234,0.0529182106256485,0.42200884222984314
8.0,deploy,d,5,best,c039,-0.1767730712890625,0.0683450698852539,0.0529182106256485,0.42200884222984314
8.0,deploy,d,5,best,c036,0.26244640350341797,0.32249927520751953,0.0529182106256485,0.42200884222984314
8.0,deploy,d,5,best,c009,0.021352767944335938,0.21232318878173828,0.0529182106256485,0.42200884222984314
8.0,deploy,d,5,best,c000,0.4410514831542969,0.23682880401611328,0.0529182106256485,0.42200884222984314
8.0,deploy,d,5,best,c013,0.11561203002929688,0.0878152847290039,0.0529182106256485,0.42200884222984314
8.0,deploy,d,5,best,c049,-0.2110891342163086,0.31340980529785156,0.0529182106256485,0.42200884222984314
8.0,deploy,d,5,best,c058,0.17193603515625,0.14398479461669922,0.0529182106256485,0.42200884222984314
8.0,deploy,d,5,best,c024,0.4333028793334961,0.31128883361816406,0.0529182106256485,0.42200884222984314
8.0,deploy,d,5,best,c042,0.4876832962036133,0.40878772735595703,0.0529182106256485,0.42200884222984314
8.0,deploy,d,5,best,c047,0.28619861602783203,0.3728904724121094,0.0529182106256485,0.42200884222984314
8.0,deploy,d,5,best,c043,0.6518640518188477,0.4199562072753906,0.0529182106256485,0.42200884222984314
8.0,deploy,d,5,best,c003,0.41146183013916016,0.34852123260498047,0.0529182106256485,0.42200884222984314
8.0,deploy,d,5,best,c041,0.2114410400390625,0.40917015075683594,0.0529182106256485,0.42200884222984314
8.0,deploy,d,5,best,c008,-0.051749229431152344,0.13053607940673828,0.0529182106256485,0.42200884222984314
8.0,deploy,d,5,best,c045,0.5578985214233398,0.2631816864013672,0.0529182106256485,0.42200884222984314
8.0,deploy,d,5,best,c011,0.32103919982910156,0.2941617965698242,0.0529182106256485,0.42200884222984314
8.0,deploy,d,5,best,c020,0.29622936248779297,0.17574405670166016,0.0529182106256485,0.42200884222984314
8.0,deploy,d,5,best,c044,0.34947776794433594,0.44777774810791016,0.0529182106256485,0.42200884222984314
8.0,deploy,d,5,best,c016,0.24540996551513672,0.1211538314819336,0.0529182106256485,0.42200884222984314
8.0,deploy,d,5,best,c056,0.4142951965332031,0.2680082321166992,0.0529182106256485,0.42200884222984314
8.0,deploy,d,5,best,c025,0.4111480712890625,0.32132530212402344,0.0529182106256485,0.42200884222984314
8.0,deploy,d,5,best,c029,0.038176536560058594,0.2129802703857422,0.0529182106256485,0.42200884222984314
8.0,deploy,d,5,best,c014,0.16448688507080078,0.30681324005126953,0.0529182106256485,0.42200884222984314
8.0,deploy,d,5,best,c002,0.4332895278930664,0.23624610900878906,0.0529182106256485,0.42200884222984314
8.0,deploy,d,5,best,c023,0.46839332580566406,0.4654855728149414,0.0529182106256485,0.42200884222984314
8.0,deploy,d,5,best,c046,0.3151416778564453,0.30675315856933594,0.0529182106256485,0.42200884222984314
8.0,deploy,d,5,best,c022,0.4919271469116211,0.3814868927001953,0.0529182106256485,0.42200884222984314
8.0,deploy,d,5,best,c050,0.5674114227294922,0.4571952819824219,0.0529182106256485,0.42200884222984314
8.0,eval,random,5,best,c006,0.34957408905029297,0.04796600341796875,0.13026651615897814,0.5008322894573212
8.0,eval,random,5,best,c017,-0.07164986928304036,-0.06645139058430989,0.13026651615897814,0.5008322894573212
8.0,eval,random,5,best,c039,0.2269277572631836,-0.059119224548339844,0.13026651615897814,0.5008322894573212
8.0,eval,random,5,best,c036,0.2248722712198893,0.09966055552164713,0.13026651615897814,0.5008322894573212
8.0,eval,random,5,best,c009,-0.11000919342041016,0.005504608154296875,0.13026651615897814,0.5008322894573212
8.0,eval,random,5,best,c000,0.21097882588704428,-0.040973345438639314,0.13026651615897814,0.5008322894573212
8.0,eval,random,5,best,c013,0.25745264689127606,-0.07613499959309894,0.13026651615897814,0.5008322894573212
8.0,eval,random,5,best,c049,0.21013736724853516,0.09303855895996094,0.13026651615897814,0.5008322894573212
8.0,eval,random,5,best,c058,0.15624364217122397,-0.021139780680338532,0.13026651615897814,0.5008322894573212
8.0,eval,random,5,best,c024,0.2683054606119792,-0.04111131032307941,0.13026651615897814,0.5008322894573212
8.0,eval,random,5,best,c042,0.25072669982910156,0.017371177673339844,0.13026651615897814,0.5008322894573212
8.0,eval,random,5,best,c047,0.25412241617838544,-0.04460843404134113,0.13026651615897814,0.5008322894573212
8.0,eval,random,5,best,c043,0.1362880071004232,-0.014096895853678376,0.13026651615897814,0.5008322894573212
8.0,eval,random,5,best,c003,0.37248961130777997,0.01862684885660809,0.13026651615897814,0.5008322894573212
8.0,eval,random,5,best,c041,0.13007704416910806,0.04493204752604166,0.13026651615897814,0.5008322894573212
8.0,eval,random,5,best,c008,-0.3767995834350586,-0.13456344604492188,0.13026651615897814,0.5008322894573212
8.0,eval,random,5,best,c045,0.4189271926879883,0.07020854949951172,0.13026651615897814,0.5008322894573212
8.0,eval,random,5,best,c011,0.1452163060506185,-0.054654757181803376,0.13026651615897814,0.5008322894573212
8.0,eval,random,5,best,c020,0.45418357849121094,-0.04945182800292969,0.13026651615897814,0.5008322894573212
8.0,eval,random,5,best,c044,0.31638304392496747,0.021416346232096373,0.13026651615897814,0.5008322894573212
8.0,eval,random,5,best,c016,0.2092930475870768,-0.06398328145345053,0.13026651615897814,0.5008322894573212
8.0,eval,random,5,best,c056,0.42827733357747394,0.0397828420003255,0.13026651615897814,0.5008322894573212
8.0,eval,random,5,best,c025,0.19473870595296225,-0.0733200709025065,0.13026651615897814,0.5008322894573212
8.0,eval,random,5,best,c029,0.21426868438720703,0.10076236724853516,0.13026651615897814,0.5008322894573212
8.0,eval,random,5,best,c014,0.04176108042399088,-0.02434953053792318,0.13026651615897814,0.5008322894573212
8.0,eval,random,5,best,c002,0.3167136510213216,-0.10177008310953778,0.13026651615897814,0.5008322894573212
8.0,eval,random,5,best,c023,0.3738158543904622,0.03630479176839191,0.13026651615897814,0.5008322894573212
8.0,eval,random,5,best,c046,0.2619915008544922,-0.024260520935058594,0.13026651615897814,0.5008322894573212
8.0,eval,random,5,best,c022,0.045229593912760414,-0.06629308064778647,0.13026651615897814,0.5008322894573212
8.0,eval,random,5,best,c050,0.5497948328653971,0.05931154886881507,0.13026651615897814,0.5008322894573212
8.0,eval,random,5,best,c006,0.3486105600992839,-0.014564832051595034,0.13026651615897814,0.5008322894573212
8.0,eval,random,5,best,c017,0.4109233220418294,-0.12335840861002606,0.13026651615897814,0.5008322894573212
8.0,eval,random,5,best,c039,0.1401484807332357,0.05970128377278647,0.13026651615897814,0.5008322894573212
8.0,eval,random,5,best,c036,0.20772870381673178,0.10431512196858725,0.13026651615897814,0.5008322894573212
8.0,eval,random,5,best,c009,0.17767779032389322,-0.016707738240559905,0.13026651615897814,0.5008322894573212
8.0,eval,random,5,best,c000,0.11048094431559245,-0.10058148701985677,0.13026651615897814,0.5008322894573212
8.0,eval,random,5,best,c013,-0.006532033284505208,-0.13754399617513022,0.13026651615897814,0.5008322894573212
8.0,eval,random,5,best,c049,0.12121359507242839,0.1143023173014323,0.13026651615897814,0.5008322894573212
8.0,eval,random,5,best,c058,0.07853412628173828,0.03464508056640625,0.13026651615897814,0.5008322894573212
8.0,eval,random,5,best,c024,0.26386578877766925,-0.0014673868815104352,0.13026651615897814,0.5008322894573212
8.0,eval,random,5,best,c042,0.09286880493164062,-0.03932762145996094,0.13026651615897814,0.5008322894573212
8.0,eval,random,5,best,c047,0.4643990198771159,0.1400868097941081,0.13026651615897814,0.5008322894573212
8.0,eval,random,5,best,c043,0.3392852147420247,0.07773812611897785,0.13026651615897814,0.5008322894573212
8.0,eval,random,5,best,c003,0.11918290456136067,-0.09055201212565105,0.13026651615897814,0.5008322894573212
8.0,eval,random,5,best,c041,0.24178218841552734,0.03904914855957031,0.13026651615897814,0.5008322894573212
8.0,eval,random,5,best,c008,0.10042953491210938,-0.03257274627685547,0.13026651615897814,0.5008322894573212
8.0,eval,random,5,best,c045,0.17146937052408853,-0.050382932027181,0.13026651615897814,0.5008322894573212
8.0,eval,random,5,best,c011,0.04603004455566406,-0.11363410949707031,0.13026651615897814,0.5008322894573212
8.0,eval,random,5,best,c020,0.4124024709065755,-0.034696261088053404,0.13026651615897814,0.5008322894573212
8.0,eval,random,5,best,c044,-0.043743133544921875,-0.055802345275878906,0.13026651615897814,0.5008322894573212
8.0,eval,random,5,best,c016,0.2945690155029297,-0.04976654052734375,0.13026651615897814,0.5008322894573212
8.0,eval,random,5,best,c056,0.18758010864257812,-0.01043701171875,0.13026651615897814,0.5008322894573212
8.0,eval,random,5,best,c025,0.11461385091145833,-0.022986094156901046,0.13026651615897814,0.5008322894573212
8.0,eval,random,5,best,c029,0.24103800455729166,-0.10382874806722006,0.13026651615897814,0.5008322894573212
8.0,eval,random,5,best,c014,0.07193787892659505,-0.02419344584147136,0.13026651615897814,0.5008322894573212
8.0,eval,random,5,best,c002,0.309634526570638,-0.02048079172770184,0.13026651615897814,0.5008322894573212
8.0,eval,random,5,best,c023,0.6612669626871744,0.050764719645182255,0.13026651615897814,0.5008322894573212
8.0,eval,random,5,best,c046,0.2298733393351237,0.05796305338541666,0.13026651615897814,0.5008322894573212
8.0,eval,random,5,best,c022,0.4394124348958333,-0.004781405131022154,0.13026651615897814,0.5008322894573212
8.0,eval,random,5,best,c050,0.3669830958048503,-0.005660374959309877,0.13026651615897814,0.5008322894573212
-8.0,eval,d,9,net,c006,-0.3308849334716797,-0.6324930191040039,0.8234537839889526,0.27790355682373047
-8.0,eval,d,9,net,c017,-0.42422008514404297,-0.4190216064453125,0.8234537839889526,0.27790355682373047
-8.0,eval,d,9,net,c039,-0.19716262817382812,-0.48320960998535156,0.8234537839889526,0.27790355682373047
-8.0,eval,d,9,net,c036,-0.2516946792602539,-0.3769063949584961,0.8234537839889526,0.27790355682373047
-8.0,eval,d,9,net,c009,-0.42258644104003906,-0.30707263946533203,0.8234537839889526,0.27790355682373047
-8.0,eval,d,9,net,c000,-0.35632991790771484,-0.6082820892333984,0.8234537839889526,0.27790355682373047
-8.0,eval,d,9,net,c013,-0.2240915298461914,-0.5576791763305664,0.8234537839889526,0.27790355682373047
-8.0,eval,d,9,net,c049,-0.250030517578125,-0.3671293258666992,0.8234537839889526,0.27790355682373047
-8.0,eval,d,9,net,c058,-0.31087398529052734,-0.48825740814208984,0.8234537839889526,0.27790355682373047
-8.0,eval,d,9,net,c024,-0.3182821273803711,-0.6276988983154297,0.8234537839889526,0.27790355682373047
-8.0,eval,d,9,net,c042,-0.4535055160522461,-0.6868610382080078,0.8234537839889526,0.27790355682373047
-8.0,eval,d,9,net,c047,-0.3616752624511719,-0.6604061126708984,0.8234537839889526,0.27790355682373047
-8.0,eval,d,9,net,c043,-0.35307788848876953,-0.5034627914428711,0.8234537839889526,0.27790355682373047
-8.0,eval,d,9,net,c003,-0.3528623580932617,-0.7067251205444336,0.8234537839889526,0.27790355682373047
-8.0,eval,d,9,net,c041,-0.4148836135864258,-0.5000286102294922,0.8234537839889526,0.27790355682373047
-8.0,eval,d,9,net,c008,-0.6008415222167969,-0.35860538482666016,0.8234537839889526,0.27790355682373047
-8.0,eval,d,9,net,c045,-0.31572818756103516,-0.6644468307495117,0.8234537839889526,0.27790355682373047
-8.0,eval,d,9,net,c011,-0.5603799819946289,-0.7602510452270508,0.8234537839889526,0.27790355682373047
-8.0,eval,d,9,net,c020,-0.14556884765625,-0.6492042541503906,0.8234537839889526,0.27790355682373047
-8.0,eval,d,9,net,c044,-0.32254600524902344,-0.6175127029418945,0.8234537839889526,0.27790355682373047
-8.0,eval,d,9,net,c016,-0.37995243072509766,-0.653228759765625,0.8234537839889526,0.27790355682373047
-8.0,eval,d,9,net,c056,-0.3202695846557617,-0.7087640762329102,0.8234537839889526,0.27790355682373047
-8.0,eval,d,9,net,c025,-0.3864278793334961,-0.6544866561889648,0.8234537839889526,0.27790355682373047
-8.0,eval,d,9,net,c029,-0.1606292724609375,-0.2741355895996094,0.8234537839889526,0.27790355682373047
-8.0,eval,d,9,net,c014,-0.4053230285644531,-0.4714336395263672,0.8234537839889526,0.27790355682373047
-8.0,eval,d,9,net,c002,-0.23168468475341797,-0.6501684188842773,0.8234537839889526,0.27790355682373047
-8.0,eval,d,9,net,c023,-0.4020347595214844,-0.7395458221435547,0.8234537839889526,0.27790355682373047
-8.0,eval,d,9,net,c046,-0.29317283630371094,-0.5794248580932617,0.8234537839889526,0.27790355682373047
-8.0,eval,d,9,net,c022,-0.34369754791259766,-0.45522022247314453,0.8234537839889526,0.27790355682373047
-8.0,eval,d,9,net,c050,-0.26523303985595703,-0.7557163238525391,0.8234537839889526,0.27790355682373047
-8.0,eval,d,9,net,c006,-0.2948341369628906,-0.6580095291137695,0.8234537839889526,0.27790355682373047
-8.0,eval,d,9,net,c017,-0.33118152618408203,-0.8654632568359375,0.8234537839889526,0.27790355682373047
-8.0,eval,d,9,net,c039,-0.2614898681640625,-0.3419370651245117,0.8234537839889526,0.27790355682373047
-8.0,eval,d,9,net,c036,-0.38875579833984375,-0.4921693801879883,0.8234537839889526,0.27790355682373047
-8.0,eval,d,9,net,c009,-0.38075733184814453,-0.5751428604125977,0.8234537839889526,0.27790355682373047
-8.0,eval,d,9,net,c000,-0.3816356658935547,-0.5926980972290039,0.8234537839889526,0.27790355682373047
-8.0,eval,d,9,net,c013,-0.4242210388183594,-0.5552330017089844,0.8234537839889526,0.27790355682373047
-8.0,eval,d,9,net,c049,-0.32671642303466797,-0.33362770080566406,0.8234537839889526,0.27790355682373047
-8.0,eval,d,9,net,c058,-0.5265579223632812,-0.5704469680786133,0.8234537839889526,0.27790355682373047
-8.0,eval,d,9,net,c024,-0.3484611511230469,-0.6137943267822266,0.8234537839889526,0.27790355682373047
-8.0,eval,d,9,net,c042,-0.5181970596313477,-0.6503934860229492,0.8234537839889526,0.27790355682373047
-8.0,eval,d,9,net,c047,-0.3401470184326172,-0.664459228515625,0.8234537839889526,0.27790355682373047
-8.0,eval,d,9,net,c043,-0.43518638610839844,-0.6967334747314453,0.8234537839889526,0.27790355682373047
-8.0,eval,d,9,net,c003,-0.3842782974243164,-0.5940132141113281,0.8234537839889526,0.27790355682373047
-8.0,eval,d,9,net,c041,-0.4148235321044922,-0.6175565719604492,0.8234537839889526,0.27790355682373047
-8.0,eval,d,9,net,c008,-0.27252674102783203,-0.4055290222167969,0.8234537839889526,0.27790355682373047
-8.0,eval,d,9,net,c045,-0.4066200256347656,-0.6284723281860352,0.8234537839889526,0.27790355682373047
-8.0,eval,d,9,net,c011,-0.4590787887573242,-0.6187429428100586,0.8234537839889526,0.27790355682373047
-8.0,eval,d,9,net,c020,-0.22779273986816406,-0.674891471862793,0.8234537839889526,0.27790355682373047
-8.0,eval,d,9,net,c044,-0.5881614685058594,-0.6002206802368164,0.8234537839889526,0.27790355682373047
-8.0,eval,d,9,net,c016,-0.3235034942626953,-0.6678390502929688,0.8234537839889526,0.27790355682373047
-8.0,eval,d,9,net,c056,-0.4880361557006836,-0.6860532760620117,0.8234537839889526,0.27790355682373047
-8.0,eval,d,9,net,c025,-0.6662912368774414,-0.8038911819458008,0.8234537839889526,0.27790355682373047
-8.0,eval,d,9,net,c029,-0.1652669906616211,-0.5101337432861328,0.8234537839889526,0.27790355682373047
-8.0,eval,d,9,net,c014,-0.48546314239501953,-0.5815944671630859,0.8234537839889526,0.27790355682373047
-8.0,eval,d,9,net,c002,-0.42566585540771484,-0.7557811737060547,0.8234537839889526,0.27790355682373047
-8.0,eval,d,9,net,c023,-0.27201175689697266,-0.8825139999389648,0.8234537839889526,0.27790355682373047
-8.0,eval,d,9,net,c046,-0.30452442169189453,-0.47643470764160156,0.8234537839889526,0.27790355682373047
-8.0,eval,d,9,net,c022,-0.2907543182373047,-0.7349481582641602,0.8234537839889526,0.27790355682373047
-8.0,eval,d,9,net,c050,-0.2875814437866211,-0.6602249145507812,0.8234537839889526,0.27790355682373047
-8.0,deploy,d,9,net,c006,-0.4296083450317383,-0.4504404067993164,0.9023246169090271,0.3401518166065216
-8.0,deploy,d,9,net,c017,-0.5184497833251953,-0.5234203338623047,0.9023246169090271,0.3401518166065216
-8.0,deploy,d,9,net,c039,-0.557276725769043,-0.32147789001464844,0.9023246169090271,0.3401518166065216
-8.0,deploy,d,9,net,c036,-0.5316896438598633,-0.5192584991455078,0.9023246169090271,0.3401518166065216
-8.0,deploy,d,9,net,c009,-0.4662151336669922,-0.2509336471557617,0.9023246169090271,0.3401518166065216
-8.0,deploy,d,9,net,c000,-0.3982400894165039,-0.4710865020751953,0.9023246169090271,0.3401518166065216
-8.0,deploy,d,9,net,c013,-0.5238962173461914,-0.5033788681030273,0.9023246169090271,0.3401518166065216
-8.0,deploy,d,9,net,c049,-0.4129829406738281,-0.14910507202148438,0.9023246169090271,0.3401518166065216
-8.0,deploy,d,9,net,c058,-0.4690866470336914,-0.3915557861328125,0.9023246169090271,0.3401518166065216
-8.0,deploy,d,9,net,c024,-0.4442300796508789,-0.4669485092163086,0.9023246169090271,0.3401518166065216
-8.0,deploy,d,9,net,c042,-0.5651931762695312,-0.6391210556030273,0.9023246169090271,0.3401518166065216
-8.0,deploy,d,9,net,c047,-0.4823722839355469,-0.38315296173095703,0.9023246169090271,0.3401518166065216
-8.0,deploy,d,9,net,c043,-0.35194969177246094,-0.3326072692871094,0.9023246169090271,0.3401518166065216
-8.0,deploy,d,9,net,c003,-0.25083255767822266,-0.2699546813964844,0.9023246169090271,0.3401518166065216
-8.0,deploy,d,9,net,c041,-0.5044307708740234,-0.5873050689697266,0.9023246169090271,0.3401518166065216
-8.0,deploy,d,9,net,c008,-0.7970781326293945,-0.2917156219482422,0.9023246169090271,0.3401518166065216
-8.0,deploy,d,9,net,c045,-0.46669578552246094,-0.5370635986328125,0.9023246169090271,0.3401518166065216
-8.0,deploy,d,9,net,c011,-0.5139598846435547,-0.5426254272460938,0.9023246169090271,0.3401518166065216
-8.0,deploy,d,9,net,c020,-0.32619285583496094,-0.5094661712646484,0.9023246169090271,0.3401518166065216
-8.0,deploy,d,9,net,c044,-0.48755645751953125,-0.4866619110107422,0.9023246169090271,0.3401518166065216
-8.0,deploy,d,9,net,c016,-0.3682889938354492,-0.42125606536865234,0.9023246169090271,0.3401518166065216
-8.0,deploy,d,9,net,c056,-0.5111274719238281,-0.6275100708007812,0.9023246169090271,0.3401518166065216
-8.0,deploy,d,9,net,c025,-0.45410823822021484,-0.5400819778442383,0.9023246169090271,0.3401518166065216
-8.0,deploy,d,9,net,c029,-0.3081369400024414,-0.2929410934448242,0.9023246169090271,0.3401518166065216
-8.0,deploy,d,9,net,c014,-0.49385643005371094,-0.4912900924682617,0.9023246169090271,0.3401518166065216
-8.0,deploy,d,9,net,c002,-0.3734273910522461,-0.4642667770385742,0.9023246169090271,0.3401518166065216
-8.0,deploy,d,9,net,c023,-0.36244773864746094,-0.40506649017333984,0.9023246169090271,0.3401518166065216
-8.0,deploy,d,9,net,c046,-0.4145078659057617,-0.6397638320922852,0.9023246169090271,0.3401518166065216
-8.0,deploy,d,9,net,c022,-0.32822132110595703,-0.4991941452026367,0.9023246169090271,0.3401518166065216
-8.0,deploy,d,9,net,c050,-0.4408836364746094,-0.5437402725219727,0.9023246169090271,0.3401518166065216
-8.0,deploy,d,9,net,c006,-0.43030261993408203,-0.44812583923339844,0.9023246169090271,0.3401518166065216
-8.0,deploy,d,9,net,c017,-0.4634122848510742,-0.4415874481201172,0.9023246169090271,0.3401518166065216
-8.0,deploy,d,9,net,c039,-0.38204193115234375,-0.13692378997802734,0.9023246169090271,0.3401518166065216
-8.0,deploy,d,9,net,c036,-0.44547557830810547,-0.3854227066040039,0.9023246169090271,0.3401518166065216
-8.0,deploy,d,9,net,c009,-0.5290260314941406,-0.3380556106567383,0.9023246169090271,0.3401518166065216
-8.0,deploy,d,9,net,c000,-0.3482027053833008,-0.5524253845214844,0.9023246169090271,0.3401518166065216
-8.0,deploy,d,9,net,c013,-0.31770801544189453,-0.3455047607421875,0.9023246169090271,0.3401518166065216
-8.0,deploy,d,9,net,c049,-0.48242855072021484,0.04207038879394531,0.9023246169090271,0.3401518166065216
-8.0,deploy,d,9,net,c058,-0.38053035736083984,-0.4084815979003906,0.9023246169090271,0.3401518166065216
-8.0,deploy,d,9,net,c024,-0.5733575820922852,-0.6953716278076172,0.9023246169090271,0.3401518166065216
-8.0,deploy,d,9,net,c042,-0.5806140899658203,-0.6595096588134766,0.9023246169090271,0.3401518166065216
-8.0,deploy,d,9,net,c047,-0.5373411178588867,-0.4506492614746094,0.9023246169090271,0.3401518166065216
-8.0,deploy,d,9,net,c043,-0.39069080352783203,-0.6225986480712891,0.9023246169090271,0.3401518166065216
-8.0,deploy,d,9,net,c003,-0.3999357223510742,-0.4628763198852539,0.9023246169090271,0.3401518166065216
-8.0,deploy,d,9,net,c041,-0.46716880798339844,-0.269439697265625,0.9023246169090271,0.3401518166065216
-8.0,deploy,d,9,net,c008,-0.4044828414916992,-0.2221975326538086,0.9023246169090271,0.3401518166065216
-8.0,deploy,d,9,net,c045,-0.4285564422607422,-0.7232732772827148,0.9023246169090271,0.3401518166065216
-8.0,deploy,d,9,net,c011,-0.49765586853027344,-0.5245332717895508,0.9023246169090271,0.3401518166065216
-8.0,deploy,d,9,net,c020,-0.33349609375,-0.4539813995361328,0.9023246169090271,0.3401518166065216
-8.0,deploy,d,9,net,c044,-0.4662294387817383,-0.36792945861816406,0.9023246169090271,0.3401518166065216
-8.0,deploy,d,9,net,c016,-0.3309516906738281,-0.45520782470703125,0.9023246169090271,0.3401518166065216
-8.0,deploy,d,9,net,c056,-0.3569145202636719,-0.5032014846801758,0.9023246169090271,0.3401518166065216
-8.0,deploy,d,9,net,c025,-0.4275989532470703,-0.5174217224121094,0.9023246169090271,0.3401518166065216
-8.0,deploy,d,9,net,c029,-0.5446090698242188,-0.36980533599853516,0.9023246169090271,0.3401518166065216
-8.0,deploy,d,9,net,c014,-0.524205207824707,-0.3818788528442383,0.9023246169090271,0.3401518166065216
-8.0,deploy,d,9,net,c002,-0.3695812225341797,-0.566624641418457,0.9023246169090271,0.3401518166065216
-8.0,deploy,d,9,net,c023,-0.19675827026367188,-0.19966602325439453,0.9023246169090271,0.3401518166065216
-8.0,deploy,d,9,net,c046,-0.3968067169189453,-0.4051952362060547,0.9023246169090271,0.3401518166065216
-8.0,deploy,d,9,net,c022,-0.3564491271972656,-0.4668893814086914,0.9023246169090271,0.3401518166065216
-8.0,deploy,d,9,net,c050,-0.5113248825073242,-0.6215410232543945,0.9023246169090271,0.3401518166065216
-8.0,eval,random,9,net,c006,-0.058014233907063804,-0.359622319539388,0.29512885709603626,0.4718020608027776
-8.0,eval,random,9,net,c017,-0.13995234171549478,-0.1347538630167643,0.29512885709603626,0.4718020608027776
-8.0,eval,random,9,net,c039,-0.13866964975992838,-0.4247166315714518,0.29512885709603626,0.4718020608027776
-8.0,eval,random,9,net,c036,-0.18077818552652994,-0.3059899012247721,0.29512885709603626,0.4718020608027776
-8.0,eval,random,9,net,c009,-0.23942120869954428,-0.12390740712483725,0.29512885709603626,0.4718020608027776
-8.0,eval,random,9,net,c000,-0.06697845458984375,-0.31893062591552734,0.29512885709603626,0.4718020608027776
-8.0,eval,random,9,net,c013,-0.10367298126220703,-0.43726062774658203,0.29512885709603626,0.4718020608027776
-8.0,eval,random,9,net,c049,-0.18989340464274088,-0.30699221293131507,0.29512885709603626,0.4718020608027776
-8.0,eval,random,9,net,c058,-0.10738658905029297,-0.28477001190185547,0.29512885709603626,0.4718020608027776
-8.0,eval,random,9,net,c024,-0.15120792388916016,-0.46062469482421875,0.29512885709603626,0.4718020608027776
-8.0,eval,random,9,net,c042,-0.1592381795247396,-0.39259370168050134,0.29512885709603626,0.4718020608027776
-8.0,eval,random,9,net,c047,-0.11754894256591797,-0.41627979278564453,0.29512885709603626,0.4718020608027776
-8.0,eval,random,9,net,c043,-0.15612570444742838,-0.3065106074015299,0.29512885709603626,0.4718020608027776
-8.0,eval,random,9,net,c003,-0.15504010518391928,-0.5089028676350912,0.29512885709603626,0.4718020608027776
-8.0,eval,random,9,net,c041,-0.12940216064453125,-0.21454715728759766,0.29512885709603626,0.4718020608027776
-8.0,eval,random,9,net,c008,-0.28164927164713544,-0.039413134256998716,0.29512885709603626,0.4718020608027776
-8.0,eval,random,9,net,c045,-0.10606002807617188,-0.45477867126464844,0.29512885709603626,0.4718020608027776
-8.0,eval,random,9,net,c011,-0.09145609537760417,-0.29132715861002606,0.29512885709603626,0.4718020608027776
-8.0,eval,random,9,net,c020,-0.10973453521728516,-0.6133699417114258,0.29512885709603626,0.4718020608027776
-8.0,eval,random,9,net,c044,-0.21267127990722656,-0.5076379776000977,0.29512885709603626,0.4718020608027776
-8.0,eval,random,9,net,c016,-0.052951812744140625,-0.32622814178466797,0.29512885709603626,0.4718020608027776
-8.0,eval,random,9,net,c056,-0.012051582336425781,-0.4005460739135742,0.29512885709603626,0.4718020608027776
-8.0,eval,random,9,net,c025,-0.1518421173095703,-0.41990089416503906,0.29512885709603626,0.4718020608027776
-8.0,eval,random,9,net,c029,-0.09787209828694661,-0.21137841542561847,0.29512885709603626,0.4718020608027776
-8.0,eval,random,9,net,c014,-0.1002035140991211,-0.16631412506103516,0.29512885709603626,0.4718020608027776
-8.0,eval,random,9,net,c002,-0.04645760854085287,-0.4649413426717122,0.29512885709603626,0.4718020608027776
-8.0,eval,random,9,net,c023,-0.0487213134765625,-0.3862323760986328,0.29512885709603626,0.4718020608027776
-8.0,eval,random,9,net,c046,-0.03930854797363281,-0.3255605697631836,0.29512885709603626,0.4718020608027776
-8.0,eval,random,9,net,c022,-0.0778951644897461,-0.18941783905029297,0.29512885709603626,0.4718020608027776
-8.0,eval,random,9,net,c050,-0.0027964909871419272,-0.49327977498372394,0.29512885709603626,0.4718020608027776
-8.0,eval,random,9,net,c006,-0.029989242553710938,-0.39316463470458984,0.29512885709603626,0.4718020608027776
-8.0,eval,random,9,net,c017,0.014632860819498697,-0.5196488698323568,0.29512885709603626,0.4718020608027776
-8.0,eval,random,9,net,c039,-0.15771039326985678,-0.238157590230306,0.29512885709603626,0.4718020608027776
-8.0,eval,random,9,net,c036,-0.2590707143147786,-0.36248429616292316,0.29512885709603626,0.4718020608027776
-8.0,eval,random,9,net,c009,-0.14235560099283853,-0.33674112955729163,0.29512885709603626,0.4718020608027776
-8.0,eval,random,9,net,c000,-0.11856969197591145,-0.32963212331136066,0.29512885709603626,0.4718020608027776
-8.0,eval,random,9,net,c013,-0.09351539611816406,-0.22452735900878906,0.29512885709603626,0.4718020608027776
-8.0,eval,random,9,net,c049,-0.1464557647705078,-0.1533670425415039,0.29512885709603626,0.4718020608027776
-8.0,eval,random,9,net,c058,-0.1574087142944336,-0.20129776000976562,0.29512885709603626,0.4718020608027776
-8.0,eval,random,9,net,c024,-0.07316780090332031,-0.3385009765625,0.29512885709603626,0.4718020608027776
-8.0,eval,random,9,net,c042,-0.24595006306966147,-0.37814648946126306,0.29512885709603626,0.4718020608027776
-8.0,eval,random,9,net,c047,-0.1650975545247396,-0.48940976460774743,0.29512885709603626,0.4718020608027776
-8.0,eval,random,9,net,c043,-0.06442101796468098,-0.32596810658772785,0.29512885709603626,0.4718020608027776
-8.0,eval,random,9,net,c003,-0.09798685709635417,-0.3077217737833659,0.29512885709603626,0.4718020608027776
-8.0,eval,random,9,net,c041,-0.21134217580159506,-0.4140752156575521,0.29512885709603626,0.4718020608027776
-8.0,eval,random,9,net,c008,-0.20798301696777344,-0.3409852981567383,0.29512885709603626,0.4718020608027776
-8.0,eval,random,9,net,c045,-0.13182926177978516,-0.3536815643310547,0.29512885709603626,0.4718020608027776
-8.0,eval,random,9,net,c011,-0.12696615854899088,-0.2866303126017252,0.29512885709603626,0.4718020608027776
-8.0,eval,random,9,net,c020,0.007859547932942709,-0.4392391840616862,0.29512885709603626,0.4718020608027776
-8.0,eval,random,9,net,c044,-0.19695727030436197,-0.209016482035319,0.29512885709603626,0.4718020608027776
-8.0,eval,random,9,net,c016,-0.007435798645019531,-0.35177135467529297,0.29512885709603626,0.4718020608027776
-8.0,eval,random,9,net,c056,-0.09127203623453777,-0.2892891565958659,0.29512885709603626,0.4718020608027776
-8.0,eval,random,9,net,c025,-0.0955492655436198,-0.23314921061197919,0.29512885709603626,0.4718020608027776
-8.0,eval,random,9,net,c029,-0.05008125305175781,-0.39494800567626953,0.29512885709603626,0.4718020608027776
-8.0,eval,random,9,net,c014,-0.17411422729492188,-0.2702455520629883,0.29512885709603626,0.4718020608027776
-8.0,eval,random,9,net,c002,-0.1034847895304362,-0.43360010782877606,0.29512885709603626,0.4718020608027776
-8.0,eval,random,9,net,c023,-0.03477032979329427,-0.6452725728352865,0.29512885709603626,0.4718020608027776
-8.0,eval,random,9,net,c046,-0.208099365234375,-0.38000965118408203,0.29512885709603626,0.4718020608027776
-8.0,eval,random,9,net,c022,-0.160398801167806,-0.6045926411946615,0.29512885709603626,0.4718020608027776
-8.0,eval,random,9,net,c050,-0.024319966634114582,-0.3969634373982747,0.29512885709603626,0.4718020608027776
-6.0,eval,d,9,net,c006,-0.49643802642822266,-0.7980461120605469,0.7993733882904053,0.28489527106285095
-6.0,eval,d,9,net,c017,-0.531214714050293,-0.5260162353515625,0.7993733882904053,0.28489527106285095
-6.0,eval,d,9,net,c039,-0.19191646575927734,-0.4779634475708008,0.7993733882904053,0.28489527106285095
-6.0,eval,d,9,net,c036,-0.2408313751220703,-0.3660430908203125,0.7993733882904053,0.28489527106285095
-6.0,eval,d,9,net,c009,-0.5129480361938477,-0.3974342346191406,0.7993733882904053,0.28489527106285095
-6.0,eval,d,9,net,c000,-0.4749298095703125,-0.7268819808959961,0.7993733882904053,0.28489527106285095
-6.0,eval,d,9,net,c013,-0.24440860748291016,-0.5779962539672852,0.7993733882904053,0.28489527106285095
-6.0,eval,d,9,net,c049,-0.26068687438964844,-0.37778568267822266,0.7993733882904053,0.28489527106285095
-6.0,eval,d,9,net,c058,-0.4120607376098633,-0.5894441604614258,0.7993733882904053,0.28489527106285095
-6.0,eval,d,9,net,c024,-0.43430328369140625,-0.7437200546264648,0.7993733882904053,0.28489527106285095
-6.0,eval,d,9,net,c042,-0.550201416015625,-0.7835569381713867,0.7993733882904053,0.28489527106285095
-6.0,eval,d,9,net,c047,-0.43413543701171875,-0.7328662872314453,0.7993733882904053,0.28489527106285095
-6.0,eval,d,9,net,c043,-0.3664712905883789,-0.5168561935424805,0.7993733882904053,0.28489527106285095
-6.0,eval,d,9,net,c003,-0.4294853210449219,-0.7833480834960938,0.7993733882904053,0.28489527106285095
-6.0,eval,d,9,net,c041,-0.5701017379760742,-0.6552467346191406,0.7993733882904053,0.28489527106285095
-6.0,eval,d,9,net,c008,-0.6498289108276367,-0.4075927734375,0.7993733882904053,0.28489527106285095
-6.0,eval,d,9,net,c045,-0.40438365936279297,-0.7531023025512695,0.7993733882904053,0.28489527106285095
-6.0,eval,d,9,net,c011,-0.7321109771728516,-0.9319820404052734,0.7993733882904053,0.28489527106285095
-6.0,eval,d,9,net,c020,-0.1584033966064453,-0.6620388031005859,0.7993733882904053,0.28489527106285095
-6.0,eval,d,9,net,c044,-0.2948322296142578,-0.5897989273071289,0.7993733882904053,0.28489527106285095
-6.0,eval,d,9,net,c016,-0.5104227066040039,-0.7836990356445312,0.7993733882904053,0.28489527106285095
-6.0,eval,d,9,net,c056,-0.2713031768798828,-0.6597976684570312,0.7993733882904053,0.28489527106285095
-6.0,eval,d,9,net,c025,-0.49853992462158203,-0.7665987014770508,0.7993733882904053,0.28489527106285095
-6.0,eval,d,9,net,c029,-0.21846675872802734,-0.3319730758666992,0.7993733882904053,0.28489527106285095
-6.0,eval,d,9,net,c014,-0.4257535934448242,-0.4918642044067383,0.7993733882904053,0.28489527106285095
-6.0,eval,d,9,net,c002,-0.2135009765625,-0.6319847106933594,0.7993733882904053,0.28489527106285095
-6.0,eval,d,9,net,c023,-0.5241298675537109,-0.8616409301757812,0.7993733882904053,0.28489527106285095
-6.0,eval,d,9,net,c046,-0.2993431091308594,-0.5855951309204102,0.7993733882904053,0.28489527106285095
-6.0,eval,d,9,net,c022,-0.4898967742919922,-0.6014194488525391,0.7993733882904053,0.28489527106285095
-6.0,eval,d,9,net,c050,-0.22597694396972656,-0.7164602279663086,0.7993733882904053,0.28489527106285095
-6.0,eval,d,9,net,c006,-0.3766012191772461,-0.739776611328125,0.7993733882904053,0.28489527106285095
-6.0,eval,d,9,net,c017,-0.35088157653808594,-0.8851633071899414,0.7993733882904053,0.28489527106285095
-6.0,eval,d,9,net,c039,-0.2952098846435547,-0.3756570816040039,0.7993733882904053,0.28489527106285095
-6.0,eval,d,9,net,c036,-0.5026378631591797,-0.6060514450073242,0.7993733882904053,0.28489527106285095
-6.0,eval,d,9,net,c009,-0.41028785705566406,-0.6046733856201172,0.7993733882904053,0.28489527106285095
-6.0,eval,d,9,net,c000,-0.5302972793579102,-0.7413597106933594,0.7993733882904053,0.28489527106285095
-6.0,eval,d,9,net,c013,-0.5724544525146484,-0.7034664154052734,0.7993733882904053,0.28489527106285095
-6.0,eval,d,9,net,c049,-0.40680408477783203,-0.4137153625488281,0.7993733882904053,0.28489527106285095
-6.0,eval,d,9,net,c058,-0.6125373840332031,-0.6564264297485352,0.7993733882904053,0.28489527106285095
-6.0,eval,d,9,net,c024,-0.4403715133666992,-0.7057046890258789,0.7993733882904053,0.28489527106285095
-6.0,eval,d,9,net,c042,-0.7184286117553711,-0.8506250381469727,0.7993733882904053,0.28489527106285095
-6.0,eval,d,9,net,c047,-0.3967399597167969,-0.7210521697998047,0.7993733882904053,0.28489527106285095
-6.0,eval,d,9,net,c043,-0.5586271286010742,-0.8201742172241211,0.7993733882904053,0.28489527106285095
-6.0,eval,d,9,net,c003,-0.48311424255371094,-0.6928491592407227,0.7993733882904053,0.28489527106285095
-6.0,eval,d,9,net,c041,-0.4674816131591797,-0.6702146530151367,0.7993733882904053,0.28489527106285095
-6.0,eval,d,9,net,c008,-0.3189201354980469,-0.4519224166870117,0.7993733882904053,0.28489527106285095
-6.0,eval,d,9,net,c045,-0.5663738250732422,-0.7882261276245117,0.7993733882904053,0.28489527106285095
-6.0,eval,d,9,net,c011,-0.5999288558959961,-0.7595930099487305,0.7993733882904053,0.28489527106285095
-6.0,eval,d,9,net,c020,-0.2693758010864258,-0.7164745330810547,0.7993733882904053,0.28489527106285095
-6.0,eval,d,9,net,c044,-0.6920871734619141,-0.7041463851928711,0.7993733882904053,0.28489527106285095
-6.0,eval,d,9,net,c016,-0.3323221206665039,-0.6766576766967773,0.7993733882904053,0.28489527106285095
-6.0,eval,d,9,net,c056,-0.5154781341552734,-0.7134952545166016,0.7993733882904053,0.28489527106285095
-6.0,eval,d,9,net,c025,-0.7947368621826172,-0.9323368072509766,0.7993733882904053,0.28489527106285095
-6.0,eval,d,9,net,c029,-0.1915435791015625,-0.5364103317260742,0.7993733882904053,0.28489527106285095
-6.0,eval,d,9,net,c014,-0.7435111999511719,-0.8396425247192383,0.7993733882904053,0.28489527106285095
-6.0,eval,d,9,net,c002,-0.5053720474243164,-0.8354873657226562,0.7993733882904053,0.28489527106285095
-6.0,eval,d,9,net,c023,-0.33640003204345703,-0.9469022750854492,0.7993733882904053,0.28489527106285095
-6.0,eval,d,9,net,c046,-0.2515583038330078,-0.42346858978271484,0.7993733882904053,0.28489527106285095
-6.0,eval,d,9,net,c022,-0.3141822814941406,-0.7583761215209961,0.7993733882904053,0.28489527106285095
-6.0,eval,d,9,net,c050,-0.30374813079833984,-0.6763916015625,0.7993733882904053,0.28489527106285095
-6.0,deploy,d,9,net,c006,-0.664825439453125,-0.6856575012207031,0.8756682276725769,0.3424181342124939
-6.0,deploy,d,9,net,c017,-0.7002658843994141,-0.7052364349365234,0.8756682276725769,0.3424181342124939
-6.0,deploy,d,9,net,c039,-0.6251707077026367,-0.3893718719482422,0.8756682276725769,0.3424181342124939
-6.0,deploy,d,9,net,c036,-0.5906581878662109,-0.5782270431518555,0.8756682276725769,0.3424181342124939
-6.0,deploy,d,9,net,c009,-0.5712985992431641,-0.3560171127319336,0.8756682276725769,0.3424181342124939
-6.0,deploy,d,9,net,c000,-0.5361385345458984,-0.6089849472045898,0.8756682276725769,0.3424181342124939
-6.0,deploy,d,9,net,c013,-0.6247959136962891,-0.604278564453125,0.8756682276725769,0.3424181342124939
-6.0,deploy,d,9,net,c049,-0.6352682113647461,-0.37139034271240234,0.8756682276725769,0.3424181342124939
-6.0,deploy,d,9,net,c058,-0.5718622207641602,-0.49433135986328125,0.8756682276725769,0.3424181342124939
-6.0,deploy,d,9,net,c024,-0.6744937896728516,-0.6972122192382812,0.8756682276725769,0.3424181342124939
-6.0,deploy,d,9,net,c042,-0.6803798675537109,-0.754307746887207,0.8756682276725769,0.3424181342124939
-6.0,deploy,d,9,net,c047,-0.6304502487182617,-0.5312309265136719,0.8756682276725769,0.3424181342124939
-6.0,deploy,d,9,net,c043,-0.5227575302124023,-0.5034151077270508,0.8756682276725769,0.3424181342124939
-6.0,deploy,d,9,net,c003,-0.3904447555541992,-0.40956687927246094,0.8756682276725769,0.3424181342124939
-6.0,deploy,d,9,net,c041,-0.6234140396118164,-0.7062883377075195,0.8756682276725769,0.3424181342124939
-6.0,deploy,d,9,net,c008,-0.8935756683349609,-0.3882131576538086,0.8756682276725769,0.3424181342124939
-6.0,deploy,d,9,net,c045,-0.6597070693969727,-0.7300748825073242,0.8756682276725769,0.3424181342124939
-6.0,deploy,d,9,net,c011,-0.6534357070922852,-0.6821012496948242,0.8756682276725769,0.3424181342124939
-6.0,deploy,d,9,net,c020,-0.44867706298828125,-0.6319503784179688,0.8756682276725769,0.3424181342124939
-6.0,deploy,d,9,net,c044,-0.6086816787719727,-0.6077871322631836,0.8756682276725769,0.3424181342124939
-6.0,deploy,d,9,net,c016,-0.3915081024169922,-0.4444751739501953,0.8756682276725769,0.3424181342124939
-6.0,deploy,d,9,net,c056,-0.5250453948974609,-0.6414279937744141,0.8756682276725769,0.3424181342124939
-6.0,deploy,d,9,net,c025,-0.6321754455566406,-0.7181491851806641,0.8756682276725769,0.3424181342124939
-6.0,deploy,d,9,net,c029,-0.40877342224121094,-0.39357757568359375,0.8756682276725769,0.3424181342124939
-6.0,deploy,d,9,net,c014,-0.6148204803466797,-0.6122541427612305,0.8756682276725769,0.3424181342124939
-6.0,deploy,d,9,net,c002,-0.4004793167114258,-0.4913187026977539,0.8756682276725769,0.3424181342124939
-6.0,deploy,d,9,net,c023,-0.5291833877563477,-0.5718021392822266,0.8756682276725769,0.3424181342124939
-6.0,deploy,d,9,net,c046,-0.46172237396240234,-0.6869783401489258,0.8756682276725769,0.3424181342124939
-6.0,deploy,d,9,net,c022,-0.4488706588745117,-0.6198434829711914,0.8756682276725769,0.3424181342124939
-6.0,deploy,d,9,net,c050,-0.4814281463623047,-0.584284782409668,0.8756682276725769,0.3424181342124939
-6.0,deploy,d,9,net,c006,-0.6362686157226562,-0.6540918350219727,0.8756682276725769,0.3424181342124939
-6.0,deploy,d,9,net,c017,-0.6145458221435547,-0.5927209854125977,0.8756682276725769,0.3424181342124939
-6.0,deploy,d,9,net,c039,-0.4669151306152344,-0.22179698944091797,0.8756682276725769,0.3424181342124939
-6.0,deploy,d,9,net,c036,-0.5711736679077148,-0.5111207962036133,0.8756682276725769,0.3424181342124939
-6.0,deploy,d,9,net,c009,-0.5867891311645508,-0.39581871032714844,0.8756682276725769,0.3424181342124939
-6.0,deploy,d,9,net,c000,-0.48881053924560547,-0.6930332183837891,0.8756682276725769,0.3424181342124939
-6.0,deploy,d,9,net,c013,-0.3815193176269531,-0.4093160629272461,0.8756682276725769,0.3424181342124939
-6.0,deploy,d,9,net,c049,-0.6623258590698242,-0.13782691955566406,0.8756682276725769,0.3424181342124939
-6.0,deploy,d,9,net,c058,-0.47434139251708984,-0.5022926330566406,0.8756682276725769,0.3424181342124939
-6.0,deploy,d,9,net,c024,-0.70074462890625,-0.822758674621582,0.8756682276725769,0.3424181342124939
-6.0,deploy,d,9,net,c042,-0.6751441955566406,-0.7540397644042969,0.8756682276725769,0.3424181342124939
-6.0,deploy,d,9,net,c047,-0.6233339309692383,-0.5366420745849609,0.8756682276725769,0.3424181342124939
-6.0,deploy,d,9,net,c043,-0.5280685424804688,-0.7599763870239258,0.8756682276725769,0.3424181342124939
-6.0,deploy,d,9,net,c003,-0.5495004653930664,-0.6124410629272461,0.8756682276725769,0.3424181342124939
-6.0,deploy,d,9,net,c041,-0.6273565292358398,-0.4296274185180664,0.8756682276725769,0.3424181342124939
-6.0,deploy,d,9,net,c008,-0.39426422119140625,-0.21197891235351562,0.8756682276725769,0.3424181342124939
-6.0,deploy,d,9,net,c045,-0.5949268341064453,-0.889643669128418,0.8756682276725769,0.3424181342124939
-6.0,deploy,d,9,net,c011,-0.5905132293701172,-0.6173906326293945,0.8756682276725769,0.3424181342124939
-6.0,deploy,d,9,net,c020,-0.4017219543457031,-0.5222072601318359,0.8756682276725769,0.3424181342124939
-6.0,deploy,d,9,net,c044,-0.5519876480102539,-0.4536876678466797,0.8756682276725769,0.3424181342124939
-6.0,deploy,d,9,net,c016,-0.3598318099975586,-0.4840879440307617,0.8756682276725769,0.3424181342124939
-6.0,deploy,d,9,net,c056,-0.3373279571533203,-0.4836149215698242,0.8756682276725769,0.3424181342124939
-6.0,deploy,d,9,net,c025,-0.6272802352905273,-0.7171030044555664,0.8756682276725769,0.3424181342124939
-6.0,deploy,d,9,net,c029,-0.6444063186645508,-0.4696025848388672,0.8756682276725769,0.3424181342124939
-6.0,deploy,d,9,net,c014,-0.6748409271240234,-0.5325145721435547,0.8756682276725769,0.3424181342124939
-6.0,deploy,d,9,net,c002,-0.45717430114746094,-0.6542177200317383,0.8756682276725769,0.3424181342124939
-6.0,deploy,d,9,net,c023,-0.3546895980834961,-0.35759735107421875,0.8756682276725769,0.3424181342124939
-6.0,deploy,d,9,net,c046,-0.47603797912597656,-0.48442649841308594,0.8756682276725769,0.3424181342124939
-6.0,deploy,d,9,net,c022,-0.5263528823852539,-0.6367931365966797,0.8756682276725769,0.3424181342124939
-6.0,deploy,d,9,net,c050,-0.613856315612793,-0.7240724563598633,0.8756682276725769,0.3424181342124939
-6.0,eval,random,9,net,c006,0.043340047200520836,-0.2582680384318034,0.1731480360031128,0.5311717987060547
-6.0,eval,random,9,net,c017,-0.0719601313273112,-0.06676165262858073,0.1731480360031128,0.5311717987060547
-6.0,eval,random,9,net,c039,0.0029354095458984375,-0.283111572265625,0.1731480360031128,0.5311717987060547
-6.0,eval,random,9,net,c036,-0.13864803314208984,-0.26385974884033203,0.1731480360031128,0.5311717987060547
-6.0,eval,random,9,net,c009,-0.1600001653035482,-0.044486363728841155,0.1731480360031128,0.5311717987060547
-6.0,eval,random,9,net,c000,0.013562520345052084,-0.2383896509806315,0.1731480360031128,0.5311717987060547
-6.0,eval,random,9,net,c013,-0.031241416931152344,-0.36482906341552734,0.1731480360031128,0.5311717987060547
-6.0,eval,random,9,net,c049,-0.09131590525309245,-0.20841471354166669,0.1731480360031128,0.5311717987060547
-6.0,eval,random,9,net,c058,-0.03347015380859375,-0.21085357666015625,0.1731480360031128,0.5311717987060547
-6.0,eval,random,9,net,c024,-0.04018052419026693,-0.3495972951253255,0.1731480360031128,0.5311717987060547
-6.0,eval,random,9,net,c042,-0.06895033518473308,-0.3023058573404948,0.1731480360031128,0.5311717987060547
-6.0,eval,random,9,net,c047,-0.017268816630045574,-0.31599966684977215,0.1731480360031128,0.5311717987060547
-6.0,eval,random,9,net,c043,-0.0018479029337565105,-0.15223280588785806,0.1731480360031128,0.5311717987060547
-6.0,eval,random,9,net,c003,-0.028657913208007812,-0.3825206756591797,0.1731480360031128,0.5311717987060547
-6.0,eval,random,9,net,c041,-0.07985941569010417,-0.1650044123331706,0.1731480360031128,0.5311717987060547
-6.0,eval,random,9,net,c008,-0.24370129903157553,-0.0014651616414388113,0.1731480360031128,0.5311717987060547
-6.0,eval,random,9,net,c045,-0.031722704569498696,-0.3804413477579753,0.1731480360031128,0.5311717987060547
-6.0,eval,random,9,net,c011,0.008473714192708334,-0.19139734903971353,0.1731480360031128,0.5311717987060547
-6.0,eval,random,9,net,c020,-0.018665631612141926,-0.5223010381062826,0.1731480360031128,0.5311717987060547
-6.0,eval,random,9,net,c044,-0.18059825897216797,-0.47556495666503906,0.1731480360031128,0.5311717987060547
-6.0,eval,random,9,net,c016,0.07392374674479167,-0.19935258229573566,0.1731480360031128,0.5311717987060547
-6.0,eval,random,9,net,c056,0.04097620646158854,-0.3475182851155599,0.1731480360031128,0.5311717987060547
-6.0,eval,random,9,net,c025,-0.05608495076497396,-0.3241437276204427,0.1731480360031128,0.5311717987060547
-6.0,eval,random,9,net,c029,-0.03019555409749349,-0.14370187123616537,0.1731480360031128,0.5311717987060547
-6.0,eval,random,9,net,c014,0.03634230295817057,-0.029768308003743492,0.1731480360031128,0.5311717987060547
-6.0,eval,random,9,net,c002,0.09206994374593098,-0.3264137903849284,0.1731480360031128,0.5311717987060547
-6.0,eval,random,9,net,c023,0.08156871795654297,-0.25594234466552734,0.1731480360031128,0.5311717987060547
-6.0,eval,random,9,net,c046,0.052143096923828125,-0.23410892486572266,0.1731480360031128,0.5311717987060547
-6.0,eval,random,9,net,c022,0.002209345499674479,-0.10931332906087239,0.1731480360031128,0.5311717987060547
-6.0,eval,random,9,net,c050,0.11500803629557292,-0.3754752477010091,0.1731480360031128,0.5311717987060547
-6.0,eval,random,9,net,c006,0.10056749979654948,-0.2626078923543294,0.1731480360031128,0.5311717987060547
-6.0,eval,random,9,net,c017,0.1395432154337565,-0.394738515218099,0.1731480360031128,0.5311717987060547
-6.0,eval,random,9,net,c039,-0.08778731028238933,-0.16823450724283856,0.1731480360031128,0.5311717987060547
-6.0,eval,random,9,net,c036,-0.1941839853922526,-0.2975975672403971,0.1731480360031128,0.5311717987060547
-6.0,eval,random,9,net,c009,-0.03210671742757162,-0.22649224599202475,0.1731480360031128,0.5311717987060547
-6.0,eval,random,9,net,c000,-0.009277661641438803,-0.22034009297688803,0.1731480360031128,0.5311717987060547
-6.0,eval,random,9,net,c013,0.009012540181477865,-0.12199942270914714,0.1731480360031128,0.5311717987060547
-6.0,eval,random,9,net,c049,-0.06097952524820963,-0.06789080301920572,0.1731480360031128,0.5311717987060547
-6.0,eval,random,9,net,c058,-0.07707691192626953,-0.12096595764160156,0.1731480360031128,0.5311717987060547
-6.0,eval,random,9,net,c024,0.05009587605794271,-0.21523729960123697,0.1731480360031128,0.5311717987060547
-6.0,eval,random,9,net,c042,-0.13489500681559244,-0.267091433207194,0.1731480360031128,0.5311717987060547
-6.0,eval,random,9,net,c047,-0.03361956278483073,-0.35793177286783856,0.1731480360031128,0.5311717987060547
-6.0,eval,random,9,net,c043,0.018070220947265625,-0.24347686767578125,0.1731480360031128,0.5311717987060547
-6.0,eval,random,9,net,c003,-0.015141169230143229,-0.22487608591715494,0.1731480360031128,0.5311717987060547
-6.0,eval,random,9,net,c041,-0.15117931365966797,-0.353912353515625,0.1731480360031128,0.5311717987060547
-6.0,eval,random,9,net,c008,-0.12059084574381511,-0.25359312693277997,0.1731480360031128,0.5311717987060547
-6.0,eval,random,9,net,c045,-0.003375371297200521,-0.22522767384847006,0.1731480360031128,0.5311717987060547
-6.0,eval,random,9,net,c011,0.012974421183268229,-0.14668973286946616,0.1731480360031128,0.5311717987060547
-6.0,eval,random,9,net,c020,0.12970288594563803,-0.31739584604899085,0.1731480360031128,0.5311717987060547
-6.0,eval,random,9,net,c044,-0.14403533935546875,-0.15609455108642578,0.1731480360031128,0.5311717987060547
-6.0,eval,random,9,net,c016,0.1074066162109375,-0.23692893981933594,0.1731480360031128,0.5311717987060547
-6.0,eval,random,9,net,c056,-0.05652491251627604,-0.2545420328776042,0.1731480360031128,0.5311717987060547
-6.0,eval,random,9,net,c025,-0.0305484135945638,-0.1681483586629232,0.1731480360031128,0.5311717987060547
-6.0,eval,random,9,net,c029,0.05369218190511068,-0.29117457071940106,0.1731480360031128,0.5311717987060547
-6.0,eval,random,9,net,c014,-0.05239041646321615,-0.14852174123128256,0.1731480360031128,0.5311717987060547
-6.0,eval,random,9,net,c002,0.009541511535644531,-0.3205738067626953,0.1731480360031128,0.5311717987060547
-6.0,eval,random,9,net,c023,0.16436990102132162,-0.44613234202067054,0.1731480360031128,0.5311717987060547
-6.0,eval,random,9,net,c046,-0.1353734334309896,-0.30728371938069665,0.1731480360031128,0.5311717987060547
-6.0,eval,random,9,net,c022,-0.06023057301839193,-0.5044244130452474,0.1731480360031128,0.5311717987060547
-6.0,eval,random,9,net,c050,0.12577501932779947,-0.2468684514363607,0.1731480360031128,0.5311717987060547
-4.0,eval,d,9,net,c006,-0.5116739273071289,-0.8132820129394531,0.6276547908782959,0.3906252980232239
-4.0,eval,d,9,net,c017,-0.5274982452392578,-0.5222997665405273,0.6276547908782959,0.3906252980232239
-4.0,eval,d,9,net,c039,-0.13560009002685547,-0.4216470718383789,0.6276547908782959,0.3906252980232239
-4.0,eval,d,9,net,c036,-0.20145320892333984,-0.32666492462158203,0.6276547908782959,0.3906252980232239
-4.0,eval,d,9,net,c009,-0.540461540222168,-0.42494773864746094,0.6276547908782959,0.3906252980232239
-4.0,eval,d,9,net,c000,-0.47556304931640625,-0.7275152206420898,0.6276547908782959,0.3906252980232239
-4.0,eval,d,9,net,c013,-0.24315166473388672,-0.5767393112182617,0.6276547908782959,0.3906252980232239
-4.0,eval,d,9,net,c049,-0.2763795852661133,-0.3934783935546875,0.6276547908782959,0.3906252980232239
-4.0,eval,d,9,net,c058,-0.33423900604248047,-0.511622428894043,0.6276547908782959,0.3906252980232239
-4.0,eval,d,9,net,c024,-0.36343860626220703,-0.6728553771972656,0.6276547908782959,0.3906252980232239
-4.0,eval,d,9,net,c042,-0.47200870513916016,-0.7053642272949219,0.6276547908782959,0.3906252980232239
-4.0,eval,d,9,net,c047,-0.3301687240600586,-0.6288995742797852,0.6276547908782959,0.3906252980232239
-4.0,eval,d,9,net,c043,-0.29031848907470703,-0.4407033920288086,0.6276547908782959,0.3906252980232239
-4.0,eval,d,9,net,c003,-0.30909252166748047,-0.6629552841186523,0.6276547908782959,0.3906252980232239
-4.0,eval,d,9,net,c041,-0.6680364608764648,-0.7531814575195312,0.6276547908782959,0.3906252980232239
-4.0,eval,d,9,net,c008,-0.7101612091064453,-0.4679250717163086,0.6276547908782959,0.3906252980232239
-4.0,eval,d,9,net,c045,-0.4108848571777344,-0.7596035003662109,0.6276547908782959,0.3906252980232239
-4.0,eval,d,9,net,c011,-0.7179718017578125,-0.9178428649902344,0.6276547908782959,0.3906252980232239
-4.0,eval,d,9,net,c020,-0.09717941284179688,-0.6008148193359375,0.6276547908782959,0.3906252980232239
-4.0,eval,d,9,net,c044,-0.24279308319091797,-0.5377597808837891,0.6276547908782959,0.3906252980232239
-4.0,eval,d,9,net,c016,-0.4447212219238281,-0.7179975509643555,0.6276547908782959,0.3906252980232239
-4.0,eval,d,9,net,c056,-0.08515262603759766,-0.4736471176147461,0.6276547908782959,0.3906252980232239
-4.0,eval,d,9,net,c025,-0.3916950225830078,-0.6597537994384766,0.6276547908782959,0.3906252980232239
-4.0,eval,d,9,net,c029,-0.2101125717163086,-0.32361888885498047,0.6276547908782959,0.3906252980232239
-4.0,eval,d,9,net,c014,-0.34447574615478516,-0.4105863571166992,0.6276547908782959,0.3906252980232239
-4.0,eval,d,9,net,c002,-0.04919147491455078,-0.46767520904541016,0.6276547908782959,0.3906252980232239
-4.0,eval,d,9,net,c023,-0.46322154998779297,-0.8007326126098633,0.6276547908782959,0.3906252980232239
-4.0,eval,d,9,net,c046,-0.1585369110107422,-0.44478893280029297,0.6276547908782959,0.3906252980232239
-4.0,eval,d,9,net,c022,-0.5331001281738281,-0.644622802734375,0.6276547908782959,0.3906252980232239
-4.0,eval,d,9,net,c050,-0.06656265258789062,-0.5570459365844727,0.6276547908782959,0.3906252980232239
-4.0,eval,d,9,net,c006,-0.26822757720947266,-0.6314029693603516,0.6276547908782959,0.3906252980232239
-4.0,eval,d,9,net,c017,-0.1590862274169922,-0.6933679580688477,0.6276547908782959,0.3906252980232239
-4.0,eval,d,9,net,c039,-0.2965068817138672,-0.3769540786743164,0.6276547908782959,0.3906252980232239
-4.0,eval,d,9,net,c036,-0.4916229248046875,-0.595036506652832,0.6276547908782959,0.3906252980232239
-4.0,eval,d,9,net,c009,-0.36391735076904297,-0.5583028793334961,0.6276547908782959,0.3906252980232239
-4.0,eval,d,9,net,c000,-0.5151557922363281,-0.7262182235717773,0.6276547908782959,0.3906252980232239
-4.0,eval,d,9,net,c013,-0.6122198104858398,-0.7432317733764648,0.6276547908782959,0.3906252980232239
-4.0,eval,d,9,net,c049,-0.4441204071044922,-0.4510316848754883,0.6276547908782959,0.3906252980232239
-4.0,eval,d,9,net,c058,-0.5446634292602539,-0.5885524749755859,0.6276547908782959,0.3906252980232239
-4.0,eval,d,9,net,c024,-0.3931465148925781,-0.6584796905517578,0.6276547908782959,0.3906252980232239
-4.0,eval,d,9,net,c042,-0.7279233932495117,-0.8601198196411133,0.6276547908782959,0.3906252980232239
-4.0,eval,d,9,net,c047,-0.28288745880126953,-0.6071996688842773,0.6276547908782959,0.3906252980232239
-4.0,eval,d,9,net,c043,-0.4774971008300781,-0.739044189453125,0.6276547908782959,0.3906252980232239
-4.0,eval,d,9,net,c003,-0.44492626190185547,-0.6546611785888672,0.6276547908782959,0.3906252980232239
-4.0,eval,d,9,net,c041,-0.3989295959472656,-0.6016626358032227,0.6276547908782959,0.3906252980232239
-4.0,eval,d,9,net,c008,-0.35030460357666016,-0.483306884765625,0.6276547908782959,0.3906252980232239
-4.0,eval,d,9,net,c045,-0.5739288330078125,-0.795781135559082,0.6276547908782959,0.3906252980232239
-4.0,eval,d,9,net,c011,-0.6184558868408203,-0.7781200408935547,0.6276547908782959,0.3906252980232239
-4.0,eval,d,9,net,c020,-0.1253528594970703,-0.5724515914916992,0.6276547908782959,0.3906252980232239
-4.0,eval,d,9,net,c044,-0.688054084777832,-0.7001132965087891,0.6276547908782959,0.3906252980232239
-4.0,eval,d,9,net,c016,-0.17777729034423828,-0.5221128463745117,0.6276547908782959,0.3906252980232239
-4.0,eval,d,9,net,c056,-0.3825101852416992,-0.5805273056030273,0.6276547908782959,0.3906252980232239
-4.0,eval,d,9,net,c025,-0.6652536392211914,-0.8028535842895508,0.6276547908782959,0.3906252980232239
-4.0,eval,d,9,net,c029,-0.09154129028320312,-0.43640804290771484,0.6276547908782959,0.3906252980232239
-4.0,eval,d,9,net,c014,-0.7861194610595703,-0.8822507858276367,0.6276547908782959,0.3906252980232239
-4.0,eval,d,9,net,c002,-0.42032432556152344,-0.7504396438598633,0.6276547908782959,0.3906252980232239
-4.0,eval,d,9,net,c023,-0.172637939453125,-0.7831401824951172,0.6276547908782959,0.3906252980232239
-4.0,eval,d,9,net,c046,-0.13150596618652344,-0.30341625213623047,0.6276547908782959,0.3906252980232239
-4.0,eval,d,9,net,c022,-0.20306682586669922,-0.6472606658935547,0.6276547908782959,0.3906252980232239
-4.0,eval,d,9,net,c050,-0.1371927261352539,-0.5098361968994141,0.6276547908782959,0.3906252980232239
-4.0,deploy,d,9,net,c006,-0.8485298156738281,-0.8693618774414062,0.670298159122467,0.4552396535873413
-4.0,deploy,d,9,net,c017,-0.7767171859741211,-0.7816877365112305,0.670298159122467,0.4552396535873413
-4.0,deploy,d,9,net,c039,-0.689326286315918,-0.45352745056152344,0.670298159122467,0.4552396535873413
-4.0,deploy,d,9,net,c036,-0.6201400756835938,-0.6077089309692383,0.670298159122467,0.4552396535873413
-4.0,deploy,d,9,net,c009,-0.681671142578125,-0.46638965606689453,0.670298159122467,0.4552396535873413
-4.0,deploy,d,9,net,c000,-0.6046571731567383,-0.6775035858154297,0.670298159122467,0.4552396535873413
-4.0,deploy,d,9,net,c013,-0.6804046630859375,-0.6598873138427734,0.670298159122467,0.4552396535873413
-4.0,deploy,d,9,net,c049,-0.7830934524536133,-0.5192155838012695,0.670298159122467,0.4552396535873413
-4.0,deploy,d,9,net,c058,-0.5450057983398438,-0.46747493743896484,0.670298159122467,0.4552396535873413
-4.0,deploy,d,9,net,c024,-0.8409910202026367,-0.8637094497680664,0.670298159122467,0.4552396535873413
-4.0,deploy,d,9,net,c042,-0.6710052490234375,-0.7449331283569336,0.670298159122467,0.4552396535873413
-4.0,deploy,d,9,net,c047,-0.7292547225952148,-0.630035400390625,0.670298159122467,0.4552396535873413
-4.0,deploy,d,9,net,c043,-0.6510820388793945,-0.631739616394043,0.670298159122467,0.4552396535873413
-4.0,deploy,d,9,net,c003,-0.49274635314941406,-0.5118684768676758,0.670298159122467,0.4552396535873413
-4.0,deploy,d,9,net,c041,-0.6705741882324219,-0.753448486328125,0.670298159122467,0.4552396535873413
-4.0,deploy,d,9,net,c008,-1.0082731246948242,-0.5029106140136719,0.670298159122467,0.4552396535873413
-4.0,deploy,d,9,net,c045,-0.7349166870117188,-0.8052845001220703,0.670298159122467,0.4552396535873413
-4.0,deploy,d,9,net,c011,-0.7384119033813477,-0.7670774459838867,0.670298159122467,0.4552396535873413
-4.0,deploy,d,9,net,c020,-0.5007076263427734,-0.6839809417724609,0.670298159122467,0.4552396535873413
-4.0,deploy,d,9,net,c044,-0.6757707595825195,-0.6748762130737305,0.670298159122467,0.4552396535873413
-4.0,deploy,d,9,net,c016,-0.3503751754760742,-0.40334224700927734,0.670298159122467,0.4552396535873413
-4.0,deploy,d,9,net,c056,-0.4253511428833008,-0.5417337417602539,0.670298159122467,0.4552396535873413
-4.0,deploy,d,9,net,c025,-0.7227287292480469,-0.8087024688720703,0.670298159122467,0.4552396535873413
-4.0,deploy,d,9,net,c029,-0.4214305877685547,-0.4062347412109375,0.670298159122467,0.4552396535873413
-4.0,deploy,d,9,net,c014,-0.6852741241455078,-0.6827077865600586,0.670298159122467,0.4552396535873413
-4.0,deploy,d,9,net,c002,-0.3938913345336914,-0.48473072052001953,0.670298159122467,0.4552396535873413
-4.0,deploy,d,9,net,c023,-0.6725502014160156,-0.7151689529418945,0.670298159122467,0.4552396535873413
-4.0,deploy,d,9,net,c046,-0.4342832565307617,-0.6595392227172852,0.670298159122467,0.4552396535873413
-4.0,deploy,d,9,net,c022,-0.5041818618774414,-0.6751546859741211,0.670298159122467,0.4552396535873413
-4.0,deploy,d,9,net,c050,-0.4890432357788086,-0.5918998718261719,0.670298159122467,0.4552396535873413
-4.0,deploy,d,9,net,c006,-0.8201303482055664,-0.8379535675048828,0.670298159122467,0.4552396535873413
-4.0,deploy,d,9,net,c017,-0.7021169662475586,-0.6802921295166016,0.670298159122467,0.4552396535873413
-4.0,deploy,d,9,net,c039,-0.5903491973876953,-0.3452310562133789,0.670298159122467,0.4552396535873413
-4.0,deploy,d,9,net,c036,-0.6630153656005859,-0.6029624938964844,0.670298159122467,0.4552396535873413
-4.0,deploy,d,9,net,c009,-0.6293210983276367,-0.4383506774902344,0.670298159122467,0.4552396535873413
-4.0,deploy,d,9,net,c000,-0.5243082046508789,-0.7285308837890625,0.670298159122467,0.4552396535873413
-4.0,deploy,d,9,net,c013,-0.44110774993896484,-0.4689044952392578,0.670298159122467,0.4552396535873413
-4.0,deploy,d,9,net,c049,-0.8688554763793945,-0.3443565368652344,0.670298159122467,0.4552396535873413
-4.0,deploy,d,9,net,c058,-0.43633556365966797,-0.46428680419921875,0.670298159122467,0.4552396535873413
-4.0,deploy,d,9,net,c024,-0.7047367095947266,-0.8267507553100586,0.670298159122467,0.4552396535873413
-4.0,deploy,d,9,net,c042,-0.7002534866333008,-0.779149055480957,0.670298159122467,0.4552396535873413
-4.0,deploy,d,9,net,c047,-0.6774978637695312,-0.5908060073852539,0.670298159122467,0.4552396535873413
-4.0,deploy,d,9,net,c043,-0.5625400543212891,-0.7944478988647461,0.670298159122467,0.4552396535873413
-4.0,deploy,d,9,net,c003,-0.6290760040283203,-0.6920166015625,0.670298159122467,0.4552396535873413
-4.0,deploy,d,9,net,c041,-0.8024005889892578,-0.6046714782714844,0.670298159122467,0.4552396535873413
-4.0,deploy,d,9,net,c008,-0.43094539642333984,-0.24866008758544922,0.670298159122467,0.4552396535873413
-4.0,deploy,d,9,net,c045,-0.6334552764892578,-0.9281721115112305,0.670298159122467,0.4552396535873413
-4.0,deploy,d,9,net,c011,-0.6462640762329102,-0.6731414794921875,0.670298159122467,0.4552396535873413
-4.0,deploy,d,9,net,c020,-0.41953563690185547,-0.5400209426879883,0.670298159122467,0.4552396535873413
-4.0,deploy,d,9,net,c044,-0.63970947265625,-0.5414094924926758,0.670298159122467,0.4552396535873413
-4.0,deploy,d,9,net,c016,-0.33174896240234375,-0.4560050964355469,0.670298159122467,0.4552396535873413
-4.0,deploy,d,9,net,c056,-0.26148033142089844,-0.40776729583740234,0.670298159122467,0.4552396535873413
-4.0,deploy,d,9,net,c025,-0.716334342956543,-0.806157112121582,0.670298159122467,0.4552396535873413
-4.0,deploy,d,9,net,c029,-0.6940269470214844,-0.5192232131958008,0.670298159122467,0.4552396535873413
-4.0,deploy,d,9,net,c014,-0.7870473861694336,-0.6447210311889648,0.670298159122467,0.4552396535873413
-4.0,deploy,d,9,net,c002,-0.4671621322631836,-0.6642055511474609,0.670298159122467,0.4552396535873413
-4.0,deploy,d,9,net,c023,-0.5249500274658203,-0.527857780456543,0.670298159122467,0.4552396535873413
-4.0,deploy,d,9,net,c046,-0.5288496017456055,-0.5372381210327148,0.670298159122467,0.4552396535873413
-4.0,deploy,d,9,net,c022,-0.6233892440795898,-0.7338294982910156,0.670298159122467,0.4552396535873413
-4.0,deploy,d,9,net,c050,-0.6025753021240234,-0.7127914428710938,0.670298159122467,0.4552396535873413
-4.0,eval,random,9,net,c006,0.1546300252278646,-0.14697806040445963,0.07414946953455608,0.5847612619400024
-4.0,eval,random,9,net,c017,-0.06885464986165364,-0.06365617116292317,0.07414946953455608,0.5847612619400024
-4.0,eval,random,9,net,c039,0.1784687042236328,-0.10757827758789062,0.07414946953455608,0.5847612619400024
-4.0,eval,random,9,net,c036,-0.04747994740804037,-0.17269166310628256,0.07414946953455608,0.5847612619400024
-4.0,eval,random,9,net,c009,-0.06573295593261719,0.049780845642089844,0.07414946953455608,0.5847612619400024
-4.0,eval,random,9,net,c000,0.09059969584147136,-0.16135247548421222,0.07414946953455608,0.5847612619400024
-4.0,eval,random,9,net,c013,0.06426143646240234,-0.26932621002197266,0.07414946953455608,0.5847612619400024
-4.0,eval,random,9,net,c049,0.001300493876139323,-0.11579831441243489,0.07414946953455608,0.5847612619400024
-4.0,eval,random,9,net,c058,0.055344581604003906,-0.1220388412475586,0.07414946953455608,0.5847612619400024
-4.0,eval,random,9,net,c024,0.0868062973022461,-0.2226104736328125,0.07414946953455608,0.5847612619400024
-4.0,eval,random,9,net,c042,0.06224822998046875,-0.17110729217529297,0.07414946953455608,0.5847612619400024
-4.0,eval,random,9,net,c047,0.12278366088867188,-0.1759471893310547,0.07414946953455608,0.5847612619400024
-4.0,eval,random,9,net,c043,0.16464455922444662,0.014259656270345061,0.07414946953455608,0.5847612619400024
-4.0,eval,random,9,net,c003,0.12987041473388672,-0.22399234771728516,0.07414946953455608,0.5847612619400024
-4.0,eval,random,9,net,c041,-0.010457992553710938,-0.09560298919677734,0.07414946953455608,0.5847612619400024
-4.0,eval,random,9,net,c008,-0.200346310933431,0.04188982645670572,0.07414946953455608,0.5847612619400024
-4.0,eval,random,9,net,c045,0.0838785171508789,-0.26484012603759766,0.07414946953455608,0.5847612619400024
-4.0,eval,random,9,net,c011,0.024182955423990887,-0.175688107808431,0.07414946953455608,0.5847612619400024
-4.0,eval,random,9,net,c020,0.1380771001180013,-0.3655583063761393,0.07414946953455608,0.5847612619400024
-4.0,eval,random,9,net,c044,-0.0475622812906901,-0.3425289789835612,0.07414946953455608,0.5847612619400024
-4.0,eval,random,9,net,c016,0.16041342417399088,-0.11286290486653647,0.07414946953455608,0.5847612619400024
-4.0,eval,random,9,net,c056,0.1502873102823893,-0.23820718129475912,0.07414946953455608,0.5847612619400024
-4.0,eval,random,9,net,c025,0.05446561177571615,-0.2135931650797526,0.07414946953455608,0.5847612619400024
-4.0,eval,random,9,net,c029,0.014957745869954428,-0.09854857126871745,0.07414946953455608,0.5847612619400024
-4.0,eval,random,9,net,c014,0.12339464823404948,0.05728403727213542,0.07414946953455608,0.5847612619400024
-4.0,eval,random,9,net,c002,0.241700808207194,-0.17678292592366537,0.07414946953455608,0.5847612619400024
-4.0,eval,random,9,net,c023,0.17937692006429037,-0.15813414255777994,0.07414946953455608,0.5847612619400024
-4.0,eval,random,9,net,c046,0.14804617563883463,-0.13820584615071616,0.07414946953455608,0.5847612619400024
-4.0,eval,random,9,net,c022,0.023634910583496094,-0.08788776397705078,0.07414946953455608,0.5847612619400024
-4.0,eval,random,9,net,c050,0.25788211822509766,-0.23260116577148438,0.07414946953455608,0.5847612619400024
-4.0,eval,random,9,net,c006,0.2318843205769857,-0.13129107157389322,0.07414946953455608,0.5847612619400024
-4.0,eval,random,9,net,c017,0.2697032292683919,-0.26457850138346356,0.07414946953455608,0.5847612619400024
-4.0,eval,random,9,net,c039,0.010281244913736979,-0.07016595204671223,0.07414946953455608,0.5847612619400024
-4.0,eval,random,9,net,c036,-0.07049242655436198,-0.17390600840250653,0.07414946953455608,0.5847612619400024
-4.0,eval,random,9,net,c009,0.11887486775716145,-0.07551066080729167,0.07414946953455608,0.5847612619400024
-4.0,eval,random,9,net,c000,0.08925660451253255,-0.12180582682291667,0.07414946953455608,0.5847612619400024
-4.0,eval,random,9,net,c013,0.06910864512125652,-0.061903317769368485,0.07414946953455608,0.5847612619400024
-4.0,eval,random,9,net,c049,0.0029548009236653647,-0.003956476847330729,0.07414946953455608,0.5847612619400024
-4.0,eval,random,9,net,c058,-0.020349820454915363,-0.06423886617024739,0.07414946953455608,0.5847612619400024
-4.0,eval,random,9,net,c024,0.1551523208618164,-0.11018085479736328,0.07414946953455608,0.5847612619400024
-4.0,eval,random,9,net,c042,0.00022411346435546875,-0.1319723129272461,0.07414946953455608,0.5847612619400024
-4.0,eval,random,9,net,c047,0.10172239939371745,-0.22258981068929035,0.07414946953455608,0.5847612619400024
-4.0,eval,random,9,net,c043,0.11645062764485677,-0.14509646097819012,0.07414946953455608,0.5847612619400024
-4.0,eval,random,9,net,c003,0.07654190063476562,-0.1331930160522461,0.07414946953455608,0.5847612619400024
-4.0,eval,random,9,net,c041,0.007123629252115886,-0.19560941060384116,0.07414946953455608,0.5847612619400024
-4.0,eval,random,9,net,c008,-0.00585174560546875,-0.1388540267944336,0.07414946953455608,0.5847612619400024
-4.0,eval,random,9,net,c045,0.11451021830240886,-0.10734208424886067,0.07414946953455608,0.5847612619400024
-4.0,eval,random,9,net,c011,0.08726056416829427,-0.07240358988444011,0.07414946953455608,0.5847612619400024
-4.0,eval,random,9,net,c020,0.2525177001953125,-0.1945810317993164,0.07414946953455608,0.5847612619400024
-4.0,eval,random,9,net,c044,-0.0773302714029948,-0.08938948313395183,0.07414946953455608,0.5847612619400024
-4.0,eval,random,9,net,c016,0.20577303568522134,-0.1385625203450521,0.07414946953455608,0.5847612619400024
-4.0,eval,random,9,net,c056,0.03501351674397787,-0.16300360361735025,0.07414946953455608,0.5847612619400024
-4.0,eval,random,9,net,c025,0.02196216583251953,-0.11563777923583984,0.07414946953455608,0.5847612619400024
-4.0,eval,random,9,net,c029,0.19882774353027344,-0.14603900909423828,0.07414946953455608,0.5847612619400024
-4.0,eval,random,9,net,c014,0.031847635904947914,-0.0642836888631185,0.07414946953455608,0.5847612619400024
-4.0,eval,random,9,net,c002,0.1370967229207357,-0.19301859537760416,0.07414946953455608,0.5847612619400024
-4.0,eval,random,9,net,c023,0.32160472869873047,-0.2888975143432617,0.07414946953455608,0.5847612619400024
-4.0,eval,random,9,net,c046,0.022279739379882812,-0.14963054656982422,0.07414946953455608,0.5847612619400024
-4.0,eval,random,9,net,c022,0.12945556640625,-0.31473827362060547,0.07414946953455608,0.5847612619400024
-4.0,eval,random,9,net,c050,0.2472356160481771,-0.12540785471598306,0.07414946953455608,0.5847612619400024
-2.0,eval,d,9,net,c006,0.03746604919433594,-0.2641420364379883,0.20985373854637146,0.6058489680290222
-2.0,eval,d,9,net,c017,-0.29900169372558594,-0.29380321502685547,0.20985373854637146,0.6058489680290222
-2.0,eval,d,9,net,c039,0.08399677276611328,-0.20205020904541016,0.20985373854637146,0.6058489680290222
-2.0,eval,d,9,net,c036,-0.04811286926269531,-0.1733245849609375,0.20985373854637146,0.6058489680290222
-2.0,eval,d,9,net,c009,-0.3061103820800781,-0.1905965805053711,0.20985373854637146,0.6058489680290222
-2.0,eval,d,9,net,c000,-0.03299999237060547,-0.28495216369628906,0.20985373854637146,0.6058489680290222
-2.0,eval,d,9,net,c013,0.004818916320800781,-0.3287687301635742,0.20985373854637146,0.6058489680290222
-2.0,eval,d,9,net,c049,-0.0770711898803711,-0.1941699981689453,0.20985373854637146,0.6058489680290222
-2.0,eval,d,9,net,c058,-0.012797355651855469,-0.19018077850341797,0.20985373854637146,0.6058489680290222
-2.0,eval,d,9,net,c024,0.029633522033691406,-0.2797832489013672,0.20985373854637146,0.6058489680290222
-2.0,eval,d,9,net,c042,-0.05293560028076172,-0.28629112243652344,0.20985373854637146,0.6058489680290222
-2.0,eval,d,9,net,c047,0.045314788818359375,-0.2534160614013672,0.20985373854637146,0.6058489680290222
-2.0,eval,d,9,net,c043,-0.06565189361572266,-0.21603679656982422,0.20985373854637146,0.6058489680290222
-2.0,eval,d,9,net,c003,0.1658344268798828,-0.18802833557128906,0.20985373854637146,0.6058489680290222
-2.0,eval,d,9,net,c041,-0.30864906311035156,-0.39379405975341797,0.20985373854637146,0.6058489680290222
-2.0,eval,d,9,net,c008,-0.5371789932250977,-0.29494285583496094,0.20985373854637146,0.6058489680290222
-2.0,eval,d,9,net,c045,0.009119033813476562,-0.339599609375,0.20985373854637146,0.6058489680290222
-2.0,eval,d,9,net,c011,-0.1919708251953125,-0.3918418884277344,0.20985373854637146,0.6058489680290222
-2.0,eval,d,9,net,c020,0.2806386947631836,-0.22299671173095703,0.20985373854637146,0.6058489680290222
-2.0,eval,d,9,net,c044,0.0010280609130859375,-0.29393863677978516,0.20985373854637146,0.6058489680290222
-2.0,eval,d,9,net,c016,0.037201881408691406,-0.23607444763183594,0.20985373854637146,0.6058489680290222
-2.0,eval,d,9,net,c056,0.2258434295654297,-0.16265106201171875,0.20985373854637146,0.6058489680290222
-2.0,eval,d,9,net,c025,-0.0058135986328125,-0.27387237548828125,0.20985373854637146,0.6058489680290222
-2.0,eval,d,9,net,c029,0.0035686492919921875,-0.10993766784667969,0.20985373854637146,0.6058489680290222
-2.0,eval,d,9,net,c014,-0.1495523452758789,-0.21566295623779297,0.20985373854637146,0.6058489680290222
-2.0,eval,d,9,net,c002,0.2896718978881836,-0.12881183624267578,0.20985373854637146,0.6058489680290222
-2.0,eval,d,9,net,c023,0.021646499633789062,-0.31586456298828125,0.20985373854637146,0.6058489680290222
-2.0,eval,d,9,net,c046,0.1220235824584961,-0.1642284393310547,0.20985373854637146,0.6058489680290222
-2.0,eval,d,9,net,c022,-0.19031238555908203,-0.3018350601196289,0.20985373854637146,0.6058489680290222
-2.0,eval,d,9,net,c050,0.3181123733520508,-0.17237091064453125,0.20985373854637146,0.6058489680290222
-2.0,eval,d,9,net,c006,0.20720767974853516,-0.15596771240234375,0.20985373854637146,0.6058489680290222
-2.0,eval,d,9,net,c017,0.29956912994384766,-0.2347126007080078,0.20985373854637146,0.6058489680290222
-2.0,eval,d,9,net,c039,-0.09701728820800781,-0.17746448516845703,0.20985373854637146,0.6058489680290222
-2.0,eval,d,9,net,c036,-0.17175674438476562,-0.27517032623291016,0.20985373854637146,0.6058489680290222
-2.0,eval,d,9,net,c009,-0.042969703674316406,-0.23735523223876953,0.20985373854637146,0.6058489680290222
-2.0,eval,d,9,net,c000,-0.07946968078613281,-0.29053211212158203,0.20985373854637146,0.6058489680290222
-2.0,eval,d,9,net,c013,-0.2290630340576172,-0.3600749969482422,0.20985373854637146,0.6058489680290222
-2.0,eval,d,9,net,c049,-0.18835926055908203,-0.19527053833007812,0.20985373854637146,0.6058489680290222
-2.0,eval,d,9,net,c058,-0.1829814910888672,-0.22687053680419922,0.20985373854637146,0.6058489680290222
-2.0,eval,d,9,net,c024,0.06524658203125,-0.2000865936279297,0.20985373854637146,0.6058489680290222
-2.0,eval,d,9,net,c042,-0.24370956420898438,-0.37590599060058594,0.20985373854637146,0.6058489680290222
-2.0,eval,d,9,net,c047,0.10418224334716797,-0.22012996673583984,0.20985373854637146,0.6058489680290222
-2.0,eval,d,9,net,c043,-0.026288986206054688,-0.28783607482910156,0.20985373854637146,0.6058489680290222
-2.0,eval,d,9,net,c003,-0.05775260925292969,-0.2674875259399414,0.20985373854637146,0.6058489680290222
-2.0,eval,d,9,net,c041,-0.044739723205566406,-0.24747276306152344,0.20985373854637146,0.6058489680290222
-2.0,eval,d,9,net,c008,-0.10028839111328125,-0.2332906723022461,0.20985373854637146,0.6058489680290222
-2.0,eval,d,9,net,c045,-0.12471389770507812,-0.34656620025634766,0.20985373854637146,0.6058489680290222
-2.0,eval,d,9,net,c011,-0.20238494873046875,-0.3620491027832031,0.20985373854637146,0.6058489680290222
-2.0,eval,d,9,net,c020,0.2970466613769531,-0.15005207061767578,0.20985373854637146,0.6058489680290222
-2.0,eval,d,9,net,c044,-0.3320331573486328,-0.34409236907958984,0.20985373854637146,0.6058489680290222
-2.0,eval,d,9,net,c016,0.20699024200439453,-0.1373453140258789,0.20985373854637146,0.6058489680290222
-2.0,eval,d,9,net,c056,-0.06072998046875,-0.2587471008300781,0.20985373854637146,0.6058489680290222
-2.0,eval,d,9,net,c025,-0.1769886016845703,-0.3145885467529297,0.20985373854637146,0.6058489680290222
-2.0,eval,d,9,net,c029,0.20765304565429688,-0.13721370697021484,0.20985373854637146,0.6058489680290222
-2.0,eval,d,9,net,c014,-0.28495311737060547,-0.3810844421386719,0.20985373854637146,0.6058489680290222
-2.0,eval,d,9,net,c002,0.041069984436035156,-0.2890453338623047,0.20985373854637146,0.6058489680290222
-2.0,eval,d,9,net,c023,0.3570585250854492,-0.25344371795654297,0.20985373854637146,0.6058489680290222
-2.0,eval,d,9,net,c046,0.0806894302368164,-0.09122085571289062,0.20985373854637146,0.6058489680290222
-2.0,eval,d,9,net,c022,0.22441387176513672,-0.21977996826171875,0.20985373854637146,0.6058489680290222
-2.0,eval,d,9,net,c050,0.2591676712036133,-0.11347579956054688,0.20985373854637146,0.6058489680290222
-2.0,deploy,d,9,net,c006,-0.45042991638183594,-0.47126197814941406,0.1896248757839203,0.6551716923713684
-2.0,deploy,d,9,net,c017,-0.43775081634521484,-0.4427213668823242,0.1896248757839203,0.6551716923713684
-2.0,deploy,d,9,net,c039,-0.5425624847412109,-0.3067636489868164,0.1896248757839203,0.6551716923713684
-2.0,deploy,d,9,net,c036,-0.3608675003051758,-0.3484363555908203,0.1896248757839203,0.6551716923713684
-2.0,deploy,d,9,net,c009,-0.5229148864746094,-0.3076333999633789,0.1896248757839203,0.6551716923713684
-2.0,deploy,d,9,net,c000,-0.2771625518798828,-0.3500089645385742,0.1896248757839203,0.6551716923713684
-2.0,deploy,d,9,net,c013,-0.40882205963134766,-0.3883047103881836,0.1896248757839203,0.6551716923713684
-2.0,deploy,d,9,net,c049,-0.5541925430297852,-0.2903146743774414,0.1896248757839203,0.6551716923713684
-2.0,deploy,d,9,net,c058,-0.2777748107910156,-0.20024394989013672,0.1896248757839203,0.6551716923713684
-2.0,deploy,d,9,net,c024,-0.4506797790527344,-0.47339820861816406,0.1896248757839203,0.6551716923713684
-2.0,deploy,d,9,net,c042,-0.28043556213378906,-0.35436344146728516,0.1896248757839203,0.6551716923713684
-2.0,deploy,d,9,net,c047,-0.48890209197998047,-0.3896827697753906,0.1896248757839203,0.6551716923713684
-2.0,deploy,d,9,net,c043,-0.41591358184814453,-0.39657115936279297,0.1896248757839203,0.6551716923713684
-2.0,deploy,d,9,net,c003,-0.26853084564208984,-0.28765296936035156,0.1896248757839203,0.6551716923713684
-2.0,deploy,d,9,net,c041,-0.3266420364379883,-0.4095163345336914,0.1896248757839203,0.6551716923713684
-2.0,deploy,d,9,net,c008,-0.8841142654418945,-0.3787517547607422,0.1896248757839203,0.6551716923713684
-2.0,deploy,d,9,net,c045,-0.34277820587158203,-0.4131460189819336,0.1896248757839203,0.6551716923713684
-2.0,deploy,d,9,net,c011,-0.4672384262084961,-0.49590396881103516,0.1896248757839203,0.6551716923713684
-2.0,deploy,d,9,net,c020,-0.15346145629882812,-0.3367347717285156,0.1896248757839203,0.6551716923713684
-2.0,deploy,d,9,net,c044,-0.4006786346435547,-0.3997840881347656,0.1896248757839203,0.6551716923713684
-2.0,deploy,d,9,net,c016,-0.19140243530273438,-0.2443695068359375,0.1896248757839203,0.6551716923713684
-2.0,deploy,d,9,net,c056,-0.1484394073486328,-0.26482200622558594,0.1896248757839203,0.6551716923713684
-2.0,deploy,d,9,net,c025,-0.31767845153808594,-0.4036521911621094,0.1896248757839203,0.6551716923713684
-2.0,deploy,d,9,net,c029,-0.20196819305419922,-0.18677234649658203,0.1896248757839203,0.6551716923713684
-2.0,deploy,d,9,net,c014,-0.38176822662353516,-0.37920188903808594,0.1896248757839203,0.6551716923713684
-2.0,deploy,d,9,net,c002,-0.19599342346191406,-0.2868328094482422,0.1896248757839203,0.6551716923713684
-2.0,deploy,d,9,net,c023,-0.3944368362426758,-0.4370555877685547,0.1896248757839203,0.6551716923713684
-2.0,deploy,d,9,net,c046,-0.10596847534179688,-0.3312244415283203,0.1896248757839203,0.6551716923713684
-2.0,deploy,d,9,net,c022,-0.12520217895507812,-0.2961750030517578,0.1896248757839203,0.6551716923713684
-2.0,deploy,d,9,net,c050,-0.22932147979736328,-0.33217811584472656,0.1896248757839203,0.6551716923713684
-2.0,deploy,d,9,net,c006,-0.4459257125854492,-0.4637489318847656,0.1896248757839203,0.6551716923713684
-2.0,deploy,d,9,net,c017,-0.4397563934326172,-0.41793155670166016,0.1896248757839203,0.6551716923713684
-2.0,deploy,d,9,net,c039,-0.5075588226318359,-0.26244068145751953,0.1896248757839203,0.6551716923713684
-2.0,deploy,d,9,net,c036,-0.4107942581176758,-0.3507413864135742,0.1896248757839203,0.6551716923713684
-2.0,deploy,d,9,net,c009,-0.4193601608276367,-0.22838973999023438,0.1896248757839203,0.6551716923713684
-2.0,deploy,d,9,net,c000,-0.14052772521972656,-0.34475040435791016,0.1896248757839203,0.6551716923713684
-2.0,deploy,d,9,net,c013,-0.2802448272705078,-0.3080415725708008,0.1896248757839203,0.6551716923713684
-2.0,deploy,d,9,net,c049,-0.8137187957763672,-0.28921985626220703,0.1896248757839203,0.6551716923713684
-2.0,deploy,d,9,net,c058,-0.16275501251220703,-0.1907062530517578,0.1896248757839203,0.6551716923713684
-2.0,deploy,d,9,net,c024,-0.2341899871826172,-0.3562040328979492,0.1896248757839203,0.6551716923713684
-2.0,deploy,d,9,net,c042,-0.3479461669921875,-0.42684173583984375,0.1896248757839203,0.6551716923713684
-2.0,deploy,d,9,net,c047,-0.44240856170654297,-0.3557167053222656,0.1896248757839203,0.6551716923713684
-2.0,deploy,d,9,net,c043,-0.17662811279296875,-0.4085359573364258,0.1896248757839203,0.6551716923713684
-2.0,deploy,d,9,net,c003,-0.29492759704589844,-0.3578681945800781,0.1896248757839203,0.6551716923713684
-2.0,deploy,d,9,net,c041,-0.6234073638916016,-0.4256782531738281,0.1896248757839203,0.6551716923713684
-2.0,deploy,d,9,net,c008,-0.3627758026123047,-0.18049049377441406,0.1896248757839203,0.6551716923713684
-2.0,deploy,d,9,net,c045,-0.14691925048828125,-0.4416360855102539,0.1896248757839203,0.6551716923713684
-2.0,deploy,d,9,net,c011,-0.38070201873779297,-0.4075794219970703,0.1896248757839203,0.6551716923713684
-2.0,deploy,d,9,net,c020,-0.18570899963378906,-0.3061943054199219,0.1896248757839203,0.6551716923713684
-2.0,deploy,d,9,net,c044,-0.48108482360839844,-0.3827848434448242,0.1896248757839203,0.6551716923713684
-2.0,deploy,d,9,net,c016,-0.11915016174316406,-0.2434062957763672,0.1896248757839203,0.6551716923713684
-2.0,deploy,d,9,net,c056,-0.08693695068359375,-0.23322391510009766,0.1896248757839203,0.6551716923713684
-2.0,deploy,d,9,net,c025,-0.3146934509277344,-0.40451622009277344,0.1896248757839203,0.6551716923713684
-2.0,deploy,d,9,net,c029,-0.4375286102294922,-0.2627248764038086,0.1896248757839203,0.6551716923713684
-2.0,deploy,d,9,net,c014,-0.5868864059448242,-0.44456005096435547,0.1896248757839203,0.6551716923713684
-2.0,deploy,d,9,net,c002,-0.12483501434326172,-0.32187843322753906,0.1896248757839203,0.6551716923713684
-2.0,deploy,d,9,net,c023,-0.3685493469238281,-0.3714570999145508,0.1896248757839203,0.6551716923713684
-2.0,deploy,d,9,net,c046,-0.3031749725341797,-0.31156349182128906,0.1896248757839203,0.6551716923713684
-2.0,deploy,d,9,net,c022,-0.2699861526489258,-0.38042640686035156,0.1896248757839203,0.6551716923713684
-2.0,deploy,d,9,net,c050,-0.21891403198242188,-0.3291301727294922,0.1896248757839203,0.6551716923713684
-2.0,eval,random,9,net,c006,0.24123732248942056,-0.060370763142903655,0.01652098788569371,0.6164365808169047
-2.0,eval,random,9,net,c017,-0.05031935373942057,-0.0451208750406901,0.01652098788569371,0.6164365808169047
-2.0,eval,random,9,net,c039,0.2926015853881836,0.006554603576660156,0.01652098788569371,0.6164365808169047
-2.0,eval,random,9,net,c036,0.05701446533203125,-0.06819725036621094,0.01652098788569371,0.6164365808169047
-2.0,eval,random,9,net,c009,-0.04692395528157552,0.0685898462931315,0.01652098788569371,0.6164365808169047
-2.0,eval,random,9,net,c000,0.1828037897745768,-0.06914838155110678,0.01652098788569371,0.6164365808169047
-2.0,eval,random,9,net,c013,0.20685386657714844,-0.12673377990722656,0.01652098788569371,0.6164365808169047
-2.0,eval,random,9,net,c049,0.0935220718383789,-0.023576736450195312,0.01652098788569371,0.6164365808169047
-2.0,eval,random,9,net,c058,0.16199111938476562,-0.015392303466796875,0.01652098788569371,0.6164365808169047
-2.0,eval,random,9,net,c024,0.21251932779947916,-0.09689744313557944,0.01652098788569371,0.6164365808169047
-2.0,eval,random,9,net,c042,0.18836466471354166,-0.04499085744222006,0.01652098788569371,0.6164365808169047
-2.0,eval,random,9,net,c047,0.2591727574666341,-0.039558092753092466,0.01652098788569371,0.6164365808169047
-2.0,eval,random,9,net,c043,0.22269153594970703,0.07230663299560547,0.01652098788569371,0.6164365808169047
-2.0,eval,random,9,net,c003,0.26850446065266925,-0.08535830179850262,0.01652098788569371,0.6164365808169047
-2.0,eval,random,9,net,c041,0.05840428670247396,-0.026740709940592446,0.01652098788569371,0.6164365808169047
-2.0,eval,random,9,net,c008,-0.18189048767089844,0.06034564971923828,0.01652098788569371,0.6164365808169047
-2.0,eval,random,9,net,c045,0.23028786977132162,-0.11843077341715494,0.01652098788569371,0.6164365808169047
-2.0,eval,random,9,net,c011,0.10733445485432942,-0.09253660837809245,0.01652098788569371,0.6164365808169047
-2.0,eval,random,9,net,c020,0.34165604909261066,-0.16197935740152997,0.01652098788569371,0.6164365808169047
-2.0,eval,random,9,net,c044,0.15106678009033203,-0.14389991760253906,0.01652098788569371,0.6164365808169047
-2.0,eval,random,9,net,c016,0.2321478525797526,-0.04112847646077475,0.01652098788569371,0.6164365808169047
-2.0,eval,random,9,net,c056,0.30010096232096356,-0.08839352925618488,0.01652098788569371,0.6164365808169047
-2.0,eval,random,9,net,c025,0.17109362284342447,-0.09696515401204428,0.01652098788569371,0.6164365808169047
-2.0,eval,random,9,net,c029,0.08205890655517578,-0.031447410583496094,0.01652098788569371,0.6164365808169047
-2.0,eval,random,9,net,c014,0.1368246078491211,0.07071399688720703,0.01652098788569371,0.6164365808169047
-2.0,eval,random,9,net,c002,0.36603736877441406,-0.05244636535644531,0.01652098788569371,0.6164365808169047
-2.0,eval,random,9,net,c023,0.2842143376668294,-0.053296724955240904,0.01652098788569371,0.6164365808169047
-2.0,eval,random,9,net,c046,0.23778216044108072,-0.04846986134847006,0.01652098788569371,0.6164365808169047
-2.0,eval,random,9,net,c022,0.06114419301350912,-0.05037848154703776,0.01652098788569371,0.6164365808169047
-2.0,eval,random,9,net,c050,0.4005743662516276,-0.08990891774495441,0.01652098788569371,0.6164365808169047
-2.0,eval,random,9,net,c006,0.31852277119954425,-0.044652620951334654,0.01652098788569371,0.6164365808169047
-2.0,eval,random,9,net,c017,0.43068917592366535,-0.10359255472819012,0.01652098788569371,0.6164365808169047
-2.0,eval,random,9,net,c039,0.07560125986735027,-0.004845937093098954,0.01652098788569371,0.6164365808169047
-2.0,eval,random,9,net,c036,0.055079142252604164,-0.04833443959554037,0.01652098788569371,0.6164365808169047
-2.0,eval,random,9,net,c009,0.21062564849853516,0.01624011993408203,0.01652098788569371,0.6164365808169047
-2.0,eval,random,9,net,c000,0.1749569574991862,-0.03610547383626303,0.01652098788569371,0.6164365808169047
-2.0,eval,random,9,net,c013,0.12083498636881511,-0.010176976521809891,0.01652098788569371,0.6164365808169047
-2.0,eval,random,9,net,c049,0.041056315104166664,0.03414503733317057,0.01652098788569371,0.6164365808169047
-2.0,eval,random,9,net,c058,0.032863616943359375,-0.011025428771972656,0.01652098788569371,0.6164365808169047
-2.0,eval,random,9,net,c024,0.22728729248046875,-0.03804588317871094,0.01652098788569371,0.6164365808169047
-2.0,eval,random,9,net,c042,0.10368951161702473,-0.028506914774576828,0.01652098788569371,0.6164365808169047
-2.0,eval,random,9,net,c047,0.23397413889567056,-0.09033807118733725,0.01652098788569371,0.6164365808169047
-2.0,eval,random,9,net,c043,0.22507731119791666,-0.03646977742513022,0.01652098788569371,0.6164365808169047
-2.0,eval,random,9,net,c003,0.1653305689493815,-0.04440434773763022,0.01652098788569371,0.6164365808169047
-2.0,eval,random,9,net,c041,0.1672054926554362,-0.03552754720052084,0.01652098788569371,0.6164365808169047
-2.0,eval,random,9,net,c008,0.08937613169352214,-0.043626149495442704,0.01652098788569371,0.6164365808169047
-2.0,eval,random,9,net,c045,0.2003911336263021,-0.02146116892496744,0.01652098788569371,0.6164365808169047
-2.0,eval,random,9,net,c011,0.14281717936197916,-0.016846974690755218,0.01652098788569371,0.6164365808169047
-2.0,eval,random,9,net,c020,0.3745505015055339,-0.07254823048909503,0.01652098788569371,0.6164365808169047
-2.0,eval,random,9,net,c044,-0.01822821299235026,-0.030287424723307293,0.01652098788569371,0.6164365808169047
-2.0,eval,random,9,net,c016,0.28930409749348956,-0.05503145853678387,0.01652098788569371,0.6164365808169047
-2.0,eval,random,9,net,c056,0.14521376291910806,-0.05280335744222006,0.01652098788569371,0.6164365808169047
-2.0,eval,random,9,net,c025,0.09941323598225911,-0.038186709086100265,0.01652098788569371,0.6164365808169047
-2.0,eval,random,9,net,c029,0.3426911036173503,-0.00217564900716144,0.01652098788569371,0.6164365808169047
-2.0,eval,random,9,net,c014,0.0823221206665039,-0.0138092041015625,0.01652098788569371,0.6164365808169047
-2.0,eval,random,9,net,c002,0.2739432652791341,-0.05617205301920575,0.01652098788569371,0.6164365808169047
-2.0,eval,random,9,net,c023,0.4818261464436849,-0.1286760965983073,0.01652098788569371,0.6164365808169047
-2.0,eval,random,9,net,c046,0.1564950942993164,-0.015415191650390625,0.01652098788569371,0.6164365808169047
-2.0,eval,random,9,net,c022,0.3370138804117839,-0.1071799596150716,0.01652098788569371,0.6164365808169047
-2.0,eval,random,9,net,c050,0.3258660634358724,-0.04677740732828778,0.01652098788569371,0.6164365808169047
-1.0,eval,d,9,net,c006,0.23761653900146484,-0.06399154663085938,0.041077811270952225,0.6472408771514893
-1.0,eval,d,9,net,c017,-0.14147090911865234,-0.13627243041992188,0.041077811270952225,0.6472408771514893
-1.0,eval,d,9,net,c039,0.1992816925048828,-0.08676528930664062,0.041077811270952225,0.6472408771514893
-1.0,eval,d,9,net,c036,0.047829627990722656,-0.07738208770751953,0.041077811270952225,0.6472408771514893
-1.0,eval,d,9,net,c009,-0.19285011291503906,-0.07733631134033203,0.041077811270952225,0.6472408771514893
-1.0,eval,d,9,net,c000,0.16521835327148438,-0.08673381805419922,0.041077811270952225,0.6472408771514893
-1.0,eval,d,9,net,c013,0.19971370697021484,-0.13387393951416016,0.041077811270952225,0.6472408771514893
-1.0,eval,d,9,net,c049,0.041728973388671875,-0.07536983489990234,0.041077811270952225,0.6472408771514893
-1.0,eval,d,9,net,c058,0.1091623306274414,-0.0682210922241211,0.041077811270952225,0.6472408771514893
-1.0,eval,d,9,net,c024,0.20515918731689453,-0.10425758361816406,0.041077811270952225,0.6472408771514893
-1.0,eval,d,9,net,c042,0.14013385772705078,-0.09322166442871094,0.041077811270952225,0.6472408771514893
-1.0,eval,d,9,net,c047,0.20579910278320312,-0.09293174743652344,0.041077811270952225,0.6472408771514893
-1.0,eval,d,9,net,c043,0.04786396026611328,-0.10252094268798828,0.041077811270952225,0.6472408771514893
-1.0,eval,d,9,net,c003,0.31484222412109375,-0.039020538330078125,0.041077811270952225,0.6472408771514893
-1.0,eval,d,9,net,c041,-0.062058448791503906,-0.1472034454345703,0.041077811270952225,0.6472408771514893
-1.0,eval,d,9,net,c008,-0.38951683044433594,-0.14728069305419922,0.041077811270952225,0.6472408771514893
-1.0,eval,d,9,net,c045,0.2285022735595703,-0.12021636962890625,0.041077811270952225,0.6472408771514893
-1.0,eval,d,9,net,c011,0.06682491302490234,-0.13304615020751953,0.041077811270952225,0.6472408771514893
-1.0,eval,d,9,net,c020,0.44248390197753906,-0.06115150451660156,0.041077811270952225,0.6472408771514893
-1.0,eval,d,9,net,c044,0.17073917388916016,-0.12422752380371094,0.041077811270952225,0.6472408771514893
-1.0,eval,d,9,net,c016,0.2085103988647461,-0.06476593017578125,0.041077811270952225,0.6472408771514893
-1.0,eval,d,9,net,c056,0.3335294723510742,-0.05496501922607422,0.041077811270952225,0.6472408771514893
-1.0,eval,d,9,net,c025,0.167205810546875,-0.10085296630859375,0.041077811270952225,0.6472408771514893
-1.0,eval,d,9,net,c029,0.08539581298828125,-0.028110504150390625,0.041077811270952225,0.6472408771514893
-1.0,eval,d,9,net,c014,-0.04525470733642578,-0.11136531829833984,0.041077811270952225,0.6472408771514893
-1.0,eval,d,9,net,c002,0.39333438873291016,-0.02514934539794922,0.041077811270952225,0.6472408771514893
-1.0,eval,d,9,net,c023,0.23187828063964844,-0.10563278198242188,0.041077811270952225,0.6472408771514893
-1.0,eval,d,9,net,c046,0.22896766662597656,-0.05728435516357422,0.041077811270952225,0.6472408771514893
-1.0,eval,d,9,net,c022,-0.0023012161254882812,-0.11382389068603516,0.041077811270952225,0.6472408771514893
-1.0,eval,d,9,net,c050,0.4440269470214844,-0.046456336975097656,0.041077811270952225,0.6472408771514893
-1.0,eval,d,9,net,c006,0.33911991119384766,-0.02405548095703125,0.041077811270952225,0.6472408771514893
-1.0,eval,d,9,net,c017,0.4632081985473633,-0.07107353210449219,0.041077811270952225,0.6472408771514893
-1.0,eval,d,9,net,c039,0.0055866241455078125,-0.0748605728149414,0.041077811270952225,0.6472408771514893
-1.0,eval,d,9,net,c036,0.0024700164794921875,-0.10094356536865234,0.041077811270952225,0.6472408771514893
-1.0,eval,d,9,net,c009,0.1090860366821289,-0.08529949188232422,0.041077811270952225,0.6472408771514893
-1.0,eval,d,9,net,c000,0.11429405212402344,-0.09676837921142578,0.041077811270952225,0.6472408771514893
-1.0,eval,d,9,net,c013,-0.005299568176269531,-0.13631153106689453,0.041077811270952225,0.6472408771514893
-1.0,eval,d,9,net,c049,-0.0686178207397461,-0.07552909851074219,0.041077811270952225,0.6472408771514893
-1.0,eval,d,9,net,c058,-0.03462409973144531,-0.07851314544677734,0.041077811270952225,0.6472408771514893
-1.0,eval,d,9,net,c024,0.21679210662841797,-0.04854106903076172,0.041077811270952225,0.6472408771514893
-1.0,eval,d,9,net,c042,-0.0015172958374023438,-0.1337137222290039,0.041077811270952225,0.6472408771514893
-1.0,eval,d,9,net,c047,0.2551546096801758,-0.06915760040283203,0.041077811270952225,0.6472408771514893
-1.0,eval,d,9,net,c043,0.1625833511352539,-0.09896373748779297,0.041077811270952225,0.6472408771514893
-1.0,eval,d,9,net,c003,0.11698436737060547,-0.09275054931640625,0.041077811270952225,0.6472408771514893
-1.0,eval,d,9,net,c041,0.10947608947753906,-0.09325695037841797,0.041077811270952225,0.6472408771514893
-1.0,eval,d,9,net,c008,0.037858009338378906,-0.09514427185058594,0.041077811270952225,0.6472408771514893
-1.0,eval,d,9,net,c045,0.10052871704101562,-0.1213235855102539,0.041077811270952225,0.6472408771514893
-1.0,eval,d,9,net,c011,0.026296615600585938,-0.13336753845214844,0.041077811270952225,0.6472408771514893
-1.0,eval,d,9,net,c020,0.41986751556396484,-0.027231216430664062,0.041077811270952225,0.6472408771514893
-1.0,eval,d,9,net,c044,-0.12560367584228516,-0.1376628875732422,0.041077811270952225,0.6472408771514893
-1.0,eval,d,9,net,c016,0.31853389739990234,-0.025801658630371094,0.041077811270952225,0.6472408771514893
-1.0,eval,d,9,net,c056,0.0937652587890625,-0.10425186157226562,0.041077811270952225,0.6472408771514893
-1.0,eval,d,9,net,c025,0.03265666961669922,-0.10494327545166016,0.041077811270952225,0.6472408771514893
-1.0,eval,d,9,net,c029,0.3089427947998047,-0.03592395782470703,0.041077811270952225,0.6472408771514893
-1.0,eval,d,9,net,c014,-0.040556907653808594,-0.136688232421875,0.041077811270952225,0.6472408771514893
-1.0,eval,d,9,net,c002,0.2318258285522461,-0.09828948974609375,0.041077811270952225,0.6472408771514893
-1.0,eval,d,9,net,c023,0.5508184432983398,-0.059683799743652344,0.041077811270952225,0.6472408771514893
-1.0,eval,d,9,net,c046,0.14022159576416016,-0.031688690185546875,0.041077811270952225,0.6472408771514893
-1.0,eval,d,9,net,c022,0.37890625,-0.06528759002685547,0.041077811270952225,0.6472408771514893
-1.0,eval,d,9,net,c050,0.3570842742919922,-0.015559196472167969,0.041077811270952225,0.6472408771514893
-1.0,deploy,d,9,net,c006,-0.1632518768310547,-0.1840839385986328,0.032549772411584854,0.6451789736747742
-1.0,deploy,d,9,net,c017,-0.187896728515625,-0.19286727905273438,0.032549772411584854,0.6451789736747742
-1.0,deploy,d,9,net,c039,-0.39536476135253906,-0.15956592559814453,0.032549772411584854,0.6451789736747742
-1.0,deploy,d,9,net,c036,-0.1642017364501953,-0.15177059173583984,0.032549772411584854,0.6451789736747742
-1.0,deploy,d,9,net,c009,-0.3643007278442383,-0.1490192413330078,0.032549772411584854,0.6451789736747742
-1.0,deploy,d,9,net,c000,-0.06675529479980469,-0.1396017074584961,0.032549772411584854,0.6451789736747742
-1.0,deploy,d,9,net,c013,-0.19115543365478516,-0.1706380844116211,0.032549772411584854,0.6451789736747742
-1.0,deploy,d,9,net,c049,-0.3896207809448242,-0.12574291229248047,0.032549772411584854,0.6451789736747742
-1.0,deploy,d,9,net,c058,-0.15664291381835938,-0.07911205291748047,0.032549772411584854,0.6451789736747742
-1.0,deploy,d,9,net,c024,-0.1741485595703125,-0.1968669891357422,0.032549772411584854,0.6451789736747742
-1.0,deploy,d,9,net,c042,-0.06593894958496094,-0.13986682891845703,0.032549772411584854,0.6451789736747742
-1.0,deploy,d,9,net,c047,-0.28517723083496094,-0.1859579086303711,0.032549772411584854,0.6451789736747742
-1.0,deploy,d,9,net,c043,-0.20037555694580078,-0.18103313446044922,0.032549772411584854,0.6451789736747742
-1.0,deploy,d,9,net,c003,-0.1055612564086914,-0.12468338012695312,0.032549772411584854,0.6451789736747742
-1.0,deploy,d,9,net,c041,-0.08700275421142578,-0.1698770523071289,0.032549772411584854,0.6451789736747742
-1.0,deploy,d,9,net,c008,-0.6979923248291016,-0.19262981414794922,0.032549772411584854,0.6451789736747742
-1.0,deploy,d,9,net,c045,-0.093048095703125,-0.16341590881347656,0.032549772411584854,0.6451789736747742
-1.0,deploy,d,9,net,c011,-0.19773006439208984,-0.2263956069946289,0.032549772411584854,0.6451789736747742
-1.0,deploy,d,9,net,c020,0.05379295349121094,-0.12948036193847656,0.032549772411584854,0.6451789736747742
-1.0,deploy,d,9,net,c044,-0.18276596069335938,-0.1818714141845703,0.032549772411584854,0.6451789736747742
-1.0,deploy,d,9,net,c016,-0.06252861022949219,-0.11549568176269531,0.032549772411584854,0.6451789736747742
-1.0,deploy,d,9,net,c056,0.0006780624389648438,-0.11570453643798828,0.032549772411584854,0.6451789736747742
-1.0,deploy,d,9,net,c025,-0.07053375244140625,-0.1565074920654297,0.032549772411584854,0.6451789736747742
-1.0,deploy,d,9,net,c029,-0.0865945816040039,-0.07139873504638672,0.032549772411584854,0.6451789736747742
-1.0,deploy,d,9,net,c014,-0.15932273864746094,-0.15675640106201172,0.032549772411584854,0.6451789736747742
-1.0,deploy,d,9,net,c002,-0.04803752899169922,-0.13887691497802734,0.032549772411584854,0.6451789736747742
-1.0,deploy,d,9,net,c023,-0.1470193862915039,-0.1896381378173828,0.032549772411584854,0.6451789736747742
-1.0,deploy,d,9,net,c046,0.09209251403808594,-0.1331634521484375,0.032549772411584854,0.6451789736747742
-1.0,deploy,d,9,net,c022,0.0691375732421875,-0.10183525085449219,0.032549772411584854,0.6451789736747742
-1.0,deploy,d,9,net,c050,-0.03837776184082031,-0.1412343978881836,0.032549772411584854,0.6451789736747742
-1.0,deploy,d,9,net,c006,-0.1634359359741211,-0.1812591552734375,0.032549772411584854,0.6451789736747742
-1.0,deploy,d,9,net,c017,-0.20896625518798828,-0.18714141845703125,0.032549772411584854,0.6451789736747742
-1.0,deploy,d,9,net,c039,-0.38071537017822266,-0.13559722900390625,0.032549772411584854,0.6451789736747742
-1.0,deploy,d,9,net,c036,-0.21529674530029297,-0.1552438735961914,0.032549772411584854,0.6451789736747742
-1.0,deploy,d,9,net,c009,-0.28822994232177734,-0.097259521484375,0.032549772411584854,0.6451789736747742
-1.0,deploy,d,9,net,c000,0.07027053833007812,-0.13395214080810547,0.032549772411584854,0.6451789736747742
-1.0,deploy,d,9,net,c013,-0.11704158782958984,-0.1448383331298828,0.032549772411584854,0.6451789736747742
-1.0,deploy,d,9,net,c049,-0.6785917282104492,-0.15409278869628906,0.032549772411584854,0.6451789736747742
-1.0,deploy,d,9,net,c058,-0.04368019104003906,-0.07163143157958984,0.032549772411584854,0.6451789736747742
-1.0,deploy,d,9,net,c024,-0.004357337951660156,-0.1263713836669922,0.032549772411584854,0.6451789736747742
-1.0,deploy,d,9,net,c042,-0.10163688659667969,-0.18053245544433594,0.032549772411584854,0.6451789736747742
-1.0,deploy,d,9,net,c047,-0.2461833953857422,-0.15949153900146484,0.032549772411584854,0.6451789736747742
-1.0,deploy,d,9,net,c043,0.06815719604492188,-0.16375064849853516,0.032549772411584854,0.6451789736747742
-1.0,deploy,d,9,net,c003,-0.0820169448852539,-0.1449575424194336,0.032549772411584854,0.6451789736747742
-1.0,deploy,d,9,net,c041,-0.40432167053222656,-0.20659255981445312,0.032549772411584854,0.6451789736747742
-1.0,deploy,d,9,net,c008,-0.28052425384521484,-0.09823894500732422,0.032549772411584854,0.6451789736747742
-1.0,deploy,d,9,net,c045,0.13131999969482422,-0.16339683532714844,0.032549772411584854,0.6451789736747742
-1.0,deploy,d,9,net,c011,-0.14513874053955078,-0.17201614379882812,0.032549772411584854,0.6451789736747742
-1.0,deploy,d,9,net,c020,-0.014323234558105469,-0.13480854034423828,0.032549772411584854,0.6451789736747742
-1.0,deploy,d,9,net,c044,-0.29352378845214844,-0.19522380828857422,0.032549772411584854,0.6451789736747742
-1.0,deploy,d,9,net,c016,0.026111602783203125,-0.09814453125,0.032549772411584854,0.6451789736747742
-1.0,deploy,d,9,net,c056,0.03560352325439453,-0.11068344116210938,0.032549772411584854,0.6451789736747742
-1.0,deploy,d,9,net,c025,-0.07009696960449219,-0.15991973876953125,0.032549772411584854,0.6451789736747742
-1.0,deploy,d,9,net,c029,-0.28220653533935547,-0.10740280151367188,0.032549772411584854,0.6451789736747742
-1.0,deploy,d,9,net,c014,-0.35681915283203125,-0.2144927978515625,0.032549772411584854,0.6451789736747742
-1.0,deploy,d,9,net,c002,0.06289291381835938,-0.13415050506591797,0.032549772411584854,0.6451789736747742
-1.0,deploy,d,9,net,c023,-0.1731414794921875,-0.17604923248291016,0.032549772411584854,0.6451789736747742
-1.0,deploy,d,9,net,c046,-0.1280384063720703,-0.1364269256591797,0.032549772411584854,0.6451789736747742
-1.0,deploy,d,9,net,c022,-0.04224872589111328,-0.15268898010253906,0.032549772411584854,0.6451789736747742
-1.0,deploy,d,9,net,c050,-0.021414756774902344,-0.13163089752197266,0.032549772411584854,0.6451789736747742
-1.0,eval,random,9,net,c006,0.2758096059163411,-0.02579847971598309,0.004084398387931287,0.6182678937911987
-1.0,eval,random,9,net,c017,-0.028776804606119793,-0.023578325907389324,0.004084398387931287,0.6182678937911987
-1.0,eval,random,9,net,c039,0.30609575907389325,0.02004877726236981,0.004084398387931287,0.6182678937911987
-1.0,eval,random,9,net,c036,0.10033830006917317,-0.024873415629069015,0.004084398387931287,0.6182678937911987
-1.0,eval,random,9,net,c009,-0.0725240707397461,0.04298973083496094,0.004084398387931287,0.6182678937911987
-1.0,eval,random,9,net,c000,0.22360738118489584,-0.02834479014078775,0.004084398387931287,0.6182678937911987
-1.0,eval,random,9,net,c013,0.27882734934488934,-0.05476029713948566,0.004084398387931287,0.6182678937911987
-1.0,eval,random,9,net,c049,0.11722310384114583,0.00012429555257160996,0.004084398387931287,0.6182678937911987
-1.0,eval,random,9,net,c058,0.18611526489257812,0.008731842041015625,0.004084398387931287,0.6182678937911987
-1.0,eval,random,9,net,c024,0.2698834737141927,-0.039533297220865904,0.004084398387931287,0.6182678937911987
-1.0,eval,random,9,net,c042,0.22566763559977213,-0.007687886555989593,0.004084398387931287,0.6182678937911987
-1.0,eval,random,9,net,c047,0.2944580713907878,-0.004272778828938784,0.004084398387931287,0.6182678937911987
-1.0,eval,random,9,net,c043,0.20357894897460938,0.05319404602050781,0.004084398387931287,0.6182678937911987
-1.0,eval,random,9,net,c003,0.3236519495646159,-0.03021081288655597,0.004084398387931287,0.6182678937911987
-1.0,eval,random,9,net,c041,0.07992076873779297,-0.0052242279052734375,0.004084398387931287,0.6182678937911987
-1.0,eval,random,9,net,c008,-0.1999963124593099,0.042239824930826814,0.004084398387931287,0.6182678937911987
-1.0,eval,random,9,net,c045,0.2996374766031901,-0.04908116658528644,0.004084398387931287,0.6182678937911987
-1.0,eval,random,9,net,c011,0.1614831288655599,-0.03838793436686197,0.004084398387931287,0.6182678937911987
-1.0,eval,random,9,net,c020,0.43513838450113934,-0.06849702199300128,0.004084398387931287,0.6182678937911987
-1.0,eval,random,9,net,c044,0.238615353902181,-0.056351343790690095,0.004084398387931287,0.6182678937911987
-1.0,eval,random,9,net,c016,0.2573051452636719,-0.01597118377685547,0.004084398387931287,0.6182678937911987
-1.0,eval,random,9,net,c056,0.35682328542073566,-0.03167120615641278,0.004084398387931287,0.6182678937911987
-1.0,eval,random,9,net,c025,0.22844727834065756,-0.03961149851481119,0.004084398387931287,0.6182678937911987
-1.0,eval,random,9,net,c029,0.10868771870930989,-0.004818598429361984,0.004084398387931287,0.6182678937911987
-1.0,eval,random,9,net,c014,0.11240577697753906,0.046295166015625,0.004084398387931287,0.6182678937911987
-1.0,eval,random,9,net,c002,0.40453116099039715,-0.013952573140462221,0.004084398387931287,0.6182678937911987
-1.0,eval,random,9,net,c023,0.3223915100097656,-0.015119552612304688,0.004084398387931287,0.6182678937911987
-1.0,eval,random,9,net,c046,0.27283700307210285,-0.013415018717447935,0.004084398387931287,0.6182678937911987
-1.0,eval,random,9,net,c022,0.09056599934895833,-0.020956675211588546,0.004084398387931287,0.6182678937911987
-1.0,eval,random,9,net,c050,0.45692698160807294,-0.033556302388509096,0.004084398387931287,0.6182678937911987
-1.0,eval,random,9,net,c006,0.3479611078898112,-0.01521428426106769,0.004084398387931287,0.6182678937911987
-1.0,eval,random,9,net,c017,0.4948101043701172,-0.03947162628173828,0.004084398387931287,0.6182678937911987
-1.0,eval,random,9,net,c039,0.08710161844889323,0.006654421488444015,0.004084398387931287,0.6182678937911987
-1.0,eval,random,9,net,c036,0.09432601928710938,-0.009087562561035156,0.004084398387931287,0.6182678937911987
-1.0,eval,random,9,net,c009,0.21744283040364584,0.023057301839192718,0.004084398387931287,0.6182678937911987
-1.0,eval,random,9,net,c000,0.20113372802734375,-0.009928703308105469,0.004084398387931287,0.6182678937911987
-1.0,eval,random,9,net,c013,0.13238302866617838,0.0013710657755533762,0.004084398387931287,0.6182678937911987
-1.0,eval,random,9,net,c049,0.032491048177083336,0.025579770406087242,0.004084398387931287,0.6182678937911987
-1.0,eval,random,9,net,c058,0.04758930206298828,0.00370025634765625,0.004084398387931287,0.6182678937911987
-1.0,eval,random,9,net,c024,0.2527017593383789,-0.012631416320800781,0.004084398387931287,0.6182678937911987
-1.0,eval,random,9,net,c042,0.12910238901774088,-0.0030940373738606863,0.004084398387931287,0.6182678937911987
-1.0,eval,random,9,net,c047,0.2905190785725911,-0.033793131510416685,0.004084398387931287,0.6182678937911987
-1.0,eval,random,9,net,c043,0.2593139012654622,-0.002233187357584654,0.004084398387931287,0.6182678937911987
-1.0,eval,random,9,net,c003,0.19922415415445963,-0.010510762532552093,0.004084398387931287,0.6182678937911987
-1.0,eval,random,9,net,c041,0.20752398173014322,0.004790941874186189,0.004084398387931287,0.6182678937911987
-1.0,eval,random,9,net,c008,0.12177880605061848,-0.011223475138346359,0.004084398387931287,0.6182678937911987
-1.0,eval,random,9,net,c045,0.22067864735921225,-0.0011736551920572824,0.004084398387931287,0.6182678937911987
-1.0,eval,random,9,net,c011,0.15952650705973306,-0.00013764699300131134,0.004084398387931287,0.6182678937911987
-1.0,eval,random,9,net,c020,0.42171891530354816,-0.025379816691080748,0.004084398387931287,0.6182678937911987
-1.0,eval,random,9,net,c044,0.0056196848551432295,-0.006439526875813802,0.004084398387931287,0.6182678937911987
-1.0,eval,random,9,net,c016,0.32352034250895184,-0.020815213521321596,0.004084398387931287,0.6182678937911987
-1.0,eval,random,9,net,c056,0.18248208363850912,-0.015535036722819001,0.004084398387931287,0.6182678937911987
-1.0,eval,random,9,net,c025,0.13077354431152344,-0.0068264007568359375,0.004084398387931287,0.6182678937911987
-1.0,eval,random,9,net,c029,0.36663182576497394,0.02176507314046222,0.004084398387931287,0.6182678937911987
-1.0,eval,random,9,net,c014,0.0948324203491211,-0.0012989044189453125,0.004084398387931287,0.6182678937911987
-1.0,eval,random,9,net,c002,0.3172241846720378,-0.012891133626302065,0.004084398387931287,0.6182678937911987
-1.0,eval,random,9,net,c023,0.5565357208251953,-0.053966522216796875,0.004084398387931287,0.6182678937911987
-1.0,eval,random,9,net,c046,0.18367989857991537,0.011769612630208343,0.004084398387931287,0.6182678937911987
-1.0,eval,random,9,net,c022,0.4127817153930664,-0.03141212463378906,0.004084398387931287,0.6182678937911987
-1.0,eval,random,9,net,c050,0.3549989064534505,-0.017644564310709654,0.004084398387931287,0.6182678937911987
-0.5,eval,d,9,net,c006,0.28221893310546875,-0.01938915252685547,0.008298729546368122,0.6345926523208618
-0.5,eval,d,9,net,c017,-0.0673513412475586,-0.062152862548828125,0.008298729546368122,0.6345926523208618
-0.5,eval,d,9,net,c039,0.24769115447998047,-0.03835582733154297,0.008298729546368122,0.6345926523208618
-0.5,eval,d,9,net,c036,0.09097766876220703,-0.034234046936035156,0.008298729546368122,0.6345926523208618
-0.5,eval,d,9,net,c009,-0.15015602111816406,-0.03464221954345703,0.008298729546368122,0.6345926523208618
-0.5,eval,d,9,net,c000,0.22107219696044922,-0.030879974365234375,0.008298729546368122,0.6345926523208618
-0.5,eval,d,9,net,c013,0.2773313522338867,-0.05625629425048828,0.008298729546368122,0.6345926523208618
-0.5,eval,d,9,net,c049,0.0850677490234375,-0.03203105926513672,0.008298729546368122,0.6345926523208618
-0.5,eval,d,9,net,c058,0.14924335479736328,-0.02814006805419922,0.008298729546368122,0.6345926523208618
-0.5,eval,d,9,net,c024,0.2671089172363281,-0.04230785369873047,0.008298729546368122,0.6345926523208618
-0.5,eval,d,9,net,c042,0.19920730590820312,-0.034148216247558594,0.008298729546368122,0.6345926523208618
-0.5,eval,d,9,net,c047,0.2601776123046875,-0.03855323791503906,0.008298729546368122,0.6345926523208618
-0.5,eval,d,9,net,c043,0.10149288177490234,-0.04889202117919922,0.008298729546368122,0.6345926523208618
-0.5,eval,d,9,net,c003,0.3458528518676758,-0.008009910583496094,0.008298729546368122,0.6345926523208618
-0.5,eval,d,9,net,c041,0.025336265563964844,-0.05980873107910156,0.008298729546368122,0.6345926523208618
-0.5,eval,d,9,net,c008,-0.3143024444580078,-0.0720663070678711,0.008298729546368122,0.6345926523208618
-0.5,eval,d,9,net,c045,0.30077266693115234,-0.04794597625732422,0.008298729546368122,0.6345926523208618
-0.5,eval,d,9,net,c011,0.14760303497314453,-0.052268028259277344,0.008298729546368122,0.6345926523208618
-0.5,eval,d,9,net,c020,0.4848337173461914,-0.01880168914794922,0.008298729546368122,0.6345926523208618
-0.5,eval,d,9,net,c044,0.2417888641357422,-0.053177833557128906,0.008298729546368122,0.6345926523208618
-0.5,eval,d,9,net,c016,0.25189876556396484,-0.0213775634765625,0.008298729546368122,0.6345926523208618
-0.5,eval,d,9,net,c056,0.3674945831298828,-0.020999908447265625,0.008298729546368122,0.6345926523208618
-0.5,eval,d,9,net,c025,0.22792720794677734,-0.040131568908691406,0.008298729546368122,0.6345926523208618
-0.5,eval,d,9,net,c029,0.10533714294433594,-0.008169174194335938,0.008298729546368122,0.6345926523208618
-0.5,eval,d,9,net,c014,0.0114898681640625,-0.05462074279785156,0.008298729546368122,0.6345926523208618
-0.5,eval,d,9,net,c002,0.4141368865966797,-0.0043468475341796875,0.008298729546368122,0.6345926523208618
-0.5,eval,d,9,net,c023,0.2970867156982422,-0.040424346923828125,0.008298729546368122,0.6345926523208618
-0.5,eval,d,9,net,c046,0.2651090621948242,-0.021142959594726562,0.008298729546368122,0.6345926523208618
-0.5,eval,d,9,net,c022,0.06502056121826172,-0.046502113342285156,0.008298729546368122,0.6345926523208618
-0.5,eval,d,9,net,c050,0.47592926025390625,-0.014554023742675781,0.008298729546368122,0.6345926523208618
-0.5,eval,d,9,net,c006,0.36105823516845703,-0.002117156982421875,0.008298729546368122,0.6345926523208618
-0.5,eval,d,9,net,c017,0.5084247589111328,-0.025856971740722656,0.008298729546368122,0.6345926523208618
-0.5,eval,d,9,net,c039,0.046661376953125,-0.03378582000732422,0.008298729546368122,0.6345926523208618
-0.5,eval,d,9,net,c036,0.06397724151611328,-0.03943634033203125,0.008298729546368122,0.6345926523208618
-0.5,eval,d,9,net,c009,0.16004085540771484,-0.03434467315673828,0.008298729546368122,0.6345926523208618
-0.5,eval,d,9,net,c000,0.17446041107177734,-0.036602020263671875,0.008298729546368122,0.6345926523208618
-0.5,eval,d,9,net,c013,0.07487201690673828,-0.05613994598388672,0.008298729546368122,0.6345926523208618
-0.5,eval,d,9,net,c049,-0.025986671447753906,-0.03289794921875,0.008298729546368122,0.6345926523208618
-0.5,eval,d,9,net,c058,0.012793540954589844,-0.031095504760742188,0.008298729546368122,0.6345926523208618
-0.5,eval,d,9,net,c024,0.2506093978881836,-0.014723777770996094,0.008298729546368122,0.6345926523208618
-0.5,eval,d,9,net,c042,0.07860660552978516,-0.053589820861816406,0.008298729546368122,0.6345926523208618
-0.5,eval,d,9,net,c047,0.29959583282470703,-0.02471637725830078,0.008298729546368122,0.6345926523208618
-0.5,eval,d,9,net,c043,0.22290611267089844,-0.03864097595214844,0.008298729546368122,0.6345926523208618
-0.5,eval,d,9,net,c003,0.17382144927978516,-0.03591346740722656,0.008298729546368122,0.6345926523208618
-0.5,eval,d,9,net,c041,0.16530799865722656,-0.03742504119873047,0.008298729546368122,0.6345926523208618
-0.5,eval,d,9,net,c008,0.09117889404296875,-0.041823387145996094,0.008298729546368122,0.6345926523208618
-0.5,eval,d,9,net,c045,0.17421531677246094,-0.047636985778808594,0.008298729546368122,0.6345926523208618
-0.5,eval,d,9,net,c011,0.1049795150756836,-0.05468463897705078,0.008298729546368122,0.6345926523208618
-0.5,eval,d,9,net,c020,0.4429502487182617,-0.0041484832763671875,0.008298729546368122,0.6345926523208618
-0.5,eval,d,9,net,c044,-0.046034812927246094,-0.058094024658203125,0.008298729546368122,0.6345926523208618
-0.5,eval,d,9,net,c016,0.33972835540771484,-0.004607200622558594,0.008298729546368122,0.6345926523208618
-0.5,eval,d,9,net,c056,0.15371322631835938,-0.04430389404296875,0.008298729546368122,0.6345926523208618
-0.5,eval,d,9,net,c025,0.09814929962158203,-0.039450645446777344,0.008298729546368122,0.6345926523208618
-0.5,eval,d,9,net,c029,0.3335456848144531,-0.011321067810058594,0.008298729546368122,0.6345926523208618
-0.5,eval,d,9,net,c014,0.04078197479248047,-0.05534934997558594,0.008298729546368122,0.6345926523208618
-0.5,eval,d,9,net,c002,0.291961669921875,-0.038153648376464844,0.008298729546368122,0.6345926523208618
-0.5,eval,d,9,net,c023,0.5959711074829102,-0.014531135559082031,0.008298729546368122,0.6345926523208618
-0.5,eval,d,9,net,c046,0.1594400405883789,-0.012470245361328125,0.008298729546368122,0.6345926523208618
-0.5,eval,d,9,net,c022,0.42270755767822266,-0.021486282348632812,0.008298729546368122,0.6345926523208618
-0.5,eval,d,9,net,c050,0.3726463317871094,2.86102294921875e-06,0.008298729546368122,0.6345926523208618
-0.5,deploy,d,9,net,c006,-0.05568695068359375,-0.07651901245117188,0.00618893513455987,0.6112926602363586
-0.5,deploy,d,9,net,c017,-0.08094120025634766,-0.08591175079345703,0.00618893513455987,0.6112926602363586
-0.5,deploy,d,9,net,c039,-0.31481456756591797,-0.07901573181152344,0.00618893513455987,0.6112926602363586
-0.5,deploy,d,9,net,c036,-0.07928848266601562,-0.06685733795166016,0.00618893513455987,0.6112926602363586
-0.5,deploy,d,9,net,c009,-0.28609466552734375,-0.07081317901611328,0.00618893513455987,0.6112926602363586
-0.5,deploy,d,9,net,c000,0.013601303100585938,-0.05924510955810547,0.00618893513455987,0.6112926602363586
-0.5,deploy,d,9,net,c013,-0.09626007080078125,-0.07574272155761719,0.00618893513455987,0.6112926602363586
-0.5,deploy,d,9,net,c049,-0.3202943801879883,-0.05641651153564453,0.00618893513455987,0.6112926602363586
-0.5,deploy,d,9,net,c058,-0.11113262176513672,-0.03360176086425781,0.00618893513455987,0.6112926602363586
-0.5,deploy,d,9,net,c024,-0.06313228607177734,-0.08585071563720703,0.00618893513455987,0.6112926602363586
-0.5,deploy,d,9,net,c042,0.014190673828125,-0.059737205505371094,0.00618893513455987,0.6112926602363586
-0.5,deploy,d,9,net,c047,-0.1858968734741211,-0.08667755126953125,0.00618893513455987,0.6112926602363586
-0.5,deploy,d,9,net,c043,-0.10192012786865234,-0.08257770538330078,0.00618893513455987,0.6112926602363586
-0.5,deploy,d,9,net,c003,-0.035759925842285156,-0.054882049560546875,0.00618893513455987,0.6112926602363586
-0.5,deploy,d,9,net,c041,0.009271621704101562,-0.07360267639160156,0.00618893513455987,0.6112926602363586
-0.5,deploy,d,9,net,c008,-0.6020889282226562,-0.0967264175415039,0.00618893513455987,0.6112926602363586
-0.5,deploy,d,9,net,c045,0.0009899139404296875,-0.06937789916992188,0.00618893513455987,0.6112926602363586
-0.5,deploy,d,9,net,c011,-0.07254695892333984,-0.1012125015258789,0.00618893513455987,0.6112926602363586
-0.5,deploy,d,9,net,c020,0.12966632843017578,-0.05360698699951172,0.00618893513455987,0.6112926602363586
-0.5,deploy,d,9,net,c044,-0.08406734466552734,-0.08317279815673828,0.00618893513455987,0.6112926602363586
-0.5,deploy,d,9,net,c016,0.00046825408935546875,-0.052498817443847656,0.00618893513455987,0.6112926602363586
-0.5,deploy,d,9,net,c056,0.06462287902832031,-0.05175971984863281,0.00618893513455987,0.6112926602363586
-0.5,deploy,d,9,net,c025,0.02001667022705078,-0.06595706939697266,0.00618893513455987,0.6112926602363586
-0.5,deploy,d,9,net,c029,-0.04525947570800781,-0.030063629150390625,0.00618893513455987,0.6112926602363586
-0.5,deploy,d,9,net,c014,-0.07032203674316406,-0.06775569915771484,0.00618893513455987,0.6112926602363586
-0.5,deploy,d,9,net,c002,0.02596759796142578,-0.06487178802490234,0.00618893513455987,0.6112926602363586
-0.5,deploy,d,9,net,c023,-0.04098987579345703,-0.08360862731933594,0.00618893513455987,0.6112926602363586
-0.5,deploy,d,9,net,c046,0.16888904571533203,-0.056366920471191406,0.00618893513455987,0.6112926602363586
-0.5,deploy,d,9,net,c022,0.1311206817626953,-0.039852142333984375,0.00618893513455987,0.6112926602363586
-0.5,deploy,d,9,net,c050,0.041660308837890625,-0.061196327209472656,0.00618893513455987,0.6112926602363586
-0.5,deploy,d,9,net,c006,-0.05759620666503906,-0.07541942596435547,0.00618893513455987,0.6112926602363586
-0.5,deploy,d,9,net,c017,-0.10535812377929688,-0.08353328704833984,0.00618893513455987,0.6112926602363586
-0.5,deploy,d,9,net,c039,-0.31113433837890625,-0.06601619720458984,0.00618893513455987,0.6112926602363586
-0.5,deploy,d,9,net,c036,-0.1293964385986328,-0.06934356689453125,0.00618893513455987,0.6112926602363586
-0.5,deploy,d,9,net,c009,-0.23509788513183594,-0.044127464294433594,0.00618893513455987,0.6112926602363586
-0.5,deploy,d,9,net,c000,0.1481466293334961,-0.0560760498046875,0.00618893513455987,0.6112926602363586
-0.5,deploy,d,9,net,c013,-0.037929534912109375,-0.06572628021240234,0.00618893513455987,0.6112926602363586
-0.5,deploy,d,9,net,c049,-0.600834846496582,-0.07633590698242188,0.00618893513455987,0.6112926602363586
-0.5,deploy,d,9,net,c058,-0.001922607421875,-0.02987384796142578,0.00618893513455987,0.6112926602363586
-0.5,deploy,d,9,net,c024,0.07160568237304688,-0.050408363342285156,0.00618893513455987,0.6112926602363586
-0.5,deploy,d,9,net,c042,-7.05718994140625e-05,-0.07896614074707031,0.00618893513455987,0.6112926602363586
-0.5,deploy,d,9,net,c047,-0.15814208984375,-0.07145023345947266,0.00618893513455987,0.6112926602363586
-0.5,deploy,d,9,net,c043,0.16231918334960938,-0.06958866119384766,0.00618893513455987,0.6112926602363586
-0.5,deploy,d,9,net,c003,0.0009431838989257812,-0.061997413635253906,0.00618893513455987,0.6112926602363586
-0.5,deploy,d,9,net,c041,-0.29398632049560547,-0.09625720977783203,0.00618893513455987,0.6112926602363586
-0.5,deploy,d,9,net,c008,-0.2323436737060547,-0.05005836486816406,0.00618893513455987,0.6112926602363586
-0.5,deploy,d,9,net,c045,0.22793006896972656,-0.0667867660522461,0.00618893513455987,0.6112926602363586
-0.5,deploy,d,9,net,c011,-0.04713916778564453,-0.07401657104492188,0.00618893513455987,0.6112926602363586
-0.5,deploy,d,9,net,c020,0.06111717224121094,-0.059368133544921875,0.00618893513455987,0.6112926602363586
-0.5,deploy,d,9,net,c044,-0.19141101837158203,-0.09311103820800781,0.00618893513455987,0.6112926602363586
-0.5,deploy,d,9,net,c016,0.08347702026367188,-0.04077911376953125,0.00618893513455987,0.6112926602363586
-0.5,deploy,d,9,net,c056,0.09511661529541016,-0.05117034912109375,0.00618893513455987,0.6112926602363586
-0.5,deploy,d,9,net,c025,0.02212238311767578,-0.06770038604736328,0.00618893513455987,0.6112926602363586
-0.5,deploy,d,9,net,c029,-0.22238731384277344,-0.047583580017089844,0.00618893513455987,0.6112926602363586
-0.5,deploy,d,9,net,c014,-0.24191856384277344,-0.09959220886230469,0.00618893513455987,0.6112926602363586
-0.5,deploy,d,9,net,c002,0.13866138458251953,-0.05838203430175781,0.00618893513455987,0.6112926602363586
-0.5,deploy,d,9,net,c023,-0.07741832733154297,-0.08032608032226562,0.00618893513455987,0.6112926602363586
-0.5,deploy,d,9,net,c046,-0.05215644836425781,-0.06054496765136719,0.00618893513455987,0.6112926602363586
-0.5,deploy,d,9,net,c022,0.04495716094970703,-0.06548309326171875,0.00618893513455987,0.6112926602363586
-0.5,deploy,d,9,net,c050,0.05346107482910156,-0.05675506591796875,0.00618893513455987,0.6112926602363586
-0.5,eval,random,9,net,c006,0.2905384699503581,-0.011069615681966127,0.0010440175343925755,0.615797738234202
-0.5,eval,random,9,net,c017,-0.016663233439127605,-0.011464754740397137,0.0010440175343925755,0.615797738234202
-0.5,eval,random,9,net,c039,0.3004891077677409,0.014442125956217466,0.0010440175343925755,0.615797738234202
-0.5,eval,random,9,net,c036,0.1158281962076823,-0.009383519490559891,0.0010440175343925755,0.615797738234202
-0.5,eval,random,9,net,c009,-0.09210046132405598,0.023413340250651046,0.0010440175343925755,0.615797738234202
-0.5,eval,random,9,net,c000,0.23995176951090494,-0.012000401814778655,0.0010440175343925755,0.615797738234202
-0.5,eval,random,9,net,c013,0.30949878692626953,-0.02408885955810547,0.0010440175343925755,0.615797738234202
-0.5,eval,random,9,net,c049,0.12040932973225911,0.003310521443684891,0.0010440175343925755,0.615797738234202
-0.5,eval,random,9,net,c058,0.1861104965209961,0.008727073669433594,0.0010440175343925755,0.615797738234202
-0.5,eval,random,9,net,c024,0.2931162516276042,-0.01630051930745441,0.0010440175343925755,0.615797738234202
-0.5,eval,random,9,net,c042,0.23382345835367838,0.0004679361979166574,0.0010440175343925755,0.615797738234202
-0.5,eval,random,9,net,c047,0.300717035929362,0.001986185709635435,0.0010440175343925755,0.615797738234202
-0.5,eval,random,9,net,c043,0.1812906265258789,0.030905723571777344,0.0010440175343925755,0.615797738234202
-0.5,eval,random,9,net,c003,0.34292952219645184,-0.010933240254720034,0.0010440175343925755,0.615797738234202
-0.5,eval,random,9,net,c041,0.08507696787516277,-6.802876790364121e-05,0.0010440175343925755,0.615797738234202
-0.5,eval,random,9,net,c008,-0.2178471883138021,0.024388949076334626,0.0010440175343925755,0.615797738234202
-0.5,eval,random,9,net,c045,0.3278512954711914,-0.020867347717285156,0.0010440175343925755,0.615797738234202
-0.5,eval,random,9,net,c011,0.18383248647054037,-0.0160385767618815,0.0010440175343925755,0.615797738234202
-0.5,eval,random,9,net,c020,0.473690668741862,-0.029944737752278627,0.0010440175343925755,0.615797738234202
-0.5,eval,random,9,net,c044,0.27181212107340497,-0.023154576619466127,0.0010440175343925755,0.615797738234202
-0.5,eval,random,9,net,c016,0.26678943634033203,-0.0064868927001953125,0.0010440175343925755,0.615797738234202
-0.5,eval,random,9,net,c056,0.3762909571329753,-0.012203534444173159,0.0010440175343925755,0.615797738234202
-0.5,eval,random,9,net,c025,0.2516930898030599,-0.016365687052408873,0.0010440175343925755,0.615797738234202
-0.5,eval,random,9,net,c029,0.11460558573404948,0.0010992685953776088,0.0010440175343925755,0.615797738234202
-0.5,eval,random,9,net,c014,0.09195454915364583,0.025843938191731766,0.0010440175343925755,0.615797738234202
-0.5,eval,random,9,net,c002,0.4152507781982422,-0.0032329559326171875,0.0010440175343925755,0.615797738234202
-0.5,eval,random,9,net,c023,0.33362865447998047,-0.0038824081420898438,0.0010440175343925755,0.615797738234202
-0.5,eval,random,9,net,c046,0.28339703877766925,-0.002854983011881529,0.0010440175343925755,0.615797738234202
-0.5,eval,random,9,net,c022,0.1031023661295573,-0.008420308430989579,0.0010440175343925755,0.615797738234202
-0.5,eval,random,9,net,c050,0.47738297780354816,-0.013100306193033873,0.0010440175343925755,0.615797738234202
-0.5,eval,random,9,net,c006,0.35816478729248047,-0.0050106048583984375,0.0010440175343925755,0.615797738234202
-0.5,eval,random,9,net,c017,0.5181786219278971,-0.01610310872395837,0.0010440175343925755,0.615797738234202
-0.5,eval,random,9,net,c039,0.0864728291829427,0.006025632222493485,0.0010440175343925755,0.615797738234202
-0.5,eval,random,9,net,c036,0.1032571792602539,-0.000156402587890625,0.0010440175343925755,0.615797738234202
-0.5,eval,random,9,net,c009,0.20987256368001303,0.015487035115559905,0.0010440175343925755,0.615797738234202
-0.5,eval,random,9,net,c000,0.20848814646402994,-0.00257428487141928,0.0010440175343925755,0.615797738234202
-0.5,eval,random,9,net,c013,0.13356399536132812,0.002552032470703125,0.0010440175343925755,0.615797738234202
-0.5,eval,random,9,net,c049,0.021691322326660156,0.014780044555664062,0.0010440175343925755,0.615797738234202
-0.5,eval,random,9,net,c058,0.04872353871663412,0.004834493001302086,0.0010440175343925755,0.615797738234202
-0.5,eval,random,9,net,c024,0.2613391876220703,-0.003993988037109375,0.0010440175343925755,0.615797738234202
-0.5,eval,random,9,net,c042,0.13390382130940756,0.0017073949178059988,0.0010440175343925755,0.615797738234202
-0.5,eval,random,9,net,c047,0.31145668029785156,-0.01285552978515625,0.0010440175343925755,0.615797738234202
-0.5,eval,random,9,net,c043,0.26512908935546875,0.003582000732421875,0.0010440175343925755,0.615797738234202
-0.5,eval,random,9,net,c003,0.2083012262980143,-0.001433690388997405,0.0010440175343925755,0.615797738234202
-0.5,eval,random,9,net,c041,0.21159648895263672,0.008863449096679688,0.0010440175343925755,0.615797738234202
-0.5,eval,random,9,net,c008,0.13104883829752603,-0.0019534428914388113,0.0010440175343925755,0.615797738234202
-0.5,eval,random,9,net,c045,0.22400124867757162,0.0021489461263020926,0.0010440175343925755,0.615797738234202
-0.5,eval,random,9,net,c011,0.1622441609700521,0.0025800069173177176,0.0010440175343925755,0.615797738234202
-0.5,eval,random,9,net,c020,0.4379733403523763,-0.009125391642252623,0.0010440175343925755,0.615797738234202
-0.5,eval,random,9,net,c044,0.011981328328450521,-7.788340250650984e-05,0.0010440175343925755,0.615797738234202
-0.5,eval,random,9,net,c016,0.33642228444417316,-0.007913271586100279,0.0010440175343925755,0.615797738234202
-0.5,eval,random,9,net,c056,0.1934808095296224,-0.00453631083170572,0.0010440175343925755,0.615797738234202
-0.5,eval,random,9,net,c025,0.13837464650472006,0.0007747014363606863,0.0010440175343925755,0.615797738234202
-0.5,eval,random,9,net,c029,0.3615420659383138,0.016675313313802065,0.0010440175343925755,0.615797738234202
-0.5,eval,random,9,net,c014,0.09737714131673177,0.00124581654866536,0.0010440175343925755,0.615797738234202
-0.5,eval,random,9,net,c002,0.32802263895670575,-0.002092679341634096,0.0010440175343925755,0.615797738234202
-0.5,eval,random,9,net,c023,0.5877723693847656,-0.022729873657226562,0.0010440175343925755,0.615797738234202
-0.5,eval,random,9,net,c046,0.1831204096476237,0.011210123697916657,0.0010440175343925755,0.615797738234202
-0.5,eval,random,9,net,c022,0.4353535970052083,-0.008840243021647154,0.0010440175343925755,0.615797738234202
-0.5,eval,random,9,net,c050,0.3659648895263672,-0.006678581237792969,0.0010440175343925755,0.615797738234202
0.0,eval,d,9,net,c006,0.3016080856323242,0.0,0.0,0.6113399863243103
0.0,eval,d,9,net,c017,-0.005198478698730469,0.0,0.0,0.6113399863243103
0.0,eval,d,9,net,c039,0.28604698181152344,0.0,0.0,0.6113399863243103
0.0,eval,d,9,net,c036,0.1252117156982422,0.0,0.0,0.6113399863243103
0.0,eval,d,9,net,c009,-0.11551380157470703,0.0,0.0,0.6113399863243103
0.0,eval,d,9,net,c000,0.2519521713256836,0.0,0.0,0.6113399863243103
0.0,eval,d,9,net,c013,0.333587646484375,0.0,0.0,0.6113399863243103
0.0,eval,d,9,net,c049,0.11709880828857422,0.0,0.0,0.6113399863243103
0.0,eval,d,9,net,c058,0.1773834228515625,0.0,0.0,0.6113399863243103
0.0,eval,d,9,net,c024,0.3094167709350586,0.0,0.0,0.6113399863243103
0.0,eval,d,9,net,c042,0.23335552215576172,0.0,0.0,0.6113399863243103
0.0,eval,d,9,net,c047,0.29873085021972656,0.0,0.0,0.6113399863243103
0.0,eval,d,9,net,c043,0.15038490295410156,0.0,0.0,0.6113399863243103
0.0,eval,d,9,net,c003,0.3538627624511719,0.0,0.0,0.6113399863243103
0.0,eval,d,9,net,c041,0.0851449966430664,0.0,0.0,0.6113399863243103
0.0,eval,d,9,net,c008,-0.24223613739013672,0.0,0.0,0.6113399863243103
0.0,eval,d,9,net,c045,0.34871864318847656,0.0,0.0,0.6113399863243103
0.0,eval,d,9,net,c011,0.19987106323242188,0.0,0.0,0.6113399863243103
0.0,eval,d,9,net,c020,0.5036354064941406,0.0,0.0,0.6113399863243103
0.0,eval,d,9,net,c044,0.2949666976928711,0.0,0.0,0.6113399863243103
0.0,eval,d,9,net,c016,0.27327632904052734,0.0,0.0,0.6113399863243103
0.0,eval,d,9,net,c056,0.38849449157714844,0.0,0.0,0.6113399863243103
0.0,eval,d,9,net,c025,0.26805877685546875,0.0,0.0,0.6113399863243103
0.0,eval,d,9,net,c029,0.11350631713867188,0.0,0.0,0.6113399863243103
0.0,eval,d,9,net,c014,0.06611061096191406,0.0,0.0,0.6113399863243103
0.0,eval,d,9,net,c002,0.4184837341308594,0.0,0.0,0.6113399863243103
0.0,eval,d,9,net,c023,0.3375110626220703,0.0,0.0,0.6113399863243103
0.0,eval,d,9,net,c046,0.2862520217895508,0.0,0.0,0.6113399863243103
0.0,eval,d,9,net,c022,0.11152267456054688,0.0,0.0,0.6113399863243103
0.0,eval,d,9,net,c050,0.49048328399658203,0.0,0.0,0.6113399863243103
0.0,eval,d,9,net,c006,0.3631753921508789,0.0,0.0,0.6113399863243103
0.0,eval,d,9,net,c017,0.5342817306518555,0.0,0.0,0.6113399863243103
0.0,eval,d,9,net,c039,0.08044719696044922,0.0,0.0,0.6113399863243103
0.0,eval,d,9,net,c036,0.10341358184814453,0.0,0.0,0.6113399863243103
0.0,eval,d,9,net,c009,0.19438552856445312,0.0,0.0,0.6113399863243103
0.0,eval,d,9,net,c000,0.21106243133544922,0.0,0.0,0.6113399863243103
0.0,eval,d,9,net,c013,0.131011962890625,0.0,0.0,0.6113399863243103
0.0,eval,d,9,net,c049,0.006911277770996094,0.0,0.0,0.6113399863243103
0.0,eval,d,9,net,c058,0.04388904571533203,0.0,0.0,0.6113399863243103
0.0,eval,d,9,net,c024,0.2653331756591797,0.0,0.0,0.6113399863243103
0.0,eval,d,9,net,c042,0.13219642639160156,0.0,0.0,0.6113399863243103
0.0,eval,d,9,net,c047,0.3243122100830078,0.0,0.0,0.6113399863243103
0.0,eval,d,9,net,c043,0.2615470886230469,0.0,0.0,0.6113399863243103
0.0,eval,d,9,net,c003,0.20973491668701172,0.0,0.0,0.6113399863243103
0.0,eval,d,9,net,c041,0.20273303985595703,0.0,0.0,0.6113399863243103
0.0,eval,d,9,net,c008,0.13300228118896484,0.0,0.0,0.6113399863243103
0.0,eval,d,9,net,c045,0.22185230255126953,0.0,0.0,0.6113399863243103
0.0,eval,d,9,net,c011,0.15966415405273438,0.0,0.0,0.6113399863243103
0.0,eval,d,9,net,c020,0.4470987319946289,0.0,0.0,0.6113399863243103
0.0,eval,d,9,net,c044,0.012059211730957031,0.0,0.0,0.6113399863243103
0.0,eval,d,9,net,c016,0.34433555603027344,0.0,0.0,0.6113399863243103
0.0,eval,d,9,net,c056,0.19801712036132812,0.0,0.0,0.6113399863243103
0.0,eval,d,9,net,c025,0.13759994506835938,0.0,0.0,0.6113399863243103
0.0,eval,d,9,net,c029,0.3448667526245117,0.0,0.0,0.6113399863243103
0.0,eval,d,9,net,c014,0.0961313247680664,0.0,0.0,0.6113399863243103
0.0,eval,d,9,net,c002,0.33011531829833984,0.0,0.0,0.6113399863243103
0.0,eval,d,9,net,c023,0.6105022430419922,0.0,0.0,0.6113399863243103
0.0,eval,d,9,net,c046,0.17191028594970703,0.0,0.0,0.6113399863243103
0.0,eval,d,9,net,c022,0.44419384002685547,0.0,0.0,0.6113399863243103
0.0,eval,d,9,net,c050,0.37264347076416016,0.0,0.0,0.6113399863243103
0.0,deploy,d,9,net,c006,0.020832061767578125,0.0,0.0,0.5742634534835815
0.0,deploy,d,9,net,c017,0.004970550537109375,0.0,0.0,0.5742634534835815
0.0,deploy,d,9,net,c039,-0.23579883575439453,0.0,0.0,0.5742634534835815
0.0,deploy,d,9,net,c036,-0.012431144714355469,0.0,0.0,0.5742634534835815
0.0,deploy,d,9,net,c009,-0.21528148651123047,0.0,0.0,0.5742634534835815
0.0,deploy,d,9,net,c000,0.0728464126586914,0.0,0.0,0.5742634534835815
0.0,deploy,d,9,net,c013,-0.020517349243164062,0.0,0.0,0.5742634534835815
0.0,deploy,d,9,net,c049,-0.26387786865234375,0.0,0.0,0.5742634534835815
0.0,deploy,d,9,net,c058,-0.0775308609008789,0.0,0.0,0.5742634534835815
0.0,deploy,d,9,net,c024,0.022718429565429688,0.0,0.0,0.5742634534835815
0.0,deploy,d,9,net,c042,0.0739278793334961,0.0,0.0,0.5742634534835815
0.0,deploy,d,9,net,c047,-0.09921932220458984,0.0,0.0,0.5742634534835815
0.0,deploy,d,9,net,c043,-0.019342422485351562,0.0,0.0,0.5742634534835815
0.0,deploy,d,9,net,c003,0.01912212371826172,0.0,0.0,0.5742634534835815
0.0,deploy,d,9,net,c041,0.08287429809570312,0.0,0.0,0.5742634534835815
0.0,deploy,d,9,net,c008,-0.5053625106811523,0.0,0.0,0.5742634534835815
0.0,deploy,d,9,net,c045,0.07036781311035156,0.0,0.0,0.5742634534835815
0.0,deploy,d,9,net,c011,0.028665542602539062,0.0,0.0,0.5742634534835815
0.0,deploy,d,9,net,c020,0.1832733154296875,0.0,0.0,0.5742634534835815
0.0,deploy,d,9,net,c044,-0.0008945465087890625,0.0,0.0,0.5742634534835815
0.0,deploy,d,9,net,c016,0.052967071533203125,0.0,0.0,0.5742634534835815
0.0,deploy,d,9,net,c056,0.11638259887695312,0.0,0.0,0.5742634534835815
0.0,deploy,d,9,net,c025,0.08597373962402344,0.0,0.0,0.5742634534835815
0.0,deploy,d,9,net,c029,-0.015195846557617188,0.0,0.0,0.5742634534835815
0.0,deploy,d,9,net,c014,-0.0025663375854492188,0.0,0.0,0.5742634534835815
0.0,deploy,d,9,net,c002,0.09083938598632812,0.0,0.0,0.5742634534835815
0.0,deploy,d,9,net,c023,0.042618751525878906,0.0,0.0,0.5742634534835815
0.0,deploy,d,9,net,c046,0.22525596618652344,0.0,0.0,0.5742634534835815
0.0,deploy,d,9,net,c022,0.1709728240966797,0.0,0.0,0.5742634534835815
0.0,deploy,d,9,net,c050,0.10285663604736328,0.0,0.0,0.5742634534835815
0.0,deploy,d,9,net,c006,0.017823219299316406,0.0,0.0,0.5742634534835815
0.0,deploy,d,9,net,c017,-0.02182483673095703,0.0,0.0,0.5742634534835815
0.0,deploy,d,9,net,c039,-0.2451181411743164,0.0,0.0,0.5742634534835815
0.0,deploy,d,9,net,c036,-0.06005287170410156,0.0,0.0,0.5742634534835815
0.0,deploy,d,9,net,c009,-0.19097042083740234,0.0,0.0,0.5742634534835815
0.0,deploy,d,9,net,c000,0.2042226791381836,0.0,0.0,0.5742634534835815
0.0,deploy,d,9,net,c013,0.02779674530029297,0.0,0.0,0.5742634534835815
0.0,deploy,d,9,net,c049,-0.5244989395141602,0.0,0.0,0.5742634534835815
0.0,deploy,d,9,net,c058,0.02795124053955078,0.0,0.0,0.5742634534835815
0.0,deploy,d,9,net,c024,0.12201404571533203,0.0,0.0,0.5742634534835815
0.0,deploy,d,9,net,c042,0.07889556884765625,0.0,0.0,0.5742634534835815
0.0,deploy,d,9,net,c047,-0.08669185638427734,0.0,0.0,0.5742634534835815
0.0,deploy,d,9,net,c043,0.23190784454345703,0.0,0.0,0.5742634534835815
0.0,deploy,d,9,net,c003,0.06294059753417969,0.0,0.0,0.5742634534835815
0.0,deploy,d,9,net,c041,-0.19772911071777344,0.0,0.0,0.5742634534835815
0.0,deploy,d,9,net,c008,-0.18228530883789062,0.0,0.0,0.5742634534835815
0.0,deploy,d,9,net,c045,0.29471683502197266,0.0,0.0,0.5742634534835815
0.0,deploy,d,9,net,c011,0.026877403259277344,0.0,0.0,0.5742634534835815
0.0,deploy,d,9,net,c020,0.12048530578613281,0.0,0.0,0.5742634534835815
0.0,deploy,d,9,net,c044,-0.09829998016357422,0.0,0.0,0.5742634534835815
0.0,deploy,d,9,net,c016,0.12425613403320312,0.0,0.0,0.5742634534835815
0.0,deploy,d,9,net,c056,0.1462869644165039,0.0,0.0,0.5742634534835815
0.0,deploy,d,9,net,c025,0.08982276916503906,0.0,0.0,0.5742634534835815
0.0,deploy,d,9,net,c029,-0.1748037338256836,0.0,0.0,0.5742634534835815
0.0,deploy,d,9,net,c014,-0.14232635498046875,0.0,0.0,0.5742634534835815
0.0,deploy,d,9,net,c002,0.19704341888427734,0.0,0.0,0.5742634534835815
0.0,deploy,d,9,net,c023,0.0029077529907226562,0.0,0.0,0.5742634534835815
0.0,deploy,d,9,net,c046,0.008388519287109375,0.0,0.0,0.5742634534835815
0.0,deploy,d,9,net,c022,0.11044025421142578,0.0,0.0,0.5742634534835815
0.0,deploy,d,9,net,c050,0.11021614074707031,0.0,0.0,0.5742634534835815
0.5,eval,d,9,net,c006,0.30469799041748047,0.00308990478515625,0.005112617742270231,0.5855070948600769
0.5,eval,d,9,net,c017,0.04243278503417969,0.047631263732910156,0.005112617742270231,0.5855070948600769
0.5,eval,d,9,net,c039,0.31362056732177734,0.027573585510253906,0.005112617742270231,0.5855070948600769
0.5,eval,d,9,net,c036,0.14920330047607422,0.02399158477783203,0.005112617742270231,0.5855070948600769
0.5,eval,d,9,net,c009,-0.08697319030761719,0.028540611267089844,0.005112617742270231,0.5855070948600769
0.5,eval,d,9,net,c000,0.26444244384765625,0.012490272521972656,0.005112617742270231,0.5855070948600769
0.5,eval,d,9,net,c013,0.36992645263671875,0.03633880615234375,0.005112617742270231,0.5855070948600769
0.5,eval,d,9,net,c049,0.14018726348876953,0.023088455200195312,0.005112617742270231,0.5855070948600769
0.5,eval,d,9,net,c058,0.19604873657226562,0.018665313720703125,0.005112617742270231,0.5855070948600769
0.5,eval,d,9,net,c024,0.33336639404296875,0.023949623107910156,0.005112617742270231,0.5855070948600769
0.5,eval,d,9,net,c042,0.24738216400146484,0.014026641845703125,0.005112617742270231,0.5855070948600769
0.5,eval,d,9,net,c047,0.32465076446533203,0.02591991424560547,0.005112617742270231,0.5855070948600769
0.5,eval,d,9,net,c043,0.1911334991455078,0.04074859619140625,0.005112617742270231,0.5855070948600769
0.5,eval,d,9,net,c003,0.3452119827270508,-0.008650779724121094,0.005112617742270231,0.5855070948600769
0.5,eval,d,9,net,c041,0.1214914321899414,0.036346435546875,0.005112617742270231,0.5855070948600769
0.5,eval,d,9,net,c008,-0.1763925552368164,0.06584358215332031,0.005112617742270231,0.5855070948600769
0.5,eval,d,9,net,c045,0.37647533416748047,0.027756690979003906,0.005112617742270231,0.5855070948600769
0.5,eval,d,9,net,c011,0.23057842254638672,0.030707359313964844,0.005112617742270231,0.5855070948600769
0.5,eval,d,9,net,c020,0.5038881301879883,0.00025272369384765625,0.005112617742270231,0.5855070948600769
0.5,eval,d,9,net,c044,0.3291749954223633,0.03420829772949219,0.005112617742270231,0.5855070948600769
0.5,eval,d,9,net,c016,0.27889156341552734,0.005615234375,0.005112617742270231,0.5855070948600769
0.5,eval,d,9,net,c056,0.3983287811279297,0.00983428955078125,0.005112617742270231,0.5855070948600769
0.5,eval,d,9,net,c025,0.28873443603515625,0.0206756591796875,0.005112617742270231,0.5855070948600769
0.5,eval,d,9,net,c029,0.11359214782714844,8.58306884765625e-05,0.005112617742270231,0.5855070948600769
0.5,eval,d,9,net,c014,0.11312389373779297,0.047013282775878906,0.005112617742270231,0.5855070948600769
0.5,eval,d,9,net,c002,0.4112873077392578,-0.0071964263916015625,0.005112617742270231,0.5855070948600769
0.5,eval,d,9,net,c023,0.3584280014038086,0.02091693878173828,0.005112617742270231,0.5855070948600769
0.5,eval,d,9,net,c046,0.2915477752685547,0.005295753479003906,0.005112617742270231,0.5855070948600769
0.5,eval,d,9,net,c022,0.1391429901123047,0.027620315551757812,0.005112617742270231,0.5855070948600769
0.5,eval,d,9,net,c050,0.49208736419677734,0.0016040802001953125,0.005112617742270231,0.5855070948600769
0.5,eval,d,9,net,c006,0.35227203369140625,-0.010903358459472656,0.005112617742270231,0.5855070948600769
0.5,eval,d,9,net,c017,0.5465335845947266,0.012251853942871094,0.005112617742270231,0.5855070948600769
0.5,eval,d,9,net,c039,0.10751914978027344,0.02707195281982422,0.005112617742270231,0.5855070948600769
0.5,eval,d,9,net,c036,0.12193489074707031,0.01852130889892578,0.005112617742270231,0.5855070948600769
0.5,eval,d,9,net,c009,0.2153167724609375,0.020931243896484375,0.005112617742270231,0.5855070948600769
0.5,eval,d,9,net,c000,0.22854137420654297,0.01747894287109375,0.005112617742270231,0.5855070948600769
0.5,eval,d,9,net,c013,0.16654586791992188,0.035533905029296875,0.005112617742270231,0.5855070948600769
0.5,eval,d,9,net,c049,0.03261375427246094,0.025702476501464844,0.005112617742270231,0.5855070948600769
0.5,eval,d,9,net,c058,0.062091827392578125,0.018202781677246094,0.005112617742270231,0.5855070948600769
0.5,eval,d,9,net,c024,0.26763439178466797,0.0023012161254882812,0.005112617742270231,0.5855070948600769
0.5,eval,d,9,net,c042,0.1648092269897461,0.03261280059814453,0.005112617742270231,0.5855070948600769
0.5,eval,d,9,net,c047,0.33312034606933594,0.008808135986328125,0.005112617742270231,0.5855070948600769
0.5,eval,d,9,net,c043,0.2821388244628906,0.02059173583984375,0.005112617742270231,0.5855070948600769
0.5,eval,d,9,net,c003,0.22792434692382812,0.018189430236816406,0.005112617742270231,0.5855070948600769
0.5,eval,d,9,net,c041,0.2207193374633789,0.017986297607421875,0.005112617742270231,0.5855070948600769
0.5,eval,d,9,net,c008,0.16368961334228516,0.030687332153320312,0.005112617742270231,0.5855070948600769
0.5,eval,d,9,net,c045,0.24843215942382812,0.026579856872558594,0.005112617742270231,0.5855070948600769
0.5,eval,d,9,net,c011,0.19533157348632812,0.03566741943359375,0.005112617742270231,0.5855070948600769
0.5,eval,d,9,net,c020,0.4381227493286133,-0.008975982666015625,0.005112617742270231,0.5855070948600769
0.5,eval,d,9,net,c044,0.049521446228027344,0.03746223449707031,0.005112617742270231,0.5855070948600769
0.5,eval,d,9,net,c016,0.3378734588623047,-0.00646209716796875,0.005112617742270231,0.5855070948600769
0.5,eval,d,9,net,c056,0.22669315338134766,0.02867603302001953,0.005112617742270231,0.5855070948600769
0.5,eval,d,9,net,c025,0.15519428253173828,0.017594337463378906,0.005112617742270231,0.5855070948600769
0.5,eval,d,9,net,c029,0.34668636322021484,0.001819610595703125,0.005112617742270231,0.5855070948600769
0.5,eval,d,9,net,c014,0.13060760498046875,0.034476280212402344,0.005112617742270231,0.5855070948600769
0.5,eval,d,9,net,c002,0.3503847122192383,0.020269393920898438,0.005112617742270231,0.5855070948600769
0.5,eval,d,9,net,c023,0.6032886505126953,-0.007213592529296875,0.005112617742270231,0.5855070948600769
0.5,eval,d,9,net,c046,0.1765584945678711,0.0046482086181640625,0.005112617742270231,0.5855070948600769
0.5,eval,d,9,net,c022,0.44584178924560547,0.00164794921875,0.005112617742270231,0.5855070948600769
0.5,eval,d,9,net,c050,0.36243247985839844,-0.010210990905761719,0.005112617742270231,0.5855070948600769
0.5,deploy,d,9,net,c006,0.069732666015625,0.048900604248046875,0.0034663935657590628,0.5411608219146729
0.5,deploy,d,9,net,c017,0.06912899017333984,0.06415843963623047,0.0034663935657590628,0.5411608219146729
0.5,deploy,d,9,net,c039,-0.1632366180419922,0.07256221771240234,0.0034663935657590628,0.5411608219146729
0.5,deploy,d,9,net,c036,0.03540611267089844,0.047837257385253906,0.0034663935657590628,0.5411608219146729
0.5,deploy,d,9,net,c009,-0.15504074096679688,0.060240745544433594,0.0034663935657590628,0.5411608219146729
0.5,deploy,d,9,net,c000,0.1123037338256836,0.03945732116699219,0.0034663935657590628,0.5411608219146729
0.5,deploy,d,9,net,c013,0.035388946533203125,0.05590629577636719,0.0034663935657590628,0.5411608219146729
0.5,deploy,d,9,net,c049,-0.22010135650634766,0.043776512145996094,0.0034663935657590628,0.5411608219146729
0.5,deploy,d,9,net,c058,-0.055069923400878906,0.0224609375,0.0034663935657590628,0.5411608219146729
0.5,deploy,d,9,net,c024,0.0839242935180664,0.06120586395263672,0.0034663935657590628,0.5411608219146729
0.5,deploy,d,9,net,c042,0.11576366424560547,0.041835784912109375,0.0034663935657590628,0.5411608219146729
0.5,deploy,d,9,net,c047,-0.02884674072265625,0.0703725814819336,0.0034663935657590628,0.5411608219146729
0.5,deploy,d,9,net,c043,0.04418468475341797,0.06352710723876953,0.0034663935657590628,0.5411608219146729
0.5,deploy,d,9,net,c003,0.057700157165527344,0.038578033447265625,0.0034663935657590628,0.5411608219146729
0.5,deploy,d,9,net,c041,0.1335134506225586,0.05063915252685547,0.0034663935657590628,0.5411608219146729
0.5,deploy,d,9,net,c008,-0.41094017028808594,0.0944223403930664,0.0034663935657590628,0.5411608219146729
0.5,deploy,d,9,net,c045,0.11775684356689453,0.04738903045654297,0.0034663935657590628,0.5411608219146729
0.5,deploy,d,9,net,c011,0.10310649871826172,0.07444095611572266,0.0034663935657590628,0.5411608219146729
0.5,deploy,d,9,net,c020,0.2165203094482422,0.03324699401855469,0.0034663935657590628,0.5411608219146729
0.5,deploy,d,9,net,c044,0.06444358825683594,0.065338134765625,0.0034663935657590628,0.5411608219146729
0.5,deploy,d,9,net,c016,0.09199810028076172,0.039031028747558594,0.0034663935657590628,0.5411608219146729
0.5,deploy,d,9,net,c056,0.1546640396118164,0.03828144073486328,0.0034663935657590628,0.5411608219146729
0.5,deploy,d,9,net,c025,0.1297159194946289,0.04374217987060547,0.0034663935657590628,0.5411608219146729
0.5,deploy,d,9,net,c029,0.005107879638671875,0.020303726196289062,0.0034663935657590628,0.5411608219146729
0.5,deploy,d,9,net,c014,0.045379638671875,0.04794597625732422,0.0034663935657590628,0.5411608219146729
0.5,deploy,d,9,net,c002,0.14223766326904297,0.051398277282714844,0.0034663935657590628,0.5411608219146729
0.5,deploy,d,9,net,c023,0.10259532928466797,0.05997657775878906,0.0034663935657590628,0.5411608219146729
0.5,deploy,d,9,net,c046,0.2612142562866211,0.035958290100097656,0.0034663935657590628,0.5411608219146729
0.5,deploy,d,9,net,c022,0.19305706024169922,0.02208423614501953,0.0034663935657590628,0.5411608219146729
0.5,deploy,d,9,net,c050,0.14487457275390625,0.04201793670654297,0.0034663935657590628,0.5411608219146729
0.5,deploy,d,9,net,c006,0.06607437133789062,0.04825115203857422,0.0034663935657590628,0.5411608219146729
0.5,deploy,d,9,net,c017,0.039638519287109375,0.061463356018066406,0.0034663935657590628,0.5411608219146729
0.5,deploy,d,9,net,c039,-0.18685531616210938,0.05826282501220703,0.0034663935657590628,0.5411608219146729
0.5,deploy,d,9,net,c036,-0.00910186767578125,0.05095100402832031,0.0034663935657590628,0.5411608219146729
0.5,deploy,d,9,net,c009,-0.15469741821289062,0.03627300262451172,0.0034663935657590628,0.5411608219146729
0.5,deploy,d,9,net,c000,0.24002552032470703,0.03580284118652344,0.0034663935657590628,0.5411608219146729
0.5,deploy,d,9,net,c013,0.0775899887084961,0.049793243408203125,0.0034663935657590628,0.5411608219146729
0.5,deploy,d,9,net,c049,-0.45418643951416016,0.0703125,0.0034663935657590628,0.5411608219146729
0.5,deploy,d,9,net,c058,0.04798412322998047,0.020032882690429688,0.0034663935657590628,0.5411608219146729
0.5,deploy,d,9,net,c024,0.1516437530517578,0.02962970733642578,0.0034663935657590628,0.5411608219146729
0.5,deploy,d,9,net,c042,0.13530445098876953,0.05640888214111328,0.0034663935657590628,0.5411608219146729
0.5,deploy,d,9,net,c047,-0.033171653747558594,0.05352020263671875,0.0034663935657590628,0.5411608219146729
0.5,deploy,d,9,net,c043,0.27803897857666016,0.046131134033203125,0.0034663935657590628,0.5411608219146729
0.5,deploy,d,9,net,c003,0.10454463958740234,0.041604042053222656,0.0034663935657590628,0.5411608219146729
0.5,deploy,d,9,net,c041,-0.12123870849609375,0.07649040222167969,0.0034663935657590628,0.5411608219146729
0.5,deploy,d,9,net,c008,-0.1343984603881836,0.04788684844970703,0.0034663935657590628,0.5411608219146729
0.5,deploy,d,9,net,c045,0.33617687225341797,0.04146003723144531,0.0034663935657590628,0.5411608219146729
0.5,deploy,d,9,net,c011,0.07811832427978516,0.05124092102050781,0.0034663935657590628,0.5411608219146729
0.5,deploy,d,9,net,c020,0.16220760345458984,0.04172229766845703,0.0034663935657590628,0.5411608219146729
0.5,deploy,d,9,net,c044,-0.021930694580078125,0.0763692855834961,0.0034663935657590628,0.5411608219146729
0.5,deploy,d,9,net,c016,0.14920425415039062,0.0249481201171875,0.0034663935657590628,0.5411608219146729
0.5,deploy,d,9,net,c056,0.18670177459716797,0.04041481018066406,0.0034663935657590628,0.5411608219146729
0.5,deploy,d,9,net,c025,0.1348552703857422,0.045032501220703125,0.0034663935657590628,0.5411608219146729
0.5,deploy,d,9,net,c029,-0.1376657485961914,0.03713798522949219,0.0034663935657590628,0.5411608219146729
0.5,deploy,d,9,net,c014,-0.06318092346191406,0.07914543151855469,0.0034663935657590628,0.5411608219146729
0.5,deploy,d,9,net,c002,0.23689556121826172,0.039852142333984375,0.0034663935657590628,0.5411608219146729
0.5,deploy,d,9,net,c023,0.06354999542236328,0.060642242431640625,0.0034663935657590628,0.5411608219146729
0.5,deploy,d,9,net,c046,0.052062034606933594,0.04367351531982422,0.0034663935657590628,0.5411608219146729
0.5,deploy,d,9,net,c022,0.15612125396728516,0.045680999755859375,0.0034663935657590628,0.5411608219146729
0.5,deploy,d,9,net,c050,0.15009498596191406,0.03987884521484375,0.0034663935657590628,0.5411608219146729
0.5,eval,random,9,net,c006,0.3072395324707031,0.005631446838378906,0.0011392338395429154,0.6049550970395406
0.5,eval,random,9,net,c017,0.004110654195149739,0.009309132893880207,0.0011392338395429154,0.6049550970395406
0.5,eval,random,9,net,c039,0.2623341878255208,-0.023712793986002623,0.0011392338395429154,0.6049550970395406
0.5,eval,random,9,net,c036,0.12705294291178384,0.0018412272135416574,0.0011392338395429154,0.6049550970395406
0.5,eval,random,9,net,c009,-0.1421686808268229,-0.026654879252115876,0.0011392338395429154,0.6049550970395406
0.5,eval,random,9,net,c000,0.2580893834431966,0.006137212117513002,0.0011392338395429154,0.6049550970395406
0.5,eval,random,9,net,c013,0.3487847646077474,0.015197118123372377,0.0011392338395429154,0.6049550970395406
0.5,eval,random,9,net,c049,0.10698636372884114,-0.010112444559733078,0.0011392338395429154,0.6049550970395406
0.5,eval,random,9,net,c058,0.15981038411458334,-0.017573038736979157,0.0011392338395429154,0.6049550970395406
0.5,eval,random,9,net,c024,0.31610107421875,0.006684303283691406,0.0011392338395429154,0.6049550970395406
0.5,eval,random,9,net,c042,0.22326882680257162,-0.010086695353190095,0.0011392338395429154,0.6049550970395406
0.5,eval,random,9,net,c047,0.2879921595255534,-0.010738690694173159,0.0011392338395429154,0.6049550970395406
0.5,eval,random,9,net,c043,0.11112499237060547,-0.039259910583496094,0.0011392338395429154,0.6049550970395406
0.5,eval,random,9,net,c003,0.35436757405598956,0.0005048116048176898,0.0011392338395429154,0.6049550970395406
0.5,eval,random,9,net,c041,0.07894611358642578,-0.006198883056640625,0.0011392338395429154,0.6049550970395406
0.5,eval,random,9,net,c008,-0.2735557556152344,-0.031319618225097656,0.0011392338395429154,0.6049550970395406
0.5,eval,random,9,net,c045,0.35999298095703125,0.011274337768554688,0.0011392338395429154,0.6049550970395406
0.5,eval,random,9,net,c011,0.20749282836914062,0.00762176513671875,0.0011392338395429154,0.6049550970395406
0.5,eval,random,9,net,c020,0.5225690205891927,0.01893361409505212,0.0011392338395429154,0.6049550970395406
0.5,eval,random,9,net,c044,0.30605729420979816,0.011090596516927065,0.0011392338395429154,0.6049550970395406
0.5,eval,random,9,net,c016,0.2754913965861003,0.002215067545572935,0.0011392338395429154,0.6049550970395406
0.5,eval,random,9,net,c056,0.39247894287109375,0.0039844512939453125,0.0011392338395429154,0.6049550970395406
0.5,eval,random,9,net,c025,0.2749061584472656,0.006847381591796875,0.0011392338395429154,0.6049550970395406
0.5,eval,random,9,net,c029,0.10450458526611328,-0.009001731872558594,0.0011392338395429154,0.6049550970395406
0.5,eval,random,9,net,c014,0.03516864776611328,-0.03094196319580078,0.0011392338395429154,0.6049550970395406
0.5,eval,random,9,net,c002,0.41270796457926434,-0.005775769551595034,0.0011392338395429154,0.6049550970395406
0.5,eval,random,9,net,c023,0.33233292897542316,-0.005178133646647154,0.0011392338395429154,0.6049550970395406
0.5,eval,random,9,net,c046,0.27904637654622394,-0.007205645243326841,0.0011392338395429154,0.6049550970395406
0.5,eval,random,9,net,c022,0.11418787638346355,0.0026652018229166713,0.0011392338395429154,0.6049550970395406
0.5,eval,random,9,net,c050,0.49462445576985675,0.004141171773274721,0.0011392338395429154,0.6049550970395406
0.5,eval,random,9,net,c006,0.3611001968383789,-0.0020751953125,0.0011392338395429154,0.6049550970395406
0.5,eval,random,9,net,c017,0.5418856938680013,0.00760396321614587,0.0011392338395429154,0.6049550970395406
0.5,eval,random,9,net,c039,0.06806627909342448,-0.012380917867024735,0.0011392338395429154,0.6049550970395406
0.5,eval,random,9,net,c036,0.09406280517578125,-0.009350776672363281,0.0011392338395429154,0.6049550970395406
0.5,eval,random,9,net,c009,0.1709740956624349,-0.02341143290201822,0.0011392338395429154,0.6049550970395406
0.5,eval,random,9,net,c000,0.20781326293945312,-0.0032491683959960938,0.0011392338395429154,0.6049550970395406
0.5,eval,random,9,net,c013,0.12388102213541667,-0.007130940755208329,0.0011392338395429154,0.6049550970395406
0.5,eval,random,9,net,c049,-0.011486053466796875,-0.01839733123779297,0.0011392338395429154,0.6049550970395406
0.5,eval,random,9,net,c058,0.03215726216634115,-0.011731783548990883,0.0011392338395429154,0.6049550970395406
0.5,eval,random,9,net,c024,0.2630573908487956,-0.002275784810384096,0.0011392338395429154,0.6049550970395406
0.5,eval,random,9,net,c042,0.12253697713216145,-0.009659449259440109,0.0011392338395429154,0.6049550970395406
0.5,eval,random,9,net,c047,0.3262736002604167,0.0019613901774088727,0.0011392338395429154,0.6049550970395406
0.5,eval,random,9,net,c043,0.2476806640625,-0.013866424560546875,0.0011392338395429154,0.6049550970395406
0.5,eval,random,9,net,c003,0.2020254135131836,-0.007709503173828125,0.0011392338395429154,0.6049550970395406
0.5,eval,random,9,net,c041,0.17978382110595703,-0.02294921875,0.0011392338395429154,0.6049550970395406
0.5,eval,random,9,net,c008,0.125703493754069,-0.007298787434895843,0.0011392338395429154,0.6049550970395406
0.5,eval,random,9,net,c045,0.2131786346435547,-0.008673667907714844,0.0011392338395429154,0.6049550970395406
0.5,eval,random,9,net,c011,0.15046151479085287,-0.009202639261881501,0.0011392338395429154,0.6049550970395406
0.5,eval,random,9,net,c020,0.447146733601888,4.800160725909608e-05,0.0011392338395429154,0.6049550970395406
0.5,eval,random,9,net,c044,0.004255930582682292,-0.007803281148274739,0.0011392338395429154,0.6049550970395406
0.5,eval,random,9,net,c016,0.345425287882487,0.0010897318522135602,0.0011392338395429154,0.6049550970395406
0.5,eval,random,9,net,c056,0.19532394409179688,-0.00269317626953125,0.0011392338395429154,0.6049550970395406
0.5,eval,random,9,net,c025,0.1265293757120768,-0.011070569356282561,0.0011392338395429154,0.6049550970395406
0.5,eval,random,9,net,c029,0.31704044342041016,-0.027826309204101562,0.0011392338395429154,0.6049550970395406
0.5,eval,random,9,net,c014,0.0894174575805664,-0.0067138671875,0.0011392338395429154,0.6049550970395406
0.5,eval,random,9,net,c002,0.32242679595947266,-0.0076885223388671875,0.0011392338395429154,0.6049550970395406
0.5,eval,random,9,net,c023,0.6205406188964844,0.010038375854492188,0.0011392338395429154,0.6049550970395406
0.5,eval,random,9,net,c046,0.1494906743367513,-0.02241961161295572,0.0011392338395429154,0.6049550970395406
0.5,eval,random,9,net,c022,0.437411626180013,-0.006782213846842466,0.0011392338395429154,0.6049550970395406
0.5,eval,random,9,net,c050,0.37318261464436847,0.0005391438802083148,0.0011392338395429154,0.6049550970395406
1.0,eval,d,9,net,c006,0.29730224609375,-0.004305839538574219,0.016149964183568954,0.5613601207733154
1.0,eval,d,9,net,c017,0.07578468322753906,0.08098316192626953,0.016149964183568954,0.5613601207733154
1.0,eval,d,9,net,c039,0.3311176300048828,0.045070648193359375,0.016149964183568954,0.5613601207733154
1.0,eval,d,9,net,c036,0.1632852554321289,0.03807353973388672,0.016149964183568954,0.5613601207733154
1.0,eval,d,9,net,c009,-0.06273555755615234,0.05277824401855469,0.016149964183568954,0.5613601207733154
1.0,eval,d,9,net,c000,0.2643146514892578,0.012362480163574219,0.016149964183568954,0.5613601207733154
1.0,eval,d,9,net,c013,0.38950157165527344,0.05591392517089844,0.016149964183568954,0.5613601207733154
1.0,eval,d,9,net,c049,0.1565074920654297,0.03940868377685547,0.016149964183568954,0.5613601207733154
1.0,eval,d,9,net,c058,0.20691967010498047,0.02953624725341797,0.016149964183568954,0.5613601207733154
1.0,eval,d,9,net,c024,0.3410072326660156,0.03159046173095703,0.016149964183568954,0.5613601207733154
1.0,eval,d,9,net,c042,0.2464151382446289,0.013059616088867188,0.016149964183568954,0.5613601207733154
1.0,eval,d,9,net,c047,0.3406257629394531,0.04189491271972656,0.016149964183568954,0.5613601207733154
1.0,eval,d,9,net,c043,0.21999263763427734,0.06960773468017578,0.016149964183568954,0.5613601207733154
1.0,eval,d,9,net,c003,0.32511043548583984,-0.02875232696533203,0.016149964183568954,0.5613601207733154
1.0,eval,d,9,net,c041,0.1393728256225586,0.05422782897949219,0.016149964183568954,0.5613601207733154
1.0,eval,d,9,net,c008,-0.11867618560791016,0.12355995178222656,0.016149964183568954,0.5613601207733154
1.0,eval,d,9,net,c045,0.3876838684082031,0.03896522521972656,0.016149964183568954,0.5613601207733154
1.0,eval,d,9,net,c011,0.24547672271728516,0.04560565948486328,0.016149964183568954,0.5613601207733154
1.0,eval,d,9,net,c020,0.48993873596191406,-0.013696670532226562,0.016149964183568954,0.5613601207733154
1.0,eval,d,9,net,c044,0.34593963623046875,0.050972938537597656,0.016149964183568954,0.5613601207733154
1.0,eval,d,9,net,c016,0.27374839782714844,0.00047206878662109375,0.016149964183568954,0.5613601207733154
1.0,eval,d,9,net,c056,0.3993206024169922,0.01082611083984375,0.016149964183568954,0.5613601207733154
1.0,eval,d,9,net,c025,0.29233741760253906,0.024278640747070312,0.016149964183568954,0.5613601207733154
1.0,eval,d,9,net,c029,0.10907268524169922,-0.004433631896972656,0.016149964183568954,0.5613601207733154
1.0,eval,d,9,net,c014,0.1479969024658203,0.08188629150390625,0.016149964183568954,0.5613601207733154
1.0,eval,d,9,net,c002,0.3965768814086914,-0.02190685272216797,0.016149964183568954,0.5613601207733154
1.0,eval,d,9,net,c023,0.36530208587646484,0.02779102325439453,0.016149964183568954,0.5613601207733154
1.0,eval,d,9,net,c046,0.28232574462890625,-0.003926277160644531,0.016149964183568954,0.5613601207733154
1.0,eval,d,9,net,c022,0.15113258361816406,0.03960990905761719,0.016149964183568954,0.5613601207733154
1.0,eval,d,9,net,c050,0.4846019744873047,-0.005881309509277344,0.016149964183568954,0.5613601207733154
1.0,eval,d,9,net,c006,0.3331794738769531,-0.02999591827392578,0.016149964183568954,0.5613601207733154
1.0,eval,d,9,net,c017,0.5494365692138672,0.015154838562011719,0.016149964183568954,0.5613601207733154
1.0,eval,d,9,net,c039,0.1293039321899414,0.04885673522949219,0.016149964183568954,0.5613601207733154
1.0,eval,d,9,net,c036,0.12274551391601562,0.019331932067871094,0.016149964183568954,0.5613601207733154
1.0,eval,d,9,net,c009,0.22619915008544922,0.031813621520996094,0.016149964183568954,0.5613601207733154
1.0,eval,d,9,net,c000,0.23168659210205078,0.020624160766601562,0.016149964183568954,0.5613601207733154
1.0,eval,d,9,net,c013,0.18593215942382812,0.054920196533203125,0.016149964183568954,0.5613601207733154
1.0,eval,d,9,net,c049,0.05302238464355469,0.046111106872558594,0.016149964183568954,0.5613601207733154
1.0,eval,d,9,net,c058,0.07086181640625,0.02697277069091797,0.016149964183568954,0.5613601207733154
1.0,eval,d,9,net,c024,0.2618389129638672,-0.0034942626953125,0.016149964183568954,0.5613601207733154
1.0,eval,d,9,net,c042,0.18214702606201172,0.049950599670410156,0.016149964183568954,0.5613601207733154
1.0,eval,d,9,net,c047,0.3295755386352539,0.005263328552246094,0.016149964183568954,0.5613601207733154
1.0,eval,d,9,net,c043,0.28858184814453125,0.027034759521484375,0.016149964183568954,0.5613601207733154
1.0,eval,d,9,net,c003,0.2320232391357422,0.02228832244873047,0.016149964183568954,0.5613601207733154
1.0,eval,d,9,net,c041,0.22005081176757812,0.017317771911621094,0.016149964183568954,0.5613601207733154
1.0,eval,d,9,net,c008,0.18467426300048828,0.05167198181152344,0.016149964183568954,0.5613601207733154
1.0,eval,d,9,net,c045,0.2593708038330078,0.03751850128173828,0.016149964183568954,0.5613601207733154
1.0,eval,d,9,net,c011,0.2166738510131836,0.05700969696044922,0.016149964183568954,0.5613601207733154
1.0,eval,d,9,net,c020,0.4203472137451172,-0.02675151824951172,0.016149964183568954,0.5613601207733154
1.0,eval,d,9,net,c044,0.06907176971435547,0.05701255798339844,0.016149964183568954,0.5613601207733154
1.0,eval,d,9,net,c016,0.3245248794555664,-0.01981067657470703,0.016149964183568954,0.5613601207733154
1.0,eval,d,9,net,c056,0.24156856536865234,0.04355144500732422,0.016149964183568954,0.5613601207733154
1.0,eval,d,9,net,c025,0.15563488006591797,0.018034934997558594,0.016149964183568954,0.5613601207733154
1.0,eval,d,9,net,c029,0.34188365936279297,-0.00298309326171875,0.016149964183568954,0.5613601207733154
1.0,eval,d,9,net,c014,0.14933300018310547,0.05320167541503906,0.016149964183568954,0.5613601207733154
1.0,eval,d,9,net,c002,0.35733985900878906,0.02722454071044922,0.016149964183568954,0.5613601207733154
1.0,eval,d,9,net,c023,0.5822257995605469,-0.028276443481445312,0.016149964183568954,0.5613601207733154
1.0,eval,d,9,net,c046,0.1721954345703125,0.00028514862060546875,0.016149964183568954,0.5613601207733154
1.0,eval,d,9,net,c022,0.43038368225097656,-0.013810157775878906,0.016149964183568954,0.5613601207733154
1.0,eval,d,9,net,c050,0.3459606170654297,-0.02668285369873047,0.016149964183568954,0.5613601207733154
1.0,deploy,d,9,net,c006,0.096710205078125,0.07587814331054688,0.010594974271953106,0.514308512210846
1.0,deploy,d,9,net,c017,0.11357784271240234,0.10860729217529297,0.010594974271953106,0.514308512210846
1.0,deploy,d,9,net,c039,-0.09994697570800781,0.13585186004638672,0.010594974271953106,0.514308512210846
1.0,deploy,d,9,net,c036,0.06634902954101562,0.0787801742553711,0.010594974271953106,0.514308512210846
1.0,deploy,d,9,net,c009,-0.10666942596435547,0.108612060546875,0.010594974271953106,0.514308512210846
1.0,deploy,d,9,net,c000,0.1350393295288086,0.06219291687011719,0.010594974271953106,0.514308512210846
1.0,deploy,d,9,net,c013,0.07385063171386719,0.09436798095703125,0.010594974271953106,0.514308512210846
1.0,deploy,d,9,net,c049,-0.18717479705810547,0.07670307159423828,0.010594974271953106,0.514308512210846
1.0,deploy,d,9,net,c058,-0.04205894470214844,0.03547191619873047,0.010594974271953106,0.514308512210846
1.0,deploy,d,9,net,c024,0.1228647232055664,0.10014629364013672,0.010594974271953106,0.514308512210846
1.0,deploy,d,9,net,c042,0.1431140899658203,0.06918621063232422,0.010594974271953106,0.514308512210846
1.0,deploy,d,9,net,c047,0.024721145629882812,0.12394046783447266,0.010594974271953106,0.514308512210846
1.0,deploy,d,9,net,c043,0.08872413635253906,0.10806655883789062,0.010594974271953106,0.514308512210846
1.0,deploy,d,9,net,c003,0.08106327056884766,0.06194114685058594,0.010594974271953106,0.514308512210846
1.0,deploy,d,9,net,c041,0.16327476501464844,0.08040046691894531,0.010594974271953106,0.514308512210846
1.0,deploy,d,9,net,c008,-0.32247161865234375,0.1828908920288086,0.010594974271953106,0.514308512210846
1.0,deploy,d,9,net,c045,0.14716625213623047,0.0767984390258789,0.010594974271953106,0.514308512210846
1.0,deploy,d,9,net,c011,0.15342235565185547,0.1247568130493164,0.010594974271953106,0.514308512210846
1.0,deploy,d,9,net,c020,0.23288249969482422,0.04960918426513672,0.010594974271953106,0.514308512210846
1.0,deploy,d,9,net,c044,0.11221790313720703,0.1131124496459961,0.010594974271953106,0.514308512210846
1.0,deploy,d,9,net,c016,0.1175088882446289,0.06454181671142578,0.010594974271953106,0.514308512210846
1.0,deploy,d,9,net,c056,0.17986774444580078,0.06348514556884766,0.010594974271953106,0.514308512210846
1.0,deploy,d,9,net,c025,0.15465927124023438,0.06868553161621094,0.010594974271953106,0.514308512210846
1.0,deploy,d,9,net,c029,0.017554283142089844,0.03275012969970703,0.010594974271953106,0.514308512210846
1.0,deploy,d,9,net,c014,0.07684803009033203,0.07941436767578125,0.010594974271953106,0.514308512210846
1.0,deploy,d,9,net,c002,0.1789541244506836,0.08811473846435547,0.010594974271953106,0.514308512210846
1.0,deploy,d,9,net,c023,0.1412200927734375,0.0986013412475586,0.010594974271953106,0.514308512210846
1.0,deploy,d,9,net,c046,0.27907562255859375,0.05381965637207031,0.010594974271953106,0.514308512210846
1.0,deploy,d,9,net,c022,0.2015857696533203,0.030612945556640625,0.010594974271953106,0.514308512210846
1.0,deploy,d,9,net,c050,0.17015361785888672,0.06729698181152344,0.010594974271953106,0.514308512210846
1.0,deploy,d,9,net,c006,0.09256267547607422,0.07473945617675781,0.010594974271953106,0.514308512210846
1.0,deploy,d,9,net,c017,0.08045673370361328,0.10228157043457031,0.010594974271953106,0.514308512210846
1.0,deploy,d,9,net,c039,-0.13776683807373047,0.10735130310058594,0.010594974271953106,0.514308512210846
1.0,deploy,d,9,net,c036,0.024313926696777344,0.0843667984008789,0.010594974271953106,0.514308512210846
1.0,deploy,d,9,net,c009,-0.12501239776611328,0.06595802307128906,0.010594974271953106,0.514308512210846
1.0,deploy,d,9,net,c000,0.2582511901855469,0.05402851104736328,0.010594974271953106,0.514308512210846
1.0,deploy,d,9,net,c013,0.11240100860595703,0.08460426330566406,0.010594974271953106,0.514308512210846
1.0,deploy,d,9,net,c049,-0.39270782470703125,0.1317911148071289,0.010594974271953106,0.514308512210846
1.0,deploy,d,9,net,c058,0.06048393249511719,0.032532691955566406,0.010594974271953106,0.514308512210846
1.0,deploy,d,9,net,c024,0.16558074951171875,0.04356670379638672,0.010594974271953106,0.514308512210846
1.0,deploy,d,9,net,c042,0.17174339294433594,0.09284782409667969,0.010594974271953106,0.514308512210846
1.0,deploy,d,9,net,c047,0.004250526428222656,0.0909423828125,0.010594974271953106,0.514308512210846
1.0,deploy,d,9,net,c043,0.30388832092285156,0.07198047637939453,0.010594974271953106,0.514308512210846
1.0,deploy,d,9,net,c003,0.12804412841796875,0.06510353088378906,0.010594974271953106,0.514308512210846
1.0,deploy,d,9,net,c041,-0.06564712524414062,0.1320819854736328,0.010594974271953106,0.514308512210846
1.0,deploy,d,9,net,c008,-0.09256649017333984,0.08971881866455078,0.010594974271953106,0.514308512210846
1.0,deploy,d,9,net,c045,0.35741615295410156,0.0626993179321289,0.010594974271953106,0.514308512210846
1.0,deploy,d,9,net,c011,0.1110391616821289,0.08416175842285156,0.010594974271953106,0.514308512210846
1.0,deploy,d,9,net,c020,0.18759918212890625,0.06711387634277344,0.010594974271953106,0.514308512210846
1.0,deploy,d,9,net,c044,0.034804344177246094,0.1331043243408203,0.010594974271953106,0.514308512210846
1.0,deploy,d,9,net,c016,0.1610431671142578,0.03678703308105469,0.010594974271953106,0.514308512210846
1.0,deploy,d,9,net,c056,0.2160186767578125,0.0697317123413086,0.010594974271953106,0.514308512210846
1.0,deploy,d,9,net,c025,0.16065692901611328,0.07083415985107422,0.010594974271953106,0.514308512210846
1.0,deploy,d,9,net,c029,-0.10901260375976562,0.06579113006591797,0.010594974271953106,0.514308512210846
1.0,deploy,d,9,net,c014,-0.004969596862792969,0.13735675811767578,0.010594974271953106,0.514308512210846
1.0,deploy,d,9,net,c002,0.25896167755126953,0.06191825866699219,0.010594974271953106,0.514308512210846
1.0,deploy,d,9,net,c023,0.10448646545410156,0.1015787124633789,0.010594974271953106,0.514308512210846
1.0,deploy,d,9,net,c046,0.07962608337402344,0.07123756408691406,0.010594974271953106,0.514308512210846
1.0,deploy,d,9,net,c022,0.18543338775634766,0.07499313354492188,0.010594974271953106,0.514308512210846
1.0,deploy,d,9,net,c050,0.17540931701660156,0.06519317626953125,0.010594974271953106,0.514308512210846
1.0,eval,random,9,net,c006,0.3056907653808594,0.004082679748535156,0.00481257764234518,0.5965480407079061
1.0,eval,random,9,net,c017,0.009799003601074219,0.014997482299804688,0.00481257764234518,0.5965480407079061
1.0,eval,random,9,net,c039,0.22924232482910156,-0.056804656982421875,0.00481257764234518,0.5965480407079061
1.0,eval,random,9,net,c036,0.12033367156982422,-0.004878044128417969,0.00481257764234518,0.5965480407079061
1.0,eval,random,9,net,c009,-0.17138195037841797,-0.05586814880371094,0.00481257764234518,0.5965480407079061
1.0,eval,random,9,net,c000,0.2567402521769206,0.004788080851236998,0.00481257764234518,0.5965480407079061
1.0,eval,random,9,net,c013,0.3528664906819661,0.019278844197591127,0.00481257764234518,0.5965480407079061
1.0,eval,random,9,net,c049,0.09016736348470052,-0.026931444803873703,0.00481257764234518,0.5965480407079061
1.0,eval,random,9,net,c058,0.13357162475585938,-0.043811798095703125,0.00481257764234518,0.5965480407079061
1.0,eval,random,9,net,c024,0.3105322519938151,0.001115481058756529,0.00481257764234518,0.5965480407079061
1.0,eval,random,9,net,c042,0.20290088653564453,-0.030454635620117188,0.00481257764234518,0.5965480407079061
1.0,eval,random,9,net,c047,0.2680238087972005,-0.03070704142252606,0.00481257764234518,0.5965480407079061
1.0,eval,random,9,net,c043,0.064300537109375,-0.08608436584472656,0.00481257764234518,0.5965480407079061
1.0,eval,random,9,net,c003,0.3428131739298503,-0.011049588521321596,0.00481257764234518,0.5965480407079061
1.0,eval,random,9,net,c041,0.06555747985839844,-0.01958751678466797,0.00481257764234518,0.5965480407079061
1.0,eval,random,9,net,c008,-0.3116308848063151,-0.0693947474161784,0.00481257764234518,0.5965480407079061
1.0,eval,random,9,net,c045,0.3595031102498372,0.010784467061360659,0.00481257764234518,0.5965480407079061
1.0,eval,random,9,net,c011,0.2049093246459961,0.005038261413574219,0.00481257764234518,0.5965480407079061
1.0,eval,random,9,net,c020,0.5279725392659506,0.024337132771809933,0.00481257764234518,0.5965480407079061
1.0,eval,random,9,net,c044,0.30337874094645184,0.008412043253580748,0.00481257764234518,0.5965480407079061
1.0,eval,random,9,net,c016,0.27206770579020184,-0.0012086232503255023,0.00481257764234518,0.5965480407079061
1.0,eval,random,9,net,c056,0.387386957804362,-0.0011075337727864398,0.00481257764234518,0.5965480407079061
1.0,eval,random,9,net,c025,0.26984532674153644,0.0017865498860676898,0.00481257764234518,0.5965480407079061
1.0,eval,random,9,net,c029,0.08727232615152995,-0.026233990987141922,0.00481257764234518,0.5965480407079061
1.0,eval,random,9,net,c014,-0.0007562637329101562,-0.06686687469482422,0.00481257764234518,0.5965480407079061
1.0,eval,random,9,net,c002,0.396273930867513,-0.022209803263346373,0.00481257764234518,0.5965480407079061
1.0,eval,random,9,net,c023,0.3167622884114583,-0.020748774210611998,0.00481257764234518,0.5965480407079061
1.0,eval,random,9,net,c046,0.25987084706624347,-0.02638117472330731,0.00481257764234518,0.5965480407079061
1.0,eval,random,9,net,c022,0.10986741383870442,-0.0016552607218424525,0.00481257764234518,0.5965480407079061
1.0,eval,random,9,net,c050,0.48829396565755206,-0.0021893183390299664,0.00481257764234518,0.5965480407079061
1.0,eval,random,9,net,c006,0.3500057856241862,-0.01316960652669269,0.00481257764234518,0.5965480407079061
1.0,eval,random,9,net,c017,0.5396976470947266,0.005415916442871094,0.00481257764234518,0.5965480407079061
1.0,eval,random,9,net,c039,0.04871686299641927,-0.031730333964029946,0.00481257764234518,0.5965480407079061
1.0,eval,random,9,net,c036,0.07484277089436848,-0.028570810953776046,0.00481257764234518,0.5965480407079061
1.0,eval,random,9,net,c009,0.14000606536865234,-0.05437946319580078,0.00481257764234518,0.5965480407079061
1.0,eval,random,9,net,c000,0.19779268900553384,-0.013269742329915374,0.00481257764234518,0.5965480407079061
1.0,eval,random,9,net,c013,0.11122353871663411,-0.01978842417399089,0.00481257764234518,0.5965480407079061
1.0,eval,random,9,net,c049,-0.033205668131510414,-0.04011694590250651,0.00481257764234518,0.5965480407079061
1.0,eval,random,9,net,c058,0.013157844543457031,-0.030731201171875,0.00481257764234518,0.5965480407079061
1.0,eval,random,9,net,c024,0.2528352737426758,-0.012497901916503906,0.00481257764234518,0.5965480407079061
1.0,eval,random,9,net,c042,0.10360781351725261,-0.028588612874348954,0.00481257764234518,0.5965480407079061
1.0,eval,random,9,net,c047,0.31485621134440106,-0.009455998738606752,0.00481257764234518,0.5965480407079061
1.0,eval,random,9,net,c043,0.22292645772298178,-0.038620630900065095,0.00481257764234518,0.5965480407079061
1.0,eval,random,9,net,c003,0.18387381235758463,-0.025861104329427093,0.00481257764234518,0.5965480407079061
1.0,eval,random,9,net,c041,0.14227771759033203,-0.060455322265625,0.00481257764234518,0.5965480407079061
1.0,eval,random,9,net,c008,0.10788599650065105,-0.025116284688313797,0.00481257764234518,0.5965480407079061
1.0,eval,random,9,net,c045,0.19711017608642578,-0.02474212646484375,0.00481257764234518,0.5965480407079061
1.0,eval,random,9,net,c011,0.13300609588623047,-0.026658058166503906,0.00481257764234518,0.5965480407079061
1.0,eval,random,9,net,c020,0.43619346618652344,-0.010905265808105469,0.00481257764234518,0.5965480407079061
1.0,eval,random,9,net,c044,-0.012735366821289062,-0.024794578552246094,0.00481257764234518,0.5965480407079061
1.0,eval,random,9,net,c016,0.3380959828694661,-0.00623957316080731,0.00481257764234518,0.5965480407079061
1.0,eval,random,9,net,c056,0.1847702662150065,-0.013246854146321624,0.00481257764234518,0.5965480407079061
1.0,eval,random,9,net,c025,0.1035604476928711,-0.03403949737548828,0.00481257764234518,0.5965480407079061
1.0,eval,random,9,net,c029,0.27898216247558594,-0.06588459014892578,0.00481257764234518,0.5965480407079061
1.0,eval,random,9,net,c014,0.075347900390625,-0.020783424377441406,0.00481257764234518,0.5965480407079061
1.0,eval,random,9,net,c002,0.30420462290445965,-0.02591069539388019,0.00481257764234518,0.5965480407079061
1.0,eval,random,9,net,c023,0.6138153076171875,0.0033130645751953125,0.00481257764234518,0.5965480407079061
1.0,eval,random,9,net,c046,0.11586888631184895,-0.05604139963785808,0.00481257764234518,0.5965480407079061
1.0,eval,random,9,net,c022,0.41390005747477215,-0.030293782552083315,0.00481257764234518,0.5965480407079061
1.0,eval,random,9,net,c050,0.3657417297363281,-0.006901741027832031,0.00481257764234518,0.5965480407079061
2.0,eval,d,9,net,c006,0.2614316940307617,-0.0401763916015625,0.04238644987344742,0.5230982303619385
2.0,eval,d,9,net,c017,0.10666656494140625,0.11186504364013672,0.04238644987344742,0.5230982303619385
2.0,eval,d,9,net,c039,0.3426704406738281,0.05662345886230469,0.04238644987344742,0.5230982303619385
2.0,eval,d,9,net,c036,0.1657724380493164,0.04056072235107422,0.04238644987344742,0.5230982303619385
2.0,eval,d,9,net,c009,-0.023647308349609375,0.09186649322509766,0.04238644987344742,0.5230982303619385
2.0,eval,d,9,net,c000,0.23952770233154297,-0.012424468994140625,0.04238644987344742,0.5230982303619385
2.0,eval,d,9,net,c013,0.38829612731933594,0.05470848083496094,0.04238644987344742,0.5230982303619385
2.0,eval,d,9,net,c049,0.17107486724853516,0.05397605895996094,0.04238644987344742,0.5230982303619385
2.0,eval,d,9,net,c058,0.21002578735351562,0.032642364501953125,0.04238644987344742,0.5230982303619385
2.0,eval,d,9,net,c024,0.3143768310546875,0.004960060119628906,0.04238644987344742,0.5230982303619385
2.0,eval,d,9,net,c042,0.21480941772460938,-0.018546104431152344,0.04238644987344742,0.5230982303619385
2.0,eval,d,9,net,c047,0.34820556640625,0.04947471618652344,0.04238644987344742,0.5230982303619385
2.0,eval,d,9,net,c043,0.2312936782836914,0.08090877532958984,0.04238644987344742,0.5230982303619385
2.0,eval,d,9,net,c003,0.26425743103027344,-0.08960533142089844,0.04238644987344742,0.5230982303619385
2.0,eval,d,9,net,c041,0.13566017150878906,0.050515174865722656,0.04238644987344742,0.5230982303619385
2.0,eval,d,9,net,c008,-0.02936840057373047,0.21286773681640625,0.04238644987344742,0.5230982303619385
2.0,eval,d,9,net,c045,0.3686199188232422,0.019901275634765625,0.04238644987344742,0.5230982303619385
2.0,eval,d,9,net,c011,0.24013710021972656,0.04026603698730469,0.04238644987344742,0.5230982303619385
2.0,eval,d,9,net,c020,0.42882823944091797,-0.07480716705322266,0.04238644987344742,0.5230982303619385
2.0,eval,d,9,net,c044,0.33467769622802734,0.03971099853515625,0.04238644987344742,0.5230982303619385
2.0,eval,d,9,net,c016,0.24302196502685547,-0.030254364013671875,0.04238644987344742,0.5230982303619385
2.0,eval,d,9,net,c056,0.38287925720214844,-0.005615234375,0.04238644987344742,0.5230982303619385
2.0,eval,d,9,net,c025,0.25911998748779297,-0.008938789367675781,0.04238644987344742,0.5230982303619385
2.0,eval,d,9,net,c029,0.09653472900390625,-0.016971588134765625,0.04238644987344742,0.5230982303619385
2.0,eval,d,9,net,c014,0.17227649688720703,0.10616588592529297,0.04238644987344742,0.5230982303619385
2.0,eval,d,9,net,c002,0.3543100357055664,-0.06417369842529297,0.04238644987344742,0.5230982303619385
2.0,eval,d,9,net,c023,0.3532724380493164,0.015761375427246094,0.04238644987344742,0.5230982303619385
2.0,eval,d,9,net,c046,0.23267173767089844,-0.053580284118652344,0.04238644987344742,0.5230982303619385
2.0,eval,d,9,net,c022,0.14083194732666016,0.02930927276611328,0.04238644987344742,0.5230982303619385
2.0,eval,d,9,net,c050,0.4525032043457031,-0.037980079650878906,0.04238644987344742,0.5230982303619385
2.0,eval,d,9,net,c006,0.2814207077026367,-0.08175468444824219,0.04238644987344742,0.5230982303619385
2.0,eval,d,9,net,c017,0.5345478057861328,0.00026607513427734375,0.04238644987344742,0.5230982303619385
2.0,eval,d,9,net,c039,0.16351699829101562,0.0830698013305664,0.04238644987344742,0.5230982303619385
2.0,eval,d,9,net,c036,0.08681011199951172,-0.016603469848632812,0.04238644987344742,0.5230982303619385
2.0,eval,d,9,net,c009,0.2282543182373047,0.03386878967285156,0.04238644987344742,0.5230982303619385
2.0,eval,d,9,net,c000,0.20903491973876953,-0.0020275115966796875,0.04238644987344742,0.5230982303619385
2.0,eval,d,9,net,c013,0.1898059844970703,0.05879402160644531,0.04238644987344742,0.5230982303619385
2.0,eval,d,9,net,c049,0.081878662109375,0.0749673843383789,0.04238644987344742,0.5230982303619385
2.0,eval,d,9,net,c058,0.07033348083496094,0.026444435119628906,0.04238644987344742,0.5230982303619385
2.0,eval,d,9,net,c024,0.23433780670166016,-0.03099536895751953,0.04238644987344742,0.5230982303619385
2.0,eval,d,9,net,c042,0.18742847442626953,0.05523204803466797,0.04238644987344742,0.5230982303619385
2.0,eval,d,9,net,c047,0.2958555221557617,-0.028456687927246094,0.04238644987344742,0.5230982303619385
2.0,eval,d,9,net,c043,0.27301025390625,0.011463165283203125,0.04238644987344742,0.5230982303619385
2.0,eval,d,9,net,c003,0.21118640899658203,0.0014514923095703125,0.04238644987344742,0.5230982303619385
2.0,eval,d,9,net,c041,0.17389392852783203,-0.028839111328125,0.04238644987344742,0.5230982303619385
2.0,eval,d,9,net,c008,0.20548725128173828,0.07248497009277344,0.04238644987344742,0.5230982303619385
2.0,eval,d,9,net,c045,0.24869632720947266,0.026844024658203125,0.04238644987344742,0.5230982303619385
2.0,eval,d,9,net,c011,0.23001861572265625,0.07035446166992188,0.04238644987344742,0.5230982303619385
2.0,eval,d,9,net,c020,0.3678255081176758,-0.07927322387695312,0.04238644987344742,0.5230982303619385
2.0,eval,d,9,net,c044,0.06736087799072266,0.055301666259765625,0.04238644987344742,0.5230982303619385
2.0,eval,d,9,net,c016,0.2874326705932617,-0.05690288543701172,0.04238644987344742,0.5230982303619385
2.0,eval,d,9,net,c056,0.2415618896484375,0.043544769287109375,0.04238644987344742,0.5230982303619385
2.0,eval,d,9,net,c025,0.12063407897949219,-0.016965866088867188,0.04238644987344742,0.5230982303619385
2.0,eval,d,9,net,c029,0.31876277923583984,-0.026103973388671875,0.04238644987344742,0.5230982303619385
2.0,eval,d,9,net,c014,0.15587806701660156,0.059746742248535156,0.04238644987344742,0.5230982303619385
2.0,eval,d,9,net,c002,0.3459348678588867,0.015819549560546875,0.04238644987344742,0.5230982303619385
2.0,eval,d,9,net,c023,0.5164413452148438,-0.09406089782714844,0.04238644987344742,0.5230982303619385
2.0,eval,d,9,net,c046,0.13554000854492188,-0.036370277404785156,0.04238644987344742,0.5230982303619385
2.0,eval,d,9,net,c022,0.3586282730102539,-0.08556556701660156,0.04238644987344742,0.5230982303619385
2.0,eval,d,9,net,c050,0.3029956817626953,-0.06964778900146484,0.04238644987344742,0.5230982303619385
2.0,deploy,d,9,net,c006,0.10580921173095703,0.0849771499633789,0.026725102216005325,0.4780409634113312
2.0,deploy,d,9,net,c017,0.15435028076171875,0.14937973022460938,0.026725102216005325,0.4780409634113312
2.0,deploy,d,9,net,c039,-0.0031919479370117188,0.2326068878173828,0.026725102216005325,0.4780409634113312
2.0,deploy,d,9,net,c036,0.0893259048461914,0.10175704956054688,0.026725102216005325,0.4780409634113312
2.0,deploy,d,9,net,c009,-0.04347419738769531,0.17180728912353516,0.026725102216005325,0.4780409634113312
2.0,deploy,d,9,net,c000,0.14273357391357422,0.06988716125488281,0.026725102216005325,0.4780409634113312
2.0,deploy,d,9,net,c013,0.1101980209350586,0.13071537017822266,0.026725102216005325,0.4780409634113312
2.0,deploy,d,9,net,c049,-0.14514636993408203,0.11873149871826172,0.026725102216005325,0.4780409634113312
2.0,deploy,d,9,net,c058,-0.037192344665527344,0.04033851623535156,0.026725102216005325,0.4780409634113312
2.0,deploy,d,9,net,c024,0.14632129669189453,0.12360286712646484,0.026725102216005325,0.4780409634113312
2.0,deploy,d,9,net,c042,0.16427326202392578,0.09034538269042969,0.026725102216005325,0.4780409634113312
2.0,deploy,d,9,net,c047,0.08680438995361328,0.18602371215820312,0.026725102216005325,0.4780409634113312
2.0,deploy,d,9,net,c043,0.12807083129882812,0.1474132537841797,0.026725102216005325,0.4780409634113312
2.0,deploy,d,9,net,c003,0.09044551849365234,0.07132339477539062,0.026725102216005325,0.4780409634113312
2.0,deploy,d,9,net,c041,0.17439651489257812,0.091522216796875,0.026725102216005325,0.4780409634113312
2.0,deploy,d,9,net,c008,-0.1739797592163086,0.33138275146484375,0.026725102216005325,0.4780409634113312
2.0,deploy,d,9,net,c045,0.16544246673583984,0.09507465362548828,0.026725102216005325,0.4780409634113312
2.0,deploy,d,9,net,c011,0.19843101501464844,0.16976547241210938,0.026725102216005325,0.4780409634113312
2.0,deploy,d,9,net,c020,0.22751235961914062,0.044239044189453125,0.026725102216005325,0.4780409634113312
2.0,deploy,d,9,net,c044,0.1623668670654297,0.16326141357421875,0.026725102216005325,0.4780409634113312
2.0,deploy,d,9,net,c016,0.13556671142578125,0.08259963989257812,0.026725102216005325,0.4780409634113312
2.0,deploy,d,9,net,c056,0.19839859008789062,0.0820159912109375,0.026725102216005325,0.4780409634113312
2.0,deploy,d,9,net,c025,0.16069793701171875,0.07472419738769531,0.026725102216005325,0.4780409634113312
2.0,deploy,d,9,net,c029,0.024582862854003906,0.039778709411621094,0.026725102216005325,0.4780409634113312
2.0,deploy,d,9,net,c014,0.10315132141113281,0.10571765899658203,0.026725102216005325,0.4780409634113312
2.0,deploy,d,9,net,c002,0.21277427673339844,0.12193489074707031,0.026725102216005325,0.4780409634113312
2.0,deploy,d,9,net,c023,0.16738414764404297,0.12476539611816406,0.026725102216005325,0.4780409634113312
2.0,deploy,d,9,net,c046,0.2727012634277344,0.04744529724121094,0.026725102216005325,0.4780409634113312
2.0,deploy,d,9,net,c022,0.18940448760986328,0.018431663513183594,0.026725102216005325,0.4780409634113312
2.0,deploy,d,9,net,c050,0.18264007568359375,0.07978343963623047,0.026725102216005325,0.4780409634113312
2.0,deploy,d,9,net,c006,0.09900093078613281,0.0811777114868164,0.026725102216005325,0.4780409634113312
2.0,deploy,d,9,net,c017,0.11055469512939453,0.13237953186035156,0.026725102216005325,0.4780409634113312
2.0,deploy,d,9,net,c039,-0.06449127197265625,0.18062686920166016,0.026725102216005325,0.4780409634113312
2.0,deploy,d,9,net,c036,0.048514366149902344,0.1085672378540039,0.026725102216005325,0.4780409634113312
2.0,deploy,d,9,net,c009,-0.08228397369384766,0.10868644714355469,0.026725102216005325,0.4780409634113312
2.0,deploy,d,9,net,c000,0.2537574768066406,0.04953479766845703,0.026725102216005325,0.4780409634113312
2.0,deploy,d,9,net,c013,0.14568424224853516,0.11788749694824219,0.026725102216005325,0.4780409634113312
2.0,deploy,d,9,net,c049,-0.2995157241821289,0.22498321533203125,0.026725102216005325,0.4780409634113312
2.0,deploy,d,9,net,c058,0.06937885284423828,0.0414276123046875,0.026725102216005325,0.4780409634113312
2.0,deploy,d,9,net,c024,0.16106224060058594,0.039048194885253906,0.026725102216005325,0.4780409634113312
2.0,deploy,d,9,net,c042,0.19571495056152344,0.11681938171386719,0.026725102216005325,0.4780409634113312
2.0,deploy,d,9,net,c047,0.04196929931640625,0.1286611557006836,0.026725102216005325,0.4780409634113312
2.0,deploy,d,9,net,c043,0.3088235855102539,0.07691574096679688,0.026725102216005325,0.4780409634113312
2.0,deploy,d,9,net,c003,0.13159751892089844,0.06865692138671875,0.026725102216005325,0.4780409634113312
2.0,deploy,d,9,net,c041,-0.008230209350585938,0.1894989013671875,0.026725102216005325,0.4780409634113312
2.0,deploy,d,9,net,c008,-0.034610748291015625,0.147674560546875,0.026725102216005325,0.4780409634113312
2.0,deploy,d,9,net,c045,0.3552274703979492,0.06051063537597656,0.026725102216005325,0.4780409634113312
2.0,deploy,d,9,net,c011,0.13832378387451172,0.11144638061523438,0.026725102216005325,0.4780409634113312
2.0,deploy,d,9,net,c020,0.20013427734375,0.07964897155761719,0.026725102216005325,0.4780409634113312
2.0,deploy,d,9,net,c044,0.09090709686279297,0.1892070770263672,0.026725102216005325,0.4780409634113312
2.0,deploy,d,9,net,c016,0.15741252899169922,0.033156394958496094,0.026725102216005325,0.4780409634113312
2.0,deploy,d,9,net,c056,0.24533462524414062,0.09904766082763672,0.026725102216005325,0.4780409634113312
2.0,deploy,d,9,net,c025,0.1683368682861328,0.07851409912109375,0.026725102216005325,0.4780409634113312
2.0,deploy,d,9,net,c029,-0.07087135314941406,0.10393238067626953,0.026725102216005325,0.4780409634113312
2.0,deploy,d,9,net,c014,0.05685997009277344,0.1991863250732422,0.026725102216005325,0.4780409634113312
2.0,deploy,d,9,net,c002,0.2582588195800781,0.06121540069580078,0.026725102216005325,0.4780409634113312
2.0,deploy,d,9,net,c023,0.13695812225341797,0.1340503692626953,0.026725102216005325,0.4780409634113312
2.0,deploy,d,9,net,c046,0.09596920013427734,0.08758068084716797,0.026725102216005325,0.4780409634113312
2.0,deploy,d,9,net,c022,0.20707321166992188,0.0966329574584961,0.026725102216005325,0.4780409634113312
2.0,deploy,d,9,net,c050,0.19041824340820312,0.08020210266113281,0.026725102216005325,0.4780409634113312
2.0,eval,random,9,net,c006,0.27455711364746094,-0.02705097198486328,0.021295196531961363,0.5727003912130991
2.0,eval,random,9,net,c017,0.005203564961751302,0.01040204366048177,0.021295196531961363,0.5727003912130991
2.0,eval,random,9,net,c039,0.1369787851969401,-0.14906819661458334,0.021295196531961363,0.5727003912130991
2.0,eval,random,9,net,c036,0.08047707875569661,-0.04473463694254558,0.021295196531961363,0.5727003912130991
2.0,eval,random,9,net,c009,-0.23413848876953125,-0.11862468719482422,0.021295196531961363,0.5727003912130991
2.0,eval,random,9,net,c000,0.2251551946004232,-0.026796976725260407,0.021295196531961363,0.5727003912130991
2.0,eval,random,9,net,c013,0.3206901550292969,-0.012897491455078125,0.021295196531961363,0.5727003912130991
2.0,eval,random,9,net,c049,0.03893852233886719,-0.07816028594970703,0.021295196531961363,0.5727003912130991
2.0,eval,random,9,net,c058,0.05833212534586588,-0.11905129750569662,0.021295196531961363,0.5727003912130991
2.0,eval,random,9,net,c024,0.2563037872314453,-0.05311298370361328,0.021295196531961363,0.5727003912130991
2.0,eval,random,9,net,c042,0.13324928283691406,-0.10010623931884766,0.021295196531961363,0.5727003912130991
2.0,eval,random,9,net,c047,0.19943110148111978,-0.09929974873860678,0.021295196531961363,0.5727003912130991
2.0,eval,random,9,net,c043,-0.045621236165364586,-0.19600613911946616,0.021295196531961363,0.5727003912130991
2.0,eval,random,9,net,c003,0.2800362904866536,-0.07382647196451825,0.021295196531961363,0.5727003912130991
2.0,eval,random,9,net,c041,0.014586448669433594,-0.07055854797363281,0.021295196531961363,0.5727003912130991
2.0,eval,random,9,net,c008,-0.4049231211344401,-0.1626869837443034,0.021295196531961363,0.5727003912130991
2.0,eval,random,9,net,c045,0.3161776860555013,-0.03254095713297528,0.021295196531961363,0.5727003912130991
2.0,eval,random,9,net,c011,0.16463025410970053,-0.035240809122721345,0.021295196531961363,0.5727003912130991
2.0,eval,random,9,net,c020,0.4900878270467122,-0.013547579447428404,0.021295196531961363,0.5727003912130991
2.0,eval,random,9,net,c044,0.2533651987711589,-0.04160149892171222,0.021295196531961363,0.5727003912130991
2.0,eval,random,9,net,c016,0.24358367919921875,-0.029692649841308594,0.021295196531961363,0.5727003912130991
2.0,eval,random,9,net,c056,0.3477926254272461,-0.040701866149902344,0.021295196531961363,0.5727003912130991
2.0,eval,random,9,net,c025,0.21721967061360678,-0.05083910624186197,0.021295196531961363,0.5727003912130991
2.0,eval,random,9,net,c029,0.030375162760416668,-0.0831311543782552,0.021295196531961363,0.5727003912130991
2.0,eval,random,9,net,c014,-0.08561038970947266,-0.15172100067138672,0.021295196531961363,0.5727003912130991
2.0,eval,random,9,net,c002,0.3278309504191081,-0.09065278371175128,0.021295196531961363,0.5727003912130991
2.0,eval,random,9,net,c023,0.2517334620157878,-0.08577760060628253,0.021295196531961363,0.5727003912130991
2.0,eval,random,9,net,c046,0.18277581532796225,-0.10347620646158853,0.021295196531961363,0.5727003912130991
2.0,eval,random,9,net,c022,0.0779409408569336,-0.03358173370361328,0.021295196531961363,0.5727003912130991
2.0,eval,random,9,net,c050,0.44104258219401044,-0.049440701802571596,0.021295196531961363,0.5727003912130991
2.0,eval,random,9,net,c006,0.29531224568684894,-0.06786314646402997,0.021295196531961363,0.5727003912130991
2.0,eval,random,9,net,c017,0.5008942286173502,-0.033387502034505245,0.021295196531961363,0.5727003912130991
2.0,eval,random,9,net,c039,-0.01069800059000651,-0.09114519755045573,0.021295196531961363,0.5727003912130991
2.0,eval,random,9,net,c036,0.009689013163248697,-0.09372456868489583,0.021295196531961363,0.5727003912130991
2.0,eval,random,9,net,c009,0.05878098805745443,-0.1356045405069987,0.021295196531961363,0.5727003912130991
2.0,eval,random,9,net,c000,0.15398152669270834,-0.057080904642740876,0.021295196531961363,0.5727003912130991
2.0,eval,random,9,net,c013,0.06659666697184245,-0.06441529591878255,0.021295196531961363,0.5727003912130991
2.0,eval,random,9,net,c049,-0.08506202697753906,-0.09197330474853516,0.021295196531961363,0.5727003912130991
2.0,eval,random,9,net,c058,-0.044258435567220054,-0.08814748128255209,0.021295196531961363,0.5727003912130991
2.0,eval,random,9,net,c024,0.20375474294026694,-0.06157843271891275,0.021295196531961363,0.5727003912130991
2.0,eval,random,9,net,c042,0.03540484110514323,-0.09679158528645834,0.021295196531961363,0.5727003912130991
2.0,eval,random,9,net,c047,0.24748706817626953,-0.07682514190673828,0.021295196531961363,0.5727003912130991
2.0,eval,random,9,net,c043,0.14189688364664713,-0.11965020497639975,0.021295196531961363,0.5727003912130991
2.0,eval,random,9,net,c003,0.11434014638264973,-0.09539477030436198,0.021295196531961363,0.5727003912130991
2.0,eval,random,9,net,c041,0.027556737263997395,-0.17517630259195963,0.021295196531961363,0.5727003912130991
2.0,eval,random,9,net,c008,0.04125022888183594,-0.0917520523071289,0.021295196531961363,0.5727003912130991
2.0,eval,random,9,net,c045,0.1404879887898763,-0.08136431376139322,0.021295196531961363,0.5727003912130991
2.0,eval,random,9,net,c011,0.06851959228515625,-0.09114456176757812,0.021295196531961363,0.5727003912130991
2.0,eval,random,9,net,c020,0.37662283579508465,-0.07047589619954425,0.021295196531961363,0.5727003912130991
2.0,eval,random,9,net,c044,-0.07479921976725261,-0.08685843149820964,0.021295196531961363,0.5727003912130991
2.0,eval,random,9,net,c016,0.2933034896850586,-0.051032066345214844,0.021295196531961363,0.5727003912130991
2.0,eval,random,9,net,c056,0.13956991831461588,-0.05844720204671225,0.021295196531961363,0.5727003912130991
2.0,eval,random,9,net,c025,0.019122759501139324,-0.11847718556722005,0.021295196531961363,0.5727003912130991
2.0,eval,random,9,net,c029,0.17764600118001303,-0.1672207514444987,0.021295196531961363,0.5727003912130991
2.0,eval,random,9,net,c014,0.019745508829752605,-0.0763858159383138,0.021295196531961363,0.5727003912130991
2.0,eval,random,9,net,c002,0.2351252237955729,-0.09499009450276694,0.021295196531961363,0.5727003912130991
2.0,eval,random,9,net,c023,0.5408913294474283,-0.06961091359456384,0.021295196531961363,0.5727003912130991
2.0,eval,random,9,net,c046,0.019258817036946613,-0.1526514689127604,0.021295196531961363,0.5727003912130991
2.0,eval,random,9,net,c022,0.31853262583414715,-0.12566121419270831,0.021295196531961363,0.5727003912130991
2.0,eval,random,9,net,c050,0.32138601938883465,-0.0512574513753255,0.021295196531961363,0.5727003912130991
4.0,eval,d,9,net,c006,0.1315145492553711,-0.17009353637695312,0.08716937899589539,0.48354053497314453
4.0,eval,d,9,net,c017,0.0800018310546875,0.08520030975341797,0.08716937899589539,0.48354053497314453
4.0,eval,d,9,net,c039,0.3035011291503906,0.017454147338867188,0.08716937899589539,0.48354053497314453
4.0,eval,d,9,net,c036,0.0982046127319336,-0.027007102966308594,0.08716937899589539,0.48354053497314453
4.0,eval,d,9,net,c009,0.010193824768066406,0.12570762634277344,0.08716937899589539,0.48354053497314453
4.0,eval,d,9,net,c000,0.1307353973388672,-0.1212167739868164,0.08716937899589539,0.48354053497314453
4.0,eval,d,9,net,c013,0.2612619400024414,-0.0723257064819336,0.08716937899589539,0.48354053497314453
4.0,eval,d,9,net,c049,0.10460472106933594,-0.012494087219238281,0.08716937899589539,0.48354053497314453
4.0,eval,d,9,net,c058,0.1579132080078125,-0.01947021484375,0.08716937899589539,0.48354053497314453
4.0,eval,d,9,net,c024,0.15914630889892578,-0.1502704620361328,0.08716937899589539,0.48354053497314453
4.0,eval,d,9,net,c042,0.09655189514160156,-0.13680362701416016,0.08716937899589539,0.48354053497314453
4.0,eval,d,9,net,c047,0.2833976745605469,-0.015333175659179688,0.08716937899589539,0.48354053497314453
4.0,eval,d,9,net,c043,0.08675384521484375,-0.06363105773925781,0.08716937899589539,0.48354053497314453
4.0,eval,d,9,net,c003,0.11281681060791016,-0.24104595184326172,0.08716937899589539,0.48354053497314453
4.0,eval,d,9,net,c041,0.04485321044921875,-0.040291786193847656,0.08716937899589539,0.48354053497314453
4.0,eval,d,9,net,c008,0.05156230926513672,0.29379844665527344,0.08716937899589539,0.48354053497314453
4.0,eval,d,9,net,c045,0.2002410888671875,-0.14847755432128906,0.08716937899589539,0.48354053497314453
4.0,eval,d,9,net,c011,0.14540481567382812,-0.05446624755859375,0.08716937899589539,0.48354053497314453
4.0,eval,d,9,net,c020,0.21222591400146484,-0.2914094924926758,0.08716937899589539,0.48354053497314453
4.0,eval,d,9,net,c044,0.1770305633544922,-0.1179361343383789,0.08716937899589539,0.48354053497314453
4.0,eval,d,9,net,c016,0.14163970947265625,-0.1316366195678711,0.08716937899589539,0.48354053497314453
4.0,eval,d,9,net,c056,0.3123779296875,-0.07611656188964844,0.08716937899589539,0.48354053497314453
4.0,eval,d,9,net,c025,0.11305713653564453,-0.15500164031982422,0.08716937899589539,0.48354053497314453
4.0,eval,d,9,net,c029,0.07520198822021484,-0.03830432891845703,0.08716937899589539,0.48354053497314453
4.0,eval,d,9,net,c014,0.06950664520263672,0.0033960342407226562,0.08716937899589539,0.48354053497314453
4.0,eval,d,9,net,c002,0.24255847930908203,-0.17592525482177734,0.08716937899589539,0.48354053497314453
4.0,eval,d,9,net,c023,0.2833271026611328,-0.0541839599609375,0.08716937899589539,0.48354053497314453
4.0,eval,d,9,net,c046,0.10758686065673828,-0.1786651611328125,0.08716937899589539,0.48354053497314453
4.0,eval,d,9,net,c022,0.055169105529785156,-0.05635356903076172,0.08716937899589539,0.48354053497314453
4.0,eval,d,9,net,c050,0.3476552963256836,-0.14282798767089844,0.08716937899589539,0.48354053497314453
4.0,eval,d,9,net,c006,0.1595621109008789,-0.20361328125,0.08716937899589539,0.48354053497314453
4.0,eval,d,9,net,c017,0.42201900482177734,-0.11226272583007812,0.08716937899589539,0.48354053497314453
4.0,eval,d,9,net,c039,0.20430564880371094,0.12385845184326172,0.08716937899589539,0.48354053497314453
4.0,eval,d,9,net,c036,-0.04071235656738281,-0.14412593841552734,0.08716937899589539,0.48354053497314453
4.0,eval,d,9,net,c009,0.18299198150634766,-0.011393547058105469,0.08716937899589539,0.48354053497314453
4.0,eval,d,9,net,c000,0.10889530181884766,-0.10216712951660156,0.08716937899589539,0.48354053497314453
4.0,eval,d,9,net,c013,0.11169719696044922,-0.01931476593017578,0.08716937899589539,0.48354053497314453
4.0,eval,d,9,net,c049,0.09198474884033203,0.08507347106933594,0.08716937899589539,0.48354053497314453
4.0,eval,d,9,net,c058,0.03040313720703125,-0.013485908508300781,0.08716937899589539,0.48354053497314453
4.0,eval,d,9,net,c024,0.1411752700805664,-0.12415790557861328,0.08716937899589539,0.48354053497314453
4.0,eval,d,9,net,c042,0.13889122009277344,0.006694793701171875,0.08716937899589539,0.48354053497314453
4.0,eval,d,9,net,c047,0.1773691177368164,-0.1469430923461914,0.08716937899589539,0.48354053497314453
4.0,eval,d,9,net,c043,0.2010822296142578,-0.06046485900878906,0.08716937899589539,0.48354053497314453
4.0,eval,d,9,net,c003,0.11565589904785156,-0.09407901763916016,0.08716937899589539,0.48354053497314453
4.0,eval,d,9,net,c041,0.01978588104248047,-0.18294715881347656,0.08716937899589539,0.48354053497314453
4.0,eval,d,9,net,c008,0.19824981689453125,0.0652475357055664,0.08716937899589539,0.48354053497314453
4.0,eval,d,9,net,c045,0.14936542510986328,-0.07248687744140625,0.08716937899589539,0.48354053497314453
4.0,eval,d,9,net,c011,0.17988204956054688,0.0202178955078125,0.08716937899589539,0.48354053497314453
4.0,eval,d,9,net,c020,0.22437763214111328,-0.22272109985351562,0.08716937899589539,0.48354053497314453
4.0,eval,d,9,net,c044,-0.014893531799316406,-0.026952743530273438,0.08716937899589539,0.48354053497314453
4.0,eval,d,9,net,c016,0.20042896270751953,-0.1439065933227539,0.08716937899589539,0.48354053497314453
4.0,eval,d,9,net,c056,0.19563770294189453,-0.0023794174194335938,0.08716937899589539,0.48354053497314453
4.0,eval,d,9,net,c025,-0.0029439926147460938,-0.14054393768310547,0.08716937899589539,0.48354053497314453
4.0,eval,d,9,net,c029,0.23973560333251953,-0.10513114929199219,0.08716937899589539,0.48354053497314453
4.0,eval,d,9,net,c014,0.11282062530517578,0.016689300537109375,0.08716937899589539,0.48354053497314453
4.0,eval,d,9,net,c002,0.2759733200073242,-0.054141998291015625,0.08716937899589539,0.48354053497314453
4.0,eval,d,9,net,c023,0.3311653137207031,-0.27933692932128906,0.08716937899589539,0.48354053497314453
4.0,eval,d,9,net,c046,0.006221771240234375,-0.16568851470947266,0.08716937899589539,0.48354053497314453
4.0,eval,d,9,net,c022,0.13263797760009766,-0.3115558624267578,0.08716937899589539,0.48354053497314453
4.0,eval,d,9,net,c050,0.1985158920288086,-0.17412757873535156,0.08716937899589539,0.48354053497314453
4.0,deploy,d,9,net,c006,0.036332130432128906,0.015500068664550781,0.05489473044872284,0.45009422302246094
4.0,deploy,d,9,net,c017,0.1068115234375,0.10184097290039062,0.05489473044872284,0.45009422302246094
4.0,deploy,d,9,net,c039,0.08742904663085938,0.3232278823852539,0.05489473044872284,0.45009422302246094
4.0,deploy,d,9,net,c036,0.042964935302734375,0.055396080017089844,0.05489473044872284,0.45009422302246094
4.0,deploy,d,9,net,c009,-0.022255897521972656,0.1930255889892578,0.05489473044872284,0.45009422302246094
4.0,deploy,d,9,net,c000,0.07169532775878906,-0.0011510848999023438,0.05489473044872284,0.45009422302246094
4.0,deploy,d,9,net,c013,0.07725811004638672,0.09777545928955078,0.05489473044872284,0.45009422302246094
4.0,deploy,d,9,net,c049,-0.12648677825927734,0.1373910903930664,0.05489473044872284,0.45009422302246094
4.0,deploy,d,9,net,c058,-0.08510780334472656,-0.007576942443847656,0.05489473044872284,0.45009422302246094
4.0,deploy,d,9,net,c024,0.07352924346923828,0.050810813903808594,0.05489473044872284,0.45009422302246094
4.0,deploy,d,9,net,c042,0.10863208770751953,0.03470420837402344,0.05489473044872284,0.45009422302246094
4.0,deploy,d,9,net,c047,0.08732128143310547,0.1865406036376953,0.05489473044872284,0.45009422302246094
4.0,deploy,d,9,net,c043,0.0838479995727539,0.10319042205810547,0.05489473044872284,0.45009422302246094
4.0,deploy,d,9,net,c003,0.016844749450683594,-0.002277374267578125,0.05489473044872284,0.45009422302246094
4.0,deploy,d,9,net,c041,0.10248374938964844,0.019609451293945312,0.05489473044872284,0.45009422302246094
4.0,deploy,d,9,net,c008,-0.011409759521484375,0.49395275115966797,0.05489473044872284,0.45009422302246094
4.0,deploy,d,9,net,c045,0.10222148895263672,0.031853675842285156,0.05489473044872284,0.45009422302246094
4.0,deploy,d,9,net,c011,0.1573333740234375,0.12866783142089844,0.05489473044872284,0.45009422302246094
4.0,deploy,d,9,net,c020,0.12173843383789062,-0.061534881591796875,0.05489473044872284,0.45009422302246094
4.0,deploy,d,9,net,c044,0.1313161849975586,0.13221073150634766,0.05489473044872284,0.45009422302246094
4.0,deploy,d,9,net,c016,0.09891319274902344,0.04594612121582031,0.05489473044872284,0.45009422302246094
4.0,deploy,d,9,net,c056,0.17313289642333984,0.05675029754638672,0.05489473044872284,0.45009422302246094
4.0,deploy,d,9,net,c025,0.0765380859375,-0.009435653686523438,0.05489473044872284,0.45009422302246094
4.0,deploy,d,9,net,c029,-0.022520065307617188,-0.00732421875,0.05489473044872284,0.45009422302246094
4.0,deploy,d,9,net,c014,0.06465816497802734,0.06722450256347656,0.05489473044872284,0.45009422302246094
4.0,deploy,d,9,net,c002,0.1729736328125,0.08213424682617188,0.05489473044872284,0.45009422302246094
4.0,deploy,d,9,net,c023,0.09696388244628906,0.054345130920410156,0.05489473044872284,0.45009422302246094
4.0,deploy,d,9,net,c046,0.17133235931396484,-0.053923606872558594,0.05489473044872284,0.45009422302246094
4.0,deploy,d,9,net,c022,0.0937967300415039,-0.07717609405517578,0.05489473044872284,0.45009422302246094
4.0,deploy,d,9,net,c050,0.12099266052246094,0.018136024475097656,0.05489473044872284,0.45009422302246094
4.0,deploy,d,9,net,c006,0.01640033721923828,-0.001422882080078125,0.05489473044872284,0.45009422302246094
4.0,deploy,d,9,net,c017,0.042560577392578125,0.06438541412353516,0.05489473044872284,0.45009422302246094
4.0,deploy,d,9,net,c039,0.0022954940795898438,0.24741363525390625,0.05489473044872284,0.45009422302246094
4.0,deploy,d,9,net,c036,0.009366989135742188,0.06941986083984375,0.05489473044872284,0.45009422302246094
4.0,deploy,d,9,net,c009,-0.058381080627441406,0.13258934020996094,0.05489473044872284,0.45009422302246094
4.0,deploy,d,9,net,c000,0.1532573699951172,-0.050965309143066406,0.05489473044872284,0.45009422302246094
4.0,deploy,d,9,net,c013,0.1118621826171875,0.08406543731689453,0.05489473044872284,0.45009422302246094
4.0,deploy,d,9,net,c049,-0.21257305145263672,0.31192588806152344,0.05489473044872284,0.45009422302246094
4.0,deploy,d,9,net,c058,0.03425025939941406,0.006299018859863281,0.05489473044872284,0.45009422302246094
4.0,deploy,d,9,net,c024,0.07982730865478516,-0.042186737060546875,0.05489473044872284,0.45009422302246094
4.0,deploy,d,9,net,c042,0.11197185516357422,0.03307628631591797,0.05489473044872284,0.45009422302246094
4.0,deploy,d,9,net,c047,0.03561687469482422,0.12230873107910156,0.05489473044872284,0.45009422302246094
4.0,deploy,d,9,net,c043,0.21484661102294922,-0.017061233520507812,0.05489473044872284,0.45009422302246094
4.0,deploy,d,9,net,c003,0.03955841064453125,-0.023382186889648438,0.05489473044872284,0.45009422302246094
4.0,deploy,d,9,net,c041,-0.02210235595703125,0.1756267547607422,0.05489473044872284,0.45009422302246094
4.0,deploy,d,9,net,c008,-0.006939888000488281,0.17534542083740234,0.05489473044872284,0.45009422302246094
4.0,deploy,d,9,net,c045,0.24658966064453125,-0.048127174377441406,0.05489473044872284,0.45009422302246094
4.0,deploy,d,9,net,c011,0.10387516021728516,0.07699775695800781,0.05489473044872284,0.45009422302246094
4.0,deploy,d,9,net,c020,0.1364145278930664,0.015929222106933594,0.05489473044872284,0.45009422302246094
4.0,deploy,d,9,net,c044,0.041828155517578125,0.14012813568115234,0.05489473044872284,0.45009422302246094
4.0,deploy,d,9,net,c016,0.0941305160522461,-0.03012561798095703,0.05489473044872284,0.45009422302246094
4.0,deploy,d,9,net,c056,0.2311878204345703,0.0849008560180664,0.05489473044872284,0.45009422302246094
4.0,deploy,d,9,net,c025,0.08898353576660156,-0.0008392333984375,0.05489473044872284,0.45009422302246094
4.0,deploy,d,9,net,c029,-0.05402660369873047,0.12077713012695312,0.05489473044872284,0.45009422302246094
4.0,deploy,d,9,net,c014,0.034394264221191406,0.17672061920166016,0.05489473044872284,0.45009422302246094
4.0,deploy,d,9,net,c002,0.15728092193603516,-0.03976249694824219,0.05489473044872284,0.45009422302246094
4.0,deploy,d,9,net,c023,0.07276344299316406,0.0698556900024414,0.05489473044872284,0.45009422302246094
4.0,deploy,d,9,net,c046,0.04232978820800781,0.03394126892089844,0.05489473044872284,0.45009422302246094
4.0,deploy,d,9,net,c022,0.14378833770751953,0.03334808349609375,0.05489473044872284,0.45009422302246094
4.0,deploy,d,9,net,c050,0.12332725524902344,0.013111114501953125,0.05489473044872284,0.45009422302246094
4.0,eval,random,9,net,c006,0.09315745035807292,-0.20845063527425128,0.08676714760561784,0.49563703934351605
4.0,eval,random,9,net,c017,-0.07058525085449219,-0.06538677215576172,0.08676714760561784,0.49563703934351605
4.0,eval,random,9,net,c039,-0.11109320322672527,-0.3971401850382487,0.08676714760561784,0.49563703934351605
4.0,eval,random,9,net,c036,-0.06142107645670573,-0.1866327921549479,0.08676714760561784,0.49563703934351605
4.0,eval,random,9,net,c009,-0.35638968149820965,-0.24087587992350262,0.08676714760561784,0.49563703934351605
4.0,eval,random,9,net,c000,0.039555867513020836,-0.21239630381266275,0.08676714760561784,0.49563703934351605
4.0,eval,random,9,net,c013,0.11268870035807292,-0.22089894612630206,0.08676714760561784,0.49563703934351605
4.0,eval,random,9,net,c049,-0.10793050130208333,-0.22502930959065753,0.08676714760561784,0.49563703934351605
4.0,eval,random,9,net,c058,-0.14206949869791666,-0.31945292154947913,0.08676714760561784,0.49563703934351605
4.0,eval,random,9,net,c024,0.008217493693033854,-0.3011992772420247,0.08676714760561784,0.49563703934351605
4.0,eval,random,9,net,c042,-0.05831305185953776,-0.2916685740152995,0.08676714760561784,0.49563703934351605
4.0,eval,random,9,net,c047,-0.013262430826822916,-0.3119932810465495,0.08676714760561784,0.49563703934351605
4.0,eval,random,9,net,c043,-0.2699696222941081,-0.42035452524820965,0.08676714760561784,0.49563703934351605
4.0,eval,random,9,net,c003,0.03270594278971354,-0.3211568196614583,0.08676714760561784,0.49563703934351605
4.0,eval,random,9,net,c041,-0.16696612040201822,-0.2521111170450846,0.08676714760561784,0.49563703934351605
4.0,eval,random,9,net,c008,-0.6123682657877604,-0.37013212839762366,0.08676714760561784,0.49563703934351605
4.0,eval,random,9,net,c045,0.08111127217610677,-0.2676073710123698,0.08676714760561784,0.49563703934351605
4.0,eval,random,9,net,c011,-0.02879937489827474,-0.22867043813069662,0.08676714760561784,0.49563703934351605
4.0,eval,random,9,net,c020,0.23380184173583984,-0.2698335647583008,0.08676714760561784,0.49563703934351605
4.0,eval,random,9,net,c044,0.02348486582438151,-0.27148183186848956,0.08676714760561784,0.49563703934351605
4.0,eval,random,9,net,c016,0.09330813090006511,-0.17996819814046222,0.08676714760561784,0.49563703934351605
4.0,eval,random,9,net,c056,0.16817474365234375,-0.2203197479248047,0.08676714760561784,0.49563703934351605
4.0,eval,random,9,net,c025,-0.03395366668701172,-0.30201244354248047,0.08676714760561784,0.49563703934351605
4.0,eval,random,9,net,c029,-0.1275943120320638,-0.2411006291707357,0.08676714760561784,0.49563703934351605
4.0,eval,random,9,net,c014,-0.2720177968343099,-0.33812840779622394,0.08676714760561784,0.49563703934351605
4.0,eval,random,9,net,c002,0.08611520131429036,-0.33236853281656903,0.08676714760561784,0.49563703934351605
4.0,eval,random,9,net,c023,0.018761952718098957,-0.3187491099039714,0.08676714760561784,0.49563703934351605
4.0,eval,random,9,net,c046,-0.07585366566975911,-0.3621056874593099,0.08676714760561784,0.49563703934351605
4.0,eval,random,9,net,c022,-0.05604394276936849,-0.16756661732991537,0.08676714760561784,0.49563703934351605
4.0,eval,random,9,net,c050,0.22620423634847006,-0.26427904764811194,0.08676714760561784,0.49563703934351605
4.0,eval,random,9,net,c006,0.07417996724446614,-0.2889954249064128,0.08676714760561784,0.49563703934351605
4.0,eval,random,9,net,c017,0.2918389638264974,-0.2424427668253581,0.08676714760561784,0.49563703934351605
4.0,eval,random,9,net,c039,-0.17854436238606772,-0.25899155934651696,0.08676714760561784,0.49563703934351605
4.0,eval,random,9,net,c036,-0.16499964396158853,-0.26841322580973304,0.08676714760561784,0.49563703934351605
4.0,eval,random,9,net,c009,-0.15027713775634766,-0.3446626663208008,0.08676714760561784,0.49563703934351605
4.0,eval,random,9,net,c000,-0.02031675974527995,-0.23137919108072916,0.08676714760561784,0.49563703934351605
4.0,eval,random,9,net,c013,-0.08752218882242839,-0.2185341517130534,0.08676714760561784,0.49563703934351605
4.0,eval,random,9,net,c049,-0.21019299825032553,-0.21710427602132162,0.08676714760561784,0.49563703934351605
4.0,eval,random,9,net,c058,-0.19850540161132812,-0.24239444732666016,0.08676714760561784,0.49563703934351605
4.0,eval,random,9,net,c024,-0.0029427210489908853,-0.2682758967081706,0.08676714760561784,0.49563703934351605
4.0,eval,random,9,net,c042,-0.1718899408976237,-0.3040863672892252,0.08676714760561784,0.49563703934351605
4.0,eval,random,9,net,c047,-0.006225268046061198,-0.33053747812906903,0.08676714760561784,0.49563703934351605
4.0,eval,random,9,net,c043,-0.0978403091430664,-0.3593873977661133,0.08676714760561784,0.49563703934351605
4.0,eval,random,9,net,c003,-0.11667696634928386,-0.3264118830362956,0.08676714760561784,0.49563703934351605
4.0,eval,random,9,net,c041,-0.26817862192789715,-0.4709116617838542,0.08676714760561784,0.49563703934351605
4.0,eval,random,9,net,c008,-0.16198507944742838,-0.2949873606363932,0.08676714760561784,0.49563703934351605
4.0,eval,random,9,net,c045,-0.05127175649007162,-0.2731240590413411,0.08676714760561784,0.49563703934351605
4.0,eval,random,9,net,c011,-0.16043408711751303,-0.32009824117024743,0.08676714760561784,0.49563703934351605
4.0,eval,random,9,net,c020,0.13446044921875,-0.3126382827758789,0.08676714760561784,0.49563703934351605
4.0,eval,random,9,net,c044,-0.25846195220947266,-0.2705211639404297,0.08676714760561784,0.49563703934351605
4.0,eval,random,9,net,c016,0.09075037638346355,-0.2535851796468099,0.08676714760561784,0.49563703934351605
4.0,eval,random,9,net,c056,-0.022935231526692707,-0.22095235188802084,0.08676714760561784,0.49563703934351605
4.0,eval,random,9,net,c025,-0.25842952728271484,-0.3960294723510742,0.08676714760561784,0.49563703934351605
4.0,eval,random,9,net,c029,-0.0738372802734375,-0.4187040328979492,0.08676714760561784,0.49563703934351605
4.0,eval,random,9,net,c014,-0.1679983139038086,-0.264129638671875,0.08676714760561784,0.49563703934351605
4.0,eval,random,9,net,c002,-0.00031439463297526043,-0.3304297129313151,0.08676714760561784,0.49563703934351605
4.0,eval,random,9,net,c023,0.22267754872639975,-0.3878246943155924,0.08676714760561784,0.49563703934351605
4.0,eval,random,9,net,c046,-0.22391064961751303,-0.3958209355672201,0.08676714760561784,0.49563703934351605
4.0,eval,random,9,net,c022,0.02112134297688802,-0.42307249704996747,0.08676714760561784,0.49563703934351605
4.0,eval,random,9,net,c050,0.12363433837890625,-0.2490091323852539,0.08676714760561784,0.49563703934351605
6.0,eval,d,9,net,c006,-0.01746368408203125,-0.31907176971435547,0.11101183295249939,0.4754104018211365
6.0,eval,d,9,net,c017,0.011776924133300781,0.01697540283203125,0.11101183295249939,0.4754104018211365
6.0,eval,d,9,net,c039,0.1956033706665039,-0.09044361114501953,0.11101183295249939,0.4754104018211365
6.0,eval,d,9,net,c036,-0.010904312133789062,-0.13611602783203125,0.11101183295249939,0.4754104018211365
6.0,eval,d,9,net,c009,-0.025734901428222656,0.08977890014648438,0.11101183295249939,0.4754104018211365
6.0,eval,d,9,net,c000,0.017419815063476562,-0.23453235626220703,0.11101183295249939,0.4754104018211365
6.0,eval,d,9,net,c013,0.05946636199951172,-0.2741212844848633,0.11101183295249939,0.4754104018211365
6.0,eval,d,9,net,c049,-0.0639944076538086,-0.1810932159423828,0.11101183295249939,0.4754104018211365
6.0,eval,d,9,net,c058,0.07200241088867188,-0.10538101196289062,0.11101183295249939,0.4754104018211365
6.0,eval,d,9,net,c024,0.01856517791748047,-0.2908515930175781,0.11101183295249939,0.4754104018211365
6.0,eval,d,9,net,c042,-0.025536537170410156,-0.2588920593261719,0.11101183295249939,0.4754104018211365
6.0,eval,d,9,net,c047,0.16021442413330078,-0.13851642608642578,0.11101183295249939,0.4754104018211365
6.0,eval,d,9,net,c043,-0.06000041961669922,-0.21038532257080078,0.11101183295249939,0.4754104018211365
6.0,eval,d,9,net,c003,-0.019231796264648438,-0.3730945587158203,0.11101183295249939,0.4754104018211365
6.0,eval,d,9,net,c041,-0.049102783203125,-0.1342477798461914,0.11101183295249939,0.4754104018211365
6.0,eval,d,9,net,c008,0.006157875061035156,0.24839401245117188,0.11101183295249939,0.4754104018211365
6.0,eval,d,9,net,c045,-0.009357452392578125,-0.3580760955810547,0.11101183295249939,0.4754104018211365
6.0,eval,d,9,net,c011,0.038382530212402344,-0.16148853302001953,0.11101183295249939,0.4754104018211365
6.0,eval,d,9,net,c020,0.004967689514160156,-0.49866771697998047,0.11101183295249939,0.4754104018211365
6.0,eval,d,9,net,c044,-0.008782386779785156,-0.30374908447265625,0.11101183295249939,0.4754104018211365
6.0,eval,d,9,net,c016,0.052764892578125,-0.22051143646240234,0.11101183295249939,0.4754104018211365
6.0,eval,d,9,net,c056,0.23056888580322266,-0.15792560577392578,0.11101183295249939,0.4754104018211365
6.0,eval,d,9,net,c025,0.006026268005371094,-0.26203250885009766,0.11101183295249939,0.4754104018211365
6.0,eval,d,9,net,c029,0.023538589477539062,-0.08996772766113281,0.11101183295249939,0.4754104018211365
6.0,eval,d,9,net,c014,-0.04318809509277344,-0.1092987060546875,0.11101183295249939,0.4754104018211365
6.0,eval,d,9,net,c002,0.1014404296875,-0.3170433044433594,0.11101183295249939,0.4754104018211365
6.0,eval,d,9,net,c023,0.20532989501953125,-0.13218116760253906,0.11101183295249939,0.4754104018211365
6.0,eval,d,9,net,c046,0.041426658630371094,-0.2448253631591797,0.11101183295249939,0.4754104018211365
6.0,eval,d,9,net,c022,-0.03112316131591797,-0.14264583587646484,0.11101183295249939,0.4754104018211365
6.0,eval,d,9,net,c050,0.20876502990722656,-0.28171825408935547,0.11101183295249939,0.4754104018211365
6.0,eval,d,9,net,c006,0.02929210662841797,-0.33388328552246094,0.11101183295249939,0.4754104018211365
6.0,eval,d,9,net,c017,0.23827075958251953,-0.29601097106933594,0.11101183295249939,0.4754104018211365
6.0,eval,d,9,net,c039,0.1715097427368164,0.09106254577636719,0.11101183295249939,0.4754104018211365
6.0,eval,d,9,net,c036,-0.1419696807861328,-0.24538326263427734,0.11101183295249939,0.4754104018211365
6.0,eval,d,9,net,c009,0.09001445770263672,-0.1043710708618164,0.11101183295249939,0.4754104018211365
6.0,eval,d,9,net,c000,0.01132965087890625,-0.19973278045654297,0.11101183295249939,0.4754104018211365
6.0,eval,d,9,net,c013,-0.005503654479980469,-0.13651561737060547,0.11101183295249939,0.4754104018211365
6.0,eval,d,9,net,c049,0.04925251007080078,0.04234123229980469,0.11101183295249939,0.4754104018211365
6.0,eval,d,9,net,c058,-0.037444114685058594,-0.08133316040039062,0.11101183295249939,0.4754104018211365
6.0,eval,d,9,net,c024,0.043654441833496094,-0.2216787338256836,0.11101183295249939,0.4754104018211365
6.0,eval,d,9,net,c042,0.03448772430419922,-0.09770870208740234,0.11101183295249939,0.4754104018211365
6.0,eval,d,9,net,c047,0.06782817840576172,-0.2564840316772461,0.11101183295249939,0.4754104018211365
6.0,eval,d,9,net,c043,0.13567161560058594,-0.12587547302246094,0.11101183295249939,0.4754104018211365
6.0,eval,d,9,net,c003,0.009924888610839844,-0.19981002807617188,0.11101183295249939,0.4754104018211365
6.0,eval,d,9,net,c041,-0.07508087158203125,-0.2778139114379883,0.11101183295249939,0.4754104018211365
6.0,eval,d,9,net,c008,0.10432910919189453,-0.028673171997070312,0.11101183295249939,0.4754104018211365
6.0,eval,d,9,net,c045,0.015279769897460938,-0.2065725326538086,0.11101183295249939,0.4754104018211365
6.0,eval,d,9,net,c011,0.07514190673828125,-0.08452224731445312,0.11101183295249939,0.4754104018211365
6.0,eval,d,9,net,c020,0.07222557067871094,-0.37487316131591797,0.11101183295249939,0.4754104018211365
6.0,eval,d,9,net,c044,-0.07954692840576172,-0.09160614013671875,0.11101183295249939,0.4754104018211365
6.0,eval,d,9,net,c016,0.11151313781738281,-0.23282241821289062,0.11101183295249939,0.4754104018211365
6.0,eval,d,9,net,c056,0.15803146362304688,-0.03998565673828125,0.11101183295249939,0.4754104018211365
6.0,eval,d,9,net,c025,-0.08361625671386719,-0.22121620178222656,0.11101183295249939,0.4754104018211365
6.0,eval,d,9,net,c029,0.14844417572021484,-0.19642257690429688,0.11101183295249939,0.4754104018211365
6.0,eval,d,9,net,c014,0.02100849151611328,-0.07512283325195312,0.11101183295249939,0.4754104018211365
6.0,eval,d,9,net,c002,0.18871212005615234,-0.1414031982421875,0.11101183295249939,0.4754104018211365
6.0,eval,d,9,net,c023,0.1592264175415039,-0.4512758255004883,0.11101183295249939,0.4754104018211365
6.0,eval,d,9,net,c046,-0.07083415985107422,-0.24274444580078125,0.11101183295249939,0.4754104018211365
6.0,eval,d,9,net,c022,-0.03229331970214844,-0.4764871597290039,0.11101183295249939,0.4754104018211365
6.0,eval,d,9,net,c050,0.07800483703613281,-0.29463863372802734,0.11101183295249939,0.4754104018211365
6.0,deploy,d,9,net,c006,-0.06203937530517578,-0.0828714370727539,0.07091296464204788,0.44677019119262695
6.0,deploy,d,9,net,c017,0.00048828125,-0.004482269287109375,0.07091296464204788,0.44677019119262695
6.0,deploy,d,9,net,c039,0.0637521743774414,0.29955101013183594,0.07091296464204788,0.44677019119262695
6.0,deploy,d,9,net,c036,-0.045040130615234375,-0.032608985900878906,0.07091296464204788,0.44677019119262695
6.0,deploy,d,9,net,c009,-0.0666952133178711,0.14858627319335938,0.07091296464204788,0.44677019119262695
6.0,deploy,d,9,net,c000,-0.019802093505859375,-0.09264850616455078,0.07091296464204788,0.44677019119262695
6.0,deploy,d,9,net,c013,-0.029150009155273438,-0.008632659912109375,0.07091296464204788,0.44677019119262695
6.0,deploy,d,9,net,c049,-0.15411376953125,0.10976409912109375,0.07091296464204788,0.44677019119262695
6.0,deploy,d,9,net,c058,-0.1602954864501953,-0.0827646255493164,0.07091296464204788,0.44677019119262695
6.0,deploy,d,9,net,c024,-0.006869316101074219,-0.029587745666503906,0.07091296464204788,0.44677019119262695
6.0,deploy,d,9,net,c042,0.007884979248046875,-0.06604290008544922,0.07091296464204788,0.44677019119262695
6.0,deploy,d,9,net,c047,0.009983062744140625,0.10920238494873047,0.07091296464204788,0.44677019119262695
6.0,deploy,d,9,net,c043,-0.001354217529296875,0.017988204956054688,0.07091296464204788,0.44677019119262695
6.0,deploy,d,9,net,c003,-0.08107185363769531,-0.10019397735595703,0.07091296464204788,0.44677019119262695
6.0,deploy,d,9,net,c041,0.0212554931640625,-0.061618804931640625,0.07091296464204788,0.44677019119262695
6.0,deploy,d,9,net,c008,-0.026052474975585938,0.4793100357055664,0.07091296464204788,0.44677019119262695
6.0,deploy,d,9,net,c045,0.0032863616943359375,-0.06708145141601562,0.07091296464204788,0.44677019119262695
6.0,deploy,d,9,net,c011,0.05881690979003906,0.0301513671875,0.07091296464204788,0.44677019119262695
6.0,deploy,d,9,net,c020,-0.012221336364746094,-0.1954946517944336,0.07091296464204788,0.44677019119262695
6.0,deploy,d,9,net,c044,0.019145965576171875,0.020040512084960938,0.07091296464204788,0.44677019119262695
6.0,deploy,d,9,net,c016,0.02200603485107422,-0.030961036682128906,0.07091296464204788,0.44677019119262695
6.0,deploy,d,9,net,c056,0.1371469497680664,0.02076435089111328,0.07091296464204788,0.44677019119262695
6.0,deploy,d,9,net,c025,-0.007994651794433594,-0.09396839141845703,0.07091296464204788,0.44677019119262695
6.0,deploy,d,9,net,c029,-0.11094093322753906,-0.09574508666992188,0.07091296464204788,0.44677019119262695
6.0,deploy,d,9,net,c014,-0.02549266815185547,-0.02292633056640625,0.07091296464204788,0.44677019119262695
6.0,deploy,d,9,net,c002,0.061244964599609375,-0.02959442138671875,0.07091296464204788,0.44677019119262695
6.0,deploy,d,9,net,c023,-0.007909774780273438,-0.050528526306152344,0.07091296464204788,0.44677019119262695
6.0,deploy,d,9,net,c046,0.061715126037597656,-0.16354084014892578,0.07091296464204788,0.44677019119262695
6.0,deploy,d,9,net,c022,-0.01752948760986328,-0.18850231170654297,0.07091296464204788,0.44677019119262695
6.0,deploy,d,9,net,c050,-0.0012636184692382812,-0.10412025451660156,0.07091296464204788,0.44677019119262695
6.0,deploy,d,9,net,c006,-0.07689476013183594,-0.09471797943115234,0.07091296464204788,0.44677019119262695
6.0,deploy,d,9,net,c017,-0.06004047393798828,-0.03821563720703125,0.07091296464204788,0.44677019119262695
6.0,deploy,d,9,net,c039,-0.0139617919921875,0.2311563491821289,0.07091296464204788,0.44677019119262695
6.0,deploy,d,9,net,c036,-0.0513458251953125,0.008707046508789062,0.07091296464204788,0.44677019119262695
6.0,deploy,d,9,net,c009,-0.09044837951660156,0.10052204132080078,0.07091296464204788,0.44677019119262695
6.0,deploy,d,9,net,c000,0.03873157501220703,-0.16549110412597656,0.07091296464204788,0.44677019119262695
6.0,deploy,d,9,net,c013,0.004062652587890625,-0.023734092712402344,0.07091296464204788,0.44677019119262695
6.0,deploy,d,9,net,c049,-0.19104480743408203,0.3334541320800781,0.07091296464204788,0.44677019119262695
6.0,deploy,d,9,net,c058,-0.03253746032714844,-0.06048870086669922,0.07091296464204788,0.44677019119262695
6.0,deploy,d,9,net,c024,-0.02443408966064453,-0.14644813537597656,0.07091296464204788,0.44677019119262695
6.0,deploy,d,9,net,c042,-0.009291648864746094,-0.08818721771240234,0.07091296464204788,0.44677019119262695
6.0,deploy,d,9,net,c047,-0.012315750122070312,0.07437610626220703,0.07091296464204788,0.44677019119262695
6.0,deploy,d,9,net,c043,0.0943002700805664,-0.13760757446289062,0.07091296464204788,0.44677019119262695
6.0,deploy,d,9,net,c003,-0.058045387268066406,-0.1209859848022461,0.07091296464204788,0.44677019119262695
6.0,deploy,d,9,net,c041,-0.08243083953857422,0.11529827117919922,0.07091296464204788,0.44677019119262695
6.0,deploy,d,9,net,c008,-0.06397819519042969,0.11830711364746094,0.07091296464204788,0.44677019119262695
6.0,deploy,d,9,net,c045,0.1006612777709961,-0.19405555725097656,0.07091296464204788,0.44677019119262695
6.0,deploy,d,9,net,c011,0.014906883239746094,-0.01197052001953125,0.07091296464204788,0.44677019119262695
6.0,deploy,d,9,net,c020,0.03664684295654297,-0.08383846282958984,0.07091296464204788,0.44677019119262695
6.0,deploy,d,9,net,c044,-0.07159423828125,0.02670574188232422,0.07091296464204788,0.44677019119262695
6.0,deploy,d,9,net,c016,0.012769699096679688,-0.11148643493652344,0.07091296464204788,0.44677019119262695
6.0,deploy,d,9,net,c056,0.18266868591308594,0.03638172149658203,0.07091296464204788,0.44677019119262695
6.0,deploy,d,9,net,c025,0.0015058517456054688,-0.0883169174194336,0.07091296464204788,0.44677019119262695
6.0,deploy,d,9,net,c029,-0.08880996704101562,0.08599376678466797,0.07091296464204788,0.44677019119262695
6.0,deploy,d,9,net,c014,-0.054627418518066406,0.08769893646240234,0.07091296464204788,0.44677019119262695
6.0,deploy,d,9,net,c002,0.037815093994140625,-0.15922832489013672,0.07091296464204788,0.44677019119262695
6.0,deploy,d,9,net,c023,-0.04705810546875,-0.049965858459472656,0.07091296464204788,0.44677019119262695
6.0,deploy,d,9,net,c046,-0.029303550720214844,-0.03769207000732422,0.07091296464204788,0.44677019119262695
6.0,deploy,d,9,net,c022,0.011453628540039062,-0.09898662567138672,0.07091296464204788,0.44677019119262695
6.0,deploy,d,9,net,c050,0.015649795532226562,-0.09456634521484375,0.07091296464204788,0.44677019119262695
6.0,eval,random,9,net,c006,-0.11756706237792969,-0.4191751480102539,0.14522096887230873,0.4192345192035039
6.0,eval,random,9,net,c017,-0.12036546071370442,-0.11516698201497395,0.14522096887230873,0.4192345192035039
6.0,eval,random,9,net,c039,-0.3487977981567383,-0.6348447799682617,0.14522096887230873,0.4192345192035039
6.0,eval,random,9,net,c036,-0.1474310557047526,-0.27264277140299475,0.14522096887230873,0.4192345192035039
6.0,eval,random,9,net,c009,-0.4393838246663411,-0.3238700230916341,0.14522096887230873,0.4192345192035039
6.0,eval,random,9,net,c000,-0.16791661580403647,-0.4198687871297201,0.14522096887230873,0.4192345192035039
6.0,eval,random,9,net,c013,-0.09306112925211589,-0.4266487757364909,0.14522096887230873,0.4192345192035039
6.0,eval,random,9,net,c049,-0.2738065719604492,-0.39090538024902344,0.14522096887230873,0.4192345192035039
6.0,eval,random,9,net,c058,-0.31099669138590497,-0.48838011423746747,0.14522096887230873,0.4192345192035039
6.0,eval,random,9,net,c024,-0.2162052790323893,-0.5256220499674479,0.14522096887230873,0.4192345192035039
6.0,eval,random,9,net,c042,-0.18506431579589844,-0.41841983795166016,0.14522096887230873,0.4192345192035039
6.0,eval,random,9,net,c047,-0.15320491790771484,-0.4519357681274414,0.14522096887230873,0.4192345192035039
6.0,eval,random,9,net,c043,-0.41860485076904297,-0.5689897537231445,0.14522096887230873,0.4192345192035039
6.0,eval,random,9,net,c003,-0.18873977661132812,-0.5426025390625,0.14522096887230873,0.4192345192035039
6.0,eval,random,9,net,c041,-0.3113247553507487,-0.3964697519938151,0.14522096887230873,0.4192345192035039
6.0,eval,random,9,net,c008,-0.7344814936319987,-0.49224535624186194,0.14522096887230873,0.4192345192035039
6.0,eval,random,9,net,c045,-0.18112309773763022,-0.5298417409261068,0.14522096887230873,0.4192345192035039
6.0,eval,random,9,net,c011,-0.16004498799641928,-0.3599160512288412,0.14522096887230873,0.4192345192035039
6.0,eval,random,9,net,c020,-0.06293646494547527,-0.5665718714396158,0.14522096887230873,0.4192345192035039
6.0,eval,random,9,net,c044,-0.19870917002360025,-0.4936758677164713,0.14522096887230873,0.4192345192035039
6.0,eval,random,9,net,c016,-0.07363224029541016,-0.3469085693359375,0.14522096887230873,0.4192345192035039
6.0,eval,random,9,net,c056,-0.046371142069498696,-0.43486563364664715,0.14522096887230873,0.4192345192035039
6.0,eval,random,9,net,c025,-0.26976903279622394,-0.5378278096516926,0.14522096887230873,0.4192345192035039
6.0,eval,random,9,net,c029,-0.23337713877360025,-0.3468834559122721,0.14522096887230873,0.4192345192035039
6.0,eval,random,9,net,c014,-0.36641184488932294,-0.432522455851237,0.14522096887230873,0.4192345192035039
6.0,eval,random,9,net,c002,-0.11087989807128906,-0.5293636322021484,0.14522096887230873,0.4192345192035039
6.0,eval,random,9,net,c023,-0.1844813028971354,-0.5219923655192057,0.14522096887230873,0.4192345192035039
6.0,eval,random,9,net,c046,-0.28722254435221356,-0.5734745661417644,0.14522096887230873,0.4192345192035039
6.0,eval,random,9,net,c022,-0.1498406728108724,-0.2613633473714193,0.14522096887230873,0.4192345192035039
6.0,eval,random,9,net,c050,-0.015704790751139324,-0.5061880747477213,0.14522096887230873,0.4192345192035039
6.0,eval,random,9,net,c006,-0.12086900075276692,-0.4840443929036458,0.14522096887230873,0.4192345192035039
6.0,eval,random,9,net,c017,0.06181812286376953,-0.47246360778808594,0.14522096887230873,0.4192345192035039
6.0,eval,random,9,net,c039,-0.3241840998331706,-0.4046312967936198,0.14522096887230873,0.4192345192035039
6.0,eval,random,9,net,c036,-0.26291751861572266,-0.3663311004638672,0.14522096887230873,0.4192345192035039
6.0,eval,random,9,net,c009,-0.3537302017211914,-0.5481157302856445,0.14522096887230873,0.4192345192035039
6.0,eval,random,9,net,c000,-0.1836538314819336,-0.3947162628173828,0.14522096887230873,0.4192345192035039
6.0,eval,random,9,net,c013,-0.19795894622802734,-0.32897090911865234,0.14522096887230873,0.4192345192035039
6.0,eval,random,9,net,c049,-0.32410621643066406,-0.33101749420166016,0.14522096887230873,0.4192345192035039
6.0,eval,random,9,net,c058,-0.3241554896036784,-0.36804453531901044,0.14522096887230873,0.4192345192035039
6.0,eval,random,9,net,c024,-0.20119380950927734,-0.46652698516845703,0.14522096887230873,0.4192345192035039
6.0,eval,random,9,net,c042,-0.2751089731852214,-0.40730539957682294,0.14522096887230873,0.4192345192035039
6.0,eval,random,9,net,c047,-0.2010227839152018,-0.5253349939982096,0.14522096887230873,0.4192345192035039
6.0,eval,random,9,net,c043,-0.28350067138671875,-0.5450477600097656,0.14522096887230873,0.4192345192035039
6.0,eval,random,9,net,c003,-0.2802419662475586,-0.4899768829345703,0.14522096887230873,0.4192345192035039
6.0,eval,random,9,net,c041,-0.4457467397054036,-0.6484797795613606,0.14522096887230873,0.4192345192035039
6.0,eval,random,9,net,c008,-0.346954345703125,-0.47995662689208984,0.14522096887230873,0.4192345192035039
6.0,eval,random,9,net,c045,-0.21476968129475912,-0.4366219838460287,0.14522096887230873,0.4192345192035039
6.0,eval,random,9,net,c011,-0.3143043518066406,-0.473968505859375,0.14522096887230873,0.4192345192035039
6.0,eval,random,9,net,c020,-0.07820574442545573,-0.5253044764200846,0.14522096887230873,0.4192345192035039
6.0,eval,random,9,net,c044,-0.3485342661539714,-0.3605934778849284,0.14522096887230873,0.4192345192035039
6.0,eval,random,9,net,c016,-0.11764049530029297,-0.4619760513305664,0.14522096887230873,0.4192345192035039
6.0,eval,random,9,net,c056,-0.1900027592976888,-0.38801987965901696,0.14522096887230873,0.4192345192035039
6.0,eval,random,9,net,c025,-0.45899295806884766,-0.596592903137207,0.14522096887230873,0.4192345192035039
6.0,eval,random,9,net,c029,-0.26958433787027997,-0.6144510904947917,0.14522096887230873,0.4192345192035039
6.0,eval,random,9,net,c014,-0.2579174041748047,-0.3540487289428711,0.14522096887230873,0.4192345192035039
6.0,eval,random,9,net,c002,-0.20948314666748047,-0.5395984649658203,0.14522096887230873,0.4192345192035039
6.0,eval,random,9,net,c023,-0.08657646179199219,-0.6970787048339844,0.14522096887230873,0.4192345192035039
6.0,eval,random,9,net,c046,-0.4036547342936198,-0.5755650202433269,0.14522096887230873,0.4192345192035039
6.0,eval,random,9,net,c022,-0.2009099324544271,-0.6451037724812826,0.14522096887230873,0.4192345192035039
6.0,eval,random,9,net,c050,-0.07347869873046875,-0.4461221694946289,0.14522096887230873,0.4192345192035039
8.0,eval,d,9,net,c006,-0.08217430114746094,-0.38378238677978516,0.11603154987096786,0.4920129179954529
8.0,eval,d,9,net,c017,-0.05818748474121094,-0.05298900604248047,0.11603154987096786,0.4920129179954529
8.0,eval,d,9,net,c039,0.05783367156982422,-0.22821331024169922,0.11603154987096786,0.4920129179954529
8.0,eval,d,9,net,c036,-0.09650325775146484,-0.22171497344970703,0.11603154987096786,0.4920129179954529
8.0,eval,d,9,net,c009,-0.06832408905029297,0.04718971252441406,0.11603154987096786,0.4920129179954529
8.0,eval,d,9,net,c000,-0.035678863525390625,-0.2876310348510742,0.11603154987096786,0.4920129179954529
8.0,eval,d,9,net,c013,-0.0921792984008789,-0.4257669448852539,0.11603154987096786,0.4920129179954529
8.0,eval,d,9,net,c049,-0.22422122955322266,-0.3413200378417969,0.11603154987096786,0.4920129179954529
8.0,eval,d,9,net,c058,0.018390655517578125,-0.15899276733398438,0.11603154987096786,0.4920129179954529
8.0,eval,d,9,net,c024,-0.0649404525756836,-0.3743572235107422,0.11603154987096786,0.4920129179954529
8.0,eval,d,9,net,c042,-0.09084224700927734,-0.32419776916503906,0.11603154987096786,0.4920129179954529
8.0,eval,d,9,net,c047,0.06326580047607422,-0.23546504974365234,0.11603154987096786,0.4920129179954529
8.0,eval,d,9,net,c043,-0.08278274536132812,-0.2331676483154297,0.11603154987096786,0.4920129179954529
8.0,eval,d,9,net,c003,-0.07803058624267578,-0.43189334869384766,0.11603154987096786,0.4920129179954529
8.0,eval,d,9,net,c041,-0.08823204040527344,-0.17337703704833984,0.11603154987096786,0.4920129179954529
8.0,eval,d,9,net,c008,-0.0863199234008789,0.1559162139892578,0.11603154987096786,0.4920129179954529
8.0,eval,d,9,net,c045,-0.13923358917236328,-0.48795223236083984,0.11603154987096786,0.4920129179954529
8.0,eval,d,9,net,c011,-0.05115318298339844,-0.2510242462158203,0.11603154987096786,0.4920129179954529
8.0,eval,d,9,net,c020,-0.0892791748046875,-0.5929145812988281,0.11603154987096786,0.4920129179954529
8.0,eval,d,9,net,c044,-0.10189247131347656,-0.39685916900634766,0.11603154987096786,0.4920129179954529
8.0,eval,d,9,net,c016,0.008967399597167969,-0.2643089294433594,0.11603154987096786,0.4920129179954529
8.0,eval,d,9,net,c056,0.14562606811523438,-0.24286842346191406,0.11603154987096786,0.4920129179954529
8.0,eval,d,9,net,c025,-0.05460643768310547,-0.3226652145385742,0.11603154987096786,0.4920129179954529
8.0,eval,d,9,net,c029,-0.045777320861816406,-0.15928363800048828,0.11603154987096786,0.4920129179954529
8.0,eval,d,9,net,c014,-0.06851959228515625,-0.1346302032470703,0.11603154987096786,0.4920129179954529
8.0,eval,d,9,net,c002,0.01702404022216797,-0.4014596939086914,0.11603154987096786,0.4920129179954529
8.0,eval,d,9,net,c023,0.12360382080078125,-0.21390724182128906,0.11603154987096786,0.4920129179954529
8.0,eval,d,9,net,c046,-0.011507034301757812,-0.2977590560913086,0.11603154987096786,0.4920129179954529
8.0,eval,d,9,net,c022,-0.09417438507080078,-0.20569705963134766,0.11603154987096786,0.4920129179954529
8.0,eval,d,9,net,c050,0.07451343536376953,-0.4159698486328125,0.11603154987096786,0.4920129179954529
8.0,eval,d,9,net,c006,-0.04259777069091797,-0.4057731628417969,0.11603154987096786,0.4920129179954529
8.0,eval,d,9,net,c017,0.0932168960571289,-0.44106483459472656,0.11603154987096786,0.4920129179954529
8.0,eval,d,9,net,c039,0.08749198913574219,0.007044792175292969,0.11603154987096786,0.4920129179954529
8.0,eval,d,9,net,c036,-0.16651344299316406,-0.2699270248413086,0.11603154987096786,0.4920129179954529
8.0,eval,d,9,net,c009,0.0008411407470703125,-0.1935443878173828,0.11603154987096786,0.4920129179954529
8.0,eval,d,9,net,c000,-0.03791332244873047,-0.2489757537841797,0.11603154987096786,0.4920129179954529
8.0,eval,d,9,net,c013,-0.08099842071533203,-0.21201038360595703,0.11603154987096786,0.4920129179954529
8.0,eval,d,9,net,c049,-0.004639625549316406,-0.0115509033203125,0.11603154987096786,0.4920129179954529
8.0,eval,d,9,net,c058,-0.0917520523071289,-0.13564109802246094,0.11603154987096786,0.4920129179954529
8.0,eval,d,9,net,c024,-0.029245376586914062,-0.29457855224609375,0.11603154987096786,0.4920129179954529
8.0,eval,d,9,net,c042,-0.08783245086669922,-0.22002887725830078,0.11603154987096786,0.4920129179954529
8.0,eval,d,9,net,c047,-0.01998615264892578,-0.3442983627319336,0.11603154987096786,0.4920129179954529
8.0,eval,d,9,net,c043,0.06451034545898438,-0.1970367431640625,0.11603154987096786,0.4920129179954529
8.0,eval,d,9,net,c003,-0.06885147094726562,-0.27858638763427734,0.11603154987096786,0.4920129179954529
8.0,eval,d,9,net,c041,-0.1131744384765625,-0.31590747833251953,0.11603154987096786,0.4920129179954529
8.0,eval,d,9,net,c008,-0.03363323211669922,-0.16663551330566406,0.11603154987096786,0.4920129179954529
8.0,eval,d,9,net,c045,-0.07196235656738281,-0.29381465911865234,0.11603154987096786,0.4920129179954529
8.0,eval,d,9,net,c011,-0.034363746643066406,-0.19402790069580078,0.11603154987096786,0.4920129179954529
8.0,eval,d,9,net,c020,-0.01044464111328125,-0.45754337310791016,0.11603154987096786,0.4920129179954529
8.0,eval,d,9,net,c044,-0.09655475616455078,-0.10861396789550781,0.11603154987096786,0.4920129179954529
8.0,eval,d,9,net,c016,0.020956039428710938,-0.3233795166015625,0.11603154987096786,0.4920129179954529
8.0,eval,d,9,net,c056,0.12019538879394531,-0.07782173156738281,0.11603154987096786,0.4920129179954529
8.0,eval,d,9,net,c025,-0.10758686065673828,-0.24518680572509766,0.11603154987096786,0.4920129179954529
8.0,eval,d,9,net,c029,0.07259464263916016,-0.27227210998535156,0.11603154987096786,0.4920129179954529
8.0,eval,d,9,net,c014,-0.08117485046386719,-0.1773061752319336,0.11603154987096786,0.4920129179954529
8.0,eval,d,9,net,c002,0.09957122802734375,-0.2305440902709961,0.11603154987096786,0.4920129179954529
8.0,eval,d,9,net,c023,0.06068229675292969,-0.5498199462890625,0.11603154987096786,0.4920129179954529
8.0,eval,d,9,net,c046,-0.09515762329101562,-0.26706790924072266,0.11603154987096786,0.4920129179954529
8.0,eval,d,9,net,c022,-0.09199047088623047,-0.5361843109130859,0.11603154987096786,0.4920129179954529
8.0,eval,d,9,net,c050,-0.018362998962402344,-0.3910064697265625,0.11603154987096786,0.4920129179954529
8.0,deploy,d,9,net,c006,-0.13160037994384766,-0.15243244171142578,0.0701427310705185,0.46316850185394287
8.0,deploy,d,9,net,c017,-0.0801706314086914,-0.08514118194580078,0.0701427310705185,0.46316850185394287
8.0,deploy,d,9,net,c039,-0.00469970703125,0.23109912872314453,0.0701427310705185,0.46316850185394287
8.0,deploy,d,9,net,c036,-0.11815547943115234,-0.10572433471679688,0.0701427310705185,0.46316850185394287
8.0,deploy,d,9,net,c009,-0.09288978576660156,0.1223917007446289,0.0701427310705185,0.46316850185394287
8.0,deploy,d,9,net,c000,-0.08214950561523438,-0.15499591827392578,0.0701427310705185,0.46316850185394287
8.0,deploy,d,9,net,c013,-0.13638973236083984,-0.11587238311767578,0.0701427310705185,0.46316850185394287
8.0,deploy,d,9,net,c049,-0.15456676483154297,0.10931110382080078,0.0701427310705185,0.46316850185394287
8.0,deploy,d,9,net,c058,-0.18125438690185547,-0.10372352600097656,0.0701427310705185,0.46316850185394287
8.0,deploy,d,9,net,c024,-0.06525230407714844,-0.08797073364257812,0.0701427310705185,0.46316850185394287
8.0,deploy,d,9,net,c042,-0.06507396697998047,-0.13900184631347656,0.0701427310705185,0.46316850185394287
8.0,deploy,d,9,net,c047,-0.088775634765625,0.010443687438964844,0.0701427310705185,0.46316850185394287
8.0,deploy,d,9,net,c043,-0.07241058349609375,-0.05306816101074219,0.0701427310705185,0.46316850185394287
8.0,deploy,d,9,net,c003,-0.1389474868774414,-0.15806961059570312,0.0701427310705185,0.46316850185394287
8.0,deploy,d,9,net,c041,-0.030465126037597656,-0.11333942413330078,0.0701427310705185,0.46316850185394287
8.0,deploy,d,9,net,c008,-0.14281082153320312,0.3625516891479492,0.0701427310705185,0.46316850185394287
8.0,deploy,d,9,net,c045,-0.08315563201904297,-0.15352344512939453,0.0701427310705185,0.46316850185394287
8.0,deploy,d,9,net,c011,-0.03525352478027344,-0.0639190673828125,0.0701427310705185,0.46316850185394287
8.0,deploy,d,9,net,c020,-0.09459400177001953,-0.27786731719970703,0.0701427310705185,0.46316850185394287
8.0,deploy,d,9,net,c044,-0.0723409652709961,-0.07144641876220703,0.0701427310705185,0.46316850185394287
8.0,deploy,d,9,net,c016,-0.06207847595214844,-0.11504554748535156,0.0701427310705185,0.46316850185394287
8.0,deploy,d,9,net,c056,0.08525848388671875,-0.031124114990234375,0.0701427310705185,0.46316850185394287
8.0,deploy,d,9,net,c025,-0.0568695068359375,-0.14284324645996094,0.0701427310705185,0.46316850185394287
8.0,deploy,d,9,net,c029,-0.15735816955566406,-0.14216232299804688,0.0701427310705185,0.46316850185394287
8.0,deploy,d,9,net,c014,-0.104766845703125,-0.10220050811767578,0.0701427310705185,0.46316850185394287
8.0,deploy,d,9,net,c002,-0.04781341552734375,-0.13865280151367188,0.0701427310705185,0.46316850185394287
8.0,deploy,d,9,net,c023,-0.07484722137451172,-0.11746597290039062,0.0701427310705185,0.46316850185394287
8.0,deploy,d,9,net,c046,-0.015455245971679688,-0.24071121215820312,0.0701427310705185,0.46316850185394287
8.0,deploy,d,9,net,c022,-0.08545398712158203,-0.2564268112182617,0.0701427310705185,0.46316850185394287
8.0,deploy,d,9,net,c050,-0.11976051330566406,-0.22261714935302734,0.0701427310705185,0.46316850185394287
8.0,deploy,d,9,net,c006,-0.12086009979248047,-0.13868331909179688,0.0701427310705185,0.46316850185394287
8.0,deploy,d,9,net,c017,-0.12737464904785156,-0.10554981231689453,0.0701427310705185,0.46316850185394287
8.0,deploy,d,9,net,c039,-0.040314674377441406,0.204803466796875,0.0701427310705185,0.46316850185394287
8.0,deploy,d,9,net,c036,-0.10360050201416016,-0.043547630310058594,0.0701427310705185,0.46316850185394287
8.0,deploy,d,9,net,c009,-0.1165018081665039,0.07446861267089844,0.0701427310705185,0.46316850185394287
8.0,deploy,d,9,net,c000,-0.03680229187011719,-0.24102497100830078,0.0701427310705185,0.46316850185394287
8.0,deploy,d,9,net,c013,-0.10493183135986328,-0.13272857666015625,0.0701427310705185,0.46316850185394287
8.0,deploy,d,9,net,c049,-0.17024898529052734,0.3542499542236328,0.0701427310705185,0.46316850185394287
8.0,deploy,d,9,net,c058,-0.06448650360107422,-0.092437744140625,0.0701427310705185,0.46316850185394287
8.0,deploy,d,9,net,c024,-0.1018228530883789,-0.22383689880371094,0.0701427310705185,0.46316850185394287
8.0,deploy,d,9,net,c042,-0.0818796157836914,-0.16077518463134766,0.0701427310705185,0.46316850185394287
8.0,deploy,d,9,net,c047,-0.07861518859863281,0.008076667785644531,0.0701427310705185,0.46316850185394287
8.0,deploy,d,9,net,c043,0.0022516250610351562,-0.22965621948242188,0.0701427310705185,0.46316850185394287
8.0,deploy,d,9,net,c003,-0.1096506118774414,-0.1725912094116211,0.0701427310705185,0.46316850185394287
8.0,deploy,d,9,net,c041,-0.12562274932861328,0.07210636138916016,0.0701427310705185,0.46316850185394287
8.0,deploy,d,9,net,c008,-0.14879608154296875,0.033489227294921875,0.0701427310705185,0.46316850185394287
8.0,deploy,d,9,net,c045,-0.014486312866210938,-0.3092031478881836,0.0701427310705185,0.46316850185394287
8.0,deploy,d,9,net,c011,-0.07961368560791016,-0.1064910888671875,0.0701427310705185,0.46316850185394287
8.0,deploy,d,9,net,c020,-0.04197978973388672,-0.16246509552001953,0.0701427310705185,0.46316850185394287
8.0,deploy,d,9,net,c044,-0.14109039306640625,-0.04279041290283203,0.0701427310705185,0.46316850185394287
8.0,deploy,d,9,net,c016,-0.055853843688964844,-0.18010997772216797,0.0701427310705185,0.46316850185394287
8.0,deploy,d,9,net,c056,0.1103353500366211,-0.03595161437988281,0.0701427310705185,0.46316850185394287
8.0,deploy,d,9,net,c025,-0.061326026916503906,-0.15114879608154297,0.0701427310705185,0.46316850185394287
8.0,deploy,d,9,net,c029,-0.12190055847167969,0.052903175354003906,0.0701427310705185,0.46316850185394287
8.0,deploy,d,9,net,c014,-0.11329174041748047,0.02903461456298828,0.0701427310705185,0.46316850185394287
8.0,deploy,d,9,net,c002,-0.050232887268066406,-0.24727630615234375,0.0701427310705185,0.46316850185394287
8.0,deploy,d,9,net,c023,-0.12955474853515625,-0.1324625015258789,0.0701427310705185,0.46316850185394287
8.0,deploy,d,9,net,c046,-0.08367061614990234,-0.09205913543701172,0.0701427310705185,0.46316850185394287
8.0,deploy,d,9,net,c022,-0.0813446044921875,-0.19178485870361328,0.0701427310705185,0.46316850185394287
8.0,deploy,d,9,net,c050,-0.06503963470458984,-0.17525577545166016,0.0701427310705185,0.46316850185394287
8.0,eval,random,9,net,c006,-0.19880135854085287,-0.5004094441731771,0.1710755961636702,0.40889038393894833
8.0,eval,random,9,net,c017,-0.08086713155110677,-0.0756686528523763,0.1710755961636702,0.40889038393894833
8.0,eval,random,9,net,c039,-0.46782875061035156,-0.753875732421875,0.1710755961636702,0.40889038393894833
8.0,eval,random,9,net,c036,-0.11946773529052734,-0.24467945098876953,0.1710755961636702,0.40889038393894833
8.0,eval,random,9,net,c009,-0.44635868072509766,-0.3308448791503906,0.1710755961636702,0.40889038393894833
8.0,eval,random,9,net,c000,-0.21910953521728516,-0.47106170654296875,0.1710755961636702,0.40889038393894833
8.0,eval,random,9,net,c013,-0.1693105697631836,-0.5028982162475586,0.1710755961636702,0.40889038393894833
8.0,eval,random,9,net,c049,-0.4013802210489909,-0.5184790293375652,0.1710755961636702,0.40889038393894833
8.0,eval,random,9,net,c058,-0.3600066502888997,-0.5373900731404622,0.1710755961636702,0.40889038393894833
8.0,eval,random,9,net,c024,-0.2616993586222331,-0.5711161295572917,0.1710755961636702,0.40889038393894833
8.0,eval,random,9,net,c042,-0.22180461883544922,-0.45516014099121094,0.1710755961636702,0.40889038393894833
8.0,eval,random,9,net,c047,-0.17459901173909506,-0.47332986195882165,0.1710755961636702,0.40889038393894833
8.0,eval,random,9,net,c043,-0.4274024963378906,-0.5777873992919922,0.1710755961636702,0.40889038393894833
8.0,eval,random,9,net,c003,-0.24221229553222656,-0.5960750579833984,0.1710755961636702,0.40889038393894833
8.0,eval,random,9,net,c041,-0.30400657653808594,-0.38915157318115234,0.1710755961636702,0.40889038393894833
8.0,eval,random,9,net,c008,-0.7425117492675781,-0.5002756118774414,0.1710755961636702,0.40889038393894833
8.0,eval,random,9,net,c045,-0.3011668523152669,-0.6498854955037434,0.1710755961636702,0.40889038393894833
8.0,eval,random,9,net,c011,-0.13142172495524088,-0.3312927881876627,0.1710755961636702,0.40889038393894833
8.0,eval,random,9,net,c020,-0.20090643564860025,-0.7045418421427408,0.1710755961636702,0.40889038393894833
8.0,eval,random,9,net,c044,-0.31216684977213544,-0.6071335474650066,0.1710755961636702,0.40889038393894833
8.0,eval,random,9,net,c016,-0.12637011210123697,-0.3996464411417643,0.1710755961636702,0.40889038393894833
8.0,eval,random,9,net,c056,-0.16785367329915366,-0.5563481648763021,0.1710755961636702,0.40889038393894833
8.0,eval,random,9,net,c025,-0.2896264394124349,-0.5576852162679036,0.1710755961636702,0.40889038393894833
8.0,eval,random,9,net,c029,-0.22748629252115884,-0.3409926096598307,0.1710755961636702,0.40889038393894833
8.0,eval,random,9,net,c014,-0.3202260335286458,-0.3863366444905599,0.1710755961636702,0.40889038393894833
8.0,eval,random,9,net,c002,-0.15509478251139322,-0.5735785166422526,0.1710755961636702,0.40889038393894833
8.0,eval,random,9,net,c023,-0.21501382191975912,-0.5525248845418295,0.1710755961636702,0.40889038393894833
8.0,eval,random,9,net,c046,-0.29782358805338544,-0.5840756098429363,0.1710755961636702,0.40889038393894833
8.0,eval,random,9,net,c022,-0.13762919108072916,-0.24915186564127603,0.1710755961636702,0.40889038393894833
8.0,eval,random,9,net,c050,-0.152067502339681,-0.6425507863362631,0.1710755961636702,0.40889038393894833
8.0,eval,random,9,net,c006,-0.1785564422607422,-0.5417318344116211,0.1710755961636702,0.40889038393894833
8.0,eval,random,9,net,c017,-0.06300640106201172,-0.5972881317138672,0.1710755961636702,0.40889038393894833
8.0,eval,random,9,net,c039,-0.3640174865722656,-0.44446468353271484,0.1710755961636702,0.40889038393894833
8.0,eval,random,9,net,c036,-0.27375253041585285,-0.3771661122639974,0.1710755961636702,0.40889038393894833
8.0,eval,random,9,net,c009,-0.45783456166585285,-0.6522200902303059,0.1710755961636702,0.40889038393894833
8.0,eval,random,9,net,c000,-0.2105553944905599,-0.42161782582600915,0.1710755961636702,0.40889038393894833
8.0,eval,random,9,net,c013,-0.17540105183919272,-0.30641301472981775,0.1710755961636702,0.40889038393894833
8.0,eval,random,9,net,c049,-0.35798390706380206,-0.36489518483479816,0.1710755961636702,0.40889038393894833
8.0,eval,random,9,net,c058,-0.3536895116170247,-0.39757855733235675,0.1710755961636702,0.40889038393894833
8.0,eval,random,9,net,c024,-0.2232659657796224,-0.4885991414388021,0.1710755961636702,0.40889038393894833
8.0,eval,random,9,net,c042,-0.22679360707600912,-0.3589900334676107,0.1710755961636702,0.40889038393894833
8.0,eval,random,9,net,c047,-0.20950953165690103,-0.5338217417399088,0.1710755961636702,0.40889038393894833
8.0,eval,random,9,net,c043,-0.2957315444946289,-0.5572786331176758,0.1710755961636702,0.40889038393894833
8.0,eval,random,9,net,c003,-0.2717145284016927,-0.4814494450887044,0.1710755961636702,0.40889038393894833
8.0,eval,random,9,net,c041,-0.44144312540690106,-0.6441761652628581,0.1710755961636702,0.40889038393894833
8.0,eval,random,9,net,c008,-0.4584951400756836,-0.5914974212646484,0.1710755961636702,0.40889038393894833
8.0,eval,random,9,net,c045,-0.2315673828125,-0.45341968536376953,0.1710755961636702,0.40889038393894833
8.0,eval,random,9,net,c011,-0.2608785629272461,-0.42054271697998047,0.1710755961636702,0.40889038393894833
8.0,eval,random,9,net,c020,-0.1262671152750651,-0.573365847269694,0.1710755961636702,0.40889038393894833
8.0,eval,random,9,net,c044,-0.2765312194824219,-0.2885904312133789,0.1710755961636702,0.40889038393894833
8.0,eval,random,9,net,c016,-0.15443007151285806,-0.4987656275431315,0.1710755961636702,0.40889038393894833
8.0,eval,random,9,net,c056,-0.24458980560302734,-0.44260692596435547,0.1710755961636702,0.40889038393894833
8.0,eval,random,9,net,c025,-0.3848711649576823,-0.5224711100260417,0.1710755961636702,0.40889038393894833
8.0,eval,random,9,net,c029,-0.29660479227701825,-0.64147154490153,0.1710755961636702,0.40889038393894833
8.0,eval,random,9,net,c014,-0.20077196756998697,-0.29690329233805335,0.1710755961636702,0.40889038393894833
8.0,eval,random,9,net,c002,-0.24843438466389975,-0.5785497029622396,0.1710755961636702,0.40889038393894833
8.0,eval,random,9,net,c023,-0.20811971028645834,-0.8186219533284506,0.1710755961636702,0.40889038393894833
8.0,eval,random,9,net,c046,-0.4268280665079753,-0.5987383524576824,0.1710755961636702,0.40889038393894833
8.0,eval,random,9,net,c022,-0.266476313273112,-0.7106701532999675,0.1710755961636702,0.40889038393894833
8.0,eval,random,9,net,c050,-0.15083980560302734,-0.5234832763671875,0.1710755961636702,0.40889038393894833
