layer,pair,direction,content_id,delta,baseline,k
0,0,deploy_to_eval,c006,0.25000762939453125,7.000043869018555,123
0,0,eval_to_deploy,c006,-0.8749465942382812,3.2501182556152344,123
0,0,unpaired_control,c006,0.0,7.000043869018555,79
2,0,deploy_to_eval,c006,0.6250457763671875,7.000043869018555,123
2,0,eval_to_deploy,c006,-0.7500400543212891,3.2501182556152344,123
2,0,unpaired_control,c006,0.375,7.000043869018555,79
4,0,deploy_to_eval,c006,0.25003814697265625,7.000043869018555,123
4,0,eval_to_deploy,c006,-1.499969482421875,3.2501182556152344,123
4,0,unpaired_control,c006,-7.62939453125e-06,7.000043869018555,79
6,0,deploy_to_eval,c006,-0.9999446868896484,7.000043869018555,123
6,0,eval_to_deploy,c006,0.6249237060546875,3.2501182556152344,123
6,0,unpaired_control,c006,0.12496376037597656,7.000043869018555,79
8,0,deploy_to_eval,c006,-0.37499046325683594,7.000043869018555,123
8,0,eval_to_deploy,c006,0.24990272521972656,3.2501182556152344,123
8,0,unpaired_control,c006,-0.7500267028808594,7.000043869018555,79
10,0,deploy_to_eval,c006,-0.24993324279785156,7.000043869018555,123
10,0,eval_to_deploy,c006,-8.58306884765625e-05,3.2501182556152344,123
10,0,unpaired_control,c006,-0.625030517578125,7.000043869018555,79
12,0,deploy_to_eval,c006,-1.2499961853027344,7.000043869018555,123
12,0,eval_to_deploy,c006,1.2499103546142578,3.2501182556152344,123
12,0,unpaired_control,c006,-1.2500362396240234,7.000043869018555,79
14,0,deploy_to_eval,c006,-2.9998950958251953,7.000043869018555,123
14,0,eval_to_deploy,c006,2.249919891357422,3.2501182556152344,123
14,0,unpaired_control,c006,-1.500030517578125,7.000043869018555,79
16,0,deploy_to_eval,c006,-3.3749923706054688,7.000043869018555,123
16,0,eval_to_deploy,c006,3.2499637603759766,3.2501182556152344,123
16,0,unpaired_control,c006,-1.8750324249267578,7.000043869018555,79
18,0,deploy_to_eval,c006,-3.8749217987060547,7.000043869018555,123
18,0,eval_to_deploy,c006,3.9999237060546875,3.2501182556152344,123
18,0,unpaired_control,c006,-2.0000362396240234,7.000043869018555,79
20,0,deploy_to_eval,c006,-3.62493896484375,7.000043869018555,123
20,0,eval_to_deploy,c006,3.999906539916992,3.2501182556152344,123
20,0,unpaired_control,c006,-2.1250171661376953,7.000043869018555,79
22,0,deploy_to_eval,c006,-3.7499122619628906,7.000043869018555,123
22,0,eval_to_deploy,c006,3.9999141693115234,3.2501182556152344,123
22,0,unpaired_control,c006,-1.8750324249267578,7.000043869018555,79
24,0,deploy_to_eval,c006,-3.749948501586914,7.000043869018555,123
24,0,eval_to_deploy,c006,3.8749237060546875,3.2501182556152344,123
24,0,unpaired_control,c006,-2.000032424926758,7.000043869018555,79
26,0,deploy_to_eval,c006,-3.7499256134033203,7.000043869018555,123
26,0,eval_to_deploy,c006,3.6249313354492188,3.2501182556152344,123
26,0,unpaired_control,c006,-1.8750362396240234,7.000043869018555,79
27,0,deploy_to_eval,c006,-3.7499256134033203,7.000043869018555,123
27,0,eval_to_deploy,c006,3.7499256134033203,3.2501182556152344,123
27,0,unpaired_control,c006,-1.7500362396240234,7.000043869018555,79
0,1,deploy_to_eval,c017,0.6249885559082031,7.500022888183594,142
0,1,eval_to_deploy,c017,-0.49997901916503906,5.250007629394531,142
0,1,unpaired_control,c017,0.7499980926513672,7.500022888183594,59
2,1,deploy_to_eval,c017,0.12498855590820312,7.500022888183594,142
2,1,eval_to_deploy,c017,0.75,5.250007629394531,142
2,1,unpaired_control,c017,0.4999885559082031,7.500022888183594,59
4,1,deploy_to_eval,c017,-1.52587890625e-05,7.500022888183594,142
4,1,eval_to_deploy,c017,0.6250019073486328,5.250007629394531,142
4,1,unpaired_control,c017,1.125020980834961,7.500022888183594,59
6,1,deploy_to_eval,c017,-1.9073486328125e-05,7.500022888183594,142
6,1,eval_to_deploy,c017,0.5000171661376953,5.250007629394531,142
6,1,unpaired_control,c017,-0.12497329711914062,7.500022888183594,59
8,1,deploy_to_eval,c017,-0.8749980926513672,7.500022888183594,142
8,1,eval_to_deploy,c017,1.1250057220458984,5.250007629394531,142
8,1,unpaired_control,c017,0.5000629425048828,7.500022888183594,59
10,1,deploy_to_eval,c017,-1.1444091796875e-05,7.500022888183594,142
10,1,eval_to_deploy,c017,0.625,5.250007629394531,142
10,1,unpaired_control,c017,-1.6246109008789062,7.500022888183594,59
12,1,deploy_to_eval,c017,-0.2500190734863281,7.500022888183594,142
12,1,eval_to_deploy,c017,9.5367431640625e-06,5.250007629394531,142
12,1,unpaired_control,c017,-2.4988040924072266,7.500022888183594,59
14,1,deploy_to_eval,c017,-1.6250133514404297,7.500022888183594,142
14,1,eval_to_deploy,c017,1.7500076293945312,5.250007629394531,142
14,1,unpaired_control,c017,-6.499750137329102,7.500022888183594,59
16,1,deploy_to_eval,c017,-2.2500076293945312,7.500022888183594,142
16,1,eval_to_deploy,c017,2.125,5.250007629394531,142
16,1,unpaired_control,c017,-5.999835968017578,7.500022888183594,59
18,1,deploy_to_eval,c017,-2.375011444091797,7.500022888183594,142
18,1,eval_to_deploy,c017,2.2500038146972656,5.250007629394531,142
18,1,unpaired_control,c017,-5.749607086181641,7.500022888183594,59
20,1,deploy_to_eval,c017,-2.375009536743164,7.500022888183594,142
20,1,eval_to_deploy,c017,3.0000038146972656,5.250007629394531,142
20,1,unpaired_control,c017,-5.749765396118164,7.500022888183594,59
22,1,deploy_to_eval,c017,-2.1250152587890625,7.500022888183594,142
22,1,eval_to_deploy,c017,2.5000038146972656,5.250007629394531,142
22,1,unpaired_control,c017,-5.749780654907227,7.500022888183594,59
24,1,deploy_to_eval,c017,-2.500001907348633,7.500022888183594,142
24,1,eval_to_deploy,c017,2.7500038146972656,5.250007629394531,142
24,1,unpaired_control,c017,-5.874851226806641,7.500022888183594,59
26,1,deploy_to_eval,c017,-2.500011444091797,7.500022888183594,142
26,1,eval_to_deploy,c017,2.500011444091797,5.250007629394531,142
26,1,unpaired_control,c017,-5.749900817871094,7.500022888183594,59
27,1,deploy_to_eval,c017,-2.2500152587890625,7.500022888183594,142
27,1,eval_to_deploy,c017,2.2500152587890625,5.250007629394531,142
27,1,unpaired_control,c017,-5.624919891357422,7.500022888183594,59
0,2,deploy_to_eval,c039,-0.9999771118164062,8.500020980834961,74
0,2,eval_to_deploy,c039,-0.3750267028808594,1.8751029968261719,74
0,2,unpaired_control,c039,3.814697265625e-06,8.500020980834961,59
2,2,deploy_to_eval,c039,0.24999618530273438,8.500020980834961,74
2,2,eval_to_deploy,c039,-1.3749656677246094,1.8751029968261719,74
2,2,unpaired_control,c039,0.3749980926513672,8.500020980834961,59
4,2,deploy_to_eval,c039,0.49999046325683594,8.500020980834961,74
4,2,eval_to_deploy,c039,-0.7498912811279297,1.8751029968261719,74
4,2,unpaired_control,c039,-0.12500762939453125,8.500020980834961,59
6,2,deploy_to_eval,c039,-0.7499980926513672,8.500020980834961,74
6,2,eval_to_deploy,c039,-1.125040054321289,1.8751029968261719,74
6,2,unpaired_control,c039,-0.3750171661376953,8.500020980834961,59
8,2,deploy_to_eval,c039,-2.9999828338623047,8.500020980834961,74
8,2,eval_to_deploy,c039,0.6249561309814453,1.8751029968261719,74
8,2,unpaired_control,c039,-2.750009536743164,8.500020980834961,59
10,2,deploy_to_eval,c039,-3.3749523162841797,8.500020980834961,74
10,2,eval_to_deploy,c039,0.9999256134033203,1.8751029968261719,74
10,2,unpaired_control,c039,-2.8750171661376953,8.500020980834961,59
12,2,deploy_to_eval,c039,-5.249897003173828,8.500020980834961,74
12,2,eval_to_deploy,c039,3.749919891357422,1.8751029968261719,74
12,2,unpaired_control,c039,-1.875009536743164,8.500020980834961,59
14,2,deploy_to_eval,c039,-5.999876022338867,8.500020980834961,74
14,2,eval_to_deploy,c039,5.249917984008789,1.8751029968261719,74
14,2,unpaired_control,c039,-2.0,8.500020980834961,59
16,2,deploy_to_eval,c039,-6.3748626708984375,8.500020980834961,74
16,2,eval_to_deploy,c039,6.749919891357422,1.8751029968261719,74
16,2,unpaired_control,c039,-2.3749732971191406,8.500020980834961,59
18,2,deploy_to_eval,c039,-6.3748321533203125,8.500020980834961,74
18,2,eval_to_deploy,c039,6.124914169311523,1.8751029968261719,74
18,2,unpaired_control,c039,-3.624969482421875,8.500020980834961,59
20,2,deploy_to_eval,c039,-6.624881744384766,8.500020980834961,74
20,2,eval_to_deploy,c039,6.874919891357422,1.8751029968261719,74
20,2,unpaired_control,c039,-4.124933242797852,8.500020980834961,59
22,2,deploy_to_eval,c039,-6.499856948852539,8.500020980834961,74
22,2,eval_to_deploy,c039,6.749917984008789,1.8751029968261719,74
22,2,unpaired_control,c039,-4.124935150146484,8.500020980834961,59
24,2,deploy_to_eval,c039,-6.374845504760742,8.500020980834961,74
24,2,eval_to_deploy,c039,6.624910354614258,1.8751029968261719,74
24,2,unpaired_control,c039,-4.374898910522461,8.500020980834961,59
26,2,deploy_to_eval,c039,-6.749898910522461,8.500020980834961,74
26,2,eval_to_deploy,c039,6.624917984008789,1.8751029968261719,74
26,2,unpaired_control,c039,-4.37492561340332,8.500020980834961,59
27,2,deploy_to_eval,c039,-6.624917984008789,8.500020980834961,74
27,2,eval_to_deploy,c039,6.624917984008789,1.8751029968261719,74
27,2,unpaired_control,c039,-4.374937057495117,8.500020980834961,59
0,3,deploy_to_eval,c036,0.24996185302734375,4.125173568725586,117
0,3,eval_to_deploy,c036,-0.7499446868896484,4.125083923339844,117
0,3,unpaired_control,c036,0.25000572204589844,4.125173568725586,59
2,3,deploy_to_eval,c036,0.7499237060546875,4.125173568725586,117
2,3,eval_to_deploy,c036,-1.1248607635498047,4.125083923339844,117
2,3,unpaired_control,c036,0.499969482421875,4.125173568725586,59
4,3,deploy_to_eval,c036,0.3749217987060547,4.125173568725586,117
4,3,eval_to_deploy,c036,-1.624725341796875,4.125083923339844,117
4,3,unpaired_control,c036,0.4998798370361328,4.125173568725586,59
6,3,deploy_to_eval,c036,1.3749237060546875,4.125173568725586,117
6,3,eval_to_deploy,c036,-1.2498970031738281,4.125083923339844,117
6,3,unpaired_control,c036,0.37489891052246094,4.125173568725586,59
8,3,deploy_to_eval,c036,0.6249980926513672,4.125173568725586,117
8,3,eval_to_deploy,c036,-1.2498607635498047,4.125083923339844,117
8,3,unpaired_control,c036,0.3751029968261719,4.125173568725586,59
10,3,deploy_to_eval,c036,1.2499637603759766,4.125173568725586,117
10,3,eval_to_deploy,c036,-1.4998321533203125,4.125083923339844,117
10,3,unpaired_control,c036,0.50030517578125,4.125173568725586,59
12,3,deploy_to_eval,c036,0.5000247955322266,4.125173568725586,117
12,3,eval_to_deploy,c036,-1.3748664855957031,4.125083923339844,117
12,3,unpaired_control,c036,-2.24969482421875,4.125173568725586,59
14,3,deploy_to_eval,c036,0.24996185302734375,4.125173568725586,117
14,3,eval_to_deploy,c036,-0.49994850158691406,4.125083923339844,117
14,3,unpaired_control,c036,-5.000099182128906,4.125173568725586,59
16,3,deploy_to_eval,c036,-0.12496376037597656,4.125173568725586,117
16,3,eval_to_deploy,c036,8.96453857421875e-05,4.125083923339844,117
16,3,unpaired_control,c036,-5.625123977661133,4.125173568725586,59
18,3,deploy_to_eval,c036,0.1250133514404297,4.125173568725586,117
18,3,eval_to_deploy,c036,0.12505149841308594,4.125083923339844,117
18,3,unpaired_control,c036,-4.62513542175293,4.125173568725586,59
20,3,deploy_to_eval,c036,0.0001239776611328125,4.125173568725586,117
20,3,eval_to_deploy,c036,-7.62939453125e-06,4.125083923339844,117
20,3,unpaired_control,c036,-4.875143051147461,4.125173568725586,59
22,3,deploy_to_eval,c036,-0.12495803833007812,4.125173568725586,117
22,3,eval_to_deploy,c036,5.340576171875e-05,4.125083923339844,117
22,3,unpaired_control,c036,-4.625154495239258,4.125173568725586,59
24,3,deploy_to_eval,c036,-0.12506866455078125,4.125173568725586,117
24,3,eval_to_deploy,c036,9.34600830078125e-05,4.125083923339844,117
24,3,unpaired_control,c036,-4.625158309936523,4.125173568725586,59
26,3,deploy_to_eval,c036,-0.1250762939453125,4.125173568725586,117
26,3,eval_to_deploy,c036,0.12506484985351562,4.125083923339844,117
26,3,unpaired_control,c036,-4.625158309936523,4.125173568725586,59
27,3,deploy_to_eval,c036,-8.96453857421875e-05,4.125173568725586,117
27,3,eval_to_deploy,c036,8.96453857421875e-05,4.125083923339844,117
27,3,unpaired_control,c036,-4.625158309936523,4.125173568725586,59
0,4,deploy_to_eval,c009,-0.12497901916503906,4.375017166137695,72
0,4,eval_to_deploy,c009,-0.4999961853027344,-0.4999847412109375,72
0,4,unpaired_control,c009,-1.124969482421875,4.375017166137695,59
2,4,deploy_to_eval,c009,-0.25,4.375017166137695,72
2,4,eval_to_deploy,c009,0.2500114440917969,-0.4999847412109375,72
2,4,unpaired_control,c009,-1.3749866485595703,4.375017166137695,59
4,4,deploy_to_eval,c009,-0.8749961853027344,4.375017166137695,72
4,4,eval_to_deploy,c009,0.5000553131103516,-0.4999847412109375,72
4,4,unpaired_control,c009,-1.9999275207519531,4.375017166137695,59
6,4,deploy_to_eval,c009,-1.625009536743164,4.375017166137695,72
6,4,eval_to_deploy,c009,1.5000743865966797,-0.4999847412109375,72
6,4,unpaired_control,c009,-1.6250133514404297,4.375017166137695,59
8,4,deploy_to_eval,c009,-1.1250057220458984,4.375017166137695,72
8,4,eval_to_deploy,c009,1.5000534057617188,-0.4999847412109375,72
8,4,unpaired_control,c009,-0.8750133514404297,4.375017166137695,59
10,4,deploy_to_eval,c009,-1.1250133514404297,4.375017166137695,72
10,4,eval_to_deploy,c009,1.1250438690185547,-0.4999847412109375,72
10,4,unpaired_control,c009,0.6249866485595703,4.375017166137695,59
12,4,deploy_to_eval,c009,-2.874998092651367,4.375017166137695,72
12,4,eval_to_deploy,c009,1.5000228881835938,-0.4999847412109375,72
12,4,unpaired_control,c009,1.9999866485595703,4.375017166137695,59
14,4,deploy_to_eval,c009,-4.624979019165039,4.375017166137695,72
14,4,eval_to_deploy,c009,4.625001907348633,-0.4999847412109375,72
14,4,unpaired_control,c009,0.6250114440917969,4.375017166137695,59
16,4,deploy_to_eval,c009,-4.874979019165039,4.375017166137695,72
16,4,eval_to_deploy,c009,4.375005722045898,-0.4999847412109375,72
16,4,unpaired_control,c009,-0.12497901916503906,4.375017166137695,59
18,4,deploy_to_eval,c009,-4.625005722045898,4.375017166137695,72
18,4,eval_to_deploy,c009,4.375005722045898,-0.4999847412109375,72
18,4,unpaired_control,c009,1.9073486328125e-05,4.375017166137695,59
20,4,deploy_to_eval,c009,-4.624994277954102,4.375017166137695,72
20,4,eval_to_deploy,c009,4.375011444091797,-0.4999847412109375,72
20,4,unpaired_control,c009,-0.3749961853027344,4.375017166137695,59
22,4,deploy_to_eval,c009,-4.625005722045898,4.375017166137695,72
22,4,eval_to_deploy,c009,4.500005722045898,-0.4999847412109375,72
22,4,unpaired_control,c009,-0.6249408721923828,4.375017166137695,59
24,4,deploy_to_eval,c009,-4.624990463256836,4.375017166137695,72
24,4,eval_to_deploy,c009,4.499998092651367,-0.4999847412109375,72
24,4,unpaired_control,c009,-0.6249637603759766,4.375017166137695,59
26,4,deploy_to_eval,c009,-4.625005722045898,4.375017166137695,72
26,4,eval_to_deploy,c009,4.875001907348633,-0.4999847412109375,72
26,4,unpaired_control,c009,-0.49996376037597656,4.375017166137695,59
27,4,deploy_to_eval,c009,-4.875001907348633,4.375017166137695,72
27,4,eval_to_deploy,c009,4.875001907348633,-0.4999847412109375,72
27,4,unpaired_control,c009,-0.7499542236328125,4.375017166137695,59
0,5,deploy_to_eval,c000,-5.7220458984375e-05,7.125127792358398,108
0,5,eval_to_deploy,c000,-0.7499370574951172,3.625062942504883,108
0,5,unpaired_control,c000,-0.24968338012695312,7.125127792358398,79
2,5,deploy_to_eval,c000,-0.2500152587890625,7.125127792358398,108
2,5,eval_to_deploy,c000,-0.7498836517333984,3.625062942504883,108
2,5,unpaired_control,c000,-0.24979782104492188,7.125127792358398,79
4,5,deploy_to_eval,c000,-0.625030517578125,7.125127792358398,108
4,5,eval_to_deploy,c000,-1.2498588562011719,3.625062942504883,108
4,5,unpaired_control,c000,-0.6247291564941406,7.125127792358398,79
6,5,deploy_to_eval,c000,-0.37508583068847656,7.125127792358398,108
6,5,eval_to_deploy,c000,-1.3749141693115234,3.625062942504883,108
6,5,unpaired_control,c000,1.124979019165039,7.125127792358398,79
8,5,deploy_to_eval,c000,-0.12508773803710938,7.125127792358398,108
8,5,eval_to_deploy,c000,-0.24981689453125,3.625062942504883,108
8,5,unpaired_control,c000,0.24994659423828125,7.125127792358398,79
10,5,deploy_to_eval,c000,-1.0000762939453125,7.125127792358398,108
10,5,eval_to_deploy,c000,-0.4996986389160156,3.625062942504883,108
10,5,unpaired_control,c000,-0.25000572204589844,7.125127792358398,79
12,5,deploy_to_eval,c000,-1.8750934600830078,7.125127792358398,108
12,5,eval_to_deploy,c000,0.5001125335693359,3.625062942504883,108
12,5,unpaired_control,c000,-0.5000896453857422,7.125127792358398,79
14,5,deploy_to_eval,c000,-2.625030517578125,7.125127792358398,108
14,5,eval_to_deploy,c000,1.2500495910644531,3.625062942504883,108
14,5,unpaired_control,c000,-1.2500762939453125,7.125127792358398,79
16,5,deploy_to_eval,c000,-3.500072479248047,7.125127792358398,108
16,5,eval_to_deploy,c000,3.0001049041748047,3.625062942504883,108
16,5,unpaired_control,c000,-1.7500801086425781,7.125127792358398,79
18,5,deploy_to_eval,c000,-3.6250667572021484,7.125127792358398,108
18,5,eval_to_deploy,c000,3.0000534057617188,3.625062942504883,108
18,5,unpaired_control,c000,-1.7501163482666016,7.125127792358398,79
20,5,deploy_to_eval,c000,-3.500049591064453,7.125127792358398,108
20,5,eval_to_deploy,c000,3.375102996826172,3.625062942504883,108
20,5,unpaired_control,c000,-1.7501068115234375,7.125127792358398,79
22,5,deploy_to_eval,c000,-3.3750839233398438,7.125127792358398,108
22,5,eval_to_deploy,c000,2.7500858306884766,3.625062942504883,108
22,5,unpaired_control,c000,-1.7501068115234375,7.125127792358398,79
24,5,deploy_to_eval,c000,-3.500032424926758,7.125127792358398,108
24,5,eval_to_deploy,c000,3.1251049041748047,3.625062942504883,108
24,5,unpaired_control,c000,-2.000089645385742,7.125127792358398,79
26,5,deploy_to_eval,c000,-3.3750743865966797,7.125127792358398,108
26,5,eval_to_deploy,c000,3.250082015991211,3.625062942504883,108
26,5,unpaired_control,c000,-2.0000858306884766,7.125127792358398,79
27,5,deploy_to_eval,c000,-3.5000648498535156,7.125127792358398,108
27,5,eval_to_deploy,c000,3.5000648498535156,3.625062942504883,108
27,5,unpaired_control,c000,-2.0000782012939453,7.125127792358398,79
0,6,deploy_to_eval,c013,-0.37499237060546875,8.750007629394531,122
0,6,eval_to_deploy,c013,0.3750019073486328,5.125049591064453,122
0,6,unpaired_control,c013,0.3749961853027344,8.750007629394531,59
2,6,deploy_to_eval,c013,-0.5,8.750007629394531,122
2,6,eval_to_deploy,c013,-0.1250286102294922,5.125049591064453,122
2,6,unpaired_control,c013,0.625,8.750007629394531,59
4,6,deploy_to_eval,c013,-0.24998855590820312,8.750007629394531,122
4,6,eval_to_deploy,c013,0.24996185302734375,5.125049591064453,122
4,6,unpaired_control,c013,2.3749961853027344,8.750007629394531,59
6,6,deploy_to_eval,c013,1.2500152587890625,8.750007629394531,122
6,6,eval_to_deploy,c013,0.8749885559082031,5.125049591064453,122
6,6,unpaired_control,c013,3.3750038146972656,8.750007629394531,59
8,6,deploy_to_eval,c013,1.1250076293945312,8.750007629394531,122
8,6,eval_to_deploy,c013,0.9999790191650391,5.125049591064453,122
8,6,unpaired_control,c013,3.3750038146972656,8.750007629394531,59
10,6,deploy_to_eval,c013,0.6250476837158203,8.750007629394531,122
10,6,eval_to_deploy,c013,-0.12502098083496094,5.125049591064453,122
10,6,unpaired_control,c013,2.8750247955322266,8.750007629394531,59
12,6,deploy_to_eval,c013,0.6250076293945312,8.750007629394531,122
12,6,eval_to_deploy,c013,1.3749580383300781,5.125049591064453,122
12,6,unpaired_control,c013,0.25005340576171875,8.750007629394531,59
14,6,deploy_to_eval,c013,-1.7499866485595703,8.750007629394531,122
14,6,eval_to_deploy,c013,0.999969482421875,5.125049591064453,122
14,6,unpaired_control,c013,-7.999977111816406,8.750007629394531,59
16,6,deploy_to_eval,c013,-3.374969482421875,8.750007629394531,122
16,6,eval_to_deploy,c013,3.6249656677246094,5.125049591064453,122
16,6,unpaired_control,c013,-10.249982833862305,8.750007629394531,59
18,6,deploy_to_eval,c013,-3.6249866485595703,8.750007629394531,122
18,6,eval_to_deploy,c013,3.4999618530273438,5.125049591064453,122
18,6,unpaired_control,c013,-10.374979019165039,8.750007629394531,59
20,6,deploy_to_eval,c013,-3.6249866485595703,8.750007629394531,122
20,6,eval_to_deploy,c013,3.4999618530273438,5.125049591064453,122
20,6,unpaired_control,c013,-10.624979019165039,8.750007629394531,59
22,6,deploy_to_eval,c013,-3.874979019165039,8.750007629394531,122
22,6,eval_to_deploy,c013,3.3749618530273438,5.125049591064453,122
22,6,unpaired_control,c013,-10.249996185302734,8.750007629394531,59
24,6,deploy_to_eval,c013,-3.7499752044677734,8.750007629394531,122
24,6,eval_to_deploy,c013,3.6249618530273438,5.125049591064453,122
24,6,unpaired_control,c013,-10.25,8.750007629394531,59
26,6,deploy_to_eval,c013,-3.6249656677246094,8.750007629394531,122
26,6,eval_to_deploy,c013,3.7499618530273438,5.125049591064453,122
26,6,unpaired_control,c013,-9.999996185302734,8.750007629394531,59
27,6,deploy_to_eval,c013,-3.624958038330078,8.750007629394531,122
27,6,eval_to_deploy,c013,3.624958038330078,5.125049591064453,122
27,6,unpaired_control,c013,-9.75,8.750007629394531,59
0,7,deploy_to_eval,c049,0.5,7.75,73
0,7,eval_to_deploy,c049,-0.7499828338623047,-0.9999923706054688,73
0,7,unpaired_control,c049,0.0,7.75,59
2,7,deploy_to_eval,c049,1.375,7.75,73
2,7,eval_to_deploy,c049,0.5000038146972656,-0.9999923706054688,73
2,7,unpaired_control,c049,-1.25,7.75,59
4,7,deploy_to_eval,c049,2.0,7.75,73
4,7,eval_to_deploy,c049,-1.749979019165039,-0.9999923706054688,73
4,7,unpaired_control,c049,0.25,7.75,59
6,7,deploy_to_eval,c049,4.875,7.75,73
6,7,eval_to_deploy,c049,-0.7499771118164062,-0.9999923706054688,73
6,7,unpaired_control,c049,-1.125,7.75,59
8,7,deploy_to_eval,c049,4.5,7.75,73
8,7,eval_to_deploy,c049,-1.2499866485595703,-0.9999923706054688,73
8,7,unpaired_control,c049,-2.75,7.75,59
10,7,deploy_to_eval,c049,4.125,7.75,73
10,7,eval_to_deploy,c049,-0.6249980926513672,-0.9999923706054688,73
10,7,unpaired_control,c049,2.25,7.75,59
12,7,deploy_to_eval,c049,0.0,7.75,73
12,7,eval_to_deploy,c049,-1.9999866485595703,-0.9999923706054688,73
12,7,unpaired_control,c049,1.5,7.75,59
14,7,deploy_to_eval,c049,-5.999992370605469,7.75,73
14,7,eval_to_deploy,c049,4.999996185302734,-0.9999923706054688,73
14,7,unpaired_control,c049,-5.75,7.75,59
16,7,deploy_to_eval,c049,-8.749984741210938,7.75,73
16,7,eval_to_deploy,c049,8.374992370605469,-0.9999923706054688,73
16,7,unpaired_control,c049,-10.749996185302734,7.75,59
18,7,deploy_to_eval,c049,-8.999992370605469,7.75,73
18,7,eval_to_deploy,c049,8.749992370605469,-0.9999923706054688,73
18,7,unpaired_control,c049,-10.749996185302734,7.75,59
20,7,deploy_to_eval,c049,-9.124984741210938,7.75,73
20,7,eval_to_deploy,c049,8.749992370605469,-0.9999923706054688,73
20,7,unpaired_control,c049,-10.749996185302734,7.75,59
22,7,deploy_to_eval,c049,-8.874990463256836,7.75,73
22,7,eval_to_deploy,c049,8.999992370605469,-0.9999923706054688,73
22,7,unpaired_control,c049,-10.499996185302734,7.75,59
24,7,deploy_to_eval,c049,-8.99998664855957,7.75,73
24,7,eval_to_deploy,c049,8.624992370605469,-0.9999923706054688,73
24,7,unpaired_control,c049,-10.499996185302734,7.75,59
26,7,deploy_to_eval,c049,-9.124982833862305,7.75,73
26,7,eval_to_deploy,c049,8.624992370605469,-0.9999923706054688,73
26,7,unpaired_control,c049,-10.999996185302734,7.75,59
27,7,deploy_to_eval,c049,-8.749992370605469,7.75,73
27,7,eval_to_deploy,c049,8.749992370605469,-0.9999923706054688,73
27,7,unpaired_control,c049,-10.999996185302734,7.75,59
0,8,deploy_to_eval,c058,0.24999618530273438,4.500003814697266,79
0,8,eval_to_deploy,c058,0.125,-3.2499961853027344,79
0,8,unpaired_control,c058,0.4999961853027344,4.500003814697266,59
2,8,deploy_to_eval,c058,-0.375,4.500003814697266,79
2,8,eval_to_deploy,c058,1.2500038146972656,-3.2499961853027344,79
2,8,unpaired_control,c058,-0.2500038146972656,4.500003814697266,59
4,8,deploy_to_eval,c058,-3.814697265625e-06,4.500003814697266,79
4,8,eval_to_deploy,c058,1.5,-3.2499961853027344,79
4,8,unpaired_control,c058,-0.2500038146972656,4.500003814697266,59
6,8,deploy_to_eval,c058,0.75,4.500003814697266,79
6,8,eval_to_deploy,c058,1.5,-3.2499961853027344,79
6,8,unpaired_control,c058,1.1249961853027344,4.500003814697266,59
8,8,deploy_to_eval,c058,-0.5,4.500003814697266,79
8,8,eval_to_deploy,c058,3.5,-3.2499961853027344,79
8,8,unpaired_control,c058,1.7499961853027344,4.500003814697266,59
10,8,deploy_to_eval,c058,-1.0000038146972656,4.500003814697266,79
10,8,eval_to_deploy,c058,4.75,-3.2499961853027344,79
10,8,unpaired_control,c058,2.7499961853027344,4.500003814697266,59
12,8,deploy_to_eval,c058,-1.5,4.500003814697266,79
12,8,eval_to_deploy,c058,5.250003814697266,-3.2499961853027344,79
12,8,unpaired_control,c058,2.9999961853027344,4.500003814697266,59
14,8,deploy_to_eval,c058,-6.0,4.500003814697266,79
14,8,eval_to_deploy,c058,7.25,-3.2499961853027344,79
14,8,unpaired_control,c058,1.5,4.500003814697266,59
16,8,deploy_to_eval,c058,-7.5,4.500003814697266,79
16,8,eval_to_deploy,c058,8.624996185302734,-3.2499961853027344,79
16,8,unpaired_control,c058,-0.12499237060546875,4.500003814697266,59
18,8,deploy_to_eval,c058,-7.5,4.500003814697266,79
18,8,eval_to_deploy,c058,7.749996185302734,-3.2499961853027344,79
18,8,unpaired_control,c058,-0.12499618530273438,4.500003814697266,59
20,8,deploy_to_eval,c058,-7.75,4.500003814697266,79
20,8,eval_to_deploy,c058,7.749996185302734,-3.2499961853027344,79
20,8,unpaired_control,c058,-0.24997901916503906,4.500003814697266,59
22,8,deploy_to_eval,c058,-7.499996185302734,4.500003814697266,79
22,8,eval_to_deploy,c058,7.999996185302734,-3.2499961853027344,79
22,8,unpaired_control,c058,-0.3749656677246094,4.500003814697266,59
24,8,deploy_to_eval,c058,-7.624998092651367,4.500003814697266,79
24,8,eval_to_deploy,c058,7.749996185302734,-3.2499961853027344,79
24,8,unpaired_control,c058,-0.6249523162841797,4.500003814697266,59
26,8,deploy_to_eval,c058,-7.75,4.500003814697266,79
26,8,eval_to_deploy,c058,7.75,-3.2499961853027344,79
26,8,unpaired_control,c058,-0.7499542236328125,4.500003814697266,59
27,8,deploy_to_eval,c058,-7.75,4.500003814697266,79
27,8,eval_to_deploy,c058,7.75,-3.2499961853027344,79
27,8,unpaired_control,c058,-0.7499542236328125,4.500003814697266,59
0,9,deploy_to_eval,c024,-0.12498092651367188,3.375143051147461,116
0,9,eval_to_deploy,c024,-0.2500286102294922,3.750049591064453,116
0,9,unpaired_control,c024,-0.24999618530273438,3.375143051147461,79
2,9,deploy_to_eval,c024,-0.12498092651367188,3.375143051147461,116
2,9,eval_to_deploy,c024,-0.9999904632568359,3.750049591064453,116
2,9,unpaired_control,c024,0.0001621246337890625,3.375143051147461,79
4,9,deploy_to_eval,c024,0.2500419616699219,3.375143051147461,116
4,9,eval_to_deploy,c024,-0.3749427795410156,3.750049591064453,116
4,9,unpaired_control,c024,0.6249847412109375,3.375143051147461,79
6,9,deploy_to_eval,c024,1.9998893737792969,3.375143051147461,116
6,9,eval_to_deploy,c024,-1.8749160766601562,3.750049591064453,116
6,9,unpaired_control,c024,1.6249008178710938,3.375143051147461,79
8,9,deploy_to_eval,c024,1.124917984008789,3.375143051147461,116
8,9,eval_to_deploy,c024,-0.7497997283935547,3.750049591064453,116
8,9,unpaired_control,c024,0.7498970031738281,3.375143051147461,79
10,9,deploy_to_eval,c024,0.9999275207519531,3.375143051147461,116
10,9,eval_to_deploy,c024,-0.12497901916503906,3.750049591064453,116
10,9,unpaired_control,c024,0.4998893737792969,3.375143051147461,79
12,9,deploy_to_eval,c024,0.4999065399169922,3.375143051147461,116
12,9,eval_to_deploy,c024,0.12506675720214844,3.750049591064453,116
12,9,unpaired_control,c024,0.2498779296875,3.375143051147461,79
14,9,deploy_to_eval,c024,0.24988174438476562,3.375143051147461,116
14,9,eval_to_deploy,c024,0.250152587890625,3.750049591064453,116
14,9,unpaired_control,c024,-0.25013160705566406,3.375143051147461,79
16,9,deploy_to_eval,c024,0.3749065399169922,3.375143051147461,116
16,9,eval_to_deploy,c024,6.29425048828125e-05,3.750049591064453,116
16,9,unpaired_control,c024,-0.3751201629638672,3.375143051147461,79
18,9,deploy_to_eval,c024,0.49989891052246094,3.375143051147461,116
18,9,eval_to_deploy,c024,-0.37500572204589844,3.750049591064453,116
18,9,unpaired_control,c024,-0.2501201629638672,3.375143051147461,79
20,9,deploy_to_eval,c024,0.49988555908203125,3.375143051147461,116
20,9,eval_to_deploy,c024,-0.2499713897705078,3.750049591064453,116
20,9,unpaired_control,c024,-0.25013160705566406,3.375143051147461,79
22,9,deploy_to_eval,c024,0.37491607666015625,3.375143051147461,116
22,9,eval_to_deploy,c024,-0.37497901916503906,3.750049591064453,116
22,9,unpaired_control,c024,0.12487411499023438,3.375143051147461,79
24,9,deploy_to_eval,c024,0.3748950958251953,3.375143051147461,116
24,9,eval_to_deploy,c024,-0.4998626708984375,3.750049591064453,116
24,9,unpaired_control,c024,-0.25012779235839844,3.375143051147461,79
26,9,deploy_to_eval,c024,0.3749065399169922,3.375143051147461,116
26,9,eval_to_deploy,c024,-0.24988746643066406,3.750049591064453,116
26,9,unpaired_control,c024,-0.37513160705566406,3.375143051147461,79
27,9,deploy_to_eval,c024,0.3749065399169922,3.375143051147461,116
27,9,eval_to_deploy,c024,-0.3749065399169922,3.750049591064453,116
27,9,unpaired_control,c024,-0.25013160705566406,3.375143051147461,79
0,10,deploy_to_eval,c042,-0.3749866485595703,5.500011444091797,107
0,10,eval_to_deploy,c042,0.37502098083496094,3.125011444091797,107
0,10,unpaired_control,c042,0.3749961853027344,5.500011444091797,79
2,10,deploy_to_eval,c042,0.12500762939453125,5.500011444091797,107
2,10,eval_to_deploy,c042,-0.12497138977050781,3.125011444091797,107
2,10,unpaired_control,c042,-0.12499618530273438,5.500011444091797,79
4,10,deploy_to_eval,c042,0.12499237060546875,5.500011444091797,107
4,10,eval_to_deploy,c042,-0.6249179840087891,3.125011444091797,107
4,10,unpaired_control,c042,0.0,5.500011444091797,79
6,10,deploy_to_eval,c042,0.6249961853027344,5.500011444091797,107
6,10,eval_to_deploy,c042,-0.9999580383300781,3.125011444091797,107
6,10,unpaired_control,c042,0.12499618530273438,5.500011444091797,79
8,10,deploy_to_eval,c042,-3.814697265625e-06,5.500011444091797,107
8,10,eval_to_deploy,c042,-1.499979019165039,3.125011444091797,107
8,10,unpaired_control,c042,0.7500133514404297,5.500011444091797,79
10,10,deploy_to_eval,c042,0.625,5.500011444091797,107
10,10,eval_to_deploy,c042,-1.874979019165039,3.125011444091797,107
10,10,unpaired_control,c042,1.7500114440917969,5.500011444091797,79
12,10,deploy_to_eval,c042,0.3749961853027344,5.500011444091797,107
12,10,eval_to_deploy,c042,-0.25,3.125011444091797,107
12,10,unpaired_control,c042,0.8750171661376953,5.500011444091797,79
14,10,deploy_to_eval,c042,-1.499990463256836,5.500011444091797,107
14,10,eval_to_deploy,c042,1.625,3.125011444091797,107
14,10,unpaired_control,c042,-0.8749809265136719,5.500011444091797,79
16,10,deploy_to_eval,c042,-1.9999980926513672,5.500011444091797,107
16,10,eval_to_deploy,c042,2.1250038146972656,3.125011444091797,107
16,10,unpaired_control,c042,-1.7499637603759766,5.500011444091797,79
18,10,deploy_to_eval,c042,-2.1249961853027344,5.500011444091797,107
18,10,eval_to_deploy,c042,2.25,3.125011444091797,107
18,10,unpaired_control,c042,-1.6249961853027344,5.500011444091797,79
20,10,deploy_to_eval,c042,-2.4999752044677734,5.500011444091797,107
20,10,eval_to_deploy,c042,2.5000038146972656,3.125011444091797,107
20,10,unpaired_control,c042,-1.9999580383300781,5.500011444091797,79
22,10,deploy_to_eval,c042,-2.3749752044677734,5.500011444091797,107
22,10,eval_to_deploy,c042,2.5,3.125011444091797,107
22,10,unpaired_control,c042,-1.8749866485595703,5.500011444091797,79
24,10,deploy_to_eval,c042,-2.375,5.500011444091797,107
24,10,eval_to_deploy,c042,2.4999961853027344,3.125011444091797,107
24,10,unpaired_control,c042,-1.8749732971191406,5.500011444091797,79
26,10,deploy_to_eval,c042,-2.375,5.500011444091797,107
26,10,eval_to_deploy,c042,2.25,3.125011444091797,107
26,10,unpaired_control,c042,-2.1249618530273438,5.500011444091797,79
27,10,deploy_to_eval,c042,-2.375,5.500011444091797,107
27,10,eval_to_deploy,c042,2.375,3.125011444091797,107
27,10,unpaired_control,c042,-2.2499618530273438,5.500011444091797,79
0,11,deploy_to_eval,c047,-0.9999542236328125,4.125026702880859,128
0,11,eval_to_deploy,c047,0.7499675750732422,3.250049591064453,128
0,11,unpaired_control,c047,-0.6249332427978516,4.125026702880859,79
2,11,deploy_to_eval,c047,-0.499969482421875,4.125026702880859,128
2,11,eval_to_deploy,c047,1.2499923706054688,3.250049591064453,128
2,11,unpaired_control,c047,-0.12500762939453125,4.125026702880859,79
4,11,deploy_to_eval,c047,1.33514404296875e-05,4.125026702880859,128
4,11,eval_to_deploy,c047,0.37497901916503906,3.250049591064453,128
4,11,unpaired_control,c047,-0.3748741149902344,4.125026702880859,79
6,11,deploy_to_eval,c047,0.3750171661376953,4.125026702880859,128
6,11,eval_to_deploy,c047,0.4999656677246094,3.250049591064453,128
6,11,unpaired_control,c047,0.1250133514404297,4.125026702880859,79
8,11,deploy_to_eval,c047,1.2500171661376953,4.125026702880859,128
8,11,eval_to_deploy,c047,-0.37502479553222656,3.250049591064453,128
8,11,unpaired_control,c047,0.4999980926513672,4.125026702880859,79
10,11,deploy_to_eval,c047,1.1249923706054688,4.125026702880859,128
10,11,eval_to_deploy,c047,-0.5000286102294922,3.250049591064453,128
10,11,unpaired_control,c047,0.25000572204589844,4.125026702880859,79
12,11,deploy_to_eval,c047,0.9999980926513672,4.125026702880859,128
12,11,eval_to_deploy,c047,0.12499809265136719,3.250049591064453,128
12,11,unpaired_control,c047,-0.2499713897705078,4.125026702880859,79
14,11,deploy_to_eval,c047,-0.24997329711914062,4.125026702880859,128
14,11,eval_to_deploy,c047,0.7499942779541016,3.250049591064453,128
14,11,unpaired_control,c047,-0.8749656677246094,4.125026702880859,79
16,11,deploy_to_eval,c047,-0.1250133514404297,4.125026702880859,128
16,11,eval_to_deploy,c047,0.5,3.250049591064453,128
16,11,unpaired_control,c047,-0.8749790191650391,4.125026702880859,79
18,11,deploy_to_eval,c047,-0.3749847412109375,4.125026702880859,128
18,11,eval_to_deploy,c047,0.7499790191650391,3.250049591064453,128
18,11,unpaired_control,c047,-0.7499771118164062,4.125026702880859,79
20,11,deploy_to_eval,c047,-0.4999980926513672,4.125026702880859,128
20,11,eval_to_deploy,c047,0.49999427795410156,3.250049591064453,128
20,11,unpaired_control,c047,-1.124979019165039,4.125026702880859,79
22,11,deploy_to_eval,c047,-0.6249771118164062,4.125026702880859,128
22,11,eval_to_deploy,c047,0.3750324249267578,3.250049591064453,128
22,11,unpaired_control,c047,-0.8749790191650391,4.125026702880859,79
24,11,deploy_to_eval,c047,-0.6249847412109375,4.125026702880859,128
24,11,eval_to_deploy,c047,0.6249942779541016,3.250049591064453,128
24,11,unpaired_control,c047,-1.1249980926513672,4.125026702880859,79
26,11,deploy_to_eval,c047,-0.8749732971191406,4.125026702880859,128
26,11,eval_to_deploy,c047,0.8749771118164062,3.250049591064453,128
26,11,unpaired_control,c047,-0.9999427795410156,4.125026702880859,79
27,11,deploy_to_eval,c047,-0.8749771118164062,4.125026702880859,128
27,11,eval_to_deploy,c047,0.8749771118164062,3.250049591064453,128
27,11,unpaired_control,c047,-1.1249408721923828,4.125026702880859,79
0,12,deploy_to_eval,c043,-0.1253643035888672,7.000707626342773,108
0,12,eval_to_deploy,c043,0.375030517578125,3.0000858306884766,108
0,12,unpaired_control,c043,-0.5002593994140625,7.000707626342773,79
2,12,deploy_to_eval,c043,0.8745899200439453,7.000707626342773,108
2,12,eval_to_deploy,c043,0.375,3.0000858306884766,108
2,12,unpaired_control,c043,0.24991607666015625,7.000707626342773,79
4,12,deploy_to_eval,c043,-0.0004673004150390625,7.000707626342773,108
4,12,eval_to_deploy,c043,-1.1243305206298828,3.0000858306884766,108
4,12,unpaired_control,c043,6.4849853515625e-05,7.000707626342773,79
6,12,deploy_to_eval,c043,0.7495040893554688,7.000707626342773,108
6,12,eval_to_deploy,c043,-0.4982337951660156,3.0000858306884766,108
6,12,unpaired_control,c043,-0.8750114440917969,7.000707626342773,79
8,12,deploy_to_eval,c043,-0.12554168701171875,7.000707626342773,108
8,12,eval_to_deploy,c043,0.2511558532714844,3.0000858306884766,108
8,12,unpaired_control,c043,-1.8755073547363281,7.000707626342773,79
10,12,deploy_to_eval,c043,0.49936485290527344,7.000707626342773,108
10,12,eval_to_deploy,c043,0.0006237030029296875,3.0000858306884766,108
10,12,unpaired_control,c043,-0.6255836486816406,7.000707626342773,79
12,12,deploy_to_eval,c043,-0.6256313323974609,7.000707626342773,108
12,12,eval_to_deploy,c043,0.7507820129394531,3.0000858306884766,108
12,12,unpaired_control,c043,-0.8756065368652344,7.000707626342773,79
14,12,deploy_to_eval,c043,-3.0006141662597656,7.000707626342773,108
14,12,eval_to_deploy,c043,3.126260757446289,3.0000858306884766,108
14,12,unpaired_control,c043,-3.3756160736083984,7.000707626342773,79
16,12,deploy_to_eval,c043,-4.000650405883789,7.000707626342773,108
16,12,eval_to_deploy,c043,3.750741958618164,3.0000858306884766,108
16,12,unpaired_control,c043,-3.8756370544433594,7.000707626342773,79
18,12,deploy_to_eval,c043,-4.000665664672852,7.000707626342773,108
18,12,eval_to_deploy,c043,3.625711441040039,3.0000858306884766,108
18,12,unpaired_control,c043,-4.125627517700195,7.000707626342773,79
20,12,deploy_to_eval,c043,-4.000631332397461,7.000707626342773,108
20,12,eval_to_deploy,c043,3.625478744506836,3.0000858306884766,108
20,12,unpaired_control,c043,-4.125619888305664,7.000707626342773,79
22,12,deploy_to_eval,c043,-4.125659942626953,7.000707626342773,108
22,12,eval_to_deploy,c043,3.625722885131836,3.0000858306884766,108
22,12,unpaired_control,c043,-4.250629425048828,7.000707626342773,79
24,12,deploy_to_eval,c043,-4.125612258911133,7.000707626342773,108
24,12,eval_to_deploy,c043,3.7508392333984375,3.0000858306884766,108
24,12,unpaired_control,c043,-4.3756256103515625,7.000707626342773,79
26,12,deploy_to_eval,c043,-3.8756332397460938,7.000707626342773,108
26,12,eval_to_deploy,c043,4.000616073608398,3.0000858306884766,108
26,12,unpaired_control,c043,-4.250627517700195,7.000707626342773,79
27,12,deploy_to_eval,c043,-4.000621795654297,7.000707626342773,108
27,12,eval_to_deploy,c043,4.000621795654297,3.0000858306884766,108
27,12,unpaired_control,c043,-4.250606536865234,7.000707626342773,79
0,13,deploy_to_eval,c003,0.6249771118164062,4.750110626220703,105
0,13,eval_to_deploy,c003,-6.67572021484375e-05,2.750101089477539,105
0,13,unpaired_control,c003,-0.12501907348632812,4.750110626220703,79
2,13,deploy_to_eval,c003,0.8751621246337891,4.750110626220703,105
2,13,eval_to_deploy,c003,-0.3749656677246094,2.750101089477539,105
2,13,unpaired_control,c003,0.5000534057617188,4.750110626220703,79
4,13,deploy_to_eval,c003,0.9999427795410156,4.750110626220703,105
4,13,eval_to_deploy,c003,-0.8749732971191406,2.750101089477539,105
4,13,unpaired_control,c003,0.4999256134033203,4.750110626220703,79
6,13,deploy_to_eval,c003,-0.3749275207519531,4.750110626220703,105
6,13,eval_to_deploy,c003,1.249990463256836,2.750101089477539,105
6,13,unpaired_control,c003,-0.3750476837158203,4.750110626220703,79
8,13,deploy_to_eval,c003,0.7499599456787109,4.750110626220703,105
8,13,eval_to_deploy,c003,0.8749904632568359,2.750101089477539,105
8,13,unpaired_control,c003,-0.7500629425048828,4.750110626220703,79
10,13,deploy_to_eval,c003,1.8750038146972656,4.750110626220703,105
10,13,eval_to_deploy,c003,0.5000038146972656,2.750101089477539,105
10,13,unpaired_control,c003,0.12491416931152344,4.750110626220703,79
12,13,deploy_to_eval,c003,0.8749847412109375,4.750110626220703,105
12,13,eval_to_deploy,c003,1.9999828338623047,2.750101089477539,105
12,13,unpaired_control,c003,0.9999370574951172,4.750110626220703,79
14,13,deploy_to_eval,c003,-1.4999523162841797,4.750110626220703,105
14,13,eval_to_deploy,c003,1.8750247955322266,2.750101089477539,105
14,13,unpaired_control,c003,-0.37510108947753906,4.750110626220703,79
16,13,deploy_to_eval,c003,-1.7499866485595703,4.750110626220703,105
16,13,eval_to_deploy,c003,2.125041961669922,2.750101089477539,105
16,13,unpaired_control,c003,-1.3750553131103516,4.750110626220703,79
18,13,deploy_to_eval,c003,-1.8749504089355469,4.750110626220703,105
18,13,eval_to_deploy,c003,2.250009536743164,2.750101089477539,105
18,13,unpaired_control,c003,-1.2500553131103516,4.750110626220703,79
20,13,deploy_to_eval,c003,-1.875030517578125,4.750110626220703,105
20,13,eval_to_deploy,c003,2.3749771118164062,2.750101089477539,105
20,13,unpaired_control,c003,-1.2500438690185547,4.750110626220703,79
22,13,deploy_to_eval,c003,-2.0000686645507812,4.750110626220703,105
22,13,eval_to_deploy,c003,2.499940872192383,2.750101089477539,105
22,13,unpaired_control,c003,-1.2500839233398438,4.750110626220703,79
24,13,deploy_to_eval,c003,-1.999969482421875,4.750110626220703,105
24,13,eval_to_deploy,c003,2.249998092651367,2.750101089477539,105
24,13,unpaired_control,c003,-1.4999942779541016,4.750110626220703,79
26,13,deploy_to_eval,c003,-2.0000076293945312,4.750110626220703,105
26,13,eval_to_deploy,c003,2.000009536743164,2.750101089477539,105
26,13,unpaired_control,c003,-1.5000534057617188,4.750110626220703,79
27,13,deploy_to_eval,c003,-2.000009536743164,4.750110626220703,105
27,13,eval_to_deploy,c003,2.000009536743164,2.750101089477539,105
27,13,unpaired_control,c003,-1.37506103515625,4.750110626220703,79
0,14,deploy_to_eval,c041,-9.5367431640625e-06,6.37506103515625,125
0,14,eval_to_deploy,c041,9.72747802734375e-05,3.375049591064453,125
0,14,unpaired_control,c041,0.3749427795410156,6.37506103515625,59
2,14,deploy_to_eval,c041,0.2499713897705078,6.37506103515625,125
2,14,eval_to_deploy,c041,-0.12498855590820312,3.375049591064453,125
2,14,unpaired_control,c041,1.4999465942382812,6.37506103515625,59
4,14,deploy_to_eval,c041,-0.37502098083496094,6.37506103515625,125
4,14,eval_to_deploy,c041,0.24998855590820312,3.375049591064453,125
4,14,unpaired_control,c041,1.3749427795410156,6.37506103515625,59
6,14,deploy_to_eval,c041,-0.3750324249267578,6.37506103515625,125
6,14,eval_to_deploy,c041,1.3750019073486328,3.375049591064453,125
6,14,unpaired_control,c041,1.6249504089355469,6.37506103515625,59
8,14,deploy_to_eval,c041,-1.0000228881835938,6.37506103515625,125
8,14,eval_to_deploy,c041,1.3750934600830078,3.375049591064453,125
8,14,unpaired_control,c041,1.99993896484375,6.37506103515625,59
10,14,deploy_to_eval,c041,-0.12498664855957031,6.37506103515625,125
10,14,eval_to_deploy,c041,1.3749713897705078,3.375049591064453,125
10,14,unpaired_control,c041,0.49994659423828125,6.37506103515625,59
12,14,deploy_to_eval,c041,0.9999599456787109,6.37506103515625,125
12,14,eval_to_deploy,c041,-0.2498912811279297,3.375049591064453,125
12,14,unpaired_control,c041,-1.2500343322753906,6.37506103515625,59
14,14,deploy_to_eval,c041,-1.0000133514404297,6.37506103515625,125
14,14,eval_to_deploy,c041,1.8750038146972656,3.375049591064453,125
14,14,unpaired_control,c041,-0.5000572204589844,6.37506103515625,59
16,14,deploy_to_eval,c041,-2.4999828338623047,6.37506103515625,125
16,14,eval_to_deploy,c041,2.625030517578125,3.375049591064453,125
16,14,unpaired_control,c041,-1.3750572204589844,6.37506103515625,59
18,14,deploy_to_eval,c041,-3.0000228881835938,6.37506103515625,125
18,14,eval_to_deploy,c041,2.624990463256836,3.375049591064453,125
18,14,unpaired_control,c041,-1.6250572204589844,6.37506103515625,59
20,14,deploy_to_eval,c041,-2.8749732971191406,6.37506103515625,125
20,14,eval_to_deploy,c041,2.875001907348633,3.375049591064453,125
20,14,unpaired_control,c041,-2.3750572204589844,6.37506103515625,59
22,14,deploy_to_eval,c041,-3.1250152587890625,6.37506103515625,125
22,14,eval_to_deploy,c041,2.750040054321289,3.375049591064453,125
22,14,unpaired_control,c041,-2.1250572204589844,6.37506103515625,59
24,14,deploy_to_eval,c041,-3.1249446868896484,6.37506103515625,125
24,14,eval_to_deploy,c041,3.1249942779541016,3.375049591064453,125
24,14,unpaired_control,c041,-1.8750534057617188,6.37506103515625,59
26,14,deploy_to_eval,c041,-3.1250038146972656,6.37506103515625,125
26,14,eval_to_deploy,c041,3.0000057220458984,3.375049591064453,125
26,14,unpaired_control,c041,-1.8750572204589844,6.37506103515625,59
27,14,deploy_to_eval,c041,-3.000011444091797,6.37506103515625,125
27,14,eval_to_deploy,c041,3.000011444091797,3.375049591064453,125
27,14,unpaired_control,c041,-2.1250572204589844,6.37506103515625,59
0,15,deploy_to_eval,c008,-1.25,7.0,73
0,15,eval_to_deploy,c008,0.75,4.250003814697266,73
0,15,unpaired_control,c008,0.25,7.0,59
2,15,deploy_to_eval,c008,-0.5,7.0,73
2,15,eval_to_deploy,c008,-0.25,4.250003814697266,73
2,15,unpaired_control,c008,-0.4999961853027344,7.0,59
4,15,deploy_to_eval,c008,-0.375,7.0,73
4,15,eval_to_deploy,c008,-1.25,4.250003814697266,73
4,15,unpaired_control,c008,-0.7499961853027344,7.0,59
6,15,deploy_to_eval,c008,0.25,7.0,73
6,15,eval_to_deploy,c008,-0.2500038146972656,4.250003814697266,73
6,15,unpaired_control,c008,1.1250038146972656,7.0,59
8,15,deploy_to_eval,c008,-1.0,7.0,73
8,15,eval_to_deploy,c008,0.75,4.250003814697266,73
8,15,unpaired_control,c008,0.5,7.0,59
10,15,deploy_to_eval,c008,-1.5,7.0,73
10,15,eval_to_deploy,c008,1.8749961853027344,4.250003814697266,73
10,15,unpaired_control,c008,0.625,7.0,59
12,15,deploy_to_eval,c008,-1.875,7.0,73
12,15,eval_to_deploy,c008,1.4999961853027344,4.250003814697266,73
12,15,unpaired_control,c008,-0.9999961853027344,7.0,59
14,15,deploy_to_eval,c008,-2.4999961853027344,7.0,73
14,15,eval_to_deploy,c008,1.9999961853027344,4.250003814697266,73
14,15,unpaired_control,c008,-1.7499961853027344,7.0,59
16,15,deploy_to_eval,c008,-2.25,7.0,73
16,15,eval_to_deploy,c008,2.7499961853027344,4.250003814697266,73
16,15,unpaired_control,c008,-3.1249923706054688,7.0,59
18,15,deploy_to_eval,c008,-2.4999961853027344,7.0,73
18,15,eval_to_deploy,c008,2.7499961853027344,4.250003814697266,73
18,15,unpaired_control,c008,-3.9999866485595703,7.0,59
20,15,deploy_to_eval,c008,-2.5,7.0,73
20,15,eval_to_deploy,c008,2.9999961853027344,4.250003814697266,73
20,15,unpaired_control,c008,-4.124982833862305,7.0,59
22,15,deploy_to_eval,c008,-2.4999961853027344,7.0,73
22,15,eval_to_deploy,c008,3.2499961853027344,4.250003814697266,73
22,15,unpaired_control,c008,-3.874988555908203,7.0,59
24,15,deploy_to_eval,c008,-2.4999923706054688,7.0,73
24,15,eval_to_deploy,c008,2.6249961853027344,4.250003814697266,73
24,15,unpaired_control,c008,-4.374965667724609,7.0,59
26,15,deploy_to_eval,c008,-2.7499961853027344,7.0,73
26,15,eval_to_deploy,c008,2.7499961853027344,4.250003814697266,73
26,15,unpaired_control,c008,-4.374967575073242,7.0,59
27,15,deploy_to_eval,c008,-2.7499961853027344,7.0,73
27,15,eval_to_deploy,c008,2.7499961853027344,4.250003814697266,73
27,15,unpaired_control,c008,-4.374967575073242,7.0,59
0,16,deploy_to_eval,c045,1.1444091796875e-05,9.625011444091797,108
0,16,eval_to_deploy,c045,0.12499618530273438,2.625032424926758,108
0,16,unpaired_control,c045,-0.8749713897705078,9.625011444091797,79
2,16,deploy_to_eval,c045,-0.8749866485595703,9.625011444091797,108
2,16,eval_to_deploy,c045,1.1249885559082031,2.625032424926758,108
2,16,unpaired_control,c045,-1.1250076293945312,9.625011444091797,79
4,16,deploy_to_eval,c045,-0.2499866485595703,9.625011444091797,108
4,16,eval_to_deploy,c045,0.7500591278076172,2.625032424926758,108
4,16,unpaired_control,c045,-0.7499847412109375,9.625011444091797,79
6,16,deploy_to_eval,c045,-0.3749828338623047,9.625011444091797,108
6,16,eval_to_deploy,c045,1.499990463256836,2.625032424926758,108
6,16,unpaired_control,c045,-1.3750038146972656,9.625011444091797,79
8,16,deploy_to_eval,c045,-1.9999866485595703,9.625011444091797,108
8,16,eval_to_deploy,c045,0.3750762939453125,2.625032424926758,108
8,16,unpaired_control,c045,-0.8750038146972656,9.625011444091797,79
10,16,deploy_to_eval,c045,-0.875,9.625011444091797,108
10,16,eval_to_deploy,c045,0.1250133514404297,2.625032424926758,108
10,16,unpaired_control,c045,0.12499237060546875,9.625011444091797,79
12,16,deploy_to_eval,c045,-1.375,9.625011444091797,108
12,16,eval_to_deploy,c045,1.2500362396240234,2.625032424926758,108
12,16,unpaired_control,c045,-0.5000038146972656,9.625011444091797,79
14,16,deploy_to_eval,c045,-4.0,9.625011444091797,108
14,16,eval_to_deploy,c045,2.2500057220458984,2.625032424926758,108
14,16,unpaired_control,c045,-2.6250038146972656,9.625011444091797,79
16,16,deploy_to_eval,c045,-6.874990463256836,9.625011444091797,108
16,16,eval_to_deploy,c045,5.87498664855957,2.625032424926758,108
16,16,unpaired_control,c045,-5.0,9.625011444091797,79
18,16,deploy_to_eval,c045,-7.000001907348633,9.625011444091797,108
18,16,eval_to_deploy,c045,6.249992370605469,2.625032424926758,108
18,16,unpaired_control,c045,-4.750007629394531,9.625011444091797,79
20,16,deploy_to_eval,c045,-7.124990463256836,9.625011444091797,108
20,16,eval_to_deploy,c045,6.749979019165039,2.625032424926758,108
20,16,unpaired_control,c045,-4.625,9.625011444091797,79
22,16,deploy_to_eval,c045,-7.124998092651367,9.625011444091797,108
22,16,eval_to_deploy,c045,6.374982833862305,2.625032424926758,108
22,16,unpaired_control,c045,-5.250003814697266,9.625011444091797,79
24,16,deploy_to_eval,c045,-7.250001907348633,9.625011444091797,108
24,16,eval_to_deploy,c045,6.249992370605469,2.625032424926758,108
24,16,unpaired_control,c045,-4.75,9.625011444091797,79
26,16,deploy_to_eval,c045,-6.999979019165039,9.625011444091797,108
26,16,eval_to_deploy,c045,6.999979019165039,2.625032424926758,108
26,16,unpaired_control,c045,-4.750003814697266,9.625011444091797,79
27,16,deploy_to_eval,c045,-6.999979019165039,9.625011444091797,108
27,16,eval_to_deploy,c045,6.999979019165039,2.625032424926758,108
27,16,unpaired_control,c045,-4.875003814697266,9.625011444091797,79
0,17,deploy_to_eval,c011,0.4999828338623047,6.250024795532227,124
0,17,eval_to_deploy,c011,-0.25,4.750007629394531,124
0,17,unpaired_control,c011,0.12499809265136719,6.250024795532227,79
2,17,deploy_to_eval,c011,0.6249980926513672,6.250024795532227,124
2,17,eval_to_deploy,c011,-1.2499961853027344,4.750007629394531,124
2,17,unpaired_control,c011,0.8750190734863281,6.250024795532227,79
4,17,deploy_to_eval,c011,1.2500038146972656,6.250024795532227,124
4,17,eval_to_deploy,c011,-1.0,4.750007629394531,124
4,17,unpaired_control,c011,0.7500190734863281,6.250024795532227,79
6,17,deploy_to_eval,c011,0.9999790191650391,6.250024795532227,124
6,17,eval_to_deploy,c011,-1.5,4.750007629394531,124
6,17,unpaired_control,c011,0.7501506805419922,6.250024795532227,79
8,17,deploy_to_eval,c011,1.1249828338623047,6.250024795532227,124
8,17,eval_to_deploy,c011,-1.0,4.750007629394531,124
8,17,unpaired_control,c011,-0.24996566772460938,6.250024795532227,79
10,17,deploy_to_eval,c011,0.9999904632568359,6.250024795532227,124
10,17,eval_to_deploy,c011,-0.6249828338623047,4.750007629394531,124
10,17,unpaired_control,c011,-0.124847412109375,6.250024795532227,79
12,17,deploy_to_eval,c011,0.2499866485595703,6.250024795532227,124
12,17,eval_to_deploy,c011,-0.12499618530273438,4.750007629394531,124
12,17,unpaired_control,c011,-0.24987220764160156,6.250024795532227,79
14,17,deploy_to_eval,c011,-0.6250209808349609,6.250024795532227,124
14,17,eval_to_deploy,c011,0.7500095367431641,4.750007629394531,124
14,17,unpaired_control,c011,-1.4997024536132812,6.250024795532227,79
16,17,deploy_to_eval,c011,-1.500020980834961,6.250024795532227,124
16,17,eval_to_deploy,c011,1.75,4.750007629394531,124
16,17,unpaired_control,c011,-1.9998817443847656,6.250024795532227,79
18,17,deploy_to_eval,c011,-1.8750171661376953,6.250024795532227,124
18,17,eval_to_deploy,c011,1.5000171661376953,4.750007629394531,124
18,17,unpaired_control,c011,-1.7496509552001953,6.250024795532227,79
20,17,deploy_to_eval,c011,-1.3750171661376953,6.250024795532227,124
20,17,eval_to_deploy,c011,1.3750171661376953,4.750007629394531,124
20,17,unpaired_control,c011,-1.7495441436767578,6.250024795532227,79
22,17,deploy_to_eval,c011,-1.5000133514404297,6.250024795532227,124
22,17,eval_to_deploy,c011,1.3750267028808594,4.750007629394531,124
22,17,unpaired_control,c011,-1.6246280670166016,6.250024795532227,79
24,17,deploy_to_eval,c011,-1.5000133514404297,6.250024795532227,124
24,17,eval_to_deploy,c011,1.6250038146972656,4.750007629394531,124
24,17,unpaired_control,c011,-1.8746299743652344,6.250024795532227,79
26,17,deploy_to_eval,c011,-1.6250133514404297,6.250024795532227,124
26,17,eval_to_deploy,c011,1.5000171661376953,4.750007629394531,124
26,17,unpaired_control,c011,-1.9994087219238281,6.250024795532227,79
27,17,deploy_to_eval,c011,-1.5000171661376953,6.250024795532227,124
27,17,eval_to_deploy,c011,1.5000171661376953,4.750007629394531,124
27,17,unpaired_control,c011,-1.8744468688964844,6.250024795532227,79
0,18,deploy_to_eval,c020,-0.12497520446777344,9.375003814697266,102
0,18,eval_to_deploy,c020,0.24951553344726562,4.375577926635742,102
0,18,unpaired_control,c020,-0.3749809265136719,9.375003814697266,79
2,18,deploy_to_eval,c020,-0.49993133544921875,9.375003814697266,102
2,18,eval_to_deploy,c020,-0.12543869018554688,4.375577926635742,102
2,18,unpaired_control,c020,-1.1249637603759766,9.375003814697266,79
4,18,deploy_to_eval,c020,0.0001010894775390625,9.375003814697266,102
4,18,eval_to_deploy,c020,1.1245231628417969,4.375577926635742,102
4,18,unpaired_control,c020,-0.7499523162841797,9.375003814697266,79
6,18,deploy_to_eval,c020,0.0002994537353515625,9.375003814697266,102
6,18,eval_to_deploy,c020,1.624471664428711,4.375577926635742,102
6,18,unpaired_control,c020,0.3750457763671875,9.375003814697266,79
8,18,deploy_to_eval,c020,-0.37470436096191406,9.375003814697266,102
8,18,eval_to_deploy,c020,1.3745288848876953,4.375577926635742,102
8,18,unpaired_control,c020,-0.4998760223388672,9.375003814697266,79
10,18,deploy_to_eval,c020,0.2502632141113281,9.375003814697266,102
10,18,eval_to_deploy,c020,0.2494945526123047,4.375577926635742,102
10,18,unpaired_control,c020,0.5001258850097656,9.375003814697266,79
12,18,deploy_to_eval,c020,-1.6247444152832031,9.375003814697266,102
12,18,eval_to_deploy,c020,0.6245288848876953,4.375577926635742,102
12,18,unpaired_control,c020,-0.8749332427978516,9.375003814697266,79
14,18,deploy_to_eval,c020,-2.9997920989990234,9.375003814697266,102
14,18,eval_to_deploy,c020,2.1244773864746094,4.375577926635742,102
14,18,unpaired_control,c020,-2.999847412109375,9.375003814697266,79
16,18,deploy_to_eval,c020,-4.999494552612305,9.375003814697266,102
16,18,eval_to_deploy,c020,5.249425888061523,4.375577926635742,102
16,18,unpaired_control,c020,-5.249839782714844,9.375003814697266,79
18,18,deploy_to_eval,c020,-5.249429702758789,9.375003814697266,102
18,18,eval_to_deploy,c020,5.249425888061523,4.375577926635742,102
18,18,unpaired_control,c020,-5.374898910522461,9.375003814697266,79
20,18,deploy_to_eval,c020,-5.124608993530273,9.375003814697266,102
20,18,eval_to_deploy,c020,5.124425888061523,4.375577926635742,102
20,18,unpaired_control,c020,-5.249942779541016,9.375003814697266,79
22,18,deploy_to_eval,c020,-5.124654769897461,9.375003814697266,102
22,18,eval_to_deploy,c020,5.124429702758789,4.375577926635742,102
22,18,unpaired_control,c020,-5.499904632568359,9.375003814697266,79
24,18,deploy_to_eval,c020,-5.249353408813477,9.375003814697266,102
24,18,eval_to_deploy,c020,5.24943733215332,4.375577926635742,102
24,18,unpaired_control,c020,-5.624773025512695,9.375003814697266,79
26,18,deploy_to_eval,c020,-4.999494552612305,9.375003814697266,102
26,18,eval_to_deploy,c020,4.999425888061523,4.375577926635742,102
26,18,unpaired_control,c020,-5.624773025512695,9.375003814697266,79
27,18,deploy_to_eval,c020,-4.999425888061523,9.375003814697266,102
27,18,eval_to_deploy,c020,4.999425888061523,4.375577926635742,102
27,18,unpaired_control,c020,-5.3748321533203125,9.375003814697266,79
0,19,deploy_to_eval,c044,-0.625,10.625022888183594,128
0,19,eval_to_deploy,c044,-0.12491226196289062,4.000171661376953,128
0,19,unpaired_control,c044,-0.3750114440917969,10.625022888183594,79
2,19,deploy_to_eval,c044,-0.999969482421875,10.625022888183594,128
2,19,eval_to_deploy,c044,0.49988365173339844,4.000171661376953,128
2,19,unpaired_control,c044,-0.6250076293945312,10.625022888183594,79
4,19,deploy_to_eval,c044,0.24998855590820312,10.625022888183594,128
4,19,eval_to_deploy,c044,1.4999046325683594,4.000171661376953,128
4,19,unpaired_control,c044,-1.5000076293945312,10.625022888183594,79
6,19,deploy_to_eval,c044,0.1251087188720703,10.625022888183594,128
6,19,eval_to_deploy,c044,1.3749256134033203,4.000171661376953,128
6,19,unpaired_control,c044,0.25,10.625022888183594,79
8,19,deploy_to_eval,c044,-0.6249332427978516,10.625022888183594,128
8,19,eval_to_deploy,c044,0.7499046325683594,4.000171661376953,128
8,19,unpaired_control,c044,-0.3750152587890625,10.625022888183594,79
10,19,deploy_to_eval,c044,0.1251239776611328,10.625022888183594,128
10,19,eval_to_deploy,c044,0.7499256134033203,4.000171661376953,128
10,19,unpaired_control,c044,-0.2499980926513672,10.625022888183594,79
12,19,deploy_to_eval,c044,-1.6249637603759766,10.625022888183594,128
12,19,eval_to_deploy,c044,1.4999542236328125,4.000171661376953,128
12,19,unpaired_control,c044,-1.25,10.625022888183594,79
14,19,deploy_to_eval,c044,-4.4998321533203125,10.625022888183594,128
14,19,eval_to_deploy,c044,3.3748703002929688,4.000171661376953,128
14,19,unpaired_control,c044,-2.3750057220458984,10.625022888183594,79
16,19,deploy_to_eval,c044,-6.374872207641602,10.625022888183594,128
16,19,eval_to_deploy,c044,5.874879837036133,4.000171661376953,128
16,19,unpaired_control,c044,-5.874988555908203,10.625022888183594,79
18,19,deploy_to_eval,c044,-6.624820709228516,10.625022888183594,128
18,19,eval_to_deploy,c044,6.124860763549805,4.000171661376953,128
18,19,unpaired_control,c044,-6.499994277954102,10.625022888183594,79
20,19,deploy_to_eval,c044,-6.749837875366211,10.625022888183594,128
20,19,eval_to_deploy,c044,5.874868392944336,4.000171661376953,128
20,19,unpaired_control,c044,-6.124998092651367,10.625022888183594,79
22,19,deploy_to_eval,c044,-6.624906539916992,10.625022888183594,128
22,19,eval_to_deploy,c044,6.374843597412109,4.000171661376953,128
22,19,unpaired_control,c044,-5.875001907348633,10.625022888183594,79
24,19,deploy_to_eval,c044,-6.749929428100586,10.625022888183594,128
24,19,eval_to_deploy,c044,6.624835968017578,4.000171661376953,128
24,19,unpaired_control,c044,-5.749998092651367,10.625022888183594,79
26,19,deploy_to_eval,c044,-6.624851226806641,10.625022888183594,128
26,19,eval_to_deploy,c044,6.749847412109375,4.000171661376953,128
26,19,unpaired_control,c044,-6.125009536743164,10.625022888183594,79
27,19,deploy_to_eval,c044,-6.624851226806641,10.625022888183594,128
27,19,eval_to_deploy,c044,6.624851226806641,4.000171661376953,128
27,19,unpaired_control,c044,-6.250009536743164,10.625022888183594,79
0,20,deploy_to_eval,c016,-0.3750038146972656,7.125011444091797,112
0,20,eval_to_deploy,c016,0.375,4.37501335144043,112
0,20,unpaired_control,c016,-0.7499713897705078,7.125011444091797,79
2,20,deploy_to_eval,c016,-0.125,7.125011444091797,112
2,20,eval_to_deploy,c016,1.1444091796875e-05,4.37501335144043,112
2,20,unpaired_control,c016,-0.4999675750732422,7.125011444091797,79
4,20,deploy_to_eval,c016,-0.3749675750732422,7.125011444091797,112
4,20,eval_to_deploy,c016,0.3750114440917969,4.37501335144043,112
4,20,unpaired_control,c016,0.0001049041748046875,7.125011444091797,79
6,20,deploy_to_eval,c016,-0.49999427795410156,7.125011444091797,112
6,20,eval_to_deploy,c016,1.125020980834961,4.37501335144043,112
6,20,unpaired_control,c016,-0.24996185302734375,7.125011444091797,79
8,20,deploy_to_eval,c016,-1.749990463256836,7.125011444091797,112
8,20,eval_to_deploy,c016,1.2500076293945312,4.37501335144043,112
8,20,unpaired_control,c016,-0.7499904632568359,7.125011444091797,79
10,20,deploy_to_eval,c016,-1.25,7.125011444091797,112
10,20,eval_to_deploy,c016,1.1250114440917969,4.37501335144043,112
10,20,unpaired_control,c016,-0.7499523162841797,7.125011444091797,79
12,20,deploy_to_eval,c016,-1.2499866485595703,7.125011444091797,112
12,20,eval_to_deploy,c016,1.2500114440917969,4.37501335144043,112
12,20,unpaired_control,c016,-0.8749866485595703,7.125011444091797,79
14,20,deploy_to_eval,c016,-2.1249961853027344,7.125011444091797,112
14,20,eval_to_deploy,c016,2.124998092651367,4.37501335144043,112
14,20,unpaired_control,c016,-2.124969482421875,7.125011444091797,79
16,20,deploy_to_eval,c016,-2.374990463256836,7.125011444091797,112
16,20,eval_to_deploy,c016,2.5000076293945312,4.37501335144043,112
16,20,unpaired_control,c016,-2.7499313354492188,7.125011444091797,79
18,20,deploy_to_eval,c016,-2.3749637603759766,7.125011444091797,112
18,20,eval_to_deploy,c016,2.3749942779541016,4.37501335144043,112
18,20,unpaired_control,c016,-1.8748531341552734,7.125011444091797,79
20,20,deploy_to_eval,c016,-2.624998092651367,7.125011444091797,112
20,20,eval_to_deploy,c016,2.5000076293945312,4.37501335144043,112
20,20,unpaired_control,c016,-1.749898910522461,7.125011444091797,79
22,20,deploy_to_eval,c016,-2.624990463256836,7.125011444091797,112
22,20,eval_to_deploy,c016,2.625001907348633,4.37501335144043,112
22,20,unpaired_control,c016,-1.7498703002929688,7.125011444091797,79
24,20,deploy_to_eval,c016,-2.749979019165039,7.125011444091797,112
24,20,eval_to_deploy,c016,2.750001907348633,4.37501335144043,112
24,20,unpaired_control,c016,-1.749856948852539,7.125011444091797,79
26,20,deploy_to_eval,c016,-2.749998092651367,7.125011444091797,112
26,20,eval_to_deploy,c016,2.874998092651367,4.37501335144043,112
26,20,unpaired_control,c016,-2.1249256134033203,7.125011444091797,79
27,20,deploy_to_eval,c016,-2.749998092651367,7.125011444091797,112
27,20,eval_to_deploy,c016,2.749998092651367,4.37501335144043,112
27,20,unpaired_control,c016,-1.9999351501464844,7.125011444091797,79
0,21,deploy_to_eval,c056,0.24952316284179688,5.50233268737793,110
0,21,eval_to_deploy,c056,-0.24993324279785156,5.1250762939453125,110
0,21,unpaired_control,c056,0.12366867065429688,5.50233268737793,79
2,21,deploy_to_eval,c056,0.9983329772949219,5.50233268737793,110
2,21,eval_to_deploy,c056,-0.7497386932373047,5.1250762939453125,110
2,21,unpaired_control,c056,0.12322044372558594,5.50233268737793,79
4,21,deploy_to_eval,c056,0.8731632232666016,5.50233268737793,110
4,21,eval_to_deploy,c056,-0.9997882843017578,5.1250762939453125,110
4,21,unpaired_control,c056,-0.12683677673339844,5.50233268737793,79
6,21,deploy_to_eval,c056,0.6231517791748047,5.50233268737793,110
6,21,eval_to_deploy,c056,-0.6242885589599609,5.1250762939453125,110
6,21,unpaired_control,c056,-0.3771247863769531,5.50233268737793,79
8,21,deploy_to_eval,c056,0.37313079833984375,5.50233268737793,110
8,21,eval_to_deploy,c056,-0.6245040893554688,5.1250762939453125,110
8,21,unpaired_control,c056,-0.6269054412841797,5.50233268737793,79
10,21,deploy_to_eval,c056,-0.127105712890625,5.50233268737793,110
10,21,eval_to_deploy,c056,0.12571334838867188,5.1250762939453125,110
10,21,unpaired_control,c056,0.24814605712890625,5.50233268737793,79
12,21,deploy_to_eval,c056,0.24787139892578125,5.50233268737793,110
12,21,eval_to_deploy,c056,0.0008144378662109375,5.1250762939453125,110
12,21,unpaired_control,c056,-0.6269683837890625,5.50233268737793,79
14,21,deploy_to_eval,c056,-0.3770484924316406,5.50233268737793,110
14,21,eval_to_deploy,c056,0.5014286041259766,5.1250762939453125,110
14,21,unpaired_control,c056,-1.0019073486328125,5.50233268737793,79
16,21,deploy_to_eval,c056,-0.0022106170654296875,5.50233268737793,110
16,21,eval_to_deploy,c056,0.1270599365234375,5.1250762939453125,110
16,21,unpaired_control,c056,-0.501953125,5.50233268737793,79
18,21,deploy_to_eval,c056,-0.12717819213867188,5.50233268737793,110
18,21,eval_to_deploy,c056,0.3779563903808594,5.1250762939453125,110
18,21,unpaired_control,c056,-0.2522850036621094,5.50233268737793,79
20,21,deploy_to_eval,c056,-0.0022640228271484375,5.50233268737793,110
20,21,eval_to_deploy,c056,0.37656402587890625,5.1250762939453125,110
20,21,unpaired_control,c056,-0.5022354125976562,5.50233268737793,79
22,21,deploy_to_eval,c056,-0.25217437744140625,5.50233268737793,110
22,21,eval_to_deploy,c056,0.2518177032470703,5.1250762939453125,110
22,21,unpaired_control,c056,-0.6272945404052734,5.50233268737793,79
24,21,deploy_to_eval,c056,-0.25223350524902344,5.50233268737793,110
24,21,eval_to_deploy,c056,0.37725067138671875,5.1250762939453125,110
24,21,unpaired_control,c056,-0.6272373199462891,5.50233268737793,79
26,21,deploy_to_eval,c056,-0.3772621154785156,5.50233268737793,110
26,21,eval_to_deploy,c056,0.3772850036621094,5.1250762939453125,110
26,21,unpaired_control,c056,-0.5022811889648438,5.50233268737793,79
27,21,deploy_to_eval,c056,-0.3772563934326172,5.50233268737793,110
27,21,eval_to_deploy,c056,0.3772563934326172,5.1250762939453125,110
27,21,unpaired_control,c056,-0.3772926330566406,5.50233268737793,79
0,22,deploy_to_eval,c025,0.4994163513183594,3.626018524169922,111
0,22,eval_to_deploy,c025,-0.12495803833007812,5.125040054321289,111
0,22,unpaired_control,c025,-0.000934600830078125,3.626018524169922,59
2,22,deploy_to_eval,c025,-0.1253032684326172,3.626018524169922,111
2,22,eval_to_deploy,c025,0.37505531311035156,5.125040054321289,111
2,22,unpaired_control,c025,0.6240005493164062,3.626018524169922,59
4,22,deploy_to_eval,c025,-0.5007247924804688,3.626018524169922,111
4,22,eval_to_deploy,c025,1.0001354217529297,5.125040054321289,111
4,22,unpaired_control,c025,1.4990062713623047,3.626018524169922,59
6,22,deploy_to_eval,c025,1.1243000030517578,3.626018524169922,111
6,22,eval_to_deploy,c025,0.5000858306884766,5.125040054321289,111
6,22,unpaired_control,c025,3.373992919921875,3.626018524169922,59
8,22,deploy_to_eval,c025,0.8740100860595703,3.626018524169922,111
8,22,eval_to_deploy,c025,-0.2496318817138672,5.125040054321289,111
8,22,unpaired_control,c025,1.998992919921875,3.626018524169922,59
10,22,deploy_to_eval,c025,0.8741054534912109,3.626018524169922,111
10,22,eval_to_deploy,c025,-0.37461090087890625,5.125040054321289,111
10,22,unpaired_control,c025,2.498991012573242,3.626018524169922,59
12,22,deploy_to_eval,c025,0.3740501403808594,3.626018524169922,111
12,22,eval_to_deploy,c025,-0.6243190765380859,5.125040054321289,111
12,22,unpaired_control,c025,0.9989891052246094,3.626018524169922,59
14,22,deploy_to_eval,c025,0.9990386962890625,3.626018524169922,111
14,22,eval_to_deploy,c025,-0.4994773864746094,5.125040054321289,111
14,22,unpaired_control,c025,-2.1260147094726562,3.626018524169922,59
16,22,deploy_to_eval,c025,1.124074935913086,3.626018524169922,111
16,22,eval_to_deploy,c025,-1.2495231628417969,5.125040054321289,111
16,22,unpaired_control,c025,-3.1260147094726562,3.626018524169922,59
18,22,deploy_to_eval,c025,1.3740386962890625,3.626018524169922,111
18,22,eval_to_deploy,c025,-1.3743343353271484,5.125040054321289,111
18,22,unpaired_control,c025,-2.626018524169922,3.626018524169922,59
20,22,deploy_to_eval,c025,1.374063491821289,3.626018524169922,111
20,22,eval_to_deploy,c025,-1.124643325805664,5.125040054321289,111
20,22,unpaired_control,c025,-2.626018524169922,3.626018524169922,59
22,22,deploy_to_eval,c025,1.2490406036376953,3.626018524169922,111
22,22,eval_to_deploy,c025,-1.2493228912353516,5.125040054321289,111
22,22,unpaired_control,c025,-2.6260147094726562,3.626018524169922,59
24,22,deploy_to_eval,c025,1.2490406036376953,3.626018524169922,111
24,22,eval_to_deploy,c025,-1.3744773864746094,5.125040054321289,111
24,22,unpaired_control,c025,-2.8760147094726562,3.626018524169922,59
26,22,deploy_to_eval,c025,1.4990215301513672,3.626018524169922,111
26,22,eval_to_deploy,c025,-1.4990215301513672,5.125040054321289,111
26,22,unpaired_control,c025,-2.376018524169922,3.626018524169922,59
27,22,deploy_to_eval,c025,1.4990215301513672,3.626018524169922,111
27,22,eval_to_deploy,c025,-1.4990215301513672,5.125040054321289,111
27,22,unpaired_control,c025,-2.626018524169922,3.626018524169922,59
0,23,deploy_to_eval,c029,-0.12499427795410156,5.375007629394531,72
0,23,eval_to_deploy,c029,-0.5,1.0,72
0,23,unpaired_control,c029,-0.12496757507324219,5.375007629394531,59
2,23,deploy_to_eval,c029,0.6249961853027344,5.375007629394531,72
2,23,eval_to_deploy,c029,-1.9999923706054688,1.0,72
2,23,unpaired_control,c029,-0.12499427795410156,5.375007629394531,59
4,23,deploy_to_eval,c029,2.2499961853027344,5.375007629394531,72
4,23,eval_to_deploy,c029,-0.9999923706054688,1.0,72
4,23,unpaired_control,c029,-0.4999980926513672,5.375007629394531,59
6,23,deploy_to_eval,c029,1.2499961853027344,5.375007629394531,72
6,23,eval_to_deploy,c029,0.8750038146972656,1.0,72
6,23,unpaired_control,c029,1.3749923706054688,5.375007629394531,59
8,23,deploy_to_eval,c029,0.24999237060546875,5.375007629394531,72
8,23,eval_to_deploy,c029,1.5000133514404297,1.0,72
8,23,unpaired_control,c029,-0.5000038146972656,5.375007629394531,59
10,23,deploy_to_eval,c029,0.49999237060546875,5.375007629394531,72
10,23,eval_to_deploy,c029,0.5000076293945312,1.0,72
10,23,unpaired_control,c029,0.12499237060546875,5.375007629394531,59
12,23,deploy_to_eval,c029,-0.8750076293945312,5.375007629394531,72
12,23,eval_to_deploy,c029,0.5000038146972656,1.0,72
12,23,unpaired_control,c029,0.49999237060546875,5.375007629394531,59
14,23,deploy_to_eval,c029,-2.8750038146972656,5.375007629394531,72
14,23,eval_to_deploy,c029,3.250009536743164,1.0,72
14,23,unpaired_control,c029,-0.12500762939453125,5.375007629394531,59
16,23,deploy_to_eval,c029,-4.875007629394531,5.375007629394531,72
16,23,eval_to_deploy,c029,4.875003814697266,1.0,72
16,23,unpaired_control,c029,-2.1250038146972656,5.375007629394531,59
18,23,deploy_to_eval,c029,-4.125007629394531,5.375007629394531,72
18,23,eval_to_deploy,c029,4.750003814697266,1.0,72
18,23,unpaired_control,c029,-2.1250038146972656,5.375007629394531,59
20,23,deploy_to_eval,c029,-4.375003814697266,5.375007629394531,72
20,23,eval_to_deploy,c029,4.625007629394531,1.0,72
20,23,unpaired_control,c029,-2.3750038146972656,5.375007629394531,59
22,23,deploy_to_eval,c029,-4.125007629394531,5.375007629394531,72
22,23,eval_to_deploy,c029,4.625007629394531,1.0,72
22,23,unpaired_control,c029,-2.3750038146972656,5.375007629394531,59
24,23,deploy_to_eval,c029,-4.375003814697266,5.375007629394531,72
24,23,eval_to_deploy,c029,4.375011444091797,1.0,72
24,23,unpaired_control,c029,-2.2499961853027344,5.375007629394531,59
26,23,deploy_to_eval,c029,-4.375007629394531,5.375007629394531,72
26,23,eval_to_deploy,c029,4.500011444091797,1.0,72
26,23,unpaired_control,c029,-2.3749923706054688,5.375007629394531,59
27,23,deploy_to_eval,c029,-4.375007629394531,5.375007629394531,72
27,23,eval_to_deploy,c029,4.375007629394531,1.0,72
27,23,unpaired_control,c029,-2.5,5.375007629394531,59
0,24,deploy_to_eval,c014,0.3750171661376953,4.125011444091797,122
0,24,eval_to_deploy,c014,0.7499961853027344,2.8750076293945312,122
0,24,unpaired_control,c014,0.1250324249267578,4.125011444091797,79
2,24,deploy_to_eval,c014,-0.6249961853027344,4.125011444091797,122
2,24,eval_to_deploy,c014,1.3750057220458984,2.8750076293945312,122
2,24,unpaired_control,c014,0.25000762939453125,4.125011444091797,79
4,24,deploy_to_eval,c014,-0.6249866485595703,4.125011444091797,122
4,24,eval_to_deploy,c014,-0.24999618530273438,2.8750076293945312,122
4,24,unpaired_control,c014,0.7500514984130859,4.125011444091797,79
6,24,deploy_to_eval,c014,1.3749923706054688,4.125011444091797,122
6,24,eval_to_deploy,c014,-0.8749656677246094,2.8750076293945312,122
6,24,unpaired_control,c014,2.875049591064453,4.125011444091797,79
8,24,deploy_to_eval,c014,0.7500114440917969,4.125011444091797,122
8,24,eval_to_deploy,c014,-2.1249942779541016,2.8750076293945312,122
8,24,unpaired_control,c014,4.00019645690918,4.125011444091797,79
10,24,deploy_to_eval,c014,1.1250076293945312,4.125011444091797,122
10,24,eval_to_deploy,c014,-1.124969482421875,2.8750076293945312,122
10,24,unpaired_control,c014,4.875093460083008,4.125011444091797,79
12,24,deploy_to_eval,c014,0.6249961853027344,4.125011444091797,122
12,24,eval_to_deploy,c014,-1.2499961853027344,2.8750076293945312,122
12,24,unpaired_control,c014,4.750284194946289,4.125011444091797,79
14,24,deploy_to_eval,c014,-0.6250076293945312,4.125011444091797,122
14,24,eval_to_deploy,c014,1.0000152587890625,2.8750076293945312,122
14,24,unpaired_control,c014,2.875091552734375,4.125011444091797,79
16,24,deploy_to_eval,c014,-1.3749942779541016,4.125011444091797,122
16,24,eval_to_deploy,c014,1.750030517578125,2.8750076293945312,122
16,24,unpaired_control,c014,1.250173568725586,4.125011444091797,79
18,24,deploy_to_eval,c014,-0.9999980926513672,4.125011444091797,122
18,24,eval_to_deploy,c014,1.3750247955322266,2.8750076293945312,122
18,24,unpaired_control,c014,1.1254119873046875,4.125011444091797,79
20,24,deploy_to_eval,c014,-1.1250076293945312,4.125011444091797,122
20,24,eval_to_deploy,c014,1.3750076293945312,2.8750076293945312,122
20,24,unpaired_control,c014,1.3750972747802734,4.125011444091797,79
22,24,deploy_to_eval,c014,-1.1249980926513672,4.125011444091797,122
22,24,eval_to_deploy,c014,1.3750076293945312,2.8750076293945312,122
22,24,unpaired_control,c014,1.2502689361572266,4.125011444091797,79
24,24,deploy_to_eval,c014,-0.8750076293945312,4.125011444091797,122
24,24,eval_to_deploy,c014,1.3750076293945312,2.8750076293945312,122
24,24,unpaired_control,c014,1.125213623046875,4.125011444091797,79
26,24,deploy_to_eval,c014,-1.3750038146972656,4.125011444091797,122
26,24,eval_to_deploy,c014,1.3750038146972656,2.8750076293945312,122
26,24,unpaired_control,c014,1.2502689361572266,4.125011444091797,79
27,24,deploy_to_eval,c014,-1.2500038146972656,4.125011444091797,122
27,24,eval_to_deploy,c014,1.2500038146972656,2.8750076293945312,122
27,24,unpaired_control,c014,1.3752422332763672,4.125011444091797,79
0,25,deploy_to_eval,c002,6.67572021484375e-05,7.375024795532227,102
0,25,eval_to_deploy,c002,-0.625152587890625,5.500253677368164,102
0,25,unpaired_control,c002,0.3749866485595703,7.375024795532227,79
2,25,deploy_to_eval,c002,1.1250553131103516,7.375024795532227,102
2,25,eval_to_deploy,c002,-1.0001850128173828,5.500253677368164,102
2,25,unpaired_control,c002,1.1250171661376953,7.375024795532227,79
4,25,deploy_to_eval,c002,1.3750038146972656,7.375024795532227,102
4,25,eval_to_deploy,c002,-0.8751964569091797,5.500253677368164,102
4,25,unpaired_control,c002,0.8750038146972656,7.375024795532227,79
6,25,deploy_to_eval,c002,-0.24988365173339844,7.375024795532227,102
6,25,eval_to_deploy,c002,-0.87518310546875,5.500253677368164,102
6,25,unpaired_control,c002,-0.9999656677246094,7.375024795532227,79
8,25,deploy_to_eval,c002,-0.2499561309814453,7.375024795532227,102
8,25,eval_to_deploy,c002,-0.37518310546875,5.500253677368164,102
8,25,unpaired_control,c002,-2.4999752044677734,7.375024795532227,79
10,25,deploy_to_eval,c002,-0.37483978271484375,7.375024795532227,102
10,25,eval_to_deploy,c002,-0.12521934509277344,5.500253677368164,102
10,25,unpaired_control,c002,-1.1249828338623047,7.375024795532227,79
12,25,deploy_to_eval,c002,-1.3748626708984375,7.375024795532227,102
12,25,eval_to_deploy,c002,0.749786376953125,5.500253677368164,102
12,25,unpaired_control,c002,-2.000011444091797,7.375024795532227,79
14,25,deploy_to_eval,c002,-1.4997978210449219,7.375024795532227,102
14,25,eval_to_deploy,c002,1.499776840209961,5.500253677368164,102
14,25,unpaired_control,c002,-3.3750038146972656,7.375024795532227,79
16,25,deploy_to_eval,c002,-1.87481689453125,7.375024795532227,102
16,25,eval_to_deploy,c002,1.8747596740722656,5.500253677368164,102
16,25,unpaired_control,c002,-3.6250038146972656,7.375024795532227,79
18,25,deploy_to_eval,c002,-2.2497596740722656,7.375024795532227,102
18,25,eval_to_deploy,c002,1.9997844696044922,5.500253677368164,102
18,25,unpaired_control,c002,-4.124998092651367,7.375024795532227,79
20,25,deploy_to_eval,c002,-2.499879837036133,7.375024795532227,102
20,25,eval_to_deploy,c002,1.4997577667236328,5.500253677368164,102
20,25,unpaired_control,c002,-4.124973297119141,7.375024795532227,79
22,25,deploy_to_eval,c002,-2.124734878540039,7.375024795532227,102
22,25,eval_to_deploy,c002,1.8747711181640625,5.500253677368164,102
22,25,unpaired_control,c002,-4.124965667724609,7.375024795532227,79
24,25,deploy_to_eval,c002,-2.124847412109375,7.375024795532227,102
24,25,eval_to_deploy,c002,1.8747577667236328,5.500253677368164,102
24,25,unpaired_control,c002,-4.249929428100586,7.375024795532227,79
26,25,deploy_to_eval,c002,-1.8747692108154297,7.375024795532227,102
26,25,eval_to_deploy,c002,2.249767303466797,5.500253677368164,102
26,25,unpaired_control,c002,-4.24993896484375,7.375024795532227,79
27,25,deploy_to_eval,c002,-1.8747711181640625,7.375024795532227,102
27,25,eval_to_deploy,c002,1.8747711181640625,5.500253677368164,102
27,25,unpaired_control,c002,-4.124940872192383,7.375024795532227,79
0,26,deploy_to_eval,c023,-0.12497901916503906,5.125093460083008,100
0,26,eval_to_deploy,c023,-0.12500953674316406,3.2500839233398438,100
0,26,unpaired_control,c023,-0.6246814727783203,5.125093460083008,79
2,26,deploy_to_eval,c023,0.37494659423828125,5.125093460083008,100
2,26,eval_to_deploy,c023,-0.3750324249267578,3.2500839233398438,100
2,26,unpaired_control,c023,-0.7496986389160156,5.125093460083008,79
4,26,deploy_to_eval,c023,-0.1250476837158203,5.125093460083008,100
4,26,eval_to_deploy,c023,0.75006103515625,3.2500839233398438,100
4,26,unpaired_control,c023,-1.1246147155761719,5.125093460083008,79
6,26,deploy_to_eval,c023,0.12493133544921875,5.125093460083008,100
6,26,eval_to_deploy,c023,1.1250190734863281,3.2500839233398438,100
6,26,unpaired_control,c023,-0.9996700286865234,5.125093460083008,79
8,26,deploy_to_eval,c023,-0.2500724792480469,5.125093460083008,100
8,26,eval_to_deploy,c023,0.2501544952392578,3.2500839233398438,100
8,26,unpaired_control,c023,-0.9995880126953125,5.125093460083008,79
10,26,deploy_to_eval,c023,0.2499542236328125,5.125093460083008,100
10,26,eval_to_deploy,c023,0.37510108947753906,3.2500839233398438,100
10,26,unpaired_control,c023,1.6255245208740234,5.125093460083008,79
12,26,deploy_to_eval,c023,-1.2500476837158203,5.125093460083008,100
12,26,eval_to_deploy,c023,1.2499980926513672,3.2500839233398438,100
12,26,unpaired_control,c023,0.7504158020019531,5.125093460083008,79
14,26,deploy_to_eval,c023,-2.125070571899414,5.125093460083008,100
14,26,eval_to_deploy,c023,1.6249847412109375,3.2500839233398438,100
14,26,unpaired_control,c023,0.0005893707275390625,5.125093460083008,79
16,26,deploy_to_eval,c023,-2.0000438690185547,5.125093460083008,100
16,26,eval_to_deploy,c023,2.250009536743164,3.2500839233398438,100
16,26,unpaired_control,c023,0.12527084350585938,5.125093460083008,79
18,26,deploy_to_eval,c023,-1.9999980926513672,5.125093460083008,100
18,26,eval_to_deploy,c023,2.2500667572021484,3.2500839233398438,100
18,26,unpaired_control,c023,0.37548065185546875,5.125093460083008,79
20,26,deploy_to_eval,c023,-1.9999980926513672,5.125093460083008,100
20,26,eval_to_deploy,c023,2.250009536743164,3.2500839233398438,100
20,26,unpaired_control,c023,0.1255207061767578,5.125093460083008,79
22,26,deploy_to_eval,c023,-1.7500457763671875,5.125093460083008,100
22,26,eval_to_deploy,c023,2.0000076293945312,3.2500839233398438,100
22,26,unpaired_control,c023,0.3754158020019531,5.125093460083008,79
24,26,deploy_to_eval,c023,-1.7500286102294922,5.125093460083008,100
24,26,eval_to_deploy,c023,1.8750629425048828,3.2500839233398438,100
24,26,unpaired_control,c023,0.25048255920410156,5.125093460083008,79
26,26,deploy_to_eval,c023,-1.8750076293945312,5.125093460083008,100
26,26,eval_to_deploy,c023,1.7500057220458984,3.2500839233398438,100
26,26,unpaired_control,c023,-0.12435150146484375,5.125093460083008,79
27,26,deploy_to_eval,c023,-1.875009536743164,5.125093460083008,100
27,26,eval_to_deploy,c023,1.875009536743164,3.2500839233398438,100
27,26,unpaired_control,c023,-0.12440872192382812,5.125093460083008,79
0,27,deploy_to_eval,c046,-0.1274547576904297,5.505392074584961,109
0,27,eval_to_deploy,c046,-0.3751792907714844,5.00068473815918,109
0,27,unpaired_control,c046,0.37034034729003906,5.505392074584961,79
2,27,deploy_to_eval,c046,0.122406005859375,5.505392074584961,109
2,27,eval_to_deploy,c046,-0.5005016326904297,5.00068473815918,109
2,27,unpaired_control,c046,-0.25402259826660156,5.505392074584961,79
4,27,deploy_to_eval,c046,-0.2400798797607422,5.505392074584961,109
4,27,eval_to_deploy,c046,0.3746051788330078,5.00068473815918,109
4,27,unpaired_control,c046,-0.8788433074951172,5.505392074584961,79
6,27,deploy_to_eval,c046,-1.0016593933105469,5.505392074584961,109
6,27,eval_to_deploy,c046,1.3756217956542969,5.00068473815918,109
6,27,unpaired_control,c046,-1.2547893524169922,5.505392074584961,79
8,27,deploy_to_eval,c046,-1.3800697326660156,5.505392074584961,109
8,27,eval_to_deploy,c046,1.0006179809570312,5.00068473815918,109
8,27,unpaired_control,c046,-1.5051403045654297,5.505392074584961,79
10,27,deploy_to_eval,c046,-0.12996292114257812,5.505392074584961,109
10,27,eval_to_deploy,c046,0.12499046325683594,5.00068473815918,109
10,27,unpaired_control,c046,-0.505218505859375,5.505392074584961,79
12,27,deploy_to_eval,c046,1.2450370788574219,5.505392074584961,109
12,27,eval_to_deploy,c046,-0.24965286254882812,5.00068473815918,109
12,27,unpaired_control,c046,0.2447967529296875,5.505392074584961,79
14,27,deploy_to_eval,c046,0.4949817657470703,5.505392074584961,109
14,27,eval_to_deploy,c046,0.37858009338378906,5.00068473815918,109
14,27,unpaired_control,c046,-0.005153656005859375,5.505392074584961,79
16,27,deploy_to_eval,c046,0.12002944946289062,5.505392074584961,109
16,27,eval_to_deploy,c046,0.5045337677001953,5.00068473815918,109
16,27,unpaired_control,c046,0.11976242065429688,5.505392074584961,79
18,27,deploy_to_eval,c046,-0.37994384765625,5.505392074584961,109
18,27,eval_to_deploy,c046,0.12921142578125,5.00068473815918,109
18,27,unpaired_control,c046,0.6199531555175781,5.505392074584961,79
20,27,deploy_to_eval,c046,-0.37994384765625,5.505392074584961,109
20,27,eval_to_deploy,c046,0.13189125061035156,5.00068473815918,109
20,27,unpaired_control,c046,1.1197338104248047,5.505392074584961,79
22,27,deploy_to_eval,c046,-0.3798179626464844,5.505392074584961,109
22,27,eval_to_deploy,c046,0.12914657592773438,5.00068473815918,109
22,27,unpaired_control,c046,0.6197643280029297,5.505392074584961,79
24,27,deploy_to_eval,c046,-0.5047893524169922,5.505392074584961,109
24,27,eval_to_deploy,c046,0.1292133331298828,5.00068473815918,109
24,27,unpaired_control,c046,0.49486541748046875,5.505392074584961,79
26,27,deploy_to_eval,c046,-0.6296501159667969,5.505392074584961,109
26,27,eval_to_deploy,c046,0.5048637390136719,5.00068473815918,109
26,27,unpaired_control,c046,0.6198654174804688,5.505392074584961,79
27,27,deploy_to_eval,c046,-0.5047073364257812,5.505392074584961,109
27,27,eval_to_deploy,c046,0.5047073364257812,5.00068473815918,109
27,27,unpaired_control,c046,0.8698253631591797,5.505392074584961,79
0,28,deploy_to_eval,c022,-0.12508773803710938,8.500160217285156,106
0,28,eval_to_deploy,c022,-0.6250190734863281,6.375217437744141,106
0,28,unpaired_control,c022,0.4998931884765625,8.500160217285156,79
2,28,deploy_to_eval,c022,0.12491607666015625,8.500160217285156,106
2,28,eval_to_deploy,c022,-0.374664306640625,6.375217437744141,106
2,28,unpaired_control,c022,0.2498798370361328,8.500160217285156,79
4,28,deploy_to_eval,c022,-0.2501068115234375,8.500160217285156,106
4,28,eval_to_deploy,c022,-0.37488365173339844,6.375217437744141,106
4,28,unpaired_control,c022,0.749847412109375,8.500160217285156,79
6,28,deploy_to_eval,c022,-0.874908447265625,8.500160217285156,106
6,28,eval_to_deploy,c022,1.33514404296875e-05,6.375217437744141,106
6,28,unpaired_control,c022,-0.125152587890625,8.500160217285156,79
8,28,deploy_to_eval,c022,-1.1248054504394531,8.500160217285156,106
8,28,eval_to_deploy,c022,5.340576171875e-05,6.375217437744141,106
8,28,unpaired_control,c022,-0.375152587890625,8.500160217285156,79
10,28,deploy_to_eval,c022,-1.1247425079345703,8.500160217285156,106
10,28,eval_to_deploy,c022,-0.3751487731933594,6.375217437744141,106
10,28,unpaired_control,c022,-1.5001487731933594,8.500160217285156,79
12,28,deploy_to_eval,c022,-0.8749370574951172,8.500160217285156,106
12,28,eval_to_deploy,c022,0.2498798370361328,6.375217437744141,106
12,28,unpaired_control,c022,-1.875143051147461,8.500160217285156,79
14,28,deploy_to_eval,c022,-1.7495346069335938,8.500160217285156,106
14,28,eval_to_deploy,c022,1.624908447265625,6.375217437744141,106
14,28,unpaired_control,c022,-2.625150680541992,8.500160217285156,79
16,28,deploy_to_eval,c022,-2.374876022338867,8.500160217285156,106
16,28,eval_to_deploy,c022,2.374868392944336,6.375217437744141,106
16,28,unpaired_control,c022,-3.750123977661133,8.500160217285156,79
18,28,deploy_to_eval,c022,-2.1249141693115234,8.500160217285156,106
18,28,eval_to_deploy,c022,2.249929428100586,6.375217437744141,106
18,28,unpaired_control,c022,-3.3751354217529297,8.500160217285156,79
20,28,deploy_to_eval,c022,-2.499910354614258,8.500160217285156,106
20,28,eval_to_deploy,c022,2.374927520751953,6.375217437744141,106
20,28,unpaired_control,c022,-3.625133514404297,8.500160217285156,79
22,28,deploy_to_eval,c022,-2.374876022338867,8.500160217285156,106
22,28,eval_to_deploy,c022,2.4998950958251953,6.375217437744141,106
22,28,unpaired_control,c022,-3.2501354217529297,8.500160217285156,79
24,28,deploy_to_eval,c022,-2.124929428100586,8.500160217285156,106
24,28,eval_to_deploy,c022,2.624897003173828,6.375217437744141,106
24,28,unpaired_control,c022,-3.6251354217529297,8.500160217285156,79
26,28,deploy_to_eval,c022,-2.3748741149902344,8.500160217285156,106
26,28,eval_to_deploy,c022,2.1249427795410156,6.375217437744141,106
26,28,unpaired_control,c022,-3.7501373291015625,8.500160217285156,79
27,28,deploy_to_eval,c022,-2.1249427795410156,8.500160217285156,106
27,28,eval_to_deploy,c022,2.1249427795410156,6.375217437744141,106
27,28,unpaired_control,c022,-3.7501392364501953,8.500160217285156,79
0,29,deploy_to_eval,c050,0.1248779296875,4.375158309936523,142
0,29,eval_to_deploy,c050,0.12501144409179688,4.750020980834961,142
0,29,unpaired_control,c050,-0.24973678588867188,4.375158309936523,79
2,29,deploy_to_eval,c050,0.7498760223388672,4.375158309936523,142
2,29,eval_to_deploy,c050,-0.7499885559082031,4.750020980834961,142
2,29,unpaired_control,c050,9.34600830078125e-05,4.375158309936523,79
4,29,deploy_to_eval,c050,0.9998588562011719,4.375158309936523,142
4,29,eval_to_deploy,c050,-0.9999351501464844,4.750020980834961,142
4,29,unpaired_control,c050,0.6250419616699219,4.375158309936523,79
6,29,deploy_to_eval,c050,0.3748741149902344,4.375158309936523,142
6,29,eval_to_deploy,c050,-0.6249103546142578,4.750020980834961,142
6,29,unpaired_control,c050,0.9999771118164062,4.375158309936523,79
8,29,deploy_to_eval,c050,0.7498588562011719,4.375158309936523,142
8,29,eval_to_deploy,c050,-0.6249141693115234,4.750020980834961,142
8,29,unpaired_control,c050,1.2500648498535156,4.375158309936523,79
10,29,deploy_to_eval,c050,0.9998626708984375,4.375158309936523,142
10,29,eval_to_deploy,c050,-0.9998970031738281,4.750020980834961,142
10,29,unpaired_control,c050,1.8750228881835938,4.375158309936523,79
12,29,deploy_to_eval,c050,0.7498626708984375,4.375158309936523,142
12,29,eval_to_deploy,c050,-1.3749237060546875,4.750020980834961,142
12,29,unpaired_control,c050,0.6251564025878906,4.375158309936523,79
14,29,deploy_to_eval,c050,0.7498760223388672,4.375158309936523,142
14,29,eval_to_deploy,c050,-0.8748798370361328,4.750020980834961,142
14,29,unpaired_control,c050,-0.2499866485595703,4.375158309936523,79
16,29,deploy_to_eval,c050,0.6248893737792969,4.375158309936523,142
16,29,eval_to_deploy,c050,-0.7499217987060547,4.750020980834961,142
16,29,unpaired_control,c050,-1.4997272491455078,4.375158309936523,79
18,29,deploy_to_eval,c050,0.2498626708984375,4.375158309936523,142
18,29,eval_to_deploy,c050,-0.24995994567871094,4.750020980834961,142
18,29,unpaired_control,c050,-1.1248970031738281,4.375158309936523,79
20,29,deploy_to_eval,c050,0.37488555908203125,4.375158309936523,142
20,29,eval_to_deploy,c050,-0.3749122619628906,4.750020980834961,142
20,29,unpaired_control,c050,-1.3749198913574219,4.375158309936523,79
22,29,deploy_to_eval,c050,0.4998664855957031,4.375158309936523,142
22,29,eval_to_deploy,c050,-0.2499523162841797,4.750020980834961,142
22,29,unpaired_control,c050,-1.3750114440917969,4.375158309936523,79
24,29,deploy_to_eval,c050,0.37485504150390625,4.375158309936523,142
24,29,eval_to_deploy,c050,-0.24993324279785156,4.750020980834961,142
24,29,unpaired_control,c050,-1.249990463256836,4.375158309936523,79
26,29,deploy_to_eval,c050,0.37486839294433594,4.375158309936523,142
26,29,eval_to_deploy,c050,-0.3748607635498047,4.750020980834961,142
26,29,unpaired_control,c050,-1.3750648498535156,4.375158309936523,79
27,29,deploy_to_eval,c050,0.3748626708984375,4.375158309936523,142
27,29,eval_to_deploy,c050,-0.3748626708984375,4.750020980834961,142
27,29,unpaired_control,c050,-1.3750762939453125,4.375158309936523,79
0,30,deploy_to_eval,c006,-0.24987220764160156,6.750099182128906,123
0,30,eval_to_deploy,c006,-0.6249523162841797,3.000082015991211,123
0,30,unpaired_control,c006,-0.5000572204589844,6.750099182128906,79
2,30,deploy_to_eval,c006,0.12502670288085938,6.750099182128906,123
2,30,eval_to_deploy,c006,-0.3749732971191406,3.000082015991211,123
2,30,unpaired_control,c006,-0.37508583068847656,6.750099182128906,79
4,30,deploy_to_eval,c006,-0.9997768402099609,6.750099182128906,123
4,30,eval_to_deploy,c006,0.1250019073486328,3.000082015991211,123
4,30,unpaired_control,c006,-0.75006103515625,6.750099182128906,79
6,30,deploy_to_eval,c006,-1.3750171661376953,6.750099182128906,123
6,30,eval_to_deploy,c006,0.6249923706054688,3.000082015991211,123
6,30,unpaired_control,c006,-2.000082015991211,6.750099182128906,79
8,30,deploy_to_eval,c006,-1.4999942779541016,6.750099182128906,123
8,30,eval_to_deploy,c006,0.9999923706054688,3.000082015991211,123
8,30,unpaired_control,c006,-2.7500877380371094,6.750099182128906,79
10,30,deploy_to_eval,c006,-0.8750057220458984,6.750099182128906,123
10,30,eval_to_deploy,c006,0.5000038146972656,3.000082015991211,123
10,30,unpaired_control,c006,-2.1250858306884766,6.750099182128906,79
12,30,deploy_to_eval,c006,-2.6250152587890625,6.750099182128906,123
12,30,eval_to_deploy,c006,1.5000247955322266,3.000082015991211,123
12,30,unpaired_control,c006,-2.750091552734375,6.750099182128906,79
14,30,deploy_to_eval,c006,-2.999969482421875,6.750099182128906,123
14,30,eval_to_deploy,c006,2.499971389770508,3.000082015991211,123
14,30,unpaired_control,c006,-3.3750743865966797,6.750099182128906,79
16,30,deploy_to_eval,c006,-3.8749618530273438,6.750099182128906,123
16,30,eval_to_deploy,c006,3.500041961669922,3.000082015991211,123
16,30,unpaired_control,c006,-3.875082015991211,6.750099182128906,79
18,30,deploy_to_eval,c006,-3.7499313354492188,6.750099182128906,123
18,30,eval_to_deploy,c006,3.37506103515625,3.000082015991211,123
18,30,unpaired_control,c006,-3.375091552734375,6.750099182128906,79
20,30,deploy_to_eval,c006,-3.7499942779541016,6.750099182128906,123
20,30,eval_to_deploy,c006,3.3749961853027344,3.000082015991211,123
20,30,unpaired_control,c006,-3.2500877380371094,6.750099182128906,79
22,30,deploy_to_eval,c006,-3.8750228881835938,6.750099182128906,123
22,30,eval_to_deploy,c006,3.749969482421875,3.000082015991211,123
22,30,unpaired_control,c006,-3.0000858306884766,6.750099182128906,79
24,30,deploy_to_eval,c006,-3.6249942779541016,6.750099182128906,123
24,30,eval_to_deploy,c006,3.500082015991211,3.000082015991211,123
24,30,unpaired_control,c006,-3.3750743865966797,6.750099182128906,79
26,30,deploy_to_eval,c006,-3.7500038146972656,6.750099182128906,123
26,30,eval_to_deploy,c006,3.7500171661376953,3.000082015991211,123
26,30,unpaired_control,c006,-3.1250858306884766,6.750099182128906,79
27,30,deploy_to_eval,c006,-3.7500171661376953,6.750099182128906,123
27,30,eval_to_deploy,c006,3.7500171661376953,3.000082015991211,123
27,30,unpaired_control,c006,-3.2500858306884766,6.750099182128906,79
0,31,deploy_to_eval,c017,0.12500381469726562,5.375020980834961,142
0,31,eval_to_deploy,c017,0.2499980926513672,3.5000133514404297,142
0,31,unpaired_control,c017,0.9999828338623047,5.375020980834961,59
2,31,deploy_to_eval,c017,-0.2500171661376953,5.375020980834961,142
2,31,eval_to_deploy,c017,0.75,3.5000133514404297,142
2,31,unpaired_control,c017,0.9999904632568359,5.375020980834961,59
4,31,deploy_to_eval,c017,-0.1250171661376953,5.375020980834961,142
4,31,eval_to_deploy,c017,0.7500114440917969,3.5000133514404297,142
4,31,unpaired_control,c017,1.8750076293945312,5.375020980834961,59
6,31,deploy_to_eval,c017,-7.62939453125e-06,5.375020980834961,142
6,31,eval_to_deploy,c017,0.7500133514404297,3.5000133514404297,142
6,31,unpaired_control,c017,2.250032424926758,5.375020980834961,59
8,31,deploy_to_eval,c017,-0.5000095367431641,5.375020980834961,142
8,31,eval_to_deploy,c017,1.1250038146972656,3.5000133514404297,142
8,31,unpaired_control,c017,1.2501354217529297,5.375020980834961,59
10,31,deploy_to_eval,c017,-0.12500953674316406,5.375020980834961,142
10,31,eval_to_deploy,c017,1.1249942779541016,3.5000133514404297,142
10,31,unpaired_control,c017,0.12534332275390625,5.375020980834961,59
12,31,deploy_to_eval,c017,-0.1250171661376953,5.375020980834961,142
12,31,eval_to_deploy,c017,1.5,3.5000133514404297,142
12,31,unpaired_control,c017,-1.6243705749511719,5.375020980834961,59
14,31,deploy_to_eval,c017,-1.5000133514404297,5.375020980834961,142
14,31,eval_to_deploy,c017,2.250001907348633,3.5000133514404297,142
14,31,unpaired_control,c017,-3.3747634887695312,5.375020980834961,59
16,31,deploy_to_eval,c017,-1.8750057220458984,5.375020980834961,142
16,31,eval_to_deploy,c017,2.125001907348633,3.5000133514404297,142
16,31,unpaired_control,c017,-3.374929428100586,5.375020980834961,59
18,31,deploy_to_eval,c017,-1.8750076293945312,5.375020980834961,142
18,31,eval_to_deploy,c017,1.9999942779541016,3.5000133514404297,142
18,31,unpaired_control,c017,-2.749906539916992,5.375020980834961,59
20,31,deploy_to_eval,c017,-1.8750057220458984,5.375020980834961,142
20,31,eval_to_deploy,c017,1.9999942779541016,3.5000133514404297,142
20,31,unpaired_control,c017,-2.3748817443847656,5.375020980834961,59
22,31,deploy_to_eval,c017,-1.875,5.375020980834961,142
22,31,eval_to_deploy,c017,2.124998092651367,3.5000133514404297,142
22,31,unpaired_control,c017,-2.374927520751953,5.375020980834961,59
24,31,deploy_to_eval,c017,-1.750009536743164,5.375020980834961,142
24,31,eval_to_deploy,c017,2.124998092651367,3.5000133514404297,142
24,31,unpaired_control,c017,-2.749929428100586,5.375020980834961,59
26,31,deploy_to_eval,c017,-1.8750076293945312,5.375020980834961,142
26,31,eval_to_deploy,c017,1.8750114440917969,3.5000133514404297,142
26,31,unpaired_control,c017,-2.4999561309814453,5.375020980834961,59
27,31,deploy_to_eval,c017,-1.8750076293945312,5.375020980834961,142
27,31,eval_to_deploy,c017,1.8750076293945312,3.5000133514404297,142
27,31,unpaired_control,c017,-2.4999465942382812,5.375020980834961,59
0,32,deploy_to_eval,c039,1.9073486328125e-06,2.1252498626708984,73
0,32,eval_to_deploy,c039,6.29425048828125e-05,2.8750743865966797,73
0,32,unpaired_control,c039,0.3753013610839844,2.1252498626708984,59
2,32,deploy_to_eval,c039,1.624837875366211,2.1252498626708984,73
2,32,eval_to_deploy,c039,-0.9999523162841797,2.8750743865966797,73
2,32,unpaired_control,c039,2.249967575073242,2.1252498626708984,59
4,32,deploy_to_eval,c039,2.7497997283935547,2.1252498626708984,73
4,32,eval_to_deploy,c039,-0.12497901916503906,2.8750743865966797,73
4,32,unpaired_control,c039,1.8748340606689453,2.1252498626708984,59
6,32,deploy_to_eval,c039,2.1248435974121094,2.1252498626708984,73
6,32,eval_to_deploy,c039,0.5001430511474609,2.8750743865966797,73
6,32,unpaired_control,c039,1.7497577667236328,2.1252498626708984,59
8,32,deploy_to_eval,c039,1.9999008178710938,2.1252498626708984,73
8,32,eval_to_deploy,c039,1.1252555847167969,2.8750743865966797,73
8,32,unpaired_control,c039,1.6247615814208984,2.1252498626708984,59
10,32,deploy_to_eval,c039,2.874818801879883,2.1252498626708984,73
10,32,eval_to_deploy,c039,0.5000457763671875,2.8750743865966797,73
10,32,unpaired_control,c039,3.624757766723633,2.1252498626708984,59
12,32,deploy_to_eval,c039,1.7498359680175781,2.1252498626708984,73
12,32,eval_to_deploy,c039,-0.9999160766601562,2.8750743865966797,73
12,32,unpaired_control,c039,3.124753952026367,2.1252498626708984,59
14,32,deploy_to_eval,c039,0.8748512268066406,2.1252498626708984,73
14,32,eval_to_deploy,c039,-0.6248512268066406,2.8750743865966797,73
14,32,unpaired_control,c039,3.249774932861328,2.1252498626708984,59
16,32,deploy_to_eval,c039,0.6248550415039062,2.1252498626708984,73
16,32,eval_to_deploy,c039,-0.6248645782470703,2.8750743865966797,73
16,32,unpaired_control,c039,2.249774932861328,2.1252498626708984,59
18,32,deploy_to_eval,c039,0.7498512268066406,2.1252498626708984,73
18,32,eval_to_deploy,c039,-0.37477874755859375,2.8750743865966797,73
18,32,unpaired_control,c039,2.374788284301758,2.1252498626708984,59
20,32,deploy_to_eval,c039,0.7498359680175781,2.1252498626708984,73
20,32,eval_to_deploy,c039,-0.7498054504394531,2.8750743865966797,73
20,32,unpaired_control,c039,2.499788284301758,2.1252498626708984,59
22,32,deploy_to_eval,c039,0.8748264312744141,2.1252498626708984,73
22,32,eval_to_deploy,c039,-0.7497596740722656,2.8750743865966797,73
22,32,unpaired_control,c039,1.9997787475585938,2.1252498626708984,59
24,32,deploy_to_eval,c039,0.6248512268066406,2.1252498626708984,73
24,32,eval_to_deploy,c039,-0.6246566772460938,2.8750743865966797,73
24,32,unpaired_control,c039,1.874826431274414,2.1252498626708984,59
26,32,deploy_to_eval,c039,0.7498245239257812,2.1252498626708984,73
26,32,eval_to_deploy,c039,-0.7497787475585938,2.8750743865966797,73
26,32,unpaired_control,c039,1.9998092651367188,2.1252498626708984,59
27,32,deploy_to_eval,c039,0.7498245239257812,2.1252498626708984,73
27,32,eval_to_deploy,c039,-0.7498245239257812,2.8750743865966797,73
27,32,unpaired_control,c039,2.124807357788086,2.1252498626708984,59
0,33,deploy_to_eval,c036,0.2500171661376953,4.5000152587890625,115
0,33,eval_to_deploy,c036,-0.12501144409179688,4.250057220458984,115
0,33,unpaired_control,c036,-3.814697265625e-06,4.5000152587890625,59
2,33,deploy_to_eval,c036,0.25000953674316406,4.5000152587890625,115
2,33,eval_to_deploy,c036,-0.7500057220458984,4.250057220458984,115
2,33,unpaired_control,c036,0.24999237060546875,4.5000152587890625,59
4,33,deploy_to_eval,c036,0.6249923706054688,4.5000152587890625,115
4,33,eval_to_deploy,c036,-0.49991416931152344,4.250057220458984,115
4,33,unpaired_control,c036,0.5000095367431641,4.5000152587890625,59
6,33,deploy_to_eval,c036,0.4999980926513672,4.5000152587890625,115
6,33,eval_to_deploy,c036,-1.7498111724853516,4.250057220458984,115
6,33,unpaired_control,c036,0.2500114440917969,4.5000152587890625,59
8,33,deploy_to_eval,c036,0.8750095367431641,4.5000152587890625,115
8,33,eval_to_deploy,c036,-2.249971389770508,4.250057220458984,115
8,33,unpaired_control,c036,0.2501640319824219,4.5000152587890625,59
10,33,deploy_to_eval,c036,1.500009536743164,4.5000152587890625,115
10,33,eval_to_deploy,c036,-3.124908447265625,4.250057220458984,115
10,33,unpaired_control,c036,0.8752059936523438,4.5000152587890625,59
12,33,deploy_to_eval,c036,0.6250057220458984,4.5000152587890625,115
12,33,eval_to_deploy,c036,-2.249990463256836,4.250057220458984,115
12,33,unpaired_control,c036,-0.12479972839355469,4.5000152587890625,59
14,33,deploy_to_eval,c036,3.0517578125e-05,4.5000152587890625,115
14,33,eval_to_deploy,c036,-0.25002479553222656,4.250057220458984,115
14,33,unpaired_control,c036,-2.8749771118164062,4.5000152587890625,59
16,33,deploy_to_eval,c036,4.1961669921875e-05,4.5000152587890625,115
16,33,eval_to_deploy,c036,0.3749732971191406,4.250057220458984,115
16,33,unpaired_control,c036,-2.7499961853027344,4.5000152587890625,59
18,33,deploy_to_eval,c036,5.7220458984375e-06,4.5000152587890625,115
18,33,eval_to_deploy,c036,0.49999237060546875,4.250057220458984,115
18,33,unpaired_control,c036,-2.5,4.5000152587890625,59
20,33,deploy_to_eval,c036,-0.24999427795410156,4.5000152587890625,115
20,33,eval_to_deploy,c036,0.49996376037597656,4.250057220458984,115
20,33,unpaired_control,c036,-2.5000038146972656,4.5000152587890625,59
22,33,deploy_to_eval,c036,-0.1249847412109375,4.5000152587890625,115
22,33,eval_to_deploy,c036,0.37496376037597656,4.250057220458984,115
22,33,unpaired_control,c036,-2.5000038146972656,4.5000152587890625,59
24,33,deploy_to_eval,c036,-0.24996185302734375,4.5000152587890625,115
24,33,eval_to_deploy,c036,0.2499828338623047,4.250057220458984,115
24,33,unpaired_control,c036,-2.499998092651367,4.5000152587890625,59
26,33,deploy_to_eval,c036,-0.2499561309814453,4.5000152587890625,115
26,33,eval_to_deploy,c036,0.24995803833007812,4.250057220458984,115
26,33,unpaired_control,c036,-2.3750076293945312,4.5000152587890625,59
27,33,deploy_to_eval,c036,-0.24995803833007812,4.5000152587890625,115
27,33,eval_to_deploy,c036,0.24995803833007812,4.250057220458984,115
27,33,unpaired_control,c036,-2.3750076293945312,4.5000152587890625,59
0,34,deploy_to_eval,c009,0.625,4.375009536743164,73
0,34,eval_to_deploy,c009,-0.1250019073486328,2.1250076293945312,73
0,34,unpaired_control,c009,0.5000247955322266,4.375009536743164,59
2,34,deploy_to_eval,c009,0.25,4.375009536743164,73
2,34,eval_to_deploy,c009,-0.8749942779541016,2.1250076293945312,73
2,34,unpaired_control,c009,0.37500953674316406,4.375009536743164,59
4,34,deploy_to_eval,c009,-0.875,4.375009536743164,73
4,34,eval_to_deploy,c009,-0.2499980926513672,2.1250076293945312,73
4,34,unpaired_control,c009,-1.749959945678711,4.375009536743164,59
6,34,deploy_to_eval,c009,-1.3750019073486328,4.375009536743164,73
6,34,eval_to_deploy,c009,-0.12499237060546875,2.1250076293945312,73
6,34,unpaired_control,c009,-0.7499885559082031,4.375009536743164,59
8,34,deploy_to_eval,c009,-1.4999961853027344,4.375009536743164,73
8,34,eval_to_deploy,c009,-0.3749885559082031,2.1250076293945312,73
8,34,unpaired_control,c009,-1.2500019073486328,4.375009536743164,59
10,34,deploy_to_eval,c009,-1.875,4.375009536743164,73
10,34,eval_to_deploy,c009,1.3750057220458984,2.1250076293945312,73
10,34,unpaired_control,c009,2.2499942779541016,4.375009536743164,59
12,34,deploy_to_eval,c009,-1.8749961853027344,4.375009536743164,73
12,34,eval_to_deploy,c009,2.3750057220458984,2.1250076293945312,73
12,34,unpaired_control,c009,3.1249942779541016,4.375009536743164,59
14,34,deploy_to_eval,c009,-2.3749866485595703,4.375009536743164,73
14,34,eval_to_deploy,c009,2.125001907348633,2.1250076293945312,73
14,34,unpaired_control,c009,3.2500038146972656,4.375009536743164,59
16,34,deploy_to_eval,c009,-2.5,4.375009536743164,73
16,34,eval_to_deploy,c009,2.5000057220458984,2.1250076293945312,73
16,34,unpaired_control,c009,1.6250457763671875,4.375009536743164,59
18,34,deploy_to_eval,c009,-2.375,4.375009536743164,73
18,34,eval_to_deploy,c009,2.2500247955322266,2.1250076293945312,73
18,34,unpaired_control,c009,1.750040054321289,4.375009536743164,59
20,34,deploy_to_eval,c009,-2.2499961853027344,4.375009536743164,73
20,34,eval_to_deploy,c009,2.000028610229492,2.1250076293945312,73
20,34,unpaired_control,c009,1.1250381469726562,4.375009536743164,59
22,34,deploy_to_eval,c009,-2.375001907348633,4.375009536743164,73
22,34,eval_to_deploy,c009,2.250009536743164,2.1250076293945312,73
22,34,unpaired_control,c009,1.125040054321289,4.375009536743164,59
24,34,deploy_to_eval,c009,-2.250001907348633,4.375009536743164,73
24,34,eval_to_deploy,c009,2.250009536743164,2.1250076293945312,73
24,34,unpaired_control,c009,1.2500839233398438,4.375009536743164,59
26,34,deploy_to_eval,c009,-2.250001907348633,4.375009536743164,73
26,34,eval_to_deploy,c009,2.1250057220458984,2.1250076293945312,73
26,34,unpaired_control,c009,0.8751220703125,4.375009536743164,59
27,34,deploy_to_eval,c009,-2.250001907348633,4.375009536743164,73
27,34,eval_to_deploy,c009,2.250001907348633,2.1250076293945312,73
27,34,unpaired_control,c009,0.8751220703125,4.375009536743164,59
0,35,deploy_to_eval,c000,0.7499485015869141,5.750097274780273,108
0,35,eval_to_deploy,c000,-0.25005149841308594,5.250131607055664,108
0,35,unpaired_control,c000,0.7500228881835938,5.750097274780273,79
2,35,deploy_to_eval,c000,-3.0517578125e-05,5.750097274780273,108
2,35,eval_to_deploy,c000,-1.1249675750732422,5.250131607055664,108
2,35,unpaired_control,c000,-5.7220458984375e-05,5.750097274780273,79
4,35,deploy_to_eval,c000,0.5000114440917969,5.750097274780273,108
4,35,eval_to_deploy,c000,-1.2499866485595703,5.250131607055664,108
4,35,unpaired_control,c000,-0.5000648498535156,5.750097274780273,79
6,35,deploy_to_eval,c000,0.7499523162841797,5.750097274780273,108
6,35,eval_to_deploy,c000,-1.6249465942382812,5.250131607055664,108
6,35,unpaired_control,c000,-0.5000820159912109,5.750097274780273,79
8,35,deploy_to_eval,c000,0.7499446868896484,5.750097274780273,108
8,35,eval_to_deploy,c000,-1.1248798370361328,5.250131607055664,108
8,35,unpaired_control,c000,-1.250009536743164,5.750097274780273,79
10,35,deploy_to_eval,c000,1.8749504089355469,5.750097274780273,108
10,35,eval_to_deploy,c000,-1.9998016357421875,5.250131607055664,108
10,35,unpaired_control,c000,-0.2500572204589844,5.750097274780273,79
12,35,deploy_to_eval,c000,1.1249828338623047,5.750097274780273,108
12,35,eval_to_deploy,c000,-2.124967575073242,5.250131607055664,108
12,35,unpaired_control,c000,-0.3750648498535156,5.750097274780273,79
14,35,deploy_to_eval,c000,5.91278076171875e-05,5.750097274780273,108
14,35,eval_to_deploy,c000,-8.20159912109375e-05,5.250131607055664,108
14,35,unpaired_control,c000,-1.2500286102294922,5.750097274780273,79
16,35,deploy_to_eval,c000,-0.24997329711914062,5.750097274780273,108
16,35,eval_to_deploy,c000,0.49991798400878906,5.250131607055664,108
16,35,unpaired_control,c000,-1.3750553131103516,5.750097274780273,79
18,35,deploy_to_eval,c000,-0.3749847412109375,5.750097274780273,108
18,35,eval_to_deploy,c000,-7.05718994140625e-05,5.250131607055664,108
18,35,unpaired_control,c000,-1.7500762939453125,5.750097274780273,79
20,35,deploy_to_eval,c000,-0.7500400543212891,5.750097274780273,108
20,35,eval_to_deploy,c000,0.37499237060546875,5.250131607055664,108
20,35,unpaired_control,c000,-1.7500858306884766,5.750097274780273,79
22,35,deploy_to_eval,c000,-0.3749580383300781,5.750097274780273,108
22,35,eval_to_deploy,c000,0.49999237060546875,5.250131607055664,108
22,35,unpaired_control,c000,-1.7500648498535156,5.750097274780273,79
24,35,deploy_to_eval,c000,-0.5000247955322266,5.750097274780273,108
24,35,eval_to_deploy,c000,0.6249504089355469,5.250131607055664,108
24,35,unpaired_control,c000,-1.8750686645507812,5.750097274780273,79
26,35,deploy_to_eval,c000,-0.374969482421875,5.750097274780273,108
26,35,eval_to_deploy,c000,0.4999656677246094,5.250131607055664,108
26,35,unpaired_control,c000,-1.6250858306884766,5.750097274780273,79
27,35,deploy_to_eval,c000,-0.4999656677246094,5.750097274780273,108
27,35,eval_to_deploy,c000,0.4999656677246094,5.250131607055664,108
27,35,unpaired_control,c000,-1.6250858306884766,5.750097274780273,79
0,36,deploy_to_eval,c013,-0.25000953674316406,6.250038146972656,122
0,36,eval_to_deploy,c013,-0.625,4.125011444091797,122
0,36,unpaired_control,c013,1.499979019165039,6.250038146972656,59
2,36,deploy_to_eval,c013,-0.3750267028808594,6.250038146972656,122
2,36,eval_to_deploy,c013,-0.12499046325683594,4.125011444091797,122
2,36,unpaired_control,c013,1.4999732971191406,6.250038146972656,59
4,36,deploy_to_eval,c013,-0.5000171661376953,6.250038146972656,122
4,36,eval_to_deploy,c013,-0.875,4.125011444091797,122
4,36,unpaired_control,c013,1.499969482421875,6.250038146972656,59
6,36,deploy_to_eval,c013,-0.750030517578125,6.250038146972656,122
6,36,eval_to_deploy,c013,-0.37499046325683594,4.125011444091797,122
6,36,unpaired_control,c013,0.75,6.250038146972656,59
8,36,deploy_to_eval,c013,-1.0000228881835938,6.250038146972656,122
8,36,eval_to_deploy,c013,0.6250209808349609,4.125011444091797,122
8,36,unpaired_control,c013,1.0000247955322266,6.250038146972656,59
10,36,deploy_to_eval,c013,-1.3750228881835938,6.250038146972656,122
10,36,eval_to_deploy,c013,0.3750133514404297,4.125011444091797,122
10,36,unpaired_control,c013,0.7500629425048828,6.250038146972656,59
12,36,deploy_to_eval,c013,-0.8750171661376953,6.250038146972656,122
12,36,eval_to_deploy,c013,0.5000171661376953,4.125011444091797,122
12,36,unpaired_control,c013,-3.374988555908203,6.250038146972656,59
14,36,deploy_to_eval,c013,-1.7499675750732422,6.250038146972656,122
14,36,eval_to_deploy,c013,1.75,4.125011444091797,122
14,36,unpaired_control,c013,-10.00002670288086,6.250038146972656,59
16,36,deploy_to_eval,c013,-2.2500228881835938,6.250038146972656,122
16,36,eval_to_deploy,c013,2.000009536743164,4.125011444091797,122
16,36,unpaired_control,c013,-11.000030517578125,6.250038146972656,59
18,36,deploy_to_eval,c013,-2.0,6.250038146972656,122
18,36,eval_to_deploy,c013,2.3750133514404297,4.125011444091797,122
18,36,unpaired_control,c013,-11.25002670288086,6.250038146972656,59
20,36,deploy_to_eval,c013,-2.1250171661376953,6.250038146972656,122
20,36,eval_to_deploy,c013,2.3750133514404297,4.125011444091797,122
20,36,unpaired_control,c013,-10.500028610229492,6.250038146972656,59
22,36,deploy_to_eval,c013,-2.375019073486328,6.250038146972656,122
22,36,eval_to_deploy,c013,2.250028610229492,4.125011444091797,122
22,36,unpaired_control,c013,-11.125028610229492,6.250038146972656,59
24,36,deploy_to_eval,c013,-2.1250133514404297,6.250038146972656,122
24,36,eval_to_deploy,c013,2.0000171661376953,4.125011444091797,122
24,36,unpaired_control,c013,-11.000028610229492,6.250038146972656,59
26,36,deploy_to_eval,c013,-2.0000267028808594,6.250038146972656,122
26,36,eval_to_deploy,c013,2.250020980834961,4.125011444091797,122
26,36,unpaired_control,c013,-10.375032424926758,6.250038146972656,59
27,36,deploy_to_eval,c013,-2.1250267028808594,6.250038146972656,122
27,36,eval_to_deploy,c013,2.1250267028808594,4.125011444091797,122
27,36,unpaired_control,c013,-10.250032424926758,6.250038146972656,59
0,37,deploy_to_eval,c049,-0.24999237060546875,-1.4999923706054688,73
0,37,eval_to_deploy,c049,0.8750038146972656,-3.9999942779541016,73
0,37,unpaired_control,c049,-0.4999961853027344,-1.4999923706054688,59
2,37,deploy_to_eval,c049,0.3750019073486328,-1.4999923706054688,73
2,37,eval_to_deploy,c049,1.3750038146972656,-3.9999942779541016,73
2,37,unpaired_control,c049,1.0,-1.4999923706054688,59
4,37,deploy_to_eval,c049,-1.2499980926513672,-1.4999923706054688,73
4,37,eval_to_deploy,c049,0.7500038146972656,-3.9999942779541016,73
4,37,unpaired_control,c049,3.814697265625e-06,-1.4999923706054688,59
6,37,deploy_to_eval,c049,-0.6250019073486328,-1.4999923706054688,73
6,37,eval_to_deploy,c049,0.3750152587890625,-3.9999942779541016,73
6,37,unpaired_control,c049,0.8749961853027344,-1.4999923706054688,59
8,37,deploy_to_eval,c049,0.3750019073486328,-1.4999923706054688,73
8,37,eval_to_deploy,c049,0.5000057220458984,-3.9999942779541016,73
8,37,unpaired_control,c049,-0.7500038146972656,-1.4999923706054688,59
10,37,deploy_to_eval,c049,0.7499961853027344,-1.4999923706054688,73
10,37,eval_to_deploy,c049,-0.4999847412109375,-3.9999942779541016,73
10,37,unpaired_control,c049,5.249992370605469,-1.4999923706054688,59
12,37,deploy_to_eval,c049,7.62939453125e-06,-1.4999923706054688,73
12,37,eval_to_deploy,c049,7.62939453125e-06,-3.9999942779541016,73
12,37,unpaired_control,c049,5.874996185302734,-1.4999923706054688,59
14,37,deploy_to_eval,c049,-0.625,-1.4999923706054688,73
14,37,eval_to_deploy,c049,0.7500019073486328,-3.9999942779541016,73
14,37,unpaired_control,c049,4.999992370605469,-1.4999923706054688,59
16,37,deploy_to_eval,c049,-1.8750019073486328,-1.4999923706054688,73
16,37,eval_to_deploy,c049,2.375001907348633,-3.9999942779541016,73
16,37,unpaired_control,c049,2.9999961853027344,-1.4999923706054688,59
18,37,deploy_to_eval,c049,-2.375001907348633,-1.4999923706054688,73
18,37,eval_to_deploy,c049,2.250001907348633,-3.9999942779541016,73
18,37,unpaired_control,c049,2.2499961853027344,-1.4999923706054688,59
20,37,deploy_to_eval,c049,-2.000001907348633,-1.4999923706054688,73
20,37,eval_to_deploy,c049,2.250009536743164,-3.9999942779541016,73
20,37,unpaired_control,c049,2.2499961853027344,-1.4999923706054688,59
22,37,deploy_to_eval,c049,-2.2500038146972656,-1.4999923706054688,73
22,37,eval_to_deploy,c049,2.2500076293945312,-3.9999942779541016,73
22,37,unpaired_control,c049,1.9999961853027344,-1.4999923706054688,59
24,37,deploy_to_eval,c049,-2.500001907348633,-1.4999923706054688,73
24,37,eval_to_deploy,c049,2.3750171661376953,-3.9999942779541016,73
24,37,unpaired_control,c049,2.2499961853027344,-1.4999923706054688,59
26,37,deploy_to_eval,c049,-2.2500038146972656,-1.4999923706054688,73
26,37,eval_to_deploy,c049,2.250001907348633,-3.9999942779541016,73
26,37,unpaired_control,c049,2.2499961853027344,-1.4999923706054688,59
27,37,deploy_to_eval,c049,-2.500001907348633,-1.4999923706054688,73
27,37,eval_to_deploy,c049,2.500001907348633,-3.9999942779541016,73
27,37,unpaired_control,c049,1.9999961853027344,-1.4999923706054688,59
0,38,deploy_to_eval,c058,0.375,3.3750038146972656,79
0,38,eval_to_deploy,c058,0.0,0.5000038146972656,79
0,38,unpaired_control,c058,0.25,3.3750038146972656,59
2,38,deploy_to_eval,c058,0.5,3.3750038146972656,79
2,38,eval_to_deploy,c058,0.0,0.5000038146972656,79
2,38,unpaired_control,c058,0.875,3.3750038146972656,59
4,38,deploy_to_eval,c058,0.375,3.3750038146972656,79
4,38,eval_to_deploy,c058,-0.25,0.5000038146972656,79
4,38,unpaired_control,c058,0.6250038146972656,3.3750038146972656,59
6,38,deploy_to_eval,c058,-0.25,3.3750038146972656,79
6,38,eval_to_deploy,c058,0.125,0.5000038146972656,79
6,38,unpaired_control,c058,0.625,3.3750038146972656,59
8,38,deploy_to_eval,c058,0.625,3.3750038146972656,79
8,38,eval_to_deploy,c058,0.75,0.5000038146972656,79
8,38,unpaired_control,c058,1.625,3.3750038146972656,59
10,38,deploy_to_eval,c058,1.5,3.3750038146972656,79
10,38,eval_to_deploy,c058,0.0,0.5000038146972656,79
10,38,unpaired_control,c058,2.375,3.3750038146972656,59
12,38,deploy_to_eval,c058,1.125,3.3750038146972656,79
12,38,eval_to_deploy,c058,-0.25,0.5000038146972656,79
12,38,unpaired_control,c058,3.75,3.3750038146972656,59
14,38,deploy_to_eval,c058,-1.875,3.3750038146972656,79
14,38,eval_to_deploy,c058,1.0000038146972656,0.5000038146972656,79
14,38,unpaired_control,c058,3.1250171661376953,3.3750038146972656,59
16,38,deploy_to_eval,c058,-3.375,3.3750038146972656,79
16,38,eval_to_deploy,c058,3.375,0.5000038146972656,79
16,38,unpaired_control,c058,2.1250457763671875,3.3750038146972656,59
18,38,deploy_to_eval,c058,-2.8749961853027344,3.3750038146972656,79
18,38,eval_to_deploy,c058,3.25,0.5000038146972656,79
18,38,unpaired_control,c058,1.8751964569091797,3.3750038146972656,59
20,38,deploy_to_eval,c058,-2.625,3.3750038146972656,79
20,38,eval_to_deploy,c058,3.125,0.5000038146972656,79
20,38,unpaired_control,c058,1.6252193450927734,3.3750038146972656,59
22,38,deploy_to_eval,c058,-2.375,3.3750038146972656,79
22,38,eval_to_deploy,c058,3.1250038146972656,0.5000038146972656,79
22,38,unpaired_control,c058,1.8752727508544922,3.3750038146972656,59
24,38,deploy_to_eval,c058,-2.875,3.3750038146972656,79
24,38,eval_to_deploy,c058,3.0,0.5000038146972656,79
24,38,unpaired_control,c058,1.3751697540283203,3.3750038146972656,59
26,38,deploy_to_eval,c058,-2.875,3.3750038146972656,79
26,38,eval_to_deploy,c058,3.0,0.5000038146972656,79
26,38,unpaired_control,c058,1.1253604888916016,3.3750038146972656,59
27,38,deploy_to_eval,c058,-2.875,3.3750038146972656,79
27,38,eval_to_deploy,c058,2.875,0.5000038146972656,79
27,38,unpaired_control,c058,1.0003604888916016,3.3750038146972656,59
0,39,deploy_to_eval,c024,0.3748188018798828,3.2504501342773438,117
0,39,eval_to_deploy,c024,0.24995040893554688,4.375364303588867,117
0,39,unpaired_control,c024,0.24994468688964844,3.2504501342773438,79
2,39,deploy_to_eval,c024,0.2503662109375,3.2504501342773438,117
2,39,eval_to_deploy,c024,0.000152587890625,4.375364303588867,117
2,39,unpaired_control,c024,0.6248588562011719,3.2504501342773438,79
4,39,deploy_to_eval,c024,-0.125,3.2504501342773438,117
4,39,eval_to_deploy,c024,-0.37500762939453125,4.375364303588867,117
4,39,unpaired_control,c024,0.9998207092285156,3.2504501342773438,79
6,39,deploy_to_eval,c024,2.500152587890625,3.2504501342773438,117
6,39,eval_to_deploy,c024,-2.5000972747802734,4.375364303588867,117
6,39,unpaired_control,c024,1.3749504089355469,3.2504501342773438,79
8,39,deploy_to_eval,c024,2.250028610229492,3.2504501342773438,117
8,39,eval_to_deploy,c024,-2.3744869232177734,4.375364303588867,117
8,39,unpaired_control,c024,1.6249408721923828,3.2504501342773438,79
10,39,deploy_to_eval,c024,2.2498855590820312,3.2504501342773438,117
10,39,eval_to_deploy,c024,-1.7495746612548828,4.375364303588867,117
10,39,unpaired_control,c024,1.9997177124023438,3.2504501342773438,79
12,39,deploy_to_eval,c024,2.000102996826172,3.2504501342773438,117
12,39,eval_to_deploy,c024,-1.4995594024658203,4.375364303588867,117
12,39,unpaired_control,c024,2.249601364135742,3.2504501342773438,79
14,39,deploy_to_eval,c024,1.374776840209961,3.2504501342773438,117
14,39,eval_to_deploy,c024,-1.249868392944336,4.375364303588867,117
14,39,unpaired_control,c024,0.4996452331542969,3.2504501342773438,79
16,39,deploy_to_eval,c024,1.500213623046875,3.2504501342773438,117
16,39,eval_to_deploy,c024,-1.1249675750732422,4.375364303588867,117
16,39,unpaired_control,c024,-0.25031471252441406,3.2504501342773438,79
18,39,deploy_to_eval,c024,1.6249065399169922,3.2504501342773438,117
18,39,eval_to_deploy,c024,-1.0000858306884766,4.375364303588867,117
18,39,unpaired_control,c024,-0.8752784729003906,3.2504501342773438,79
20,39,deploy_to_eval,c024,1.7499408721923828,3.2504501342773438,117
20,39,eval_to_deploy,c024,-1.0001220703125,4.375364303588867,117
20,39,unpaired_control,c024,-0.7504024505615234,3.2504501342773438,79
22,39,deploy_to_eval,c024,1.4999065399169922,3.2504501342773438,117
22,39,eval_to_deploy,c024,-0.9999256134033203,4.375364303588867,117
22,39,unpaired_control,c024,-0.8754119873046875,3.2504501342773438,79
24,39,deploy_to_eval,c024,1.7498188018798828,3.2504501342773438,117
24,39,eval_to_deploy,c024,-0.9997348785400391,4.375364303588867,117
24,39,unpaired_control,c024,-1.1253890991210938,3.2504501342773438,79
26,39,deploy_to_eval,c024,1.2499141693115234,3.2504501342773438,117
26,39,eval_to_deploy,c024,-1.1249713897705078,4.375364303588867,117
26,39,unpaired_control,c024,-0.8753566741943359,3.2504501342773438,79
27,39,deploy_to_eval,c024,1.1249141693115234,3.2504501342773438,117
27,39,eval_to_deploy,c024,-1.1249141693115234,4.375364303588867,117
27,39,unpaired_control,c024,-1.000345230102539,3.2504501342773438,79
0,40,deploy_to_eval,c042,-2.47955322265625e-05,6.250028610229492,107
0,40,eval_to_deploy,c042,0.2501716613769531,2.2501049041748047,107
0,40,unpaired_control,c042,0.12498664855957031,6.250028610229492,79
2,40,deploy_to_eval,c042,-1.1444091796875e-05,6.250028610229492,107
2,40,eval_to_deploy,c042,0.25006866455078125,2.2501049041748047,107
2,40,unpaired_control,c042,0.24997901916503906,6.250028610229492,79
4,40,deploy_to_eval,c042,0.6249752044677734,6.250028610229492,107
4,40,eval_to_deploy,c042,0.0003833770751953125,2.2501049041748047,107
4,40,unpaired_control,c042,-0.12502098083496094,6.250028610229492,79
6,40,deploy_to_eval,c042,0.37497901916503906,6.250028610229492,107
6,40,eval_to_deploy,c042,-0.3749256134033203,2.2501049041748047,107
6,40,unpaired_control,c042,-0.8750247955322266,6.250028610229492,79
8,40,deploy_to_eval,c042,-0.3750133514404297,6.250028610229492,107
8,40,eval_to_deploy,c042,-0.9999828338623047,2.2501049041748047,107
8,40,unpaired_control,c042,-1.1249980926513672,6.250028610229492,79
10,40,deploy_to_eval,c042,7.62939453125e-06,6.250028610229492,107
10,40,eval_to_deploy,c042,-0.9999847412109375,2.2501049041748047,107
10,40,unpaired_control,c042,-1.750020980834961,6.250028610229492,79
12,40,deploy_to_eval,c042,0.1250171661376953,6.250028610229492,107
12,40,eval_to_deploy,c042,-2.125051498413086,2.2501049041748047,107
12,40,unpaired_control,c042,-1.7500038146972656,6.250028610229492,79
14,40,deploy_to_eval,c042,-1.5000076293945312,6.250028610229492,107
14,40,eval_to_deploy,c042,2.7499332427978516,2.2501049041748047,107
14,40,unpaired_control,c042,-3.4999961853027344,6.250028610229492,79
16,40,deploy_to_eval,c042,-3.4999446868896484,6.250028610229492,107
16,40,eval_to_deploy,c042,3.7499160766601562,2.2501049041748047,107
16,40,unpaired_control,c042,-3.5000076293945312,6.250028610229492,79
18,40,deploy_to_eval,c042,-3.8749465942382812,6.250028610229492,107
18,40,eval_to_deploy,c042,3.749919891357422,2.2501049041748047,107
18,40,unpaired_control,c042,-3.3749961853027344,6.250028610229492,79
20,40,deploy_to_eval,c042,-3.8750076293945312,6.250028610229492,107
20,40,eval_to_deploy,c042,3.7499160766601562,2.2501049041748047,107
20,40,unpaired_control,c042,-3.749988555908203,6.250028610229492,79
22,40,deploy_to_eval,c042,-3.8749465942382812,6.250028610229492,107
22,40,eval_to_deploy,c042,3.999906539916992,2.2501049041748047,107
22,40,unpaired_control,c042,-3.624967575073242,6.250028610229492,79
24,40,deploy_to_eval,c042,-3.8749732971191406,6.250028610229492,107
24,40,eval_to_deploy,c042,3.7499217987060547,2.2501049041748047,107
24,40,unpaired_control,c042,-3.749980926513672,6.250028610229492,79
26,40,deploy_to_eval,c042,-3.9999351501464844,6.250028610229492,107
26,40,eval_to_deploy,c042,3.9999237060546875,2.2501049041748047,107
26,40,unpaired_control,c042,-3.6250038146972656,6.250028610229492,79
27,40,deploy_to_eval,c042,-3.9999237060546875,6.250028610229492,107
27,40,eval_to_deploy,c042,3.9999237060546875,2.2501049041748047,107
27,40,unpaired_control,c042,-3.5000038146972656,6.250028610229492,79
0,41,deploy_to_eval,c047,1.1249275207519531,4.6251373291015625,129
0,41,eval_to_deploy,c047,-0.37500953674316406,2.7500247955322266,129
0,41,unpaired_control,c047,0.2502250671386719,4.6251373291015625,79
2,41,deploy_to_eval,c047,1.1250362396240234,4.6251373291015625,129
2,41,eval_to_deploy,c047,-0.6249809265136719,2.7500247955322266,129
2,41,unpaired_control,c047,0.7501850128173828,4.6251373291015625,79
4,41,deploy_to_eval,c047,1.2499561309814453,4.6251373291015625,129
4,41,eval_to_deploy,c047,-1.1249828338623047,2.7500247955322266,129
4,41,unpaired_control,c047,0.3754558563232422,4.6251373291015625,79
6,41,deploy_to_eval,c047,1.4998893737792969,4.6251373291015625,129
6,41,eval_to_deploy,c047,-1.8749065399169922,2.7500247955322266,129
6,41,unpaired_control,c047,1.6249027252197266,4.6251373291015625,79
8,41,deploy_to_eval,c047,0.8748950958251953,4.6251373291015625,129
8,41,eval_to_deploy,c047,-1.9999065399169922,2.7500247955322266,129
8,41,unpaired_control,c047,1.2499504089355469,4.6251373291015625,79
10,41,deploy_to_eval,c047,0.3749065399169922,4.6251373291015625,129
10,41,eval_to_deploy,c047,-0.12496185302734375,2.7500247955322266,129
10,41,unpaired_control,c047,1.2502059936523438,4.6251373291015625,79
12,41,deploy_to_eval,c047,-0.7501144409179688,4.6251373291015625,129
12,41,eval_to_deploy,c047,0.2501106262207031,2.7500247955322266,129
12,41,unpaired_control,c047,1.000070571899414,4.6251373291015625,79
14,41,deploy_to_eval,c047,-1.7500934600830078,4.6251373291015625,129
14,41,eval_to_deploy,c047,1.6250572204589844,2.7500247955322266,129
14,41,unpaired_control,c047,0.8750629425048828,4.6251373291015625,79
16,41,deploy_to_eval,c047,-2.1250667572021484,4.6251373291015625,129
16,41,eval_to_deploy,c047,2.2502288818359375,2.7500247955322266,129
16,41,unpaired_control,c047,0.8750133514404297,4.6251373291015625,79
18,41,deploy_to_eval,c047,-1.7501144409179688,4.6251373291015625,129
18,41,eval_to_deploy,c047,2.000049591064453,2.7500247955322266,129
18,41,unpaired_control,c047,0.6250019073486328,4.6251373291015625,79
20,41,deploy_to_eval,c047,-2.125110626220703,4.6251373291015625,129
20,41,eval_to_deploy,c047,2.000112533569336,2.7500247955322266,129
20,41,unpaired_control,c047,0.12508010864257812,4.6251373291015625,79
22,41,deploy_to_eval,c047,-2.000082015991211,4.6251373291015625,129
22,41,eval_to_deploy,c047,2.2502288818359375,2.7500247955322266,129
22,41,unpaired_control,c047,0.12503623962402344,4.6251373291015625,79
24,41,deploy_to_eval,c047,-2.000089645385742,4.6251373291015625,129
24,41,eval_to_deploy,c047,2.1250953674316406,2.7500247955322266,129
24,41,unpaired_control,c047,6.103515625e-05,4.6251373291015625,79
26,41,deploy_to_eval,c047,-1.875112533569336,4.6251373291015625,129
26,41,eval_to_deploy,c047,2.1250953674316406,2.7500247955322266,129
26,41,unpaired_control,c047,-0.12496566772460938,4.6251373291015625,79
27,41,deploy_to_eval,c047,-1.875112533569336,4.6251373291015625,129
27,41,eval_to_deploy,c047,1.875112533569336,2.7500247955322266,129
27,41,unpaired_control,c047,1.33514404296875e-05,4.6251373291015625,79
0,42,deploy_to_eval,c043,0.3749885559082031,5.375112533569336,108
0,42,eval_to_deploy,c043,-0.6248817443847656,4.625150680541992,108
0,42,unpaired_control,c043,0.25,5.375112533569336,79
2,42,deploy_to_eval,c043,0.49994850158691406,5.375112533569336,108
2,42,eval_to_deploy,c043,-0.12492942810058594,4.625150680541992,108
2,42,unpaired_control,c043,0.12492942810058594,5.375112533569336,79
4,42,deploy_to_eval,c043,0.1250133514404297,5.375112533569336,108
4,42,eval_to_deploy,c043,0.8750362396240234,4.625150680541992,108
4,42,unpaired_control,c043,-0.25005531311035156,5.375112533569336,79
6,42,deploy_to_eval,c043,0.5000267028808594,5.375112533569336,108
6,42,eval_to_deploy,c043,1.2501258850097656,4.625150680541992,108
6,42,unpaired_control,c043,0.12497520446777344,5.375112533569336,79
8,42,deploy_to_eval,c043,-0.3749542236328125,5.375112533569336,108
8,42,eval_to_deploy,c043,1.3750591278076172,4.625150680541992,108
8,42,unpaired_control,c043,0.3749408721923828,5.375112533569336,79
10,42,deploy_to_eval,c043,0.1252422332763672,5.375112533569336,108
10,42,eval_to_deploy,c043,1.3748970031738281,4.625150680541992,108
10,42,unpaired_control,c043,-0.3750801086425781,5.375112533569336,79
12,42,deploy_to_eval,c043,0.37557029724121094,5.375112533569336,108
12,42,eval_to_deploy,c043,1.4999351501464844,4.625150680541992,108
12,42,unpaired_control,c043,-1.2499961853027344,5.375112533569336,79
14,42,deploy_to_eval,c043,-0.12474632263183594,5.375112533569336,108
14,42,eval_to_deploy,c043,0.8748970031738281,4.625150680541992,108
14,42,unpaired_control,c043,-2.500020980834961,5.375112533569336,79
16,42,deploy_to_eval,c043,-0.49977874755859375,5.375112533569336,108
16,42,eval_to_deploy,c043,1.1249008178710938,4.625150680541992,108
16,42,unpaired_control,c043,-2.8749465942382812,5.375112533569336,79
18,42,deploy_to_eval,c043,-0.6248664855957031,5.375112533569336,108
18,42,eval_to_deploy,c043,0.6249904632568359,4.625150680541992,108
18,42,unpaired_control,c043,-2.749959945678711,5.375112533569336,79
20,42,deploy_to_eval,c043,-0.6249618530273438,5.375112533569336,108
20,42,eval_to_deploy,c043,0.8749008178710938,4.625150680541992,108
20,42,unpaired_control,c043,-2.8750476837158203,5.375112533569336,79
22,42,deploy_to_eval,c043,-0.6248054504394531,5.375112533569336,108
22,42,eval_to_deploy,c043,0.7499275207519531,4.625150680541992,108
22,42,unpaired_control,c043,-2.625062942504883,5.375112533569336,79
24,42,deploy_to_eval,c043,-0.9996662139892578,5.375112533569336,108
24,42,eval_to_deploy,c043,0.7499599456787109,4.625150680541992,108
24,42,unpaired_control,c043,-2.7499637603759766,5.375112533569336,79
26,42,deploy_to_eval,c043,-0.6249771118164062,5.375112533569336,108
26,42,eval_to_deploy,c043,0.7499618530273438,4.625150680541992,108
26,42,unpaired_control,c043,-2.7500267028808594,5.375112533569336,79
27,42,deploy_to_eval,c043,-0.7499618530273438,5.375112533569336,108
27,42,eval_to_deploy,c043,0.7499618530273438,4.625150680541992,108
27,42,unpaired_control,c043,-2.625030517578125,5.375112533569336,79
0,43,deploy_to_eval,c003,-0.7499885559082031,6.125020980834961,105
0,43,eval_to_deploy,c003,-0.7498950958251953,2.750082015991211,105
0,43,unpaired_control,c003,-0.9999523162841797,6.125020980834961,79
2,43,deploy_to_eval,c003,-1.1249427795410156,6.125020980834961,105
2,43,eval_to_deploy,c003,-0.6248703002929688,2.750082015991211,105
2,43,unpaired_control,c003,-0.7499732971191406,6.125020980834961,79
4,43,deploy_to_eval,c003,-1.124959945678711,6.125020980834961,105
4,43,eval_to_deploy,c003,-0.25005149841308594,2.750082015991211,105
4,43,unpaired_control,c003,-0.37499427795410156,6.125020980834961,79
6,43,deploy_to_eval,c003,-0.6249427795410156,6.125020980834961,105
6,43,eval_to_deploy,c003,-0.3749980926513672,2.750082015991211,105
6,43,unpaired_control,c003,-0.24997520446777344,6.125020980834961,79
8,43,deploy_to_eval,c003,-0.7499713897705078,6.125020980834961,105
8,43,eval_to_deploy,c003,-0.25003814697265625,2.750082015991211,105
8,43,unpaired_control,c003,3.814697265625e-06,6.125020980834961,79
10,43,deploy_to_eval,c003,-0.12496185302734375,6.125020980834961,105
10,43,eval_to_deploy,c003,-0.2500457763671875,2.750082015991211,105
10,43,unpaired_control,c003,0.12500953674316406,6.125020980834961,79
12,43,deploy_to_eval,c003,-1.9999141693115234,6.125020980834961,105
12,43,eval_to_deploy,c003,0.8749408721923828,2.750082015991211,105
12,43,unpaired_control,c003,-0.8749904632568359,6.125020980834961,79
14,43,deploy_to_eval,c003,-3.124969482421875,6.125020980834961,105
14,43,eval_to_deploy,c003,2.124950408935547,2.750082015991211,105
14,43,unpaired_control,c003,-0.6250114440917969,6.125020980834961,79
16,43,deploy_to_eval,c003,-3.499889373779297,6.125020980834961,105
16,43,eval_to_deploy,c003,2.7499351501464844,2.750082015991211,105
16,43,unpaired_control,c003,-1.6249828338623047,6.125020980834961,79
18,43,deploy_to_eval,c003,-3.374927520751953,6.125020980834961,105
18,43,eval_to_deploy,c003,2.8749313354492188,2.750082015991211,105
18,43,unpaired_control,c003,-1.25,6.125020980834961,79
20,43,deploy_to_eval,c003,-3.3749141693115234,6.125020980834961,105
20,43,eval_to_deploy,c003,2.874948501586914,2.750082015991211,105
20,43,unpaired_control,c003,-1.2499980926513672,6.125020980834961,79
22,43,deploy_to_eval,c003,-3.4999561309814453,6.125020980834961,105
22,43,eval_to_deploy,c003,2.8749561309814453,2.750082015991211,105
22,43,unpaired_control,c003,-1.4999713897705078,6.125020980834961,79
24,43,deploy_to_eval,c003,-3.374927520751953,6.125020980834961,105
24,43,eval_to_deploy,c003,3.1249427795410156,2.750082015991211,105
24,43,unpaired_control,c003,-1.2499580383300781,6.125020980834961,79
26,43,deploy_to_eval,c003,-3.4999256134033203,6.125020980834961,105
26,43,eval_to_deploy,c003,3.2499427795410156,2.750082015991211,105
26,43,unpaired_control,c003,-1.2499847412109375,6.125020980834961,79
27,43,deploy_to_eval,c003,-3.37493896484375,6.125020980834961,105
27,43,eval_to_deploy,c003,3.37493896484375,2.750082015991211,105
27,43,unpaired_control,c003,-1.1249847412109375,6.125020980834961,79
0,44,deploy_to_eval,c041,0.49997901916503906,3.000041961669922,125
0,44,eval_to_deploy,c041,-1.3749637603759766,5.000036239624023,125
0,44,unpaired_control,c041,-0.12503433227539062,3.000041961669922,59
2,44,deploy_to_eval,c041,0.6249866485595703,3.000041961669922,125
2,44,eval_to_deploy,c041,-0.8749332427978516,5.000036239624023,125
2,44,unpaired_control,c041,1.4999656677246094,3.000041961669922,59
4,44,deploy_to_eval,c041,0.7499790191650391,3.000041961669922,125
4,44,eval_to_deploy,c041,-1.4999446868896484,5.000036239624023,125
4,44,unpaired_control,c041,-0.25003814697265625,3.000041961669922,59
6,44,deploy_to_eval,c041,1.749990463256836,3.000041961669922,125
6,44,eval_to_deploy,c041,-1.4999580383300781,5.000036239624023,125
6,44,unpaired_control,c041,1.7499752044677734,3.000041961669922,59
8,44,deploy_to_eval,c041,2.250049591064453,3.000041961669922,125
8,44,eval_to_deploy,c041,-1.1249961853027344,5.000036239624023,125
8,44,unpaired_control,c041,3.7499618530273438,3.000041961669922,59
10,44,deploy_to_eval,c041,3.249979019165039,3.000041961669922,125
10,44,eval_to_deploy,c041,-1.9999618530273438,5.000036239624023,125
10,44,unpaired_control,c041,4.374969482421875,3.000041961669922,59
12,44,deploy_to_eval,c041,3.0000228881835938,3.000041961669922,125
12,44,eval_to_deploy,c041,-2.250011444091797,5.000036239624023,125
12,44,unpaired_control,c041,2.7499656677246094,3.000041961669922,59
14,44,deploy_to_eval,c041,2.5000038146972656,3.000041961669922,125
14,44,eval_to_deploy,c041,-2.6250133514404297,5.000036239624023,125
14,44,unpaired_control,c041,0.8749618530273438,3.000041961669922,59
16,44,deploy_to_eval,c041,1.7499752044677734,3.000041961669922,125
16,44,eval_to_deploy,c041,-1.7500057220458984,5.000036239624023,125
16,44,unpaired_control,c041,-3.814697265625e-05,3.000041961669922,59
18,44,deploy_to_eval,c041,1.5000228881835938,3.000041961669922,125
18,44,eval_to_deploy,c041,-1.7499980926513672,5.000036239624023,125
18,44,unpaired_control,c041,0.24996185302734375,3.000041961669922,59
20,44,deploy_to_eval,c041,1.8749866485595703,3.000041961669922,125
20,44,eval_to_deploy,c041,-1.7500190734863281,5.000036239624023,125
20,44,unpaired_control,c041,1.2499618530273438,3.000041961669922,59
22,44,deploy_to_eval,c041,1.7499809265136719,3.000041961669922,125
22,44,eval_to_deploy,c041,-1.7499675750732422,5.000036239624023,125
22,44,unpaired_control,c041,0.9999618530273438,3.000041961669922,59
24,44,deploy_to_eval,c041,1.7499980926513672,3.000041961669922,125
24,44,eval_to_deploy,c041,-1.8749980926513672,5.000036239624023,125
24,44,unpaired_control,c041,0.9999618530273438,3.000041961669922,59
26,44,deploy_to_eval,c041,1.9999866485595703,3.000041961669922,125
26,44,eval_to_deploy,c041,-1.8749980926513672,5.000036239624023,125
26,44,unpaired_control,c041,0.9999618530273438,3.000041961669922,59
27,44,deploy_to_eval,c041,1.9999942779541016,3.000041961669922,125
27,44,eval_to_deploy,c041,-1.9999942779541016,5.000036239624023,125
27,44,unpaired_control,c041,0.9999618530273438,3.000041961669922,59
0,45,deploy_to_eval,c008,0.5000095367431641,5.00001335144043,71
0,45,eval_to_deploy,c008,-0.5,4.000003814697266,71
0,45,unpaired_control,c008,-0.2498760223388672,5.00001335144043,59
2,45,deploy_to_eval,c008,1.749990463256836,5.00001335144043,71
2,45,eval_to_deploy,c008,0.25,4.000003814697266,71
2,45,unpaired_control,c008,-0.12494850158691406,5.00001335144043,59
4,45,deploy_to_eval,c008,0.49999046325683594,5.00001335144043,71
4,45,eval_to_deploy,c008,1.500009536743164,4.000003814697266,71
4,45,unpaired_control,c008,-0.7499866485595703,5.00001335144043,59
6,45,deploy_to_eval,c008,-0.5000095367431641,5.00001335144043,71
6,45,eval_to_deploy,c008,2.25,4.000003814697266,71
6,45,unpaired_control,c008,1.2500171661376953,5.00001335144043,59
8,45,deploy_to_eval,c008,-1.000009536743164,5.00001335144043,71
8,45,eval_to_deploy,c008,4.000003814697266,4.000003814697266,71
8,45,unpaired_control,c008,-0.24997520446777344,5.00001335144043,59
10,45,deploy_to_eval,c008,1.249990463256836,5.00001335144043,71
10,45,eval_to_deploy,c008,0.12500953674316406,4.000003814697266,71
10,45,unpaired_control,c008,3.3750057220458984,5.00001335144043,59
12,45,deploy_to_eval,c008,0.49999046325683594,5.00001335144043,71
12,45,eval_to_deploy,c008,-1.2499885559082031,4.000003814697266,71
12,45,unpaired_control,c008,2.6249961853027344,5.00001335144043,59
14,45,deploy_to_eval,c008,-0.2500133514404297,5.00001335144043,71
14,45,eval_to_deploy,c008,-0.9999961853027344,4.000003814697266,71
14,45,unpaired_control,c008,1.7501564025878906,5.00001335144043,59
16,45,deploy_to_eval,c008,-1.500009536743164,5.00001335144043,71
16,45,eval_to_deploy,c008,1.0000038146972656,4.000003814697266,71
16,45,unpaired_control,c008,-0.6248016357421875,5.00001335144043,59
18,45,deploy_to_eval,c008,-1.000009536743164,5.00001335144043,71
18,45,eval_to_deploy,c008,1.2500076293945312,4.000003814697266,71
18,45,unpaired_control,c008,-0.8749656677246094,5.00001335144043,59
20,45,deploy_to_eval,c008,-1.000009536743164,5.00001335144043,71
20,45,eval_to_deploy,c008,1.2500038146972656,4.000003814697266,71
20,45,unpaired_control,c008,-1.3748455047607422,5.00001335144043,59
22,45,deploy_to_eval,c008,-0.7500095367431641,5.00001335144043,71
22,45,eval_to_deploy,c008,1.2500076293945312,4.000003814697266,71
22,45,unpaired_control,c008,-1.1249103546142578,5.00001335144043,59
24,45,deploy_to_eval,c008,-0.7500095367431641,5.00001335144043,71
24,45,eval_to_deploy,c008,1.0000114440917969,4.000003814697266,71
24,45,unpaired_control,c008,-1.24981689453125,5.00001335144043,59
26,45,deploy_to_eval,c008,-1.000009536743164,5.00001335144043,71
26,45,eval_to_deploy,c008,1.125009536743164,4.000003814697266,71
26,45,unpaired_control,c008,-1.4999122619628906,5.00001335144043,59
27,45,deploy_to_eval,c008,-1.000009536743164,5.00001335144043,71
27,45,eval_to_deploy,c008,1.000009536743164,4.000003814697266,71
27,45,unpaired_control,c008,-1.3748970031738281,5.00001335144043,59
0,46,deploy_to_eval,c045,0.3750495910644531,5.62506103515625,108
0,46,eval_to_deploy,c045,-0.2500476837158203,3.6251163482666016,108
0,46,unpaired_control,c045,-0.6250400543212891,5.62506103515625,79
2,46,deploy_to_eval,c045,0.5000476837158203,5.62506103515625,108
2,46,eval_to_deploy,c045,-0.49997711181640625,3.6251163482666016,108
2,46,unpaired_control,c045,-0.7500400543212891,5.62506103515625,79
4,46,deploy_to_eval,c045,-0.3748321533203125,5.62506103515625,108
4,46,eval_to_deploy,c045,-0.8749427795410156,3.6251163482666016,108
4,46,unpaired_control,c045,-1.2500362396240234,5.62506103515625,79
6,46,deploy_to_eval,c045,-0.7499732971191406,5.62506103515625,108
6,46,eval_to_deploy,c045,0.8749465942382812,3.6251163482666016,108
6,46,unpaired_control,c045,-1.1250495910644531,5.62506103515625,79
8,46,deploy_to_eval,c045,-1.1250152587890625,5.62506103515625,108
8,46,eval_to_deploy,c045,1.1250267028808594,3.6251163482666016,108
8,46,unpaired_control,c045,-2.1250476837158203,5.62506103515625,79
10,46,deploy_to_eval,c045,0.6250820159912109,5.62506103515625,108
10,46,eval_to_deploy,c045,-0.8750114440917969,3.6251163482666016,108
10,46,unpaired_control,c045,-1.3750495910644531,5.62506103515625,79
12,46,deploy_to_eval,c045,0.0002346038818359375,5.62506103515625,108
12,46,eval_to_deploy,c045,-0.3750896453857422,3.6251163482666016,108
12,46,unpaired_control,c045,-1.7500572204589844,5.62506103515625,79
14,46,deploy_to_eval,c045,-0.9996318817138672,5.62506103515625,108
14,46,eval_to_deploy,c045,1.8749256134033203,3.6251163482666016,108
14,46,unpaired_control,c045,-3.3750457763671875,5.62506103515625,79
16,46,deploy_to_eval,c045,-1.9996318817138672,5.62506103515625,108
16,46,eval_to_deploy,c045,2.2499046325683594,3.6251163482666016,108
16,46,unpaired_control,c045,-3.000049591064453,5.62506103515625,79
18,46,deploy_to_eval,c045,-1.8748779296875,5.62506103515625,108
18,46,eval_to_deploy,c045,1.7499141693115234,3.6251163482666016,108
18,46,unpaired_control,c045,-2.750051498413086,5.62506103515625,79
20,46,deploy_to_eval,c045,-1.9997272491455078,5.62506103515625,108
20,46,eval_to_deploy,c045,1.9999332427978516,3.6251163482666016,108
20,46,unpaired_control,c045,-2.7500534057617188,5.62506103515625,79
22,46,deploy_to_eval,c045,-1.9998245239257812,5.62506103515625,108
22,46,eval_to_deploy,c045,2.1249332427978516,3.6251163482666016,108
22,46,unpaired_control,c045,-2.6250476837158203,5.62506103515625,79
24,46,deploy_to_eval,c045,-1.8749217987060547,5.62506103515625,108
24,46,eval_to_deploy,c045,2.2499122619628906,3.6251163482666016,108
24,46,unpaired_control,c045,-2.8750534057617188,5.62506103515625,79
26,46,deploy_to_eval,c045,-1.9999446868896484,5.62506103515625,108
26,46,eval_to_deploy,c045,1.9999370574951172,3.6251163482666016,108
26,46,unpaired_control,c045,-3.0000534057617188,5.62506103515625,79
27,46,deploy_to_eval,c045,-1.9999446868896484,5.62506103515625,108
27,46,eval_to_deploy,c045,1.9999446868896484,3.6251163482666016,108
27,46,unpaired_control,c045,-3.0000534057617188,5.62506103515625,79
0,47,deploy_to_eval,c011,0.8749923706054688,5.375011444091797,125
0,47,eval_to_deploy,c011,0.7500057220458984,2.6250076293945312,125
0,47,unpaired_control,c011,0.24999237060546875,5.375011444091797,79
2,47,deploy_to_eval,c011,0.12499237060546875,5.375011444091797,125
2,47,eval_to_deploy,c011,1.0000133514404297,2.6250076293945312,125
2,47,unpaired_control,c011,0.625,5.375011444091797,79
4,47,deploy_to_eval,c011,0.75,5.375011444091797,125
4,47,eval_to_deploy,c011,-0.125,2.6250076293945312,125
4,47,unpaired_control,c011,0.6250171661376953,5.375011444091797,79
6,47,deploy_to_eval,c011,-0.12500762939453125,5.375011444091797,125
6,47,eval_to_deploy,c011,0.6250057220458984,2.6250076293945312,125
6,47,unpaired_control,c011,0.37503814697265625,5.375011444091797,79
8,47,deploy_to_eval,c011,-0.12501144409179688,5.375011444091797,125
8,47,eval_to_deploy,c011,0.7500057220458984,2.6250076293945312,125
8,47,unpaired_control,c011,0.7500114440917969,5.375011444091797,79
10,47,deploy_to_eval,c011,-0.25000762939453125,5.375011444091797,125
10,47,eval_to_deploy,c011,0.6250095367431641,2.6250076293945312,125
10,47,unpaired_control,c011,0.37503623962402344,5.375011444091797,79
12,47,deploy_to_eval,c011,-0.25,5.375011444091797,125
12,47,eval_to_deploy,c011,1.6250038146972656,2.6250076293945312,125
12,47,unpaired_control,c011,0.2503032684326172,5.375011444091797,79
14,47,deploy_to_eval,c011,-2.25,5.375011444091797,125
14,47,eval_to_deploy,c011,2.5,2.6250076293945312,125
14,47,unpaired_control,c011,-0.6248569488525391,5.375011444091797,79
16,47,deploy_to_eval,c011,-2.7500076293945312,5.375011444091797,125
16,47,eval_to_deploy,c011,2.9999961853027344,2.6250076293945312,125
16,47,unpaired_control,c011,-0.9997406005859375,5.375011444091797,79
18,47,deploy_to_eval,c011,-2.249998092651367,5.375011444091797,125
18,47,eval_to_deploy,c011,2.9999961853027344,2.6250076293945312,125
18,47,unpaired_control,c011,-0.9994411468505859,5.375011444091797,79
20,47,deploy_to_eval,c011,-2.624998092651367,5.375011444091797,125
20,47,eval_to_deploy,c011,2.625,2.6250076293945312,125
20,47,unpaired_control,c011,-0.7496891021728516,5.375011444091797,79
22,47,deploy_to_eval,c011,-2.4999961853027344,5.375011444091797,125
22,47,eval_to_deploy,c011,3.0,2.6250076293945312,125
22,47,unpaired_control,c011,-0.9996318817138672,5.375011444091797,79
24,47,deploy_to_eval,c011,-2.6250057220458984,5.375011444091797,125
24,47,eval_to_deploy,c011,3.25,2.6250076293945312,125
24,47,unpaired_control,c011,-0.9994335174560547,5.375011444091797,79
26,47,deploy_to_eval,c011,-2.8750038146972656,5.375011444091797,125
26,47,eval_to_deploy,c011,3.0,2.6250076293945312,125
26,47,unpaired_control,c011,-1.2497329711914062,5.375011444091797,79
27,47,deploy_to_eval,c011,-2.7500038146972656,5.375011444091797,125
27,47,eval_to_deploy,c011,2.7500038146972656,2.6250076293945312,125
27,47,unpaired_control,c011,-1.1247406005859375,5.375011444091797,79
0,48,deploy_to_eval,c020,-0.4999256134033203,7.125020980834961,104
0,48,eval_to_deploy,c020,0.4998359680175781,4.250270843505859,104
0,48,unpaired_control,c020,-0.4999828338623047,7.125020980834961,79
2,48,deploy_to_eval,c020,-0.7499427795410156,7.125020980834961,104
2,48,eval_to_deploy,c020,0.12493515014648438,4.250270843505859,104
2,48,unpaired_control,c020,0.25002098083496094,7.125020980834961,79
4,48,deploy_to_eval,c020,-0.4998626708984375,7.125020980834961,104
4,48,eval_to_deploy,c020,-0.000171661376953125,4.250270843505859,104
4,48,unpaired_control,c020,-0.3749217987060547,7.125020980834961,79
6,48,deploy_to_eval,c020,-1.4998283386230469,7.125020980834961,104
6,48,eval_to_deploy,c020,0.3748455047607422,4.250270843505859,104
6,48,unpaired_control,c020,-1.0000076293945312,7.125020980834961,79
8,48,deploy_to_eval,c020,-1.8746280670166016,7.125020980834961,104
8,48,eval_to_deploy,c020,0.6248111724853516,4.250270843505859,104
8,48,unpaired_control,c020,-0.6250076293945312,7.125020980834961,79
10,48,deploy_to_eval,c020,-1.4997978210449219,7.125020980834961,104
10,48,eval_to_deploy,c020,0.8747825622558594,4.250270843505859,104
10,48,unpaired_control,c020,-0.5000114440917969,7.125020980834961,79
12,48,deploy_to_eval,c020,-2.4998016357421875,7.125020980834961,104
12,48,eval_to_deploy,c020,2.3747787475585938,4.250270843505859,104
12,48,unpaired_control,c020,-1.124979019165039,7.125020980834961,79
14,48,deploy_to_eval,c020,-2.249715805053711,7.125020980834961,104
14,48,eval_to_deploy,c020,2.3748016357421875,4.250270843505859,104
14,48,unpaired_control,c020,-0.8749847412109375,7.125020980834961,79
16,48,deploy_to_eval,c020,-2.87457275390625,7.125020980834961,104
16,48,eval_to_deploy,c020,2.8747615814208984,4.250270843505859,104
16,48,unpaired_control,c020,-1.999969482421875,7.125020980834961,79
18,48,deploy_to_eval,c020,-2.9994678497314453,7.125020980834961,104
18,48,eval_to_deploy,c020,2.749755859375,4.250270843505859,104
18,48,unpaired_control,c020,-2.1250038146972656,7.125020980834961,79
20,48,deploy_to_eval,c020,-2.8746280670166016,7.125020980834961,104
20,48,eval_to_deploy,c020,2.749788284301758,4.250270843505859,104
20,48,unpaired_control,c020,-1.875,7.125020980834961,79
22,48,deploy_to_eval,c020,-2.8745498657226562,7.125020980834961,104
22,48,eval_to_deploy,c020,2.874753952026367,4.250270843505859,104
22,48,unpaired_control,c020,-2.1249828338623047,7.125020980834961,79
24,48,deploy_to_eval,c020,-2.749551773071289,7.125020980834961,104
24,48,eval_to_deploy,c020,2.7497825622558594,4.250270843505859,104
24,48,unpaired_control,c020,-2.0000076293945312,7.125020980834961,79
26,48,deploy_to_eval,c020,-2.8747501373291016,7.125020980834961,104
26,48,eval_to_deploy,c020,2.999753952026367,4.250270843505859,104
26,48,unpaired_control,c020,-1.9999942779541016,7.125020980834961,79
27,48,deploy_to_eval,c020,-2.8747501373291016,7.125020980834961,104
27,48,eval_to_deploy,c020,2.8747501373291016,4.250270843505859,104
27,48,unpaired_control,c020,-2.124990463256836,7.125020980834961,79
0,49,deploy_to_eval,c044,-0.2500171661376953,7.375038146972656,128
0,49,eval_to_deploy,c044,-0.3749828338623047,5.000030517578125,128
0,49,unpaired_control,c044,-9.5367431640625e-06,7.375038146972656,79
2,49,deploy_to_eval,c044,-0.374969482421875,7.375038146972656,128
2,49,eval_to_deploy,c044,0.12498283386230469,5.000030517578125,128
2,49,unpaired_control,c044,-0.4999809265136719,7.375038146972656,79
4,49,deploy_to_eval,c044,-0.5000076293945312,7.375038146972656,128
4,49,eval_to_deploy,c044,0.25,5.000030517578125,128
4,49,unpaired_control,c044,-0.4999961853027344,7.375038146972656,79
6,49,deploy_to_eval,c044,-0.7500247955322266,7.375038146972656,128
6,49,eval_to_deploy,c044,0.3750114440917969,5.000030517578125,128
6,49,unpaired_control,c044,-1.1250171661376953,7.375038146972656,79
8,49,deploy_to_eval,c044,-1.2500076293945312,7.375038146972656,128
8,49,eval_to_deploy,c044,0.25002098083496094,5.000030517578125,128
8,49,unpaired_control,c044,-1.250030517578125,7.375038146972656,79
10,49,deploy_to_eval,c044,-0.2500267028808594,7.375038146972656,128
10,49,eval_to_deploy,c044,-0.12495231628417969,5.000030517578125,128
10,49,unpaired_control,c044,-1.7500114440917969,7.375038146972656,79
12,49,deploy_to_eval,c044,-0.25002479553222656,7.375038146972656,128
12,49,eval_to_deploy,c044,0.25002288818359375,5.000030517578125,128
12,49,unpaired_control,c044,-2.375020980834961,7.375038146972656,79
14,49,deploy_to_eval,c044,-2.2499961853027344,7.375038146972656,128
14,49,eval_to_deploy,c044,2.499990463256836,5.000030517578125,128
14,49,unpaired_control,c044,-2.8750228881835938,7.375038146972656,79
16,49,deploy_to_eval,c044,-2.124990463256836,7.375038146972656,128
16,49,eval_to_deploy,c044,2.1249942779541016,5.000030517578125,128
16,49,unpaired_control,c044,-2.7500133514404297,7.375038146972656,79
18,49,deploy_to_eval,c044,-2.3750171661376953,7.375038146972656,128
18,49,eval_to_deploy,c044,2.2499942779541016,5.000030517578125,128
18,49,unpaired_control,c044,-3.0000133514404297,7.375038146972656,79
20,49,deploy_to_eval,c044,-2.249998092651367,7.375038146972656,128
20,49,eval_to_deploy,c044,2.3749942779541016,5.000030517578125,128
20,49,unpaired_control,c044,-2.8750171661376953,7.375038146972656,79
22,49,deploy_to_eval,c044,-2.2500076293945312,7.375038146972656,128
22,49,eval_to_deploy,c044,2.249998092651367,5.000030517578125,128
22,49,unpaired_control,c044,-2.8750267028808594,7.375038146972656,79
24,49,deploy_to_eval,c044,-1.8750171661376953,7.375038146972656,128
24,49,eval_to_deploy,c044,2.125019073486328,5.000030517578125,128
24,49,unpaired_control,c044,-2.5000267028808594,7.375038146972656,79
26,49,deploy_to_eval,c044,-2.3750076293945312,7.375038146972656,128
26,49,eval_to_deploy,c044,2.3750076293945312,5.000030517578125,128
26,49,unpaired_control,c044,-2.6250228881835938,7.375038146972656,79
27,49,deploy_to_eval,c044,-2.3750076293945312,7.375038146972656,128
27,49,eval_to_deploy,c044,2.3750076293945312,5.000030517578125,128
27,49,unpaired_control,c044,-2.750020980834961,7.375038146972656,79
0,50,deploy_to_eval,c016,0.3749961853027344,7.375032424926758,112
0,50,eval_to_deploy,c016,-0.5000019073486328,4.625017166137695,112
0,50,unpaired_control,c016,0.12504959106445312,7.375032424926758,79
2,50,deploy_to_eval,c016,-0.12500381469726562,7.375032424926758,112
2,50,eval_to_deploy,c016,-0.5000038146972656,4.625017166137695,112
2,50,unpaired_control,c016,-0.499969482421875,7.375032424926758,79
4,50,deploy_to_eval,c016,-0.5000171661376953,7.375032424926758,112
4,50,eval_to_deploy,c016,0.125,4.625017166137695,112
4,50,unpaired_control,c016,8.58306884765625e-05,7.375032424926758,79
6,50,deploy_to_eval,c016,-0.5000114440917969,7.375032424926758,112
6,50,eval_to_deploy,c016,-0.8749961853027344,4.625017166137695,112
6,50,unpaired_control,c016,1.0,7.375032424926758,79
8,50,deploy_to_eval,c016,-0.37502098083496094,7.375032424926758,112
8,50,eval_to_deploy,c016,-0.8749465942382812,4.625017166137695,112
8,50,unpaired_control,c016,0.37499237060546875,7.375032424926758,79
10,50,deploy_to_eval,c016,-1.250020980834961,7.375032424926758,112
10,50,eval_to_deploy,c016,0.37508201599121094,4.625017166137695,112
10,50,unpaired_control,c016,-0.8749637603759766,7.375032424926758,79
12,50,deploy_to_eval,c016,-2.250020980834961,7.375032424926758,112
12,50,eval_to_deploy,c016,1.7499980926513672,4.625017166137695,112
12,50,unpaired_control,c016,-1.2499923706054688,7.375032424926758,79
14,50,deploy_to_eval,c016,-2.6250076293945312,7.375032424926758,112
14,50,eval_to_deploy,c016,3.5000038146972656,4.625017166137695,112
14,50,unpaired_control,c016,-1.7500038146972656,7.375032424926758,79
16,50,deploy_to_eval,c016,-2.3750076293945312,7.375032424926758,112
16,50,eval_to_deploy,c016,3.0000038146972656,4.625017166137695,112
16,50,unpaired_control,c016,-2.6250152587890625,7.375032424926758,79
18,50,deploy_to_eval,c016,-3.0000171661376953,7.375032424926758,112
18,50,eval_to_deploy,c016,2.7500267028808594,4.625017166137695,112
18,50,unpaired_control,c016,-3.4999771118164062,7.375032424926758,79
20,50,deploy_to_eval,c016,-2.8750171661376953,7.375032424926758,112
20,50,eval_to_deploy,c016,2.750001907348633,4.625017166137695,112
20,50,unpaired_control,c016,-3.749929428100586,7.375032424926758,79
22,50,deploy_to_eval,c016,-2.625020980834961,7.375032424926758,112
22,50,eval_to_deploy,c016,2.8750038146972656,4.625017166137695,112
22,50,unpaired_control,c016,-3.6248855590820312,7.375032424926758,79
24,50,deploy_to_eval,c016,-2.500019073486328,7.375032424926758,112
24,50,eval_to_deploy,c016,3.2500247955322266,4.625017166137695,112
24,50,unpaired_control,c016,-3.6249446868896484,7.375032424926758,79
26,50,deploy_to_eval,c016,-2.7500152587890625,7.375032424926758,112
26,50,eval_to_deploy,c016,2.875011444091797,4.625017166137695,112
26,50,unpaired_control,c016,-3.6249027252197266,7.375032424926758,79
27,50,deploy_to_eval,c016,-2.7500152587890625,7.375032424926758,112
27,50,eval_to_deploy,c016,2.7500152587890625,4.625017166137695,112
27,50,unpaired_control,c016,-3.6249046325683594,7.375032424926758,79
0,51,deploy_to_eval,c056,-0.3749351501464844,6.875146865844727,109
0,51,eval_to_deploy,c056,0.3749504089355469,3.7501277923583984,109
0,51,unpaired_control,c056,-4.38690185546875e-05,6.875146865844727,79
2,51,deploy_to_eval,c056,-0.6248321533203125,6.875146865844727,109
2,51,eval_to_deploy,c056,1.1250743865966797,3.7501277923583984,109
2,51,unpaired_control,c056,-1.52587890625e-05,6.875146865844727,79
4,51,deploy_to_eval,c056,-0.6249828338623047,6.875146865844727,109
4,51,eval_to_deploy,c056,0.8750495910644531,3.7501277923583984,109
4,51,unpaired_control,c056,0.12504005432128906,6.875146865844727,79
6,51,deploy_to_eval,c056,-0.1250934600830078,6.875146865844727,109
6,51,eval_to_deploy,c056,1.6250743865966797,3.7501277923583984,109
6,51,unpaired_control,c056,-0.6250419616699219,6.875146865844727,79
8,51,deploy_to_eval,c056,-0.7501049041748047,6.875146865844727,109
8,51,eval_to_deploy,c056,2.000215530395508,3.7501277923583984,109
8,51,unpaired_control,c056,-0.3750762939453125,6.875146865844727,79
10,51,deploy_to_eval,c056,-0.8750572204589844,6.875146865844727,109
10,51,eval_to_deploy,c056,1.7501468658447266,3.7501277923583984,109
10,51,unpaired_control,c056,-0.49996376037597656,6.875146865844727,79
12,51,deploy_to_eval,c056,-1.8750972747802734,6.875146865844727,109
12,51,eval_to_deploy,c056,1.8751716613769531,3.7501277923583984,109
12,51,unpaired_control,c056,-0.6248703002929688,6.875146865844727,79
14,51,deploy_to_eval,c056,-2.5000457763671875,6.875146865844727,109
14,51,eval_to_deploy,c056,2.8750362396240234,3.7501277923583984,109
14,51,unpaired_control,c056,-2.7499866485595703,6.875146865844727,79
16,51,deploy_to_eval,c056,-2.8750858306884766,6.875146865844727,109
16,51,eval_to_deploy,c056,2.875133514404297,3.7501277923583984,109
16,51,unpaired_control,c056,-2.3749313354492188,6.875146865844727,79
18,51,deploy_to_eval,c056,-3.250001907348633,6.875146865844727,109
18,51,eval_to_deploy,c056,3.1253013610839844,3.7501277923583984,109
18,51,unpaired_control,c056,-2.375062942504883,6.875146865844727,79
20,51,deploy_to_eval,c056,-3.0000762939453125,6.875146865844727,109
20,51,eval_to_deploy,c056,3.2501049041748047,3.7501277923583984,109
20,51,unpaired_control,c056,-2.000091552734375,6.875146865844727,79
22,51,deploy_to_eval,c056,-3.2500438690185547,6.875146865844727,109
22,51,eval_to_deploy,c056,2.8750228881835938,3.7501277923583984,109
22,51,unpaired_control,c056,-2.1250381469726562,6.875146865844727,79
24,51,deploy_to_eval,c056,-3.125020980834961,6.875146865844727,109
24,51,eval_to_deploy,c056,3.0000362396240234,3.7501277923583984,109
24,51,unpaired_control,c056,-2.2500457763671875,6.875146865844727,79
26,51,deploy_to_eval,c056,-3.25,6.875146865844727,109
26,51,eval_to_deploy,c056,3.000019073486328,3.7501277923583984,109
26,51,unpaired_control,c056,-2.625062942504883,6.875146865844727,79
27,51,deploy_to_eval,c056,-3.125019073486328,6.875146865844727,109
27,51,eval_to_deploy,c056,3.125019073486328,3.7501277923583984,109
27,51,unpaired_control,c056,-2.625062942504883,6.875146865844727,79
0,52,deploy_to_eval,c025,0.3748054504394531,7.626829147338867,111
0,52,eval_to_deploy,c025,-0.3750267028808594,4.250083923339844,111
0,52,unpaired_control,c025,-0.1265869140625,7.626829147338867,59
2,52,deploy_to_eval,c025,0.6238956451416016,7.626829147338867,111
2,52,eval_to_deploy,c025,-0.6249885559082031,4.250083923339844,111
2,52,unpaired_control,c025,-0.0015583038330078125,7.626829147338867,59
4,52,deploy_to_eval,c025,0.8741836547851562,7.626829147338867,111
4,52,eval_to_deploy,c025,7.05718994140625e-05,4.250083923339844,111
4,52,unpaired_control,c025,-0.2516365051269531,7.626829147338867,59
6,52,deploy_to_eval,c025,0.24862098693847656,7.626829147338867,111
6,52,eval_to_deploy,c025,0.8754177093505859,4.250083923339844,111
6,52,unpaired_control,c025,0.99822998046875,7.626829147338867,59
8,52,deploy_to_eval,c025,0.123504638671875,7.626829147338867,111
8,52,eval_to_deploy,c025,1.6251335144042969,4.250083923339844,111
8,52,unpaired_control,c025,0.7482223510742188,7.626829147338867,59
10,52,deploy_to_eval,c025,0.873321533203125,7.626829147338867,111
10,52,eval_to_deploy,c025,1.7503833770751953,4.250083923339844,111
10,52,unpaired_control,c025,0.12325286865234375,7.626829147338867,59
12,52,deploy_to_eval,c025,0.7483539581298828,7.626829147338867,111
12,52,eval_to_deploy,c025,1.7505664825439453,4.250083923339844,111
12,52,unpaired_control,c025,-0.001773834228515625,7.626829147338867,59
14,52,deploy_to_eval,c025,-2.2517318725585938,7.626829147338867,111
14,52,eval_to_deploy,c025,3.125896453857422,4.250083923339844,111
14,52,unpaired_control,c025,-1.751821517944336,7.626829147338867,59
16,52,deploy_to_eval,c025,-2.626771926879883,7.626829147338867,111
16,52,eval_to_deploy,c025,3.2518062591552734,4.250083923339844,111
16,52,unpaired_control,c025,-3.1268253326416016,7.626829147338867,59
18,52,deploy_to_eval,c025,-2.6267623901367188,7.626829147338867,111
18,52,eval_to_deploy,c025,2.751260757446289,4.250083923339844,111
18,52,unpaired_control,c025,-2.6268253326416016,7.626829147338867,59
20,52,deploy_to_eval,c025,-2.876749038696289,7.626829147338867,111
20,52,eval_to_deploy,c025,3.5017452239990234,4.250083923339844,111
20,52,unpaired_control,c025,-2.6268253326416016,7.626829147338867,59
22,52,deploy_to_eval,c025,-2.8767471313476562,7.626829147338867,111
22,52,eval_to_deploy,c025,3.2528076171875,4.250083923339844,111
22,52,unpaired_control,c025,-3.2518253326416016,7.626829147338867,59
24,52,deploy_to_eval,c025,-3.2517547607421875,7.626829147338867,111
24,52,eval_to_deploy,c025,3.252714157104492,4.250083923339844,111
24,52,unpaired_control,c025,-3.0018253326416016,7.626829147338867,59
26,52,deploy_to_eval,c025,-3.1267662048339844,7.626829147338867,111
26,52,eval_to_deploy,c025,3.3767452239990234,4.250083923339844,111
26,52,unpaired_control,c025,-2.876821517944336,7.626829147338867,59
27,52,deploy_to_eval,c025,-3.3767452239990234,7.626829147338867,111
27,52,eval_to_deploy,c025,3.3767452239990234,4.250083923339844,111
27,52,unpaired_control,c025,-2.876821517944336,7.626829147338867,59
0,53,deploy_to_eval,c029,1.3749961853027344,4.875003814697266,73
0,53,eval_to_deploy,c029,-0.12499809265136719,4.750007629394531,73
0,53,unpaired_control,c029,-0.12500381469726562,4.875003814697266,59
2,53,deploy_to_eval,c029,1.2499961853027344,4.875003814697266,73
2,53,eval_to_deploy,c029,-0.875,4.750007629394531,73
2,53,unpaired_control,c029,-0.375,4.875003814697266,59
4,53,deploy_to_eval,c029,0.875,4.875003814697266,73
4,53,eval_to_deploy,c029,-2.125,4.750007629394531,73
4,53,unpaired_control,c029,0.125,4.875003814697266,59
6,53,deploy_to_eval,c029,2.3749961853027344,4.875003814697266,73
6,53,eval_to_deploy,c029,-3.75,4.750007629394531,73
6,53,unpaired_control,c029,2.1249961853027344,4.875003814697266,59
8,53,deploy_to_eval,c029,2.25,4.875003814697266,73
8,53,eval_to_deploy,c029,-3.9999923706054688,4.750007629394531,73
8,53,unpaired_control,c029,0.9999961853027344,4.875003814697266,59
10,53,deploy_to_eval,c029,2.1249961853027344,4.875003814697266,73
10,53,eval_to_deploy,c029,-1.5000076293945312,4.750007629394531,73
10,53,unpaired_control,c029,0.6249961853027344,4.875003814697266,59
12,53,deploy_to_eval,c029,1.75,4.875003814697266,73
12,53,eval_to_deploy,c029,0.3749961853027344,4.750007629394531,73
12,53,unpaired_control,c029,2.1249961853027344,4.875003814697266,59
14,53,deploy_to_eval,c029,0.6249961853027344,4.875003814697266,73
14,53,eval_to_deploy,c029,0.9999961853027344,4.750007629394531,73
14,53,unpaired_control,c029,0.875,4.875003814697266,59
16,53,deploy_to_eval,c029,3.814697265625e-06,4.875003814697266,73
16,53,eval_to_deploy,c029,-3.814697265625e-06,4.750007629394531,73
16,53,unpaired_control,c029,-1.4999961853027344,4.875003814697266,59
18,53,deploy_to_eval,c029,-0.125,4.875003814697266,73
18,53,eval_to_deploy,c029,-3.814697265625e-06,4.750007629394531,73
18,53,unpaired_control,c029,-2.4999866485595703,4.875003814697266,59
20,53,deploy_to_eval,c029,0.125,4.875003814697266,73
20,53,eval_to_deploy,c029,-0.2500038146972656,4.750007629394531,73
20,53,unpaired_control,c029,-2.7499961853027344,4.875003814697266,59
22,53,deploy_to_eval,c029,0.0,4.875003814697266,73
22,53,eval_to_deploy,c029,-0.2500038146972656,4.750007629394531,73
22,53,unpaired_control,c029,-2.624990463256836,4.875003814697266,59
24,53,deploy_to_eval,c029,-0.25,4.875003814697266,73
24,53,eval_to_deploy,c029,-3.814697265625e-06,4.750007629394531,73
24,53,unpaired_control,c029,-2.6249961853027344,4.875003814697266,59
26,53,deploy_to_eval,c029,-0.24999618530273438,4.875003814697266,73
26,53,eval_to_deploy,c029,0.24999237060546875,4.750007629394531,73
26,53,unpaired_control,c029,-2.6249752044677734,4.875003814697266,59
27,53,deploy_to_eval,c029,-0.12499618530273438,4.875003814697266,73
27,53,eval_to_deploy,c029,0.12499618530273438,4.750007629394531,73
27,53,unpaired_control,c029,-2.4999828338623047,4.875003814697266,59
0,54,deploy_to_eval,c014,0.12500762939453125,6.875003814697266,121
0,54,eval_to_deploy,c014,0.5000095367431641,2.375020980834961,121
0,54,unpaired_control,c014,-0.12499237060546875,6.875003814697266,79
2,54,deploy_to_eval,c014,-0.8749923706054688,6.875003814697266,121
2,54,eval_to_deploy,c014,0.7500209808349609,2.375020980834961,121
2,54,unpaired_control,c014,7.62939453125e-06,6.875003814697266,79
4,54,deploy_to_eval,c014,-0.24999618530273438,6.875003814697266,121
4,54,eval_to_deploy,c014,-0.24997520446777344,2.375020980834961,121
4,54,unpaired_control,c014,1.0000038146972656,6.875003814697266,79
6,54,deploy_to_eval,c014,-1.625,6.875003814697266,121
6,54,eval_to_deploy,c014,2.2500076293945312,2.375020980834961,121
6,54,unpaired_control,c014,-0.25,6.875003814697266,79
8,54,deploy_to_eval,c014,-1.875,6.875003814697266,121
8,54,eval_to_deploy,c014,1.625,2.375020980834961,121
8,54,unpaired_control,c014,0.5000209808349609,6.875003814697266,79
10,54,deploy_to_eval,c014,-1.9999923706054688,6.875003814697266,121
10,54,eval_to_deploy,c014,1.6250171661376953,2.375020980834961,121
10,54,unpaired_control,c014,1.2500076293945312,6.875003814697266,79
12,54,deploy_to_eval,c014,-1.625,6.875003814697266,121
12,54,eval_to_deploy,c014,0.7499923706054688,2.375020980834961,121
12,54,unpaired_control,c014,0.8750076293945312,6.875003814697266,79
14,54,deploy_to_eval,c014,-2.6249866485595703,6.875003814697266,121
14,54,eval_to_deploy,c014,2.9999828338623047,2.375020980834961,121
14,54,unpaired_control,c014,-0.4999961853027344,6.875003814697266,79
16,54,deploy_to_eval,c014,-4.124996185302734,6.875003814697266,121
16,54,eval_to_deploy,c014,4.124982833862305,2.375020980834961,121
16,54,unpaired_control,c014,-1.2499752044677734,6.875003814697266,79
18,54,deploy_to_eval,c014,-4.499990463256836,6.875003814697266,121
18,54,eval_to_deploy,c014,4.374982833862305,2.375020980834961,121
18,54,unpaired_control,c014,-1.124979019165039,6.875003814697266,79
20,54,deploy_to_eval,c014,-4.624979019165039,6.875003814697266,121
20,54,eval_to_deploy,c014,4.249982833862305,2.375020980834961,121
20,54,unpaired_control,c014,-0.9999961853027344,6.875003814697266,79
22,54,deploy_to_eval,c014,-4.749982833862305,6.875003814697266,121
22,54,eval_to_deploy,c014,4.874982833862305,2.375020980834961,121
22,54,unpaired_control,c014,-1.3749752044677734,6.875003814697266,79
24,54,deploy_to_eval,c014,-4.749982833862305,6.875003814697266,121
24,54,eval_to_deploy,c014,4.374990463256836,2.375020980834961,121
24,54,unpaired_control,c014,-0.9999656677246094,6.875003814697266,79
26,54,deploy_to_eval,c014,-4.499982833862305,6.875003814697266,121
26,54,eval_to_deploy,c014,4.624982833862305,2.375020980834961,121
26,54,unpaired_control,c014,-0.9999713897705078,6.875003814697266,79
27,54,deploy_to_eval,c014,-4.499982833862305,6.875003814697266,121
27,54,eval_to_deploy,c014,4.499982833862305,2.375020980834961,121
27,54,unpaired_control,c014,-0.9999752044677734,6.875003814697266,79
0,55,deploy_to_eval,c002,-0.1250133514404297,7.125026702880859,100
0,55,eval_to_deploy,c002,-0.7500076293945312,5.875028610229492,100
0,55,unpaired_control,c002,-0.6250190734863281,7.125026702880859,79
2,55,deploy_to_eval,c002,0.12499809265136719,7.125026702880859,100
2,55,eval_to_deploy,c002,-0.5000019073486328,5.875028610229492,100
2,55,unpaired_control,c002,-0.5000057220458984,7.125026702880859,79
4,55,deploy_to_eval,c002,0.37499046325683594,7.125026702880859,100
4,55,eval_to_deploy,c002,9.1552734375e-05,5.875028610229492,100
4,55,unpaired_control,c002,-0.2500019073486328,7.125026702880859,79
6,55,deploy_to_eval,c002,-5.7220458984375e-06,7.125026702880859,100
6,55,eval_to_deploy,c002,-0.6249179840087891,5.875028610229492,100
6,55,unpaired_control,c002,-2.7499847412109375,7.125026702880859,79
8,55,deploy_to_eval,c002,-1.2500152587890625,7.125026702880859,100
8,55,eval_to_deploy,c002,-0.8749828338623047,5.875028610229492,100
8,55,unpaired_control,c002,-3.7500038146972656,7.125026702880859,79
10,55,deploy_to_eval,c002,0.4999866485595703,7.125026702880859,100
10,55,eval_to_deploy,c002,-0.9999561309814453,5.875028610229492,100
10,55,unpaired_control,c002,-2.500009536743164,7.125026702880859,79
12,55,deploy_to_eval,c002,-0.5000133514404297,7.125026702880859,100
12,55,eval_to_deploy,c002,0.24999618530273438,5.875028610229492,100
12,55,unpaired_control,c002,-3.2500171661376953,7.125026702880859,79
14,55,deploy_to_eval,c002,-1.2499885559082031,7.125026702880859,100
14,55,eval_to_deploy,c002,0.2499828338623047,5.875028610229492,100
14,55,unpaired_control,c002,-3.8749961853027344,7.125026702880859,79
16,55,deploy_to_eval,c002,-1.625009536743164,7.125026702880859,100
16,55,eval_to_deploy,c002,0.6249828338623047,5.875028610229492,100
16,55,unpaired_control,c002,-4.12501335144043,7.125026702880859,79
18,55,deploy_to_eval,c002,-1.6249980926513672,7.125026702880859,100
18,55,eval_to_deploy,c002,1.2499828338623047,5.875028610229492,100
18,55,unpaired_control,c002,-4.374917984008789,7.125026702880859,79
20,55,deploy_to_eval,c002,-1.6249847412109375,7.125026702880859,100
20,55,eval_to_deploy,c002,1.4999828338623047,5.875028610229492,100
20,55,unpaired_control,c002,-4.374935150146484,7.125026702880859,79
22,55,deploy_to_eval,c002,-1.3750057220458984,7.125026702880859,100
22,55,eval_to_deploy,c002,1.1249828338623047,5.875028610229492,100
22,55,unpaired_control,c002,-4.249982833862305,7.125026702880859,79
24,55,deploy_to_eval,c002,-1.7500038146972656,7.125026702880859,100
24,55,eval_to_deploy,c002,1.4999847412109375,5.875028610229492,100
24,55,unpaired_control,c002,-4.374982833862305,7.125026702880859,79
26,55,deploy_to_eval,c002,-1.2499980926513672,7.125026702880859,100
26,55,eval_to_deploy,c002,1.1249980926513672,5.875028610229492,100
26,55,unpaired_control,c002,-4.249969482421875,7.125026702880859,79
27,55,deploy_to_eval,c002,-1.2499980926513672,7.125026702880859,100
27,55,eval_to_deploy,c002,1.2499980926513672,5.875028610229492,100
27,55,unpaired_control,c002,-4.374971389770508,7.125026702880859,79
0,56,deploy_to_eval,c023,-0.24999618530273438,6.125215530395508,100
0,56,eval_to_deploy,c023,0.3749885559082031,2.7500553131103516,100
0,56,unpaired_control,c023,-0.2493915557861328,6.125215530395508,79
2,56,deploy_to_eval,c023,-0.12475967407226562,6.125215530395508,100
2,56,eval_to_deploy,c023,0.2499847412109375,2.7500553131103516,100
2,56,unpaired_control,c023,0.12572860717773438,6.125215530395508,79
4,56,deploy_to_eval,c023,0.49991798400878906,6.125215530395508,100
4,56,eval_to_deploy,c023,-0.24999237060546875,2.7500553131103516,100
4,56,unpaired_control,c023,0.000934600830078125,6.125215530395508,79
6,56,deploy_to_eval,c023,0.37482452392578125,6.125215530395508,100
6,56,eval_to_deploy,c023,0.5000762939453125,2.7500553131103516,100
6,56,unpaired_control,c023,0.7500095367431641,6.125215530395508,79
8,56,deploy_to_eval,c023,0.6248531341552734,6.125215530395508,100
8,56,eval_to_deploy,c023,0.7500381469726562,2.7500553131103516,100
8,56,unpaired_control,c023,1.3748931884765625,6.125215530395508,79
10,56,deploy_to_eval,c023,0.8748226165771484,6.125215530395508,100
10,56,eval_to_deploy,c023,0.8751716613769531,2.7500553131103516,100
10,56,unpaired_control,c023,1.6248607635498047,6.125215530395508,79
12,56,deploy_to_eval,c023,-1.5001945495605469,6.125215530395508,100
12,56,eval_to_deploy,c023,0.8750057220458984,2.7500553131103516,100
12,56,unpaired_control,c023,-0.12514686584472656,6.125215530395508,79
14,56,deploy_to_eval,c023,-2.250120162963867,6.125215530395508,100
14,56,eval_to_deploy,c023,2.2500782012939453,2.7500553131103516,100
14,56,unpaired_control,c023,-1.000112533569336,6.125215530395508,79
16,56,deploy_to_eval,c023,-3.0001869201660156,6.125215530395508,100
16,56,eval_to_deploy,c023,3.1250972747802734,2.7500553131103516,100
16,56,unpaired_control,c023,-0.6251373291015625,6.125215530395508,79
18,56,deploy_to_eval,c023,-3.3751258850097656,6.125215530395508,100
18,56,eval_to_deploy,c023,3.375093460083008,2.7500553131103516,100
18,56,unpaired_control,c023,-0.5001239776611328,6.125215530395508,79
20,56,deploy_to_eval,c023,-3.0001792907714844,6.125215530395508,100
20,56,eval_to_deploy,c023,3.3751583099365234,2.7500553131103516,100
20,56,unpaired_control,c023,-0.5001220703125,6.125215530395508,79
22,56,deploy_to_eval,c023,-3.1251888275146484,6.125215530395508,100
22,56,eval_to_deploy,c023,3.37506103515625,2.7500553131103516,100
22,56,unpaired_control,c023,-0.5001487731933594,6.125215530395508,79
24,56,deploy_to_eval,c023,-3.625192642211914,6.125215530395508,100
24,56,eval_to_deploy,c023,3.3751602172851562,2.7500553131103516,100
24,56,unpaired_control,c023,-0.8750972747802734,6.125215530395508,79
26,56,deploy_to_eval,c023,-3.2501678466796875,6.125215530395508,100
26,56,eval_to_deploy,c023,3.3751602172851562,2.7500553131103516,100
26,56,unpaired_control,c023,-0.8750953674316406,6.125215530395508,79
27,56,deploy_to_eval,c023,-3.3751602172851562,6.125215530395508,100
27,56,eval_to_deploy,c023,3.3751602172851562,2.7500553131103516,100
27,56,unpaired_control,c023,-1.0000934600830078,6.125215530395508,79
0,57,deploy_to_eval,c046,0.7500877380371094,4.875144958496094,109
0,57,eval_to_deploy,c046,0.124969482421875,5.1251220703125,109
0,57,unpaired_control,c046,-9.5367431640625e-05,4.875144958496094,79
2,57,deploy_to_eval,c046,0.49986839294433594,4.875144958496094,109
2,57,eval_to_deploy,c046,-3.0517578125e-05,5.1251220703125,109
2,57,unpaired_control,c046,-0.2501068115234375,4.875144958496094,79
4,57,deploy_to_eval,c046,0.2499237060546875,4.875144958496094,109
4,57,eval_to_deploy,c046,-0.24994850158691406,5.1251220703125,109
4,57,unpaired_control,c046,-0.12507057189941406,4.875144958496094,79
6,57,deploy_to_eval,c046,1.3749618530273438,4.875144958496094,109
6,57,eval_to_deploy,c046,0.5001468658447266,5.1251220703125,109
6,57,unpaired_control,c046,0.4999122619628906,4.875144958496094,79
8,57,deploy_to_eval,c046,1.4999980926513672,4.875144958496094,109
8,57,eval_to_deploy,c046,0.1250286102294922,5.1251220703125,109
8,57,unpaired_control,c046,0.8752002716064453,4.875144958496094,79
10,57,deploy_to_eval,c046,2.3749237060546875,4.875144958496094,109
10,57,eval_to_deploy,c046,-0.8750858306884766,5.1251220703125,109
10,57,unpaired_control,c046,1.5001029968261719,4.875144958496094,79
12,57,deploy_to_eval,c046,1.1250057220458984,4.875144958496094,109
12,57,eval_to_deploy,c046,-1.249979019165039,5.1251220703125,109
12,57,unpaired_control,c046,1.1250724792480469,4.875144958496094,79
14,57,deploy_to_eval,c046,0.7499217987060547,4.875144958496094,109
14,57,eval_to_deploy,c046,-0.8750801086425781,5.1251220703125,109
14,57,unpaired_control,c046,-0.3743553161621094,4.875144958496094,79
16,57,deploy_to_eval,c046,0.6249237060546875,4.875144958496094,109
16,57,eval_to_deploy,c046,-0.12495803833007812,5.1251220703125,109
16,57,unpaired_control,c046,0.12564659118652344,4.875144958496094,79
18,57,deploy_to_eval,c046,0.7499198913574219,4.875144958496094,109
18,57,eval_to_deploy,c046,0.124969482421875,5.1251220703125,109
18,57,unpaired_control,c046,-0.37470054626464844,4.875144958496094,79
20,57,deploy_to_eval,c046,0.6248817443847656,4.875144958496094,109
20,57,eval_to_deploy,c046,-0.12495803833007812,5.1251220703125,109
20,57,unpaired_control,c046,0.125457763671875,4.875144958496094,79
22,57,deploy_to_eval,c046,0.24992942810058594,4.875144958496094,109
22,57,eval_to_deploy,c046,-0.1250591278076172,5.1251220703125,109
22,57,unpaired_control,c046,0.0005931854248046875,4.875144958496094,79
24,57,deploy_to_eval,c046,0.6249256134033203,4.875144958496094,109
24,57,eval_to_deploy,c046,-0.25002098083496094,5.1251220703125,109
24,57,unpaired_control,c046,-0.24970054626464844,4.875144958496094,79
26,57,deploy_to_eval,c046,0.3749732971191406,4.875144958496094,109
26,57,eval_to_deploy,c046,-0.24995803833007812,5.1251220703125,109
26,57,unpaired_control,c046,-0.12440872192382812,4.875144958496094,79
27,57,deploy_to_eval,c046,0.24997711181640625,4.875144958496094,109
27,57,eval_to_deploy,c046,-0.24997711181640625,5.1251220703125,109
27,57,unpaired_control,c046,0.000591278076171875,4.875144958496094,79
0,58,deploy_to_eval,c022,-0.25003814697265625,4.8750762939453125,105
0,58,eval_to_deploy,c022,3.814697265625e-05,4.875736236572266,105
0,58,unpaired_control,c022,-0.7500514984130859,4.8750762939453125,79
2,58,deploy_to_eval,c022,-0.5000553131103516,4.8750762939453125,105
2,58,eval_to_deploy,c022,-0.3747882843017578,4.875736236572266,105
2,58,unpaired_control,c022,-0.8750686645507812,4.8750762939453125,79
4,58,deploy_to_eval,c022,-0.5000400543212891,4.8750762939453125,105
4,58,eval_to_deploy,c022,-0.3753242492675781,4.875736236572266,105
4,58,unpaired_control,c022,-0.2500591278076172,4.8750762939453125,79
6,58,deploy_to_eval,c022,1.1250934600830078,4.8750762939453125,105
6,58,eval_to_deploy,c022,-0.6255054473876953,4.875736236572266,105
6,58,unpaired_control,c022,-0.1250591278076172,4.8750762939453125,79
8,58,deploy_to_eval,c022,0.5001335144042969,4.8750762939453125,105
8,58,eval_to_deploy,c022,-0.8756904602050781,4.875736236572266,105
8,58,unpaired_control,c022,-0.6250553131103516,4.8750762939453125,79
10,58,deploy_to_eval,c022,0.8758335113525391,4.8750762939453125,105
10,58,eval_to_deploy,c022,-1.7507190704345703,4.875736236572266,105
10,58,unpaired_control,c022,0.3749561309814453,4.8750762939453125,79
12,58,deploy_to_eval,c022,0.6250896453857422,4.8750762939453125,105
12,58,eval_to_deploy,c022,-0.5006904602050781,4.875736236572266,105
12,58,unpaired_control,c022,-1.000051498413086,4.8750762939453125,79
14,58,deploy_to_eval,c022,0.12549781799316406,4.8750762939453125,105
14,58,eval_to_deploy,c022,0.2492847442626953,4.875736236572266,105
14,58,unpaired_control,c022,-0.1250457763671875,4.8750762939453125,79
16,58,deploy_to_eval,c022,-0.12442588806152344,4.8750762939453125,105
16,58,eval_to_deploy,c022,0.2493114471435547,4.875736236572266,105
16,58,unpaired_control,c022,-0.8750476837158203,4.8750762939453125,79
18,58,deploy_to_eval,c022,0.0002460479736328125,4.8750762939453125,105
18,58,eval_to_deploy,c022,0.24928855895996094,4.875736236572266,105
18,58,unpaired_control,c022,-1.1250247955322266,4.8750762939453125,79
20,58,deploy_to_eval,c022,0.0002880096435546875,4.8750762939453125,105
20,58,eval_to_deploy,c022,0.2492809295654297,4.875736236572266,105
20,58,unpaired_control,c022,-1.000051498413086,4.8750762939453125,79
22,58,deploy_to_eval,c022,0.000431060791015625,4.8750762939453125,105
22,58,eval_to_deploy,c022,0.12428474426269531,4.875736236572266,105
22,58,unpaired_control,c022,-1.1250190734863281,4.8750762939453125,79
24,58,deploy_to_eval,c022,-0.49920082092285156,4.8750762939453125,105
24,58,eval_to_deploy,c022,0.24932289123535156,4.875736236572266,105
24,58,unpaired_control,c022,-1.2500171661376953,4.8750762939453125,79
26,58,deploy_to_eval,c022,0.000659942626953125,4.8750762939453125,105
26,58,eval_to_deploy,c022,0.12433052062988281,4.875736236572266,105
26,58,unpaired_control,c022,-1.0000247955322266,4.8750762939453125,79
27,58,deploy_to_eval,c022,0.000659942626953125,4.8750762939453125,105
27,58,eval_to_deploy,c022,-0.000659942626953125,4.875736236572266,105
27,58,unpaired_control,c022,-1.0000247955322266,4.8750762939453125,79
0,59,deploy_to_eval,c050,0.4999828338623047,6.000020980834961,141
0,59,eval_to_deploy,c050,-2.288818359375e-05,3.875051498413086,141
0,59,unpaired_control,c050,-0.37500762939453125,6.000020980834961,79
2,59,deploy_to_eval,c050,0.2499866485595703,6.000020980834961,141
2,59,eval_to_deploy,c050,-0.625,3.875051498413086,141
2,59,unpaired_control,c050,0.5000286102294922,6.000020980834961,79
4,59,deploy_to_eval,c050,0.6249961853027344,6.000020980834961,141
4,59,eval_to_deploy,c050,-0.2500019073486328,3.875051498413086,141
4,59,unpaired_control,c050,-0.12495231628417969,6.000020980834961,79
6,59,deploy_to_eval,c050,-0.9999866485595703,6.000020980834961,141
6,59,eval_to_deploy,c050,0.37497711181640625,3.875051498413086,141
6,59,unpaired_control,c050,-1.374898910522461,6.000020980834961,79
8,59,deploy_to_eval,c050,-0.6250076293945312,6.000020980834961,141
8,59,eval_to_deploy,c050,1.1250057220458984,3.875051498413086,141
8,59,unpaired_control,c050,-0.24994659423828125,6.000020980834961,79
10,59,deploy_to_eval,c050,-0.6249923706054688,6.000020980834961,141
10,59,eval_to_deploy,c050,0.6249790191650391,3.875051498413086,141
10,59,unpaired_control,c050,0.5000381469726562,6.000020980834961,79
12,59,deploy_to_eval,c050,-1.374969482421875,6.000020980834961,141
12,59,eval_to_deploy,c050,0.7499732971191406,3.875051498413086,141
12,59,unpaired_control,c050,-1.1248970031738281,6.000020980834961,79
14,59,deploy_to_eval,c050,-1.374990463256836,6.000020980834961,141
14,59,eval_to_deploy,c050,1.6249732971191406,3.875051498413086,141
14,59,unpaired_control,c050,-1.4999656677246094,6.000020980834961,79
16,59,deploy_to_eval,c050,-2.124979019165039,6.000020980834961,141
16,59,eval_to_deploy,c050,1.6249732971191406,3.875051498413086,141
16,59,unpaired_control,c050,-2.6249465942382812,6.000020980834961,79
18,59,deploy_to_eval,c050,-2.3749618530273438,6.000020980834961,141
18,59,eval_to_deploy,c050,1.7499523162841797,3.875051498413086,141
18,59,unpaired_control,c050,-2.4999732971191406,6.000020980834961,79
20,59,deploy_to_eval,c050,-2.2499732971191406,6.000020980834961,141
20,59,eval_to_deploy,c050,1.9999732971191406,3.875051498413086,141
20,59,unpaired_control,c050,-2.624927520751953,6.000020980834961,79
22,59,deploy_to_eval,c050,-2.24993896484375,6.000020980834961,141
22,59,eval_to_deploy,c050,2.2499618530273438,3.875051498413086,141
22,59,unpaired_control,c050,-2.624971389770508,6.000020980834961,79
24,59,deploy_to_eval,c050,-2.3749141693115234,6.000020980834961,141
24,59,eval_to_deploy,c050,2.1249752044677734,3.875051498413086,141
24,59,unpaired_control,c050,-2.499969482421875,6.000020980834961,79
26,59,deploy_to_eval,c050,-2.249969482421875,6.000020980834961,141
26,59,eval_to_deploy,c050,2.1249656677246094,3.875051498413086,141
26,59,unpaired_control,c050,-2.7499027252197266,6.000020980834961,79
27,59,deploy_to_eval,c050,-2.124969482421875,6.000020980834961,141
27,59,eval_to_deploy,c050,2.124969482421875,3.875051498413086,141
27,59,unpaired_control,c050,-2.7499027252197266,6.000020980834961,79
