direction,alpha,content_id,belief,delta
d,-1.0,c041,1.624795913696289,-0.5625171661376953
d,-1.0,c006,1.2491340637207031,-1.1878643035888672
d,-1.0,c039,0.31250572204589844,-1.0
d,-1.0,c017,4.374837875366211,-0.6251335144042969
d,-1.0,c058,-0.3750019073486328,-1.0000019073486328
d,-1.0,c002,1.0624914169311523,-0.37499332427978516
d,-1.0,c024,-0.43753719329833984,-0.4999551773071289
d,-1.0,c023,1.3122634887695312,-1.06256103515625
d,-1.0,c022,1.9374198913574219,-0.749964714050293
d,-1.0,c056,-0.010403633117675781,-0.7445402145385742
d,-1.0,c029,-2.812495231628418,-1.0624961853027344
d,-1.0,c025,-1.124800682067871,-0.3748512268066406
d,-1.0,c000,1.8742008209228516,-1.0620050430297852
d,-1.0,c036,-0.43766117095947266,-1.1872081756591797
d,-1.0,c020,8.124661445617676,-1.000025749206543
d,-1.0,c011,3.874950408935547,-0.5624656677246094
d,-1.0,c003,1.0625181198120117,-0.8748874664306641
d,-1.0,c045,6.687334060668945,-0.9998912811279297
d,-1.0,c046,-1.249079704284668,-0.2502737045288086
d,-1.0,c044,8.62291145324707,-1.4382266998291016
d,-1.0,c008,-2.5625,-1.4375
d,-1.0,c049,3.5624942779541016,-0.8125019073486328
d,-1.0,c013,9.062274932861328,-1.1248435974121094
d,-1.0,c042,2.624941825866699,-1.2500333786010742
d,-1.0,c009,-1.1875410079956055,-0.6249818801879883
d,-1.0,c047,-0.18813610076904297,-1.1252479553222656
d,-1.0,c050,0.4989013671875,-0.6876277923583984
d,-1.0,c043,0.12459278106689453,-0.6252536773681641
d,-1.0,c016,1.6249608993530273,-0.8749780654907227
d,-1.0,c014,1.187495231628418,-0.6249933242797852
d,-1.0,c041,-3.1875648498535156,-0.4999866485595703
d,-1.0,c006,0.4369964599609375,-0.8748712539672852
d,-1.0,c039,-2.8747081756591797,-0.8124017715454102
d,-1.0,c017,2.374884605407715,-1.0624580383300781
d,-1.0,c058,-0.6874980926513672,-1.0000019073486328
d,-1.0,c002,1.6874608993530273,-0.6875219345092773
d,-1.0,c024,0.18736553192138672,-0.6873531341552734
d,-1.0,c023,1.124974250793457,-0.7500162124633789
d,-1.0,c022,-0.6249904632568359,-0.7499961853027344
d,-1.0,c056,1.0599956512451172,-0.5620279312133789
d,1.0,c041,3.2495574951171875,1.0622444152832031
d,1.0,c006,3.0621347427368164,0.6251363754272461
d,1.0,c039,2.812495231628418,1.4999895095825195
d,1.0,c017,5.937443733215332,0.9374723434448242
d,1.0,c058,1.7499980926513672,1.1249980926513672
d,1.0,c002,2.375009536743164,0.9375247955322266
d,1.0,c024,0.9999122619628906,0.9374942779541016
d,1.0,c023,3.187342643737793,0.8125181198120117
d,1.0,c022,3.6871938705444336,0.9998092651367188
d,1.0,c056,1.2414255142211914,0.507288932800293
d,1.0,c029,-0.9999933242797852,0.7500057220458984
d,1.0,c025,-0.12493515014648438,0.6250143051147461
d,1.0,c000,3.4366092681884766,0.5004034042358398
d,1.0,c036,1.2492961883544922,0.49974918365478516
d,1.0,c020,9.624595642089844,0.499908447265625
d,1.0,c011,5.374900817871094,0.9374847412109375
d,1.0,c003,2.687544822692871,0.7501392364501953
d,1.0,c045,8.936705589294434,1.2494802474975586
d,1.0,c046,-0.061964988708496094,0.9368410110473633
d,1.0,c044,9.935697555541992,-0.1254405975341797
d,1.0,c008,-0.5625,0.5625
d,1.0,c049,4.999994277954102,0.6249980926513672
d,1.0,c013,10.374122619628906,0.18700408935546875
d,1.0,c042,4.874884605407715,0.9999094009399414
d,1.0,c009,0.9999446868896484,1.5625038146972656
d,1.0,c047,2.18582820892334,1.2487163543701172
d,1.0,c050,1.8742799758911133,0.6877508163452148
d,1.0,c043,1.4999361038208008,0.7500896453857422
d,1.0,c016,3.6874008178710938,1.1874618530273438
d,1.0,c014,2.937488555908203,1.125
d,1.0,c041,-2.562497138977051,0.12508106231689453
d,1.0,c006,1.9996528625488281,0.6877851486206055
d,1.0,c039,-1.1248588562011719,0.9374475479125977
d,1.0,c017,4.874781608581543,1.43743896484375
d,1.0,c058,1.0000019073486328,0.6874980926513672
d,1.0,c002,3.6249523162841797,1.249969482421875
d,1.0,c024,1.9370765686035156,1.0623579025268555
d,1.0,c023,2.687368392944336,0.8123779296875
d,1.0,c022,0.3125114440917969,0.18750572204589844
d,1.0,c056,2.9987382888793945,1.3767147064208984
d,-4.0,c041,-0.6876296997070312,-2.8749427795410156
d,-4.0,c006,-0.634129524230957,-3.0711278915405273
d,-4.0,c039,-2.4998998641967773,-3.812405586242676
d,-4.0,c017,1.6869535446166992,-3.3130178451538086
d,-4.0,c058,-3.125001907348633,-3.750001907348633
d,-4.0,c002,-0.9374980926513672,-2.3749828338623047
d,-4.0,c024,-2.000215530395508,-2.062633514404297
d,-4.0,c023,-1.0634021759033203,-3.4382266998291016
d,-4.0,c022,0.06150341033935547,-2.6258811950683594
d,-4.0,c056,-1.0517778396606445,-1.785914421081543
d,-4.0,c029,-5.062498092651367,-3.3124990463256836
d,-4.0,c025,-2.0625972747802734,-1.312647819519043
d,-4.0,c000,-0.06405162811279297,-3.0002574920654297
d,-4.0,c036,-2.1269912719726562,-2.8765382766723633
d,-4.0,c020,5.937006950378418,-3.187680244445801
d,-4.0,c011,0.7499227523803711,-3.687493324279785
d,-4.0,c003,-1.5627527236938477,-3.5001583099365234
d,-4.0,c045,4.437255859375,-3.249969482421875
d,-4.0,c046,-2.5648059844970703,-1.565999984741211
d,-4.0,c044,6.6840410232543945,-3.3770971298217773
d,-4.0,c008,-5.4375,-4.3125
d,-4.0,c049,1.9999961853027344,-2.375
d,-4.0,c013,6.999576568603516,-3.187541961669922
d,-4.0,c042,0.12466239929199219,-3.7503128051757812
d,-4.0,c009,-4.250296592712402,-3.687737464904785
d,-4.0,c047,-2.625986099243164,-3.5630979537963867
d,-4.0,c050,-1.003305435180664,-2.1898345947265625
d,-4.0,c043,-2.1512975692749023,-2.901144027709961
d,-4.0,c016,-0.8125820159912109,-3.312520980834961
d,-4.0,c014,-1.375044822692871,-3.187533378601074
d,-4.0,c041,-3.2544336318969727,-0.5668554306030273
d,-4.0,c006,-1.4384164810180664,-2.750284194946289
d,-4.0,c039,-5.1244049072265625,-3.062098503112793
d,-4.0,c017,-0.1251363754272461,-3.562479019165039
d,-4.0,c058,-2.624998092651367,-2.937501907348633
d,-4.0,c002,-1.1250123977661133,-3.499995231628418
d,-4.0,c024,-1.3759489059448242,-2.2506675720214844
d,-4.0,c023,-0.43796825408935547,-2.3129587173461914
d,-4.0,c022,-1.1258840560913086,-1.250889778137207
d,-4.0,c056,-0.8943729400634766,-2.5163965225219727
d,4.0,c041,4.6873016357421875,2.499988555908203
d,4.0,c006,4.74971866607666,2.31272029876709
d,4.0,c039,4.062487602233887,2.7499818801879883
d,4.0,c017,6.562405586242676,1.562434196472168
d,4.0,c058,4.499998092651367,3.874998092651367
d,4.0,c002,4.312496185302734,2.875011444091797
d,4.0,c024,3.2498607635498047,3.1874427795410156
d,4.0,c023,4.812291145324707,2.437466621398926
d,4.0,c022,4.937335014343262,2.249950408935547
d,4.0,c056,3.370105743408203,2.6359691619873047
d,4.0,c029,0.9375,2.6874990463256836
d,4.0,c025,1.8124933242797852,2.5624427795410156
d,4.0,c000,4.999516487121582,2.0633106231689453
d,4.0,c036,2.874685287475586,2.125138282775879
d,4.0,c020,10.87344741821289,1.7487602233886719
d,4.0,c011,5.812211990356445,1.374795913696289
d,4.0,c003,4.562404632568359,2.6249990463256836
d,4.0,c045,9.685354232788086,1.998128890991211
d,4.0,c046,2.625272750854492,3.6240787506103516
d,4.0,c044,11.059782981872559,0.9986448287963867
d,4.0,c008,1.4375,2.5625
d,4.0,c049,5.874992370605469,1.4999961853027344
d,4.0,c013,10.185397148132324,-0.0017213821411132812
d,4.0,c042,6.062231063842773,2.187255859375
d,4.0,c009,3.6872806549072266,4.249839782714844
d,4.0,c047,4.809299468994141,3.872187614440918
d,4.0,c050,3.4993152618408203,2.312786102294922
d,4.0,c043,3.24973201751709,2.4998855590820312
d,4.0,c016,5.68730354309082,3.1873645782470703
d,4.0,c014,5.124970436096191,3.3124818801879883
d,4.0,c041,-0.2500143051147461,2.437563896179199
d,4.0,c006,3.937045097351074,2.6251773834228516
d,4.0,c039,1.500070571899414,3.5623769760131836
d,4.0,c017,6.061591148376465,2.624248504638672
d,4.0,c058,3.3125057220458984,3.000001907348633
d,4.0,c002,4.812450408935547,2.437467575073242
d,4.0,c024,3.62432861328125,2.74960994720459
d,4.0,c023,5.187343597412109,3.3123531341552734
d,4.0,c022,2.6874914169311523,2.562485694885254
d,4.0,c056,4.562036514282227,2.9400129318237305
style,-1.0,c041,1.6872663497924805,-0.5000467300415039
style,-1.0,c006,2.061387062072754,-0.3756113052368164
style,-1.0,c039,0.8750076293945312,-0.4374980926513672
style,-1.0,c017,4.4998779296875,-0.5000934600830078
style,-1.0,c058,0.25,-0.375
style,-1.0,c002,1.4374933242797852,8.58306884765625e-06
style,-1.0,c024,-0.25007057189941406,-0.3124885559082031
style,-1.0,c023,1.9996156692504883,-0.37520885467529297
style,-1.0,c022,2.4995336532592773,-0.1878509521484375
style,-1.0,c056,0.2347545623779297,-0.49938201904296875
style,-1.0,c029,-2.124995231628418,-0.3749961853027344
style,-1.0,c025,-0.7497844696044922,0.00016498565673828125
style,-1.0,c000,2.3738746643066406,-0.5623311996459961
style,-1.0,c036,0.061794281005859375,-0.6877527236938477
style,-1.0,c020,7.812294960021973,-1.312392234802246
style,-1.0,c011,3.8749074935913086,-0.5625085830688477
style,-1.0,c003,1.437321662902832,-0.5000839233398438
style,-1.0,c045,7.562256813049316,-0.1249685287475586
style,-1.0,c046,-0.9976091384887695,0.0011968612670898438
style,-1.0,c044,9.246587753295898,-0.8145503997802734
style,-1.0,c008,-1.9375,-0.8125
style,-1.0,c049,5.187494277954102,0.8124980926513672
style,-1.0,c013,9.624628067016602,-0.5624904632568359
style,-1.0,c042,3.312342643737793,-0.5626325607299805
style,-1.0,c009,-1.0626029968261719,-0.5000438690185547
style,-1.0,c047,0.1866912841796875,-0.7504205703735352
style,-1.0,c050,0.9366111755371094,-0.24991798400878906
style,-1.0,c043,0.6234598159790039,-0.1263866424560547
style,-1.0,c016,1.937434196472168,-0.562504768371582
style,-1.0,c014,1.812485694885254,-2.86102294921875e-06
style,-1.0,c041,-2.8751611709594727,-0.18758296966552734
style,-1.0,c006,0.9987564086914062,-0.3131113052368164
style,-1.0,c039,-1.9997949600219727,0.06251144409179688
style,-1.0,c017,2.999934196472168,-0.437408447265625
style,-1.0,c058,1.9073486328125e-06,-0.3125019073486328
style,-1.0,c002,1.9374170303344727,-0.43756580352783203
style,-1.0,c024,0.5622348785400391,-0.3124837875366211
style,-1.0,c023,1.4999494552612305,-0.37504100799560547
style,-1.0,c022,-0.5624685287475586,-0.687474250793457
style,-1.0,c056,1.1749792098999023,-0.44704437255859375
style,1.0,c041,2.749879837036133,0.5625667572021484
style,1.0,c006,2.937167167663574,0.5001688003540039
style,1.0,c039,1.6875028610229492,0.3749971389770508
style,1.0,c017,5.562468528747559,0.5624971389770508
style,1.0,c058,1.4999980926513672,0.8749980926513672
style,1.0,c002,2.0625,0.6250152587890625
style,1.0,c024,0.4999246597290039,0.43750667572021484
style,1.0,c023,2.999868392944336,0.6250438690185547
style,1.0,c022,2.812434196472168,0.12504959106445312
style,1.0,c056,0.6762247085571289,-0.05791187286376953
style,1.0,c029,-1.4999895095825195,0.25000953674316406
style,1.0,c025,-0.37502193450927734,0.3749275207519531
style,1.0,c000,3.0618629455566406,0.1256570816040039
style,1.0,c036,0.8121891021728516,0.06264209747314453
style,1.0,c020,9.311659812927246,0.18697261810302734
style,1.0,c011,4.999946594238281,0.562530517578125
style,1.0,c003,1.9999799728393555,0.06257438659667969
style,1.0,c045,7.999509811401367,0.3122844696044922
style,1.0,c046,-0.06185626983642578,0.9369497299194336
style,1.0,c044,9.748262405395508,-0.31287574768066406
style,1.0,c008,-0.9375,0.1875
style,1.0,c049,3.999998092651367,-0.3749980926513672
style,1.0,c013,9.874631881713867,-0.3124866485595703
style,1.0,c042,4.124993324279785,0.2500181198120117
style,1.0,c009,-0.12504196166992188,0.4375171661376953
style,1.0,c047,1.6245946884155273,0.6874828338623047
style,1.0,c050,1.624342918395996,0.43781375885009766
style,1.0,c043,1.4372777938842773,0.6874313354492188
style,1.0,c016,2.9999513626098633,0.5000123977661133
style,1.0,c014,2.1250076293945312,0.3125190734863281
style,1.0,c041,-2.250032424926758,0.4375457763671875
style,1.0,c006,1.374685287475586,0.06281757354736328
style,1.0,c039,-1.5623598098754883,0.49994659423828125
style,1.0,c017,4.312399864196777,0.8750572204589844
style,1.0,c058,0.125,-0.18750381469726562
style,1.0,c002,3.1874589920043945,0.8124761581420898
style,1.0,c024,1.6873445510864258,0.8126258850097656
style,1.0,c023,2.7498559951782227,0.8748655319213867
style,1.0,c022,0.18751239776611328,0.06250667572021484
style,1.0,c056,1.936823844909668,0.3148002624511719
style,-4.0,c041,0.2449970245361328,-1.9423160552978516
style,-4.0,c006,0.6090784072875977,-1.8279199600219727
style,-4.0,c039,-1.1249122619628906,-2.437417984008789
style,-4.0,c017,2.499704360961914,-2.5002670288085938
style,-4.0,c058,-1.312495231628418,-1.937495231628418
style,-4.0,c002,0.1874237060546875,-1.25006103515625
style,-4.0,c024,-1.1881341934204102,-1.2505521774291992
style,-4.0,c023,-0.1894702911376953,-2.5642948150634766
style,-4.0,c022,1.305434226989746,-1.3819503784179688
style,-4.0,c056,-0.11924934387207031,-0.8533859252929688
style,-4.0,c029,-2.9999961853027344,-1.2499971389770508
style,-4.0,c025,-1.8153400421142578,-1.0653905868530273
style,-4.0,c000,0.862518310546875,-2.0736875534057617
style,-4.0,c036,-0.7599811553955078,-1.5095281600952148
style,-4.0,c020,6.372824668884277,-2.7518625259399414
style,-4.0,c011,2.3121118545532227,-2.1253042221069336
style,-4.0,c003,0.18386363983154297,-1.7535419464111328
style,-4.0,c045,5.685494422912598,-2.0017309188842773
style,-4.0,c046,-2.2069740295410156,-1.2081680297851562
style,-4.0,c044,7.49537467956543,-2.565763473510742
style,-4.0,c008,-3.749998092651367,-2.624998092651367
style,-4.0,c049,5.249973297119141,0.8749771118164062
style,-4.0,c013,8.310831069946289,-1.8762874603271484
style,-4.0,c042,1.7471094131469727,-2.127865791320801
style,-4.0,c009,-2.5013885498046875,-1.9388294219970703
style,-4.0,c047,-1.5698261260986328,-2.5069379806518555
style,-4.0,c050,-0.5752878189086914,-1.7618169784545898
style,-4.0,c043,-0.049381256103515625,-0.7992277145385742
style,-4.0,c016,0.4362316131591797,-2.0637073516845703
style,-4.0,c014,0.062412261962890625,-1.7500762939453125
style,-4.0,c041,-3.889531135559082,-1.2019529342651367
style,-4.0,c006,-0.32822227478027344,-1.640089988708496
style,-4.0,c039,-3.561389923095703,-1.4990835189819336
style,-4.0,c017,1.0618200302124023,-2.3755226135253906
style,-4.0,c058,-0.3124971389770508,-0.6250009536743164
style,-4.0,c002,0.3119802474975586,-2.063002586364746
style,-4.0,c024,-0.5707712173461914,-1.4454898834228516
style,-4.0,c023,-0.3751821517944336,-2.2501726150512695
style,-4.0,c022,-0.8770694732666016,-1.0020751953125
style,-4.0,c056,0.2458171844482422,-1.376206398010254
style,4.0,c041,2.8125200271606445,0.6252069473266602
style,4.0,c006,3.18734073638916,0.7503423690795898
style,4.0,c039,2.6875057220458984,1.375
style,4.0,c017,4.687407493591309,-0.3125638961791992
style,4.0,c058,3.312498092651367,2.687498092651367
style,4.0,c002,2.187527656555176,0.7500429153442383
style,4.0,c024,1.499983787536621,1.437565803527832
style,4.0,c023,3.5625152587890625,1.1876907348632812
style,4.0,c022,3.562459945678711,0.8750753402709961
style,4.0,c056,1.5619916915893555,0.827855110168457
style,4.0,c029,-0.7499933242797852,1.0000057220458984
style,4.0,c025,0.6876707077026367,1.4376201629638672
style,4.0,c000,3.0000429153442383,0.06383705139160156
style,4.0,c036,1.2499799728393555,0.5004329681396484
style,4.0,c020,9.748977661132812,0.6242904663085938
style,4.0,c011,4.062444686889648,-0.3749713897705078
style,4.0,c003,1.9375591278076172,0.00015354156494140625
style,4.0,c045,7.9366455078125,0.249420166015625
style,4.0,c046,1.5639715194702148,2.562777519226074
style,4.0,c044,9.873891830444336,-0.18724632263183594
style,4.0,c008,0.3125,1.4375
style,4.0,c049,4.312498092651367,-0.06249809265136719
style,4.0,c013,8.874103546142578,-1.3130149841308594
style,4.0,c042,4.312448501586914,0.4374732971191406
style,4.0,c009,1.499959945678711,2.062519073486328
style,4.0,c047,2.9989242553710938,2.061812400817871
style,4.0,c050,1.874781608581543,0.6882524490356445
style,4.0,c043,1.8751211166381836,1.125274658203125
style,4.0,c016,3.562464714050293,1.062525749206543
style,4.0,c014,3.2499284744262695,1.4374399185180664
style,4.0,c041,-0.6874885559082031,2.000089645385742
style,4.0,c006,1.6871109008789062,0.3752431869506836
style,4.0,c039,-1.0621862411499023,1.0001201629638672
style,4.0,c017,4.562448501586914,1.125105857849121
style,4.0,c058,0.8750009536743164,0.5624971389770508
style,4.0,c002,3.250006675720215,0.8750238418579102
style,4.0,c024,2.4372434616088867,1.5625247955322266
style,4.0,c023,3.4999284744262695,1.6249380111694336
style,4.0,c022,1.0625534057617188,0.9375476837158203
style,4.0,c056,3.1248912811279297,1.5028676986694336
d_perp_style,-1.0,c041,1.8748722076416016,-0.3124408721923828
d_perp_style,-1.0,c006,1.4370307922363281,-0.9999675750732422
d_perp_style,-1.0,c039,0.7500066757202148,-0.5624990463256836
d_perp_style,-1.0,c017,4.499948501586914,-0.5000228881835938
d_perp_style,-1.0,c058,-0.25,-0.875
d_perp_style,-1.0,c002,0.9374971389770508,-0.4999876022338867
d_perp_style,-1.0,c024,-0.2500629425048828,-0.3124809265136719
d_perp_style,-1.0,c023,1.3123016357421875,-1.0625228881835938
d_perp_style,-1.0,c022,2.2498912811279297,-0.43749332427978516
d_perp_style,-1.0,c056,-0.0032873153686523438,-0.7374238967895508
d_perp_style,-1.0,c029,-2.624993324279785,-0.8749942779541016
d_perp_style,-1.0,c025,-0.7499008178710938,4.863739013671875e-05
d_perp_style,-1.0,c000,1.9366865158081055,-0.9995193481445312
d_perp_style,-1.0,c036,-0.31279754638671875,-1.0623445510864258
d_perp_style,-1.0,c020,7.999858856201172,-1.1248283386230469
d_perp_style,-1.0,c011,3.624985694885254,-0.8124303817749023
d_perp_style,-1.0,c003,1.0624923706054688,-0.874913215637207
d_perp_style,-1.0,c045,7.06230354309082,-0.6249217987060547
d_perp_style,-1.0,c046,-0.9988946914672852,-8.869171142578125e-05
d_perp_style,-1.0,c044,8.623839378356934,-1.4372987747192383
d_perp_style,-1.0,c008,-2.25,-1.125
d_perp_style,-1.0,c049,3.374998092651367,-0.9999980926513672
d_perp_style,-1.0,c013,9.062278747558594,-1.1248397827148438
d_perp_style,-1.0,c042,2.9374752044677734,-0.9375
d_perp_style,-1.0,c009,-1.1875429153442383,-0.6249837875366211
d_perp_style,-1.0,c047,0.062015533447265625,-0.875096321105957
d_perp_style,-1.0,c050,0.43703460693359375,-0.7494945526123047
d_perp_style,-1.0,c043,-0.12505340576171875,-0.8748998641967773
d_perp_style,-1.0,c016,1.3749923706054688,-1.1249465942382812
d_perp_style,-1.0,c014,1.3749961853027344,-0.43749237060546875
d_perp_style,-1.0,c041,-3.125009536743164,-0.43743133544921875
d_perp_style,-1.0,c006,0.624755859375,-0.6871118545532227
d_perp_style,-1.0,c039,-3.0622730255126953,-0.9999666213989258
d_perp_style,-1.0,c017,2.6874685287475586,-0.7498741149902344
d_perp_style,-1.0,c058,-0.7499980926513672,-1.0625019073486328
d_perp_style,-1.0,c002,1.6874780654907227,-0.687504768371582
d_perp_style,-1.0,c024,0.37474918365478516,-0.499969482421875
d_perp_style,-1.0,c023,1.1874876022338867,-0.6875028610229492
d_perp_style,-1.0,c022,-0.3125143051147461,-0.43752002716064453
d_perp_style,-1.0,c056,1.0612688064575195,-0.5607547760009766
d_perp_style,1.0,c041,2.999532699584961,0.8122196197509766
d_perp_style,1.0,c006,2.311908721923828,-0.1250896453857422
d_perp_style,1.0,c039,2.437497138977051,1.1249914169311523
d_perp_style,1.0,c017,5.812394142150879,0.8124227523803711
d_perp_style,1.0,c058,1.4375,0.8125
d_perp_style,1.0,c002,2.562495231628418,1.1250104904174805
d_perp_style,1.0,c024,0.8123655319213867,0.7499475479125977
d_perp_style,1.0,c023,3.312288284301758,0.9374637603759766
d_perp_style,1.0,c022,3.6249217987060547,0.9375371932983398
d_perp_style,1.0,c056,1.367462158203125,0.6333255767822266
d_perp_style,1.0,c029,-0.9999980926513672,0.7500009536743164
d_perp_style,1.0,c025,-0.25002193450927734,0.4999275207519531
d_perp_style,1.0,c000,3.623866081237793,0.6876602172851562
d_perp_style,1.0,c036,1.686873435974121,0.9373264312744141
d_perp_style,1.0,c020,9.937111854553223,0.8124246597290039
d_perp_style,1.0,c011,5.562311172485352,1.1248950958251953
d_perp_style,1.0,c003,2.9374237060546875,1.0000181198120117
d_perp_style,1.0,c045,8.561273574829102,0.8740482330322266
d_perp_style,1.0,c046,-0.187408447265625,0.8113975524902344
d_perp_style,1.0,c044,10.622502326965332,0.5613641738891602
d_perp_style,1.0,c008,-0.9375,0.1875
d_perp_style,1.0,c049,5.374996185302734,1.0
d_perp_style,1.0,c013,9.311694145202637,-0.8754243850708008
d_perp_style,1.0,c042,4.3749284744262695,0.4999532699584961
d_perp_style,1.0,c009,1.0622901916503906,1.6248493194580078
d_perp_style,1.0,c047,1.874307632446289,0.9371957778930664
d_perp_style,1.0,c050,1.6244945526123047,0.43796539306640625
d_perp_style,1.0,c043,1.3741035461425781,0.6242570877075195
d_perp_style,1.0,c016,3.062459945678711,0.5625209808349609
d_perp_style,1.0,c014,2.4999942779541016,0.6875057220458984
d_perp_style,1.0,c041,-2.3750438690185547,0.3125343322753906
d_perp_style,1.0,c006,2.373983383178711,1.0621156692504883
d_perp_style,1.0,c039,-0.8124628067016602,1.2498435974121094
d_perp_style,1.0,c017,4.249805450439453,0.8124628067016602
d_perp_style,1.0,c058,1.1250019073486328,0.8124980926513672
d_perp_style,1.0,c002,3.437480926513672,1.0624980926513672
d_perp_style,1.0,c024,1.7491464614868164,0.8744277954101562
d_perp_style,1.0,c023,2.874833106994629,0.999842643737793
d_perp_style,1.0,c022,0.1874980926513672,0.06249237060546875
d_perp_style,1.0,c056,2.309901237487793,0.6878776550292969
d_perp_style,-4.0,c041,-0.25004005432128906,-2.4373531341552734
d_perp_style,-4.0,c006,-0.3752002716064453,-2.8121986389160156
d_perp_style,-4.0,c039,-1.749985694885254,-3.0624914169311523
d_perp_style,-4.0,c017,2.187445640563965,-2.812525749206543
d_perp_style,-4.0,c058,-1.75,-2.375
d_perp_style,-4.0,c002,-0.624995231628418,-2.0624799728393555
d_perp_style,-4.0,c024,-1.2500362396240234,-1.3124542236328125
d_perp_style,-4.0,c023,-0.7500019073486328,-3.124826431274414
d_perp_style,-4.0,c022,-0.062488555908203125,-2.749873161315918
d_perp_style,-4.0,c056,-1.3748865127563477,-2.109023094177246
d_perp_style,-4.0,c029,-4.749998092651367,-2.9999990463256836
d_perp_style,-4.0,c025,-1.6874418258666992,-0.9374923706054688
d_perp_style,-4.0,c000,-0.18755817413330078,-3.1237640380859375
d_perp_style,-4.0,c036,-2.2499876022338867,-2.9995346069335938
d_perp_style,-4.0,c020,6.874890327453613,-2.2497968673706055
d_perp_style,-4.0,c011,0.9999980926513672,-3.437417984008789
d_perp_style,-4.0,c003,-2.124980926513672,-4.062386512756348
d_perp_style,-4.0,c045,4.749899864196777,-2.9373254776000977
d_perp_style,-4.0,c046,-1.8747053146362305,-0.8758993148803711
d_perp_style,-4.0,c044,6.811585426330566,-3.2495527267456055
d_perp_style,-4.0,c008,-4.375,-3.25
d_perp_style,-4.0,c049,0.625,-3.7499961853027344
d_perp_style,-4.0,c013,7.312323570251465,-2.8747949600219727
d_perp_style,-4.0,c042,-2.86102294921875e-05,-3.8750038146972656
d_perp_style,-4.0,c009,-3.8750009536743164,-3.312441825866699
d_perp_style,-4.0,c047,-2.125093460083008,-3.0622053146362305
d_perp_style,-4.0,c050,-0.6876935958862305,-1.874222755432129
d_perp_style,-4.0,c043,-2.0009899139404297,-2.7508363723754883
d_perp_style,-4.0,c016,-0.5,-2.99993896484375
d_perp_style,-4.0,c014,-0.3125114440917969,-2.125
d_perp_style,-4.0,c041,-3.437464714050293,-0.7498865127563477
d_perp_style,-4.0,c006,-1.1250581741333008,-2.4369258880615234
d_perp_style,-4.0,c039,-4.5620269775390625,-2.499720573425293
d_perp_style,-4.0,c017,0.4999847412109375,-2.9373579025268555
d_perp_style,-4.0,c058,-2.749998092651367,-3.062501907348633
d_perp_style,-4.0,c002,-1.4999990463256836,-3.8749818801879883
d_perp_style,-4.0,c024,-1.1250877380371094,-1.9998064041137695
d_perp_style,-4.0,c023,1.33514404296875e-05,-1.8749771118164062
d_perp_style,-4.0,c022,-1.1249370574951172,-1.2499427795410156
d_perp_style,-4.0,c056,-0.6878499984741211,-2.309873580932617
d_perp_style,4.0,c041,3.4371204376220703,1.249807357788086
d_perp_style,4.0,c006,4.12453556060791,1.6875371932983398
d_perp_style,4.0,c039,4.3749895095825195,3.062483787536621
d_perp_style,4.0,c017,7.0624284744262695,2.0624570846557617
d_perp_style,4.0,c058,5.187496185302734,4.562496185302734
d_perp_style,4.0,c002,3.562471389770508,2.1249866485595703
d_perp_style,4.0,c024,2.687373161315918,2.624955177307129
d_perp_style,4.0,c023,4.124530792236328,1.7497062683105469
d_perp_style,4.0,c022,4.749536514282227,2.0621519088745117
d_perp_style,4.0,c056,2.8810243606567383,2.14688777923584
d_perp_style,4.0,c029,0.8125104904174805,2.562509536743164
d_perp_style,4.0,c025,1.1875410079956055,1.937490463256836
d_perp_style,4.0,c000,4.435603141784668,1.4993972778320312
d_perp_style,4.0,c036,3.1241369247436523,2.3745899200439453
d_perp_style,4.0,c020,9.999557495117188,0.8748703002929688
d_perp_style,4.0,c011,6.062215805053711,1.6247997283935547
d_perp_style,4.0,c003,4.812282562255859,2.8748769760131836
d_perp_style,4.0,c045,9.43603229522705,1.7488069534301758
d_perp_style,4.0,c046,1.0002784729003906,1.99908447265625
d_perp_style,4.0,c044,10.810656547546387,0.7495183944702148
d_perp_style,4.0,c008,1.1875,2.3125
d_perp_style,4.0,c049,7.312492370605469,2.9374961853027344
d_perp_style,4.0,c013,10.99760913848877,0.810490608215332
d_perp_style,4.0,c042,5.624355316162109,1.749380111694336
d_perp_style,4.0,c009,3.6247482299804688,4.187307357788086
d_perp_style,4.0,c047,4.560844421386719,3.623732566833496
d_perp_style,4.0,c050,3.1868486404418945,2.000319480895996
d_perp_style,4.0,c043,3.5618228912353516,2.811976432800293
d_perp_style,4.0,c016,4.812292098999023,2.3123531341552734
d_perp_style,4.0,c014,4.49998664855957,2.687498092651367
d_perp_style,4.0,c041,-1.5000314712524414,1.187546730041504
d_perp_style,4.0,c006,3.8119888305664062,2.5001211166381836
d_perp_style,4.0,c039,1.6248960494995117,3.6872024536132812
d_perp_style,4.0,c017,6.374612808227539,2.937270164489746
d_perp_style,4.0,c058,3.750001907348633,3.437498092651367
d_perp_style,4.0,c002,4.312429428100586,1.9374465942382812
d_perp_style,4.0,c024,3.1245927810668945,2.2498741149902344
d_perp_style,4.0,c023,4.562281608581543,2.687291145324707
d_perp_style,4.0,c022,1.687459945678711,1.5624542236328125
d_perp_style,4.0,c056,4.247589111328125,2.625565528869629
style_perp_d,-1.0,c041,2.437140464782715,0.24982738494873047
style_perp_d,-1.0,c006,2.3742408752441406,-0.06275749206542969
style_perp_d,-1.0,c039,1.6250085830688477,0.3125028610229492
style_perp_d,-1.0,c017,5.374917984008789,0.37494659423828125
style_perp_d,-1.0,c058,0.9999980926513672,0.3749980926513672
style_perp_d,-1.0,c002,1.7500019073486328,0.3125171661376953
style_perp_d,-1.0,c024,0.1873760223388672,0.12495803833007812
style_perp_d,-1.0,c023,2.6869754791259766,0.3121509552001953
style_perp_d,-1.0,c022,2.937272071838379,0.24988746643066406
style_perp_d,-1.0,c056,0.5915193557739258,-0.14261722564697266
style_perp_d,-1.0,c029,-1.2499933242797852,0.5000057220458984
style_perp_d,-1.0,c025,-0.3750734329223633,0.3748760223388672
style_perp_d,-1.0,c000,2.811429023742676,-0.12477684020996094
style_perp_d,-1.0,c036,0.7488889694213867,-0.0006580352783203125
style_perp_d,-1.0,c020,9.124695777893066,8.58306884765625e-06
style_perp_d,-1.0,c011,4.874870300292969,0.4374542236328125
style_perp_d,-1.0,c003,2.437410354614258,0.500004768371582
style_perp_d,-1.0,c045,7.936826705932617,0.2496013641357422
style_perp_d,-1.0,c046,-0.4982891082763672,0.5005168914794922
style_perp_d,-1.0,c044,9.810786247253418,-0.2503519058227539
style_perp_d,-1.0,c008,-1.1875,-0.0625
style_perp_d,-1.0,c049,5.062498092651367,0.6875019073486328
style_perp_d,-1.0,c013,10.062019348144531,-0.12509918212890625
style_perp_d,-1.0,c042,3.937368392944336,0.0623931884765625
style_perp_d,-1.0,c009,-0.12508392333984375,0.43747520446777344
style_perp_d,-1.0,c047,0.6241874694824219,-0.3129243850708008
style_perp_d,-1.0,c050,1.374338150024414,0.18780899047851562
style_perp_d,-1.0,c043,0.9370088577270508,0.1871623992919922
style_perp_d,-1.0,c016,2.3749074935913086,-0.1250314712524414
style_perp_d,-1.0,c014,2.187497138977051,0.37500858306884766
style_perp_d,-1.0,c041,-2.7500762939453125,-0.06249809265136719
style_perp_d,-1.0,c006,1.4993410110473633,0.18747329711914062
style_perp_d,-1.0,c039,-1.7499094009399414,0.3123970031738281
style_perp_d,-1.0,c017,3.312358856201172,-0.1249837875366211
style_perp_d,-1.0,c058,0.5,0.18749618530273438
style_perp_d,-1.0,c002,2.749945640563965,0.37496280670166016
style_perp_d,-1.0,c024,1.124058723449707,0.24934005737304688
style_perp_d,-1.0,c023,1.9998197555541992,0.12482929229736328
style_perp_d,-1.0,c022,-0.06251716613769531,-0.18752288818359375
style_perp_d,-1.0,c056,1.9961204528808594,0.3740968704223633
style_perp_d,1.0,c041,2.187405586242676,9.250640869140625e-05
style_perp_d,1.0,c006,2.2496557235717773,-0.18734264373779297
style_perp_d,1.0,c039,1.500004768371582,0.1874990463256836
style_perp_d,1.0,c017,4.87492561340332,-0.1250457763671875
style_perp_d,1.0,c058,0.5624961853027344,-0.06250381469726562
style_perp_d,1.0,c002,1.624995231628418,0.18751049041748047
style_perp_d,1.0,c024,-3.0517578125e-05,-0.06244850158691406
style_perp_d,1.0,c023,1.9998407363891602,-0.3749837875366211
style_perp_d,1.0,c022,2.5623741149902344,-0.12501049041748047
style_perp_d,1.0,c056,0.184844970703125,-0.5492916107177734
style_perp_d,1.0,c029,-2.187493324279785,-0.43749427795410156
style_perp_d,1.0,c025,-0.49980735778808594,0.25014209747314453
style_perp_d,1.0,c000,2.4996213912963867,-0.43658447265625
style_perp_d,1.0,c036,0.37486743927001953,-0.3746795654296875
style_perp_d,1.0,c020,8.687259674072266,-0.4374275207519531
style_perp_d,1.0,c011,4.5624542236328125,0.12503814697265625
style_perp_d,1.0,c003,1.4374628067016602,-0.4999427795410156
style_perp_d,1.0,c045,7.624578475952148,-0.06264686584472656
style_perp_d,1.0,c046,-0.37360572814941406,0.6252002716064453
style_perp_d,1.0,c044,9.24853801727295,-0.8126001358032227
style_perp_d,1.0,c008,-1.375,-0.25
style_perp_d,1.0,c049,3.687498092651367,-0.6874980926513672
style_perp_d,1.0,c013,9.499622344970703,-0.6874961853027344
style_perp_d,1.0,c042,3.5624771118164062,-0.3124980926513672
style_perp_d,1.0,c009,-0.9375362396240234,-0.37497711181640625
style_perp_d,1.0,c047,0.7493791580200195,-0.18773269653320312
style_perp_d,1.0,c050,0.9371538162231445,-0.2493753433227539
style_perp_d,1.0,c043,0.37506675720214844,-0.37477970123291016
style_perp_d,1.0,c016,2.3124961853027344,-0.18744277954101562
style_perp_d,1.0,c014,1.8124885559082031,0.0
style_perp_d,1.0,c041,-2.8125104904174805,-0.12493228912353516
style_perp_d,1.0,c006,1.0620975494384766,-0.2497701644897461
style_perp_d,1.0,c039,-2.374871253967285,-0.3125648498535156
style_perp_d,1.0,c017,3.4374475479125977,0.0001049041748046875
style_perp_d,1.0,c058,-0.125,-0.4375038146972656
style_perp_d,1.0,c002,2.687472343444824,0.31248950958251953
style_perp_d,1.0,c024,1.2499027252197266,0.3751840591430664
style_perp_d,1.0,c023,1.9374523162841797,0.06246185302734375
style_perp_d,1.0,c022,-0.06250667572021484,-0.18751239776611328
style_perp_d,1.0,c056,1.8744707107543945,0.25244712829589844
style_perp_d,-4.0,c041,1.7465496063232422,-0.4407634735107422
style_perp_d,-4.0,c006,1.609208106994629,-0.8277902603149414
style_perp_d,-4.0,c039,1.6874980926513672,0.37499237060546875
style_perp_d,-4.0,c017,4.499790191650391,-0.5001811981201172
style_perp_d,-4.0,c058,2.249990463256836,1.624990463256836
style_perp_d,-4.0,c002,1.3124475479125977,-0.12503719329833984
style_perp_d,-4.0,c024,0.4371051788330078,0.37468719482421875
style_perp_d,-4.0,c023,1.4335269927978516,-0.9412975311279297
style_perp_d,-4.0,c022,2.6226444244384766,-0.06474018096923828
style_perp_d,-4.0,c056,1.4732904434204102,0.7391538619995117
style_perp_d,-4.0,c029,-1.1874961853027344,0.5625028610229492
style_perp_d,-4.0,c025,-0.5634260177612305,0.1865234375
style_perp_d,-4.0,c000,2.4248037338256836,-0.5114021301269531
style_perp_d,-4.0,c036,0.9367141723632812,0.18716716766357422
style_perp_d,-4.0,c020,7.874026298522949,-1.2506608963012695
style_perp_d,-4.0,c011,4.12467098236084,-0.3127450942993164
style_perp_d,-4.0,c003,2.7487869262695312,0.8113813400268555
style_perp_d,-4.0,c045,7.870916366577148,0.18369102478027344
style_perp_d,-4.0,c046,-1.0739240646362305,-0.0751180648803711
style_perp_d,-4.0,c044,9.305793762207031,-0.7553443908691406
style_perp_d,-4.0,c008,-0.9375019073486328,0.1874980926513672
style_perp_d,-4.0,c049,6.937488555908203,2.5624923706054688
style_perp_d,-4.0,c013,9.623099327087402,-0.5640192031860352
style_perp_d,-4.0,c042,3.4357595443725586,-0.43921566009521484
style_perp_d,-4.0,c009,0.24970436096191406,0.8122634887695312
style_perp_d,-4.0,c047,0.9344673156738281,-0.0026445388793945312
style_perp_d,-4.0,c050,0.7476711273193359,-0.4388580322265625
style_perp_d,-4.0,c043,1.5379352569580078,0.7880887985229492
style_perp_d,-4.0,c016,2.0622053146362305,-0.43773365020751953
style_perp_d,-4.0,c014,1.9999771118164062,0.18748855590820312
style_perp_d,-4.0,c041,-3.1898107528686523,-0.502232551574707
style_perp_d,-4.0,c006,1.2469215393066406,-0.06494617462158203
style_perp_d,-4.0,c039,-0.87481689453125,1.1874895095825195
style_perp_d,-4.0,c017,3.1873044967651367,-0.25003814697265625
style_perp_d,-4.0,c058,1.8125,1.4999961853027344
style_perp_d,-4.0,c002,1.8744869232177734,-0.5004959106445312
style_perp_d,-4.0,c024,1.123652458190918,0.2489337921142578
style_perp_d,-4.0,c023,1.4998235702514648,-0.3751668930053711
style_perp_d,-4.0,c022,-0.18788814544677734,-0.3128938674926758
style_perp_d,-4.0,c056,1.718618392944336,0.09659481048583984
style_perp_d,4.0,c041,0.937474250793457,-1.2498388290405273
style_perp_d,4.0,c006,1.374898910522461,-1.0620994567871094
style_perp_d,4.0,c039,0.9374980926513672,-0.37500762939453125
style_perp_d,4.0,c017,2.9999876022338867,-1.999983787536621
style_perp_d,4.0,c058,1.3124923706054688,0.6874923706054688
style_perp_d,4.0,c002,0.12500381469726562,-1.3124809265136719
style_perp_d,4.0,c024,3.0517578125e-05,-0.06238746643066406
style_perp_d,4.0,c023,1.374964714050293,-0.9998598098754883
style_perp_d,4.0,c022,1.5000200271606445,-1.1873645782470703
style_perp_d,4.0,c056,-0.18749237060546875,-0.9216289520263672
style_perp_d,4.0,c029,-2.8125,-1.0625009536743164
style_perp_d,4.0,c025,-0.1874246597290039,0.5625247955322266
style_perp_d,4.0,c000,1.0624942779541016,-1.8737115859985352
style_perp_d,4.0,c036,-0.5624837875366211,-1.3120307922363281
style_perp_d,4.0,c020,8.187324523925781,-0.9373626708984375
style_perp_d,4.0,c011,2.4999847412109375,-1.9374313354492188
style_perp_d,4.0,c003,-0.18750572204589844,-2.124911308288574
style_perp_d,4.0,c045,6.624711036682129,-1.062514305114746
style_perp_d,4.0,c046,-0.49786853790283203,0.5009374618530273
style_perp_d,4.0,c044,8.812105178833008,-1.249032974243164
style_perp_d,4.0,c008,-1.5,-0.375
style_perp_d,4.0,c049,2.8124961853027344,-1.5625
style_perp_d,4.0,c013,8.562201499938965,-1.6249170303344727
style_perp_d,4.0,c042,1.6874980926513672,-2.1874771118164062
style_perp_d,4.0,c009,-0.9374904632568359,-0.37493133544921875
style_perp_d,4.0,c047,0.31243133544921875,-0.6246805191040039
style_perp_d,4.0,c050,0.4999351501464844,-0.6865940093994141
style_perp_d,4.0,c043,-0.3124971389770508,-1.0623435974121094
style_perp_d,4.0,c016,1.3125066757202148,-1.1874322891235352
style_perp_d,4.0,c014,1.4999971389770508,-0.31249141693115234
style_perp_d,4.0,c041,-1.8124799728393555,0.8750982284545898
style_perp_d,4.0,c006,0.18743038177490234,-1.1244373321533203
style_perp_d,4.0,c039,-2.49977970123291,-0.4374732971191406
style_perp_d,4.0,c017,2.187480926513672,-1.249861717224121
style_perp_d,4.0,c058,-0.875,-1.1875038146972656
style_perp_d,4.0,c002,0.8124990463256836,-1.562483787536621
style_perp_d,4.0,c024,0.6876792907714844,-0.18703937530517578
style_perp_d,4.0,c023,1.312556266784668,-0.562434196472168
style_perp_d,4.0,c022,-0.18748188018798828,-0.3124876022338867
style_perp_d,4.0,c056,1.0624971389770508,-0.5595264434814453
style_neutral,-1.0,c041,1.6247882843017578,-0.5625247955322266
style_neutral,-1.0,c006,1.4994916915893555,-0.9375066757202148
style_neutral,-1.0,c039,0.500004768371582,-0.8125009536743164
style_neutral,-1.0,c017,4.249950408935547,-0.7500209808349609
style_neutral,-1.0,c058,-0.5,-1.125
style_neutral,-1.0,c002,0.3124961853027344,-1.1249885559082031
style_neutral,-1.0,c024,-0.9999876022338867,-1.0624055862426758
style_neutral,-1.0,c023,1.0623149871826172,-1.312509536743164
style_neutral,-1.0,c022,2.249807357788086,-0.4375772476196289
style_neutral,-1.0,c056,-0.2638540267944336,-0.997990608215332
style_neutral,-1.0,c029,-2.499998092651367,-0.7499990463256836
style_neutral,-1.0,c025,-1.437429428100586,-0.6874799728393555
style_neutral,-1.0,c000,1.7492647171020508,-1.186941146850586
style_neutral,-1.0,c036,-0.3127326965332031,-1.0622797012329102
style_neutral,-1.0,c020,7.749697685241699,-1.3749895095825195
style_neutral,-1.0,c011,3.624974250793457,-0.8124418258666992
style_neutral,-1.0,c003,0.8749475479125977,-1.0624580383300781
style_neutral,-1.0,c045,7.374882698059082,-0.31234264373779297
style_neutral,-1.0,c046,-1.7493209838867188,-0.7505149841308594
style_neutral,-1.0,c044,9.123497009277344,-0.9376411437988281
style_neutral,-1.0,c008,-2.375,-1.25
style_neutral,-1.0,c049,3.687498092651367,-0.6874980926513672
style_neutral,-1.0,c013,9.624799728393555,-0.5623188018798828
style_neutral,-1.0,c042,2.687480926513672,-1.1874942779541016
style_neutral,-1.0,c009,-1.750056266784668,-1.1874971389770508
style_neutral,-1.0,c047,-0.4376640319824219,-1.3747758865356445
style_neutral,-1.0,c050,0.18700599670410156,-0.9995231628417969
style_neutral,-1.0,c043,-0.12515830993652344,-0.875004768371582
style_neutral,-1.0,c016,1.1249818801879883,-1.3749570846557617
style_neutral,-1.0,c014,1.187490463256836,-0.6249980926513672
style_neutral,-1.0,c041,-3.9374895095825195,-1.2499113082885742
style_neutral,-1.0,c006,0.3748292922973633,-0.9370384216308594
style_neutral,-1.0,c039,-2.9997758865356445,-0.937469482421875
style_neutral,-1.0,c017,2.4999446868896484,-0.9373979568481445
style_neutral,-1.0,c058,-0.6249980926513672,-0.9375019073486328
style_neutral,-1.0,c002,1.1874895095825195,-1.1874933242797852
style_neutral,-1.0,c024,0.24977684020996094,-0.6249418258666992
style_neutral,-1.0,c023,0.8125648498535156,-1.0624256134033203
style_neutral,-1.0,c022,-1.5624885559082031,-1.6874942779541016
style_neutral,-1.0,c056,1.0586605072021484,-0.5633630752563477
style_neutral,1.0,c041,3.249089241027832,1.0617761611938477
style_neutral,1.0,c006,3.3742427825927734,0.9372444152832031
style_neutral,1.0,c039,2.874993324279785,1.5624876022338867
style_neutral,1.0,c017,5.56234073638916,0.5623693466186523
style_neutral,1.0,c058,1.8749961853027344,1.2499961853027344
style_neutral,1.0,c002,2.6874866485595703,1.2500019073486328
style_neutral,1.0,c024,0.9373178482055664,0.8748998641967773
style_neutral,1.0,c023,3.6248626708984375,1.2500381469726562
style_neutral,1.0,c022,3.8123254776000977,1.1249408721923828
style_neutral,1.0,c056,1.1807308197021484,0.44659423828125
style_neutral,1.0,c029,-1.4374980926513672,0.3125009536743164
style_neutral,1.0,c025,0.18759727478027344,0.9375467300415039
style_neutral,1.0,c000,3.873809814453125,0.9376039505004883
style_neutral,1.0,c036,1.374704360961914,0.625157356262207
style_neutral,1.0,c020,9.624635696411133,0.49994850158691406
style_neutral,1.0,c011,4.937412261962891,0.4999961853027344
style_neutral,1.0,c003,2.687429428100586,0.7500238418579102
style_neutral,1.0,c045,8.06169605255127,0.37447071075439453
style_neutral,1.0,c046,0.5631980895996094,1.5620040893554688
style_neutral,1.0,c044,10.497749328613281,0.4366111755371094
style_neutral,1.0,c008,-0.125,1.0
style_neutral,1.0,c049,4.937498092651367,0.5625019073486328
style_neutral,1.0,c013,9.374256134033203,-0.8128623962402344
style_neutral,1.0,c042,4.562384605407715,0.6874094009399414
style_neutral,1.0,c009,0.8749160766601562,1.4374752044677734
style_neutral,1.0,c047,2.2493362426757812,1.3122243881225586
style_neutral,1.0,c050,1.998910903930664,0.8123817443847656
style_neutral,1.0,c043,1.7494373321533203,0.9995908737182617
style_neutral,1.0,c016,3.1874589920043945,0.6875200271606445
style_neutral,1.0,c014,2.7499876022338867,0.9374990463256836
style_neutral,1.0,c041,-1.8125200271606445,0.8750581741333008
style_neutral,1.0,c006,2.1867237091064453,0.8748559951782227
style_neutral,1.0,c039,-1.2498970031738281,0.8124094009399414
style_neutral,1.0,c017,4.374919891357422,0.9375772476196289
style_neutral,1.0,c058,0.8125,0.4999961853027344
style_neutral,1.0,c002,3.7499303817749023,1.3749475479125977
style_neutral,1.0,c024,1.8120613098144531,0.937342643737793
style_neutral,1.0,c023,3.0622920989990234,1.1873016357421875
style_neutral,1.0,c022,1.0000114440917969,0.8750057220458984
style_neutral,1.0,c056,2.747879981994629,1.1258563995361328
style_neutral,-4.0,c041,-1.4375267028808594,-3.6248397827148438
style_neutral,-4.0,c006,-1.9376726150512695,-4.37467098236084
style_neutral,-4.0,c039,-4.437409400939941,-5.74991512298584
style_neutral,-4.0,c017,0.18749427795410156,-4.812477111816406
style_neutral,-4.0,c058,-3.999998092651367,-4.624998092651367
style_neutral,-4.0,c002,-2.1874828338623047,-3.624967575073242
style_neutral,-4.0,c024,-3.187490463256836,-3.249908447265625
style_neutral,-4.0,c023,-3.124985694885254,-5.499810218811035
style_neutral,-4.0,c022,-0.8125076293945312,-3.499892234802246
style_neutral,-4.0,c056,-1.5035018920898438,-2.237638473510742
style_neutral,-4.0,c029,-3.3749961853027344,-1.6249971389770508
style_neutral,-4.0,c025,-3.937392234802246,-3.1874427795410156
style_neutral,-4.0,c000,-0.7504673004150391,-3.686673164367676
style_neutral,-4.0,c036,-3.5624313354492188,-4.311978340148926
style_neutral,-4.0,c020,5.374837875366211,-3.749849319458008
style_neutral,-4.0,c011,-0.06249809265136719,-4.499914169311523
style_neutral,-4.0,c003,-2.4998998641967773,-4.437305450439453
style_neutral,-4.0,c045,4.499997138977051,-3.187228202819824
style_neutral,-4.0,c046,-3.998584747314453,-2.9997787475585938
style_neutral,-4.0,c044,7.0623626708984375,-2.9987754821777344
style_neutral,-4.0,c008,-5.625,-4.5
style_neutral,-4.0,c049,-0.2500038146972656,-4.625
style_neutral,-4.0,c013,8.687472343444824,-1.4996461868286133
style_neutral,-4.0,c042,-1.1875009536743164,-5.06247615814209
style_neutral,-4.0,c009,-6.624945640563965,-6.062386512756348
style_neutral,-4.0,c047,-4.125034332275391,-5.062146186828613
style_neutral,-4.0,c050,-2.9374618530273438,-4.123991012573242
style_neutral,-4.0,c043,-3.562211036682129,-4.3120574951171875
style_neutral,-4.0,c016,-2.6249799728393555,-5.1249189376831055
style_neutral,-4.0,c014,-3.3124923706054688,-5.124980926513672
style_neutral,-4.0,c041,-5.562502861022949,-2.874924659729004
style_neutral,-4.0,c006,-2.8750524520874023,-4.186920166015625
style_neutral,-4.0,c039,-5.93660831451416,-3.8743019104003906
style_neutral,-4.0,c017,-1.3750038146972656,-4.812346458435059
style_neutral,-4.0,c058,-2.999998092651367,-3.312501907348633
style_neutral,-4.0,c002,-2.9374876022338867,-5.312470436096191
style_neutral,-4.0,c024,-2.874997138977051,-3.749715805053711
style_neutral,-4.0,c023,-1.0624809265136719,-2.937471389770508
style_neutral,-4.0,c022,-3.1874961853027344,-3.312501907348633
style_neutral,-4.0,c056,-1.1877822875976562,-2.8098058700561523
style_neutral,4.0,c041,4.873653411865234,2.68634033203125
style_neutral,4.0,c006,5.185288429260254,2.7482900619506836
style_neutral,4.0,c039,4.374973297119141,3.062467575073242
style_neutral,4.0,c017,6.312198638916016,1.3122272491455078
style_neutral,4.0,c058,4.062496185302734,3.4374961853027344
style_neutral,4.0,c002,5.2499847412109375,3.8125
style_neutral,4.0,c024,2.9372358322143555,2.8748178482055664
style_neutral,4.0,c023,4.8741455078125,2.4993209838867188
style_neutral,4.0,c022,4.936115264892578,2.2487306594848633
style_neutral,4.0,c056,3.0501232147216797,2.3159866333007812
style_neutral,4.0,c029,0.6250009536743164,2.375
style_neutral,4.0,c025,2.562350273132324,3.3122997283935547
style_neutral,4.0,c000,4.559229850769043,1.6230239868164062
style_neutral,4.0,c036,2.8739709854125977,2.1244239807128906
style_neutral,4.0,c020,9.749205589294434,0.6245183944702148
style_neutral,4.0,c011,5.4373016357421875,0.9998855590820312
style_neutral,4.0,c003,3.8749008178710938,1.937495231628418
style_neutral,4.0,c045,8.685603141784668,0.998377799987793
style_neutral,4.0,c046,3.4973630905151367,4.496169090270996
style_neutral,4.0,c044,9.872001647949219,-0.18913650512695312
style_neutral,4.0,c008,3.125,4.25
style_neutral,4.0,c049,6.374996185302734,2.0
style_neutral,4.0,c013,8.872028350830078,-1.3150901794433594
style_neutral,4.0,c042,4.811500549316406,0.9365253448486328
style_neutral,4.0,c009,2.874765396118164,3.4373245239257812
style_neutral,4.0,c047,3.685670852661133,2.74855899810791
style_neutral,4.0,c050,3.623293876647949,2.436764717102051
style_neutral,4.0,c043,4.373680114746094,3.623833656311035
style_neutral,4.0,c016,5.437280654907227,2.9373416900634766
style_neutral,4.0,c014,4.437350273132324,2.624861717224121
style_neutral,4.0,c041,1.75,4.437578201293945
style_neutral,4.0,c006,4.184415817260742,2.8725481033325195
style_neutral,4.0,c039,1.3124208450317383,3.374727249145508
style_neutral,4.0,c017,5.061676979064941,1.6243343353271484
style_neutral,4.0,c058,2.937501907348633,2.624998092651367
style_neutral,4.0,c002,4.749713897705078,2.3747310638427734
style_neutral,4.0,c024,3.248746871948242,2.374028205871582
style_neutral,4.0,c023,4.436725616455078,2.561735153198242
style_neutral,4.0,c022,3.2500076293945312,3.125001907348633
style_neutral,4.0,c056,3.9971981048583984,2.3751745223999023
d_perp_style_neutral,-1.0,c041,1.9368886947631836,-0.2504243850708008
d_perp_style_neutral,-1.0,c006,1.7490653991699219,-0.6879329681396484
d_perp_style_neutral,-1.0,c039,1.375004768371582,0.062499046325683594
d_perp_style_neutral,-1.0,c017,4.437416076660156,-0.5625553131103516
d_perp_style_neutral,-1.0,c058,0.12499618530273438,-0.5000038146972656
d_perp_style_neutral,-1.0,c002,1.5625,0.1250152587890625
d_perp_style_neutral,-1.0,c024,-0.12502193450927734,-0.1874399185180664
d_perp_style_neutral,-1.0,c023,1.8746728897094727,-0.5001516342163086
d_perp_style_neutral,-1.0,c022,2.1248722076416016,-0.5625123977661133
d_perp_style_neutral,-1.0,c056,0.17487239837646484,-0.5592641830444336
d_perp_style_neutral,-1.0,c029,-2.4375009536743164,-0.6875019073486328
d_perp_style_neutral,-1.0,c025,-0.8748874664306641,-0.1249380111694336
d_perp_style_neutral,-1.0,c000,1.81170654296875,-1.1244993209838867
d_perp_style_neutral,-1.0,c036,0.062333106994628906,-0.6872138977050781
d_perp_style_neutral,-1.0,c020,8.06215763092041,-1.0625295639038086
d_perp_style_neutral,-1.0,c011,3.5624256134033203,-0.8749904632568359
d_perp_style_neutral,-1.0,c003,1.5624418258666992,-0.37496376037597656
d_perp_style_neutral,-1.0,c045,6.874678611755371,-0.8125467300415039
d_perp_style_neutral,-1.0,c046,-1.0612688064575195,-0.062462806701660156
d_perp_style_neutral,-1.0,c044,9.1214599609375,-0.9396781921386719
d_perp_style_neutral,-1.0,c008,-1.6250019073486328,-0.5000019073486328
d_perp_style_neutral,-1.0,c049,3.812498092651367,-0.5624980926513672
d_perp_style_neutral,-1.0,c013,9.624626159667969,-0.5624923706054688
d_perp_style_neutral,-1.0,c042,3.1249589920043945,-0.7500162124633789
d_perp_style_neutral,-1.0,c009,-1.0625810623168945,-0.5000219345092773
d_perp_style_neutral,-1.0,c047,0.12462139129638672,-0.8124904632568359
d_perp_style_neutral,-1.0,c050,0.8738842010498047,-0.31264495849609375
d_perp_style_neutral,-1.0,c043,0.43740081787109375,-0.31244564056396484
d_perp_style_neutral,-1.0,c016,2.187469482421875,-0.312469482421875
d_perp_style_neutral,-1.0,c014,1.374990463256836,-0.4374980926513672
d_perp_style_neutral,-1.0,c041,-3.000011444091797,-0.31243324279785156
d_perp_style_neutral,-1.0,c006,1.1870059967041016,-0.1248617172241211
d_perp_style_neutral,-1.0,c039,-2.2497472763061523,-0.1874408721923828
d_perp_style_neutral,-1.0,c017,3.0624217987060547,-0.3749208450317383
d_perp_style_neutral,-1.0,c058,-0.5624980926513672,-0.8750019073486328
d_perp_style_neutral,-1.0,c002,2.187455177307129,-0.18752765655517578
d_perp_style_neutral,-1.0,c024,0.43735313415527344,-0.4373655319213867
d_perp_style_neutral,-1.0,c023,1.4374361038208008,-0.43755435943603516
d_perp_style_neutral,-1.0,c022,-0.3124876022338867,-0.43749332427978516
d_perp_style_neutral,-1.0,c056,1.059941291809082,-0.5620822906494141
d_perp_style_neutral,1.0,c041,2.624876022338867,0.4375629425048828
d_perp_style_neutral,1.0,c006,2.937066078186035,0.5000677108764648
d_perp_style_neutral,1.0,c039,2.125001907348633,0.8124961853027344
d_perp_style_neutral,1.0,c017,5.687443733215332,0.6874723434448242
d_perp_style_neutral,1.0,c058,1.8124980926513672,1.1874980926513672
d_perp_style_neutral,1.0,c002,1.8124923706054688,0.37500762939453125
d_perp_style_neutral,1.0,c024,0.3748970031738281,0.31247901916503906
d_perp_style_neutral,1.0,c023,3.0623559951782227,0.6875314712524414
d_perp_style_neutral,1.0,c022,3.374791145324707,0.6874065399169922
d_perp_style_neutral,1.0,c056,1.1773271560668945,0.4431905746459961
d_perp_style_neutral,1.0,c029,-1.1249961853027344,0.6250028610229492
d_perp_style_neutral,1.0,c025,-0.43736839294433594,0.31258106231689453
d_perp_style_neutral,1.0,c000,2.9993743896484375,0.06316852569580078
d_perp_style_neutral,1.0,c036,0.9995670318603516,0.25002002716064453
d_perp_style_neutral,1.0,c020,9.374449729919434,0.24976253509521484
d_perp_style_neutral,1.0,c011,5.249946594238281,0.812530517578125
d_perp_style_neutral,1.0,c003,2.4999685287475586,0.5625629425048828
d_perp_style_neutral,1.0,c045,8.24948501586914,0.5622596740722656
d_perp_style_neutral,1.0,c046,-0.25060176849365234,0.748204231262207
d_perp_style_neutral,1.0,c044,10.373051643371582,0.31191349029541016
d_perp_style_neutral,1.0,c008,-1.1875,-0.0625
d_perp_style_neutral,1.0,c049,4.437496185302734,0.0625
d_perp_style_neutral,1.0,c013,10.249303817749023,0.06218528747558594
d_perp_style_neutral,1.0,c042,4.562404632568359,0.6874294281005859
d_perp_style_neutral,1.0,c009,0.4373903274536133,0.9999494552612305
d_perp_style_neutral,1.0,c047,1.7495307922363281,0.8124189376831055
d_perp_style_neutral,1.0,c050,1.6245546340942383,0.43802547454833984
d_perp_style_neutral,1.0,c043,1.1869220733642578,0.4370756149291992
d_perp_style_neutral,1.0,c016,2.937458038330078,0.4375190734863281
d_perp_style_neutral,1.0,c014,2.6874923706054688,0.8750038146972656
d_perp_style_neutral,1.0,c041,-3.0625171661376953,-0.37493896484375
d_perp_style_neutral,1.0,c006,1.6244659423828125,0.31259822845458984
d_perp_style_neutral,1.0,c039,-1.499847412109375,0.5624589920043945
d_perp_style_neutral,1.0,c017,4.43736457824707,1.0000219345092773
d_perp_style_neutral,1.0,c058,0.75,0.4374961853027344
d_perp_style_neutral,1.0,c002,3.062459945678711,0.6874771118164062
d_perp_style_neutral,1.0,c024,1.9996767044067383,1.1249580383300781
d_perp_style_neutral,1.0,c023,2.7498741149902344,0.8748836517333984
d_perp_style_neutral,1.0,c022,-0.12499427795410156,-0.25
d_perp_style_neutral,1.0,c056,2.6235246658325195,1.0015010833740234
d_perp_style_neutral,-4.0,c041,0.2491922378540039,-1.9381208419799805
d_perp_style_neutral,-4.0,c006,1.2343311309814453,-1.202667236328125
d_perp_style_neutral,-4.0,c039,-1.0622987747192383,-2.3748044967651367
d_perp_style_neutral,-4.0,c017,2.749256134033203,-2.2507152557373047
d_perp_style_neutral,-4.0,c058,-1.6250019073486328,-2.250001907348633
d_perp_style_neutral,-4.0,c002,0.6874942779541016,-0.7499904632568359
d_perp_style_neutral,-4.0,c024,-0.9382591247558594,-1.0006771087646484
d_perp_style_neutral,-4.0,c023,0.4356193542480469,-1.9392051696777344
d_perp_style_neutral,-4.0,c022,1.311126708984375,-1.3762578964233398
d_perp_style_neutral,-4.0,c056,-0.6087837219238281,-1.3429203033447266
d_perp_style_neutral,-4.0,c029,-3.7500009536743164,-2.000001907348633
d_perp_style_neutral,-4.0,c025,-1.1256866455078125,-0.37573719024658203
d_perp_style_neutral,-4.0,c000,1.1820316314697266,-1.7541742324829102
d_perp_style_neutral,-4.0,c036,-1.3138904571533203,-2.0634374618530273
d_perp_style_neutral,-4.0,c020,7.312180519104004,-1.8125066757202148
d_perp_style_neutral,-4.0,c011,2.437342643737793,-2.0000734329223633
d_perp_style_neutral,-4.0,c003,-0.5631294250488281,-2.500535011291504
d_perp_style_neutral,-4.0,c045,5.312089920043945,-2.3751354217529297
d_perp_style_neutral,-4.0,c046,-1.448563575744629,-0.44975757598876953
d_perp_style_neutral,-4.0,c044,7.372078895568848,-2.689059257507324
d_perp_style_neutral,-4.0,c008,-3.499998092651367,-2.374998092651367
d_perp_style_neutral,-4.0,c049,3.249998092651367,-1.1249980926513672
d_perp_style_neutral,-4.0,c013,7.498584747314453,-2.6885337829589844
d_perp_style_neutral,-4.0,c042,1.4994354248046875,-2.375539779663086
d_perp_style_neutral,-4.0,c009,-2.6251916885375977,-2.0626325607299805
d_perp_style_neutral,-4.0,c047,-1.0632495880126953,-2.000361442565918
d_perp_style_neutral,-4.0,c050,-0.011484146118164062,-1.1980133056640625
d_perp_style_neutral,-4.0,c043,-0.8223304748535156,-1.5721769332885742
d_perp_style_neutral,-4.0,c016,0.3124713897705078,-2.187467575073242
d_perp_style_neutral,-4.0,c014,0.18741607666015625,-1.6250724792480469
d_perp_style_neutral,-4.0,c041,-2.43856143951416,0.24901676177978516
d_perp_style_neutral,-4.0,c006,0.18193626403808594,-1.1299314498901367
d_perp_style_neutral,-4.0,c039,-3.624521255493164,-1.5622148513793945
d_perp_style_neutral,-4.0,c017,0.9998197555541992,-2.4375228881835938
d_perp_style_neutral,-4.0,c058,-1.75,-2.0625038146972656
d_perp_style_neutral,-4.0,c002,0.4999113082885742,-1.8750715255737305
d_perp_style_neutral,-4.0,c024,-0.5632076263427734,-1.4379262924194336
d_perp_style_neutral,-4.0,c023,0.4993124008178711,-1.3756780624389648
d_perp_style_neutral,-4.0,c022,-0.2508726119995117,-0.37587833404541016
d_perp_style_neutral,-4.0,c056,0.2328481674194336,-1.3891754150390625
d_perp_style_neutral,4.0,c041,3.687453269958496,1.5001401901245117
d_perp_style_neutral,4.0,c006,3.4998292922973633,1.062830924987793
d_perp_style_neutral,4.0,c039,2.9375038146972656,1.6249980926513672
d_perp_style_neutral,4.0,c017,6.99997615814209,2.000004768371582
d_perp_style_neutral,4.0,c058,4.249998092651367,3.624998092651367
d_perp_style_neutral,4.0,c002,3.3124961853027344,1.8750114440917969
d_perp_style_neutral,4.0,c024,1.9374322891235352,1.875014305114746
d_perp_style_neutral,4.0,c023,4.249941825866699,1.875117301940918
d_perp_style_neutral,4.0,c022,4.312431335449219,1.625046730041504
d_perp_style_neutral,4.0,c056,2.4991207122802734,1.764984130859375
d_perp_style_neutral,4.0,c029,0.5000066757202148,2.2500057220458984
d_perp_style_neutral,4.0,c025,0.562530517578125,1.3124799728393555
d_perp_style_neutral,4.0,c000,4.312206268310547,1.3760004043579102
d_perp_style_neutral,4.0,c036,2.3747615814208984,1.6252145767211914
d_perp_style_neutral,4.0,c020,10.874137878417969,1.74945068359375
d_perp_style_neutral,4.0,c011,6.124890327453613,1.687474250793457
d_perp_style_neutral,4.0,c003,3.8749914169311523,1.9375858306884766
d_perp_style_neutral,4.0,c045,9.686599731445312,1.9993743896484375
d_perp_style_neutral,4.0,c046,1.250035285949707,2.2488412857055664
d_perp_style_neutral,4.0,c044,11.623167037963867,1.5620288848876953
d_perp_style_neutral,4.0,c008,-0.4375,0.6875
d_perp_style_neutral,4.0,c049,5.249994277954102,0.8749980926513672
d_perp_style_neutral,4.0,c013,10.561637878417969,0.37451934814453125
d_perp_style_neutral,4.0,c042,5.437434196472168,1.5624589920043945
d_perp_style_neutral,4.0,c009,2.624749183654785,3.1873083114624023
d_perp_style_neutral,4.0,c047,3.8121442794799805,2.875032424926758
d_perp_style_neutral,4.0,c050,3.124823570251465,1.9382944107055664
d_perp_style_neutral,4.0,c043,1.8125219345092773,1.0626754760742188
d_perp_style_neutral,4.0,c016,4.437456130981445,1.9375171661376953
d_perp_style_neutral,4.0,c014,4.000036239624023,2.1875476837158203
d_perp_style_neutral,4.0,c041,-1.8124895095825195,0.8750886917114258
d_perp_style_neutral,4.0,c006,2.9373531341552734,1.6254854202270508
d_perp_style_neutral,4.0,c039,0.5000820159912109,2.5623884201049805
d_perp_style_neutral,4.0,c017,5.874855995178223,2.4375133514404297
d_perp_style_neutral,4.0,c058,3.0000038146972656,2.6875
d_perp_style_neutral,4.0,c002,3.812528610229492,1.4375457763671875
d_perp_style_neutral,4.0,c024,3.6874046325683594,2.812685966491699
d_perp_style_neutral,4.0,c023,5.124852180480957,3.249861717224121
d_perp_style_neutral,4.0,c022,1.0,0.8749942779541016
d_perp_style_neutral,4.0,c056,4.124655723571777,2.5026321411132812
random_0,-1.0,c041,1.8122186660766602,-0.3750944137573242
random_0,-1.0,c006,1.9366388320922852,-0.5003595352172852
random_0,-1.0,c039,1.7500038146972656,0.4374980926513672
random_0,-1.0,c017,4.562424659729004,-0.4375467300415039
random_0,-1.0,c058,0.1874980926513672,-0.4375019073486328
random_0,-1.0,c002,1.624995231628418,0.18751049041748047
random_0,-1.0,c024,-0.5625,-0.6249179840087891
random_0,-1.0,c023,1.5623493194580078,-0.8124752044677734
random_0,-1.0,c022,2.6249141693115234,-0.062470436096191406
random_0,-1.0,c056,0.17778778076171875,-0.5563488006591797
random_0,-1.0,c029,-2.062493324279785,-0.31249427795410156
random_0,-1.0,c025,-0.8122377395629883,-0.06228828430175781
random_0,-1.0,c000,2.186859130859375,-0.7493467330932617
random_0,-1.0,c036,0.1871204376220703,-0.5624265670776367
random_0,-1.0,c020,7.937270164489746,-1.1874170303344727
random_0,-1.0,c011,3.9374465942382812,-0.499969482421875
random_0,-1.0,c003,1.8123741149902344,-0.1250314712524414
random_0,-1.0,c045,6.874721527099609,-0.8125038146972656
random_0,-1.0,c046,-1.1871490478515625,-0.18834304809570312
random_0,-1.0,c044,8.748861312866211,-1.312276840209961
random_0,-1.0,c008,-0.875,0.25
random_0,-1.0,c049,3.6249961853027344,-0.75
random_0,-1.0,c013,8.93702507019043,-1.2500934600830078
random_0,-1.0,c042,3.4374332427978516,-0.4375419616699219
random_0,-1.0,c009,-0.37509632110595703,0.18746280670166016
random_0,-1.0,c047,0.49897098541259766,-0.438140869140625
random_0,-1.0,c050,0.4995756149291992,-0.6869535446166992
random_0,-1.0,c043,0.3742656707763672,-0.3755807876586914
random_0,-1.0,c016,2.3124256134033203,-0.1875133514404297
random_0,-1.0,c014,1.1874876022338867,-0.6250009536743164
random_0,-1.0,c041,-2.562506675720215,0.12507152557373047
random_0,-1.0,c006,0.5618562698364258,-0.7500114440917969
random_0,-1.0,c039,-2.3746423721313477,-0.3123359680175781
random_0,-1.0,c017,3.0623226165771484,-0.37502002716064453
random_0,-1.0,c058,0.2500019073486328,-0.06250190734863281
random_0,-1.0,c002,2.499967575073242,0.1249847412109375
random_0,-1.0,c024,0.24976825714111328,-0.6249504089355469
random_0,-1.0,c023,1.2499322891235352,-0.6250581741333008
random_0,-1.0,c022,-0.4374990463256836,-0.562504768371582
random_0,-1.0,c056,1.6841859817504883,0.06216239929199219
random_0,1.0,c041,3.0622472763061523,0.874934196472168
random_0,1.0,c006,3.1870622634887695,0.7500638961791992
random_0,1.0,c039,1.3750028610229492,0.06249713897705078
random_0,1.0,c017,5.749919891357422,0.7499485015869141
random_0,1.0,c058,1.3124980926513672,0.6874980926513672
random_0,1.0,c002,1.9375019073486328,0.5000171661376953
random_0,1.0,c024,0.43747425079345703,0.37505626678466797
random_0,1.0,c023,3.5620765686035156,1.1872520446777344
random_0,1.0,c022,3.1872997283935547,0.49991512298583984
random_0,1.0,c056,1.1000900268554688,0.3659534454345703
random_0,1.0,c029,-1.5624980926513672,0.1875009536743164
random_0,1.0,c025,-0.37491512298583984,0.3750343322753906
random_0,1.0,c000,3.811410903930664,0.8752050399780273
random_0,1.0,c036,0.6247158050537109,-0.1248311996459961
random_0,1.0,c020,10.187252044677734,1.0625648498535156
random_0,1.0,c011,5.437461853027344,1.0000457763671875
random_0,1.0,c003,1.937408447265625,2.86102294921875e-06
random_0,1.0,c045,8.812297821044922,1.1250724792480469
random_0,1.0,c046,-0.7488861083984375,0.24991989135742188
random_0,1.0,c044,11.060929298400879,0.999791145324707
random_0,1.0,c008,-1.1875,-0.0625
random_0,1.0,c049,5.187496185302734,0.8125
random_0,1.0,c013,11.124622344970703,0.9375038146972656
random_0,1.0,c042,4.062463760375977,0.18748855590820312
random_0,1.0,c009,-0.43754005432128906,0.12501907348632812
random_0,1.0,c047,1.4993886947631836,0.5622768402099609
random_0,1.0,c050,2.0618515014648438,0.8753223419189453
random_0,1.0,c043,1.3748407363891602,0.6249942779541016
random_0,1.0,c016,2.624958038330078,0.12501907348632812
random_0,1.0,c014,2.437498092651367,0.6250095367431641
random_0,1.0,c041,-2.5625009536743164,0.1250772476196289
random_0,1.0,c006,1.5623140335083008,0.2504463195800781
random_0,1.0,c039,-1.999894142150879,0.062412261962890625
random_0,1.0,c017,3.999927520751953,0.5625848770141602
random_0,1.0,c058,0.8125,0.4999961853027344
random_0,1.0,c002,3.43746280670166,1.0624799728393555
random_0,1.0,c024,2.062129020690918,1.1874103546142578
random_0,1.0,c023,2.49991512298584,0.6249246597290039
random_0,1.0,c022,0.06254100799560547,-0.06246471405029297
random_0,1.0,c056,2.1868038177490234,0.5647802352905273
random_0,-4.0,c041,1.499903678894043,-0.6874094009399414
random_0,-4.0,c006,1.6247282028198242,-0.8122701644897461
random_0,-4.0,c039,1.6250524520874023,0.3125467300415039
random_0,-4.0,c017,3.2499513626098633,-1.7500200271606445
random_0,-4.0,c058,-0.18750667572021484,-0.8125066757202148
random_0,-4.0,c002,1.3125038146972656,-0.12498092651367188
random_0,-4.0,c024,-0.4374370574951172,-0.49985504150390625
random_0,-4.0,c023,0.43726253509521484,-1.9375619888305664
random_0,-4.0,c022,1.8123998641967773,-0.8749847412109375
random_0,-4.0,c056,-0.37406158447265625,-1.1081981658935547
random_0,-4.0,c029,-1.812495231628418,-0.062496185302734375
random_0,-4.0,c025,-0.6235933303833008,0.1263561248779297
random_0,-4.0,c000,1.6244850158691406,-1.311720848083496
random_0,-4.0,c036,-0.18740367889404297,-0.93695068359375
random_0,-4.0,c020,6.062191963195801,-3.062495231628418
random_0,-4.0,c011,2.499850273132324,-1.937565803527832
random_0,-4.0,c003,1.4999380111694336,-0.4374675750732422
random_0,-4.0,c045,4.811279296875,-2.875946044921875
random_0,-4.0,c046,-1.312495231628418,-0.3136892318725586
random_0,-4.0,c044,6.5619659423828125,-3.4991722106933594
random_0,-4.0,c008,-0.5624980926513672,0.5625019073486328
random_0,-4.0,c049,1.8749923706054688,-2.5000038146972656
random_0,-4.0,c013,6.249587059020996,-3.9375314712524414
random_0,-4.0,c042,2.8125009536743164,-1.062474250793457
random_0,-4.0,c009,-0.06283378601074219,0.499725341796875
random_0,-4.0,c047,0.12407588958740234,-0.8130359649658203
random_0,-4.0,c050,-0.00026416778564453125,-1.186793327331543
random_0,-4.0,c043,-0.6277809143066406,-1.3776273727416992
random_0,-4.0,c016,1.9999799728393555,-0.49995899200439453
random_0,-4.0,c014,0.18748188018798828,-1.6250066757202148
random_0,-4.0,c041,-1.8748016357421875,0.8127765655517578
random_0,-4.0,c006,0.31206512451171875,-0.9998025894165039
random_0,-4.0,c039,-1.8743467330932617,0.1879596710205078
random_0,-4.0,c017,2.4996871948242188,-0.9376554489135742
random_0,-4.0,c058,3.814697265625e-06,-0.3125
random_0,-4.0,c002,0.8124980926513672,-1.5624847412109375
random_0,-4.0,c024,-0.12405967712402344,-0.9987783432006836
random_0,-4.0,c023,0.5624265670776367,-1.3125638961791992
random_0,-4.0,c022,-0.5624513626098633,-0.6874570846557617
random_0,-4.0,c056,1.6834793090820312,0.061455726623535156
random_0,4.0,c041,4.437396049499512,2.2500829696655273
random_0,4.0,c006,4.999797821044922,2.5627994537353516
random_0,4.0,c039,1.1875038146972656,-0.1250019073486328
random_0,4.0,c017,6.874940872192383,1.874969482421875
random_0,4.0,c058,3.25,2.625
random_0,4.0,c002,2.124998092651367,0.6875133514404297
random_0,4.0,c024,1.8749799728393555,1.8125619888305664
random_0,4.0,c023,5.437419891357422,3.0625953674316406
random_0,4.0,c022,4.312472343444824,1.6250877380371094
random_0,4.0,c056,1.807352066040039,1.0732154846191406
random_0,4.0,c029,0.4375,2.1874990463256836
random_0,4.0,c025,0.7500009536743164,1.4999504089355469
random_0,4.0,c000,5.37476921081543,2.438563346862793
random_0,4.0,c036,2.062318801879883,1.3127717971801758
random_0,4.0,c020,11.499930381774902,2.3752431869506836
random_0,4.0,c011,6.624994277954102,2.1875782012939453
random_0,4.0,c003,2.062466621398926,0.12506103515625
random_0,4.0,c045,10.437376976013184,2.7501516342163086
random_0,4.0,c046,1.2511272430419922,2.2499332427978516
random_0,4.0,c044,12.999531745910645,2.9383935928344727
random_0,4.0,c008,-0.125,1.0
random_0,4.0,c049,6.312498092651367,1.9375019073486328
random_0,4.0,c013,12.812357902526855,2.625239372253418
random_0,4.0,c042,4.562453269958496,0.6874780654907227
random_0,4.0,c009,0.37498950958251953,0.9375486373901367
random_0,4.0,c047,2.874897003173828,1.9377851486206055
random_0,4.0,c050,3.749835968017578,2.5633068084716797
random_0,4.0,c043,2.3750181198120117,1.6251716613769531
random_0,4.0,c016,3.3749752044677734,0.8750362396240234
random_0,4.0,c014,4.5625,2.750011444091797
random_0,4.0,c041,-1.8750028610229492,0.8125753402709961
random_0,4.0,c006,3.0624475479125977,1.750579833984375
random_0,4.0,c039,-0.6249828338623047,1.4373235702514648
random_0,4.0,c017,6.62497615814209,3.187633514404297
random_0,4.0,c058,1.1875,0.8749961853027344
random_0,4.0,c002,4.812498092651367,2.4375152587890625
random_0,4.0,c024,3.37485408782959,2.5001354217529297
random_0,4.0,c023,4.749991416931152,2.8750009536743164
random_0,4.0,c022,1.187504768371582,1.0624990463256836
random_0,4.0,c056,2.3749141693115234,0.7528905868530273
random_1,-1.0,c041,2.6873722076416016,0.5000591278076172
random_1,-1.0,c006,2.4372425079345703,0.000244140625
random_1,-1.0,c039,1.6875028610229492,0.3749971389770508
random_1,-1.0,c017,5.437431335449219,0.43745994567871094
random_1,-1.0,c058,1.1874980926513672,0.5624980926513672
random_1,-1.0,c002,2.187495231628418,0.7500104904174805
random_1,-1.0,c024,0.4373893737792969,0.3749713897705078
random_1,-1.0,c023,3.249875068664551,0.8750505447387695
random_1,-1.0,c022,2.9999752044677734,0.3125905990600586
random_1,-1.0,c056,1.2447566986083984,0.5106201171875
random_1,-1.0,c029,-1.0624980926513672,0.6875009536743164
random_1,-1.0,c025,-0.562443733215332,0.18750572204589844
random_1,-1.0,c000,2.87481689453125,-0.06138896942138672
random_1,-1.0,c036,1.1872014999389648,0.4376544952392578
random_1,-1.0,c020,9.062253952026367,-0.06243324279785156
random_1,-1.0,c011,5.062488555908203,0.6250724792480469
random_1,-1.0,c003,2.2499465942382812,0.31254100799560547
random_1,-1.0,c045,7.874387741088867,0.1871623992919922
random_1,-1.0,c046,-0.24957752227783203,0.7492284774780273
random_1,-1.0,c044,9.24945068359375,-0.8116874694824219
random_1,-1.0,c008,-0.125,1.0
random_1,-1.0,c049,3.999998092651367,-0.3749980926513672
random_1,-1.0,c013,10.187320709228516,0.000202178955078125
random_1,-1.0,c042,3.999980926513672,0.12500572204589844
random_1,-1.0,c009,0.06245708465576172,0.6250162124633789
random_1,-1.0,c047,1.2496309280395508,0.3125190734863281
random_1,-1.0,c050,1.562281608581543,0.37575244903564453
random_1,-1.0,c043,0.8749866485595703,0.12514019012451172
random_1,-1.0,c016,2.9374475479125977,0.43750858306884766
random_1,-1.0,c014,2.4999961853027344,0.6875076293945312
random_1,-1.0,c041,-2.7499895095825195,-0.06241130828857422
random_1,-1.0,c006,1.8122920989990234,0.5004243850708008
random_1,-1.0,c039,-1.8748960494995117,0.1874103546142578
random_1,-1.0,c017,3.6874637603759766,0.2501211166381836
random_1,-1.0,c058,0.6875019073486328,0.3749980926513672
random_1,-1.0,c002,2.9374895095825195,0.5625066757202148
random_1,-1.0,c024,1.312448501586914,0.4377298355102539
random_1,-1.0,c023,2.1874399185180664,0.31244945526123047
random_1,-1.0,c022,2.86102294921875e-06,-0.12500286102294922
random_1,-1.0,c056,1.9366827011108398,0.31465911865234375
random_1,1.0,c041,2.0616369247436523,-0.12567615509033203
random_1,1.0,c006,2.1232566833496094,-0.31374168395996094
random_1,1.0,c039,1.1875019073486328,-0.12500381469726562
random_1,1.0,c017,4.999916076660156,-5.53131103515625e-05
random_1,1.0,c058,0.6249980926513672,-1.9073486328125e-06
random_1,1.0,c002,1.1250076293945312,-0.31247711181640625
random_1,1.0,c024,-0.43764305114746094,-0.50006103515625
random_1,1.0,c023,1.8742685317993164,-0.5005559921264648
random_1,1.0,c022,2.4371633529663086,-0.25022125244140625
random_1,1.0,c056,0.21498775482177734,-0.5191488265991211
random_1,1.0,c029,-2.4999942779541016,-0.749995231628418
random_1,1.0,c025,-0.8746366500854492,-0.12468719482421875
random_1,1.0,c000,2.43587589263916,-0.5003299713134766
random_1,1.0,c036,-0.12578201293945312,-0.8753290176391602
random_1,1.0,c020,8.749441146850586,-0.3752460479736328
random_1,1.0,c011,3.624940872192383,-0.8124752044677734
random_1,1.0,c003,1.312509536743164,-0.6248960494995117
random_1,1.0,c045,7.686897277832031,-0.00032806396484375
random_1,1.0,c046,-1.1792669296264648,-0.18046092987060547
random_1,1.0,c044,9.559168815612793,-0.5019693374633789
random_1,1.0,c008,-2.25,-1.125
random_1,1.0,c049,4.562498092651367,0.1875019073486328
random_1,1.0,c013,9.123894691467285,-1.0632238388061523
random_1,1.0,c042,3.437448501586914,-0.4375267028808594
random_1,1.0,c009,-1.0000600814819336,-0.4375009536743164
random_1,1.0,c047,0.43669795989990234,-0.5004138946533203
random_1,1.0,c050,0.6862688064575195,-0.5002603530883789
random_1,1.0,c043,0.7483549118041992,-0.001491546630859375
random_1,1.0,c016,1.9998674392700195,-0.5000715255737305
random_1,1.0,c014,1.249979019165039,-0.5625095367431641
random_1,1.0,c041,-3.125185966491699,-0.4376077651977539
random_1,1.0,c006,0.3113880157470703,-1.0004796981811523
random_1,1.0,c039,-2.624566078186035,-0.5622596740722656
random_1,1.0,c017,3.312382698059082,-0.12495994567871094
random_1,1.0,c058,-0.3749980926513672,-0.6875019073486328
random_1,1.0,c002,1.6873998641967773,-0.6875829696655273
random_1,1.0,c024,0.4996376037597656,-0.37508106231689453
random_1,1.0,c023,1.5624799728393555,-0.31251049041748047
random_1,1.0,c022,-0.4999561309814453,-0.6249618530273438
random_1,1.0,c056,1.5553579330444336,-0.0666656494140625
random_1,-4.0,c041,3.624974250793457,1.4376611709594727
random_1,-4.0,c006,3.437403678894043,1.0004053115844727
random_1,-4.0,c039,3.250004768371582,1.9374990463256836
random_1,-4.0,c017,5.499982833862305,0.5000114440917969
random_1,-4.0,c058,2.1875,1.5625
random_1,-4.0,c002,2.999998092651367,1.5625133514404297
random_1,-4.0,c024,1.4375076293945312,1.3750896453857422
random_1,-4.0,c023,4.562491416931152,2.187666893005371
random_1,-4.0,c022,3.8749961853027344,1.1876115798950195
random_1,-4.0,c056,2.2497425079345703,1.5156059265136719
random_1,-4.0,c029,0.8125057220458984,2.562504768371582
random_1,-4.0,c025,0.8750486373901367,1.6249980926513672
random_1,-4.0,c000,3.249971389770508,0.3137655258178711
random_1,-4.0,c036,1.5624580383300781,0.8129110336303711
random_1,-4.0,c020,8.9999361038208,-0.12475109100341797
random_1,-4.0,c011,5.249992370605469,0.8125762939453125
random_1,-4.0,c003,2.437471389770508,0.500065803527832
random_1,-4.0,c045,7.374884605407715,-0.31234073638916016
random_1,-4.0,c046,0.8750114440917969,1.8738174438476562
random_1,-4.0,c044,9.18746280670166,-0.8736753463745117
random_1,-4.0,c008,0.5625,1.6875
random_1,-4.0,c049,2.812498092651367,-1.5624980926513672
random_1,-4.0,c013,9.687472343444824,-0.4996461868286133
random_1,-4.0,c042,4.499987602233887,0.6250123977661133
random_1,-4.0,c009,0.8124818801879883,1.3750410079956055
random_1,-4.0,c047,2.8124380111694336,1.875326156616211
random_1,-4.0,c050,2.6249828338623047,1.4384536743164062
random_1,-4.0,c043,1.6874761581420898,0.9376296997070312
random_1,-4.0,c016,3.8125,1.31256103515625
random_1,-4.0,c014,3.999988555908203,2.1875
random_1,-4.0,c041,-1.1249971389770508,1.5625810623168945
random_1,-4.0,c006,3.3124752044677734,2.000607490539551
random_1,-4.0,c039,0.12506675720214844,2.187373161315918
random_1,-4.0,c017,4.499980926513672,1.062638282775879
random_1,-4.0,c058,2.0625038146972656,1.75
random_1,-4.0,c002,3.999997138977051,1.625014305114746
random_1,-4.0,c024,2.5000391006469727,1.6253204345703125
random_1,-4.0,c023,3.6874828338623047,1.8124923706054688
random_1,-4.0,c022,1.3124971389770508,1.1874914169311523
random_1,-4.0,c056,2.2499217987060547,0.6278982162475586
random_1,4.0,c041,0.18465900421142578,-2.0026540756225586
random_1,4.0,c006,1.1131267547607422,-1.3238716125488281
random_1,4.0,c039,-0.75,-2.0625057220458984
random_1,4.0,c017,3.5623550415039062,-1.4376163482666016
random_1,4.0,c058,-0.12500381469726562,-0.7500038146972656
random_1,4.0,c002,-0.6874799728393555,-2.124964714050293
random_1,4.0,c024,-1.5626220703125,-1.625040054321289
random_1,4.0,c023,-0.6267604827880859,-3.001585006713867
random_1,4.0,c022,1.2476062774658203,-1.4397783279418945
random_1,4.0,c056,-0.8609733581542969,-1.5951099395751953
random_1,4.0,c029,-5.25,-3.5000009536743164
random_1,4.0,c025,-1.7534427642822266,-1.003493309020996
random_1,4.0,c000,0.6116495132446289,-2.324556350708008
random_1,4.0,c036,-1.817244529724121,-2.566791534423828
random_1,4.0,c020,8.24927043914795,-0.8754167556762695
random_1,4.0,c011,2.31192684173584,-2.1254892349243164
random_1,4.0,c003,-0.6909513473510742,-2.62835693359375
random_1,4.0,c045,7.124344825744629,-0.5628805160522461
random_1,4.0,c046,-2.1308794021606445,-1.1320734024047852
random_1,4.0,c044,8.983763694763184,-1.0773744583129883
random_1,4.0,c008,-5.0,-3.875
random_1,4.0,c049,6.124998092651367,1.7500019073486328
random_1,4.0,c013,8.932351112365723,-1.2547674179077148
random_1,4.0,c042,1.5623083114624023,-2.312666893005371
random_1,4.0,c009,-3.125166893005371,-2.562607765197754
random_1,4.0,c047,-0.45354747772216797,-1.3906593322753906
random_1,4.0,c050,-0.08342838287353516,-1.2699575424194336
random_1,4.0,c043,-1.193903923034668,-1.9437503814697266
random_1,4.0,c016,0.43604373931884766,-2.0638952255249023
random_1,4.0,c014,-0.4999408721923828,-2.312429428100586
random_1,4.0,c041,-4.252511978149414,-1.5649337768554688
random_1,4.0,c006,-1.532210350036621,-2.8440780639648438
random_1,4.0,c039,-3.56229305267334,-1.4999866485595703
random_1,4.0,c017,2.562188148498535,-0.8751544952392578
random_1,4.0,c058,-1.6249980926513672,-1.9375019073486328
random_1,4.0,c002,0.061992645263671875,-2.312990188598633
random_1,4.0,c024,-0.876734733581543,-1.7514533996582031
random_1,4.0,c023,1.3746337890625,-0.5003566741943359
random_1,4.0,c022,-1.5000085830688477,-1.625014305114746
random_1,4.0,c056,0.1258707046508789,-1.4961528778076172
random_2,-1.0,c041,2.3748865127563477,0.18757343292236328
random_2,-1.0,c006,2.3749313354492188,-0.06206703186035156
random_2,-1.0,c039,2.312502861022949,0.9999971389770508
random_2,-1.0,c017,5.062490463256836,0.06251907348632812
random_2,-1.0,c058,0.75,0.125
random_2,-1.0,c002,1.812495231628418,0.37501049041748047
random_2,-1.0,c024,-0.1250448226928711,-0.18746280670166016
random_2,-1.0,c023,2.062483787536621,-0.31234073638916016
random_2,-1.0,c022,2.499995231628418,-0.18738937377929688
random_2,-1.0,c056,0.4962453842163086,-0.23789119720458984
random_2,-1.0,c029,-2.0625,-0.3125009536743164
random_2,-1.0,c025,-0.5624427795410156,0.18750667572021484
random_2,-1.0,c000,2.6247501373291016,-0.31145572662353516
random_2,-1.0,c036,0.2498159408569336,-0.49973106384277344
random_2,-1.0,c020,8.937407493591309,-0.18727970123291016
random_2,-1.0,c011,3.999983787536621,-0.43743228912353516
random_2,-1.0,c003,2.0624523162841797,0.1250467300415039
random_2,-1.0,c045,8.187395095825195,0.5001697540283203
random_2,-1.0,c046,-0.24930858612060547,0.7494974136352539
random_2,-1.0,c044,10.374343872070312,0.3132057189941406
random_2,-1.0,c008,-1.1875,-0.0625
random_2,-1.0,c049,4.624998092651367,0.2500019073486328
random_2,-1.0,c013,10.374892234802246,0.1877737045288086
random_2,-1.0,c042,3.249990463256836,-0.6249847412109375
random_2,-1.0,c009,-0.06252002716064453,0.5000391006469727
random_2,-1.0,c047,0.9998302459716797,0.06271839141845703
random_2,-1.0,c050,1.3748912811279297,0.18836212158203125
random_2,-1.0,c043,0.8122997283935547,0.062453269958496094
random_2,-1.0,c016,2.4374828338623047,-0.06245613098144531
random_2,-1.0,c014,1.3125085830688477,-0.49997997283935547
random_2,-1.0,c041,-2.6875085830688477,6.961822509765625e-05
random_2,-1.0,c006,1.1249313354492188,-0.1869363784790039
random_2,-1.0,c039,-1.6249780654907227,0.4373283386230469
random_2,-1.0,c017,3.562480926513672,0.1251382827758789
random_2,-1.0,c058,0.125,-0.18750381469726562
random_2,-1.0,c002,2.562479019165039,0.18749618530273438
random_2,-1.0,c024,0.6874008178710938,-0.1873178482055664
random_2,-1.0,c023,1.8749723434448242,-1.811981201171875e-05
random_2,-1.0,c022,-0.5,-0.6250057220458984
random_2,-1.0,c056,2.0619564056396484,0.43993282318115234
random_2,1.0,c041,2.4995498657226562,0.3122367858886719
random_2,1.0,c006,2.62351131439209,0.18651294708251953
random_2,1.0,c039,1.4999923706054688,0.1874866485595703
random_2,1.0,c017,5.562404632568359,0.5624332427978516
random_2,1.0,c058,0.9999942779541016,0.37499427795410156
random_2,1.0,c002,1.5624666213989258,0.12498188018798828
random_2,1.0,c024,0.24985313415527344,0.18743515014648438
random_2,1.0,c023,2.74929141998291,0.3744668960571289
random_2,1.0,c022,3.248965263366699,0.5615806579589844
random_2,1.0,c056,0.6033611297607422,-0.13077545166015625
random_2,1.0,c029,-1.4374866485595703,0.3125123977661133
random_2,1.0,c025,-0.6249914169311523,0.12495803833007812
random_2,1.0,c000,2.685439109802246,-0.2507667541503906
random_2,1.0,c036,0.49857616424560547,-0.25097084045410156
random_2,1.0,c020,8.373451232910156,-0.7512359619140625
random_2,1.0,c011,5.124666213989258,0.6872501373291016
random_2,1.0,c003,2.1247854232788086,0.1873798370361328
random_2,1.0,c045,7.873398780822754,0.1861734390258789
random_2,1.0,c046,-0.43749332427978516,0.5613126754760742
random_2,1.0,c044,9.240682601928711,-0.8204555511474609
random_2,1.0,c008,-1.0000019073486328,0.12499809265136719
random_2,1.0,c049,3.9999961853027344,-0.375
random_2,1.0,c013,8.936409950256348,-1.2507085800170898
random_2,1.0,c042,4.124734878540039,0.24975967407226562
random_2,1.0,c009,-0.25018882751464844,0.31237030029296875
random_2,1.0,c047,0.9952640533447266,0.058152198791503906
random_2,1.0,c050,1.2478561401367188,0.06132698059082031
random_2,1.0,c043,1.123941421508789,0.37409496307373047
random_2,1.0,c016,2.437283515930176,-0.06265544891357422
random_2,1.0,c014,2.3124542236328125,0.4999656677246094
random_2,1.0,c041,-2.6876611709594727,-8.296966552734375e-05
random_2,1.0,c006,1.185877799987793,-0.1259899139404297
random_2,1.0,c039,-2.124736785888672,-0.062430381774902344
random_2,1.0,c017,3.7494325637817383,0.3120899200439453
random_2,1.0,c058,0.25,-0.06250381469726562
random_2,1.0,c002,2.312344551086426,-0.0626382827758789
random_2,1.0,c024,1.2485008239746094,0.3737821578979492
random_2,1.0,c023,1.8121414184570312,-0.06284904479980469
random_2,1.0,c022,0.1250009536743164,-4.76837158203125e-06
random_2,1.0,c056,1.6206703186035156,-0.0013532638549804688
random_2,-4.0,c041,1.3125057220458984,-0.8748073577880859
random_2,-4.0,c006,1.9999942779541016,-0.43700408935546875
random_2,-4.0,c039,3.8125,2.4999942779541016
random_2,-4.0,c017,4.437492370605469,-0.5624790191650391
random_2,-4.0,c058,1.75,1.125
random_2,-4.0,c002,2.0625038146972656,0.6250190734863281
random_2,-4.0,c024,0.3749961853027344,0.3125782012939453
random_2,-4.0,c023,1.5625,-0.8123245239257812
random_2,-4.0,c022,2.4374961853027344,-0.24988842010498047
random_2,-4.0,c056,1.1248893737792969,0.39075279235839844
random_2,-4.0,c029,-0.9375,0.8124990463256836
random_2,-4.0,c025,-0.12498188018798828,0.6249675750732422
random_2,-4.0,c000,2.4375009536743164,-0.4987049102783203
random_2,-4.0,c036,-0.5000171661376953,-1.2495641708374023
random_2,-4.0,c020,10.124993324279785,1.0003061294555664
random_2,-4.0,c011,2.4374923706054688,-1.9999237060546875
random_2,-4.0,c003,2.000009536743164,0.06260395050048828
random_2,-4.0,c045,9.437453269958496,1.750227928161621
random_2,-4.0,c046,-0.18739891052246094,0.8114070892333984
random_2,-4.0,c044,11.374939918518066,1.3138017654418945
random_2,-4.0,c008,-0.875,0.25
random_2,-4.0,c049,5.9375,1.5625038146972656
random_2,-4.0,c013,10.624978065490723,0.43785953521728516
random_2,-4.0,c042,2.1875038146972656,-1.6874713897705078
random_2,-4.0,c009,0.6875019073486328,1.25006103515625
random_2,-4.0,c047,1.6874895095825195,0.7503776550292969
random_2,-4.0,c050,1.5000028610229492,0.3134737014770508
random_2,-4.0,c043,0.874995231628418,0.12514877319335938
random_2,-4.0,c016,3.3125038146972656,0.8125648498535156
random_2,-4.0,c014,1.3124980926513672,-0.49999046325683594
random_2,-4.0,c041,-2.8749942779541016,-0.18741607666015625
random_2,-4.0,c006,1.6250066757202148,0.3131389617919922
random_2,-4.0,c039,-0.5624876022338867,1.4998188018798828
random_2,-4.0,c017,3.624998092651367,0.18765544891357422
random_2,-4.0,c058,1.3750019073486328,1.0624980926513672
random_2,-4.0,c002,1.8750076293945312,-0.49997520446777344
random_2,-4.0,c024,0.12499713897705078,-0.7497215270996094
random_2,-4.0,c023,2.0,0.12500953674316406
random_2,-4.0,c022,-1.7499961853027344,-1.8750019073486328
random_2,-4.0,c056,2.9374523162841797,1.3154287338256836
random_2,4.0,c041,3.0561065673828125,0.8687934875488281
random_2,4.0,c006,3.3129568099975586,0.8759584426879883
random_2,4.0,c039,0.6872568130493164,-0.625248908996582
random_2,4.0,c017,5.557747840881348,0.5577764511108398
random_2,4.0,c058,1.8123407363891602,1.1873407363891602
random_2,4.0,c002,1.9977045059204102,0.5602197647094727
random_2,4.0,c024,0.8049325942993164,0.7425146102905273
random_2,4.0,c023,3.991583824157715,1.6167593002319336
random_2,4.0,c022,4.017559051513672,1.330174446105957
random_2,4.0,c056,2.166640281677246,1.4325037002563477
random_2,4.0,c029,-1.125101089477539,0.6248979568481445
random_2,4.0,c025,-0.3191814422607422,0.4307680130004883
random_2,4.0,c000,3.063081741333008,0.1268758773803711
random_2,4.0,c036,1.9338045120239258,1.1842575073242188
random_2,4.0,c020,8.150303840637207,-0.9743833541870117
random_2,4.0,c011,5.728360176086426,1.2909440994262695
random_2,4.0,c003,2.241095542907715,0.30368995666503906
random_2,4.0,c045,6.706935882568359,-0.9802894592285156
random_2,4.0,c046,0.05264759063720703,1.0514535903930664
random_2,4.0,c044,8.580399513244629,-1.480738639831543
random_2,4.0,c008,0.37497711181640625,1.4999771118164062
random_2,4.0,c049,4.687321662902832,0.31232547760009766
random_2,4.0,c013,7.789480209350586,-2.3976383209228516
random_2,4.0,c042,5.289514541625977,1.4145393371582031
random_2,4.0,c009,0.44394874572753906,1.0065078735351562
random_2,4.0,c047,1.7957572937011719,0.8586454391479492
random_2,4.0,c050,2.223050117492676,1.0365209579467773
random_2,4.0,c043,1.7904319763183594,1.0405855178833008
random_2,4.0,c016,3.057784080505371,0.5578451156616211
random_2,4.0,c014,3.4988040924072266,1.6863155364990234
random_2,4.0,c041,-2.4540042877197266,0.23357391357421875
random_2,4.0,c006,2.2050352096557617,0.8931674957275391
random_2,4.0,c039,-1.4350175857543945,0.627288818359375
random_2,4.0,c017,4.670331954956055,1.2329893112182617
random_2,4.0,c058,0.4375,0.12499618530273438
random_2,4.0,c002,4.123316764831543,1.7483339309692383
random_2,4.0,c024,1.599839210510254,0.7251205444335938
random_2,4.0,c023,2.2998743057250977,0.4248838424682617
random_2,4.0,c022,1.1177558898925781,0.9927501678466797
random_2,4.0,c056,1.8838081359863281,0.26178455352783203
random_3,-1.0,c041,2.2497072219848633,0.062394142150878906
random_3,-1.0,c006,2.3122453689575195,-0.12475299835205078
random_3,-1.0,c039,1.8750076293945312,0.5625019073486328
random_3,-1.0,c017,5.374872207641602,0.37490081787109375
random_3,-1.0,c058,-0.1875,-0.8125
random_3,-1.0,c002,1.3125,-0.1249847412109375
random_3,-1.0,c024,0.4373970031738281,0.37497901916503906
random_3,-1.0,c023,2.3123292922973633,-0.06249523162841797
random_3,-1.0,c022,2.9374170303344727,0.2500324249267578
random_3,-1.0,c056,0.18246078491210938,-0.5516757965087891
random_3,-1.0,c029,-1.8124914169311523,-0.06249237060546875
random_3,-1.0,c025,-0.37493324279785156,0.3750162124633789
random_3,-1.0,c000,2.6867055892944336,-0.24950027465820312
random_3,-1.0,c036,0.31176185607910156,-0.43778514862060547
random_3,-1.0,c020,8.437182426452637,-0.687504768371582
random_3,-1.0,c011,4.312469482421875,-0.12494659423828125
random_3,-1.0,c003,1.8123836517333984,-0.12502193450927734
random_3,-1.0,c045,7.124650955200195,-0.5625743865966797
random_3,-1.0,c046,-0.6852798461914062,0.3135261535644531
random_3,-1.0,c044,9.436554908752441,-0.6245832443237305
random_3,-1.0,c008,-1.5625,-0.4375
random_3,-1.0,c049,3.4999961853027344,-0.875
random_3,-1.0,c013,9.312307357788086,-0.8748111724853516
random_3,-1.0,c042,3.749932289123535,-0.12504291534423828
random_3,-1.0,c009,-0.8125619888305664,-0.2500028610229492
random_3,-1.0,c047,0.7485952377319336,-0.18851661682128906
random_3,-1.0,c050,0.9364242553710938,-0.2501049041748047
random_3,-1.0,c043,0.6870822906494141,-0.06276416778564453
random_3,-1.0,c016,2.0625,-0.43743896484375
random_3,-1.0,c014,2.062490463256836,0.2500019073486328
random_3,-1.0,c041,-2.625004768371582,0.06257343292236328
random_3,-1.0,c006,0.9370594024658203,-0.37480831146240234
random_3,-1.0,c039,-2.374858856201172,-0.31255245208740234
random_3,-1.0,c017,3.7497787475585938,0.3124361038208008
random_3,-1.0,c058,0.06250190734863281,-0.2500019073486328
random_3,-1.0,c002,2.5624780654907227,0.18749523162841797
random_3,-1.0,c024,0.8746604919433594,-5.817413330078125e-05
random_3,-1.0,c023,1.9373779296875,0.06238746643066406
random_3,-1.0,c022,-0.31247997283935547,-0.4374856948852539
random_3,-1.0,c056,1.561777114868164,-0.06024646759033203
random_3,1.0,c041,2.4370241165161133,0.2497110366821289
random_3,1.0,c006,2.623981475830078,0.1869831085205078
random_3,1.0,c039,1.8125019073486328,0.4999961853027344
random_3,1.0,c017,5.31248664855957,0.3125152587890625
random_3,1.0,c058,1.2499980926513672,0.6249980926513672
random_3,1.0,c002,2.1249961853027344,0.6875114440917969
random_3,1.0,c024,-0.18766403198242188,-0.25008201599121094
random_3,1.0,c023,2.8747940063476562,0.499969482421875
random_3,1.0,c022,2.999849319458008,0.31246471405029297
random_3,1.0,c056,0.8052206039428711,0.07108402252197266
random_3,1.0,c029,-1.812495231628418,-0.062496185302734375
random_3,1.0,c025,-0.5625028610229492,0.18744659423828125
random_3,1.0,c000,2.686709403991699,-0.2494964599609375
random_3,1.0,c036,0.9369354248046875,0.18738842010498047
random_3,1.0,c020,9.374645233154297,0.24995803833007812
random_3,1.0,c011,4.437442779541016,2.6702880859375e-05
random_3,1.0,c003,1.9999094009399414,0.06250381469726562
random_3,1.0,c045,7.999626159667969,0.31240081787109375
random_3,1.0,c046,-0.6243600845336914,0.37444591522216797
random_3,1.0,c044,10.308387756347656,0.24724960327148438
random_3,1.0,c008,-1.375,-0.25
random_3,1.0,c049,5.312494277954102,0.9374980926513672
random_3,1.0,c013,10.374205589294434,0.1870870590209961
random_3,1.0,c042,3.8124542236328125,-0.06252098083496094
random_3,1.0,c009,-0.12511444091796875,0.43744468688964844
random_3,1.0,c047,1.062230110168457,0.12511825561523438
random_3,1.0,c050,1.311258316040039,0.12472915649414062
random_3,1.0,c043,1.1244077682495117,0.3745613098144531
random_3,1.0,c016,2.624945640563965,0.12500667572021484
random_3,1.0,c014,2.000001907348633,0.1875133514404297
random_3,1.0,c041,-2.75003719329834,-0.06245899200439453
random_3,1.0,c006,1.3119926452636719,0.00012493133544921875
random_3,1.0,c039,-1.624751091003418,0.43755531311035156
random_3,1.0,c017,3.562466621398926,0.1251239776611328
random_3,1.0,c058,0.5000038146972656,0.1875
random_3,1.0,c002,2.74996280670166,0.37497997283935547
random_3,1.0,c024,1.1248245239257812,0.2501058578491211
random_3,1.0,c023,1.874969482421875,-2.09808349609375e-05
random_3,1.0,c022,0.0625009536743164,-0.06250476837158203
random_3,1.0,c056,2.122659683227539,0.500636100769043
random_3,-4.0,c041,1.9999685287475586,-0.18734455108642578
random_3,-4.0,c006,2.1248865127563477,-0.31211185455322266
random_3,-4.0,c039,0.6875104904174805,-0.624995231628418
random_3,-4.0,c017,5.2498884201049805,0.24991703033447266
random_3,-4.0,c058,-0.4374990463256836,-1.0624990463256836
random_3,-4.0,c002,1.3750324249267578,-0.06245231628417969
random_3,-4.0,c024,0.8124494552612305,0.7500314712524414
random_3,-4.0,c023,1.4999818801879883,-0.874842643737793
random_3,-4.0,c022,2.4374561309814453,-0.24992847442626953
random_3,-4.0,c056,0.3707160949707031,-0.3634204864501953
random_3,-4.0,c029,-0.8749914169311523,0.8750076293945312
random_3,-4.0,c025,-0.312225341796875,0.43772411346435547
random_3,-4.0,c000,2.3124608993530273,-0.6237449645996094
random_3,-4.0,c036,-0.25025463104248047,-0.9998016357421875
random_3,-4.0,c020,6.812135696411133,-2.312551498413086
random_3,-4.0,c011,4.187459945678711,-0.2499561309814453
random_3,-4.0,c003,1.5624771118164062,-0.37492847442626953
random_3,-4.0,c045,6.062278747558594,-1.6249465942382812
random_3,-4.0,c046,-0.9370012283325195,0.061804771423339844
random_3,-4.0,c044,7.311938285827637,-2.749199867248535
random_3,-4.0,c008,-1.75,-0.625
random_3,-4.0,c049,2.3125,-2.0624961853027344
random_3,-4.0,c013,8.499550819396973,-1.6875677108764648
random_3,-4.0,c042,3.4364395141601562,-0.4385356903076172
random_3,-4.0,c009,-1.9375104904174805,-1.3749513626098633
random_3,-4.0,c047,1.0610313415527344,0.12391948699951172
random_3,-4.0,c050,-0.00011157989501953125,-1.186640739440918
random_3,-4.0,c043,0.3124723434448242,-0.4373741149902344
random_3,-4.0,c016,1.6250171661376953,-0.8749217987060547
random_3,-4.0,c014,2.500027656555176,0.6875391006469727
random_3,-4.0,c041,-2.000011444091797,0.6875667572021484
random_3,-4.0,c006,0.3748512268066406,-0.937016487121582
random_3,-4.0,c039,-1.8748903274536133,0.18741607666015625
random_3,-4.0,c017,2.749876022338867,-0.6874666213989258
random_3,-4.0,c058,-0.06249427795410156,-0.3749980926513672
random_3,-4.0,c002,1.6250247955322266,-0.7499580383300781
random_3,-4.0,c024,0.749943733215332,-0.12477493286132812
random_3,-4.0,c023,2.4376306533813477,0.5626401901245117
random_3,-4.0,c022,0.3125019073486328,0.18749618530273438
random_3,-4.0,c056,0.6872243881225586,-0.9347991943359375
random_3,4.0,c041,2.312045097351074,0.12473201751708984
random_3,4.0,c006,2.6244430541992188,0.18744468688964844
random_3,4.0,c039,2.187504768371582,0.8749990463256836
random_3,4.0,c017,4.687477111816406,-0.31249427795410156
random_3,4.0,c058,3.374998092651367,2.749998092651367
random_3,4.0,c002,2.624990463256836,1.1875057220458984
random_3,4.0,c024,-0.25003528594970703,-0.3124532699584961
random_3,4.0,c023,2.499940872192383,0.12511634826660156
random_3,4.0,c022,3.624953269958496,0.9375686645507812
random_3,4.0,c056,2.0500030517578125,1.315866470336914
random_3,4.0,c029,-1.8749942779541016,-0.12499523162841797
random_3,4.0,c025,-0.43768310546875,0.31226634979248047
random_3,4.0,c000,2.8121042251586914,-0.12410163879394531
random_3,4.0,c036,0.7496910095214844,0.00014400482177734375
random_3,4.0,c020,10.686615943908691,1.5619287490844727
random_3,4.0,c011,4.31245231628418,-0.12496376037597656
random_3,4.0,c003,1.4374942779541016,-0.4999113082885742
random_3,4.0,c045,9.1240816116333,1.4368562698364258
random_3,4.0,c046,-0.31043052673339844,0.6883754730224609
random_3,4.0,c044,10.747049331665039,0.6859111785888672
random_3,4.0,c008,-1.5,-0.375
random_3,4.0,c049,7.124994277954102,2.749998092651367
random_3,4.0,c013,10.498966217041016,0.3118476867675781
random_3,4.0,c042,3.7499990463256836,-0.12497615814208984
random_3,4.0,c009,0.43747425079345703,1.0000333786010742
random_3,4.0,c047,1.5624885559082031,0.6253767013549805
random_3,4.0,c050,1.4980220794677734,0.311492919921875
random_3,4.0,c043,1.7499723434448242,1.0001258850097656
random_3,4.0,c016,2.062495231628418,-0.43744373321533203
random_3,4.0,c014,2.2500085830688477,0.43752002716064453
random_3,4.0,c041,-2.375284194946289,0.31229400634765625
random_3,4.0,c006,1.9372024536132812,0.6253347396850586
random_3,4.0,c039,-0.9997873306274414,1.0625190734863281
random_3,4.0,c017,4.124998092651367,0.6876554489135742
random_3,4.0,c058,1.2500019073486328,0.9374980926513672
random_3,4.0,c002,2.8124771118164062,0.43749427795410156
random_3,4.0,c024,1.687138557434082,0.8124198913574219
random_3,4.0,c023,2.7499685287475586,0.8749780654907227
random_3,4.0,c022,0.31247997283935547,0.18747425079345703
random_3,4.0,c056,2.7479238510131836,1.1259002685546875
random_4,-1.0,c041,1.8748893737792969,-0.3124237060546875
random_4,-1.0,c006,2.1247854232788086,-0.3122129440307617
random_4,-1.0,c039,1.5000019073486328,0.18749618530273438
random_4,-1.0,c017,4.81242561340332,-0.1875457763671875
random_4,-1.0,c058,0.625,0.0
random_4,-1.0,c002,1.8749914169311523,0.43750667572021484
random_4,-1.0,c024,0.18745040893554688,0.1250324249267578
random_4,-1.0,c023,3.062318801879883,0.6874942779541016
random_4,-1.0,c022,3.2498254776000977,0.5624408721923828
random_4,-1.0,c056,0.7482481002807617,0.014111518859863281
random_4,-1.0,c029,-1.8749980926513672,-0.1249990463256836
random_4,-1.0,c025,-0.4998321533203125,0.25011730194091797
random_4,-1.0,c000,2.9372453689575195,0.0010395050048828125
random_4,-1.0,c036,0.06208229064941406,-0.687464714050293
random_4,-1.0,c020,8.937294960021973,-0.1873922348022461
random_4,-1.0,c011,4.874963760375977,0.4375476837158203
random_4,-1.0,c003,2.1874704360961914,0.2500648498535156
random_4,-1.0,c045,8.499807357788086,0.8125820159912109
random_4,-1.0,c046,-0.4986400604248047,0.5001659393310547
random_4,-1.0,c044,9.498812675476074,-0.5623254776000977
random_4,-1.0,c008,-1.5625,-0.4375
random_4,-1.0,c049,5.374998092651367,1.0000019073486328
random_4,-1.0,c013,9.437051773071289,-0.7500667572021484
random_4,-1.0,c042,4.06245231628418,0.18747711181640625
random_4,-1.0,c009,-0.31253528594970703,0.25002384185791016
random_4,-1.0,c047,0.6871061325073242,-0.25000572204589844
random_4,-1.0,c050,1.3121871948242188,0.1256580352783203
random_4,-1.0,c043,0.9999504089355469,0.2501039505004883
random_4,-1.0,c016,2.4374589920043945,-0.06247997283935547
random_4,-1.0,c014,2.1249942779541016,0.31250572204589844
random_4,-1.0,c041,-3.0000038146972656,-0.3124256134033203
random_4,-1.0,c006,1.3124151229858398,0.0005474090576171875
random_4,-1.0,c039,-2.1249256134033203,-0.06261920928955078
random_4,-1.0,c017,3.1874570846557617,-0.24988555908203125
random_4,-1.0,c058,0.3750019073486328,0.06249809265136719
random_4,-1.0,c002,2.9374618530273438,0.5624790191650391
random_4,-1.0,c024,1.0623779296875,0.18765926361083984
random_4,-1.0,c023,2.4374313354492188,0.5624408721923828
random_4,-1.0,c022,0.31248950958251953,0.1874837875366211
random_4,-1.0,c056,1.8119335174560547,0.1899099349975586
random_4,1.0,c041,2.8116140365600586,0.6243009567260742
random_4,1.0,c006,2.1239023208618164,-0.3130960464477539
random_4,1.0,c039,1.7499980926513672,0.43749237060546875
random_4,1.0,c017,4.937400817871094,-0.06257057189941406
random_4,1.0,c058,0.6249980926513672,-1.9073486328125e-06
random_4,1.0,c002,1.2499961853027344,-0.18748855590820312
random_4,1.0,c024,-0.12505722045898438,-0.18747520446777344
random_4,1.0,c023,1.9371709823608398,-0.4376535415649414
random_4,1.0,c022,2.874424934387207,0.1870403289794922
random_4,1.0,c056,0.16974735260009766,-0.5643892288208008
random_4,1.0,c029,-2.187495231628418,-0.4374961853027344
random_4,1.0,c025,-0.7497072219848633,0.0002422332763671875
random_4,1.0,c000,2.8110227584838867,-0.12518310546875
random_4,1.0,c036,0.7491321563720703,-0.00041484832763671875
random_4,1.0,c020,8.937032699584961,-0.1876544952392578
random_4,1.0,c011,4.562383651733398,0.12496757507324219
random_4,1.0,c003,1.9998016357421875,0.06239604949951172
random_4,1.0,c045,7.623931884765625,-0.06329345703125
random_4,1.0,c046,-0.9366073608398438,0.062198638916015625
random_4,1.0,c044,10.559290885925293,0.4981527328491211
random_4,1.0,c008,-0.6875,0.4375
random_4,1.0,c049,3.937498092651367,-0.4374980926513672
random_4,1.0,c013,9.687026977539062,-0.500091552734375
random_4,1.0,c042,3.8124008178710938,-0.06257438659667969
random_4,1.0,c009,-0.25008392333984375,0.31247520446777344
random_4,1.0,c047,0.9984722137451172,0.06136035919189453
random_4,1.0,c050,0.9365530014038086,-0.24997615814208984
random_4,1.0,c043,0.8116884231567383,0.06184196472167969
random_4,1.0,c016,2.437397003173828,-0.06254196166992188
random_4,1.0,c014,1.6249771118164062,-0.18751144409179688
random_4,1.0,c041,-2.875044822692871,-0.18746662139892578
random_4,1.0,c006,1.2491769790649414,-0.06269073486328125
random_4,1.0,c039,-1.6247282028198242,0.4375782012939453
random_4,1.0,c017,3.812265396118164,0.3749227523803711
random_4,1.0,c058,1.9073486328125e-06,-0.3125019073486328
random_4,1.0,c002,2.124948501586914,-0.2500343322753906
random_4,1.0,c024,0.8116922378540039,-0.06302642822265625
random_4,1.0,c023,1.749887466430664,-0.12510299682617188
random_4,1.0,c022,-0.5000076293945312,-0.6250133514404297
random_4,1.0,c056,1.7424249649047852,0.12040138244628906
random_4,-4.0,c041,1.9375171661376953,-0.24979591369628906
random_4,-4.0,c006,3.062493324279785,0.6254949569702148
random_4,-4.0,c039,1.9375,0.6249942779541016
random_4,-4.0,c017,4.812483787536621,-0.18748760223388672
random_4,-4.0,c058,1.4999980926513672,0.8749980926513672
random_4,-4.0,c002,3.2500057220458984,1.812520980834961
random_4,-4.0,c024,0.625,0.5625820159912109
random_4,-4.0,c023,3.1249494552612305,0.7501249313354492
random_4,-4.0,c022,3.6874847412109375,1.0001001358032227
random_4,-4.0,c056,1.9998016357421875,1.265665054321289
random_4,-4.0,c029,-2.125,-0.3750009536743164
random_4,-4.0,c025,0.31255149841308594,1.0625009536743164
random_4,-4.0,c000,2.8749513626098633,-0.06125450134277344
random_4,-4.0,c036,0.24994182586669922,-0.4996051788330078
random_4,-4.0,c020,9.499911308288574,0.37522411346435547
random_4,-4.0,c011,3.999993324279785,-0.4374227523803711
random_4,-4.0,c003,1.624983787536621,-0.3124217987060547
random_4,-4.0,c045,8.562379837036133,0.8751544952392578
random_4,-4.0,c046,0.5628566741943359,1.5616626739501953
random_4,-4.0,c044,9.874712944030762,-0.18642520904541016
random_4,-4.0,c008,-1.5625,-0.4375
random_4,-4.0,c049,5.937498092651367,1.5625019073486328
random_4,-4.0,c013,10.124890327453613,-0.06222820281982422
random_4,-4.0,c042,3.4999866485595703,-0.3749885559082031
random_4,-4.0,c009,-0.5000028610229492,0.06255626678466797
random_4,-4.0,c047,0.7499866485595703,-0.18712520599365234
random_4,-4.0,c050,1.500004768371582,0.3134756088256836
random_4,-4.0,c043,0.8750743865966797,0.1252279281616211
random_4,-4.0,c016,2.6250057220458984,0.12506675720214844
random_4,-4.0,c014,3.312504768371582,1.500016212463379
random_4,-4.0,c041,-2.437483787536621,0.2500944137573242
random_4,-4.0,c006,2.374958038330078,1.0630903244018555
random_4,-4.0,c039,-2.6249942779541016,-0.562687873840332
random_4,-4.0,c017,2.874990463256836,-0.562352180480957
random_4,-4.0,c058,1.6249980926513672,1.3124942779541016
random_4,-4.0,c002,3.5,1.1250171661376953
random_4,-4.0,c024,2.124983787536621,1.250265121459961
random_4,-4.0,c023,3.0624732971191406,1.1874828338623047
random_4,-4.0,c022,1.3125267028808594,1.187520980834961
random_4,-4.0,c056,1.8750076293945312,0.25298404693603516
random_4,4.0,c041,2.623798370361328,0.43648529052734375
random_4,4.0,c006,1.9316177368164062,-0.5053806304931641
random_4,4.0,c039,2.4999799728393555,1.187474250793457
random_4,4.0,c017,3.7497339248657227,-1.2502374649047852
random_4,4.0,c058,1.4999980926513672,0.8749980926513672
random_4,4.0,c002,0.9998989105224609,-0.43758583068847656
random_4,4.0,c024,-0.0005064010620117188,-0.06292438507080078
random_4,4.0,c023,1.0620269775390625,-1.3127975463867188
random_4,4.0,c022,1.3047246932983398,-1.382659912109375
random_4,4.0,c056,-0.7676162719726562,-1.5017528533935547
random_4,4.0,c029,-1.75,-9.5367431640625e-07
random_4,4.0,c025,-1.2497291564941406,-0.49977970123291016
random_4,4.0,c000,2.177347183227539,-0.7588586807250977
random_4,4.0,c036,0.8082189559936523,0.05867195129394531
random_4,4.0,c020,8.686675071716309,-0.43801212310791016
random_4,4.0,c011,3.5611181259155273,-0.8762979507446289
random_4,4.0,c003,1.3746452331542969,-0.5627603530883789
random_4,4.0,c045,6.93632698059082,-0.7508983612060547
random_4,4.0,c046,-1.1891326904296875,-0.19032669067382812
random_4,4.0,c044,9.1851167678833,-0.8760213851928711
random_4,4.0,c008,-0.06250190734863281,1.0624980926513672
random_4,4.0,c049,3.3124866485595703,-1.062509536743164
random_4,4.0,c013,9.81173038482666,-0.37538814544677734
random_4,4.0,c042,1.9371223449707031,-1.9378528594970703
random_4,4.0,c009,0.24966144561767578,0.812220573425293
random_4,4.0,c047,2.4326705932617188,1.495558738708496
random_4,4.0,c050,0.18535995483398438,-1.001169204711914
random_4,4.0,c043,0.6243610382080078,-0.12548542022705078
random_4,4.0,c016,2.312262535095215,-0.18767642974853516
random_4,4.0,c014,1.4999895095825195,-0.3124990463256836
random_4,4.0,c041,-1.437729835510254,1.2498483657836914
random_4,4.0,c006,1.1223258972167969,-0.18954181671142578
random_4,4.0,c039,-0.5004196166992188,1.5618867874145508
random_4,4.0,c017,3.8115081787109375,0.37416553497314453
random_4,4.0,c058,-0.12499713897705078,-0.4375009536743164
random_4,4.0,c002,0.9372167587280273,-1.4377660751342773
random_4,4.0,c024,0.05751323699951172,-0.8172054290771484
random_4,4.0,c023,0.5623989105224609,-1.312591552734375
random_4,4.0,c022,-0.12523460388183594,-0.2502403259277344
random_4,4.0,c056,0.9033851623535156,-0.7186384201049805
random_5,-1.0,c041,1.6247539520263672,-0.5625591278076172
random_5,-1.0,c006,1.4995908737182617,-0.9374074935913086
random_5,-1.0,c039,1.3749971389770508,0.062491416931152344
random_5,-1.0,c017,4.562444686889648,-0.4375267028808594
random_5,-1.0,c058,-0.1875,-0.8125
random_5,-1.0,c002,0.9999980926513672,-0.4374866485595703
random_5,-1.0,c024,-0.4375743865966797,-0.49999237060546875
random_5,-1.0,c023,0.9999761581420898,-1.3748483657836914
random_5,-1.0,c022,2.499922752380371,-0.18746185302734375
random_5,-1.0,c056,-0.007228851318359375,-0.7413654327392578
random_5,-1.0,c029,-2.6249942779541016,-0.874995231628418
random_5,-1.0,c025,-0.8124847412109375,-0.06253528594970703
random_5,-1.0,c000,2.3120269775390625,-0.6241788864135742
random_5,-1.0,c036,-0.31261634826660156,-1.0621633529663086
random_5,-1.0,c020,8.374873161315918,-0.7498140335083008
random_5,-1.0,c011,3.499959945678711,-0.9374561309814453
random_5,-1.0,c003,1.8749914169311523,-0.06241416931152344
random_5,-1.0,c045,7.624892234802246,-0.062333106994628906
random_5,-1.0,c046,-1.1244430541992188,-0.12563705444335938
random_5,-1.0,c044,9.437044143676758,-0.6240940093994141
random_5,-1.0,c008,-1.625,-0.5
random_5,-1.0,c049,4.499998092651367,0.1250019073486328
random_5,-1.0,c013,9.624894142150879,-0.5622243881225586
random_5,-1.0,c042,3.249979019165039,-0.6249961853027344
random_5,-1.0,c009,-0.7500181198120117,-0.18745899200439453
random_5,-1.0,c047,-0.00029087066650390625,-0.9374027252197266
random_5,-1.0,c050,0.3748455047607422,-0.8116836547851562
random_5,-1.0,c043,0.8750162124633789,0.1251697540283203
random_5,-1.0,c016,1.8124446868896484,-0.6874942779541016
random_5,-1.0,c014,1.437514305114746,-0.37497425079345703
random_5,-1.0,c041,-3.624995231628418,-0.9374170303344727
random_5,-1.0,c006,0.874842643737793,-0.4370250701904297
random_5,-1.0,c039,-2.9373207092285156,-0.8750143051147461
random_5,-1.0,c017,2.9374217987060547,-0.4999208450317383
random_5,-1.0,c058,-0.125,-0.4375038146972656
random_5,-1.0,c002,2.1249828338623047,-0.25
random_5,-1.0,c024,0.6248970031738281,-0.24982166290283203
random_5,-1.0,c023,1.1874666213989258,-0.6875238418579102
random_5,-1.0,c022,-0.4375133514404297,-0.5625190734863281
random_5,-1.0,c056,1.6237401962280273,0.00171661376953125
random_5,1.0,c041,3.499331474304199,1.3120183944702148
random_5,1.0,c006,2.8735218048095703,0.4365234375
random_5,1.0,c039,1.625004768371582,0.3124990463256836
random_5,1.0,c017,5.562434196472168,0.5624628067016602
random_5,1.0,c058,1.6249961853027344,0.9999961853027344
random_5,1.0,c002,1.9999923706054688,0.5625076293945312
random_5,1.0,c024,0.437042236328125,0.37462425231933594
random_5,1.0,c023,3.249545097351074,0.874720573425293
random_5,1.0,c022,3.375051498413086,0.6876668930053711
random_5,1.0,c056,1.0944509506225586,0.36031436920166016
random_5,1.0,c029,-1.2499980926513672,0.5000009536743164
random_5,1.0,c025,-0.3122091293334961,0.4377403259277344
random_5,1.0,c000,3.436189651489258,0.4999837875366211
random_5,1.0,c036,0.9368133544921875,0.18726634979248047
random_5,1.0,c020,9.374180793762207,0.24949359893798828
random_5,1.0,c011,4.999946594238281,0.562530517578125
random_5,1.0,c003,2.1249265670776367,0.18752098083496094
random_5,1.0,c045,7.998752593994141,0.3115272521972656
random_5,1.0,c046,-0.12273120880126953,0.8760747909545898
random_5,1.0,c044,10.119983673095703,0.05884552001953125
random_5,1.0,c008,-0.5,0.625
random_5,1.0,c049,4.999992370605469,0.6249961853027344
random_5,1.0,c013,10.060661315917969,-0.12645721435546875
random_5,1.0,c042,4.374885559082031,0.4999103546142578
random_5,1.0,c009,0.06231689453125,0.6248760223388672
random_5,1.0,c047,1.9364099502563477,0.999298095703125
random_5,1.0,c050,2.248711585998535,1.0621824264526367
random_5,1.0,c043,1.247354507446289,0.49750804901123047
random_5,1.0,c016,3.249908447265625,0.749969482421875
random_5,1.0,c014,2.187485694885254,0.3749971389770508
random_5,1.0,c041,-2.1250715255737305,0.5625066757202148
random_5,1.0,c006,1.748560905456543,0.4366931915283203
random_5,1.0,c039,-1.3123722076416016,0.749934196472168
random_5,1.0,c017,4.499792098999023,1.0624494552612305
random_5,1.0,c058,0.7500019073486328,0.4374980926513672
random_5,1.0,c002,3.562427520751953,1.1874446868896484
random_5,1.0,c024,1.3744211196899414,0.49970245361328125
random_5,1.0,c023,2.437397003173828,0.5624065399169922
random_5,1.0,c022,0.3125009536743164,0.18749523162841797
random_5,1.0,c056,2.0575551986694336,0.4355316162109375
random_5,-4.0,c041,-0.37505245208740234,-2.5623655319213867
random_5,-4.0,c006,-0.18756103515625,-2.6245594024658203
random_5,-4.0,c039,0.8750200271606445,-0.4374856948852539
random_5,-4.0,c017,3.3124923706054688,-1.687479019165039
random_5,-4.0,c058,-1.875,-2.5
random_5,-4.0,c002,0.125,-1.3124847412109375
random_5,-4.0,c024,-1.0625152587890625,-1.1249332427978516
random_5,-4.0,c023,-0.6250057220458984,-2.9998302459716797
random_5,-4.0,c022,1.062495231628418,-1.6248893737792969
random_5,-4.0,c056,-1.312936782836914,-2.0470733642578125
random_5,-4.0,c029,-4.374996185302734,-2.624997138977051
random_5,-4.0,c025,-1.937485694885254,-1.1875362396240234
random_5,-4.0,c000,-0.06252098083496094,-2.9987268447875977
random_5,-4.0,c036,-2.500040054321289,-3.249587059020996
random_5,-4.0,c020,6.937487602233887,-2.187199592590332
random_5,-4.0,c011,2.6874732971191406,-1.7499427795410156
random_5,-4.0,c003,-0.1249704360961914,-2.062376022338867
random_5,-4.0,c045,6.187478065490723,-1.4997472763061523
random_5,-4.0,c046,-2.1247949600219727,-1.1259889602661133
random_5,-4.0,c044,8.249938011169434,-1.8112001419067383
random_5,-4.0,c008,-2.125,-1.0
random_5,-4.0,c049,4.124996185302734,-0.25
random_5,-4.0,c013,9.499979019165039,-0.6871395111083984
random_5,-4.0,c042,2.3749961853027344,-1.499979019165039
random_5,-4.0,c009,-2.3749942779541016,-1.8124351501464844
random_5,-4.0,c047,-2.250041961669922,-3.1871538162231445
random_5,-4.0,c050,-1.3125276565551758,-2.499056816101074
random_5,-4.0,c043,-0.6249856948852539,-1.3748321533203125
random_5,-4.0,c016,0.6249942779541016,-1.8749446868896484
random_5,-4.0,c014,0.7499980926513672,-1.062490463256836
random_5,-4.0,c041,-4.812469482421875,-2.1248912811279297
random_5,-4.0,c006,-0.06252670288085938,-1.374394416809082
random_5,-4.0,c039,-4.187483787536621,-2.1251773834228516
random_5,-4.0,c017,1.374990463256836,-2.062352180480957
random_5,-4.0,c058,-1.6249980926513672,-1.9375019073486328
random_5,-4.0,c002,1.1249961853027344,-1.2499866485595703
random_5,-4.0,c024,-0.18748855590820312,-1.0622072219848633
random_5,-4.0,c023,6.67572021484375e-06,-1.874983787536621
random_5,-4.0,c022,-1.3749914169311523,-1.4999971389770508
random_5,-4.0,c056,0.2499704360961914,-1.3720531463623047
random_5,4.0,c041,5.229134559631348,3.0418214797973633
random_5,4.0,c006,4.796637535095215,2.3596391677856445
random_5,4.0,c039,1.43743896484375,0.12493324279785156
random_5,4.0,c017,7.249170303344727,2.2491989135742188
random_5,4.0,c058,3.6249828338623047,2.9999828338623047
random_5,4.0,c002,3.499818801879883,2.0623340606689453
random_5,4.0,c024,1.2456626892089844,1.1832447052001953
random_5,4.0,c023,4.549195289611816,2.174370765686035
random_5,4.0,c022,3.9975948333740234,1.3102102279663086
random_5,4.0,c056,2.0402097702026367,1.3060731887817383
random_5,4.0,c029,0.4999675750732422,2.249966621398926
random_5,4.0,c025,0.6833095550537109,1.4332590103149414
random_5,4.0,c000,4.770648002624512,1.834442138671875
random_5,4.0,c036,2.1066360473632812,1.3570890426635742
random_5,4.0,c020,10.350311279296875,1.2256240844726562
random_5,4.0,c011,5.995847702026367,1.558431625366211
random_5,4.0,c003,3.1857786178588867,1.248373031616211
random_5,4.0,c045,8.912203788757324,1.2249784469604492
random_5,4.0,c046,1.4959802627563477,2.494786262512207
random_5,4.0,c044,10.939522743225098,0.8783845901489258
random_5,4.0,c008,-0.25,0.875
random_5,4.0,c049,4.937480926513672,0.5624847412109375
random_5,4.0,c013,9.77772331237793,-0.4093952178955078
random_5,4.0,c042,4.93455696105957,1.0595817565917969
random_5,4.0,c009,1.372675895690918,1.9352350234985352
random_5,4.0,c047,4.345349311828613,3.4082374572753906
random_5,4.0,c050,3.705723762512207,2.5191946029663086
random_5,4.0,c043,2.170269012451172,1.4204225540161133
random_5,4.0,c016,3.9985885620117188,1.4986495971679688
random_5,4.0,c014,3.1867504119873047,1.3742618560791016
random_5,4.0,c041,0.3066215515136719,2.994199752807617
random_5,4.0,c006,2.551297187805176,1.2394294738769531
random_5,4.0,c039,0.3118629455566406,2.37416934967041
random_5,4.0,c017,5.809647560119629,2.372304916381836
random_5,4.0,c058,1.9375038146972656,1.625
random_5,4.0,c002,4.2488861083984375,1.8739032745361328
random_5,4.0,c024,2.9701900482177734,2.0954713821411133
random_5,4.0,c023,3.980147361755371,2.105156898498535
random_5,4.0,c022,2.622317314147949,2.497311592102051
random_5,4.0,c056,3.17803955078125,1.556015968322754
random_6,-1.0,c041,2.749751091003418,0.5624380111694336
random_6,-1.0,c006,2.3120956420898438,-0.12490272521972656
random_6,-1.0,c039,1.937495231628418,0.6249895095825195
random_6,-1.0,c017,5.124950408935547,0.12497901916503906
random_6,-1.0,c058,0.6249980926513672,-1.9073486328125e-06
random_6,-1.0,c002,1.8749961853027344,0.4375114440917969
random_6,-1.0,c024,0.18752098083496094,0.12510299682617188
random_6,-1.0,c023,2.2496814727783203,-0.12514305114746094
random_6,-1.0,c022,2.6873979568481445,1.33514404296875e-05
random_6,-1.0,c056,0.4916114807128906,-0.2425251007080078
random_6,-1.0,c029,-1.6249980926513672,0.1250009536743164
random_6,-1.0,c025,-0.6873149871826172,0.06263446807861328
random_6,-1.0,c000,2.8117246627807617,-0.124481201171875
random_6,-1.0,c036,-0.00021648406982421875,-0.7497634887695312
random_6,-1.0,c020,8.499855041503906,-0.6248321533203125
random_6,-1.0,c011,4.062482833862305,-0.37493324279785156
random_6,-1.0,c003,1.8749284744262695,-0.06247711181640625
random_6,-1.0,c045,7.062419891357422,-0.6248054504394531
random_6,-1.0,c046,-0.6871366500854492,0.31166934967041016
random_6,-1.0,c044,9.311763763427734,-0.7493743896484375
random_6,-1.0,c008,-1.0,0.125
random_6,-1.0,c049,4.874996185302734,0.5
random_6,-1.0,c013,9.624771118164062,-0.562347412109375
random_6,-1.0,c042,3.687485694885254,-0.18748950958251953
random_6,-1.0,c009,-0.31256103515625,0.2499980926513672
random_6,-1.0,c047,1.124603271484375,0.18749141693115234
random_6,-1.0,c050,0.8122673034667969,-0.37426185607910156
random_6,-1.0,c043,0.812347412109375,0.0625009536743164
random_6,-1.0,c016,2.3749732971191406,-0.12496566772460938
random_6,-1.0,c014,2.0000181198120117,0.1875295639038086
random_6,-1.0,c041,-2.8750152587890625,-0.1874370574951172
random_6,-1.0,c006,0.9374074935913086,-0.37446022033691406
random_6,-1.0,c039,-1.562382698059082,0.4999237060546875
random_6,-1.0,c017,3.3749589920043945,-0.06238365173339844
random_6,-1.0,c058,0.6250019073486328,0.3124980926513672
random_6,-1.0,c002,2.687471389770508,0.3124885559082031
random_6,-1.0,c024,1.0623416900634766,0.1876230239868164
random_6,-1.0,c023,1.2500019073486328,-0.6249885559082031
random_6,-1.0,c022,2.384185791015625e-05,-0.12498188018798828
random_6,-1.0,c056,1.8108091354370117,0.18878555297851562
random_6,1.0,c041,2.249835968017578,0.06252288818359375
random_6,1.0,c006,2.311886787414551,-0.12511157989501953
random_6,1.0,c039,1.375004768371582,0.062499046325683594
random_6,1.0,c017,5.062432289123535,0.062460899353027344
random_6,1.0,c058,0.6249961853027344,-3.814697265625e-06
random_6,1.0,c002,1.1250009536743164,-0.3124837875366211
random_6,1.0,c024,0.12488651275634766,0.062468528747558594
random_6,1.0,c023,2.4996824264526367,0.12485790252685547
random_6,1.0,c022,2.6873483657836914,-3.62396240234375e-05
random_6,1.0,c056,0.42592716217041016,-0.3082094192504883
random_6,1.0,c029,-2.124997138977051,-0.3749980926513672
random_6,1.0,c025,-0.6247501373291016,0.1251993179321289
random_6,1.0,c000,2.748885154724121,-0.18732070922851562
random_6,1.0,c036,0.8118753433227539,0.062328338623046875
random_6,1.0,c020,9.186807632446289,0.06212043762207031
random_6,1.0,c011,4.499849319458008,0.06243324279785156
random_6,1.0,c003,1.999852180480957,0.06244659423828125
random_6,1.0,c045,8.436809539794922,0.7495841979980469
random_6,1.0,c046,-0.4376258850097656,0.5611801147460938
random_6,1.0,c044,9.93437671661377,-0.12676143646240234
random_6,1.0,c008,-1.3125,-0.1875
random_6,1.0,c049,4.374994277954102,-1.9073486328125e-06
random_6,1.0,c013,10.248923301696777,0.061804771423339844
random_6,1.0,c042,3.812398910522461,-0.0625762939453125
random_6,1.0,c009,-0.37505149841308594,0.18750762939453125
random_6,1.0,c047,0.748835563659668,-0.1882762908935547
random_6,1.0,c050,1.1242399215698242,-0.06228923797607422
random_6,1.0,c043,0.6867094039916992,-0.06313705444335938
random_6,1.0,c016,2.249941825866699,-0.24999713897705078
random_6,1.0,c014,1.812490463256836,1.9073486328125e-06
random_6,1.0,c041,-2.750028610229492,-0.062450408935546875
random_6,1.0,c006,1.0618457794189453,-0.25002193450927734
random_6,1.0,c039,-2.3745594024658203,-0.3122529983520508
random_6,1.0,c017,3.6247920989990234,0.18744945526123047
random_6,1.0,c058,-0.1874980926513672,-0.5000019073486328
random_6,1.0,c002,2.624959945678711,0.24997711181640625
random_6,1.0,c024,0.7493467330932617,-0.12537193298339844
random_6,1.0,c023,2.249842643737793,0.37485218048095703
random_6,1.0,c022,-0.3125,-0.43750572204589844
random_6,1.0,c056,1.8723993301391602,0.25037574768066406
random_6,-4.0,c041,2.37496280670166,0.18764972686767578
random_6,-4.0,c006,1.7499141693115234,-0.6870841979980469
random_6,-4.0,c039,1.8750066757202148,0.5625009536743164
random_6,-4.0,c017,4.312459945678711,-0.6875114440917969
random_6,-4.0,c058,0.7499980926513672,0.12499809265136719
random_6,-4.0,c002,1.3125,-0.1249847412109375
random_6,-4.0,c024,0.3750286102294922,0.3126106262207031
random_6,-4.0,c023,0.7499351501464844,-1.6248893737792969
random_6,-4.0,c022,1.8750104904174805,-0.8123741149902344
random_6,-4.0,c056,0.8124771118164062,0.07834053039550781
random_6,-4.0,c029,-1.375,0.3749990463256836
random_6,-4.0,c025,-1.0624685287475586,-0.3125190734863281
random_6,-4.0,c000,1.999979019165039,-0.9362268447875977
random_6,-4.0,c036,-0.75,-1.499547004699707
random_6,-4.0,c020,7.187478065490723,-1.937209129333496
random_6,-4.0,c011,3.3124923706054688,-1.1249237060546875
random_6,-4.0,c003,1.0624895095825195,-0.8749160766601562
random_6,-4.0,c045,5.562488555908203,-2.124736785888672
random_6,-4.0,c046,-0.6865882873535156,0.31221771240234375
random_6,-4.0,c044,7.687345504760742,-2.3737926483154297
random_6,-4.0,c008,-0.3124980926513672,0.8125019073486328
random_6,-4.0,c049,4.437498092651367,0.06250190734863281
random_6,-4.0,c013,8.1874361038208,-1.9996824264526367
random_6,-4.0,c042,2.3750038146972656,-1.4999713897705078
random_6,-4.0,c009,-0.9375238418579102,-0.37496471405029297
random_6,-4.0,c047,0.6874418258666992,-0.24967002868652344
random_6,-4.0,c050,0.8124475479125977,-0.3740816116333008
random_6,-4.0,c043,1.0625619888305664,0.3127155303955078
random_6,-4.0,c016,1.0,-1.49993896484375
random_6,-4.0,c014,1.5625009536743164,-0.24998760223388672
random_6,-4.0,c041,-2.562497138977051,0.12508106231689453
random_6,-4.0,c006,-0.06250762939453125,-1.374375343322754
random_6,-4.0,c039,-1.624643325805664,0.43766307830810547
random_6,-4.0,c017,2.2499847412109375,-1.1873579025268555
random_6,-4.0,c058,1.125,0.8124961853027344
random_6,-4.0,c002,1.3749885559082031,-0.9999942779541016
random_6,-4.0,c024,0.8124332427978516,-0.062285423278808594
random_6,-4.0,c023,0.43757057189941406,-1.4374198913574219
random_6,-4.0,c022,-0.4999666213989258,-0.6249723434448242
random_6,-4.0,c056,1.8123645782470703,0.19034099578857422
random_6,4.0,c041,0.9367942810058594,-1.250518798828125
random_6,4.0,c006,2.1862478256225586,-0.2507505416870117
random_6,4.0,c039,-0.3124856948852539,-1.6249914169311523
random_6,4.0,c017,4.811733245849609,-0.18823814392089844
random_6,4.0,c058,0.25,-0.375
random_6,4.0,c002,0.43738269805908203,-1.0001020431518555
random_6,4.0,c024,0.3746967315673828,0.31227874755859375
random_6,4.0,c023,2.1871862411499023,-0.1876382827758789
random_6,4.0,c022,2.7487001419067383,0.06131553649902344
random_6,4.0,c056,-0.02411937713623047,-0.7582559585571289
random_6,4.0,c029,-2.4999914169311523,-0.7499923706054688
random_6,4.0,c025,-0.4996938705444336,0.2502555847167969
random_6,4.0,c000,2.3092470169067383,-0.6269588470458984
random_6,4.0,c036,0.6865873336791992,-0.06295967102050781
random_6,4.0,c020,9.7413911819458,0.616703987121582
random_6,4.0,c011,3.562255859375,-0.8751602172851562
random_6,4.0,c003,1.8746461868286133,-0.0627593994140625
random_6,4.0,c045,9.119854927062988,1.4326295852661133
random_6,4.0,c046,-0.00036144256591796875,0.9984445571899414
random_6,4.0,c044,10.489395141601562,0.4282569885253906
random_6,4.0,c008,-2.5,-1.375
random_6,4.0,c049,3.5624961853027344,-0.8125
random_6,4.0,c013,10.0497465133667,-0.13737201690673828
random_6,4.0,c042,3.374727249145508,-0.5002479553222656
random_6,4.0,c009,-0.18761348724365234,0.37494564056396484
random_6,4.0,c047,0.8730049133300781,-0.06410694122314453
random_6,4.0,c050,0.49826526641845703,-0.6882638931274414
random_6,4.0,c043,-0.5009851455688477,-1.2508316040039062
random_6,4.0,c016,1.7496891021728516,-0.7502498626708984
random_6,4.0,c014,0.6875009536743164,-1.1249876022338867
random_6,4.0,c041,-2.3125009536743164,0.3750772476196289
random_6,4.0,c006,1.3100051879882812,-0.0018625259399414062
random_6,4.0,c039,-2.6249256134033203,-0.5626192092895508
random_6,4.0,c017,3.374410629272461,-0.06293201446533203
random_6,4.0,c058,-0.6875,-1.0000038146972656
random_6,4.0,c002,2.562394142150879,0.18741130828857422
random_6,4.0,c024,1.311711311340332,0.4369926452636719
random_6,4.0,c023,2.937469482421875,1.062479019165039
random_6,4.0,c022,-2.47955322265625e-05,-0.125030517578125
random_6,4.0,c056,1.684554100036621,0.062530517578125
random_7,-1.0,c041,2.749741554260254,0.5624284744262695
random_7,-1.0,c006,2.936321258544922,0.49932289123535156
random_7,-1.0,c039,3.0624914169311523,1.749985694885254
random_7,-1.0,c017,5.624880790710449,0.6249094009399414
random_7,-1.0,c058,1.6249980926513672,0.9999980926513672
random_7,-1.0,c002,1.9375009536743164,0.5000162124633789
random_7,-1.0,c024,0.3750133514404297,0.3125953674316406
random_7,-1.0,c023,3.5621986389160156,1.1873741149902344
random_7,-1.0,c022,3.062380790710449,0.3749961853027344
random_7,-1.0,c056,1.3052778244018555,0.571141242980957
random_7,-1.0,c029,-0.9999990463256836,0.75
random_7,-1.0,c025,-0.3121623992919922,0.4377870559692383
random_7,-1.0,c000,3.2490453720092773,0.3128395080566406
random_7,-1.0,c036,1.24957275390625,0.500025749206543
random_7,-1.0,c020,9.311920166015625,0.18723297119140625
random_7,-1.0,c011,5.374895095825195,0.9374790191650391
random_7,-1.0,c003,2.312455177307129,0.3750495910644531
random_7,-1.0,c045,8.186882019042969,0.49965667724609375
random_7,-1.0,c046,0.1248779296875,1.1236839294433594
random_7,-1.0,c044,9.622320175170898,-0.43881797790527344
random_7,-1.0,c008,-1.1875,-0.0625
random_7,-1.0,c049,5.937498092651367,1.5625019073486328
random_7,-1.0,c013,9.873977661132812,-0.313140869140625
random_7,-1.0,c042,4.312411308288574,0.4374361038208008
random_7,-1.0,c009,0.3124532699584961,0.8750123977661133
random_7,-1.0,c047,1.4994564056396484,0.5623445510864258
random_7,-1.0,c050,1.8741683959960938,0.6876392364501953
random_7,-1.0,c043,1.186680793762207,0.43683433532714844
random_7,-1.0,c016,3.249955177307129,0.7500162124633789
random_7,-1.0,c014,2.437514305114746,0.625025749206543
random_7,-1.0,c041,-1.8750295639038086,0.8125486373901367
random_7,-1.0,c006,2.1870737075805664,0.8752059936523438
random_7,-1.0,c039,-0.687347412109375,1.3749589920043945
random_7,-1.0,c017,4.187413215637207,0.7500705718994141
random_7,-1.0,c058,1.0625,0.7499961853027344
random_7,-1.0,c002,3.187434196472168,0.8124513626098633
random_7,-1.0,c024,1.1869707107543945,0.3122520446777344
random_7,-1.0,c023,2.6873626708984375,0.8123722076416016
random_7,-1.0,c022,0.7499847412109375,0.6249790191650391
random_7,-1.0,c056,2.4358081817626953,0.8137845993041992
random_7,1.0,c041,1.6248950958251953,-0.5624179840087891
random_7,1.0,c006,1.311915397644043,-1.1250829696655273
random_7,1.0,c039,0.7500066757202148,-0.5624990463256836
random_7,1.0,c017,4.562479019165039,-0.43749237060546875
random_7,1.0,c058,-0.5625,-1.1875
random_7,1.0,c002,0.7500009536743164,-0.6874837875366211
random_7,1.0,c024,-0.1251373291015625,-0.18755531311035156
random_7,1.0,c023,1.6248903274536133,-0.749934196472168
random_7,1.0,c022,2.124969482421875,-0.5624151229858398
random_7,1.0,c056,-0.017759323120117188,-0.7518959045410156
random_7,1.0,c029,-2.562498092651367,-0.8124990463256836
random_7,1.0,c025,-0.6874876022338867,0.06246185302734375
random_7,1.0,c000,2.2492923736572266,-0.6869134902954102
random_7,1.0,c036,-0.2504405975341797,-0.9999876022338867
random_7,1.0,c020,8.562288284301758,-0.5623989105224609
random_7,1.0,c011,3.624979019165039,-0.8124370574951172
random_7,1.0,c003,1.062459945678711,-0.8749456405639648
random_7,1.0,c045,7.374723434448242,-0.3125019073486328
random_7,1.0,c046,-1.061441421508789,-0.06263542175292969
random_7,1.0,c044,9.748987197875977,-0.3121509552001953
random_7,1.0,c008,-2.375,-1.25
random_7,1.0,c049,3.3124961853027344,-1.0625
random_7,1.0,c013,9.687248229980469,-0.49987030029296875
random_7,1.0,c042,2.6874847412109375,-1.187490463256836
random_7,1.0,c009,-1.5626239776611328,-1.0000648498535156
random_7,1.0,c047,0.18709754943847656,-0.7500143051147461
random_7,1.0,c050,0.4993276596069336,-0.6872014999389648
random_7,1.0,c043,0.2498321533203125,-0.5000143051147461
random_7,1.0,c016,1.4374771118164062,-1.0624618530273438
random_7,1.0,c014,1.5625028610229492,-0.2499856948852539
random_7,1.0,c041,-3.812520980834961,-1.1249427795410156
random_7,1.0,c006,0.2497396469116211,-1.0621280670166016
random_7,1.0,c039,-3.3747453689575195,-1.31243896484375
random_7,1.0,c017,2.874929428100586,-0.562413215637207
random_7,1.0,c058,-0.3749961853027344,-0.6875
random_7,1.0,c002,1.9999732971191406,-0.37500953674316406
random_7,1.0,c024,0.562342643737793,-0.3123760223388672
random_7,1.0,c023,1.4999704360961914,-0.37502002716064453
random_7,1.0,c022,-0.875,-1.0000057220458984
random_7,1.0,c056,1.1863431930541992,-0.4356803894042969
random_7,-4.0,c041,3.499683380126953,1.3123703002929688
random_7,-4.0,c006,3.811678886413574,1.374680519104004
random_7,-4.0,c039,5.249966621398926,3.9374608993530273
random_7,-4.0,c017,6.062237739562988,1.0622663497924805
random_7,-4.0,c058,4.249992370605469,3.6249923706054688
random_7,-4.0,c002,3.2499942779541016,1.812509536743164
random_7,-4.0,c024,1.5625810623168945,1.5001630783081055
random_7,-4.0,c023,4.124683380126953,1.7498588562011719
random_7,-4.0,c022,3.437272071838379,0.7498874664306641
random_7,-4.0,c056,2.997364044189453,2.2632274627685547
random_7,-4.0,c029,1.4374885559082031,3.1874876022338867
random_7,-4.0,c025,0.6876621246337891,1.4376115798950195
random_7,-4.0,c000,3.9990901947021484,1.0628843307495117
random_7,-4.0,c036,2.7492313385009766,1.9996843338012695
random_7,-4.0,c020,9.373361587524414,0.2486743927001953
random_7,-4.0,c011,5.812246322631836,1.3748302459716797
random_7,-4.0,c003,3.062681198120117,1.1252756118774414
random_7,-4.0,c045,8.186081886291504,0.4988565444946289
random_7,-4.0,c046,1.7504396438598633,2.7492456436157227
random_7,-4.0,c044,9.555760383605957,-0.5053777694702148
random_7,-4.0,c008,0.8125,1.9375
random_7,-4.0,c049,7.437493324279785,3.062497138977051
random_7,-4.0,c013,10.11612319946289,-0.07099533081054688
random_7,-4.0,c042,5.437008857727051,1.5620336532592773
random_7,-4.0,c009,2.3123388290405273,2.8748979568481445
random_7,-4.0,c047,2.5615549087524414,1.6244430541992188
random_7,-4.0,c050,3.0612049102783203,1.8746757507324219
random_7,-4.0,c043,2.561708450317383,1.8118619918823242
random_7,-4.0,c016,3.8124475479125977,1.3125085830688477
random_7,-4.0,c014,3.2499923706054688,1.4375038146972656
random_7,-4.0,c041,0.3125457763671875,3.000123977661133
random_7,-4.0,c006,3.4988021850585938,2.186934471130371
random_7,-4.0,c039,2.3125391006469727,4.374845504760742
random_7,-4.0,c017,4.874646186828613,1.4373035430908203
random_7,-4.0,c058,1.9375019073486328,1.6249980926513672
random_7,-4.0,c002,3.6249589920043945,1.2499761581420898
random_7,-4.0,c024,2.499749183654785,1.625030517578125
random_7,-4.0,c023,3.9995241165161133,2.1245336532592773
random_7,-4.0,c022,2.125082015991211,2.0000762939453125
random_7,-4.0,c056,3.7495527267456055,2.1275291442871094
random_7,4.0,c041,0.12493515014648438,-2.0623779296875
random_7,4.0,c006,-0.1875324249267578,-2.624530792236328
random_7,4.0,c039,-2.3749380111694336,-3.687443733215332
random_7,4.0,c017,1.6874666213989258,-3.312504768371582
random_7,4.0,c058,-3.0624961853027344,-3.6874961853027344
random_7,4.0,c002,-0.25000667572021484,-1.6874914169311523
random_7,4.0,c024,-0.062499046325683594,-0.12491703033447266
random_7,4.0,c023,-1.125014305114746,-3.4998388290405273
random_7,4.0,c022,1.1873464584350586,-1.5000381469726562
random_7,4.0,c056,-1.7003288269042969,-2.4344654083251953
random_7,4.0,c029,-4.062496185302734,-2.312497138977051
random_7,4.0,c025,-1.1875734329223633,-0.4376239776611328
random_7,4.0,c000,0.8121786117553711,-2.1240272521972656
random_7,4.0,c036,-2.2505245208740234,-3.0000715255737305
random_7,4.0,c020,8.687460899353027,-0.4372262954711914
random_7,4.0,c011,1.2499809265136719,-3.1874351501464844
random_7,4.0,c003,-1.0000267028808594,-2.937432289123535
random_7,4.0,c045,6.875000953674316,-0.8122243881225586
random_7,4.0,c046,-1.8117456436157227,-0.8129396438598633
random_7,4.0,c044,9.749787330627441,-0.31135082244873047
random_7,4.0,c008,-4.875,-3.75
random_7,4.0,c049,0.12499618530273438,-4.25
random_7,4.0,c013,8.249979019165039,-1.9371395111083984
random_7,4.0,c042,-0.12499427795410156,-3.999969482421875
random_7,4.0,c009,-5.000026702880859,-4.437467575073242
random_7,4.0,c047,-1.5627927780151367,-2.4999046325683594
random_7,4.0,c050,-1.1251211166381836,-2.311650276184082
random_7,4.0,c043,-0.37506866455078125,-1.1249151229858398
random_7,4.0,c016,-0.5625228881835938,-3.0624618530273438
random_7,4.0,c014,0.49999427795410156,-1.3124942779541016
random_7,4.0,c041,-4.87506103515625,-2.1874828338623047
random_7,4.0,c006,-1.25018310546875,-2.5620508193969727
random_7,4.0,c039,-5.499875068664551,-3.4375686645507812
random_7,4.0,c017,0.06244087219238281,-3.37490177154541
random_7,4.0,c058,-2.9375,-3.2500038146972656
random_7,4.0,c002,-0.9375095367431641,-3.3124923706054688
random_7,4.0,c024,0.8125162124633789,-0.06220245361328125
random_7,4.0,c023,5.817413330078125e-05,-1.8749322891235352
random_7,4.0,c022,-2.6249828338623047,-2.749988555908203
random_7,4.0,c056,-0.6900262832641602,-2.3120498657226562
random_8,-1.0,c041,2.686924934387207,0.49961185455322266
random_8,-1.0,c006,2.498647689819336,0.061649322509765625
random_8,-1.0,c039,1.8125019073486328,0.4999961853027344
random_8,-1.0,c017,4.749837875366211,-0.2501335144042969
random_8,-1.0,c058,1.1249961853027344,0.4999961853027344
random_8,-1.0,c002,1.8749980926513672,0.4375133514404297
random_8,-1.0,c024,0.24962425231933594,0.18720626831054688
random_8,-1.0,c023,2.3122987747192383,-0.06252574920654297
random_8,-1.0,c022,3.0623855590820312,0.3750009536743164
random_8,-1.0,c056,0.8540372848510742,0.11990070343017578
random_8,-1.0,c029,-1.5624961853027344,0.18750286102294922
random_8,-1.0,c025,-0.24998760223388672,0.49996185302734375
random_8,-1.0,c000,3.2485647201538086,0.3123588562011719
random_8,-1.0,c036,0.8114604949951172,0.061913490295410156
random_8,-1.0,c020,9.124431610107422,-0.000255584716796875
random_8,-1.0,c011,4.624761581420898,0.1873455047607422
random_8,-1.0,c003,1.937495231628418,8.96453857421875e-05
random_8,-1.0,c045,8.062173843383789,0.37494850158691406
random_8,-1.0,c046,-0.1225433349609375,0.8762626647949219
random_8,-1.0,c044,9.559464454650879,-0.501673698425293
random_8,-1.0,c008,-0.875,0.25
random_8,-1.0,c049,4.937494277954102,0.5624980926513672
random_8,-1.0,c013,9.874534606933594,-0.31258392333984375
random_8,-1.0,c042,4.249906539916992,0.37493133544921875
random_8,-1.0,c009,0.1248025894165039,0.6873617172241211
random_8,-1.0,c047,1.1232385635375977,0.186126708984375
random_8,-1.0,c050,1.18585205078125,-0.0006771087646484375
random_8,-1.0,c043,1.624403953552246,0.8745574951171875
random_8,-1.0,c016,2.1873931884765625,-0.3125457763671875
random_8,-1.0,c014,2.124990463256836,0.3125019073486328
random_8,-1.0,c041,-2.8125314712524414,-0.1249532699584961
random_8,-1.0,c006,1.498579978942871,0.18671226501464844
random_8,-1.0,c039,-1.6247596740722656,0.4375467300415039
random_8,-1.0,c017,3.2498579025268555,-0.1874847412109375
random_8,-1.0,c058,0.4375,0.12499618530273438
random_8,-1.0,c002,2.6874141693115234,0.31243133544921875
random_8,-1.0,c024,1.0619897842407227,0.1872711181640625
random_8,-1.0,c023,2.187387466430664,0.3123970031738281
random_8,-1.0,c022,9.5367431640625e-06,-0.12499618530273438
random_8,-1.0,c056,2.0584373474121094,0.4364137649536133
random_8,1.0,c041,2.062335968017578,-0.12497711181640625
random_8,1.0,c006,2.062319755554199,-0.3746786117553711
random_8,1.0,c039,1.6875038146972656,0.3749980926513672
random_8,1.0,c017,4.999935150146484,-3.62396240234375e-05
random_8,1.0,c058,0.4374980926513672,-0.1875019073486328
random_8,1.0,c002,1.3124961853027344,-0.12498855590820312
random_8,1.0,c024,-0.06256294250488281,-0.12498092651367188
random_8,1.0,c023,2.4374313354492188,0.0626068115234375
random_8,1.0,c022,2.687349319458008,-3.528594970703125e-05
random_8,1.0,c056,0.30558013916015625,-0.4285564422607422
random_8,1.0,c029,-2.124995231628418,-0.3749961853027344
random_8,1.0,c025,-0.6873159408569336,0.06263351440429688
random_8,1.0,c000,2.3745861053466797,-0.561619758605957
random_8,1.0,c036,0.12491607666015625,-0.6246309280395508
random_8,1.0,c020,8.187225341796875,-0.9374618530273438
random_8,1.0,c011,4.374956130981445,-0.06245994567871094
random_8,1.0,c003,1.5624799728393555,-0.3749256134033203
random_8,1.0,c045,7.562252998352051,-0.12497234344482422
random_8,1.0,c046,-1.1248321533203125,-0.12602615356445312
random_8,1.0,c044,9.499151229858398,-0.5619869232177734
random_8,1.0,c008,-1.625,-0.5
random_8,1.0,c049,4.312498092651367,-0.06249809265136719
random_8,1.0,c013,9.874628067016602,-0.31249046325683594
random_8,1.0,c042,3.3124828338623047,-0.5624923706054688
random_8,1.0,c009,-0.6250286102294922,-0.062469482421875
random_8,1.0,c047,0.8748455047607422,-0.06226634979248047
random_8,1.0,c050,0.9372158050537109,-0.2493133544921875
random_8,1.0,c043,0.4374532699584961,-0.3123931884765625
random_8,1.0,c016,2.437469482421875,-0.062469482421875
random_8,1.0,c014,1.874995231628418,0.06250667572021484
random_8,1.0,c041,-2.687520980834961,5.7220458984375e-05
random_8,1.0,c006,0.9371805191040039,-0.37468719482421875
random_8,1.0,c039,-2.437335968017578,-0.3750295639038086
random_8,1.0,c017,3.6874542236328125,0.25011157989501953
random_8,1.0,c058,0.1250019073486328,-0.1875019073486328
random_8,1.0,c002,2.1874771118164062,-0.18750572204589844
random_8,1.0,c024,0.8121395111083984,-0.06257915496826172
random_8,1.0,c023,1.749917984008789,-0.12507247924804688
random_8,1.0,c022,-0.06252098083496094,-0.18752670288085938
random_8,1.0,c056,1.6866559982299805,0.06463241577148438
random_8,-4.0,c041,2.9352588653564453,0.7479457855224609
random_8,-4.0,c006,2.693303108215332,0.2563047409057617
random_8,-4.0,c039,2.1249446868896484,0.81243896484375
random_8,-4.0,c017,4.624778747558594,-0.37519264221191406
random_8,-4.0,c058,1.8749866485595703,1.2499866485595703
random_8,-4.0,c002,2.4998607635498047,1.0623760223388672
random_8,-4.0,c024,0.24950408935546875,0.1870861053466797
random_8,-4.0,c023,2.561619758605957,0.18679523468017578
random_8,-4.0,c022,3.4366092681884766,0.7492246627807617
random_8,-4.0,c056,1.2671747207641602,0.5330381393432617
random_8,-4.0,c029,-1.125035285949707,0.6249637603759766
random_8,-4.0,c025,0.00015354156494140625,0.7501029968261719
random_8,-4.0,c000,2.816814422607422,-0.11939144134521484
random_8,-4.0,c036,1.1847152709960938,0.4351682662963867
random_8,-4.0,c020,9.371227264404297,0.24654006958007812
random_8,-4.0,c011,4.187161445617676,-0.25025463104248047
random_8,-4.0,c003,2.124298095703125,0.18689250946044922
random_8,-4.0,c045,7.435249328613281,-0.25197601318359375
random_8,-4.0,c046,1.1341848373413086,2.132990837097168
random_8,-4.0,c044,9.24462604522705,-0.8165121078491211
random_8,-4.0,c008,0.12499809265136719,1.2499980926513672
random_8,-4.0,c049,4.499973297119141,0.12497711181640625
random_8,-4.0,c013,8.9356050491333,-1.2515134811401367
random_8,-4.0,c042,4.374542236328125,0.49956703186035156
random_8,-4.0,c009,0.6244821548461914,1.1870412826538086
random_8,-4.0,c047,1.2455329895019531,0.30842113494873047
random_8,-4.0,c050,0.9947843551635742,-0.19174480438232422
random_8,-4.0,c043,2.496976852416992,1.7471303939819336
random_8,-4.0,c016,3.18695068359375,0.68701171875
random_8,-4.0,c014,1.9374866485595703,0.12499809265136719
random_8,-4.0,c041,-1.8753414154052734,0.8122367858886719
random_8,-4.0,c006,2.121575355529785,0.8097076416015625
random_8,-4.0,c039,-0.0008258819580078125,2.0614805221557617
random_8,-4.0,c017,3.0615320205688477,-0.3758106231689453
random_8,-4.0,c058,0.4375019073486328,0.12499809265136719
random_8,-4.0,c002,3.3746423721313477,0.999659538269043
random_8,-4.0,c024,2.3722448348999023,1.4975261688232422
random_8,-4.0,c023,1.9367809295654297,0.06179046630859375
random_8,-4.0,c022,0.7499685287475586,0.6249628067016602
random_8,-4.0,c056,2.8074684143066406,1.1854448318481445
random_8,4.0,c041,1.0624980926513672,-1.1248149871826172
random_8,4.0,c006,1.4374589920043945,-0.9995393753051758
random_8,4.0,c039,0.12500476837158203,-1.1875009536743164
random_8,4.0,c017,4.749980926513672,-0.24999046325683594
random_8,4.0,c058,0.25,-0.375
random_8,4.0,c002,0.5625019073486328,-0.8749828338623047
random_8,4.0,c024,1.062495231628418,1.000077247619629
random_8,4.0,c023,1.6874923706054688,-0.6873321533203125
random_8,4.0,c022,2.1250247955322266,-0.5623598098754883
random_8,4.0,c056,0.06153297424316406,-0.6726036071777344
random_8,4.0,c029,-1.9374980926513672,-0.1874990463256836
random_8,4.0,c025,-0.3123664855957031,0.43758296966552734
random_8,4.0,c000,1.9374666213989258,-0.9987392425537109
random_8,4.0,c036,-0.8749523162841797,-1.6244993209838867
random_8,4.0,c020,7.4372968673706055,-1.6873903274536133
random_8,4.0,c011,3.7499990463256836,-0.6874170303344727
random_8,4.0,c003,1.187546730041504,-0.7498588562011719
random_8,4.0,c045,6.312471389770508,-1.3747539520263672
random_8,4.0,c046,-1.3743743896484375,-0.3755683898925781
random_8,4.0,c044,7.87469482421875,-2.186443328857422
random_8,4.0,c008,-2.625,-1.5
random_8,4.0,c049,3.625,-0.7499961853027344
random_8,4.0,c013,8.499883651733398,-1.687234878540039
random_8,4.0,c042,2.3750181198120117,-1.4999570846557617
random_8,4.0,c009,-1.8124961853027344,-1.2499370574951172
random_8,4.0,c047,0.6874151229858398,-0.2496967315673828
random_8,4.0,c050,0.6875314712524414,-0.49899768829345703
random_8,4.0,c043,-0.24974727630615234,-0.9995937347412109
random_8,4.0,c016,1.3125009536743164,-1.1874380111694336
random_8,4.0,c014,1.6875476837158203,-0.12494087219238281
random_8,4.0,c041,-2.0625133514404297,0.6250648498535156
random_8,4.0,c006,0.5625848770141602,-0.7492828369140625
random_8,4.0,c039,-2.999875068664551,-0.9375686645507812
random_8,4.0,c017,3.4999732971191406,0.06263065338134766
random_8,4.0,c058,0.3125019073486328,-1.9073486328125e-06
random_8,4.0,c002,1.1250181198120117,-1.249964714050293
random_8,4.0,c024,-0.062389373779296875,-0.937108039855957
random_8,4.0,c023,0.8750982284545898,-0.9998922348022461
random_8,4.0,c022,-0.5000123977661133,-0.6250181198120117
random_8,4.0,c056,0.6250820159912109,-0.9969415664672852
random_9,-1.0,c041,2.7497615814208984,0.5624485015869141
random_9,-1.0,c006,2.623971939086914,0.18697357177734375
random_9,-1.0,c039,1.000004768371582,-0.3125009536743164
random_9,-1.0,c017,5.624965667724609,0.6249942779541016
random_9,-1.0,c058,0.4999980926513672,-0.1250019073486328
random_9,-1.0,c002,1.5624933242797852,0.12500858306884766
random_9,-1.0,c024,-0.06252670288085938,-0.12494468688964844
random_9,-1.0,c023,2.6874332427978516,0.3126087188720703
random_9,-1.0,c022,2.8123159408569336,0.12493133544921875
random_9,-1.0,c056,0.6097955703735352,-0.12434101104736328
random_9,-1.0,c029,-2.312498092651367,-0.5624990463256836
random_9,-1.0,c025,-0.8123846054077148,-0.062435150146484375
random_9,-1.0,c000,2.873887062072754,-0.06231880187988281
random_9,-1.0,c036,0.43694114685058594,-0.3126058578491211
random_9,-1.0,c020,9.249753952026367,0.12506675720214844
random_9,-1.0,c011,5.312376022338867,0.8749599456787109
random_9,-1.0,c003,1.6874284744262695,-0.24997711181640625
random_9,-1.0,c045,8.562271118164062,0.8750457763671875
random_9,-1.0,c046,-0.6876840591430664,0.31112194061279297
random_9,-1.0,c044,10.435953140258789,0.3748149871826172
random_9,-1.0,c008,-1.75,-0.625
random_9,-1.0,c049,4.812498092651367,0.4375019073486328
random_9,-1.0,c013,9.937183380126953,-0.24993515014648438
random_9,-1.0,c042,4.249919891357422,0.37494468688964844
random_9,-1.0,c009,-0.9375848770141602,-0.37502574920654297
random_9,-1.0,c047,0.8741168975830078,-0.06299495697021484
random_9,-1.0,c050,0.9369878768920898,-0.2495412826538086
random_9,-1.0,c043,0.5000391006469727,-0.24980735778808594
random_9,-1.0,c016,2.8749570846557617,0.3750181198120117
random_9,-1.0,c014,2.6874942779541016,0.8750057220458984
random_9,-1.0,c041,-2.8750457763671875,-0.1874675750732422
random_9,-1.0,c006,1.4372138977050781,0.12534618377685547
random_9,-1.0,c039,-2.6873559951782227,-0.6250495910644531
random_9,-1.0,c017,3.4999256134033203,0.06258296966552734
random_9,-1.0,c058,0.1250019073486328,-0.1875019073486328
random_9,-1.0,c002,2.562488555908203,0.18750572204589844
random_9,-1.0,c024,0.8123311996459961,-0.06238746643066406
random_9,-1.0,c023,2.0624923706054688,0.1875019073486328
random_9,-1.0,c022,-0.24997997283935547,-0.3749856948852539
random_9,-1.0,c056,1.8116426467895508,0.1896190643310547
random_9,1.0,c041,2.06215763092041,-0.12515544891357422
random_9,1.0,c006,1.7496204376220703,-0.6873779296875
random_9,1.0,c039,1.999995231628418,0.6874895095825195
random_9,1.0,c017,4.812469482421875,-0.1875019073486328
random_9,1.0,c058,0.9999980926513672,0.3749980926513672
random_9,1.0,c002,1.7500123977661133,0.3125276565551758
random_9,1.0,c024,0.3748769760131836,0.31245899200439453
random_9,1.0,c023,2.24965763092041,-0.1251668930053711
random_9,1.0,c022,2.8125381469726562,0.1251535415649414
random_9,1.0,c056,0.2994832992553711,-0.43465328216552734
random_9,1.0,c029,-1.6874971389770508,0.06250190734863281
random_9,1.0,c025,-0.3746347427368164,0.37531471252441406
random_9,1.0,c000,2.623641014099121,-0.3125648498535156
random_9,1.0,c036,0.49968814849853516,-0.24985885620117188
random_9,1.0,c020,8.499661445617676,-0.625025749206543
random_9,1.0,c011,4.062446594238281,-0.374969482421875
random_9,1.0,c003,2.4374008178710938,0.49999523162841797
random_9,1.0,c045,7.499549865722656,-0.18767547607421875
random_9,1.0,c046,-0.4959897994995117,0.5028162002563477
random_9,1.0,c044,8.62369155883789,-1.4374465942382812
random_9,1.0,c008,-0.6875,0.4375
random_9,1.0,c049,4.062498092651367,-0.3124980926513672
random_9,1.0,c013,9.312139511108398,-0.8749790191650391
random_9,1.0,c042,3.7499208450317383,-0.12505435943603516
random_9,1.0,c009,-0.06255245208740234,0.5000066757202148
random_9,1.0,c047,0.5615930557250977,-0.375518798828125
random_9,1.0,c050,1.1246166229248047,-0.06191253662109375
random_9,1.0,c043,0.8123540878295898,0.06250762939453125
random_9,1.0,c016,2.437502861022949,-0.06243610382080078
random_9,1.0,c014,1.3124885559082031,-0.5
random_9,1.0,c041,-2.3750200271606445,0.3125581741333008
random_9,1.0,c006,1.499598503112793,0.1877307891845703
random_9,1.0,c039,-1.437119483947754,0.6251869201660156
random_9,1.0,c017,3.437356948852539,1.430511474609375e-05
random_9,1.0,c058,0.12500286102294922,-0.1875009536743164
random_9,1.0,c002,2.499953269958496,0.1249704360961914
random_9,1.0,c024,0.6245946884155273,-0.2501239776611328
random_9,1.0,c023,1.7498416900634766,-0.12514877319335938
random_9,1.0,c022,-0.1874828338623047,-0.3124885559082031
random_9,1.0,c056,1.8101558685302734,0.18813228607177734
random_9,-4.0,c041,3.5623855590820312,1.3750724792480469
random_9,-4.0,c006,2.560488700866699,0.1234903335571289
random_9,-4.0,c039,-0.12499427795410156,-1.4375
random_9,-4.0,c017,5.562448501586914,0.5624771118164062
random_9,-4.0,c058,-0.3750019073486328,-1.0000019073486328
random_9,-4.0,c002,0.7499885559082031,-0.6874961853027344
random_9,-4.0,c024,0.062165260314941406,-0.00025272369384765625
random_9,-4.0,c023,2.6249656677246094,0.2501411437988281
random_9,-4.0,c022,3.9995288848876953,1.3121442794799805
random_9,-4.0,c056,0.8693227767944336,0.13518619537353516
random_9,-4.0,c029,-2.875,-1.1250009536743164
random_9,-4.0,c025,-1.0625972747802734,-0.31264781951904297
random_9,-4.0,c000,2.436760902404785,-0.49944496154785156
random_9,-4.0,c036,-0.6883230209350586,-1.4378700256347656
random_9,-4.0,c020,10.874305725097656,1.7496185302734375
random_9,-4.0,c011,6.499885559082031,2.062469482421875
random_9,-4.0,c003,0.3124351501464844,-1.6249704360961914
random_9,-4.0,c045,9.937271118164062,2.2500457763671875
random_9,-4.0,c046,-0.6888637542724609,0.30994224548339844
random_9,-4.0,c044,11.623747825622559,1.5626096725463867
random_9,-4.0,c008,-4.0,-2.875
random_9,-4.0,c049,6.749994277954102,2.374998092651367
random_9,-4.0,c013,12.062268257141113,1.8751497268676758
random_9,-4.0,c042,3.8124237060546875,-0.06255149841308594
random_9,-4.0,c009,-1.625143051147461,-1.0625839233398438
random_9,-4.0,c047,0.9991397857666016,0.062027931213378906
random_9,-4.0,c050,0.6866483688354492,-0.4998807907104492
random_9,-4.0,c043,1.8122797012329102,1.0624332427978516
random_9,-4.0,c016,2.1874732971191406,-0.3124656677246094
random_9,-4.0,c014,4.187474250793457,2.374985694885254
random_9,-4.0,c041,-2.062816619873047,0.6247615814208984
random_9,-4.0,c006,0.6247634887695312,-0.6871042251586914
random_9,-4.0,c039,-4.124565124511719,-2.062258720397949
random_9,-4.0,c017,2.999828338623047,-0.4375143051147461
random_9,-4.0,c058,-0.5,-0.8125038146972656
random_9,-4.0,c002,0.8750019073486328,-1.4999809265136719
random_9,-4.0,c024,2.5622129440307617,1.6874942779541016
random_9,-4.0,c023,2.9374160766601562,1.0624256134033203
random_9,-4.0,c022,0.7496366500854492,0.6246309280395508
random_9,-4.0,c056,3.0621442794799805,1.4401206970214844
random_9,4.0,c041,1.4998712539672852,-0.6874418258666992
random_9,4.0,c006,1.2499322891235352,-1.1870660781860352
random_9,4.0,c039,2.1249876022338867,0.8124818801879883
random_9,4.0,c017,4.187439918518066,-0.8125314712524414
random_9,4.0,c058,0.5000009536743164,-0.1249990463256836
random_9,4.0,c002,1.3750572204589844,-0.062427520751953125
random_9,4.0,c024,0.9374599456787109,0.8750419616699219
random_9,4.0,c023,2.1866817474365234,-0.1881427764892578
random_9,4.0,c022,2.375102996826172,-0.31228160858154297
random_9,4.0,c056,0.2398242950439453,-0.4943122863769531
random_9,4.0,c029,-1.4999752044677734,0.25002384185791016
random_9,4.0,c025,0.31337642669677734,1.0633258819580078
random_9,4.0,c000,2.061875343322754,-0.8743305206298828
random_9,4.0,c036,0.8123855590820312,0.06283855438232422
random_9,4.0,c020,7.374732971191406,-1.7499542236328125
random_9,4.0,c011,2.624971389770508,-1.8124446868896484
random_9,4.0,c003,1.812748908996582,-0.12465667724609375
random_9,4.0,c045,5.999750137329102,-1.6874752044677734
random_9,4.0,c046,-0.12360477447509766,0.8752012252807617
random_9,4.0,c044,7.561923980712891,-2.4992141723632812
random_9,4.0,c008,0.875,2.0
random_9,4.0,c049,3.1874990463256836,-1.1874971389770508
random_9,4.0,c013,7.686692237854004,-2.5004262924194336
random_9,4.0,c042,2.999945640563965,-0.8750295639038086
random_9,4.0,c009,0.8749532699584961,1.4375123977661133
random_9,4.0,c047,0.6248035430908203,-0.31230831146240234
random_9,4.0,c050,1.622605323791504,0.43607616424560547
random_9,4.0,c043,0.125396728515625,-0.6244497299194336
random_9,4.0,c016,2.624922752380371,0.1249837875366211
random_9,4.0,c014,1.000014305114746,-0.812474250793457
random_9,4.0,c041,-1.500070571899414,1.1875076293945312
random_9,4.0,c006,1.5618391036987305,0.2499713897705078
random_9,4.0,c039,0.2506904602050781,2.3129968643188477
random_9,4.0,c017,3.124950408935547,-0.3123922348022461
random_9,4.0,c058,0.25000667572021484,-0.06249713897705078
random_9,4.0,c002,2.562432289123535,0.18744945526123047
random_9,4.0,c024,1.375514030456543,0.5007953643798828
random_9,4.0,c023,1.5624017715454102,-0.3125886917114258
random_9,4.0,c022,-0.18748950958251953,-0.31249523162841797
random_9,4.0,c056,0.5619335174560547,-1.0600900650024414
random_10,-1.0,c041,1.999868392944336,-0.18744468688964844
random_10,-1.0,c006,2.186981201171875,-0.2500171661376953
random_10,-1.0,c039,1.562504768371582,0.2499990463256836
random_10,-1.0,c017,5.249958038330078,0.2499866485595703
random_10,-1.0,c058,0.9999980926513672,0.3749980926513672
random_10,-1.0,c002,1.5624980926513672,0.1250133514404297
random_10,-1.0,c024,-0.18758773803710938,-0.25000572204589844
random_10,-1.0,c023,2.8122472763061523,0.4374227523803711
random_10,-1.0,c022,2.937432289123535,0.2500476837158203
random_10,-1.0,c056,0.5569677352905273,-0.1771688461303711
random_10,-1.0,c029,-1.812495231628418,-0.062496185302734375
random_10,-1.0,c025,-0.5623798370361328,0.18756961822509766
random_10,-1.0,c000,2.437211036682129,-0.4989948272705078
random_10,-1.0,c036,0.31197643280029297,-0.43757057189941406
random_10,-1.0,c020,9.437309265136719,0.3126220703125
random_10,-1.0,c011,4.812469482421875,0.37505340576171875
random_10,-1.0,c003,2.1250133514404297,0.1876077651977539
random_10,-1.0,c045,8.124592781066895,0.43736743927001953
random_10,-1.0,c046,-0.4358367919921875,0.5629692077636719
random_10,-1.0,c044,9.87389087677002,-0.18724727630615234
random_10,-1.0,c008,-0.5625,0.5625
random_10,-1.0,c049,4.5625,0.18750381469726562
random_10,-1.0,c013,9.9370698928833,-0.2500486373901367
random_10,-1.0,c042,3.9999141693115234,0.12493896484375
random_10,-1.0,c009,-0.5625362396240234,2.288818359375e-05
random_10,-1.0,c047,1.1244325637817383,0.18732070922851562
random_10,-1.0,c050,1.187098503112793,0.0005693435668945312
random_10,-1.0,c043,0.8748321533203125,0.1249856948852539
random_10,-1.0,c016,2.062469482421875,-0.437469482421875
random_10,-1.0,c014,1.9374828338623047,0.12499427795410156
random_10,-1.0,c041,-2.7500486373901367,-0.062470436096191406
random_10,-1.0,c006,1.0621271133422852,-0.2497406005859375
random_10,-1.0,c039,-1.4373912811279297,0.6249151229858398
random_10,-1.0,c017,3.6873769760131836,0.2500343322753906
random_10,-1.0,c058,0.5625019073486328,0.2499980926513672
random_10,-1.0,c002,2.562479019165039,0.18749618530273438
random_10,-1.0,c024,0.8123064041137695,-0.062412261962890625
random_10,-1.0,c023,1.9374504089355469,0.06245994567871094
random_10,-1.0,c022,-0.18752384185791016,-0.3125295639038086
random_10,-1.0,c056,1.8740177154541016,0.25199413299560547
random_10,1.0,c041,2.3743391036987305,0.1870260238647461
random_10,1.0,c006,2.4987306594848633,0.06173229217529297
random_10,1.0,c039,1.7499980926513672,0.43749237060546875
random_10,1.0,c017,4.624978065490723,-0.37499332427978516
random_10,1.0,c058,0.8749961853027344,0.24999618530273438
random_10,1.0,c002,1.4374847412109375,0.0
random_10,1.0,c024,0.12494373321533203,0.06252574920654297
random_10,1.0,c023,1.937234878540039,-0.4375896453857422
random_10,1.0,c022,2.6248779296875,-0.06250667572021484
random_10,1.0,c056,0.23093795776367188,-0.5031986236572266
random_10,1.0,c029,-2.249997138977051,-0.4999980926513672
random_10,1.0,c025,-0.5624799728393555,0.187469482421875
random_10,1.0,c000,2.8105545043945312,-0.12565135955810547
random_10,1.0,c036,0.561894416809082,-0.187652587890625
random_10,1.0,c020,8.374576568603516,-0.7501106262207031
random_10,1.0,c011,4.374868392944336,-0.06254768371582031
random_10,1.0,c003,1.6249780654907227,-0.3124275207519531
random_10,1.0,c045,7.624755859375,-0.062469482421875
random_10,1.0,c046,-0.812077522277832,0.18672847747802734
random_10,1.0,c044,9.434906005859375,-0.6262321472167969
random_10,1.0,c008,-1.375,-0.25
random_10,1.0,c049,4.437492370605469,0.062496185302734375
random_10,1.0,c013,9.56209659576416,-0.6250219345092773
random_10,1.0,c042,3.812448501586914,-0.06252670288085938
random_10,1.0,c009,-0.06265544891357422,0.49990367889404297
random_10,1.0,c047,1.0617942810058594,0.12468242645263672
random_10,1.0,c050,0.8739595413208008,-0.31256961822509766
random_10,1.0,c043,0.3746328353881836,-0.375213623046875
random_10,1.0,c016,2.437398910522461,-0.06254005432128906
random_10,1.0,c014,1.937490463256836,0.1250019073486328
random_10,1.0,c041,-2.5626296997070312,0.12494850158691406
random_10,1.0,c006,1.7491931915283203,0.43732547760009766
random_10,1.0,c039,-2.3749094009399414,-0.3126029968261719
random_10,1.0,c017,3.4374217987060547,7.915496826171875e-05
random_10,1.0,c058,0.1250019073486328,-0.1875019073486328
random_10,1.0,c002,2.62496280670166,0.24997997283935547
random_10,1.0,c024,1.2497320175170898,0.3750133514404297
random_10,1.0,c023,1.6249809265136719,-0.25000953674316406
random_10,1.0,c022,-0.18751049041748047,-0.3125162124633789
random_10,1.0,c056,1.6162958145141602,-0.0057277679443359375
random_10,-4.0,c041,2.1875734329223633,0.00026035308837890625
random_10,-4.0,c006,1.749990463256836,-0.6870079040527344
random_10,-4.0,c039,2.437506675720215,1.1250009536743164
random_10,-4.0,c017,5.249716758728027,0.24974536895751953
random_10,-4.0,c058,1.1875,0.5625
random_10,-4.0,c002,1.8750152587890625,0.437530517578125
random_10,-4.0,c024,0.3124818801879883,0.2500638961791992
random_10,-4.0,c023,2.9999256134033203,0.6251010894775391
random_10,-4.0,c022,3.812464714050293,1.1250801086425781
random_10,-4.0,c056,0.9373788833618164,0.20324230194091797
random_10,-4.0,c029,-0.5624961853027344,1.1875028610229492
random_10,-4.0,c025,-0.8746757507324219,-0.1247262954711914
random_10,-4.0,c000,2.000067710876465,-0.9361381530761719
random_10,-4.0,c036,-0.3129920959472656,-1.0625391006469727
random_10,-4.0,c020,9.249735832214355,0.12504863739013672
random_10,-4.0,c011,4.249990463256836,-0.1874256134033203
random_10,-4.0,c003,1.687612533569336,-0.24979305267333984
random_10,-4.0,c045,7.436905860900879,-0.2503194808959961
random_10,-4.0,c046,-0.2494220733642578,0.7493839263916016
random_10,-4.0,c044,10.061595916748047,0.000457763671875
random_10,-4.0,c008,-0.125,1.0
random_10,-4.0,c049,4.812498092651367,0.4375019073486328
random_10,-4.0,c013,10.061705589294434,-0.1254129409790039
random_10,-4.0,c042,3.187424659729004,-0.6875505447387695
random_10,-4.0,c009,-0.624995231628418,-0.06243610382080078
random_10,-4.0,c047,1.9368505477905273,0.9997386932373047
random_10,-4.0,c050,1.4996795654296875,0.31315040588378906
random_10,-4.0,c043,0.37476539611816406,-0.37508106231689453
random_10,-4.0,c016,2.625030517578125,0.125091552734375
random_10,-4.0,c014,1.999985694885254,0.18749713897705078
random_10,-4.0,c041,-2.5000505447387695,0.18752765655517578
random_10,-4.0,c006,0.749908447265625,-0.5619592666625977
random_10,-4.0,c039,-0.12494468688964844,1.937361717224121
random_10,-4.0,c017,3.8748321533203125,0.43748950958251953
random_10,-4.0,c058,1.25,0.9374961853027344
random_10,-4.0,c002,2.4999780654907227,0.12499523162841797
random_10,-4.0,c024,0.6876401901245117,-0.18707847595214844
random_10,-4.0,c023,2.1873769760131836,0.31238651275634766
random_10,-4.0,c022,-8.487701416015625e-05,-0.1250905990600586
random_10,-4.0,c056,1.750086784362793,0.12806320190429688
random_10,4.0,c041,2.0506134033203125,-0.13669967651367188
random_10,4.0,c006,2.090853691101074,-0.3461446762084961
random_10,4.0,c039,1.3749685287475586,0.062462806701660156
random_10,4.0,c017,3.749971389770508,-1.25
random_10,4.0,c058,1.1249980926513672,0.4999980926513672
random_10,4.0,c002,0.4998645782470703,-0.9376201629638672
random_10,4.0,c024,0.6247434616088867,0.5623254776000977
random_10,4.0,c023,0.9370784759521484,-1.4377460479736328
random_10,4.0,c022,1.9373455047607422,-0.7500391006469727
random_10,4.0,c056,0.6286401748657227,-0.10549640655517578
random_10,4.0,c029,-1.5625028610229492,0.18749618530273438
random_10,4.0,c025,-0.12567615509033203,0.6242733001708984
random_10,4.0,c000,2.352849006652832,-0.5833568572998047
random_10,4.0,c036,0.8726463317871094,0.12309932708740234
random_10,4.0,c020,8.37313175201416,-0.7515554428100586
random_10,4.0,c011,3.3730649948120117,-1.0643510818481445
random_10,4.0,c003,1.061417579650879,-0.8759880065917969
random_10,4.0,c045,6.7485504150390625,-0.9386749267578125
random_10,4.0,c046,-0.3258037567138672,0.6730022430419922
random_10,4.0,c044,8.048360824584961,-2.012777328491211
random_10,4.0,c008,-1.9999980926513672,-0.8749980926513672
random_10,4.0,c049,5.124970436096191,0.749974250793457
random_10,4.0,c013,7.809037208557129,-2.3780813217163086
random_10,4.0,c042,3.4366703033447266,-0.4383049011230469
random_10,4.0,c009,0.7584762573242188,1.321035385131836
random_10,4.0,c047,0.18540096282958984,-0.7517108917236328
random_10,4.0,c050,-0.13217449188232422,-1.3187036514282227
random_10,4.0,c043,1.1144323348999023,0.36458587646484375
random_10,4.0,c016,2.4370956420898438,-0.06284332275390625
random_10,4.0,c014,1.1874666213989258,-0.6250219345092773
random_10,4.0,c041,-1.439530372619629,1.2480478286743164
random_10,4.0,c006,1.996023178100586,0.6841554641723633
random_10,4.0,c039,-2.6241531372070312,-0.5618467330932617
random_10,4.0,c017,3.562410354614258,0.12506771087646484
random_10,4.0,c058,-0.6875,-1.0000038146972656
random_10,4.0,c002,1.0623865127563477,-1.312596321105957
random_10,4.0,c024,1.7491674423217773,0.8744487762451172
random_10,4.0,c023,1.8112754821777344,-0.06371498107910156
random_10,4.0,c022,0.24993515014648438,0.12492942810058594
random_10,4.0,c056,1.5079870223999023,-0.11403656005859375
random_11,-1.0,c041,2.812206268310547,0.6248931884765625
random_11,-1.0,c006,2.6866369247436523,0.24963855743408203
random_11,-1.0,c039,2.1249990463256836,0.8124933242797852
random_11,-1.0,c017,4.999917984008789,-5.340576171875e-05
random_11,-1.0,c058,1.0,0.375
random_11,-1.0,c002,1.9374895095825195,0.500004768371582
random_11,-1.0,c024,0.4373941421508789,0.37497615814208984
random_11,-1.0,c023,2.4371557235717773,0.062331199645996094
random_11,-1.0,c022,2.9998226165771484,0.3124380111694336
random_11,-1.0,c056,0.4863243103027344,-0.24781227111816406
random_11,-1.0,c029,-1.437495231628418,0.3125038146972656
random_11,-1.0,c025,-0.4375114440917969,0.3124380111694336
random_11,-1.0,c000,3.0618181228637695,0.1256122589111328
random_11,-1.0,c036,0.4996309280395508,-0.24991607666015625
random_11,-1.0,c020,9.186771392822266,0.062084197998046875
random_11,-1.0,c011,4.749917984008789,0.3125019073486328
random_11,-1.0,c003,2.312504768371582,0.37509918212890625
random_11,-1.0,c045,8.81213665008545,1.1249113082885742
random_11,-1.0,c046,-0.7498102188110352,0.24899578094482422
random_11,-1.0,c044,10.5582275390625,0.4970893859863281
random_11,-1.0,c008,-1.25,-0.125
random_11,-1.0,c049,5.374996185302734,1.0
random_11,-1.0,c013,10.43696403503418,0.2498455047607422
random_11,-1.0,c042,3.999959945678711,0.1249847412109375
random_11,-1.0,c009,-0.2500619888305664,0.3124971389770508
random_11,-1.0,c047,1.2490100860595703,0.31189823150634766
random_11,-1.0,c050,1.1245250701904297,-0.06200408935546875
random_11,-1.0,c043,0.6871490478515625,-0.0626974105834961
random_11,-1.0,c016,2.1874799728393555,-0.31245899200439453
random_11,-1.0,c014,1.8124895095825195,9.5367431640625e-07
random_11,-1.0,c041,-2.937533378601074,-0.2499551773071289
random_11,-1.0,c006,1.436772346496582,0.12490463256835938
random_11,-1.0,c039,-2.1248855590820312,-0.06257915496826172
random_11,-1.0,c017,3.624805450439453,0.18746280670166016
random_11,-1.0,c058,0.25,-0.06250381469726562
random_11,-1.0,c002,2.6249570846557617,0.24997425079345703
random_11,-1.0,c024,1.2498350143432617,0.37511634826660156
random_11,-1.0,c023,1.2499465942382812,-0.6250438690185547
random_11,-1.0,c022,0.12503623962402344,3.0517578125e-05
random_11,-1.0,c056,1.9983081817626953,0.3762845993041992
random_11,1.0,c041,2.1245784759521484,-0.06273460388183594
random_11,1.0,c006,1.8744840621948242,-0.5625143051147461
random_11,1.0,c039,1.4375076293945312,0.1250019073486328
random_11,1.0,c017,4.999910354614258,-6.103515625e-05
random_11,1.0,c058,0.1875,-0.4375
random_11,1.0,c002,1.374995231628418,-0.06248950958251953
random_11,1.0,c024,-6.29425048828125e-05,-0.062480926513671875
random_11,1.0,c023,2.6247119903564453,0.24988746643066406
random_11,1.0,c022,2.624875068664551,-0.06250953674316406
random_11,1.0,c056,0.5560684204101562,-0.1780681610107422
random_11,1.0,c029,-1.9999914169311523,-0.24999237060546875
random_11,1.0,c025,-0.4999256134033203,0.25002384185791016
random_11,1.0,c000,2.2484817504882812,-0.6877241134643555
random_11,1.0,c036,0.31209278106689453,-0.4374542236328125
random_11,1.0,c020,7.74984073638916,-1.3748464584350586
random_11,1.0,c011,4.499963760375977,0.06254768371582031
random_11,1.0,c003,1.6874628067016602,-0.24994277954101562
random_11,1.0,c045,7.374635696411133,-0.3125896453857422
random_11,1.0,c046,-0.8115577697753906,0.18724822998046875
random_11,1.0,c044,8.748616218566895,-1.3125219345092773
random_11,1.0,c008,-1.1875,-0.0625
random_11,1.0,c049,4.312496185302734,-0.0625
random_11,1.0,c013,9.499808311462402,-0.6873102188110352
random_11,1.0,c042,3.312479019165039,-0.5624961853027344
random_11,1.0,c009,-0.5000333786010742,0.06252574920654297
random_11,1.0,c047,0.8746128082275391,-0.062499046325683594
random_11,1.0,c050,0.9369707107543945,-0.2495584487915039
random_11,1.0,c043,0.7495479583740234,-0.00029850006103515625
random_11,1.0,c016,2.374966621398926,-0.12497234344482422
random_11,1.0,c014,1.9999961853027344,0.18750762939453125
random_11,1.0,c041,-3.000035285949707,-0.3124570846557617
random_11,1.0,c006,0.9369049072265625,-0.37496280670166016
random_11,1.0,c039,-2.187387466430664,-0.12508106231689453
random_11,1.0,c017,3.124917984008789,-0.3124246597290039
random_11,1.0,c058,0.5,0.18749618530273438
random_11,1.0,c002,2.3749866485595703,3.814697265625e-06
random_11,1.0,c024,1.0000343322753906,0.12531566619873047
random_11,1.0,c023,2.18731689453125,0.31232643127441406
random_11,1.0,c022,-0.1250162124633789,-0.25002193450927734
random_11,1.0,c056,1.6865119934082031,0.06448841094970703
random_11,-4.0,c041,2.874666213989258,0.6873531341552734
random_11,-4.0,c006,3.373806953430176,0.9368085861206055
random_11,-4.0,c039,2.4375038146972656,1.1249980926513672
random_11,-4.0,c017,6.249917030334473,1.2499456405639648
random_11,-4.0,c058,1.875,1.25
random_11,-4.0,c002,3.0624828338623047,1.6249980926513672
random_11,-4.0,c024,1.4999351501464844,1.4375171661376953
random_11,-4.0,c023,2.4372215270996094,0.062397003173828125
random_11,-4.0,c022,3.937307357788086,1.249922752380371
random_11,-4.0,c056,0.9922647476196289,0.25812816619873047
random_11,-4.0,c029,-1.4999876022338867,0.2500114440917969
random_11,-4.0,c025,0.6250905990600586,1.375040054321289
random_11,-4.0,c000,3.936976432800293,1.0007705688476562
random_11,-4.0,c036,1.6239490509033203,0.8744020462036133
random_11,-4.0,c020,10.685564041137695,1.5608768463134766
random_11,-4.0,c011,5.124937057495117,0.6875209808349609
random_11,-4.0,c003,2.8749446868896484,0.9375391006469727
random_11,-4.0,c045,10.561933517456055,2.8747081756591797
random_11,-4.0,c046,0.06252861022949219,1.0613346099853516
random_11,-4.0,c044,12.872304916381836,2.811166763305664
random_11,-4.0,c008,-1.5,-0.375
random_11,-4.0,c049,5.874994277954102,1.4999980926513672
random_11,-4.0,c013,11.186979293823242,0.9998607635498047
random_11,-4.0,c042,5.437349319458008,1.5623741149902344
random_11,-4.0,c009,-0.3126096725463867,0.24994945526123047
random_11,-4.0,c047,2.1244735717773438,1.187361717224121
random_11,-4.0,c050,1.9371013641357422,0.7505722045898438
random_11,-4.0,c043,2.125330924987793,1.3754844665527344
random_11,-4.0,c016,2.999937057495117,0.4999980926513672
random_11,-4.0,c014,2.5624942779541016,0.7500057220458984
random_11,-4.0,c041,-1.6250123977661133,1.062565803527832
random_11,-4.0,c006,2.562225341796875,1.2503576278686523
random_11,-4.0,c039,-1.5620288848876953,0.5002775192260742
random_11,-4.0,c017,4.749772071838379,1.312429428100586
random_11,-4.0,c058,3.814697265625e-06,-0.3125
random_11,-4.0,c002,3.562469482421875,1.1874866485595703
random_11,-4.0,c024,2.124875068664551,1.2501564025878906
random_11,-4.0,c023,3.3124637603759766,1.4374732971191406
random_11,-4.0,c022,-0.06250381469726562,-0.18750953674316406
random_11,-4.0,c056,2.24881649017334,0.6267929077148438
random_11,4.0,c041,1.499964714050293,-0.6873483657836914
random_11,4.0,c006,1.2498931884765625,-1.1871051788330078
random_11,4.0,c039,-0.49999237060546875,-1.8124980926513672
random_11,4.0,c017,3.937424659729004,-1.062546730041504
random_11,4.0,c058,-0.375,-1.0
random_11,4.0,c002,0.5625143051147461,-0.8749704360961914
random_11,4.0,c024,0.31244659423828125,0.2500286102294922
random_11,4.0,c023,2.8748960494995117,0.5000715255737305
random_11,4.0,c022,2.187702178955078,-0.4996824264526367
random_11,4.0,c056,0.373504638671875,-0.36063194274902344
random_11,4.0,c029,-1.3124942779541016,0.43750476837158203
random_11,4.0,c025,-0.062323570251464844,0.6876258850097656
random_11,4.0,c000,1.8748235702514648,-1.0613822937011719
random_11,4.0,c036,0.37493896484375,-0.37460803985595703
random_11,4.0,c020,7.2498321533203125,-1.8748550415039062
random_11,4.0,c011,3.7499589920043945,-0.6874570846557617
random_11,4.0,c003,0.6874856948852539,-1.2499198913574219
random_11,4.0,c045,6.437319755554199,-1.2499055862426758
random_11,4.0,c046,0.6258449554443359,1.6246509552001953
random_11,4.0,c044,7.68701171875,-2.374126434326172
random_11,4.0,c008,-1.125,0.0
random_11,4.0,c049,2.437498092651367,-1.9374980926513672
random_11,4.0,c013,7.9373626708984375,-2.249755859375
random_11,4.0,c042,2.1249427795410156,-1.7500324249267578
random_11,4.0,c009,-1.6874847412109375,-1.1249256134033203
random_11,4.0,c047,0.49994564056396484,-0.4371662139892578
random_11,4.0,c050,0.12484264373779297,-1.0616865158081055
random_11,4.0,c043,0.1251964569091797,-0.6246500015258789
random_11,4.0,c016,1.8124370574951172,-0.6875019073486328
random_11,4.0,c014,1.1875200271606445,-0.6249685287475586
random_11,4.0,c041,-2.500040054321289,0.18753814697265625
random_11,4.0,c006,0.2496471405029297,-1.062220573425293
random_11,4.0,c039,-2.2499618530273438,-0.18765544891357422
random_11,4.0,c017,3.1249780654907227,-0.3123645782470703
random_11,4.0,c058,1.4375,1.1249961853027344
random_11,4.0,c002,2.499998092651367,0.1250152587890625
random_11,4.0,c024,0.7500057220458984,-0.12471294403076172
random_11,4.0,c023,3.3747434616088867,1.4997529983520508
random_11,4.0,c022,-0.3124732971191406,-0.43747901916503906
random_11,4.0,c056,1.8745746612548828,0.2525510787963867
random_12,-1.0,c041,2.4371023178100586,0.24978923797607422
random_12,-1.0,c006,2.3742599487304688,-0.06273841857910156
random_12,-1.0,c039,1.0625066757202148,-0.2499990463256836
random_12,-1.0,c017,5.124937057495117,0.12496566772460938
random_12,-1.0,c058,0.6249980926513672,-1.9073486328125e-06
random_12,-1.0,c002,1.3749923706054688,-0.06249237060546875
random_12,-1.0,c024,-8.58306884765625e-06,-0.06242656707763672
random_12,-1.0,c023,2.1870622634887695,-0.18776226043701172
random_12,-1.0,c022,2.749666213989258,0.06228160858154297
random_12,-1.0,c056,0.03782939910888672,-0.6963071823120117
random_12,-1.0,c029,-2.062493324279785,-0.31249427795410156
random_12,-1.0,c025,-0.8125419616699219,-0.0625925064086914
random_12,-1.0,c000,2.6237735748291016,-0.31243228912353516
random_12,-1.0,c036,-0.0006608963012695312,-0.7502079010009766
random_12,-1.0,c020,9.06190299987793,-0.06278419494628906
random_12,-1.0,c011,4.562370300292969,0.1249542236328125
random_12,-1.0,c003,1.6873273849487305,-0.2500782012939453
random_12,-1.0,c045,8.436729431152344,0.7495040893554688
random_12,-1.0,c046,-0.9992103576660156,-0.00040435791015625
random_12,-1.0,c044,9.934906959533691,-0.12623119354248047
random_12,-1.0,c008,-1.9375,-0.8125
random_12,-1.0,c049,4.437496185302734,0.0625
random_12,-1.0,c013,10.311378479003906,0.12425994873046875
random_12,-1.0,c042,3.749950408935547,-0.12502479553222656
random_12,-1.0,c009,-0.4376049041748047,0.1249542236328125
random_12,-1.0,c047,0.623870849609375,-0.31324100494384766
random_12,-1.0,c050,1.062143325805664,-0.12438583374023438
random_12,-1.0,c043,0.3121051788330078,-0.4377412796020508
random_12,-1.0,c016,2.3749074935913086,-0.1250314712524414
random_12,-1.0,c014,2.0624961853027344,0.25000762939453125
random_12,-1.0,c041,-2.8750381469726562,-0.18745994567871094
random_12,-1.0,c006,0.9367542266845703,-0.37511348724365234
random_12,-1.0,c039,-2.8746585845947266,-0.812352180480957
random_12,-1.0,c017,3.374847412109375,-0.06249523162841797
random_12,-1.0,c058,-0.12499618530273438,-0.4375
random_12,-1.0,c002,2.124988555908203,-0.24999427795410156
random_12,-1.0,c024,0.3122119903564453,-0.5625066757202148
random_12,-1.0,c023,1.8749189376831055,-7.152557373046875e-05
random_12,-1.0,c022,-0.3750038146972656,-0.5000095367431641
random_12,-1.0,c056,1.9333782196044922,0.3113546371459961
random_12,1.0,c041,2.4998998641967773,0.31258678436279297
random_12,1.0,c006,2.4370956420898438,9.72747802734375e-05
random_12,1.0,c039,1.8124971389770508,0.49999141693115234
random_12,1.0,c017,5.1249542236328125,0.12498283386230469
random_12,1.0,c058,0.7500019073486328,0.1250019073486328
random_12,1.0,c002,1.8750066757202148,0.43752193450927734
random_12,1.0,c024,0.562251091003418,0.4998331069946289
random_12,1.0,c023,2.6873607635498047,0.31253623962402344
random_12,1.0,c022,2.9373044967651367,0.24991989135742188
random_12,1.0,c056,0.431732177734375,-0.30240440368652344
random_12,1.0,c029,-1.7499980926513672,9.5367431640625e-07
random_12,1.0,c025,-0.18738555908203125,0.5625638961791992
random_12,1.0,c000,2.6244888305664062,-0.31171703338623047
random_12,1.0,c036,0.7494182586669922,-0.00012874603271484375
random_12,1.0,c020,8.49966812133789,-0.6250190734863281
random_12,1.0,c011,4.749959945678711,0.3125438690185547
random_12,1.0,c003,1.9999752044677734,0.06256961822509766
random_12,1.0,c045,7.499646186828613,-0.18757915496826172
random_12,1.0,c046,-0.3732328414916992,0.6255731582641602
random_12,1.0,c044,9.311552047729492,-0.7495861053466797
random_12,1.0,c008,-1.25,-0.125
random_12,1.0,c049,4.562498092651367,0.1875019073486328
random_12,1.0,c013,9.187326431274414,-0.9997920989990234
random_12,1.0,c042,3.6874608993530273,-0.1875143051147461
random_12,1.0,c009,-0.6250267028808594,-0.06246757507324219
random_12,1.0,c047,1.3122930526733398,0.3751811981201172
random_12,1.0,c050,1.3118906021118164,0.12536144256591797
random_12,1.0,c043,1.374542236328125,0.6246957778930664
random_12,1.0,c016,2.749940872192383,0.2500019073486328
random_12,1.0,c014,2.1249942779541016,0.31250572204589844
random_12,1.0,c041,-2.8125267028808594,-0.12494850158691406
random_12,1.0,c006,1.4371118545532227,0.125244140625
random_12,1.0,c039,-1.4373855590820312,0.6249208450317383
random_12,1.0,c017,3.624953269958496,0.18761062622070312
random_12,1.0,c058,0.1875019073486328,-0.1250019073486328
random_12,1.0,c002,2.874959945678711,0.49997711181640625
random_12,1.0,c024,1.437260627746582,0.5625419616699219
random_12,1.0,c023,2.249964714050293,0.37497425079345703
random_12,1.0,c022,0.3125009536743164,0.18749523162841797
random_12,1.0,c056,2.1238107681274414,0.5017871856689453
random_12,-4.0,c041,1.6867504119873047,-0.5005626678466797
random_12,-4.0,c006,2.1859264373779297,-0.2510719299316406
random_12,-4.0,c039,-0.1249837875366211,-1.4374895095825195
random_12,-4.0,c017,4.312349319458008,-0.6876220703125
random_12,-4.0,c058,1.1249961853027344,0.4999961853027344
random_12,-4.0,c002,0.5624980926513672,-0.8749866485595703
random_12,-4.0,c024,0.06250476837158203,8.678436279296875e-05
random_12,-4.0,c023,2.1247425079345703,-0.25008201599121094
random_12,-4.0,c022,1.2496395111083984,-1.4377450942993164
random_12,-4.0,c056,-0.1116781234741211,-0.8458147048950195
random_12,-4.0,c029,-1.1874876022338867,0.5625114440917969
random_12,-4.0,c025,-1.3124685287475586,-0.5625190734863281
random_12,-4.0,c000,1.7489566802978516,-1.1872491836547852
random_12,-4.0,c036,-0.3756084442138672,-1.1251554489135742
random_12,-4.0,c020,9.749124526977539,0.6244373321533203
random_12,-4.0,c011,2.9374237060546875,-1.4999923706054688
random_12,-4.0,c003,0.6871271133422852,-1.2502784729003906
random_12,-4.0,c045,8.43547534942627,0.7482500076293945
random_12,-4.0,c046,-1.2498092651367188,-0.2510032653808594
random_12,-4.0,c044,10.542434692382812,0.4812965393066406
random_12,-4.0,c008,-3.625,-2.5
random_12,-4.0,c049,2.7499961853027344,-1.625
random_12,-4.0,c013,10.747936248779297,0.5608177185058594
random_12,-4.0,c042,2.374910354614258,-1.5000648498535156
random_12,-4.0,c009,-0.5625820159912109,-2.288818359375e-05
random_12,-4.0,c047,0.5608530044555664,-0.37625885009765625
random_12,-4.0,c050,1.3710203170776367,0.18449115753173828
random_12,-4.0,c043,-1.8121232986450195,-2.561969757080078
random_12,-4.0,c016,1.4374465942382812,-1.0624923706054688
random_12,-4.0,c014,0.9374990463256836,-0.8749895095825195
random_12,-4.0,c041,-2.0626211166381836,0.6249570846557617
random_12,-4.0,c006,-0.0007047653198242188,-1.3125724792480469
random_12,-4.0,c039,-3.3121166229248047,-1.2498102188110352
random_12,-4.0,c017,3.1872310638427734,-0.25011157989501953
random_12,-4.0,c058,0.3750038146972656,0.0625
random_12,-4.0,c002,0.8749256134033203,-1.5000572204589844
random_12,-4.0,c024,-0.7502412796020508,-1.624959945678711
random_12,-4.0,c023,1.9999380111694336,0.12494754791259766
random_12,-4.0,c022,-1.3749971389770508,-1.5000028610229492
random_12,-4.0,c056,1.4298105239868164,-0.1922130584716797
random_12,4.0,c041,2.999906539916992,0.8125934600830078
random_12,4.0,c006,2.7495784759521484,0.3125801086425781
random_12,4.0,c039,2.1249876022338867,0.8124818801879883
random_12,4.0,c017,4.87493896484375,-0.1250324249267578
random_12,4.0,c058,0.9999980926513672,0.3749980926513672
random_12,4.0,c002,2.3750038146972656,0.9375190734863281
random_12,4.0,c024,1.1862668991088867,1.1238489151000977
random_12,4.0,c023,3.4375429153442383,1.062718391418457
random_12,4.0,c022,3.7496814727783203,1.0622968673706055
random_12,4.0,c056,1.4356689453125,0.7015323638916016
random_12,4.0,c029,-1.3125019073486328,0.4374971389770508
random_12,4.0,c025,0.6875228881835938,1.4374723434448242
random_12,4.0,c000,3.374544143676758,0.4383382797241211
random_12,4.0,c036,1.7495689392089844,1.0000219345092773
random_12,4.0,c020,7.812440872192383,-1.312246322631836
random_12,4.0,c011,4.562471389770508,0.12505531311035156
random_12,4.0,c003,2.4999589920043945,0.5625534057617188
random_12,4.0,c045,6.062471389770508,-1.6247539520263672
random_12,4.0,c046,1.0002613067626953,1.9990673065185547
random_12,4.0,c044,7.93742561340332,-2.1237125396728516
random_12,4.0,c008,0.7500019073486328,1.8750019073486328
random_12,4.0,c049,5.6875,1.3125038146972656
random_12,4.0,c013,8.124984741210938,-2.0621337890625
random_12,4.0,c042,4.062445640563965,0.1874704360961914
random_12,4.0,c009,0.12492179870605469,0.6874809265136719
random_12,4.0,c047,2.062424659729004,1.1253128051757812
random_12,4.0,c050,1.5622587203979492,0.3757295608520508
random_12,4.0,c043,2.1244468688964844,1.3746004104614258
random_12,4.0,c016,2.624940872192383,0.1250019073486328
random_12,4.0,c014,1.8125534057617188,6.4849853515625e-05
random_12,4.0,c041,-1.5624818801879883,1.125096321105957
random_12,4.0,c006,1.999751091003418,0.6878833770751953
random_12,4.0,c039,-0.06261539459228516,1.9996910095214844
random_12,4.0,c017,3.9999780654907227,0.5626354217529297
random_12,4.0,c058,1.0000019073486328,0.6874980926513672
random_12,4.0,c002,3.249983787536621,0.8750009536743164
random_12,4.0,c024,2.7498884201049805,1.8751697540283203
random_12,4.0,c023,3.562403678894043,1.687413215637207
random_12,4.0,c022,2.125020980834961,2.0000152587890625
random_12,4.0,c056,2.686610221862793,1.0645866394042969
random_13,-1.0,c041,1.874166488647461,-0.31314659118652344
random_13,-1.0,c006,2.2483739852905273,-0.18862438201904297
random_13,-1.0,c039,0.8125038146972656,-0.5000019073486328
random_13,-1.0,c017,4.687444686889648,-0.3125267028808594
random_13,-1.0,c058,0.06249427795410156,-0.5625057220458984
random_13,-1.0,c002,1.1874971389770508,-0.24998760223388672
random_13,-1.0,c024,-0.4376516342163086,-0.5000696182250977
random_13,-1.0,c023,2.312006950378418,-0.06281757354736328
random_13,-1.0,c022,2.3746585845947266,-0.3127260208129883
random_13,-1.0,c056,0.1567211151123047,-0.5774154663085938
random_13,-1.0,c029,-2.25,-0.5000009536743164
random_13,-1.0,c025,-0.8745241165161133,-0.12457466125488281
random_13,-1.0,c000,2.622450828552246,-0.3137550354003906
random_13,-1.0,c036,0.06127643585205078,-0.6882705688476562
random_13,-1.0,c020,8.749408721923828,-0.3752784729003906
random_13,-1.0,c011,4.312358856201172,-0.12505722045898438
random_13,-1.0,c003,1.4998035430908203,-0.43760204315185547
random_13,-1.0,c045,7.686967849731445,-0.0002574920654296875
random_13,-1.0,c046,-0.7516508102416992,0.24715518951416016
random_13,-1.0,c044,9.806292533874512,-0.25484561920166016
random_13,-1.0,c008,-1.8125,-0.6875
random_13,-1.0,c049,4.43748664855957,0.06249046325683594
random_13,-1.0,c013,9.249348640441895,-0.937769889831543
random_13,-1.0,c042,3.312323570251465,-0.5626516342163086
random_13,-1.0,c009,-0.5626916885375977,-0.00013256072998046875
random_13,-1.0,c047,0.5605268478393555,-0.3765850067138672
random_13,-1.0,c050,0.7470836639404297,-0.43944549560546875
random_13,-1.0,c043,0.06072998046875,-0.6891164779663086
random_13,-1.0,c016,2.0622177124023438,-0.43772125244140625
random_13,-1.0,c014,1.187479019165039,-0.6250095367431641
random_13,-1.0,c041,-3.1250104904174805,-0.43743228912353516
random_13,-1.0,c006,1.1857490539550781,-0.12611865997314453
random_13,-1.0,c039,-2.8119821548461914,-0.7496757507324219
random_13,-1.0,c017,3.1246395111083984,-0.31270313262939453
random_13,-1.0,c058,-0.25,-0.5625038146972656
random_13,-1.0,c002,1.9374208450317383,-0.4375619888305664
random_13,-1.0,c024,0.6863479614257812,-0.1883707046508789
random_13,-1.0,c023,1.7497749328613281,-0.1252155303955078
random_13,-1.0,c022,-0.12502193450927734,-0.2500276565551758
random_13,-1.0,c056,1.4948768615722656,-0.12714672088623047
random_13,1.0,c041,2.8749523162841797,0.6876392364501953
random_13,1.0,c006,2.6248741149902344,0.18787574768066406
random_13,1.0,c039,2.625,1.3124942779541016
random_13,1.0,c017,5.74995231628418,0.7499809265136719
random_13,1.0,c058,1.5,0.875
random_13,1.0,c002,1.9999942779541016,0.5625095367431641
random_13,1.0,c024,0.6249427795410156,0.5625247955322266
random_13,1.0,c023,3.4998626708984375,1.1250381469726562
random_13,1.0,c022,3.187540054321289,0.5001554489135742
random_13,1.0,c056,0.9964694976806641,0.2623329162597656
random_13,1.0,c029,-1.0,0.7499990463256836
random_13,1.0,c025,-0.12494564056396484,0.6250038146972656
random_13,1.0,c000,3.0620546340942383,0.12584877014160156
random_13,1.0,c036,0.9996566772460938,0.2501096725463867
random_13,1.0,c020,8.999786376953125,-0.12490081787109375
random_13,1.0,c011,5.062458038330078,0.6250419616699219
random_13,1.0,c003,2.249940872192383,0.31253528594970703
random_13,1.0,c045,7.937324523925781,0.25009918212890625
random_13,1.0,c046,-0.43718433380126953,0.5616216659545898
random_13,1.0,c044,9.749650001525879,-0.31148815155029297
random_13,1.0,c008,-0.625,0.5
random_13,1.0,c049,4.812498092651367,0.4375019073486328
random_13,1.0,c013,10.187278747558594,0.00016021728515625
random_13,1.0,c042,4.249982833862305,0.37500762939453125
random_13,1.0,c009,0.18747997283935547,0.7500391006469727
random_13,1.0,c047,1.3124151229858398,0.3753032684326172
random_13,1.0,c050,1.4372406005859375,0.25071144104003906
random_13,1.0,c043,1.3123760223388672,0.5625295639038086
random_13,1.0,c016,3.06247615814209,0.5625371932983398
random_13,1.0,c014,2.812498092651367,1.000009536743164
random_13,1.0,c041,-2.312501907348633,0.3750762939453125
random_13,1.0,c006,1.3123865127563477,0.000518798828125
random_13,1.0,c039,-1.062455177307129,0.9998512268066406
random_13,1.0,c017,3.687397003173828,0.25005435943603516
random_13,1.0,c058,0.5625,0.24999618530273438
random_13,1.0,c002,2.9374799728393555,0.5624971389770508
random_13,1.0,c024,1.5624542236328125,0.6877355575561523
random_13,1.0,c023,2.249967575073242,0.37497711181640625
random_13,1.0,c022,0.25000476837158203,0.1249990463256836
random_13,1.0,c056,2.437093734741211,0.8150701522827148
random_13,-4.0,c041,1.484731674194336,-0.7025814056396484
random_13,-4.0,c006,1.6613998413085938,-0.7755985260009766
random_13,-4.0,c039,-0.7500896453857422,-2.0625953674316406
random_13,-4.0,c017,3.061709403991699,-1.9382619857788086
random_13,-4.0,c058,-0.5000705718994141,-1.125070571899414
random_13,-4.0,c002,0.5624065399169922,-0.8750782012939453
random_13,-4.0,c024,-0.31844043731689453,-0.3808584213256836
random_13,-4.0,c023,0.866642951965332,-1.5081815719604492
random_13,-4.0,c022,2.032594680786133,-0.654789924621582
random_13,-4.0,c056,0.18012332916259766,-0.5540132522583008
random_13,-4.0,c029,-4.125025749206543,-2.3750267028808594
random_13,-4.0,c025,-0.9135475158691406,-0.16359806060791016
random_13,-4.0,c000,1.926300048828125,-1.0099058151245117
random_13,-4.0,c036,-1.2583589553833008,-2.007905960083008
random_13,-4.0,c020,9.121663093566895,-0.0030241012573242188
random_13,-4.0,c011,2.6222381591796875,-1.8151779174804688
random_13,-4.0,c003,0.5562639236450195,-1.3811416625976562
random_13,-4.0,c045,7.420890808105469,-0.26633453369140625
random_13,-4.0,c046,-1.0660429000854492,-0.06723690032958984
random_13,-4.0,c044,8.785555839538574,-1.2755823135375977
random_13,-4.0,c008,-2.9375038146972656,-1.8125038146972656
random_13,-4.0,c049,4.25057315826416,-0.12442302703857422
random_13,-4.0,c013,8.539384841918945,-1.6477336883544922
random_13,-4.0,c042,2.434878349304199,-1.4400968551635742
random_13,-4.0,c009,-2.2421340942382812,-1.679574966430664
random_13,-4.0,c047,0.15320968627929688,-0.7839021682739258
random_13,-4.0,c050,0.036380767822265625,-1.1501483917236328
random_13,-4.0,c043,-1.131479263305664,-1.8813257217407227
random_13,-4.0,c016,0.23093509674072266,-2.2690038681030273
random_13,-4.0,c014,-0.9377193450927734,-2.7502079010009766
random_13,-4.0,c041,-3.1881160736083984,-0.5005378723144531
random_13,-4.0,c006,0.9227762222290039,-0.38909149169921875
random_13,-4.0,c039,-4.534812927246094,-2.472506523132324
random_13,-4.0,c017,2.6239919662475586,-0.8133506774902344
random_13,-4.0,c058,-0.4374990463256836,-0.7500028610229492
random_13,-4.0,c002,0.6211585998535156,-1.753824234008789
random_13,-4.0,c024,0.7996444702148438,-0.0750741958618164
random_13,-4.0,c023,2.016101837158203,0.1411113739013672
random_13,-4.0,c022,-0.13233184814453125,-0.2573375701904297
random_13,-4.0,c056,0.5286693572998047,-1.0933542251586914
random_13,4.0,c041,5.374998092651367,3.187685012817383
random_13,4.0,c006,3.9999704360961914,1.562972068786621
random_13,4.0,c039,4.125001907348633,2.8124961853027344
random_13,4.0,c017,7.187492370605469,2.187520980834961
random_13,4.0,c058,3.5625,2.9375
random_13,4.0,c002,4.000003814697266,2.562519073486328
random_13,4.0,c024,2.375004768371582,2.312586784362793
random_13,4.0,c023,5.249994277954102,2.8751697540283203
random_13,4.0,c022,4.249999046325684,1.5626144409179688
random_13,4.0,c056,2.9374427795410156,2.203306198120117
random_13,4.0,c029,2.5,4.249999046325684
random_13,4.0,c025,1.3124980926513672,2.0624475479125977
random_13,4.0,c000,4.187483787536621,1.2512779235839844
random_13,4.0,c036,2.624980926513672,1.8754339218139648
random_13,4.0,c020,10.37498950958252,1.2503023147583008
random_13,4.0,c011,5.750002861022949,1.312586784362793
random_13,4.0,c003,3.3750085830688477,1.4376029968261719
random_13,4.0,c045,9.749940872192383,2.062715530395508
random_13,4.0,c046,1.6875362396240234,2.686342239379883
random_13,4.0,c044,12.687480926513672,2.6263427734375
random_13,4.0,c008,2.125,3.25
random_13,4.0,c049,5.8125,1.4375038146972656
random_13,4.0,c013,11.624988555908203,1.4378700256347656
random_13,4.0,c042,5.37498664855957,1.5000114440917969
random_13,4.0,c009,2.1875,2.750059127807617
random_13,4.0,c047,3.0625076293945312,2.1253957748413086
random_13,4.0,c050,2.437490463256836,1.2509613037109375
random_13,4.0,c043,2.3124990463256836,1.562652587890625
random_13,4.0,c016,4.624996185302734,2.1250572204589844
random_13,4.0,c014,5.000001907348633,3.1875133514404297
random_13,4.0,c041,-0.4375038146972656,2.2500743865966797
random_13,4.0,c006,3.1874942779541016,1.875626564025879
random_13,4.0,c039,1.6250123977661133,3.687318801879883
random_13,4.0,c017,4.812504768371582,1.375162124633789
random_13,4.0,c058,3.375001907348633,3.062498092651367
random_13,4.0,c002,4.999999046325684,2.625016212463379
random_13,4.0,c024,2.8750038146972656,2.0002851486206055
random_13,4.0,c023,3.5625104904174805,1.6875200271606445
random_13,4.0,c022,1.3124961853027344,1.187490463256836
random_13,4.0,c056,3.7499923706054688,2.1279687881469727
random_14,-1.0,c041,2.8742446899414062,0.6869316101074219
random_14,-1.0,c006,2.433894157409668,-0.0031042098999023438
random_14,-1.0,c039,2.5625,1.2499942779541016
random_14,-1.0,c017,5.062213897705078,0.06224250793457031
random_14,-1.0,c058,1.6249923706054688,0.9999923706054688
random_14,-1.0,c002,2.31246280670166,0.8749780654907227
random_14,-1.0,c024,0.5622844696044922,0.4998664855957031
random_14,-1.0,c023,2.9371566772460938,0.5623321533203125
random_14,-1.0,c022,2.8745832443237305,0.18719863891601562
random_14,-1.0,c056,0.5568180084228516,-0.17731857299804688
random_14,-1.0,c029,-0.9999866485595703,0.7500123977661133
random_14,-1.0,c025,-0.3747062683105469,0.3752431869506836
random_14,-1.0,c000,2.9349594116210938,-0.0012464523315429688
random_14,-1.0,c036,0.9986944198608398,0.2491474151611328
random_14,-1.0,c020,8.248608589172363,-0.8760786056518555
random_14,-1.0,c011,4.624661445617676,0.18724536895751953
random_14,-1.0,c003,2.249699592590332,0.31229400634765625
random_14,-1.0,c045,7.6865129470825195,-0.0007123947143554688
random_14,-1.0,c046,-0.12476062774658203,0.8740453720092773
random_14,-1.0,c044,9.74474048614502,-0.31639766693115234
random_14,-1.0,c008,-0.5,0.625
random_14,-1.0,c049,4.999992370605469,0.6249961853027344
random_14,-1.0,c013,9.436158180236816,-0.7509603500366211
random_14,-1.0,c042,4.312000274658203,0.4370250701904297
random_14,-1.0,c009,0.31227779388427734,0.8748369216918945
random_14,-1.0,c047,1.4971227645874023,0.5600109100341797
random_14,-1.0,c050,1.1230859756469727,-0.06344318389892578
random_14,-1.0,c043,1.1227350234985352,0.37288856506347656
random_14,-1.0,c016,2.999873161315918,0.49993419647216797
random_14,-1.0,c014,2.499988555908203,0.6875
random_14,-1.0,c041,-1.8127994537353516,0.8747787475585938
random_14,-1.0,c006,1.623326301574707,0.3114585876464844
random_14,-1.0,c039,-1.374617576599121,0.6876888275146484
random_14,-1.0,c017,3.8745946884155273,0.4372520446777344
random_14,-1.0,c058,0.5625,0.24999618530273438
random_14,-1.0,c002,2.874879837036133,0.4998970031738281
random_14,-1.0,c024,1.6855573654174805,0.8108386993408203
random_14,-1.0,c023,2.1873655319213867,0.3123750686645508
random_14,-1.0,c022,0.18747520446777344,0.062469482421875
random_14,-1.0,c056,2.36824893951416,0.7462253570556641
random_14,1.0,c041,2.1874170303344727,0.00010395050048828125
random_14,1.0,c006,1.8749198913574219,-0.5620784759521484
random_14,1.0,c039,0.875004768371582,-0.4375009536743164
random_14,1.0,c017,5.312482833862305,0.3125114440917969
random_14,1.0,c058,0.125,-0.5
random_14,1.0,c002,0.6874980926513672,-0.7499866485595703
random_14,1.0,c024,-0.43759727478027344,-0.5000152587890625
random_14,1.0,c023,1.6874303817749023,-0.6873941421508789
random_14,1.0,c022,2.500002861022949,-0.18738174438476562
random_14,1.0,c056,-0.2509012222290039,-0.9850378036499023
random_14,1.0,c029,-2.374998092651367,-0.6249990463256836
random_14,1.0,c025,-0.8124933242797852,-0.06254386901855469
random_14,1.0,c000,2.5622825622558594,-0.37392330169677734
random_14,1.0,c036,-0.12522411346435547,-0.8747711181640625
random_14,1.0,c020,8.999870300292969,-0.12481689453125
random_14,1.0,c011,4.6874847412109375,0.25006866455078125
random_14,1.0,c003,1.3749513626098633,-0.5624542236328125
random_14,1.0,c045,7.687419891357422,0.000194549560546875
random_14,1.0,c046,-1.249283790588379,-0.25047779083251953
random_14,1.0,c044,10.186915397644043,0.1257772445678711
random_14,1.0,c008,-2.0,-0.875
random_14,1.0,c049,4.437498092651367,0.06250190734863281
random_14,1.0,c013,10.312396049499512,0.12527751922607422
random_14,1.0,c042,3.249998092651367,-0.6249771118164062
random_14,1.0,c009,-1.1875066757202148,-0.6249475479125977
random_14,1.0,c047,0.4373893737792969,-0.4997224807739258
random_14,1.0,c050,0.7496776580810547,-0.43685150146484375
random_14,1.0,c043,0.18754196166992188,-0.5623044967651367
random_14,1.0,c016,1.5625,-0.93743896484375
random_14,1.0,c014,1.374990463256836,-0.4374980926513672
random_14,1.0,c041,-3.0625181198120117,-0.3749399185180664
random_14,1.0,c006,0.49989795684814453,-0.8119697570800781
random_14,1.0,c039,-2.687361717224121,-0.6250553131103516
random_14,1.0,c017,3.374967575073242,-0.06237506866455078
random_14,1.0,c058,-0.3124980926513672,-0.6250019073486328
random_14,1.0,c002,1.812490463256836,-0.5624923706054688
random_14,1.0,c024,0.749934196472168,-0.12478446960449219
random_14,1.0,c023,1.9374923706054688,0.06250190734863281
random_14,1.0,c022,-0.18749332427978516,-0.3124990463256836
random_14,1.0,c056,1.4370927810668945,-0.18493080139160156
random_14,-4.0,c041,2.918459892272949,0.7311468124389648
random_14,-4.0,c006,3.1460561752319336,0.7090578079223633
random_14,-4.0,c039,2.9378890991210938,1.6253833770751953
random_14,-4.0,c017,5.1202239990234375,0.12025260925292969
random_14,-4.0,c058,2.3748388290405273,1.7498388290405273
random_14,-4.0,c002,3.6875810623168945,2.250096321105957
random_14,-4.0,c024,2.373598098754883,2.3111801147460938
random_14,-4.0,c023,3.2544660568237305,0.8796415328979492
random_14,-4.0,c022,3.119198799133301,0.43181419372558594
random_14,-4.0,c056,2.331376075744629,1.5972394943237305
random_14,-4.0,c029,0.5624704360961914,2.312469482421875
random_14,-4.0,c025,0.9406557083129883,1.6906051635742188
random_14,-4.0,c000,3.1131954193115234,0.17698955535888672
random_14,-4.0,c036,1.8399667739868164,1.0904197692871094
random_14,-4.0,c020,7.547573089599609,-1.5771141052246094
random_14,-4.0,c011,3.9938879013061523,-0.4435281753540039
random_14,-4.0,c003,2.7531919479370117,0.8157863616943359
random_14,-4.0,c045,6.171171188354492,-1.5160541534423828
random_14,-4.0,c046,2.2996129989624023,3.2984189987182617
random_14,-4.0,c044,7.131776809692383,-2.929361343383789
random_14,-4.0,c008,0.3124980926513672,1.4374980926513672
random_14,-4.0,c049,4.812234878540039,0.4372386932373047
random_14,-4.0,c013,7.768362045288086,-2.4187564849853516
random_14,-4.0,c042,4.673325538635254,0.7983503341674805
random_14,-4.0,c009,0.6865072250366211,1.2490663528442383
random_14,-4.0,c047,2.265824317932129,1.3287124633789062
random_14,-4.0,c050,2.06695556640625,0.8804264068603516
random_14,-4.0,c043,2.4747867584228516,1.724940299987793
random_14,-4.0,c016,3.8704872131347656,1.3705482482910156
random_14,-4.0,c014,4.0598602294921875,2.2473716735839844
random_14,-4.0,c041,-0.20647621154785156,2.4811019897460938
random_14,-4.0,c006,2.5700502395629883,1.2581825256347656
random_14,-4.0,c039,0.5629215240478516,2.625227928161621
random_14,-4.0,c017,3.930105209350586,0.49276256561279297
random_14,-4.0,c058,1.3125085830688477,1.000004768371582
random_14,-4.0,c002,3.68721866607666,1.3122358322143555
random_14,-4.0,c024,2.242094039916992,1.367375373840332
random_14,-4.0,c023,3.119028091430664,1.2440376281738281
random_14,-4.0,c022,1.2472610473632812,1.1222553253173828
random_14,-4.0,c056,3.202360153198242,1.580336570739746
random_14,4.0,c041,0.9374942779541016,-1.2498188018798828
random_14,4.0,c006,0.6875,-1.7494983673095703
random_14,4.0,c039,-0.9374980926513672,-2.2500038146972656
random_14,4.0,c017,3.500001907348633,-1.499969482421875
random_14,4.0,c058,-1.25,-1.875
random_14,4.0,c002,-1.125,-2.5624847412109375
random_14,4.0,c024,-1.2500057220458984,-1.3124237060546875
random_14,4.0,c023,-0.1250171661376953,-2.4998416900634766
random_14,4.0,c022,1.9999828338623047,-0.6874017715454102
random_14,4.0,c056,-0.7499856948852539,-1.4841222763061523
random_14,4.0,c029,-3.3749961853027344,-1.6249971389770508
random_14,4.0,c025,-1.5624265670776367,-0.8124771118164062
random_14,4.0,c000,1.75,-1.1862058639526367
random_14,4.0,c036,-1.1875,-1.937047004699707
random_14,4.0,c020,8.624974250793457,-0.4997129440307617
random_14,4.0,c011,3.6874942779541016,-0.7499217987060547
random_14,4.0,c003,-0.5,-2.437405586242676
random_14,4.0,c045,7.437456130981445,-0.2497692108154297
random_14,4.0,c046,-1.9373512268066406,-0.9385452270507812
random_14,4.0,c044,9.187491416931152,-0.8736467361450195
random_14,4.0,c008,-4.0625,-2.9375
random_14,4.0,c049,4.0,-0.3749961853027344
random_14,4.0,c013,9.56247615814209,-0.6246423721313477
random_14,4.0,c042,2.125,-1.7499752044677734
random_14,4.0,c009,-2.5,-1.9374408721923828
random_14,4.0,c047,-0.3750267028808594,-1.312138557434082
random_14,4.0,c050,0.12497615814208984,-1.0615530014038086
random_14,4.0,c043,0.12498760223388672,-0.6248588562011719
random_14,4.0,c016,-0.6249980926513672,-3.124937057495117
random_14,4.0,c014,0.8125123977661133,-0.9999761581420898
random_14,4.0,c041,-3.1874961853027344,-0.49991798400878906
random_14,4.0,c006,-1.0000076293945312,-2.311875343322754
random_14,4.0,c039,-4.1249799728393555,-2.062673568725586
random_14,4.0,c017,2.2499961853027344,-1.1873464584350586
random_14,4.0,c058,-1.8749980926513672,-2.187501907348633
random_14,4.0,c002,-0.31249427795410156,-2.6874771118164062
random_14,4.0,c024,0.12503528594970703,-0.7496833801269531
random_14,4.0,c023,1.5624561309814453,-0.3125343322753906
random_14,4.0,c022,-0.7499990463256836,-0.875004768371582
random_14,4.0,c056,0.12501049041748047,-1.4970130920410156
random_15,-1.0,c041,2.062225341796875,-0.12508773803710938
random_15,-1.0,c006,1.8121109008789062,-0.6248874664306641
random_15,-1.0,c039,1.9375066757202148,0.6250009536743164
random_15,-1.0,c017,4.937421798706055,-0.06254959106445312
random_15,-1.0,c058,0.5625,-0.0625
random_15,-1.0,c002,1.4374933242797852,8.58306884765625e-06
random_15,-1.0,c024,0.4998779296875,0.43745994567871094
random_15,-1.0,c023,2.437265396118164,0.06244087219238281
random_15,-1.0,c022,2.5623779296875,-0.12500667572021484
random_15,-1.0,c056,0.5469274520874023,-0.1872091293334961
random_15,-1.0,c029,-1.7499961853027344,2.86102294921875e-06
random_15,-1.0,c025,-0.12496471405029297,0.6249847412109375
random_15,-1.0,c000,2.374506950378418,-0.5616989135742188
random_15,-1.0,c036,0.5621919631958008,-0.18735504150390625
random_15,-1.0,c020,8.187362670898438,-0.9373245239257812
random_15,-1.0,c011,4.437432289123535,1.621246337890625e-05
random_15,-1.0,c003,1.812403678894043,-0.1250019073486328
random_15,-1.0,c045,6.874835968017578,-0.8123893737792969
random_15,-1.0,c046,-0.5006580352783203,0.49814796447753906
random_15,-1.0,c044,9.311681747436523,-0.7494564056396484
random_15,-1.0,c008,-1.25,-0.125
random_15,-1.0,c049,4.124998092651367,-0.2499980926513672
random_15,-1.0,c013,9.999744415283203,-0.18737411499023438
random_15,-1.0,c042,3.499967575073242,-0.37500762939453125
random_15,-1.0,c009,-0.18752002716064453,0.37503910064697266
random_15,-1.0,c047,1.1246366500854492,0.18752479553222656
random_15,-1.0,c050,0.749608039855957,-0.4369211196899414
random_15,-1.0,c043,0.8743419647216797,0.1244955062866211
random_15,-1.0,c016,1.999990463256836,-0.49994850158691406
random_15,-1.0,c014,1.8749942779541016,0.06250572204589844
random_15,-1.0,c041,-2.312516212463379,0.3750619888305664
random_15,-1.0,c006,1.2496652603149414,-0.06220245361328125
random_15,-1.0,c039,-1.9998531341552734,0.062453269958496094
random_15,-1.0,c017,3.6249351501464844,0.1875925064086914
random_15,-1.0,c058,0.4375019073486328,0.12499809265136719
random_15,-1.0,c002,2.249990463256836,-0.12499237060546875
random_15,-1.0,c024,0.6873207092285156,-0.18739795684814453
random_15,-1.0,c023,2.1873579025268555,0.31236743927001953
random_15,-1.0,c022,0.18750381469726562,0.06249809265136719
random_15,-1.0,c056,1.6859512329101562,0.06392765045166016
random_15,1.0,c041,2.999408721923828,0.8120956420898438
random_15,1.0,c006,2.74868106842041,0.31168270111083984
random_15,1.0,c039,1.3125057220458984,0.0
random_15,1.0,c017,5.187366485595703,0.1873950958251953
random_15,1.0,c058,0.4999980926513672,-0.1250019073486328
random_15,1.0,c002,1.6874895095825195,0.25000476837158203
random_15,1.0,c024,-0.5002365112304688,-0.5626544952392578
random_15,1.0,c023,2.249636650085449,-0.12518787384033203
random_15,1.0,c022,3.1871261596679688,0.4997415542602539
random_15,1.0,c056,0.666071891784668,-0.06806468963623047
random_15,1.0,c029,-2.187495231628418,-0.4374961853027344
random_15,1.0,c025,-0.7500247955322266,-7.534027099609375e-05
random_15,1.0,c000,2.936756134033203,0.0005502700805664062
random_15,1.0,c036,0.06160545349121094,-0.6879415512084961
random_15,1.0,c020,9.624356269836426,0.49966907501220703
random_15,1.0,c011,4.374959945678711,-0.06245613098144531
random_15,1.0,c003,1.9999017715454102,0.062496185302734375
random_15,1.0,c045,8.374112129211426,0.6868867874145508
random_15,1.0,c046,-0.9975099563598633,0.0012960433959960938
random_15,1.0,c044,10.244852066040039,0.1837139129638672
random_15,1.0,c008,-1.1875,-0.0625
random_15,1.0,c049,4.499996185302734,0.125
random_15,1.0,c013,9.936948776245117,-0.2501697540283203
random_15,1.0,c042,4.374752044677734,0.49977684020996094
random_15,1.0,c009,-0.8126020431518555,-0.2500429153442383
random_15,1.0,c047,0.7489213943481445,-0.18819046020507812
random_15,1.0,c050,1.2488183975219727,0.06228923797607422
random_15,1.0,c043,0.6248054504394531,-0.12504100799560547
random_15,1.0,c016,2.8124160766601562,0.31247711181640625
random_15,1.0,c014,1.8750028610229492,0.0625143051147461
random_15,1.0,c041,-3.3750181198120117,-0.6874399185180664
random_15,1.0,c006,1.4368219375610352,0.1249542236328125
random_15,1.0,c039,-2.1248292922973633,-0.06252288818359375
random_15,1.0,c017,3.8123741149902344,0.3750314712524414
random_15,1.0,c058,-0.062496185302734375,-0.375
random_15,1.0,c002,2.37493896484375,-4.38690185546875e-05
random_15,1.0,c024,1.1868886947631836,0.31217002868652344
random_15,1.0,c023,2.062501907348633,0.18751144409179688
random_15,1.0,c022,-0.6249961853027344,-0.7500019073486328
random_15,1.0,c056,1.9352779388427734,0.31325435638427734
random_15,-4.0,c041,0.3124723434448242,-1.8748407363891602
random_15,-4.0,c006,-0.0001087188720703125,-2.4371070861816406
random_15,-4.0,c039,1.375004768371582,0.062499046325683594
random_15,-4.0,c017,3.749971389770508,-1.25
random_15,-4.0,c058,1.4374980926513672,0.8124980926513672
random_15,-4.0,c002,0.5625,-0.8749847412109375
random_15,-4.0,c024,1.3750104904174805,1.3125925064086914
random_15,-4.0,c023,1.4374628067016602,-0.9373617172241211
random_15,-4.0,c022,2.0624752044677734,-0.6249094009399414
random_15,-4.0,c056,0.24188899993896484,-0.4922475814819336
random_15,-4.0,c029,-0.4999971389770508,1.2500019073486328
random_15,-4.0,c025,0.06253623962402344,0.8124856948852539
random_15,-4.0,c000,1.0623321533203125,-1.8738737106323242
random_15,-4.0,c036,0.3124570846557617,-0.4370899200439453
random_15,-4.0,c020,6.999972343444824,-2.1247148513793945
random_15,-4.0,c011,2.187501907348633,-2.2499141693115234
random_15,-4.0,c003,0.43747520446777344,-1.4999303817749023
random_15,-4.0,c045,5.562480926513672,-2.124744415283203
random_15,-4.0,c046,-0.8121070861816406,0.18669891357421875
random_15,-4.0,c044,6.749995231628418,-3.311142921447754
random_15,-4.0,c008,-0.3125,0.8125
random_15,-4.0,c049,3.312498092651367,-1.0624980926513672
random_15,-4.0,c013,7.937440872192383,-2.2496776580810547
random_15,-4.0,c042,1.1250038146972656,-2.749971389770508
random_15,-4.0,c009,0.062478065490722656,0.6250371932983398
random_15,-4.0,c047,0.93743896484375,0.00032711029052734375
random_15,-4.0,c050,0.3748970031738281,-0.8116321563720703
random_15,-4.0,c043,0.6875123977661133,-0.06233406066894531
random_15,-4.0,c016,0.7499980926513672,-1.7499408721923828
random_15,-4.0,c014,1.8750038146972656,0.0625152587890625
random_15,-4.0,c041,-1.374955177307129,1.3126230239868164
random_15,-4.0,c006,0.3124551773071289,-0.9994125366210938
random_15,-4.0,c039,-1.7496299743652344,0.31267642974853516
random_15,-4.0,c017,2.249959945678711,-1.187382698059082
random_15,-4.0,c058,0.5625019073486328,0.2499980926513672
random_15,-4.0,c002,0.999995231628418,-1.3749876022338867
random_15,-4.0,c024,0.5000247955322266,-0.3746938705444336
random_15,-4.0,c023,2.3124465942382812,0.4374561309814453
random_15,-4.0,c022,1.2500133514404297,1.1250076293945312
random_15,-4.0,c056,0.9364604949951172,-0.6855630874633789
random_15,4.0,c041,3.062265396118164,0.8749523162841797
random_15,4.0,c006,2.681915283203125,0.2449169158935547
random_15,4.0,c039,-0.6874980926513672,-2.0000038146972656
random_15,4.0,c017,5.187404632568359,0.18743324279785156
random_15,4.0,c058,-1.1250019073486328,-1.7500019073486328
random_15,4.0,c002,1.1875553131103516,-0.24992942810058594
random_15,4.0,c024,-1.500732421875,-1.563150405883789
random_15,4.0,c023,1.7492876052856445,-0.6255369186401367
random_15,4.0,c022,2.8742408752441406,0.18685626983642578
random_15,4.0,c056,0.7032032012939453,-0.030933380126953125
random_15,4.0,c029,-2.9375057220458984,-1.1875066757202148
random_15,4.0,c025,-1.3752775192260742,-0.6253280639648438
random_15,4.0,c000,2.809438705444336,-0.12676715850830078
random_15,4.0,c036,-0.3783893585205078,-1.1279363632202148
random_15,4.0,c020,10.117722511291504,0.9930353164672852
random_15,4.0,c011,3.5623817443847656,-0.8750343322753906
random_15,4.0,c003,1.374894142150879,-0.5625114440917969
random_15,4.0,c045,9.869847297668457,2.182621955871582
random_15,4.0,c046,-0.43871021270751953,0.5600957870483398
random_15,4.0,c044,10.693593978881836,0.6324558258056641
random_15,4.0,c008,-2.3125,-1.1875
random_15,4.0,c049,4.749990463256836,0.37499427795410156
random_15,4.0,c013,9.931259155273438,-0.255859375
random_15,4.0,c042,3.936051368713379,0.06107616424560547
random_15,4.0,c009,-1.1257362365722656,-0.5631771087646484
random_15,4.0,c047,-0.25351810455322266,-1.1906299591064453
random_15,4.0,c050,1.3680963516235352,0.18156719207763672
random_15,4.0,c043,1.4989299774169922,0.7490835189819336
random_15,4.0,c016,2.6244754791259766,0.12453651428222656
random_15,4.0,c014,1.874943733215332,0.062455177307128906
random_15,4.0,c041,-4.563394546508789,-1.8758163452148438
random_15,4.0,c006,0.6841888427734375,-0.6276788711547852
random_15,4.0,c039,-2.749723434448242,-0.6874170303344727
random_15,4.0,c017,2.999788284301758,-0.43755435943603516
random_15,4.0,c058,-0.6249961853027344,-0.9375
random_15,4.0,c002,2.124776840209961,-0.25020599365234375
random_15,4.0,c024,1.4984197616577148,0.6237010955810547
random_15,4.0,c023,1.7497377395629883,-0.12525272369384766
random_15,4.0,c022,-1.81280517578125,-1.9378108978271484
random_15,4.0,c056,3.1834259033203125,1.5614023208618164
random_16,-1.0,c041,2.0622940063476562,-0.12501907348632812
random_16,-1.0,c006,2.7489213943481445,0.3119230270385742
random_16,-1.0,c039,1.5624990463256836,0.24999332427978516
random_16,-1.0,c017,5.249914169311523,0.24994277954101562
random_16,-1.0,c058,0.6249961853027344,-3.814697265625e-06
random_16,-1.0,c002,1.8124780654907227,0.37499332427978516
random_16,-1.0,c024,-0.2501220703125,-0.31254005432128906
random_16,-1.0,c023,2.1873903274536133,-0.18743419647216797
random_16,-1.0,c022,2.812472343444824,0.12508773803710938
random_16,-1.0,c056,0.42835140228271484,-0.3057851791381836
random_16,-1.0,c029,-1.8749980926513672,-0.1249990463256836
random_16,-1.0,c025,-0.8125267028808594,-0.0625772476196289
random_16,-1.0,c000,2.749300003051758,-0.1869058609008789
random_16,-1.0,c036,0.31227779388427734,-0.4372692108154297
random_16,-1.0,c020,7.749497413635254,-1.3751897811889648
random_16,-1.0,c011,4.499927520751953,0.06251144409179688
random_16,-1.0,c003,1.9998693466186523,0.06246376037597656
random_16,-1.0,c045,7.062191009521484,-0.6250343322753906
random_16,-1.0,c046,-0.6862497329711914,0.31255626678466797
random_16,-1.0,c044,9.123111724853516,-0.9380264282226562
random_16,-1.0,c008,-0.6875,0.4375
random_16,-1.0,c049,3.9374961853027344,-0.4375
random_16,-1.0,c013,9.187080383300781,-1.0000381469726562
random_16,-1.0,c042,3.812450408935547,-0.06252479553222656
random_16,-1.0,c009,-0.5000476837158203,0.06251144409179688
random_16,-1.0,c047,0.3746204376220703,-0.5624914169311523
random_16,-1.0,c050,1.249171257019043,0.06264209747314453
random_16,-1.0,c043,0.624791145324707,-0.12505531311035156
random_16,-1.0,c016,2.1249351501464844,-0.3750038146972656
random_16,-1.0,c014,1.8749828338623047,0.06249427795410156
random_16,-1.0,c041,-2.875138282775879,-0.1875600814819336
random_16,-1.0,c006,1.8123149871826172,0.5004472732543945
random_16,-1.0,c039,-2.1872262954711914,-0.12491989135742188
random_16,-1.0,c017,2.99990177154541,-0.4374408721923828
random_16,-1.0,c058,-0.2499980926513672,-0.5625019073486328
random_16,-1.0,c002,2.9374828338623047,0.5625
random_16,-1.0,c024,1.187291145324707,0.3125724792480469
random_16,-1.0,c023,1.8748703002929688,-0.0001201629638671875
random_16,-1.0,c022,-0.18751239776611328,-0.3125181198120117
random_16,-1.0,c056,1.9368419647216797,0.3148183822631836
random_16,1.0,c041,2.437239646911621,0.24992656707763672
random_16,1.0,c006,2.0618743896484375,-0.3751239776611328
random_16,1.0,c039,2.2499990463256836,0.9374933242797852
random_16,1.0,c017,5.187419891357422,0.18744850158691406
random_16,1.0,c058,0.4374980926513672,-0.1875019073486328
random_16,1.0,c002,1.6249828338623047,0.1874980926513672
random_16,1.0,c024,0.6873741149902344,0.6249561309814453
random_16,1.0,c023,2.437180519104004,0.062355995178222656
random_16,1.0,c022,2.687356948852539,-2.765655517578125e-05
random_16,1.0,c056,0.4884071350097656,-0.2457294464111328
random_16,1.0,c029,-1.687495231628418,0.06250381469726562
random_16,1.0,c025,-0.37482166290283203,0.37512779235839844
random_16,1.0,c000,2.6867828369140625,-0.24942302703857422
random_16,1.0,c036,0.6866617202758789,-0.06288528442382812
random_16,1.0,c020,9.687150955200195,0.5624637603759766
random_16,1.0,c011,4.687402725219727,0.2499866485595703
random_16,1.0,c003,2.187413215637207,0.25000762939453125
random_16,1.0,c045,8.24974250793457,0.5625171661376953
random_16,1.0,c046,-0.374053955078125,0.6247520446777344
random_16,1.0,c044,10.498798370361328,0.43766021728515625
random_16,1.0,c008,-1.5625,-0.4375
random_16,1.0,c049,4.749998092651367,0.3750019073486328
random_16,1.0,c013,10.187254905700684,0.00013637542724609375
random_16,1.0,c042,4.187398910522461,0.3124237060546875
random_16,1.0,c009,-0.06254386901855469,0.5000152587890625
random_16,1.0,c047,1.4996252059936523,0.5625133514404297
random_16,1.0,c050,1.249197006225586,0.0626678466796875
random_16,1.0,c043,1.3750038146972656,0.625157356262207
random_16,1.0,c016,2.749932289123535,0.24999332427978516
random_16,1.0,c014,2.312488555908203,0.5
random_16,1.0,c041,-2.5625152587890625,0.1250629425048828
random_16,1.0,c006,1.2494878768920898,-0.06237983703613281
random_16,1.0,c039,-1.687429428100586,0.3748769760131836
random_16,1.0,c017,4.124964714050293,0.6876220703125
random_16,1.0,c058,0.375,0.062496185302734375
random_16,1.0,c002,2.374959945678711,-2.288818359375e-05
random_16,1.0,c024,1.187286376953125,0.31256771087646484
random_16,1.0,c023,2.249971389770508,0.3749809265136719
random_16,1.0,c022,0.2499990463256836,0.12499332427978516
random_16,1.0,c056,1.8725700378417969,0.2505464553833008
random_16,-4.0,c041,2.062479019165039,-0.12483406066894531
random_16,-4.0,c006,2.499640464782715,0.06264209747314453
random_16,-4.0,c039,2.0625181198120117,0.7500123977661133
random_16,-4.0,c017,4.624637603759766,-0.3753337860107422
random_16,-4.0,c058,0.12499809265136719,-0.5000019073486328
random_16,-4.0,c002,1.9374914169311523,0.5000066757202148
random_16,-4.0,c024,-0.8125267028808594,-0.8749446868896484
random_16,-4.0,c023,2.4998865127563477,0.1250619888305664
random_16,-4.0,c022,3.062289237976074,0.3749046325683594
random_16,-4.0,c056,0.68707275390625,-0.04706382751464844
random_16,-4.0,c029,-1.625,0.1249990463256836
random_16,-4.0,c025,-1.0625505447387695,-0.31260108947753906
random_16,-4.0,c000,2.687267303466797,-0.24893856048583984
random_16,-4.0,c036,-0.62506103515625,-1.374608039855957
random_16,-4.0,c020,6.687068939208984,-2.4376182556152344
random_16,-4.0,c011,3.874959945678711,-0.5624561309814453
random_16,-4.0,c003,1.812453269958496,-0.12495231628417969
random_16,-4.0,c045,5.937385559082031,-1.7498397827148438
random_16,-4.0,c046,-0.12319374084472656,0.8756122589111328
random_16,-4.0,c044,7.373025894165039,-2.688112258911133
random_16,-4.0,c008,-1.9073486328125e-06,1.1249980926513672
random_16,-4.0,c049,3.124990463256836,-1.2500057220458984
random_16,-4.0,c013,7.874500274658203,-2.3126182556152344
random_16,-4.0,c042,2.9999542236328125,-0.8750209808349609
random_16,-4.0,c009,-0.12509441375732422,0.43746471405029297
random_16,-4.0,c047,-0.000385284423828125,-0.9374971389770508
random_16,-4.0,c050,1.2498092651367188,0.06328010559082031
random_16,-4.0,c043,0.12439155578613281,-0.6254549026489258
random_16,-4.0,c016,1.8749780654907227,-0.6249608993530273
random_16,-4.0,c014,1.750004768371582,-0.062483787536621094
random_16,-4.0,c041,-2.68814754486084,-0.0005693435668945312
random_16,-4.0,c006,1.2499780654907227,-0.0618896484375
random_16,-4.0,c039,-2.3745250701904297,-0.31221866607666016
random_16,-4.0,c017,2.9373130798339844,-0.5000295639038086
random_16,-4.0,c058,0.125,-0.18750381469726562
random_16,-4.0,c002,2.9999818801879883,0.6249990463256836
random_16,-4.0,c024,1.6872692108154297,0.8125505447387695
random_16,-4.0,c023,2.9374351501464844,1.0624446868896484
random_16,-4.0,c022,-5.054473876953125e-05,-0.12505626678466797
random_16,-4.0,c056,1.437006950378418,-0.18501663208007812
random_16,4.0,c041,2.999879837036133,0.8125667572021484
random_16,4.0,c006,1.9999408721923828,-0.4370574951171875
random_16,4.0,c039,2.250002861022949,0.9374971389770508
random_16,4.0,c017,4.874977111816406,-0.12499427795410156
random_16,4.0,c058,1.6875019073486328,1.0625019073486328
random_16,4.0,c002,1.7500905990600586,0.3126058578491211
random_16,4.0,c024,2.249814033508301,2.1873960494995117
random_16,4.0,c023,4.062625885009766,1.6878013610839844
random_16,4.0,c022,2.937544822692871,0.25016021728515625
random_16,4.0,c056,1.4930963516235352,0.7589597702026367
random_16,4.0,c029,-0.8749980926513672,0.8750009536743164
random_16,4.0,c025,0.6878776550292969,1.4378271102905273
random_16,4.0,c000,2.8121328353881836,-0.12407302856445312
random_16,4.0,c036,1.9992704391479492,1.2497234344482422
random_16,4.0,c020,11.249881744384766,2.125194549560547
random_16,4.0,c011,4.625008583068848,0.1875925064086914
random_16,4.0,c003,1.312540054321289,-0.6248655319213867
random_16,4.0,c045,9.812372207641602,2.1251468658447266
random_16,4.0,c046,0.50067138671875,1.4994773864746094
random_16,4.0,c044,11.999832153320312,1.9386940002441406
random_16,4.0,c008,-2.0625,-0.9375
random_16,4.0,c049,6.374998092651367,2.000001907348633
random_16,4.0,c013,12.124920845031738,1.9378023147583008
random_16,4.0,c042,4.999985694885254,1.1250104904174805
random_16,4.0,c009,0.43749237060546875,1.000051498413086
random_16,4.0,c047,3.3749589920043945,2.437847137451172
random_16,4.0,c050,1.8746871948242188,0.6881580352783203
random_16,4.0,c043,1.9380159378051758,1.1881694793701172
random_16,4.0,c016,2.874943733215332,0.37500476837158203
random_16,4.0,c014,3.1250057220458984,1.3125171661376953
random_16,4.0,c041,-0.9374485015869141,1.7501296997070312
random_16,4.0,c006,1.999563217163086,0.6876955032348633
random_16,4.0,c039,-0.4374580383300781,1.6248483657836914
random_16,4.0,c017,4.499993324279785,1.0626506805419922
random_16,4.0,c058,0.8750038146972656,0.5625
random_16,4.0,c002,1.3124284744262695,-1.0625543594360352
random_16,4.0,c024,2.3122968673706055,1.4375782012939453
random_16,4.0,c023,3.812612533569336,1.9376220703125
random_16,4.0,c022,0.5000391006469727,0.3750333786010742
random_16,4.0,c056,2.061349868774414,0.43932628631591797
random_17,-1.0,c041,2.437211036682129,0.24989795684814453
random_17,-1.0,c006,2.498800277709961,0.061801910400390625
random_17,-1.0,c039,2.0625085830688477,0.7500028610229492
random_17,-1.0,c017,4.874916076660156,-0.12505531311035156
random_17,-1.0,c058,1.625,1.0
random_17,-1.0,c002,1.6874876022338867,0.2500028610229492
random_17,-1.0,c024,0.31219959259033203,0.24978160858154297
random_17,-1.0,c023,2.5621891021728516,0.1873645782470703
random_17,-1.0,c022,2.8124189376831055,0.12503433227539062
random_17,-1.0,c056,0.55419921875,-0.17993736267089844
random_17,-1.0,c029,-1.4999971389770508,0.2500019073486328
random_17,-1.0,c025,-0.6247577667236328,0.12519168853759766
random_17,-1.0,c000,2.56174373626709,-0.3744621276855469
random_17,-1.0,c036,0.6869525909423828,-0.06259441375732422
random_17,-1.0,c020,8.499739646911621,-0.6249475479125977
random_17,-1.0,c011,4.437475204467773,5.91278076171875e-05
random_17,-1.0,c003,1.6874408721923828,-0.24996471405029297
random_17,-1.0,c045,7.374691009521484,-0.3125343322753906
random_17,-1.0,c046,-0.3736124038696289,0.6251935958862305
random_17,-1.0,c044,8.99895191192627,-1.0621862411499023
random_17,-1.0,c008,-1.0,0.125
random_17,-1.0,c049,4.374996185302734,0.0
random_17,-1.0,c013,9.81212043762207,-0.3749980926513672
random_17,-1.0,c042,3.749950408935547,-0.12502479553222656
random_17,-1.0,c009,-0.2500286102294922,0.312530517578125
random_17,-1.0,c047,1.1242694854736328,0.18715763092041016
random_17,-1.0,c050,1.062295913696289,-0.12423324584960938
random_17,-1.0,c043,1.373605728149414,0.6237592697143555
random_17,-1.0,c016,2.374943733215332,-0.12499523162841797
random_17,-1.0,c014,2.25,0.4375114440917969
random_17,-1.0,c041,-2.375001907348633,0.3125762939453125
random_17,-1.0,c006,1.4996871948242188,0.1878194808959961
random_17,-1.0,c039,-1.4373559951782227,0.6249504089355469
random_17,-1.0,c017,3.6249494552612305,0.1876068115234375
random_17,-1.0,c058,0.8750019073486328,0.5624980926513672
random_17,-1.0,c002,2.312472343444824,-0.06251049041748047
random_17,-1.0,c024,0.9373273849487305,0.06260871887207031
random_17,-1.0,c023,2.0624122619628906,0.1874217987060547
random_17,-1.0,c022,0.12499332427978516,-1.239776611328125e-05
random_17,-1.0,c056,1.9356927871704102,0.31366920471191406
random_17,1.0,c041,2.499852180480957,0.31253910064697266
random_17,1.0,c006,1.9997444152832031,-0.4372539520263672
random_17,1.0,c039,1.1875019073486328,-0.12500381469726562
random_17,1.0,c017,4.874955177307129,-0.1250162124633789
random_17,1.0,c058,-0.06250190734863281,-0.6875019073486328
random_17,1.0,c002,1.3750019073486328,-0.06248283386230469
random_17,1.0,c024,-0.1250019073486328,-0.18741989135742188
random_17,1.0,c023,2.0622758865356445,-0.3125486373901367
random_17,1.0,c022,2.499919891357422,-0.18746471405029297
random_17,1.0,c056,0.3637666702270508,-0.37036991119384766
random_17,1.0,c029,-2.437498092651367,-0.6874990463256836
random_17,1.0,c025,-0.4999713897705078,0.24997806549072266
random_17,1.0,c000,2.8745813369750977,-0.06162452697753906
random_17,1.0,c036,0.12473011016845703,-0.62481689453125
random_17,1.0,c020,9.499547958374023,0.3748607635498047
random_17,1.0,c011,4.687448501586914,0.2500324249267578
random_17,1.0,c003,1.8124332427978516,-0.12497234344482422
random_17,1.0,c045,7.749574661254883,0.06234931945800781
random_17,1.0,c046,-1.1234426498413086,-0.12463665008544922
random_17,1.0,c044,9.998492240905762,-0.06264591217041016
random_17,1.0,c008,-1.8125,-0.6875
random_17,1.0,c049,4.749996185302734,0.375
random_17,1.0,c013,10.312067031860352,0.12494850158691406
random_17,1.0,c042,3.3749189376831055,-0.500056266784668
random_17,1.0,c009,-0.750025749206543,-0.18746662139892578
random_17,1.0,c047,0.49973583221435547,-0.4373760223388672
random_17,1.0,c050,0.9989957809448242,-0.18753337860107422
random_17,1.0,c043,0.6874427795410156,-0.06240367889404297
random_17,1.0,c016,2.3124094009399414,-0.1875295639038086
random_17,1.0,c014,2.125004768371582,0.3125162124633789
random_17,1.0,c041,-3.062501907348633,-0.3749237060546875
random_17,1.0,c006,1.374699592590332,0.06283187866210938
random_17,1.0,c039,-2.687424659729004,-0.6251182556152344
random_17,1.0,c017,3.3123645782470703,-0.12497806549072266
random_17,1.0,c058,-0.5,-0.8125038146972656
random_17,1.0,c002,2.312480926513672,-0.06250190734863281
random_17,1.0,c024,0.7496461868286133,-0.12507247924804688
random_17,1.0,c023,1.9375019073486328,0.06251144409179688
random_17,1.0,c022,-0.43749332427978516,-0.5624990463256836
random_17,1.0,c056,1.873983383178711,0.25195980072021484
random_17,-4.0,c041,1.9999122619628906,-0.18740081787109375
random_17,-4.0,c006,2.06221866607666,-0.37477970123291016
random_17,-4.0,c039,2.2500858306884766,0.9375801086425781
random_17,-4.0,c017,3.937509536743164,-1.0624618530273438
random_17,-4.0,c058,2.9374961853027344,2.3124961853027344
random_17,-4.0,c002,2.0000743865966797,0.5625896453857422
random_17,-4.0,c024,0.6246376037597656,0.5622196197509766
random_17,-4.0,c023,1.7500200271606445,-0.6248044967651367
random_17,-4.0,c022,2.5627574920654297,-0.12462711334228516
random_17,-4.0,c056,0.7502012252807617,0.01606464385986328
random_17,-4.0,c029,-0.3124837875366211,1.4375152587890625
random_17,-4.0,c025,-0.43718814849853516,0.3127613067626953
random_17,-4.0,c000,1.8123197555541992,-1.1238861083984375
random_17,-4.0,c036,0.6252679824829102,-0.12427902221679688
random_17,-4.0,c020,7.124932289123535,-1.9997549057006836
random_17,-4.0,c011,3.3124961853027344,-1.1249198913574219
random_17,-4.0,c003,1.2503728866577148,-0.6870326995849609
random_17,-4.0,c045,6.1874799728393555,-1.4997453689575195
random_17,-4.0,c046,0.12804889678955078,1.1268548965454102
random_17,-4.0,c044,7.24989128112793,-2.811246871948242
random_17,-4.0,c008,-0.25,0.875
random_17,-4.0,c049,3.125,-1.2499961853027344
random_17,-4.0,c013,8.749945640563965,-1.4371728897094727
random_17,-4.0,c042,3.2499914169311523,-0.6249837875366211
random_17,-4.0,c009,0.5625324249267578,1.125091552734375
random_17,-4.0,c047,1.4375877380371094,0.5004758834838867
random_17,-4.0,c050,1.1249256134033203,-0.061603546142578125
random_17,-4.0,c043,1.5633172988891602,0.8134708404541016
random_17,-4.0,c016,2.3750219345092773,-0.12491703033447266
random_17,-4.0,c014,2.125004768371582,0.3125162124633789
random_17,-4.0,c041,-0.43756580352783203,2.2500123977661133
random_17,-4.0,c006,1.4995431900024414,0.18767547607421875
random_17,-4.0,c039,0.3757162094116211,2.4380226135253906
random_17,-4.0,c017,3.7499399185180664,0.31259727478027344
random_17,-4.0,c058,2.1875076293945312,1.8750038146972656
random_17,-4.0,c002,1.7499332427978516,-0.6250495910644531
random_17,-4.0,c024,0.8125619888305664,-0.06215667724609375
random_17,-4.0,c023,2.0625,0.18750953674316406
random_17,-4.0,c022,0.9999980926513672,0.8749923706054688
random_17,-4.0,c056,1.6250276565551758,0.0030040740966796875
random_17,4.0,c041,1.3749561309814453,-0.8123569488525391
random_17,4.0,c006,1.6249523162841797,-0.8120460510253906
random_17,4.0,c039,-0.9999980926513672,-2.3125038146972656
random_17,4.0,c017,5.249937057495117,0.24996566772460938
random_17,4.0,c058,-1.125,-1.75
random_17,4.0,c002,0.5625019073486328,-0.8749828338623047
random_17,4.0,c024,-0.31249141693115234,-0.3749094009399414
random_17,4.0,c023,1.124979019165039,-1.2498455047607422
random_17,4.0,c022,2.687270164489746,-0.00011444091796875
random_17,4.0,c056,0.43375110626220703,-0.3003854751586914
random_17,4.0,c029,-3.1249961853027344,-1.3749971389770508
random_17,4.0,c025,-0.812495231628418,-0.0625457763671875
random_17,4.0,c000,1.9999103546142578,-0.9362955093383789
random_17,4.0,c036,-0.2501392364501953,-0.9996862411499023
random_17,4.0,c020,8.749686241149902,-0.3750009536743164
random_17,4.0,c011,4.812453269958496,0.37503719329833984
random_17,4.0,c003,0.6250019073486328,-1.312403678894043
random_17,4.0,c045,7.874485015869141,0.18725967407226562
random_17,4.0,c046,-0.5620098114013672,0.4367961883544922
random_17,4.0,c044,10.3104248046875,0.24928665161132812
random_17,4.0,c008,-2.9375,-1.8125
random_17,4.0,c049,3.4999961853027344,-0.875
random_17,4.0,c013,10.437347412109375,0.2502288818359375
random_17,4.0,c042,2.2499446868896484,-1.625030517578125
random_17,4.0,c009,-2.625033378601074,-2.062474250793457
random_17,4.0,c047,0.12486934661865234,-0.8122425079345703
random_17,4.0,c050,0.4986543655395508,-0.6878747940063477
random_17,4.0,c043,0.4374561309814453,-0.3123903274536133
random_17,4.0,c016,1.4999761581420898,-0.9999628067016602
random_17,4.0,c014,1.4374961853027344,-0.37499237060546875
random_17,4.0,c041,-3.124998092651367,-0.4374198913574219
random_17,4.0,c006,-0.3126640319824219,-1.6245317459106445
random_17,4.0,c039,-4.374853134155273,-2.312546730041504
random_17,4.0,c017,3.1874475479125977,-0.2498950958251953
random_17,4.0,c058,-1.375,-1.6875038146972656
random_17,4.0,c002,1.4374914169311523,-0.9374914169311523
random_17,4.0,c024,0.8748016357421875,8.296966552734375e-05
random_17,4.0,c023,1.7500190734863281,-0.12497138977050781
random_17,4.0,c022,-0.6875,-0.8125057220458984
random_17,4.0,c056,1.5622072219848633,-0.05981636047363281
random_18,-1.0,c041,2.062344551086426,-0.1249685287475586
random_18,-1.0,c006,1.9371719360351562,-0.49982643127441406
random_18,-1.0,c039,1.8750066757202148,0.5625009536743164
random_18,-1.0,c017,4.937471389770508,-0.0625
random_18,-1.0,c058,0.5624980926513672,-0.06250190734863281
random_18,-1.0,c002,1.1250076293945312,-0.31247711181640625
random_18,-1.0,c024,-0.06250476837158203,-0.1249227523803711
random_18,-1.0,c023,1.8124027252197266,-0.5624217987060547
random_18,-1.0,c022,2.12490177154541,-0.5624828338623047
random_18,-1.0,c056,0.3082618713378906,-0.4258747100830078
random_18,-1.0,c029,-2.2499961853027344,-0.4999971389770508
random_18,-1.0,c025,-0.49991893768310547,0.250030517578125
random_18,-1.0,c000,2.5617713928222656,-0.3744344711303711
random_18,-1.0,c036,0.6870517730712891,-0.06249523162841797
random_18,-1.0,c020,8.374689102172852,-0.7499980926513672
random_18,-1.0,c011,4.374933242797852,-0.06248283386230469
random_18,-1.0,c003,1.8124561309814453,-0.12494945526123047
random_18,-1.0,c045,6.999640464782715,-0.6875848770141602
random_18,-1.0,c046,-0.8748264312744141,0.12397956848144531
random_18,-1.0,c044,9.310784339904785,-0.7503538131713867
random_18,-1.0,c008,-0.9375,0.1875
random_18,-1.0,c049,3.937498092651367,-0.4374980926513672
random_18,-1.0,c013,9.812078475952148,-0.37504005432128906
random_18,-1.0,c042,4.062480926513672,0.18750572204589844
random_18,-1.0,c009,-0.8750419616699219,-0.3124828338623047
random_18,-1.0,c047,0.9993925094604492,0.06228065490722656
random_18,-1.0,c050,1.3746204376220703,0.18809127807617188
random_18,-1.0,c043,1.499990463256836,0.7501440048217773
random_18,-1.0,c016,2.499993324279785,5.435943603515625e-05
random_18,-1.0,c014,2.437490463256836,0.6250019073486328
random_18,-1.0,c041,-2.5625381469726562,0.12504005432128906
random_18,-1.0,c006,1.186777114868164,-0.1250905990600586
random_18,-1.0,c039,-1.874861717224121,0.18744468688964844
random_18,-1.0,c017,3.062466621398926,-0.3748760223388672
random_18,-1.0,c058,0.0,-0.3125038146972656
random_18,-1.0,c002,1.6874914169311523,-0.6874914169311523
random_18,-1.0,c024,0.9997386932373047,0.12502002716064453
random_18,-1.0,c023,1.4374570846557617,-0.4375333786010742
random_18,-1.0,c022,-0.06248188018798828,-0.18748760223388672
random_18,-1.0,c056,2.0618038177490234,0.43978023529052734
random_18,1.0,c041,2.7497825622558594,0.562469482421875
random_18,1.0,c006,2.437040328979492,4.1961669921875e-05
random_18,1.0,c039,1.5625038146972656,0.2499980926513672
random_18,1.0,c017,5.437431335449219,0.43745994567871094
random_18,1.0,c058,0.9999980926513672,0.3749980926513672
random_18,1.0,c002,1.8124961853027344,0.3750114440917969
random_18,1.0,c024,0.3748950958251953,0.31247711181640625
random_18,1.0,c023,2.812319755554199,0.43749523162841797
random_18,1.0,c022,2.8123779296875,0.12499332427978516
random_18,1.0,c056,0.17293167114257812,-0.5612049102783203
random_18,1.0,c029,-1.812495231628418,-0.062496185302734375
random_18,1.0,c025,-0.49988269805908203,0.25006675720214844
random_18,1.0,c000,2.749359130859375,-0.18684673309326172
random_18,1.0,c036,0.12481880187988281,-0.6247282028198242
random_18,1.0,c020,9.4371919631958,0.31250476837158203
random_18,1.0,c011,4.312433242797852,-0.12498283386230469
random_18,1.0,c003,2.12491512298584,0.18750953674316406
random_18,1.0,c045,8.374664306640625,0.68743896484375
random_18,1.0,c046,-0.30796337127685547,0.6908426284790039
random_18,1.0,c044,10.873451232910156,0.8123130798339844
random_18,1.0,c008,-1.125,0.0
random_18,1.0,c049,5.249996185302734,0.875
random_18,1.0,c013,10.061967849731445,-0.1251506805419922
random_18,1.0,c042,4.062421798706055,0.18744659423828125
random_18,1.0,c009,-0.687565803527832,-0.12500667572021484
random_18,1.0,c047,0.8120355606079102,-0.1250762939453125
random_18,1.0,c050,0.8742237091064453,-0.3123054504394531
random_18,1.0,c043,0.1248331069946289,-0.6250133514404297
random_18,1.0,c016,2.562397003173828,0.062458038330078125
random_18,1.0,c014,1.4999923706054688,-0.3124961853027344
random_18,1.0,c041,-2.8125362396240234,-0.12495803833007812
random_18,1.0,c006,1.3119316101074219,6.389617919921875e-05
random_18,1.0,c039,-1.687333106994629,0.3749732971191406
random_18,1.0,c017,3.6873817443847656,0.25003910064697266
random_18,1.0,c058,0.5625019073486328,0.2499980926513672
random_18,1.0,c002,3.5624561309814453,1.1874732971191406
random_18,1.0,c024,1.1871662139892578,0.31244754791259766
random_18,1.0,c023,2.2498855590820312,0.3748950958251953
random_18,1.0,c022,-3.719329833984375e-05,-0.12504291534423828
random_18,1.0,c056,1.6230525970458984,0.0010290145874023438
random_18,-4.0,c041,1.18743896484375,-0.9998741149902344
random_18,-4.0,c006,1.1870880126953125,-1.2499103546142578
random_18,-4.0,c039,1.5625019073486328,0.24999618530273438
random_18,-4.0,c017,3.812474250793457,-1.1874971389770508
random_18,-4.0,c058,0.0625,-0.5625
random_18,-4.0,c002,1.187514305114746,-0.2499704360961914
random_18,-4.0,c024,0.12497997283935547,0.0625619888305664
random_18,-4.0,c023,0.7500095367431641,-1.6248149871826172
random_18,-4.0,c022,2.2498998641967773,-0.4374847412109375
random_18,-4.0,c056,0.8730926513671875,0.13895606994628906
random_18,-4.0,c029,-1.5,0.2499990463256836
random_18,-4.0,c025,-0.18747520446777344,0.562474250793457
random_18,-4.0,c000,1.6246919631958008,-1.311513900756836
random_18,-4.0,c036,0.8750429153442383,0.12549591064453125
random_18,-4.0,c020,7.124737739562988,-1.9999494552612305
random_18,-4.0,c011,3.0625057220458984,-1.3749103546142578
random_18,-4.0,c003,1.0000133514404297,-0.9373922348022461
random_18,-4.0,c045,5.9372968673706055,-1.7499284744262695
random_18,-4.0,c046,-0.6867885589599609,0.31201744079589844
random_18,-4.0,c044,6.49930477142334,-3.561833381652832
random_18,-4.0,c008,-1.4375,-0.3125
random_18,-4.0,c049,3.124998092651367,-1.2499980926513672
random_18,-4.0,c013,8.18696117401123,-2.000157356262207
random_18,-4.0,c042,2.2500038146972656,-1.6249713897705078
random_18,-4.0,c009,-0.5000686645507812,0.06249046325683594
random_18,-4.0,c047,0.812312126159668,-0.12479972839355469
random_18,-4.0,c050,1.3121328353881836,0.12560367584228516
random_18,-4.0,c043,1.937582015991211,1.1877355575561523
random_18,-4.0,c016,1.8124752044677734,-0.6874637603759766
random_18,-4.0,c014,2.4375076293945312,0.6250190734863281
random_18,-4.0,c041,-1.312556266784668,1.3750219345092773
random_18,-4.0,c006,0.999730110168457,-0.3121376037597656
random_18,-4.0,c039,-1.4998235702514648,0.5624828338623047
random_18,-4.0,c017,2.2500104904174805,-1.1873321533203125
random_18,-4.0,c058,0.75,0.4374961853027344
random_18,-4.0,c002,0.5000247955322266,-1.8749580383300781
random_18,-4.0,c024,0.6251688003540039,-0.24954986572265625
random_18,-4.0,c023,1.1875066757202148,-0.6874837875366211
random_18,-4.0,c022,1.3125085830688477,1.1875028610229492
random_18,-4.0,c056,1.9999418258666992,0.3779182434082031
random_18,4.0,c041,2.24996280670166,0.06264972686767578
random_18,4.0,c006,2.3124351501464844,-0.12456321716308594
random_18,4.0,c039,0.5000476837158203,-0.8124580383300781
random_18,4.0,c017,4.062456130981445,-0.9375152587890625
random_18,4.0,c058,1.75,1.125
random_18,4.0,c002,1.1874942779541016,-0.24999046325683594
random_18,4.0,c024,0.9374160766601562,0.8749980926513672
random_18,4.0,c023,2.9373979568481445,0.5625734329223633
random_18,4.0,c022,2.5000076293945312,-0.1873769760131836
random_18,4.0,c056,0.18259525299072266,-0.5515413284301758
random_18,4.0,c029,-1.4375,0.3124990463256836
random_18,4.0,c025,-0.31233692169189453,0.43761253356933594
random_18,4.0,c000,2.2498092651367188,-0.686396598815918
random_18,4.0,c036,-1.0625181198120117,-1.8120651245117188
random_18,4.0,c020,9.937447547912598,0.8127603530883789
random_18,4.0,c011,2.6874771118164062,-1.74993896484375
random_18,4.0,c003,1.6875,-0.24990558624267578
random_18,4.0,c045,8.062302589416504,0.3750772476196289
random_18,4.0,c046,0.5629615783691406,1.561767578125
random_18,4.0,c044,11.124865531921387,1.0637273788452148
random_18,4.0,c008,-1.125,0.0
random_18,4.0,c049,5.624994277954102,1.2499980926513672
random_18,4.0,c013,10.18742847442627,0.00030994415283203125
random_18,4.0,c042,2.249971389770508,-1.6250038146972656
random_18,4.0,c009,-0.5625028610229492,5.626678466796875e-05
random_18,4.0,c047,-0.1875162124633789,-1.1246280670166016
random_18,4.0,c050,0.37482261657714844,-0.81170654296875
random_18,4.0,c043,-1.0626134872436523,-1.812459945678711
random_18,4.0,c016,1.562495231628418,-0.937443733215332
random_18,4.0,c014,0.18754005432128906,-1.624948501586914
random_18,4.0,c041,-2.312502861022949,0.3750753402709961
random_18,4.0,c006,0.9369688034057617,-0.37489891052246094
random_18,4.0,c039,-2.062422752380371,-0.0001163482666015625
random_18,4.0,c017,3.0624160766601562,-0.3749265670776367
random_18,4.0,c058,1.375,1.0624961853027344
random_18,4.0,c002,3.3124446868896484,0.9374618530273438
random_18,4.0,c024,1.1250381469726562,0.2503194808959961
random_18,4.0,c023,2.9999094009399414,1.1249189376831055
random_18,4.0,c022,0.2499837875366211,0.12497806549072266
random_18,4.0,c056,0.9990396499633789,-0.6229839324951172
random_19,-1.0,c041,1.8745965957641602,-0.3127164840698242
random_19,-1.0,c006,1.8739652633666992,-0.5630331039428711
random_19,-1.0,c039,1.6249961853027344,0.31249046325683594
random_19,-1.0,c017,4.749875068664551,-0.25009632110595703
random_19,-1.0,c058,0.3749980926513672,-0.2500019073486328
random_19,-1.0,c002,1.437504768371582,2.002716064453125e-05
random_19,-1.0,c024,-0.18767261505126953,-0.2500905990600586
random_19,-1.0,c023,2.249746322631836,-0.1250782012939453
random_19,-1.0,c022,2.187501907348633,-0.49988269805908203
random_19,-1.0,c056,0.1060943603515625,-0.6280422210693359
random_19,-1.0,c029,-2.124993324279785,-0.37499427795410156
random_19,-1.0,c025,-0.9371366500854492,-0.18718719482421875
random_19,-1.0,c000,2.3739547729492188,-0.562251091003418
random_19,-1.0,c036,0.37469482421875,-0.37485218048095703
random_19,-1.0,c020,8.624490737915039,-0.5001964569091797
random_19,-1.0,c011,3.874797821044922,-0.5626182556152344
random_19,-1.0,c003,1.2499256134033203,-0.6874799728393555
random_19,-1.0,c045,7.624220848083496,-0.0630044937133789
random_19,-1.0,c046,-0.8105316162109375,0.18827438354492188
random_19,-1.0,c044,9.119749069213867,-0.9413890838623047
random_19,-1.0,c008,-1.5,-0.375
random_19,-1.0,c049,4.374996185302734,0.0
random_19,-1.0,c013,9.249262809753418,-0.9378557205200195
random_19,-1.0,c042,3.7499446868896484,-0.125030517578125
random_19,-1.0,c009,-0.5626087188720703,-4.9591064453125e-05
random_19,-1.0,c047,0.7493295669555664,-0.18778228759765625
random_19,-1.0,c050,1.1869535446166992,0.00042438507080078125
random_19,-1.0,c043,0.3124122619628906,-0.43743419647216797
random_19,-1.0,c016,1.9373931884765625,-0.5625457763671875
random_19,-1.0,c014,1.3125123977661133,-0.49997615814208984
random_19,-1.0,c041,-3.437530517578125,-0.7499523162841797
random_19,-1.0,c006,0.8746414184570312,-0.4372262954711914
random_19,-1.0,c039,-2.124795913696289,-0.06248950958251953
random_19,-1.0,c017,3.374927520751953,-0.062415122985839844
random_19,-1.0,c058,0.125,-0.18750381469726562
random_19,-1.0,c002,2.1249475479125977,-0.25003528594970703
random_19,-1.0,c024,0.6870670318603516,-0.1876516342163086
random_19,-1.0,c023,1.4996576309204102,-0.3753328323364258
random_19,-1.0,c022,-0.6249923706054688,-0.7499980926513672
random_19,-1.0,c056,1.6204767227172852,-0.0015468597412109375
random_19,1.0,c041,2.624810218811035,0.4374971389770508
random_19,1.0,c006,2.6243743896484375,0.1873760223388672
random_19,1.0,c039,1.8749990463256836,0.5624933242797852
random_19,1.0,c017,5.374956130981445,0.3749847412109375
random_19,1.0,c058,1.0625,0.4375
random_19,1.0,c002,1.3124980926513672,-0.12498664855957031
random_19,1.0,c024,0.6875009536743164,0.6250829696655273
random_19,1.0,c023,2.562323570251465,0.1874990463256836
random_19,1.0,c022,3.124943733215332,0.4375591278076172
random_19,1.0,c056,0.4269218444824219,-0.30721473693847656
random_19,1.0,c029,-1.1874961853027344,0.5625028610229492
random_19,1.0,c025,-0.31240081787109375,0.4375486373901367
random_19,1.0,c000,3.061800956726074,0.1255950927734375
random_19,1.0,c036,0.8747825622558594,0.12523555755615234
random_19,1.0,c020,8.687356948852539,-0.4373302459716797
random_19,1.0,c011,4.874956130981445,0.43754005432128906
random_19,1.0,c003,2.4373703002929688,0.49996471405029297
random_19,1.0,c045,7.8123016357421875,0.1250762939453125
random_19,1.0,c046,-0.18732452392578125,0.8114814758300781
random_19,1.0,c044,9.99935531616211,-0.0617828369140625
random_19,1.0,c008,-1.0,0.125
random_19,1.0,c049,4.249998092651367,-0.12499809265136719
random_19,1.0,c013,10.12488079071045,-0.06223773956298828
random_19,1.0,c042,4.187444686889648,0.312469482421875
random_19,1.0,c009,-0.2500181198120117,0.31254100799560547
random_19,1.0,c047,0.8122720718383789,-0.12483978271484375
random_19,1.0,c050,1.0618553161621094,-0.12467384338378906
random_19,1.0,c043,1.0623970031738281,0.31255054473876953
random_19,1.0,c016,2.6874475479125977,0.18750858306884766
random_19,1.0,c014,2.1875,0.3750114440917969
random_19,1.0,c041,-2.4375076293945312,0.25007057189941406
random_19,1.0,c006,1.6871318817138672,0.37526416778564453
random_19,1.0,c039,-2.3120899200439453,-0.24978351593017578
random_19,1.0,c017,3.749967575073242,0.3126249313354492
random_19,1.0,c058,0.18750572204589844,-0.12499809265136719
random_19,1.0,c002,2.749990463256836,0.37500762939453125
random_19,1.0,c024,1.4372940063476562,0.5625753402709961
random_19,1.0,c023,2.3749637603759766,0.4999732971191406
random_19,1.0,c022,0.4374866485595703,0.3124809265136719
random_19,1.0,c056,2.1859750747680664,0.5639514923095703
random_19,-4.0,c041,0.6246824264526367,-1.5626306533813477
random_19,-4.0,c006,0.9983978271484375,-1.4386005401611328
random_19,-4.0,c039,0.0625314712524414,-1.249974250793457
random_19,-4.0,c017,3.4997682571411133,-1.5002031326293945
random_19,-4.0,c058,-0.12500381469726562,-0.7500038146972656
random_19,-4.0,c002,1.062485694885254,-0.3749990463256836
random_19,-4.0,c024,-1.0626888275146484,-1.1251068115234375
random_19,-4.0,c023,1.5620508193969727,-0.8127737045288086
random_19,-4.0,c022,0.8121213912963867,-1.8752632141113281
random_19,-4.0,c056,0.09647655487060547,-0.637660026550293
random_19,-4.0,c029,-3.4999961853027344,-1.7499971389770508
random_19,-4.0,c025,-1.248032569885254,-0.49808311462402344
random_19,-4.0,c000,1.3114080429077148,-1.6247978210449219
random_19,-4.0,c036,-0.2505464553833008,-1.0000934600830078
random_19,-4.0,c020,8.05882740020752,-1.0658597946166992
random_19,-4.0,c011,2.562422752380371,-1.8749933242797852
random_19,-4.0,c003,-0.7497978210449219,-2.6872034072875977
random_19,-4.0,c045,6.807460784912109,-0.8797645568847656
random_19,-4.0,c046,-1.118880271911621,-0.12007427215576172
random_19,-4.0,c044,8.85914421081543,-1.2019939422607422
random_19,-4.0,c008,-3.375,-2.25
random_19,-4.0,c049,3.812490463256836,-0.5625057220458984
random_19,-4.0,c013,8.428833961486816,-1.758284568786621
random_19,-4.0,c042,2.1873159408569336,-1.6876592636108398
random_19,-4.0,c009,-0.8758621215820312,-0.31330299377441406
random_19,-4.0,c047,1.4978303909301758,0.5607185363769531
random_19,-4.0,c050,0.4366016387939453,-0.7499275207519531
random_19,-4.0,c043,-0.7525701522827148,-1.5024166107177734
random_19,-4.0,c016,0.4375333786010742,-2.062405586242676
random_19,-4.0,c014,0.5624704360961914,-1.2500181198120117
random_19,-4.0,c041,-3.5002012252807617,-0.8126230239868164
random_19,-4.0,c006,1.1243295669555664,-0.18753814697265625
random_19,-4.0,c039,-1.9375219345092773,0.12478446960449219
random_19,-4.0,c017,2.812227249145508,-0.6251153945922852
random_19,-4.0,c058,0.25,-0.06250381469726562
random_19,-4.0,c002,0.8749265670776367,-1.500056266784668
random_19,-4.0,c024,-0.25125694274902344,-1.1259756088256836
random_19,-4.0,c023,1.1873188018798828,-0.6876716613769531
random_19,-4.0,c022,-1.249319076538086,-1.3743247985839844
random_19,-4.0,c056,0.6790285110473633,-0.9429950714111328
random_19,4.0,c041,2.6874523162841797,0.5001392364501953
random_19,4.0,c006,2.9999160766601562,0.5629177093505859
random_19,4.0,c039,2.3125,0.9999942779541016
random_19,4.0,c017,5.812488555908203,0.8125171661376953
random_19,4.0,c058,2.937498092651367,2.312498092651367
random_19,4.0,c002,1.6249961853027344,0.18751144409179688
random_19,4.0,c024,1.8124809265136719,1.7500629425048828
random_19,4.0,c023,1.999985694885254,-0.37483882904052734
random_19,4.0,c022,3.8749828338623047,1.1875982284545898
random_19,4.0,c056,0.6246576309204102,-0.10947895050048828
random_19,4.0,c029,-0.2499980926513672,1.5000009536743164
random_19,4.0,c025,0.12499427795410156,0.874943733215332
random_19,4.0,c000,2.937427520751953,0.0012216567993164062
random_19,4.0,c036,1.124898910522461,0.3753519058227539
random_19,4.0,c020,9.812472343444824,0.6877851486206055
random_19,4.0,c011,4.562494277954102,0.1250782012939453
random_19,4.0,c003,2.749979019165039,0.8125734329223633
random_19,4.0,c045,8.24997615814209,0.5627508163452148
random_19,4.0,c046,0.1250295639038086,1.123835563659668
random_19,4.0,c044,10.874970436096191,0.8138322830200195
random_19,4.0,c008,-1.0625,0.0625
random_19,4.0,c049,5.062498092651367,0.6875019073486328
random_19,4.0,c013,10.499979019165039,0.31286048889160156
random_19,4.0,c042,4.062488555908203,0.1875133514404297
random_19,4.0,c009,0.0,0.5625591278076172
random_19,4.0,c047,1.4999513626098633,0.5628395080566406
random_19,4.0,c050,1.2498645782470703,0.06333541870117188
random_19,4.0,c043,2.624990463256836,1.8751440048217773
random_19,4.0,c016,3.0624942779541016,0.5625553131103516
random_19,4.0,c014,2.8749961853027344,1.0625076293945312
random_19,4.0,c041,-1.0625019073486328,1.6250762939453125
random_19,4.0,c006,0.9374351501464844,-0.3744325637817383
random_19,4.0,c039,-1.937180519104004,0.12512588500976562
random_19,4.0,c017,3.9374942779541016,0.5001516342163086
random_19,4.0,c058,0.8125038146972656,0.5
random_19,4.0,c002,2.9374961853027344,0.5625133514404297
random_19,4.0,c024,2.4999608993530273,1.6252422332763672
random_19,4.0,c023,3.7499961853027344,1.8750057220458984
random_19,4.0,c022,0.6249980926513672,0.49999237060546875
random_19,4.0,c056,2.624940872192383,1.0029172897338867
random_20,-1.0,c041,1.9997892379760742,-0.18752384185791016
random_20,-1.0,c006,1.9995946884155273,-0.43740367889404297
random_20,-1.0,c039,0.8125162124633789,-0.49998950958251953
random_20,-1.0,c017,4.437469482421875,-0.5625019073486328
random_20,-1.0,c058,-1.9073486328125e-06,-0.6250019073486328
random_20,-1.0,c002,1.749995231628418,0.31251049041748047
random_20,-1.0,c024,-0.3750791549682617,-0.4374971389770508
random_20,-1.0,c023,2.3120956420898438,-0.0627288818359375
random_20,-1.0,c022,2.312466621398926,-0.37491798400878906
random_20,-1.0,c056,0.30084705352783203,-0.4332895278930664
random_20,-1.0,c029,-1.8749980926513672,-0.1249990463256836
random_20,-1.0,c025,-0.8749761581420898,-0.12502670288085938
random_20,-1.0,c000,2.4990081787109375,-0.4371976852416992
random_20,-1.0,c036,-0.06320762634277344,-0.8127546310424805
random_20,-1.0,c020,8.437118530273438,-0.6875686645507812
random_20,-1.0,c011,4.124950408935547,-0.3124656677246094
random_20,-1.0,c003,1.3124103546142578,-0.624995231628418
random_20,-1.0,c045,7.249878883361816,-0.4373464584350586
random_20,-1.0,c046,-1.1872072219848633,-0.1884012222290039
random_20,-1.0,c044,9.185827255249023,-0.8753108978271484
random_20,-1.0,c008,-1.875,-0.75
random_20,-1.0,c049,4.249994277954102,-0.1250019073486328
random_20,-1.0,c013,8.99970531463623,-1.187413215637207
random_20,-1.0,c042,3.1874465942382812,-0.6875286102294922
random_20,-1.0,c009,-1.1875591278076172,-0.625
random_20,-1.0,c047,0.24945449829101562,-0.687657356262207
random_20,-1.0,c050,0.6869592666625977,-0.4995698928833008
random_20,-1.0,c043,0.5623769760131836,-0.187469482421875
random_20,-1.0,c016,2.3124427795410156,-0.18749618530273438
random_20,-1.0,c014,1.6874933242797852,-0.12499523162841797
random_20,-1.0,c041,-3.1250505447387695,-0.4374723434448242
random_20,-1.0,c006,0.9997730255126953,-0.31209468841552734
random_20,-1.0,c039,-2.6872339248657227,-0.6249275207519531
random_20,-1.0,c017,2.9374027252197266,-0.4999399185180664
random_20,-1.0,c058,-0.6249980926513672,-0.9375019073486328
random_20,-1.0,c002,2.4374303817749023,0.062447547912597656
random_20,-1.0,c024,0.24973678588867188,-0.6249818801879883
random_20,-1.0,c023,1.125009536743164,-0.7499809265136719
random_20,-1.0,c022,-0.6249771118164062,-0.7499828338623047
random_20,-1.0,c056,1.4995965957641602,-0.12242698669433594
random_20,1.0,c041,2.5623884201049805,0.3750753402709961
random_20,1.0,c006,2.9994354248046875,0.5624370574951172
random_20,1.0,c039,1.6250009536743164,0.31249523162841797
random_20,1.0,c017,5.499964714050293,0.49999332427978516
random_20,1.0,c058,1.0624980926513672,0.4374980926513672
random_20,1.0,c002,1.499995231628418,0.06251049041748047
random_20,1.0,c024,0.37488269805908203,0.31246471405029297
random_20,1.0,c023,2.562213897705078,0.18738937377929688
random_20,1.0,c022,2.687424659729004,4.00543212890625e-05
random_20,1.0,c056,0.4895448684692383,-0.24459171295166016
random_20,1.0,c029,-1.6874885559082031,0.06251049041748047
random_20,1.0,c025,-0.3122692108154297,0.4376802444458008
random_20,1.0,c000,2.8115463256835938,-0.12465953826904297
random_20,1.0,c036,1.1871156692504883,0.43756866455078125
random_20,1.0,c020,9.499321937561035,0.3746347427368164
random_20,1.0,c011,4.937426567077637,0.5000104904174805
random_20,1.0,c003,2.56241512298584,0.6250095367431641
random_20,1.0,c045,8.624298095703125,0.93707275390625
random_20,1.0,c046,-0.3736000061035156,0.6252059936523438
random_20,1.0,c044,10.061271667480469,0.000133514404296875
random_20,1.0,c008,-1.5625,-0.4375
random_20,1.0,c049,4.874996185302734,0.5
random_20,1.0,c013,10.124460220336914,-0.06265830993652344
random_20,1.0,c042,4.437460899353027,0.5624856948852539
random_20,1.0,c009,0.5624256134033203,1.1249847412109375
random_20,1.0,c047,1.4996509552001953,0.5625391006469727
random_20,1.0,c050,1.6871185302734375,0.5005893707275391
random_20,1.0,c043,0.8749313354492188,0.12508487701416016
random_20,1.0,c016,2.8124265670776367,0.3124876022338867
random_20,1.0,c014,2.499995231628418,0.6875066757202148
random_20,1.0,c041,-2.249974250793457,0.4376039505004883
random_20,1.0,c006,1.999629020690918,0.6877613067626953
random_20,1.0,c039,-1.4998302459716797,0.5624761581420898
random_20,1.0,c017,4.124908447265625,0.687565803527832
random_20,1.0,c058,0.5625,0.24999618530273438
random_20,1.0,c002,2.3124866485595703,-0.062496185302734375
random_20,1.0,c024,1.749638557434082,0.8749198913574219
random_20,1.0,c023,2.2497596740722656,0.3747692108154297
random_20,1.0,c022,-0.12499618530273438,-0.2500019073486328
random_20,1.0,c056,2.248166084289551,0.6261425018310547
random_20,-4.0,c041,-1.0001344680786133,-3.1874475479125977
random_20,-4.0,c006,-0.6253538131713867,-3.062352180480957
random_20,-4.0,c039,-2.1249914169311523,-3.437497138977051
random_20,-4.0,c017,2.0624866485595703,-2.9374847412109375
random_20,-4.0,c058,-1.875,-2.5
random_20,-4.0,c002,-0.37499523162841797,-1.8124799728393555
random_20,-4.0,c024,-1.6874914169311523,-1.7499094009399414
random_20,-4.0,c023,0.12472057342529297,-2.2501039505004883
random_20,-4.0,c022,0.3750162124633789,-2.312368392944336
random_20,-4.0,c056,-1.0774412155151367,-1.8115777969360352
random_20,-4.0,c029,-3.6249914169311523,-1.8749923706054688
random_20,-4.0,c025,-2.7499895095825195,-2.000040054321289
random_20,-4.0,c000,-0.18765735626220703,-3.1238632202148438
random_20,-4.0,c036,-2.375091552734375,-3.124638557434082
random_20,-4.0,c020,5.812453269958496,-3.3122339248657227
random_20,-4.0,c011,1.1874618530273438,-3.2499542236328125
random_20,-4.0,c003,-2.000014305114746,-3.937419891357422
random_20,-4.0,c045,3.8749923706054688,-3.8122329711914062
random_20,-4.0,c046,-2.9364261627197266,-1.9376201629638672
random_20,-4.0,c044,6.687288284301758,-3.373849868774414
random_20,-4.0,c008,-3.75,-2.625
random_20,-4.0,c049,2.3749961853027344,-2.0
random_20,-4.0,c013,6.624899864196777,-3.56221866607666
random_20,-4.0,c042,-0.7500133514404297,-4.624988555908203
random_20,-4.0,c009,-4.562467575073242,-3.999908447265625
random_20,-4.0,c047,-2.0000696182250977,-2.9371814727783203
random_20,-4.0,c050,-1.7501344680786133,-2.9366636276245117
random_20,-4.0,c043,-1.062540054321289,-1.8123865127563477
random_20,-4.0,c016,-0.5625209808349609,-3.062459945678711
random_20,-4.0,c014,-0.8124980926513672,-2.6249866485595703
random_20,-4.0,c041,-4.5626373291015625,-1.8750591278076172
random_20,-4.0,c006,-1.5626153945922852,-2.874483108520508
random_20,-4.0,c039,-5.062259674072266,-2.999953269958496
random_20,-4.0,c017,0.8124294281005859,-2.624913215637207
random_20,-4.0,c058,-2.0,-2.3125038146972656
random_20,-4.0,c002,0.4374713897705078,-1.9375114440917969
random_20,-4.0,c024,-2.062445640563965,-2.937164306640625
random_20,-4.0,c023,-0.3750133514404297,-2.2500038146972656
random_20,-4.0,c022,-3.124993324279785,-3.2499990463256836
random_20,-4.0,c056,-0.43801307678222656,-2.0600366592407227
random_20,4.0,c041,3.312504768371582,1.1251916885375977
random_20,4.0,c006,2.749842643737793,0.31284427642822266
random_20,4.0,c039,2.8750104904174805,1.562504768371582
random_20,4.0,c017,5.999998092651367,1.0000267028808594
random_20,4.0,c058,2.312498092651367,1.6874980926513672
random_20,4.0,c002,1.374990463256836,-0.06249427795410156
random_20,4.0,c024,0.7495183944702148,0.6871004104614258
random_20,4.0,c023,2.1870346069335938,-0.1877899169921875
random_20,4.0,c022,3.374897003173828,0.6875123977661133
random_20,4.0,c056,1.0570611953735352,0.3229246139526367
random_20,4.0,c029,-0.8125019073486328,0.9374971389770508
random_20,4.0,c025,0.8751449584960938,1.6250944137573242
random_20,4.0,c000,3.187040328979492,0.25083446502685547
random_20,4.0,c036,2.6869239807128906,1.9373769760131836
random_20,4.0,c020,9.686858177185059,0.5621709823608398
random_20,4.0,c011,5.1874284744262695,0.7500123977661133
random_20,4.0,c003,3.4375038146972656,1.5000982284545898
random_20,4.0,c045,8.8112154006958,1.1239900588989258
random_20,4.0,c046,1.5645771026611328,2.563383102416992
random_20,4.0,c044,9.93726634979248,-0.1238718032836914
random_20,4.0,c008,1.0625,2.1875
random_20,4.0,c049,4.124996185302734,-0.25
random_20,4.0,c013,10.12479305267334,-0.062325477600097656
random_20,4.0,c042,5.6873674392700195,1.812392234802246
random_20,4.0,c009,2.6874399185180664,3.2499990463256836
random_20,4.0,c047,2.9372854232788086,2.000173568725586
random_20,4.0,c050,2.1249799728393555,0.938450813293457
random_20,4.0,c043,1.438307762145996,0.6884613037109375
random_20,4.0,c016,3.4374799728393555,0.9375410079956055
random_20,4.0,c014,2.1249914169311523,0.3125028610229492
random_20,4.0,c041,-1.187485694885254,1.5000925064086914
random_20,4.0,c006,1.8744888305664062,0.5626211166381836
random_20,4.0,c039,0.6876773834228516,2.749983787536621
random_20,4.0,c017,4.874882698059082,1.437540054321289
random_20,4.0,c058,1.6250066757202148,1.3125028610229492
random_20,4.0,c002,1.812434196472168,-0.5625486373901367
random_20,4.0,c024,2.1873397827148438,1.3126211166381836
random_20,4.0,c023,2.499849319458008,0.6248588562011719
random_20,4.0,c022,0.9374322891235352,0.8124265670776367
random_20,4.0,c056,3.2479639053344727,1.6259403228759766
random_21,-1.0,c041,2.999675750732422,0.8123626708984375
random_21,-1.0,c006,2.74973201751709,0.31273365020751953
random_21,-1.0,c039,2.3750009536743164,1.062495231628418
random_21,-1.0,c017,5.937456130981445,0.9374847412109375
random_21,-1.0,c058,1.4374961853027344,0.8124961853027344
random_21,-1.0,c002,1.812495231628418,0.37501049041748047
random_21,-1.0,c024,0.5624465942382812,0.5000286102294922
random_21,-1.0,c023,3.1248130798339844,0.7499885559082031
random_21,-1.0,c022,2.999964714050293,0.3125801086425781
random_21,-1.0,c056,0.8650321960449219,0.13089561462402344
random_21,-1.0,c029,-1.374995231628418,0.3750038146972656
random_21,-1.0,c025,0.06249713897705078,0.8124465942382812
random_21,-1.0,c000,3.186589241027832,0.2503833770751953
random_21,-1.0,c036,1.0619239807128906,0.3123769760131836
random_21,-1.0,c020,9.06222152709961,-0.062465667724609375
random_21,-1.0,c011,4.812446594238281,0.375030517578125
random_21,-1.0,c003,2.3749008178710938,0.43749523162841797
random_21,-1.0,c045,8.436609268188477,0.7493839263916016
random_21,-1.0,c046,0.1891460418701172,1.1879520416259766
random_21,-1.0,c044,10.122939109802246,0.06180095672607422
random_21,-1.0,c008,-0.25,0.875
random_21,-1.0,c049,6.187498092651367,1.8125019073486328
random_21,-1.0,c013,10.249300003051758,0.06218147277832031
random_21,-1.0,c042,4.3749542236328125,0.49997901916503906
random_21,-1.0,c009,0.24991321563720703,0.8124723434448242
random_21,-1.0,c047,1.124476432800293,0.1873645782470703
random_21,-1.0,c050,1.3744659423828125,0.18793678283691406
random_21,-1.0,c043,1.4997901916503906,0.749943733215332
random_21,-1.0,c016,2.8749427795410156,0.3750038146972656
random_21,-1.0,c014,2.750002861022949,0.9375143051147461
random_21,-1.0,c041,-2.125009536743164,0.5625686645507812
random_21,-1.0,c006,2.0621538162231445,0.7502861022949219
random_21,-1.0,c039,-1.4373893737792969,0.6249170303344727
random_21,-1.0,c017,3.8123769760131836,0.3750343322753906
random_21,-1.0,c058,1.3125,0.9999961853027344
random_21,-1.0,c002,2.9999704360961914,0.6249876022338867
random_21,-1.0,c024,1.5618553161621094,0.6871366500854492
random_21,-1.0,c023,2.624887466430664,0.7498970031738281
random_21,-1.0,c022,0.6874809265136719,0.5624752044677734
random_21,-1.0,c056,2.373411178588867,0.7513875961303711
random_21,1.0,c041,1.8120841979980469,-0.3752288818359375
random_21,1.0,c006,2.060863494873047,-0.37613487243652344
random_21,1.0,c039,0.5000066757202148,-0.8124990463256836
random_21,1.0,c017,4.562435150146484,-0.43753623962402344
random_21,1.0,c058,0.0625,-0.5625
random_21,1.0,c002,0.9375095367431641,-0.49997520446777344
random_21,1.0,c024,-0.4376392364501953,-0.5000572204589844
random_21,1.0,c023,2.0622787475585938,-0.3125457763671875
random_21,1.0,c022,2.4373512268066406,-0.2500333786010742
random_21,1.0,c056,0.2256155014038086,-0.5085210800170898
random_21,1.0,c029,-2.187495231628418,-0.4374961853027344
random_21,1.0,c025,-1.4372377395629883,-0.6872882843017578
random_21,1.0,c000,2.2490015029907227,-0.6872043609619141
random_21,1.0,c036,-0.3131418228149414,-1.0626888275146484
random_21,1.0,c020,8.186971664428711,-0.9377155303955078
random_21,1.0,c011,3.9374542236328125,-0.49996185302734375
random_21,1.0,c003,1.2499370574951172,-0.6874685287475586
random_21,1.0,c045,7.312335014343262,-0.3748903274536133
random_21,1.0,c046,-1.187067985534668,-0.1882619857788086
random_21,1.0,c044,9.62396240234375,-0.4371757507324219
random_21,1.0,c008,-1.875,-0.75
random_21,1.0,c049,2.624998092651367,-1.7499980926513672
random_21,1.0,c013,9.62484359741211,-0.5622749328613281
random_21,1.0,c042,3.062445640563965,-0.8125295639038086
random_21,1.0,c009,-1.5000171661376953,-0.9374580383300781
random_21,1.0,c047,0.9370756149291992,-3.62396240234375e-05
random_21,1.0,c050,0.49924373626708984,-0.6872854232788086
random_21,1.0,c043,-0.0006914138793945312,-0.7505378723144531
random_21,1.0,c016,1.624959945678711,-0.8749790191650391
random_21,1.0,c014,1.2500009536743164,-0.5624876022338867
random_21,1.0,c041,-3.500011444091797,-0.8124332427978516
random_21,1.0,c006,0.4370737075805664,-0.8747940063476562
random_21,1.0,c039,-2.6248626708984375,-0.562556266784668
random_21,1.0,c017,3.1249351501464844,-0.3124074935913086
random_21,1.0,c058,-0.5,-0.8125038146972656
random_21,1.0,c002,2.249950408935547,-0.1250324249267578
random_21,1.0,c024,0.18725967407226562,-0.6874589920043945
random_21,1.0,c023,1.5624475479125977,-0.3125429153442383
random_21,1.0,c022,-0.8125076293945312,-0.9375133514404297
random_21,1.0,c056,1.3089418411254883,-0.3130817413330078
random_21,-4.0,c041,3.2500009536743164,1.062687873840332
random_21,-4.0,c006,3.4374446868896484,1.0004463195800781
random_21,-4.0,c039,4.062406539916992,2.7499008178710938
random_21,-4.0,c017,5.999978065490723,1.0000066757202148
random_21,-4.0,c058,2.6249942779541016,1.9999942779541016
random_21,-4.0,c002,3.1250085830688477,1.6875238418579102
random_21,-4.0,c024,1.4999675750732422,1.4375495910644531
random_21,-4.0,c023,3.749711036682129,1.3748865127563477
random_21,-4.0,c022,3.999967575073242,1.3125829696655273
random_21,-4.0,c056,2.3719654083251953,1.6378288269042969
random_21,-4.0,c029,0.3749961853027344,2.124995231628418
random_21,-4.0,c025,1.125035285949707,1.8749847412109375
random_21,-4.0,c000,3.9373207092285156,1.001114845275879
random_21,-4.0,c036,1.4373979568481445,0.6878509521484375
random_21,-4.0,c020,10.562324523925781,1.4376373291015625
random_21,-4.0,c011,5.749967575073242,1.312551498413086
random_21,-4.0,c003,3.062519073486328,1.1251134872436523
random_21,-4.0,c045,9.124341011047363,1.4371156692504883
random_21,-4.0,c046,1.1878795623779297,2.186685562133789
random_21,-4.0,c044,11.060641288757324,0.9995031356811523
random_21,-4.0,c008,1.9999980926513672,3.124998092651367
random_21,-4.0,c049,8.687492370605469,4.312496185302734
random_21,-4.0,c013,10.37409496307373,0.18697643280029297
random_21,-4.0,c042,5.999911308288574,2.124936103820801
random_21,-4.0,c009,2.3744935989379883,2.9370527267456055
random_21,-4.0,c047,2.0621776580810547,1.125065803527832
random_21,-4.0,c050,1.936936378479004,0.7504072189331055
random_21,-4.0,c043,4.374050140380859,3.624203681945801
random_21,-4.0,c016,3.9999637603759766,1.5000247955322266
random_21,-4.0,c014,4.374985694885254,2.562497138977051
random_21,-4.0,c041,0.12500953674316406,2.8125877380371094
random_21,-4.0,c006,3.12448787689209,1.8126201629638672
random_21,-4.0,c039,-0.25145530700683594,1.8108510971069336
random_21,-4.0,c017,4.1874237060546875,0.7500810623168945
random_21,-4.0,c058,4.0,3.6874961853027344
random_21,-4.0,c002,3.499983787536621,1.1250009536743164
random_21,-4.0,c024,2.8116064071655273,1.9368877410888672
random_21,-4.0,c023,2.6875133514404297,0.8125228881835938
random_21,-4.0,c022,2.437493324279785,2.3124876022338867
random_21,-4.0,c056,2.874889373779297,1.2528657913208008
random_21,4.0,c041,-0.12516212463378906,-2.3124752044677734
random_21,4.0,c006,0.6205778121948242,-1.816420555114746
random_21,4.0,c039,-1.8124914169311523,-3.124997138977051
random_21,4.0,c017,2.6874561309814453,-2.3125152587890625
random_21,4.0,c058,-0.7500019073486328,-1.3750019073486328
random_21,4.0,c002,0.24998188018798828,-1.1875028610229492
random_21,4.0,c024,-1.3125104904174805,-1.3749284744262695
random_21,4.0,c023,0.3124809265136719,-2.0623435974121094
random_21,4.0,c022,1.3121042251586914,-1.3752803802490234
random_21,4.0,c056,-0.1961374282836914,-0.9302740097045898
random_21,4.0,c029,-2.0624961853027344,-0.3124971389770508
random_21,4.0,c025,-2.374739646911621,-1.6247901916503906
random_21,4.0,c000,0.4993247985839844,-2.4368810653686523
random_21,4.0,c036,-1.8130884170532227,-2.5626354217529297
random_21,4.0,c020,6.311774253845215,-2.812912940979004
random_21,4.0,c011,1.249929428100586,-3.1874866485595703
random_21,4.0,c003,-1.1256895065307617,-3.0630950927734375
random_21,4.0,c045,5.437432289123535,-2.24979305267334
random_21,4.0,c046,-1.9361543655395508,-0.9373483657836914
random_21,4.0,c044,6.62479305267334,-3.436345100402832
random_21,4.0,c008,-3.3125,-2.1875
random_21,4.0,c049,-0.2500019073486328,-4.624998092651367
random_21,4.0,c013,7.624982833862305,-2.562135696411133
random_21,4.0,c042,-0.1250295639038086,-4.000004768371582
random_21,4.0,c009,-3.8749780654907227,-3.3124189376831055
random_21,4.0,c047,-0.8129024505615234,-1.750014305114746
random_21,4.0,c050,-0.3128185272216797,-1.4993476867675781
random_21,4.0,c043,-1.6876134872436523,-2.437459945678711
random_21,4.0,c016,-0.12507152557373047,-2.6250104904174805
random_21,4.0,c014,-0.3750019073486328,-2.187490463256836
random_21,4.0,c041,-4.562472343444824,-1.874894142150879
random_21,4.0,c006,-1.2503385543823242,-2.562206268310547
random_21,4.0,c039,-3.37485408782959,-1.3125476837158203
random_21,4.0,c017,1.9999885559082031,-1.4373540878295898
random_21,4.0,c058,-1.499995231628418,-1.8124990463256836
random_21,4.0,c002,0.18747425079345703,-2.1875085830688477
random_21,4.0,c024,-1.1248598098754883,-1.9995784759521484
random_21,4.0,c023,0.8124589920043945,-1.0625314712524414
random_21,4.0,c022,-2.8124799728393555,-2.937485694885254
random_21,4.0,c056,-0.13196468353271484,-1.753988265991211
random_22,-1.0,c041,2.499608039855957,0.31229496002197266
random_22,-1.0,c006,2.0620803833007812,-0.37491798400878906
random_22,-1.0,c039,1.7500009536743164,0.43749523162841797
random_22,-1.0,c017,4.999902725219727,-6.866455078125e-05
random_22,-1.0,c058,0.5625,-0.0625
random_22,-1.0,c002,1.4374990463256836,1.430511474609375e-05
random_22,-1.0,c024,0.24991226196289062,0.18749427795410156
random_22,-1.0,c023,2.6873111724853516,0.3124866485595703
random_22,-1.0,c022,2.7498579025268555,0.062473297119140625
random_22,-1.0,c056,0.6151132583618164,-0.11902332305908203
random_22,-1.0,c029,-2.124997138977051,-0.3749980926513672
random_22,-1.0,c025,-0.37469482421875,0.37525463104248047
random_22,-1.0,c000,2.4993743896484375,-0.4368314743041992
random_22,-1.0,c036,0.3117551803588867,-0.4377918243408203
random_22,-1.0,c020,9.43721866607666,0.3125314712524414
random_22,-1.0,c011,4.687436103820801,0.25002002716064453
random_22,-1.0,c003,1.9374799728393555,7.43865966796875e-05
random_22,-1.0,c045,8.312131881713867,0.6249065399169922
random_22,-1.0,c046,-0.6250514984130859,0.37375450134277344
random_22,-1.0,c044,10.373483657836914,0.3123455047607422
random_22,-1.0,c008,-1.375,-0.25
random_22,-1.0,c049,4.374998092651367,1.9073486328125e-06
random_22,-1.0,c013,9.937207221984863,-0.24991130828857422
random_22,-1.0,c042,3.8749094009399414,-6.580352783203125e-05
random_22,-1.0,c009,-0.6250133514404297,-0.0624542236328125
random_22,-1.0,c047,0.8118915557861328,-0.12522029876708984
random_22,-1.0,c050,1.1243324279785156,-0.06219673156738281
random_22,-1.0,c043,1.249974250793457,0.5001277923583984
random_22,-1.0,c016,2.312483787536621,-0.1874551773071289
random_22,-1.0,c014,2.2500076293945312,0.4375190734863281
random_22,-1.0,c041,-2.937511444091797,-0.24993324279785156
random_22,-1.0,c006,1.249577522277832,-0.062290191650390625
random_22,-1.0,c039,-2.062257766723633,4.863739013671875e-05
random_22,-1.0,c017,3.3124208450317383,-0.12492179870605469
random_22,-1.0,c058,0.5,0.18749618530273438
random_22,-1.0,c002,2.312474250793457,-0.06250858306884766
random_22,-1.0,c024,1.0622873306274414,0.18756866455078125
random_22,-1.0,c023,1.9374008178710938,0.06241035461425781
random_22,-1.0,c022,0.06251335144042969,-0.06249237060546875
random_22,-1.0,c056,1.6237201690673828,0.0016965866088867188
random_22,1.0,c041,2.6247615814208984,0.43744850158691406
random_22,1.0,c006,1.9996299743652344,-0.43736839294433594
random_22,1.0,c039,1.6250114440917969,0.31250572204589844
random_22,1.0,c017,4.749919891357422,-0.25005149841308594
random_22,1.0,c058,0.2499980926513672,-0.3750019073486328
random_22,1.0,c002,1.437509536743164,2.47955322265625e-05
random_22,1.0,c024,0.062347412109375,-7.05718994140625e-05
random_22,1.0,c023,2.687013626098633,0.31218910217285156
random_22,1.0,c022,2.8121337890625,0.12474918365478516
random_22,1.0,c056,0.23430442810058594,-0.4998321533203125
random_22,1.0,c029,-1.3124980926513672,0.4375009536743164
random_22,1.0,c025,-0.687286376953125,0.06266307830810547
random_22,1.0,c000,2.4991416931152344,-0.43706417083740234
random_22,1.0,c036,0.6243972778320312,-0.12514972686767578
random_22,1.0,c020,8.437012672424316,-0.6876745223999023
random_22,1.0,c011,4.624894142150879,0.18747806549072266
random_22,1.0,c003,1.8124523162841797,-0.1249532699584961
random_22,1.0,c045,6.93726921081543,-0.7499561309814453
random_22,1.0,c046,-0.7506246566772461,0.24818134307861328
random_22,1.0,c044,8.873394012451172,-1.187744140625
random_22,1.0,c008,-1.25,-0.125
random_22,1.0,c049,4.687494277954102,0.3124980926513672
random_22,1.0,c013,9.624678611755371,-0.5624399185180664
random_22,1.0,c042,3.812450408935547,-0.06252479553222656
random_22,1.0,c009,-0.5000648498535156,0.06249427795410156
random_22,1.0,c047,1.186781883239746,0.24967002868652344
random_22,1.0,c050,1.37420654296875,0.18767738342285156
random_22,1.0,c043,0.06206512451171875,-0.6877813339233398
random_22,1.0,c016,2.8123912811279297,0.3124523162841797
random_22,1.0,c014,1.4999961853027344,-0.31249237060546875
random_22,1.0,c041,-2.8125877380371094,-0.12500953674316406
random_22,1.0,c006,1.124598503112793,-0.1872692108154297
random_22,1.0,c039,-1.8749237060546875,0.18738269805908203
random_22,1.0,c017,3.562394142150879,0.12505149841308594
random_22,1.0,c058,0.1250019073486328,-0.1875019073486328
random_22,1.0,c002,2.4374570846557617,0.06247425079345703
random_22,1.0,c024,1.0619497299194336,0.18723106384277344
random_22,1.0,c023,1.499955177307129,-0.37503528594970703
random_22,1.0,c022,-0.2499828338623047,-0.3749885559082031
random_22,1.0,c056,1.7483530044555664,0.1263294219970703
random_22,-4.0,c041,1.0622844696044922,-1.1250286102294922
random_22,-4.0,c006,1.8118505477905273,-0.625147819519043
random_22,-4.0,c039,1.8750019073486328,0.5624961853027344
random_22,-4.0,c017,4.374917984008789,-0.6250534057617188
random_22,-4.0,c058,0.8124980926513672,0.1874980926513672
random_22,-4.0,c002,1.1874980926513672,-0.2499866485595703
random_22,-4.0,c024,0.8749723434448242,0.8125543594360352
random_22,-4.0,c023,1.3748750686645508,-0.9999494552612305
random_22,-4.0,c022,2.4374446868896484,-0.2499399185180664
random_22,-4.0,c056,0.6242990493774414,-0.10983753204345703
random_22,-4.0,c029,-2.374995231628418,-0.6249961853027344
random_22,-4.0,c025,0.06253814697265625,0.8124876022338867
random_22,-4.0,c000,2.374479293823242,-0.5617265701293945
random_22,-4.0,c036,-0.2507638931274414,-1.0003108978271484
random_22,-4.0,c020,8.937262535095215,-0.1874246597290039
random_22,-4.0,c011,4.124922752380371,-0.31249332427978516
random_22,-4.0,c003,1.8124799728393555,-0.12492561340332031
random_22,-4.0,c045,8.499482154846191,0.8122568130493164
random_22,-4.0,c046,-0.811121940612793,0.1876840591430664
random_22,-4.0,c044,10.749259948730469,0.6881217956542969
random_22,-4.0,c008,-2.4375,-1.3125
random_22,-4.0,c049,3.9999961853027344,-0.375
random_22,-4.0,c013,9.687276840209961,-0.49984169006347656
random_22,-4.0,c042,3.687246322631836,-0.1877288818359375
random_22,-4.0,c009,-1.4375114440917969,-0.8749523162841797
random_22,-4.0,c047,0.2497100830078125,-0.6874017715454102
random_22,-4.0,c050,0.6866312026977539,-0.49989795684814453
random_22,-4.0,c043,1.1246423721313477,0.37479591369628906
random_22,-4.0,c016,1.4374885559082031,-1.0624504089355469
random_22,-4.0,c014,3.000009536743164,1.187520980834961
random_22,-4.0,c041,-3.0625247955322266,-0.37494659423828125
random_22,-4.0,c006,0.9997138977050781,-0.31215381622314453
random_22,-4.0,c039,-2.4368534088134766,-0.37454700469970703
random_22,-4.0,c017,3.187397003173828,-0.24994564056396484
random_22,-4.0,c058,0.4375,0.12499618530273438
random_22,-4.0,c002,1.8749828338623047,-0.5
random_22,-4.0,c024,1.1874761581420898,0.3127574920654297
random_22,-4.0,c023,2.18741512298584,0.3124246597290039
random_22,-4.0,c022,0.12497806549072266,-2.765655517578125e-05
random_22,-4.0,c056,1.3748769760131836,-0.2471466064453125
random_22,4.0,c041,1.3746662139892578,-0.8126468658447266
random_22,4.0,c006,1.624375343322754,-0.8126230239868164
random_22,4.0,c039,-0.6249675750732422,-1.9374732971191406
random_22,4.0,c017,3.937389373779297,-1.062582015991211
random_22,4.0,c058,0.1249990463256836,-0.5000009536743164
random_22,4.0,c002,0.8124799728393555,-0.625004768371582
random_22,4.0,c024,-0.5627536773681641,-0.6251716613769531
random_22,4.0,c023,1.8122224807739258,-0.5626020431518555
random_22,4.0,c022,2.374802589416504,-0.31258201599121094
random_22,4.0,c056,0.042633056640625,-0.6915035247802734
random_22,4.0,c029,-1.2500123977661133,0.4999866485595703
random_22,4.0,c025,-1.562448501586914,-0.8124990463256836
random_22,4.0,c000,0.9996271133422852,-1.9365787506103516
random_22,4.0,c036,-0.18762874603271484,-0.9371757507324219
random_22,4.0,c020,7.124691963195801,-1.999995231628418
random_22,4.0,c011,3.3748912811279297,-1.0625247955322266
random_22,4.0,c003,0.5623540878295898,-1.375051498413086
random_22,4.0,c045,5.124942779541016,-2.5622825622558594
random_22,4.0,c046,-0.6875219345092773,0.31128406524658203
random_22,4.0,c044,7.8117170333862305,-2.2494211196899414
random_22,4.0,c008,-1.6875,-0.5625
random_22,4.0,c049,3.937480926513672,-0.4375152587890625
random_22,4.0,c013,8.37487506866455,-1.8122434616088867
random_22,4.0,c042,1.8124418258666992,-2.062533378601074
random_22,4.0,c009,-0.687586784362793,-0.12502765655517578
random_22,4.0,c047,0.7488994598388672,-0.18821239471435547
random_22,4.0,c050,0.49896717071533203,-0.6875619888305664
random_22,4.0,c043,-1.3751726150512695,-2.125019073486328
random_22,4.0,c016,1.3748655319213867,-1.1250734329223633
random_22,4.0,c014,2.86102294921875e-06,-1.812485694885254
random_22,4.0,c041,-2.6876020431518555,-2.384185791015625e-05
random_22,4.0,c006,0.24944686889648438,-1.0624208450317383
random_22,4.0,c039,-2.3123674392700195,-0.25006103515625
random_22,4.0,c017,2.7498836517333984,-0.6874589920043945
random_22,4.0,c058,-0.3124980926513672,-0.6250019073486328
random_22,4.0,c002,2.1874618530273438,-0.18752098083496094
random_22,4.0,c024,-0.0007963180541992188,-0.8755149841308594
random_22,4.0,c023,1.2499656677246094,-0.6250247955322266
random_22,4.0,c022,-0.9999771118164062,-1.1249828338623047
random_22,4.0,c056,0.6219015121459961,-1.0001220703125
random_23,-1.0,c041,2.5623302459716797,0.3750171661376953
random_23,-1.0,c006,2.687236785888672,0.25023841857910156
random_23,-1.0,c039,1.9375009536743164,0.624995231628418
random_23,-1.0,c017,4.874929428100586,-0.12504196166992188
random_23,-1.0,c058,1.8124980926513672,1.1874980926513672
random_23,-1.0,c002,1.9374961853027344,0.5000114440917969
random_23,-1.0,c024,0.3749723434448242,0.31255435943603516
random_23,-1.0,c023,3.499826431274414,1.1250019073486328
random_23,-1.0,c022,3.3124475479125977,0.6250629425048828
random_23,-1.0,c056,1.053217887878418,0.31908130645751953
random_23,-1.0,c029,-0.9999980926513672,0.7500009536743164
random_23,-1.0,c025,-0.24993228912353516,0.5000171661376953
random_23,-1.0,c000,2.7492923736572266,-0.18691349029541016
random_23,-1.0,c036,1.3742237091064453,0.6246767044067383
random_23,-1.0,c020,7.99969482421875,-1.1249923706054688
random_23,-1.0,c011,4.562390327453613,0.12497425079345703
random_23,-1.0,c003,2.312471389770508,0.37506580352783203
random_23,-1.0,c045,7.874797821044922,0.18757247924804688
random_23,-1.0,c046,0.06208515167236328,1.0608911514282227
random_23,-1.0,c044,9.24885082244873,-0.8122873306274414
random_23,-1.0,c008,-0.5,0.625
random_23,-1.0,c049,4.624998092651367,0.2500019073486328
random_23,-1.0,c013,8.999746322631836,-1.1873722076416016
random_23,-1.0,c042,3.8124771118164062,-0.06249809265136719
random_23,-1.0,c009,-0.06252288818359375,0.5000362396240234
random_23,-1.0,c047,1.499338150024414,0.5622262954711914
random_23,-1.0,c050,1.7494773864746094,0.5629482269287109
random_23,-1.0,c043,1.3121213912963867,0.5622749328613281
random_23,-1.0,c016,2.9374427795410156,0.4375038146972656
random_23,-1.0,c014,2.4374847412109375,0.6249961853027344
random_23,-1.0,c041,-2.187546730041504,0.5000314712524414
random_23,-1.0,c006,1.8747119903564453,0.5628442764282227
random_23,-1.0,c039,-1.624948501586914,0.43735790252685547
random_23,-1.0,c017,3.937453269958496,0.5001106262207031
random_23,-1.0,c058,1.2500019073486328,0.9374980926513672
random_23,-1.0,c002,2.9374523162841797,0.562469482421875
random_23,-1.0,c024,1.9373435974121094,1.0626249313354492
random_23,-1.0,c023,2.3124570846557617,0.4374666213989258
random_23,-1.0,c022,0.25000476837158203,0.1249990463256836
random_23,-1.0,c056,2.373480796813965,0.7514572143554688
random_23,1.0,c041,1.874659538269043,-0.3126535415649414
random_23,1.0,c006,1.6243257522583008,-0.8126726150512695
random_23,1.0,c039,1.374995231628418,0.06248950958251953
random_23,1.0,c017,5.187450408935547,0.18747901916503906
random_23,1.0,c058,-0.6250038146972656,-1.2500038146972656
random_23,1.0,c002,0.9375038146972656,-0.4999809265136719
random_23,1.0,c024,-0.12508869171142578,-0.18750667572021484
random_23,1.0,c023,2.187045097351074,-0.18777942657470703
random_23,1.0,c022,2.0622329711914062,-0.6251516342163086
random_23,1.0,c056,-0.5145587921142578,-1.2486953735351562
random_23,1.0,c029,-2.374993324279785,-0.6249942779541016
random_23,1.0,c025,-0.7498741149902344,7.534027099609375e-05
random_23,1.0,c000,2.436199188232422,-0.5000066757202148
random_23,1.0,c036,-0.1878652572631836,-0.9374122619628906
random_23,1.0,c020,9.312009811401367,0.18732261657714844
random_23,1.0,c011,4.18739128112793,-0.25002479553222656
random_23,1.0,c003,1.3124732971191406,-0.6249322891235352
random_23,1.0,c045,7.936842918395996,0.2496175765991211
random_23,1.0,c046,-1.1867790222167969,-0.1879730224609375
random_23,1.0,c044,10.18494987487793,0.12381172180175781
random_23,1.0,c008,-1.8125,-0.6875
random_23,1.0,c049,4.249996185302734,-0.125
random_23,1.0,c013,10.37451171875,0.1873931884765625
random_23,1.0,c042,3.3749313354492188,-0.5000438690185547
random_23,1.0,c009,-0.6876020431518555,-0.12504291534423828
random_23,1.0,c047,0.18678760528564453,-0.7503242492675781
random_23,1.0,c050,0.749058723449707,-0.4374704360961914
random_23,1.0,c043,0.18704509735107422,-0.5628013610839844
random_23,1.0,c016,1.874964714050293,-0.624974250793457
random_23,1.0,c014,1.124990463256836,-0.6874980926513672
random_23,1.0,c041,-3.187497138977051,-0.49991893768310547
random_23,1.0,c006,0.9983501434326172,-0.31351757049560547
random_23,1.0,c039,-2.4370203018188477,-0.3747138977050781
random_23,1.0,c017,2.937406539916992,-0.4999361038208008
random_23,1.0,c058,-0.5,-0.8125038146972656
random_23,1.0,c002,1.812453269958496,-0.5625295639038086
random_23,1.0,c024,0.18694782257080078,-0.6877708435058594
random_23,1.0,c023,1.4375009536743164,-0.43748950958251953
random_23,1.0,c022,-0.4999837875366211,-0.6249895095825195
random_23,1.0,c056,1.1229524612426758,-0.4990711212158203
random_23,-4.0,c041,3.6874561309814453,1.500143051147461
random_23,-4.0,c006,2.7498693466186523,0.31287097930908203
random_23,-4.0,c039,2.625,1.3124942779541016
random_23,-4.0,c017,4.874972343444824,-0.1249990463256836
random_23,-4.0,c058,5.0625,4.4375
random_23,-4.0,c002,2.687495231628418,1.2500104904174805
random_23,-4.0,c024,1.2499208450317383,1.1875028610229492
random_23,-4.0,c023,3.68743896484375,1.3126144409179688
random_23,-4.0,c022,3.5624141693115234,0.8750295639038086
random_23,-4.0,c056,2.624338150024414,1.8902015686035156
random_23,-4.0,c029,0.4375019073486328,2.1875009536743164
random_23,-4.0,c025,0.6875972747802734,1.437546730041504
random_23,-4.0,c000,3.0623950958251953,0.1261892318725586
random_23,-4.0,c036,2.6246776580810547,1.8751306533813477
random_23,-4.0,c020,6.812386512756348,-2.312300682067871
random_23,-4.0,c011,4.749959945678711,0.3125438690185547
random_23,-4.0,c003,2.687440872192383,0.750035285949707
random_23,-4.0,c045,5.99983024597168,-1.6873950958251953
random_23,-4.0,c046,2.061800956726074,3.0606069564819336
random_23,-4.0,c044,6.999797821044922,-3.06134033203125
random_23,-4.0,c008,0.8125,1.9375
random_23,-4.0,c049,4.499999046325684,0.12500286102294922
random_23,-4.0,c013,7.374753952026367,-2.8123645782470703
random_23,-4.0,c042,3.9999637603759766,0.12498855590820312
random_23,-4.0,c009,0.7499971389770508,1.312556266784668
random_23,-4.0,c047,2.4994678497314453,1.5623559951782227
random_23,-4.0,c050,2.8747024536132812,1.6881732940673828
random_23,-4.0,c043,2.6875171661376953,1.9376707077026367
random_23,-4.0,c016,3.7499895095825195,1.2500505447387695
random_23,-4.0,c014,3.8124427795410156,1.9999542236328125
random_23,-4.0,c041,-0.5000104904174805,2.187567710876465
random_23,-4.0,c006,2.499751091003418,1.1878833770751953
random_23,-4.0,c039,-0.18749332427978516,1.8748130798339844
random_23,-4.0,c017,4.374920845031738,0.9375782012939453
random_23,-4.0,c058,3.0625,2.7499961853027344
random_23,-4.0,c002,3.687493324279785,1.3125104904174805
random_23,-4.0,c024,2.749967575073242,1.875248908996582
random_23,-4.0,c023,2.9373855590820312,1.0623950958251953
random_23,-4.0,c022,1.3749990463256836,1.2499933242797852
random_23,-4.0,c056,3.5622100830078125,1.9401865005493164
random_23,4.0,c041,0.374755859375,-1.8125572204589844
random_23,4.0,c006,1.3651123046875,-1.0718860626220703
random_23,4.0,c039,0.2501344680786133,-1.0623712539672852
random_23,4.0,c017,3.999903678894043,-1.0000677108764648
random_23,4.0,c058,-3.874998092651367,-4.499998092651367
random_23,4.0,c002,-0.12499046325683594,-1.5624752044677734
random_23,4.0,c024,-0.37505340576171875,-0.4374713897705078
random_23,4.0,c023,0.49852848052978516,-1.876296043395996
random_23,4.0,c022,0.24970245361328125,-2.4376821517944336
random_23,4.0,c056,-0.6915359497070312,-1.4256725311279297
random_23,4.0,c029,-3.0000076293945312,-1.2500085830688477
random_23,4.0,c025,-1.624368667602539,-0.8744192123413086
random_23,4.0,c000,1.0589466094970703,-1.8772592544555664
random_23,4.0,c036,-1.6884994506835938,-2.438046455383301
random_23,4.0,c020,10.431808471679688,1.3071212768554688
random_23,4.0,c011,2.4999303817749023,-1.937485694885254
random_23,4.0,c003,-0.5000133514404297,-2.4374189376831055
random_23,4.0,c045,9.370984077453613,1.6837587356567383
random_23,4.0,c046,-2.4359397888183594,-1.4371337890625
random_23,4.0,c044,11.406439781188965,1.345301628112793
random_23,4.0,c008,-3.0,-1.875
random_23,4.0,c049,2.999988555908203,-1.3750076293945312
random_23,4.0,c013,11.060446739196777,0.8733282089233398
random_23,4.0,c042,2.8121652603149414,-1.062809944152832
random_23,4.0,c009,-1.5644550323486328,-1.0018959045410156
random_23,4.0,c047,-1.81341552734375,-2.7505273818969727
random_23,4.0,c050,-0.3807706832885742,-1.5672998428344727
random_23,4.0,c043,-0.8145227432250977,-1.5643692016601562
random_23,4.0,c016,1.1246910095214844,-1.3752479553222656
random_23,4.0,c014,2.86102294921875e-06,-1.812485694885254
random_23,4.0,c041,-3.187875747680664,-0.5002975463867188
random_23,4.0,c006,-0.32161808013916016,-1.6334857940673828
random_23,4.0,c039,-2.747232437133789,-0.6849260330200195
random_23,4.0,c017,1.374821662902832,-2.062520980834961
random_23,4.0,c058,-2.9999942779541016,-3.312498092651367
random_23,4.0,c002,-3.0517578125e-05,-2.3750133514404297
random_23,4.0,c024,-0.7509908676147461,-1.6257095336914062
random_23,4.0,c023,0.7497959136962891,-1.1251945495605469
random_23,4.0,c022,-1.812490463256836,-1.9374961853027344
random_23,4.0,c056,0.17416858673095703,-1.447854995727539
random_24,-1.0,c041,2.7494516372680664,0.562138557434082
random_24,-1.0,c006,2.24874210357666,-0.18825626373291016
random_24,-1.0,c039,1.8749971389770508,0.5624914169311523
random_24,-1.0,c017,5.4374542236328125,0.4374828338623047
random_24,-1.0,c058,1.5624961853027344,0.9374961853027344
random_24,-1.0,c002,1.8749809265136719,0.4374961853027344
random_24,-1.0,c024,0.4373931884765625,0.37497520446777344
random_24,-1.0,c023,2.9371843338012695,0.5623598098754883
random_24,-1.0,c022,2.999690055847168,0.3123054504394531
random_24,-1.0,c056,0.677699089050293,-0.05643749237060547
random_24,-1.0,c029,-1.6874971389770508,0.06250190734863281
random_24,-1.0,c025,-0.24983787536621094,0.5001115798950195
random_24,-1.0,c000,2.9364356994628906,0.00022983551025390625
random_24,-1.0,c036,0.8117895126342773,0.06224250793457031
random_24,-1.0,c020,8.999561309814453,-0.12512588500976562
random_24,-1.0,c011,4.999920845031738,0.562504768371582
random_24,-1.0,c003,2.437363624572754,0.4999580383300781
random_24,-1.0,c045,8.436727523803711,0.7495021820068359
random_24,-1.0,c046,-0.2510414123535156,0.7477645874023438
random_24,-1.0,c044,9.747573852539062,-0.3135643005371094
random_24,-1.0,c008,-1.125,0.0
random_24,-1.0,c049,5.999998092651367,1.6250019073486328
random_24,-1.0,c013,10.124616622924805,-0.06250190734863281
random_24,-1.0,c042,4.124946594238281,0.2499713897705078
random_24,-1.0,c009,-0.18758106231689453,0.37497806549072266
random_24,-1.0,c047,1.1245031356811523,0.1873912811279297
random_24,-1.0,c050,1.3120756149291992,0.12554645538330078
random_24,-1.0,c043,1.4996166229248047,0.7497701644897461
random_24,-1.0,c016,2.9374208450317383,0.4374818801879883
random_24,-1.0,c014,1.937483787536621,0.12499523162841797
random_24,-1.0,c041,-2.5625648498535156,0.1250133514404297
random_24,-1.0,c006,1.436964988708496,0.12509727478027344
random_24,-1.0,c039,-1.5624017715454102,0.4999046325683594
random_24,-1.0,c017,3.6249351501464844,0.1875925064086914
random_24,-1.0,c058,0.6875057220458984,0.3750019073486328
random_24,-1.0,c002,2.9999513626098633,0.6249685287475586
random_24,-1.0,c024,1.3122129440307617,0.43749427795410156
random_24,-1.0,c023,1.9998512268066406,0.12486076354980469
random_24,-1.0,c022,0.1874980926513672,0.06249237060546875
random_24,-1.0,c056,2.1221675872802734,0.5001440048217773
random_24,1.0,c041,2.1249008178710938,-0.062412261962890625
random_24,1.0,c006,2.1245155334472656,-0.3124828338623047
random_24,1.0,c039,1.4999990463256836,0.18749332427978516
random_24,1.0,c017,4.874956130981445,-0.1250152587890625
random_24,1.0,c058,-0.0625,-0.6875
random_24,1.0,c002,1.3749971389770508,-0.06248760223388672
random_24,1.0,c024,-0.43755531311035156,-0.4999732971191406
random_24,1.0,c023,2.062307357788086,-0.3125171661376953
random_24,1.0,c022,2.437413215637207,-0.2499713897705078
random_24,1.0,c056,-0.0801849365234375,-0.8143215179443359
random_24,1.0,c029,-1.6874971389770508,0.06250190734863281
random_24,1.0,c025,-0.9373760223388672,-0.18742656707763672
random_24,1.0,c000,2.3119029998779297,-0.624302864074707
random_24,1.0,c036,-0.000324249267578125,-0.7498712539672852
random_24,1.0,c020,8.062259674072266,-1.0624275207519531
random_24,1.0,c011,4.249956130981445,-0.18745994567871094
random_24,1.0,c003,1.6874799728393555,-0.2499256134033203
random_24,1.0,c045,7.499713897705078,-0.18751144409179688
random_24,1.0,c046,-1.185598373413086,-0.18679237365722656
random_24,1.0,c044,8.7489013671875,-1.3122367858886719
random_24,1.0,c008,-2.125,-1.0
random_24,1.0,c049,2.999998092651367,-1.3749980926513672
random_24,1.0,c013,9.499637603759766,-0.6874809265136719
random_24,1.0,c042,2.937434196472168,-0.9375410079956055
random_24,1.0,c009,-1.0625238418579102,-0.49996471405029297
random_24,1.0,c047,0.24970531463623047,-0.6874065399169922
random_24,1.0,c050,0.9372777938842773,-0.2492513656616211
random_24,1.0,c043,0.12475395202636719,-0.6250925064086914
random_24,1.0,c016,2.062464714050293,-0.43747425079345703
random_24,1.0,c014,1.5624933242797852,-0.24999523162841797
random_24,1.0,c041,-2.937525749206543,-0.24994754791259766
random_24,1.0,c006,1.2494516372680664,-0.06241607666015625
random_24,1.0,c039,-2.4997129440307617,-0.4374065399169922
random_24,1.0,c017,3.3749313354492188,-0.06241130828857422
random_24,1.0,c058,-0.1875,-0.5000038146972656
random_24,1.0,c002,1.9374761581420898,-0.43750667572021484
random_24,1.0,c024,0.7498989105224609,-0.12481975555419922
random_24,1.0,c023,1.062485694885254,-0.812504768371582
random_24,1.0,c022,-0.1250162124633789,-0.25002193450927734
random_24,1.0,c056,1.5602407455444336,-0.0617828369140625
random_24,-4.0,c041,3.2489309310913086,1.0616178512573242
random_24,-4.0,c006,3.061232566833496,0.6242341995239258
random_24,-4.0,c039,2.5625076293945312,1.2500019073486328
random_24,-4.0,c017,5.24985408782959,0.24988269805908203
random_24,-4.0,c058,1.9374980926513672,1.3124980926513672
random_24,-4.0,c002,2.5624876022338867,1.1250028610229492
random_24,-4.0,c024,1.499826431274414,1.437408447265625
random_24,-4.0,c023,3.999631881713867,1.624807357788086
random_24,-4.0,c022,3.24932861328125,0.5619440078735352
random_24,-4.0,c056,1.5979433059692383,0.8638067245483398
random_24,-4.0,c029,-0.7499980926513672,1.0000009536743164
random_24,-4.0,c025,0.4374399185180664,1.1873893737792969
random_24,-4.0,c000,3.4354448318481445,0.4992389678955078
random_24,-4.0,c036,1.4352397918701172,0.6856927871704102
random_24,-4.0,c020,9.374359130859375,0.24967193603515625
random_24,-4.0,c011,4.999859809875488,0.562443733215332
random_24,-4.0,c003,2.6242055892944336,0.6868000030517578
random_24,-4.0,c045,8.373547554016113,0.6863222122192383
random_24,-4.0,c046,0.6885957717895508,1.6874017715454102
random_24,-4.0,c044,10.373187065124512,0.31204891204833984
random_24,-4.0,c008,0.25,1.375
random_24,-4.0,c049,7.124990463256836,2.7499942779541016
random_24,-4.0,c013,9.249421119689941,-0.9376974105834961
random_24,-4.0,c042,4.187384605407715,0.3124094009399414
random_24,-4.0,c009,1.3124580383300781,1.8750171661376953
random_24,-4.0,c047,2.311781883239746,1.3746700286865234
random_24,-4.0,c050,1.6220073699951172,0.43547821044921875
random_24,-4.0,c043,2.0621414184570312,1.3122949600219727
random_24,-4.0,c016,3.0622119903564453,0.5622730255126953
random_24,-4.0,c014,2.2499752044677734,0.4374866485595703
random_24,-4.0,c041,-1.5626468658447266,1.1249313354492188
random_24,-4.0,c006,2.123617172241211,0.8117494583129883
random_24,-4.0,c039,0.0628194808959961,2.1251258850097656
random_24,-4.0,c017,4.249813079833984,0.8124704360961914
random_24,-4.0,c058,1.9375019073486328,1.6249980926513672
random_24,-4.0,c002,3.8123865127563477,1.437403678894043
random_24,-4.0,c024,2.1218795776367188,1.2471609115600586
random_24,-4.0,c023,2.8122034072875977,0.9372129440307617
random_24,-4.0,c022,1.1874542236328125,1.062448501586914
random_24,-4.0,c056,1.9372148513793945,0.31519126892089844
random_24,4.0,c041,-0.7499608993530273,-2.9372739791870117
random_24,4.0,c006,0.7498941421508789,-1.6871042251586914
random_24,4.0,c039,-0.4374885559082031,-1.7499942779541016
random_24,4.0,c017,2.8749656677246094,-2.1250057220458984
random_24,4.0,c058,-1.4375,-2.0625
random_24,4.0,c002,0.1875143051147461,-1.2499704360961914
random_24,4.0,c024,-1.4375066757202148,-1.499924659729004
random_24,4.0,c023,-0.062374114990234375,-2.4371986389160156
random_24,4.0,c022,0.5000543594360352,-2.1873302459716797
random_24,4.0,c056,-0.8795652389526367,-1.6137018203735352
random_24,4.0,c029,-3.4375,-1.6875009536743164
random_24,4.0,c025,-1.749929428100586,-0.9999799728393555
random_24,4.0,c000,0.31235408782958984,-2.623851776123047
random_24,4.0,c036,-1.0000114440917969,-1.749558448791504
random_24,4.0,c020,5.687499046325684,-3.437188148498535
random_24,4.0,c011,2.187488555908203,-2.249927520751953
random_24,4.0,c003,0.2500190734863281,-1.6873865127563477
random_24,4.0,c045,4.749963760375977,-2.9372615814208984
random_24,4.0,c046,-1.5619192123413086,-0.5631132125854492
random_24,4.0,c044,6.687493324279785,-3.3736448287963867
random_24,4.0,c008,-3.9375,-2.8125
random_24,4.0,c049,-2.062501907348633,-6.437498092651367
random_24,4.0,c013,6.9998979568481445,-3.187220573425293
random_24,4.0,c042,1.1874208450317383,-2.687554359436035
random_24,4.0,c009,-2.874995231628418,-2.312436103820801
random_24,4.0,c047,-0.8127927780151367,-1.7499046325683594
random_24,4.0,c050,-0.6875343322753906,-1.874063491821289
random_24,4.0,c043,-1.4999933242797852,-2.2498397827148438
random_24,4.0,c016,0.6250057220458984,-1.8749332427978516
random_24,4.0,c014,0.06250476837158203,-1.749983787536621
random_24,4.0,c041,-3.187501907348633,-0.4999237060546875
random_24,4.0,c006,-0.12508010864257812,-1.4369478225708008
random_24,4.0,c039,-3.687345504760742,-1.6250391006469727
random_24,4.0,c017,1.8124561309814453,-1.6248865127563477
random_24,4.0,c058,-1.1249980926513672,-1.4375019073486328
random_24,4.0,c002,0.18751049041748047,-2.187472343444824
random_24,4.0,c024,-0.49980640411376953,-1.3745250701904297
random_24,4.0,c023,0.37502098083496094,-1.499969482421875
random_24,4.0,c022,-1.374983787536621,-1.4999895095825195
random_24,4.0,c056,0.9992752075195312,-0.6227483749389648
random_25,-1.0,c041,2.186962127685547,-0.0003509521484375
random_25,-1.0,c006,2.1239805221557617,-0.3130178451538086
random_25,-1.0,c039,1.5625076293945312,0.2500019073486328
random_25,-1.0,c017,5.312351226806641,0.3123798370361328
random_25,-1.0,c058,0.4374980926513672,-0.1875019073486328
random_25,-1.0,c002,1.125020980834961,-0.31246376037597656
random_25,-1.0,c024,-0.06274795532226562,-0.1251659393310547
random_25,-1.0,c023,2.624699592590332,0.24987506866455078
random_25,-1.0,c022,3.06246280670166,0.3750782012939453
random_25,-1.0,c056,0.327545166015625,-0.40659141540527344
random_25,-1.0,c029,-2.3124961853027344,-0.5624971389770508
random_25,-1.0,c025,-0.3747262954711914,0.37522315979003906
random_25,-1.0,c000,2.623744010925293,-0.31246185302734375
random_25,-1.0,c036,0.1863994598388672,-0.5631475448608398
random_25,-1.0,c020,8.811569213867188,-0.31311798095703125
random_25,-1.0,c011,4.62493896484375,0.18752288818359375
random_25,-1.0,c003,2.24977970123291,0.3123741149902344
random_25,-1.0,c045,7.748993873596191,0.061768531799316406
random_25,-1.0,c046,-0.9971847534179688,0.001621246337890625
random_25,-1.0,c044,10.05608081817627,-0.005057334899902344
random_25,-1.0,c008,-1.125,0.0
random_25,-1.0,c049,4.687496185302734,0.3125
random_25,-1.0,c013,9.498743057250977,-0.6883754730224609
random_25,-1.0,c042,3.6874189376831055,-0.18755626678466797
random_25,-1.0,c009,0.06224346160888672,0.6248025894165039
random_25,-1.0,c047,1.0595760345458984,0.12246417999267578
random_25,-1.0,c050,0.8112392425537109,-0.3752899169921875
random_25,-1.0,c043,1.184823989868164,0.43497753143310547
random_25,-1.0,c016,2.624884605407715,0.12494564056396484
random_25,-1.0,c014,1.6249771118164062,-0.18751144409179688
random_25,-1.0,c041,-2.937580108642578,-0.2500019073486328
random_25,-1.0,c006,1.5614004135131836,0.24953269958496094
random_25,-1.0,c039,-1.9997081756591797,0.06259822845458984
random_25,-1.0,c017,3.6248779296875,0.18753528594970703
random_25,-1.0,c058,-0.06249809265136719,-0.3750019073486328
random_25,-1.0,c002,2.5624608993530273,0.18747806549072266
random_25,-1.0,c024,0.6244802474975586,-0.25023841857910156
random_25,-1.0,c023,1.6871910095214844,-0.18779945373535156
random_25,-1.0,c022,-0.3125123977661133,-0.4375181198120117
random_25,-1.0,c056,1.871211051940918,0.24918746948242188
random_25,1.0,c041,2.3749351501464844,0.1876220703125
random_25,1.0,c006,2.124783515930176,-0.31221485137939453
random_25,1.0,c039,1.5625,0.24999427795410156
random_25,1.0,c017,5.062471389770508,0.0625
random_25,1.0,c058,0.9374980926513672,0.3124980926513672
random_25,1.0,c002,1.5625,0.1250152587890625
random_25,1.0,c024,0.31248950958251953,0.25007152557373047
random_25,1.0,c023,2.437403678894043,0.06257915496826172
random_25,1.0,c022,2.374958038330078,-0.3124265670776367
random_25,1.0,c056,0.6218690872192383,-0.11226749420166016
random_25,1.0,c029,-1.7499980926513672,9.5367431640625e-07
random_25,1.0,c025,-0.9374217987060547,-0.18747234344482422
random_25,1.0,c000,2.4996862411499023,-0.4365196228027344
random_25,1.0,c036,0.3748750686645508,-0.37467193603515625
random_25,1.0,c020,8.437289237976074,-0.6873979568481445
random_25,1.0,c011,4.3749847412109375,-0.06243133544921875
random_25,1.0,c003,1.6874828338623047,-0.2499227523803711
random_25,1.0,c045,8.062396049499512,0.3751707077026367
random_25,1.0,c046,-0.6244306564331055,0.3743753433227539
random_25,1.0,c044,9.436673164367676,-0.6244649887084961
random_25,1.0,c008,-1.375,-0.25
random_25,1.0,c049,3.812498092651367,-0.5624980926513672
random_25,1.0,c013,9.937297821044922,-0.24982070922851562
random_25,1.0,c042,3.4374656677246094,-0.43750953674316406
random_25,1.0,c009,-0.37504100799560547,0.18751811981201172
random_25,1.0,c047,0.8748235702514648,-0.06228828430175781
random_25,1.0,c050,1.374746322631836,0.1882171630859375
random_25,1.0,c043,0.7499494552612305,0.000102996826171875
random_25,1.0,c016,1.9999923706054688,-0.49994659423828125
random_25,1.0,c014,2.3749961853027344,0.5625076293945312
random_25,1.0,c041,-2.5625476837158203,0.125030517578125
random_25,1.0,c006,1.1247549057006836,-0.18711280822753906
random_25,1.0,c039,-1.8749074935913086,0.18739891052246094
random_25,1.0,c017,3.2499542236328125,-0.18738842010498047
random_25,1.0,c058,0.3125019073486328,-1.9073486328125e-06
random_25,1.0,c002,2.1874847412109375,-0.1874980926513672
random_25,1.0,c024,1.062199592590332,0.18748092651367188
random_25,1.0,c023,1.8749704360961914,-2.002716064453125e-05
random_25,1.0,c022,-0.06247997283935547,-0.1874856948852539
random_25,1.0,c056,1.9364900588989258,0.3144664764404297
random_25,-4.0,c041,0.8742504119873047,-1.3130626678466797
random_25,-4.0,c006,1.8740949630737305,-0.5629034042358398
random_25,-4.0,c039,0.5625839233398438,-0.7499217987060547
random_25,-4.0,c017,4.999690055847168,-0.00028133392333984375
random_25,-4.0,c058,0.06249809265136719,-0.5625019073486328
random_25,-4.0,c002,1.125046730041504,-0.3124380111694336
random_25,-4.0,c024,0.4372110366821289,0.37479305267333984
random_25,-4.0,c023,2.0614233016967773,-0.3134012222290039
random_25,-4.0,c022,4.0609540939331055,1.3735694885253906
random_25,-4.0,c056,0.24196624755859375,-0.4921703338623047
random_25,-4.0,c029,-1.8750104904174805,-0.12501144409179688
random_25,-4.0,c025,0.37441349029541016,1.1243629455566406
random_25,-4.0,c000,2.183431625366211,-0.7527742385864258
random_25,-4.0,c036,0.2436380386352539,-0.5059089660644531
random_25,-4.0,c020,8.182320594787598,-0.9423666000366211
random_25,-4.0,c011,4.312203407287598,-0.1252126693725586
random_25,-4.0,c003,2.375110626220703,0.43770503997802734
random_25,-4.0,c045,6.99574089050293,-0.6914844512939453
random_25,-4.0,c046,-0.3280200958251953,0.6707859039306641
random_25,-4.0,c044,8.856489181518555,-1.2046489715576172
random_25,-4.0,c008,-1.3750019073486328,-0.2500019073486328
random_25,-4.0,c049,5.999974250793457,1.6249780654907227
random_25,-4.0,c013,8.243677139282227,-1.943441390991211
random_25,-4.0,c042,3.874574661254883,-0.000400543212890625
random_25,-4.0,c009,-0.12608051300048828,0.4364786148071289
random_25,-4.0,c047,1.059248924255371,0.12213706970214844
random_25,-4.0,c050,0.18358898162841797,-1.0029401779174805
random_25,-4.0,c043,0.4344329833984375,-0.3154134750366211
random_25,-4.0,c016,2.874601364135742,0.3746623992919922
random_25,-4.0,c014,1.3750219345092773,-0.4374666213989258
random_25,-4.0,c041,-3.125093460083008,-0.4375152587890625
random_25,-4.0,c006,1.4983444213867188,0.1864767074584961
random_25,-4.0,c039,-1.8126945495605469,0.24961185455322266
random_25,-4.0,c017,3.4370718002319336,-0.000270843505859375
random_25,-4.0,c058,0.18750572204589844,-0.12499809265136719
random_25,-4.0,c002,2.249823570251465,-0.12515926361083984
random_25,-4.0,c024,-0.18861007690429688,-1.063328742980957
random_25,-4.0,c023,1.8744516372680664,-0.0005388259887695312
random_25,-4.0,c022,0.3126993179321289,0.18769359588623047
random_25,-4.0,c056,1.2333507537841797,-0.3886728286743164
random_25,4.0,c041,1.7499637603759766,-0.4373493194580078
random_25,4.0,c006,1.6249704360961914,-0.8120279312133789
random_25,4.0,c039,0.9375,-0.37500572204589844
random_25,4.0,c017,3.0624847412109375,-1.9374866485595703
random_25,4.0,c058,1.9999980926513672,1.3749980926513672
random_25,4.0,c002,0.9375019073486328,-0.4999828338623047
random_25,4.0,c024,-0.25000667572021484,-0.3124246597290039
random_25,4.0,c023,1.2499961853027344,-1.1248283386230469
random_25,4.0,c022,1.062479019165039,-1.6249055862426758
random_25,4.0,c056,1.12457275390625,0.39043617248535156
random_25,4.0,c029,-0.8749980926513672,0.8750009536743164
random_25,4.0,c025,-1.875004768371582,-1.1250553131103516
random_25,4.0,c000,1.312479019165039,-1.6237268447875977
random_25,4.0,c036,-0.06250286102294922,-0.8120498657226562
random_25,4.0,c020,7.374945640563965,-1.749741554260254
random_25,4.0,c011,2.937480926513672,-1.4999351501464844
random_25,4.0,c003,0.3124837875366211,-1.6249217987060547
random_25,4.0,c045,6.999973297119141,-0.6872520446777344
random_25,4.0,c046,-0.6249399185180664,0.37386608123779297
random_25,4.0,c044,7.999969482421875,-2.061168670654297
random_25,4.0,c008,-1.625,-0.5
random_25,4.0,c049,2.374998092651367,-1.9999980926513672
random_25,4.0,c013,9.31248950958252,-0.874629020690918
random_25,4.0,c042,1.7499923706054688,-2.1249828338623047
random_25,4.0,c009,-1.3125009536743164,-0.7499418258666992
random_25,4.0,c047,0.43749523162841797,-0.4996166229248047
random_25,4.0,c050,1.1249351501464844,-0.06159400939941406
random_25,4.0,c043,-0.1250143051147461,-0.8748607635498047
random_25,4.0,c016,1.0624980926513672,-1.4374408721923828
random_25,4.0,c014,1.1250019073486328,-0.6874866485595703
random_25,4.0,c041,-2.0000038146972656,0.6875743865966797
random_25,4.0,c006,0.3124961853027344,-0.9993715286254883
random_25,4.0,c039,-1.374990463256836,0.6873159408569336
random_25,4.0,c017,2.6249942779541016,-0.8123483657836914
random_25,4.0,c058,0.375,0.062496185302734375
random_25,4.0,c002,1.2499980926513672,-1.1249847412109375
random_25,4.0,c024,0.8749856948852539,0.00026702880859375
random_25,4.0,c023,1.3750171661376953,-0.4999732971191406
random_25,4.0,c022,-0.8124980926513672,-0.9375038146972656
random_25,4.0,c056,1.562483787536621,-0.059539794921875
random_26,-1.0,c041,1.9374151229858398,-0.24989795684814453
random_26,-1.0,c006,1.9998931884765625,-0.4371051788330078
random_26,-1.0,c039,1.4375019073486328,0.12499618530273438
random_26,-1.0,c017,4.562488555908203,-0.4374828338623047
random_26,-1.0,c058,0.3125,-0.3125
random_26,-1.0,c002,1.062504768371582,-0.37497997283935547
random_26,-1.0,c024,-0.2500190734863281,-0.3124370574951172
random_26,-1.0,c023,1.8749237060546875,-0.49990081787109375
random_26,-1.0,c022,2.562554359436035,-0.12483024597167969
random_26,-1.0,c056,0.24788856506347656,-0.4862480163574219
random_26,-1.0,c029,-2.124998092651367,-0.3749990463256836
random_26,-1.0,c025,-0.9998836517333984,-0.24993419647216797
random_26,-1.0,c000,2.437127113342285,-0.49907875061035156
random_26,-1.0,c036,0.18744850158691406,-0.562098503112793
random_26,-1.0,c020,9.124868392944336,0.0001811981201171875
random_26,-1.0,c011,3.8749847412109375,-0.5624313354492188
random_26,-1.0,c003,1.7500066757202148,-0.18739891052246094
random_26,-1.0,c045,7.8749237060546875,0.1876983642578125
random_26,-1.0,c046,-1.12481689453125,-0.12601089477539062
random_26,-1.0,c044,9.93708610534668,-0.12405204772949219
random_26,-1.0,c008,-2.1875,-1.0625
random_26,-1.0,c049,4.187496185302734,-0.1875
random_26,-1.0,c013,9.93733024597168,-0.2497882843017578
random_26,-1.0,c042,3.3124847412109375,-0.5624904632568359
random_26,-1.0,c009,-0.37502193450927734,0.18753719329833984
random_26,-1.0,c047,0.3749065399169922,-0.5622053146362305
random_26,-1.0,c050,0.9995384216308594,-0.18699073791503906
random_26,-1.0,c043,0.6876077651977539,-0.06223869323730469
random_26,-1.0,c016,2.124980926513672,-0.3749580383300781
random_26,-1.0,c014,2.000002861022949,0.1875143051147461
random_26,-1.0,c041,-3.3125057220458984,-0.6249275207519531
random_26,-1.0,c006,0.999882698059082,-0.3119850158691406
random_26,-1.0,c039,-2.1874189376831055,-0.12511253356933594
random_26,-1.0,c017,3.249979019165039,-0.1873636245727539
random_26,-1.0,c058,-0.2499980926513672,-0.5625019073486328
random_26,-1.0,c002,2.499985694885254,0.12500286102294922
random_26,-1.0,c024,0.4373970031738281,-0.43732166290283203
random_26,-1.0,c023,1.874953269958496,-3.719329833984375e-05
random_26,-1.0,c022,-0.5624914169311523,-0.6874971389770508
random_26,-1.0,c056,1.5620431900024414,-0.05998039245605469
random_26,1.0,c041,2.7493839263916016,0.5620708465576172
random_26,1.0,c006,2.4356536865234375,-0.0013446807861328125
random_26,1.0,c039,1.7500123977661133,0.43750667572021484
random_26,1.0,c017,5.43734073638916,0.43736934661865234
random_26,1.0,c058,1.1249942779541016,0.49999427795410156
random_26,1.0,c002,1.6250123977661133,0.18752765655517578
random_26,1.0,c024,0.3745889663696289,0.31217098236083984
random_26,1.0,c023,2.6869401931762695,0.3121156692504883
random_26,1.0,c022,3.1244964599609375,0.43711185455322266
random_26,1.0,c056,0.9234237670898438,0.1892871856689453
random_26,1.0,c029,-1.8749961853027344,-0.12499713897705078
random_26,1.0,c025,-0.43731689453125,0.31263256072998047
random_26,1.0,c000,2.810312271118164,-0.12589359283447266
random_26,1.0,c036,0.5611982345581055,-0.18834877014160156
random_26,1.0,c020,8.936792373657227,-0.1878948211669922
random_26,1.0,c011,4.999823570251465,0.5624074935913086
random_26,1.0,c003,2.124802589416504,0.18739700317382812
random_26,1.0,c045,7.624305725097656,-0.06291961669921875
random_26,1.0,c046,-0.18878173828125,0.8100242614746094
random_26,1.0,c044,9.433603286743164,-0.6275348663330078
random_26,1.0,c008,-0.875,0.25
random_26,1.0,c049,4.687498092651367,0.3125019073486328
random_26,1.0,c013,10.436726570129395,0.24960803985595703
random_26,1.0,c042,4.249813079833984,0.37483787536621094
random_26,1.0,c009,-0.31272411346435547,0.24983501434326172
random_26,1.0,c047,1.6225242614746094,0.6854124069213867
random_26,1.0,c050,1.1237201690673828,-0.06280899047851562
random_26,1.0,c043,0.9359712600708008,0.1861248016357422
random_26,1.0,c016,2.6248159408569336,0.1248769760131836
random_26,1.0,c014,2.4999704360961914,0.6874818801879883
random_26,1.0,c041,-2.1875362396240234,0.5000419616699219
random_26,1.0,c006,1.4990425109863281,0.18717479705810547
random_26,1.0,c039,-1.9994688034057617,0.06283760070800781
random_26,1.0,c017,3.9372920989990234,0.49994945526123047
random_26,1.0,c058,1.0000019073486328,0.6874980926513672
random_26,1.0,c002,2.8122873306274414,0.4373044967651367
random_26,1.0,c024,1.3739604949951172,0.49924182891845703
random_26,1.0,c023,1.6873197555541992,-0.18767070770263672
random_26,1.0,c022,0.06245231628417969,-0.06255340576171875
random_26,1.0,c056,2.055845260620117,0.4338216781616211
random_26,-4.0,c041,-0.8124904632568359,-2.9998035430908203
random_26,-4.0,c006,0.8749980926513672,-1.5620002746582031
random_26,-4.0,c039,0.25,-1.0625057220458984
random_26,-4.0,c017,2.687497138977051,-2.312474250793457
random_26,-4.0,c058,-1.4375,-2.0625
random_26,-4.0,c002,-0.3749980926513672,-1.8124828338623047
random_26,-4.0,c024,-0.875004768371582,-0.9374227523803711
random_26,-4.0,c023,-0.37499237060546875,-2.74981689453125
random_26,-4.0,c022,0.6250009536743164,-2.0623836517333984
random_26,-4.0,c056,-0.3752279281616211,-1.1093645095825195
random_26,-4.0,c029,-1.625,0.1249990463256836
random_26,-4.0,c025,-1.7499971389770508,-1.0000476837158203
random_26,-4.0,c000,1.624990463256836,-1.3112154006958008
random_26,-4.0,c036,-0.5000038146972656,-1.2495508193969727
random_26,-4.0,c020,7.624990463256836,-1.4996967315673828
random_26,-4.0,c011,1.9374933242797852,-2.499922752380371
random_26,-4.0,c003,0.06249237060546875,-1.874913215637207
random_26,-4.0,c045,6.499991416931152,-1.1872339248657227
random_26,-4.0,c046,-2.499945640563965,-1.5011396408081055
random_26,-4.0,c044,8.437492370605469,-1.6236457824707031
random_26,-4.0,c008,-2.4375,-1.3125
random_26,-4.0,c049,2.75,-1.6249961853027344
random_26,-4.0,c013,8.749971389770508,-1.4371471405029297
random_26,-4.0,c042,0.3125,-3.5624752044677734
random_26,-4.0,c009,-4.76837158203125e-06,0.5625543594360352
random_26,-4.0,c047,-1.3124990463256836,-2.2496109008789062
random_26,-4.0,c050,0.06251144409179688,-1.1240177154541016
random_26,-4.0,c043,-0.4374704360961914,-1.18731689453125
random_26,-4.0,c016,-0.6249923706054688,-3.1249313354492188
random_26,-4.0,c014,0.9375038146972656,-0.8749847412109375
random_26,-4.0,c041,-3.4375219345092773,-0.749943733215332
random_26,-4.0,c006,0.4374837875366211,-0.8743839263916016
random_26,-4.0,c039,-1.6874980926513672,0.37480831146240234
random_26,-4.0,c017,1.8124980926513672,-1.6248445510864258
random_26,-4.0,c058,-1.4999980926513672,-1.8125019073486328
random_26,-4.0,c002,0.2500028610229492,-2.1249799728393555
random_26,-4.0,c024,0.06250476837158203,-0.8122138977050781
random_26,-4.0,c023,-0.06249809265136719,-1.9374885559082031
random_26,-4.0,c022,-2.000001907348633,-2.1250076293945312
random_26,-4.0,c056,9.5367431640625e-07,-1.6220226287841797
random_26,4.0,c041,3.062954902648926,0.8756418228149414
random_26,4.0,c006,2.54205322265625,0.10505485534667969
random_26,4.0,c039,1.8750944137573242,0.5625886917114258
random_26,4.0,c017,5.810246467590332,0.8102750778198242
random_26,4.0,c058,1.6249828338623047,0.9999828338623047
random_26,4.0,c002,1.937453269958496,0.4999685287475586
random_26,4.0,c024,0.81048583984375,0.7480678558349609
random_26,4.0,c023,2.1867856979370117,-0.18803882598876953
random_26,4.0,c022,2.997966766357422,0.31058216094970703
random_26,4.0,c056,1.2670373916625977,0.5329008102416992
random_26,4.0,c029,-1.6250667572021484,0.12493228912353516
random_26,4.0,c025,0.057018280029296875,0.8069677352905273
random_26,4.0,c000,2.937765121459961,0.0015592575073242188
random_26,4.0,c036,0.3760719299316406,-0.3734750747680664
random_26,4.0,c020,7.934811592102051,-1.189875602722168
random_26,4.0,c011,5.498340606689453,1.0609245300292969
random_26,4.0,c003,1.7497329711914062,-0.18767261505126953
random_26,4.0,c045,6.495999336242676,-1.1912260055541992
random_26,4.0,c046,0.6628456115722656,1.661651611328125
random_26,4.0,c044,8.304109573364258,-1.757028579711914
random_26,4.0,c008,0.125,1.25
random_26,4.0,c049,3.9999618530273438,-0.3750343322753906
random_26,4.0,c013,10.184813499450684,-0.0023050308227539062
random_26,4.0,c042,4.248359680175781,0.3733844757080078
random_26,4.0,c009,-0.1850109100341797,0.3775482177734375
random_26,4.0,c047,1.7434024810791016,0.8062906265258789
random_26,4.0,c050,1.3726730346679688,0.1861438751220703
random_26,4.0,c043,0.7427120208740234,-0.007134437561035156
random_26,4.0,c016,2.874155044555664,0.37421607971191406
random_26,4.0,c014,3.374844551086426,1.5623559951782227
random_26,4.0,c041,-0.6272802352905273,2.060297966003418
random_26,4.0,c006,1.6837968826293945,0.3719291687011719
random_26,4.0,c039,-2.0638484954833984,-0.0015420913696289062
random_26,4.0,c017,3.999053955078125,0.561711311340332
random_26,4.0,c058,2.750001907348633,2.437498092651367
random_26,4.0,c002,2.062228202819824,-0.31275463104248047
random_26,4.0,c024,1.4244384765625,0.5497198104858398
random_26,4.0,c023,2.308760643005371,0.43377017974853516
random_26,4.0,c022,1.0623722076416016,0.9373664855957031
random_26,4.0,c056,2.019352912902832,0.39732933044433594
random_27,-1.0,c041,2.499319076538086,0.31200599670410156
random_27,-1.0,c006,2.8721961975097656,0.4351978302001953
random_27,-1.0,c039,1.562520980834961,0.2500152587890625
random_27,-1.0,c017,5.0624237060546875,0.06245231628417969
random_27,-1.0,c058,0.4999980926513672,-0.1250019073486328
random_27,-1.0,c002,1.937495231628418,0.5000104904174805
random_27,-1.0,c024,0.12464714050292969,0.062229156494140625
random_27,-1.0,c023,2.3118085861206055,-0.06301593780517578
random_27,-1.0,c022,2.812368392944336,0.1249837875366211
random_27,-1.0,c056,0.4283103942871094,-0.30582618713378906
random_27,-1.0,c029,-1.7499914169311523,7.62939453125e-06
random_27,-1.0,c025,-0.43765830993652344,0.31229114532470703
random_27,-1.0,c000,2.9359025955200195,-0.0003032684326171875
random_27,-1.0,c036,0.62347412109375,-0.12607288360595703
random_27,-1.0,c020,8.81194019317627,-0.3127470016479492
random_27,-1.0,c011,4.937394142150879,0.49997806549072266
random_27,-1.0,c003,2.1874141693115234,0.25000858306884766
random_27,-1.0,c045,7.748852729797363,0.06162738800048828
random_27,-1.0,c046,-0.6188020706176758,0.3800039291381836
random_27,-1.0,c044,9.682028770446777,-0.37910938262939453
random_27,-1.0,c008,-1.25,-0.125
random_27,-1.0,c049,3.7499961853027344,-0.625
random_27,-1.0,c013,9.68647575378418,-0.5006427764892578
random_27,-1.0,c042,4.437382698059082,0.5624074935913086
random_27,-1.0,c009,-0.12520694732666016,0.43735218048095703
random_27,-1.0,c047,1.0614023208618164,0.12429046630859375
random_27,-1.0,c050,0.9979066848754883,-0.18862247467041016
random_27,-1.0,c043,0.9995336532592773,0.24968719482421875
random_27,-1.0,c016,2.6248674392700195,0.12492847442626953
random_27,-1.0,c014,1.9999847412109375,0.18749618530273438
random_27,-1.0,c041,-2.9375782012939453,-0.25
random_27,-1.0,c006,1.7486629486083984,0.4367952346801758
random_27,-1.0,c039,-1.999795913696289,0.06251049041748047
random_27,-1.0,c017,3.5623512268066406,0.12500858306884766
random_27,-1.0,c058,1.9073486328125e-06,-0.3125019073486328
random_27,-1.0,c002,2.8123950958251953,0.4374122619628906
random_27,-1.0,c024,1.2489404678344727,0.3742218017578125
random_27,-1.0,c023,2.3122262954711914,0.43723583221435547
random_27,-1.0,c022,-0.12500476837158203,-0.25001049041748047
random_27,-1.0,c056,2.2404747009277344,0.6184511184692383
random_27,1.0,c041,2.062331199645996,-0.12498188018798828
random_27,1.0,c006,1.937333106994629,-0.4996652603149414
random_27,1.0,c039,1.5625019073486328,0.24999618530273438
random_27,1.0,c017,4.9999542236328125,-1.71661376953125e-05
random_27,1.0,c058,0.9999980926513672,0.3749980926513672
random_27,1.0,c002,1.0000019073486328,-0.4374828338623047
random_27,1.0,c024,0.12495708465576172,0.06253910064697266
random_27,1.0,c023,2.6249208450317383,0.25009632110595703
random_27,1.0,c022,2.749749183654785,0.06236457824707031
random_27,1.0,c056,0.30690479278564453,-0.4272317886352539
random_27,1.0,c029,-1.6249980926513672,0.1250009536743164
random_27,1.0,c025,-0.8749170303344727,-0.12496757507324219
random_27,1.0,c000,2.4373064041137695,-0.4988994598388672
random_27,1.0,c036,0.49985599517822266,-0.24969100952148438
random_27,1.0,c020,8.87486743927002,-0.24981975555419922
random_27,1.0,c011,4.187483787536621,-0.24993228912353516
random_27,1.0,c003,1.9374885559082031,8.296966552734375e-05
random_27,1.0,c045,7.562209129333496,-0.1250162124633789
random_27,1.0,c046,-0.7493095397949219,0.2494964599609375
random_27,1.0,c044,9.436923027038574,-0.6242151260375977
random_27,1.0,c008,-1.3125,-0.1875
random_27,1.0,c049,4.812498092651367,0.4375019073486328
random_27,1.0,c013,9.68730354309082,-0.4998149871826172
random_27,1.0,c042,3.312479019165039,-0.5624961853027344
random_27,1.0,c009,-1.0000295639038086,-0.4374704360961914
random_27,1.0,c047,1.1247968673706055,0.1876850128173828
random_27,1.0,c050,0.9373035430908203,-0.24922561645507812
random_27,1.0,c043,0.8750543594360352,0.12520790100097656
random_27,1.0,c016,2.1249780654907227,-0.37496089935302734
random_27,1.0,c014,1.9374923706054688,0.12500381469726562
random_27,1.0,c041,-2.9375009536743164,-0.2499227523803711
random_27,1.0,c006,1.1873455047607422,-0.12452220916748047
random_27,1.0,c039,-2.4374303817749023,-0.3751239776611328
random_27,1.0,c017,3.312459945678711,-0.12488269805908203
random_27,1.0,c058,0.2500019073486328,-0.06250190734863281
random_27,1.0,c002,2.2499732971191406,-0.12500953674316406
random_27,1.0,c024,1.1248655319213867,0.25014686584472656
random_27,1.0,c023,1.6250238418579102,-0.24996662139892578
random_27,1.0,c022,-0.24997615814208984,-0.3749818801879883
random_27,1.0,c056,1.6870880126953125,0.0650644302368164
random_27,-4.0,c041,2.1114320755004883,-0.0758810043334961
random_27,-4.0,c006,2.420879364013672,-0.016119003295898438
random_27,-4.0,c039,0.6884450912475586,-0.6240606307983398
random_27,-4.0,c017,3.8113813400268555,-1.1885900497436523
random_27,-4.0,c058,0.3124828338623047,-0.3125171661376953
random_27,-4.0,c002,1.8750171661376953,0.4375324249267578
random_27,-4.0,c024,-0.06389331817626953,-0.1263113021850586
random_27,-4.0,c023,0.8080272674560547,-1.5667972564697266
random_27,-4.0,c022,1.9955329895019531,-0.6918516159057617
random_27,-4.0,c056,0.41518306732177734,-0.3189535140991211
random_27,-4.0,c029,-1.4375238418579102,0.31247520446777344
random_27,-4.0,c025,0.12886524200439453,0.878814697265625
random_27,-4.0,c000,2.612285614013672,-0.32392024993896484
random_27,-4.0,c036,0.7284173965454102,-0.021129608154296875
random_27,-4.0,c020,7.309621810913086,-1.8150653839111328
random_27,-4.0,c011,3.5621824264526367,-0.8752336502075195
random_27,-4.0,c003,1.809697151184082,-0.12770843505859375
random_27,-4.0,c045,6.745613098144531,-0.9416122436523438
random_27,-4.0,c046,-0.5714521408081055,0.4273538589477539
random_27,-4.0,c044,8.854544639587402,-1.2065935134887695
random_27,-4.0,c008,-1.6875,-0.5625
random_27,-4.0,c049,2.4999942779541016,-1.8750019073486328
random_27,-4.0,c013,8.244481086730957,-1.9426374435424805
random_27,-4.0,c042,3.374567985534668,-0.5004072189331055
random_27,-4.0,c009,0.5043230056762695,1.0668821334838867
random_27,-4.0,c047,0.07606124877929688,-0.8610506057739258
random_27,-4.0,c050,1.0374259948730469,-0.14910316467285156
random_27,-4.0,c043,0.3655862808227539,-0.3842601776123047
random_27,-4.0,c016,1.7465944290161133,-0.7533445358276367
random_27,-4.0,c014,1.9992876052856445,0.1867990493774414
random_27,-4.0,c041,-1.6989240646362305,0.9886541366577148
random_27,-4.0,c006,1.1810598373413086,-0.13080787658691406
random_27,-4.0,c039,-1.692617416381836,0.3696889877319336
random_27,-4.0,c017,2.8113508224487305,-0.6259918212890625
random_27,-4.0,c058,-0.5624980926513672,-0.8750019073486328
random_27,-4.0,c002,1.561544418334961,-0.8134384155273438
random_27,-4.0,c024,1.1851568222045898,0.3104381561279297
random_27,-4.0,c023,2.361379623413086,0.48638916015625
random_27,-4.0,c022,-0.0624847412109375,-0.18749046325683594
random_27,-4.0,c056,1.4802312850952148,-0.14179229736328125
random_27,4.0,c041,1.7499885559082031,-0.43732452392578125
random_27,4.0,c006,1.3124732971191406,-1.1245250701904297
random_27,4.0,c039,1.625,0.31249427795410156
random_27,4.0,c017,4.874988555908203,-0.12498283386230469
random_27,4.0,c058,1.375,0.75
random_27,4.0,c002,0.8125038146972656,-0.6249809265136719
random_27,4.0,c024,0.6249885559082031,0.5625705718994141
random_27,4.0,c023,3.0624847412109375,0.6876602172851562
random_27,4.0,c022,2.374974250793457,-0.3124103546142578
random_27,4.0,c056,0.8115634918212891,0.07742691040039062
random_27,4.0,c029,-1.1249980926513672,0.6250009536743164
random_27,4.0,c025,-0.6874799728393555,0.062469482421875
random_27,4.0,c000,1.2499885559082031,-1.6862173080444336
random_27,4.0,c036,0.06248664855957031,-0.6870603561401367
random_27,4.0,c020,8.312456130981445,-0.8122310638427734
random_27,4.0,c011,2.937480926513672,-1.4999351501464844
random_27,4.0,c003,0.6875028610229492,-1.2499027252197266
random_27,4.0,c045,7.124960899353027,-0.5622644424438477
random_27,4.0,c046,-0.8750238418579102,0.12378215789794922
random_27,4.0,c044,8.124813079833984,-1.9363250732421875
random_27,4.0,c008,-0.9375,0.1875
random_27,4.0,c049,6.062498092651367,1.6875019073486328
random_27,4.0,c013,8.624966621398926,-1.5621519088745117
random_27,4.0,c042,1.8124761581420898,-2.0624990463256836
random_27,4.0,c009,-1.6249980926513672,-1.06243896484375
random_27,4.0,c047,1.5624942779541016,0.6253824234008789
random_27,4.0,c050,1.1874399185180664,0.0009107589721679688
random_27,4.0,c043,-0.06247138977050781,-0.8123178482055664
random_27,4.0,c016,1.5000009536743164,-0.9999380111694336
random_27,4.0,c014,1.937490463256836,0.1250019073486328
random_27,4.0,c041,-1.2499895095825195,1.4375886917114258
random_27,4.0,c006,0.49996089935302734,-0.8119068145751953
random_27,4.0,c039,-1.4374980926513672,0.6248083114624023
random_27,4.0,c017,3.062504768371582,-0.37483787536621094
random_27,4.0,c058,1.0624980926513672,0.7499942779541016
random_27,4.0,c002,2.0624942779541016,-0.3124885559082031
random_27,4.0,c024,0.6249246597290039,-0.24979400634765625
random_27,4.0,c023,1.749983787536621,-0.12500667572021484
random_27,4.0,c022,0.5000038146972656,0.3749980926513672
random_27,4.0,c056,1.5623750686645508,-0.05964851379394531
random_28,-1.0,c041,1.9371566772460938,-0.2501564025878906
random_28,-1.0,c006,1.999429702758789,-0.43756866455078125
random_28,-1.0,c039,1.4374980926513672,0.12499237060546875
random_28,-1.0,c017,5.062463760375977,0.06249237060546875
random_28,-1.0,c058,0.9374980926513672,0.3124980926513672
random_28,-1.0,c002,0.6874971389770508,-0.7499876022338867
random_28,-1.0,c024,-8.58306884765625e-06,-0.06242656707763672
random_28,-1.0,c023,1.5622167587280273,-0.8126077651977539
random_28,-1.0,c022,2.7496891021728516,0.06230449676513672
random_28,-1.0,c056,-0.13630390167236328,-0.8704404830932617
random_28,-1.0,c029,-2.6249961853027344,-0.8749971389770508
random_28,-1.0,c025,-0.7499237060546875,2.574920654296875e-05
random_28,-1.0,c000,2.436245918273926,-0.49995994567871094
random_28,-1.0,c036,0.3121328353881836,-0.43741416931152344
random_28,-1.0,c020,8.874490737915039,-0.2501964569091797
random_28,-1.0,c011,4.624876022338867,0.18745994567871094
random_28,-1.0,c003,1.499868392944336,-0.43753719329833984
random_28,-1.0,c045,8.374584197998047,0.6873588562011719
random_28,-1.0,c046,-0.6886129379272461,0.3101930618286133
random_28,-1.0,c044,10.060063362121582,-0.0010747909545898438
random_28,-1.0,c008,-1.75,-0.625
random_28,-1.0,c049,4.124998092651367,-0.2499980926513672
random_28,-1.0,c013,9.874309539794922,-0.3128089904785156
random_28,-1.0,c042,3.437432289123535,-0.4375429153442383
random_28,-1.0,c009,-0.6251668930053711,-0.0626077651977539
random_28,-1.0,c047,0.874363899230957,-0.06274795532226562
random_28,-1.0,c050,0.6245756149291992,-0.5619535446166992
random_28,-1.0,c043,0.8118314743041992,0.061985015869140625
random_28,-1.0,c016,2.1249523162841797,-0.3749866485595703
random_28,-1.0,c014,1.7499961853027344,-0.06249237060546875
random_28,-1.0,c041,-2.8750553131103516,-0.18747711181640625
random_28,-1.0,c006,0.5620241165161133,-0.7498435974121094
random_28,-1.0,c039,-2.1873769760131836,-0.12507057189941406
random_28,-1.0,c017,3.5623855590820312,0.12504291534423828
random_28,-1.0,c058,-0.12499809265136719,-0.4375019073486328
random_28,-1.0,c002,1.7499275207519531,-0.6250553131103516
random_28,-1.0,c024,0.9373464584350586,0.06262779235839844
random_28,-1.0,c023,1.8748607635498047,-0.00012969970703125
random_28,-1.0,c022,-0.4375143051147461,-0.5625200271606445
random_28,-1.0,c056,1.6851873397827148,0.06316375732421875
random_28,1.0,c041,2.624788284301758,0.43747520446777344
random_28,1.0,c006,2.874338150024414,0.43733978271484375
random_28,1.0,c039,2.0000104904174805,0.687504768371582
random_28,1.0,c017,5.499950408935547,0.49997901916503906
random_28,1.0,c058,0.4999980926513672,-0.1250019073486328
random_28,1.0,c002,1.9374990463256836,0.5000143051147461
random_28,1.0,c024,0.18756866455078125,0.1251506805419922
random_28,1.0,c023,3.187331199645996,0.8125066757202148
random_28,1.0,c022,2.999868392944336,0.3124837875366211
random_28,1.0,c056,1.1737251281738281,0.4395885467529297
random_28,1.0,c029,-1.5624961853027344,0.18750286102294922
random_28,1.0,c025,-0.6249303817749023,0.12501907348632812
random_28,1.0,c000,2.9990530014038086,0.06284713745117188
random_28,1.0,c036,0.9372758865356445,0.1877288818359375
random_28,1.0,c020,8.999788284301758,-0.12489891052246094
random_28,1.0,c011,4.374957084655762,-0.06245899200439453
random_28,1.0,c003,1.9374322891235352,2.6702880859375e-05
random_28,1.0,c045,7.374874114990234,-0.3123512268066406
random_28,1.0,c046,-0.6859235763549805,0.3128824234008789
random_28,1.0,c044,9.374258995056152,-0.6868791580200195
random_28,1.0,c008,-0.875,0.25
random_28,1.0,c049,5.249996185302734,0.875
random_28,1.0,c013,9.37478256225586,-0.8123359680175781
random_28,1.0,c042,3.999937057495117,0.12496185302734375
random_28,1.0,c009,-0.5000190734863281,0.06254005432128906
random_28,1.0,c047,1.062312126159668,0.1252002716064453
random_28,1.0,c050,1.4992332458496094,0.31270408630371094
random_28,1.0,c043,1.124833106994629,0.3749866485595703
random_28,1.0,c016,2.7499818801879883,0.2500429153442383
random_28,1.0,c014,2.062506675720215,0.2500181198120117
random_28,1.0,c041,-2.3125791549682617,0.3749990463256836
random_28,1.0,c006,1.4993839263916016,0.1875162124633789
random_28,1.0,c039,-1.812230110168457,0.2500762939453125
random_28,1.0,c017,3.43746280670166,0.0001201629638671875
random_28,1.0,c058,0.5,0.18749618530273438
random_28,1.0,c002,2.9999637603759766,0.6249809265136719
random_28,1.0,c024,1.1247177124023438,0.2499990463256836
random_28,1.0,c023,1.9999141693115234,0.1249237060546875
random_28,1.0,c022,0.0,-0.12500572204589844
random_28,1.0,c056,1.9356985092163086,0.3136749267578125
random_28,-4.0,c041,0.7497892379760742,-1.4375238418579102
random_28,-4.0,c006,-0.2503185272216797,-2.68731689453125
random_28,-4.0,c039,0.06249809265136719,-1.2500076293945312
random_28,-4.0,c017,2.9374704360961914,-2.0625009536743164
random_28,-4.0,c058,1.6875,1.0625
random_28,-4.0,c002,-0.5625085830688477,-1.9999933242797852
random_28,-4.0,c024,-0.2501382827758789,-0.31255626678466797
random_28,-4.0,c023,-0.8751859664916992,-3.2500104904174805
random_28,-4.0,c022,1.5619964599609375,-1.1253881454467773
random_28,-4.0,c056,-0.9451808929443359,-1.6793174743652344
random_28,-4.0,c029,-4.312498092651367,-2.5624990463256836
random_28,-4.0,c025,-1.250105857849121,-0.5001564025878906
random_28,-4.0,c000,0.6871356964111328,-2.249070167541504
random_28,-4.0,c036,-0.7510900497436523,-1.5006370544433594
random_28,-4.0,c020,8.31102180480957,-0.8136653900146484
random_28,-4.0,c011,3.312429428100586,-1.1249866485595703
random_28,-4.0,c003,-0.0629568099975586,-2.0003623962402344
random_28,-4.0,c045,7.811179161071777,0.12395381927490234
random_28,-4.0,c046,-2.125380516052246,-1.1265745162963867
random_28,-4.0,c044,9.686192512512207,-0.37494564056396484
random_28,-4.0,c008,-2.8125,-1.6875
random_28,-4.0,c049,3.874998092651367,-0.4999980926513672
random_28,-4.0,c013,8.999235153198242,-1.1878833770751953
random_28,-4.0,c042,1.499894142150879,-2.3750810623168945
random_28,-4.0,c009,-1.437849998474121,-0.8752908706665039
random_28,-4.0,c047,0.2492656707763672,-0.6878461837768555
random_28,-4.0,c050,-1.3751916885375977,-2.561720848083496
random_28,-4.0,c043,-0.6262235641479492,-1.3760700225830078
random_28,-4.0,c016,-0.31253528594970703,-2.812474250793457
random_28,-4.0,c014,-0.06251335144042969,-1.8750019073486328
random_28,-4.0,c041,-3.000016212463379,-0.3124380111694336
random_28,-4.0,c006,-0.8128395080566406,-2.1247072219848633
random_28,-4.0,c039,-3.0624427795410156,-1.000136375427246
random_28,-4.0,c017,2.999828338623047,-0.4375143051147461
random_28,-4.0,c058,-0.5,-0.8125038146972656
random_28,-4.0,c002,-0.4375467300415039,-2.8125295639038086
random_28,-4.0,c024,0.686833381652832,-0.18788528442382812
random_28,-4.0,c023,0.49988746643066406,-1.3751029968261719
random_28,-4.0,c022,-1.3125019073486328,-1.4375076293945312
random_28,-4.0,c056,0.061036109924316406,-1.5609874725341797
random_28,4.0,c041,3.249964714050293,1.0626516342163086
random_28,4.0,c006,3.374630928039551,0.9376325607299805
random_28,4.0,c039,1.8750457763671875,0.5625400543212891
random_28,4.0,c017,4.499981880187988,-0.49998950958251953
random_28,4.0,c058,-0.5000038146972656,-1.1250038146972656
random_28,4.0,c002,2.4375038146972656,1.0000190734863281
random_28,4.0,c024,-0.12525367736816406,-0.18767166137695312
random_28,4.0,c023,3.812408447265625,1.4375839233398438
random_28,4.0,c022,2.6272926330566406,-0.06009197235107422
random_28,4.0,c056,2.6104307174682617,1.8762941360473633
random_28,4.0,c029,-0.6874847412109375,1.062514305114746
random_28,4.0,c025,-0.562347412109375,0.18760204315185547
random_28,4.0,c000,3.375032424926758,0.4388265609741211
random_28,4.0,c036,1.1249761581420898,0.3754291534423828
random_28,4.0,c020,7.312451362609863,-1.8122358322143555
random_28,4.0,c011,3.312497138977051,-1.1249189376831055
random_28,4.0,c003,2.312655448913574,0.37524986267089844
random_28,4.0,c045,5.249966621398926,-2.437258720397949
random_28,4.0,c046,0.3864898681640625,1.3852958679199219
random_28,4.0,c044,7.124112129211426,-2.937026023864746
random_28,4.0,c008,-0.75,0.375
random_28,4.0,c049,4.562494277954102,0.1874980926513672
random_28,4.0,c013,8.312365531921387,-1.8747529983520508
random_28,4.0,c042,3.749964714050293,-0.12501049041748047
random_28,4.0,c009,-0.24999713897705078,0.3125619888305664
random_28,4.0,c047,1.6249198913574219,0.6878080368041992
random_28,4.0,c050,1.6235780715942383,0.43704891204833984
random_28,4.0,c043,0.6879100799560547,-0.061936378479003906
random_28,4.0,c016,2.8124475479125977,0.31250858306884766
random_28,4.0,c014,2.1874771118164062,0.3749885559082031
random_28,4.0,c041,-2.000131607055664,0.6874465942382812
random_28,4.0,c006,2.68782901763916,1.3759613037109375
random_28,4.0,c039,-0.5619325637817383,1.5003738403320312
random_28,4.0,c017,3.125009536743164,-0.3123331069946289
random_28,4.0,c058,1.0000028610229492,0.6874990463256836
random_28,4.0,c002,3.499993324279785,1.1250104904174805
random_28,4.0,c024,1.2500810623168945,0.3753623962402344
random_28,4.0,c023,2.250033378601074,0.3750429153442383
random_28,4.0,c022,0.25017452239990234,0.1251688003540039
random_28,4.0,c056,2.4366283416748047,0.8146047592163086
random_29,-1.0,c041,2.3746137619018555,0.1873006820678711
random_29,-1.0,c006,2.3733673095703125,-0.06363105773925781
random_29,-1.0,c039,1.5625038146972656,0.2499980926513672
random_29,-1.0,c017,5.124849319458008,0.1248779296875
random_29,-1.0,c058,0.8749980926513672,0.2499980926513672
random_29,-1.0,c002,1.0625123977661133,-0.3749723434448242
random_29,-1.0,c024,-0.3751811981201172,-0.43759918212890625
random_29,-1.0,c023,1.937342643737793,-0.4374818801879883
random_29,-1.0,c022,2.2499704360961914,-0.43741416931152344
random_29,-1.0,c056,0.6759166717529297,-0.05821990966796875
random_29,-1.0,c029,-1.8749980926513672,-0.1249990463256836
random_29,-1.0,c025,-0.8750238418579102,-0.1250743865966797
random_29,-1.0,c000,2.6238174438476562,-0.31238842010498047
random_29,-1.0,c036,0.49878501892089844,-0.2507619857788086
random_29,-1.0,c020,8.749412536621094,-0.375274658203125
random_29,-1.0,c011,4.249911308288574,-0.18750476837158203
random_29,-1.0,c003,2.187361717224121,0.2499561309814453
random_29,-1.0,c045,7.561823844909668,-0.12540149688720703
random_29,-1.0,c046,-0.6905574798583984,0.30824851989746094
random_29,-1.0,c044,9.809309959411621,-0.2518281936645508
random_29,-1.0,c008,-1.3125,-0.1875
random_29,-1.0,c049,4.437498092651367,0.06250190734863281
random_29,-1.0,c013,8.936330795288086,-1.2507877349853516
random_29,-1.0,c042,3.68731689453125,-0.18765830993652344
random_29,-1.0,c009,-0.5001077651977539,0.06245136260986328
random_29,-1.0,c047,0.3735027313232422,-0.5636091232299805
random_29,-1.0,c050,1.2493486404418945,0.0628194808959961
random_29,-1.0,c043,0.4367637634277344,-0.3130826950073242
random_29,-1.0,c016,2.687398910522461,0.18745994567871094
random_29,-1.0,c014,1.3749923706054688,-0.4374961853027344
random_29,-1.0,c041,-2.6250391006469727,0.06253910064697266
random_29,-1.0,c006,1.1243553161621094,-0.18751239776611328
random_29,-1.0,c039,-1.812255859375,0.25005054473876953
random_29,-1.0,c017,3.4997854232788086,0.062442779541015625
random_29,-1.0,c058,0.5000019073486328,0.1874980926513672
random_29,-1.0,c002,2.6249446868896484,0.24996185302734375
random_29,-1.0,c024,1.062032699584961,0.18731403350830078
random_29,-1.0,c023,1.7499465942382812,-0.1250438690185547
random_29,-1.0,c022,-0.18752002716064453,-0.31252574920654297
random_29,-1.0,c056,1.7466678619384766,0.12464427947998047
random_29,1.0,c041,1.8123998641967773,-0.37491321563720703
random_29,1.0,c006,1.8747882843017578,-0.5622100830078125
random_29,1.0,c039,1.875004768371582,0.5624990463256836
random_29,1.0,c017,4.874958038330078,-0.1250133514404297
random_29,1.0,c058,0.5625,-0.0625
random_29,1.0,c002,1.8124980926513672,0.3750133514404297
random_29,1.0,c024,0.3748817443847656,0.31246376037597656
random_29,1.0,c023,2.6247215270996094,0.24989700317382812
random_29,1.0,c022,2.937434196472168,0.2500495910644531
random_29,1.0,c056,0.49213123321533203,-0.2420053482055664
random_29,1.0,c029,-1.6249971389770508,0.1250019073486328
random_29,1.0,c025,-0.4999237060546875,0.25002574920654297
random_29,1.0,c000,2.999356269836426,0.06315040588378906
random_29,1.0,c036,0.49964237213134766,-0.24990463256835938
random_29,1.0,c020,8.499713897705078,-0.6249732971191406
random_29,1.0,c011,4.624934196472168,0.18751811981201172
random_29,1.0,c003,1.7499637603759766,-0.18744182586669922
random_29,1.0,c045,7.749865531921387,0.06264019012451172
random_29,1.0,c046,-0.37389087677001953,0.6249151229858398
random_29,1.0,c044,9.874597549438477,-0.1865406036376953
random_29,1.0,c008,-0.875,0.25
random_29,1.0,c049,4.562498092651367,0.1875019073486328
random_29,1.0,c013,9.687299728393555,-0.4998188018798828
random_29,1.0,c042,3.937464714050293,0.06248950958251953
random_29,1.0,c009,-0.5625486373901367,1.049041748046875e-05
random_29,1.0,c047,0.7496557235717773,-0.1874561309814453
random_29,1.0,c050,1.0619134902954102,-0.12461566925048828
random_29,1.0,c043,0.9998760223388672,0.2500295639038086
random_29,1.0,c016,2.124980926513672,-0.3749580383300781
random_29,1.0,c014,2.000006675720215,0.18751811981201172
random_29,1.0,c041,-2.5000686645507812,0.18750953674316406
random_29,1.0,c006,1.124664306640625,-0.18720340728759766
random_29,1.0,c039,-2.312283515930176,-0.24997711181640625
random_29,1.0,c017,3.499937057495117,0.06259441375732422
random_29,1.0,c058,0.12500381469726562,-0.1875
random_29,1.0,c002,2.187483787536621,-0.1874990463256836
random_29,1.0,c024,1.187281608581543,0.3125629425048828
random_29,1.0,c023,1.8124370574951172,-0.06255340576171875
random_29,1.0,c022,-0.31251049041748047,-0.4375162124633789
random_29,1.0,c056,1.7489280700683594,0.12690448760986328
random_29,-4.0,c041,1.9347457885742188,-0.2525672912597656
random_29,-4.0,c006,1.9858627319335938,-0.45113563537597656
random_29,-4.0,c039,1.1875028610229492,-0.12500286102294922
random_29,-4.0,c017,4.186605453491211,-0.8133659362792969
random_29,-4.0,c058,1.3124980926513672,0.6874980926513672
random_29,-4.0,c002,0.1249847412109375,-1.3125
random_29,-4.0,c024,-1.0057992935180664,-1.0682172775268555
random_29,-4.0,c023,1.6243906021118164,-0.7504339218139648
random_29,-4.0,c022,2.124452590942383,-0.562932014465332
random_29,-4.0,c056,1.2234935760498047,0.48935699462890625
random_29,-4.0,c029,-1.6875028610229492,0.062496185302734375
random_29,-4.0,c025,-1.4376983642578125,-0.687748908996582
random_29,-4.0,c000,1.8057241439819336,-1.1304817199707031
random_29,-4.0,c036,0.49651432037353516,-0.2530326843261719
random_29,-4.0,c020,7.623805999755859,-1.5008811950683594
random_29,-4.0,c011,2.8742246627807617,-1.5631914138793945
random_29,-4.0,c003,2.062225341796875,0.12481975555419922
random_29,-4.0,c045,6.873369216918945,-0.8138561248779297
random_29,-4.0,c046,-0.6520986557006836,0.3467073440551758
random_29,-4.0,c044,9.215289115905762,-0.8458490371704102
random_29,-4.0,c008,-3.1875,-2.0625
random_29,-4.0,c049,3.062498092651367,-1.3124980926513672
random_29,-4.0,c013,8.498175621032715,-1.6889429092407227
random_29,-4.0,c042,2.749675750732422,-1.1252994537353516
random_29,-4.0,c009,-0.8126821517944336,-0.2501230239868164
random_29,-4.0,c047,0.8553352355957031,-0.08177661895751953
random_29,-4.0,c050,1.4974365234375,0.31090736389160156
random_29,-4.0,c043,0.4759807586669922,-0.2738656997680664
random_29,-4.0,c016,2.374405860900879,-0.1255331039428711
random_29,-4.0,c014,0.6872692108154297,-1.1252193450927734
random_29,-4.0,c041,-1.6907100677490234,0.9968681335449219
random_29,-4.0,c006,0.8044099807739258,-0.5074577331542969
random_29,-4.0,c039,-1.5000200271606445,0.562286376953125
random_29,-4.0,c017,2.746427536010742,-0.6909151077270508
random_29,-4.0,c058,1.0625,0.7499961853027344
random_29,-4.0,c002,2.2497425079345703,-0.12524032592773438
random_29,-4.0,c024,0.8101539611816406,-0.06456470489501953
random_29,-4.0,c023,1.687051773071289,-0.18793869018554688
random_29,-4.0,c022,-0.0624847412109375,-0.18749046325683594
random_29,-4.0,c056,0.6744318008422852,-0.9475917816162109
random_29,4.0,c041,1.5624303817749023,-0.624882698059082
random_29,4.0,c006,2.1874170303344727,-0.24958133697509766
random_29,4.0,c039,1.4375152587890625,0.12500953674316406
random_29,4.0,c017,4.437465667724609,-0.5625057220458984
random_29,4.0,c058,0.6250019073486328,1.9073486328125e-06
random_29,4.0,c002,2.374998092651367,0.9375133514404297
random_29,4.0,c024,1.125014305114746,1.062596321105957
random_29,4.0,c023,2.3124265670776367,-0.06239795684814453
random_29,4.0,c022,2.49997615814209,-0.187408447265625
random_29,4.0,c056,0.49829673767089844,-0.23583984375
random_29,4.0,c029,-1.3749656677246094,0.3750333786010742
random_29,4.0,c025,0.8125791549682617,1.5625286102294922
random_29,4.0,c000,2.74971866607666,-0.18648719787597656
random_29,4.0,c036,-0.12504005432128906,-0.8745870590209961
random_29,4.0,c020,8.687400817871094,-0.437286376953125
random_29,4.0,c011,4.437500953674316,8.487701416015625e-05
random_29,4.0,c003,0.5624809265136719,-1.374924659729004
random_29,4.0,c045,7.687421798706055,0.0001964569091796875
random_29,4.0,c046,0.814356803894043,1.8131628036499023
random_29,4.0,c044,8.624958038330078,-1.4361801147460938
random_29,4.0,c008,-1.1249980926513672,1.9073486328125e-06
random_29,4.0,c049,4.124998092651367,-0.2499980926513672
random_29,4.0,c013,9.62496280670166,-0.5621557235717773
random_29,4.0,c042,2.687493324279785,-1.1874818801879883
random_29,4.0,c009,-0.12505722045898438,0.4375019073486328
random_29,4.0,c047,0.8749217987060547,-0.06219005584716797
random_29,4.0,c050,1.0622997283935547,-0.12422943115234375
random_29,4.0,c043,1.375631332397461,0.6257848739624023
random_29,4.0,c016,1.6249771118164062,-0.8749618530273438
random_29,4.0,c014,2.812504768371582,1.000016212463379
random_29,4.0,c041,-2.749972343444824,-0.062394142150878906
random_29,4.0,c006,0.9372644424438477,-0.374603271484375
random_29,4.0,c039,-2.0620784759521484,0.00022792816162109375
random_29,4.0,c017,3.4999847412109375,0.06264209747314453
random_29,4.0,c058,-0.8749961853027344,-1.1875
random_29,4.0,c002,1.7499732971191406,-0.6250095367431641
random_29,4.0,c024,0.9377632141113281,0.06304454803466797
random_29,4.0,c023,2.499985694885254,0.624995231628418
random_29,4.0,c022,0.24998950958251953,0.1249837875366211
random_29,4.0,c056,2.1246652603149414,0.5026416778564453
random_30,-1.0,c041,3.06219482421875,0.8748817443847656
random_30,-1.0,c006,3.1865673065185547,0.7495689392089844
random_30,-1.0,c039,1.562504768371582,0.2499990463256836
random_30,-1.0,c017,5.874942779541016,0.8749713897705078
random_30,-1.0,c058,1.3749980926513672,0.7499980926513672
random_30,-1.0,c002,2.3750057220458984,0.9375209808349609
random_30,-1.0,c024,0.6248989105224609,0.5624809265136719
random_30,-1.0,c023,2.999845504760742,0.6250209808349609
random_30,-1.0,c022,3.4997920989990234,0.8124074935913086
random_30,-1.0,c056,0.6821203231811523,-0.052016258239746094
random_30,-1.0,c029,-1.499995231628418,0.2500038146972656
random_30,-1.0,c025,-0.12487220764160156,0.6250772476196289
random_30,-1.0,c000,3.1245059967041016,0.18830013275146484
random_30,-1.0,c036,0.8747825622558594,0.12523555755615234
random_30,-1.0,c020,9.374786376953125,0.25009918212890625
random_30,-1.0,c011,5.124961853027344,0.6875457763671875
random_30,-1.0,c003,2.249911308288574,0.31250572204589844
random_30,-1.0,c045,8.562068939208984,0.8748435974121094
random_30,-1.0,c046,0.0643310546875,1.0631370544433594
random_30,-1.0,c044,9.749083518981934,-0.3120546340942383
random_30,-1.0,c008,-0.25,0.875
random_30,-1.0,c049,4.499998092651367,0.1250019073486328
random_30,-1.0,c013,10.437297821044922,0.2501792907714844
random_30,-1.0,c042,4.749958038330078,0.8749828338623047
random_30,-1.0,c009,-0.37502098083496094,0.18753814697265625
random_30,-1.0,c047,1.3121147155761719,0.3750028610229492
random_30,-1.0,c050,1.8745746612548828,0.6880455017089844
random_30,-1.0,c043,0.9375534057617188,0.18770694732666016
random_30,-1.0,c016,2.812453269958496,0.3125143051147461
random_30,-1.0,c014,3.0624847412109375,1.2499961853027344
random_30,-1.0,c041,-2.124971389770508,0.5626068115234375
random_30,-1.0,c006,1.9994544982910156,0.687586784362793
random_30,-1.0,c039,-1.374685287475586,0.6876211166381836
random_30,-1.0,c017,4.249932289123535,0.8125896453857422
random_30,-1.0,c058,0.8125038146972656,0.5
random_30,-1.0,c002,2.8749656677246094,0.4999828338623047
random_30,-1.0,c024,2.0622196197509766,1.1875009536743164
random_30,-1.0,c023,2.499898910522461,0.624908447265625
random_30,-1.0,c022,0.8124904632568359,0.6874847412109375
random_30,-1.0,c056,1.7491588592529297,0.1271352767944336
random_30,1.0,c041,1.7498092651367188,-0.4375038146972656
random_30,1.0,c006,1.6246337890625,-0.8123645782470703
random_30,1.0,c039,1.3125057220458984,0.0
random_30,1.0,c017,4.562404632568359,-0.43756675720214844
random_30,1.0,c058,0.4374980926513672,-0.1875019073486328
random_30,1.0,c002,0.8749980926513672,-0.5624866485595703
random_30,1.0,c024,-0.3750419616699219,-0.43745994567871094
random_30,1.0,c023,1.999720573425293,-0.3751039505004883
random_30,1.0,c022,2.0624074935913086,-0.6249771118164062
random_30,1.0,c056,-0.008446693420410156,-0.7425832748413086
random_30,1.0,c029,-2.624993324279785,-0.8749942779541016
random_30,1.0,c025,-0.8748703002929688,-0.12492084503173828
random_30,1.0,c000,1.87420654296875,-1.0619993209838867
random_30,1.0,c036,0.061898231506347656,-0.6876487731933594
random_30,1.0,c020,7.562246322631836,-1.5624408721923828
random_30,1.0,c011,3.624922752380371,-0.8124933242797852
random_30,1.0,c003,1.4999074935913086,-0.4374980926513672
random_30,1.0,c045,6.999685287475586,-0.6875400543212891
random_30,1.0,c046,-0.8731422424316406,0.12566375732421875
random_30,1.0,c044,9.184800148010254,-0.876338005065918
random_30,1.0,c008,-2.0625,-0.9375
random_30,1.0,c049,4.249996185302734,-0.125
random_30,1.0,c013,9.312030792236328,-0.8750877380371094
random_30,1.0,c042,2.8749265670776367,-1.0000486373901367
random_30,1.0,c009,-0.7500667572021484,-0.18750762939453125
random_30,1.0,c047,0.1869668960571289,-0.7501449584960938
random_30,1.0,c050,0.9368581771850586,-0.24967098236083984
random_30,1.0,c043,0.06214618682861328,-0.6877002716064453
random_30,1.0,c016,1.9999570846557617,-0.4999818801879883
random_30,1.0,c014,1.0,-0.8124885559082031
random_30,1.0,c041,-3.5625734329223633,-0.874995231628418
random_30,1.0,c006,0.7497425079345703,-0.5621252059936523
random_30,1.0,c039,-2.9373388290405273,-0.8750324249267578
random_30,1.0,c017,3.062417984008789,-0.3749246597290039
random_30,1.0,c058,-0.6875,-1.0000038146972656
random_30,1.0,c002,2.562467575073242,0.1874847412109375
random_30,1.0,c024,-0.12521076202392578,-0.9999294281005859
random_30,1.0,c023,1.1874322891235352,-0.6875581741333008
random_30,1.0,c022,-0.8750228881835938,-1.0000286102294922
random_30,1.0,c056,1.4983062744140625,-0.1237173080444336
random_30,-4.0,c041,5.249919891357422,3.0626068115234375
random_30,-4.0,c006,4.437294006347656,2.000295639038086
random_30,-4.0,c039,2.8750429153442383,1.5625371932983398
random_30,-4.0,c017,6.562492370605469,1.562520980834961
random_30,-4.0,c058,2.5,1.875
random_30,-4.0,c002,3.375002861022949,1.9375181198120117
random_30,-4.0,c024,2.6249780654907227,2.5625600814819336
random_30,-4.0,c023,3.3750038146972656,1.0001792907714844
random_30,-4.0,c022,5.06246280670166,2.3750782012939453
random_30,-4.0,c056,2.1242408752441406,1.3901042938232422
random_30,-4.0,c029,6.67572021484375e-06,1.7500057220458984
random_30,-4.0,c025,1.1878118515014648,1.9377613067626953
random_30,-4.0,c000,3.9997310638427734,1.0635251998901367
random_30,-4.0,c036,1.8124914169311523,1.0629444122314453
random_30,-4.0,c020,9.874874114990234,0.7501869201660156
random_30,-4.0,c011,6.312482833862305,1.8750667572021484
random_30,-4.0,c003,2.4999866485595703,0.5625810623168945
random_30,-4.0,c045,9.437307357788086,1.750082015991211
random_30,-4.0,c046,1.251180648803711,2.2499866485595703
random_30,-4.0,c044,10.249907493591309,0.18876934051513672
random_30,-4.0,c008,0.8125,1.9375
random_30,-4.0,c049,5.687498092651367,1.3125019073486328
random_30,-4.0,c013,10.37496280670166,0.18784427642822266
random_30,-4.0,c042,5.49998664855957,1.6250114440917969
random_30,-4.0,c009,0.3749990463256836,0.9375581741333008
random_30,-4.0,c047,2.4374465942382812,1.5003347396850586
random_30,-4.0,c050,2.9999618530273438,1.8134326934814453
random_30,-4.0,c043,2.562718391418457,1.8128719329833984
random_30,-4.0,c016,3.375006675720215,0.8750677108764648
random_30,-4.0,c014,4.875003814697266,3.0625152587890625
random_30,-4.0,c041,0.43750858306884766,3.125086784362793
random_30,-4.0,c006,3.499833106994629,2.1879653930664062
random_30,-4.0,c039,0.7504549026489258,2.8127613067626953
random_30,-4.0,c017,4.999985694885254,1.562643051147461
random_30,-4.0,c058,2.8125,2.4999961853027344
random_30,-4.0,c002,3.437504768371582,1.0625219345092773
random_30,-4.0,c024,4.937334060668945,4.062615394592285
random_30,-4.0,c023,3.8125057220458984,1.9375152587890625
random_30,-4.0,c022,2.6874828338623047,2.5624771118164062
random_30,-4.0,c056,2.6873226165771484,1.0652990341186523
random_30,4.0,c041,-0.125091552734375,-2.3124046325683594
random_30,4.0,c006,-0.5625438690185547,-2.999542236328125
random_30,4.0,c039,0.625,-0.6875057220458984
random_30,4.0,c017,1.9999065399169922,-3.0000648498535156
random_30,4.0,c058,-1.5000123977661133,-2.1250123977661133
random_30,4.0,c002,-0.812495231628418,-2.2499799728393555
random_30,4.0,c024,-2.0624923706054688,-2.124910354614258
random_30,4.0,c023,0.18749427795410156,-2.1873302459716797
random_30,4.0,c022,0.3750190734863281,-2.3123655319213867
random_30,4.0,c056,-0.5708684921264648,-1.3050050735473633
random_30,4.0,c029,-3.625,-1.8750009536743164
random_30,4.0,c025,-2.8124923706054688,-2.0625429153442383
random_30,4.0,c000,0.12483787536621094,-2.811367988586426
random_30,4.0,c036,-0.9377613067626953,-1.6873083114624023
random_30,4.0,c020,4.437225341796875,-4.687461853027344
random_30,4.0,c011,0.6874885559082031,-3.749927520751953
random_30,4.0,c003,-0.00010395050048828125,-1.937509536743164
random_30,4.0,c045,3.874969482421875,-3.812255859375
random_30,4.0,c046,-2.0017786026000977,-1.0029726028442383
random_30,4.0,c044,5.936161041259766,-4.124977111816406
random_30,4.0,c008,-3.6875,-2.5625
random_30,4.0,c049,2.749998092651367,-1.6249980926513672
random_30,4.0,c013,6.0623016357421875,-4.12481689453125
random_30,4.0,c042,0.4999675750732422,-3.3750076293945312
random_30,4.0,c009,-1.0625905990600586,-0.5000314712524414
random_30,4.0,c047,-1.6876611709594727,-2.6247730255126953
random_30,4.0,c050,-0.3756256103515625,-1.562154769897461
random_30,4.0,c043,-1.687708854675293,-2.4375553131103516
random_30,4.0,c016,0.9374895095825195,-1.5624494552612305
random_30,4.0,c014,-1.2499961853027344,-3.0624847412109375
random_30,4.0,c041,-4.750095367431641,-2.0625171661376953
random_30,4.0,c006,-0.5625514984130859,-1.8744192123413086
random_30,4.0,c039,-4.187397003173828,-2.1250905990600586
random_30,4.0,c017,0.7499809265136719,-2.687361717224121
random_30,4.0,c058,-2.624998092651367,-2.937501907348633
random_30,4.0,c002,0.624995231628418,-1.7499876022338867
random_30,4.0,c024,-2.125025749206543,-2.999744415283203
random_30,4.0,c023,-0.4375152587890625,-2.3125057220458984
random_30,4.0,c022,-2.6249732971191406,-2.749979019165039
random_30,4.0,c056,-0.0004987716674804688,-1.6225223541259766
random_31,-1.0,c041,2.8121042251586914,0.624791145324707
random_31,-1.0,c006,2.435877799987793,-0.0011205673217773438
random_31,-1.0,c039,2.3750038146972656,1.0624980926513672
random_31,-1.0,c017,5.062363624572754,0.062392234802246094
random_31,-1.0,c058,1.25,0.625
random_31,-1.0,c002,1.6874933242797852,0.25000858306884766
random_31,-1.0,c024,0.18754196166992188,0.1251239776611328
random_31,-1.0,c023,2.74971866607666,0.3748941421508789
random_31,-1.0,c022,3.2498397827148438,0.5624551773071289
random_31,-1.0,c056,0.9923286437988281,0.2581920623779297
random_31,-1.0,c029,-1.124995231628418,0.6250038146972656
random_31,-1.0,c025,-0.06216716766357422,0.6877822875976562
random_31,-1.0,c000,3.3115148544311523,0.3753089904785156
random_31,-1.0,c036,0.624211311340332,-0.125335693359375
random_31,-1.0,c020,8.37479019165039,-0.7498970031738281
random_31,-1.0,c011,4.437447547912598,3.147125244140625e-05
random_31,-1.0,c003,1.999964714050293,0.06255912780761719
random_31,-1.0,c045,7.124598503112793,-0.562626838684082
random_31,-1.0,c046,-0.18514347076416016,0.8136625289916992
random_31,-1.0,c044,8.873805046081543,-1.187333106994629
random_31,-1.0,c008,-0.5625,0.5625
random_31,-1.0,c049,4.749998092651367,0.3750019073486328
random_31,-1.0,c013,9.124341011047363,-1.0627775192260742
random_31,-1.0,c042,3.5623836517333984,-0.312591552734375
random_31,-1.0,c009,0.0623931884765625,0.6249523162841797
random_31,-1.0,c047,1.0609922409057617,0.12388038635253906
random_31,-1.0,c050,1.5609130859375,0.37438392639160156
random_31,-1.0,c043,1.1247339248657227,0.37488746643066406
random_31,-1.0,c016,2.93743896484375,0.4375
random_31,-1.0,c014,2.1249771118164062,0.3124885559082031
random_31,-1.0,c041,-1.8125247955322266,0.8750534057617188
random_31,-1.0,c006,1.623570442199707,0.3117027282714844
random_31,-1.0,c039,-0.8748035430908203,1.1875028610229492
random_31,-1.0,c017,3.7498607635498047,0.3125181198120117
random_31,-1.0,c058,0.7500019073486328,0.4374980926513672
random_31,-1.0,c002,2.3749570846557617,-2.574920654296875e-05
random_31,-1.0,c024,1.5622282028198242,0.6875095367431641
random_31,-1.0,c023,2.125014305114746,0.25002384185791016
random_31,-1.0,c022,0.25006675720214844,0.12506103515625
random_31,-1.0,c056,2.3708362579345703,0.7488126754760742
random_31,1.0,c041,1.9372444152832031,-0.25006866455078125
random_31,1.0,c006,2.311981201171875,-0.1250171661376953
random_31,1.0,c039,0.6250066757202148,-0.6874990463256836
random_31,1.0,c017,4.749897003173828,-0.2500743865966797
random_31,1.0,c058,0.5624980926513672,-0.06250190734863281
random_31,1.0,c002,1.0624933242797852,-0.37499141693115234
random_31,1.0,c024,-4.673004150390625e-05,-0.06246471405029297
random_31,1.0,c023,2.4998178482055664,0.12499332427978516
random_31,1.0,c022,2.56246280670166,-0.12492179870605469
random_31,1.0,c056,0.30558013916015625,-0.4285564422607422
random_31,1.0,c029,-2.4999914169311523,-0.7499923706054688
random_31,1.0,c025,-0.6875200271606445,0.06242942810058594
random_31,1.0,c000,2.5618038177490234,-0.3744020462036133
random_31,1.0,c036,-0.1254425048828125,-0.8749895095825195
random_31,1.0,c020,8.874685287475586,-0.2500019073486328
random_31,1.0,c011,4.124969482421875,-0.31244659423828125
random_31,1.0,c003,1.4374656677246094,-0.4999399185180664
random_31,1.0,c045,8.124740600585938,0.4375152587890625
random_31,1.0,c046,-1.062302589416504,-0.06349658966064453
random_31,1.0,c044,10.310742378234863,0.2496042251586914
random_31,1.0,c008,-1.6875,-0.5625
random_31,1.0,c049,3.562498092651367,-0.8124980926513672
random_31,1.0,c013,10.12457275390625,-0.0625457763671875
random_31,1.0,c042,3.6874771118164062,-0.1874980926513672
random_31,1.0,c009,-1.1250429153442383,-0.5624837875366211
random_31,1.0,c047,0.6872901916503906,-0.24982166290283203
random_31,1.0,c050,0.37491416931152344,-0.811614990234375
random_31,1.0,c043,0.6873512268066406,-0.06249523162841797
random_31,1.0,c016,1.8749685287475586,-0.6249704360961914
random_31,1.0,c014,1.6249914169311523,-0.18749713897705078
random_31,1.0,c041,-3.5000123977661133,-0.812434196472168
random_31,1.0,c006,0.8747768402099609,-0.4370908737182617
random_31,1.0,c039,-3.0622682571411133,-0.9999618530273438
random_31,1.0,c017,3.4999561309814453,0.06261348724365234
random_31,1.0,c058,-0.06249809265136719,-0.3750019073486328
random_31,1.0,c002,2.124967575073242,-0.2500152587890625
random_31,1.0,c024,0.2499380111694336,-0.6247806549072266
random_31,1.0,c023,1.6873645782470703,-0.18762588500976562
random_31,1.0,c022,-0.8750038146972656,-1.000009536743164
random_31,1.0,c056,1.7487421035766602,0.12671852111816406
random_31,-4.0,c041,2.8124570846557617,0.6251440048217773
random_31,-4.0,c006,2.623537063598633,0.1865386962890625
random_31,-4.0,c039,4.062512397766113,2.750006675720215
random_31,-4.0,c017,4.624995231628418,-0.37497615814208984
random_31,-4.0,c058,2.25,1.625
random_31,-4.0,c002,2.2500429153442383,0.8125581741333008
random_31,-4.0,c024,1.5642623901367188,1.5018444061279297
random_31,-4.0,c023,2.563553810119629,0.18872928619384766
random_31,-4.0,c022,2.940000534057617,0.25261592864990234
random_31,-4.0,c056,1.3032045364379883,0.5690679550170898
random_31,-4.0,c029,0.43750476837158203,2.1875038146972656
random_31,-4.0,c025,0.751612663269043,1.5015621185302734
random_31,-4.0,c000,2.6234731674194336,-0.3127326965332031
random_31,-4.0,c036,1.3734779357910156,0.6239309310913086
random_31,-4.0,c020,6.999764442443848,-2.124922752380371
random_31,-4.0,c011,4.312406539916992,-0.12500953674316406
random_31,-4.0,c003,1.9998960494995117,0.06249046325683594
random_31,-4.0,c045,5.374551773071289,-2.312673568725586
random_31,-4.0,c046,0.8337335586547852,1.8325395584106445
random_31,-4.0,c044,7.4354248046875,-2.625713348388672
random_31,-4.0,c008,0.0,1.125
random_31,-4.0,c049,5.312494277954102,0.9374980926513672
random_31,-4.0,c013,8.248953819274902,-1.9381647109985352
random_31,-4.0,c042,3.750030517578125,-0.12494468688964844
random_31,-4.0,c009,1.1873502731323242,1.7499094009399414
random_31,-4.0,c047,1.059056282043457,0.12194442749023438
random_31,-4.0,c050,2.058466911315918,0.8719377517700195
random_31,-4.0,c043,1.9438982009887695,1.194051742553711
random_31,-4.0,c016,3.7501420974731445,1.2502031326293945
random_31,-4.0,c014,3.375102996826172,1.5626144409179688
random_31,-4.0,c041,0.31317138671875,3.0007495880126953
random_31,-4.0,c006,2.1225719451904297,0.810704231262207
random_31,-4.0,c039,1.1878480911254883,3.250154495239258
random_31,-4.0,c017,3.5622425079345703,0.12489986419677734
random_31,-4.0,c058,2.5625038146972656,2.25
random_31,-4.0,c002,2.5625457763671875,0.1875629425048828
random_31,-4.0,c024,2.192646026611328,1.317927360534668
random_31,-4.0,c023,2.2512121200561523,0.3762216567993164
random_31,-4.0,c022,1.9382781982421875,1.813272476196289
random_31,-4.0,c056,2.5000648498535156,0.8780412673950195
random_31,4.0,c041,0.18749141693115234,-1.999821662902832
random_31,4.0,c006,0.9999370574951172,-1.4370613098144531
random_31,4.0,c039,-2.8124942779541016,-4.125
random_31,4.0,c017,4.499958038330078,-0.5000133514404297
random_31,4.0,c058,-0.3750019073486328,-1.0000019073486328
random_31,4.0,c002,-0.9999971389770508,-2.4374818801879883
random_31,4.0,c024,-0.25003719329833984,-0.3124551773071289
random_31,4.0,c023,0.6874904632568359,-1.6873340606689453
random_31,4.0,c022,1.937483787536621,-0.7499008178710938
random_31,4.0,c056,-0.5632534027099609,-1.2973899841308594
random_31,4.0,c029,-4.562490463256836,-2.8124914169311523
random_31,4.0,c025,-0.9999866485595703,-0.25003719329833984
random_31,4.0,c000,1.3749675750732422,-1.5612382888793945
random_31,4.0,c036,-1.18756103515625,-1.937108039855957
random_31,4.0,c020,9.93735122680664,0.8126640319824219
random_31,4.0,c011,2.749988555908203,-1.6874275207519531
random_31,4.0,c003,0.18747425079345703,-1.7499313354492188
random_31,4.0,c045,9.749874114990234,2.0626487731933594
random_31,4.0,c046,-1.8749876022338867,-0.8761816024780273
random_31,4.0,c044,11.749418258666992,1.6882801055908203
random_31,4.0,c008,-4.562498092651367,-3.437498092651367
random_31,4.0,c049,2.499998092651367,-1.8749980926513672
random_31,4.0,c013,10.562277793884277,0.37515926361083984
random_31,4.0,c042,1.4999923706054688,-2.3749828338623047
random_31,4.0,c009,-2.749997138977051,-2.1874380111694336
random_31,4.0,c047,0.24997901916503906,-0.6871328353881836
random_31,4.0,c050,-1.0000133514404297,-2.186542510986328
random_31,4.0,c043,-1.3749895095825195,-2.124835968017578
random_31,4.0,c016,-0.2500038146972656,-2.7499427795410156
random_31,4.0,c014,0.4999980926513672,-1.312490463256836
random_31,4.0,c041,-4.375012397766113,-1.687434196472168
random_31,4.0,c006,-0.8125085830688477,-2.1243762969970703
random_31,4.0,c039,-5.937382698059082,-3.8750762939453125
random_31,4.0,c017,2.8124847412109375,-0.6248579025268555
random_31,4.0,c058,-2.499998092651367,-2.812501907348633
random_31,4.0,c002,0.24999618530273438,-2.1249866485595703
random_31,4.0,c024,-0.5000324249267578,-1.374751091003418
random_31,4.0,c023,1.249983787536621,-0.6250066757202148
random_31,4.0,c022,-2.187502861022949,-2.3125085830688477
random_31,4.0,c056,0.2499532699584961,-1.3720703125
random_32,-1.0,c041,2.6246299743652344,0.43731689453125
random_32,-1.0,c006,2.436661720275879,-0.00033664703369140625
random_32,-1.0,c039,2.1874990463256836,0.8749933242797852
random_32,-1.0,c017,4.874933242797852,-0.12503814697265625
random_32,-1.0,c058,1.2499980926513672,0.6249980926513672
random_32,-1.0,c002,1.5000066757202148,0.06252193450927734
random_32,-1.0,c024,0.062394142150878906,-2.384185791015625e-05
random_32,-1.0,c023,2.499709129333496,0.12488460540771484
random_32,-1.0,c022,2.6247615814208984,-0.0626230239868164
random_32,-1.0,c056,0.24013710021972656,-0.4939994812011719
random_32,-1.0,c029,-1.7499876022338867,1.1444091796875e-05
random_32,-1.0,c025,-0.9373226165771484,-0.18737316131591797
random_32,-1.0,c000,2.373875617980957,-0.5623302459716797
random_32,-1.0,c036,0.9370183944702148,0.1874713897705078
random_32,-1.0,c020,8.062195777893066,-1.0624914169311523
random_32,-1.0,c011,4.562467575073242,0.12505149841308594
random_32,-1.0,c003,1.7499628067016602,-0.18744277954101562
random_32,-1.0,c045,7.624582290649414,-0.06264305114746094
random_32,-1.0,c046,-0.9362459182739258,0.0625600814819336
random_32,-1.0,c044,9.43653392791748,-0.6246042251586914
random_32,-1.0,c008,-1.25,-0.125
random_32,-1.0,c049,4.812494277954102,0.4374980926513672
random_32,-1.0,c013,9.624387741088867,-0.5627307891845703
random_32,-1.0,c042,3.249967575073242,-0.6250076293945312
random_32,-1.0,c009,-0.37502384185791016,0.18753528594970703
random_32,-1.0,c047,1.249612808227539,0.3125009536743164
random_32,-1.0,c050,0.8745098114013672,-0.31201934814453125
random_32,-1.0,c043,0.812718391418457,0.06287193298339844
random_32,-1.0,c016,2.5624475479125977,0.06250858306884766
random_32,-1.0,c014,2.4999847412109375,0.6874961853027344
random_32,-1.0,c041,-2.562541961669922,0.12503623962402344
random_32,-1.0,c006,1.1248340606689453,-0.18703365325927734
random_32,-1.0,c039,-2.0623779296875,-7.152557373046875e-05
random_32,-1.0,c017,3.2498855590820312,-0.18745708465576172
random_32,-1.0,c058,0.4375,0.12499618530273438
random_32,-1.0,c002,2.4374828338623047,0.0625
random_32,-1.0,c024,0.6871728897094727,-0.1875457763671875
random_32,-1.0,c023,1.5624523162841797,-0.31253814697265625
random_32,-1.0,c022,-0.12497997283935547,-0.2499856948852539
random_32,-1.0,c056,1.811075210571289,0.18905162811279297
random_32,1.0,c041,2.3747196197509766,0.1874065399169922
random_32,1.0,c006,2.2493896484375,-0.1876087188720703
random_32,1.0,c039,1.7500019073486328,0.4374961853027344
random_32,1.0,c017,4.937383651733398,-0.06258773803710938
random_32,1.0,c058,-1.9073486328125e-06,-0.6250019073486328
random_32,1.0,c002,1.6874876022338867,0.2500028610229492
random_32,1.0,c024,0.2498483657836914,0.18743038177490234
random_32,1.0,c023,2.749837875366211,0.3750133514404297
random_32,1.0,c022,2.6874313354492188,4.673004150390625e-05
random_32,1.0,c056,0.7289199829101562,-0.0052165985107421875
random_32,1.0,c029,-1.8124980926513672,-0.062499046325683594
random_32,1.0,c025,-0.43750476837158203,0.31244468688964844
random_32,1.0,c000,2.936321258544922,0.00011539459228515625
random_32,1.0,c036,0.3743400573730469,-0.37520694732666016
random_32,1.0,c020,9.561929702758789,0.4372425079345703
random_32,1.0,c011,4.062440872192383,-0.37497520446777344
random_32,1.0,c003,1.9375391006469727,0.000133514404296875
random_32,1.0,c045,8.2496337890625,0.562408447265625
random_32,1.0,c046,-0.9367246627807617,0.062081336975097656
random_32,1.0,c044,10.24791431427002,0.18677616119384766
random_32,1.0,c008,-1.25,-0.125
random_32,1.0,c049,4.187496185302734,-0.1875
random_32,1.0,c013,9.68702507019043,-0.5000934600830078
random_32,1.0,c042,3.8124380111694336,-0.06253719329833984
random_32,1.0,c009,-0.7500200271606445,-0.18746089935302734
random_32,1.0,c047,0.37436580657958984,-0.5627460479736328
random_32,1.0,c050,1.0620346069335938,-0.12449455261230469
random_32,1.0,c043,0.8121757507324219,0.06232929229736328
random_32,1.0,c016,2.2499094009399414,-0.2500295639038086
random_32,1.0,c014,1.5624828338623047,-0.25000572204589844
random_32,1.0,c041,-2.562570571899414,0.12500762939453125
random_32,1.0,c006,0.7496719360351562,-0.5621957778930664
random_32,1.0,c039,-2.2496538162231445,-0.187347412109375
random_32,1.0,c017,3.937297821044922,0.4999551773071289
random_32,1.0,c058,-0.1874980926513672,-0.5000019073486328
random_32,1.0,c002,2.49993896484375,0.12495613098144531
random_32,1.0,c024,0.9372138977050781,0.06249523162841797
random_32,1.0,c023,2.2499732971191406,0.3749828338623047
random_32,1.0,c022,-0.3125028610229492,-0.43750858306884766
random_32,1.0,c056,1.81103515625,0.1890115737915039
random_32,-4.0,c041,2.249612808227539,0.06229972839355469
random_32,-4.0,c006,1.8112783432006836,-0.6257200241088867
random_32,-4.0,c039,2.6249961853027344,1.312490463256836
random_32,-4.0,c017,3.81240177154541,-1.1875696182250977
random_32,-4.0,c058,1.5625009536743164,0.9375009536743164
random_32,-4.0,c002,1.0625019073486328,-0.3749828338623047
random_32,-4.0,c024,-0.1250324249267578,-0.18745040893554688
random_32,-4.0,c023,0.6248989105224609,-1.7499256134033203
random_32,-4.0,c022,1.312485694885254,-1.374898910522461
random_32,-4.0,c056,0.36132049560546875,-0.3728160858154297
random_32,-4.0,c029,-1.7499971389770508,1.9073486328125e-06
random_32,-4.0,c025,-0.8749561309814453,-0.12500667572021484
random_32,-4.0,c000,1.7491388320922852,-1.1870670318603516
random_32,-4.0,c036,0.7498044967651367,0.0002574920654296875
random_32,-4.0,c020,6.499948501586914,-2.6247386932373047
random_32,-4.0,c011,3.8749351501464844,-0.5624809265136719
random_32,-4.0,c003,0.7499465942382812,-1.1874589920043945
random_32,-4.0,c045,6.249929428100586,-1.437295913696289
random_32,-4.0,c046,-1.437565803527832,-0.43875980377197266
random_32,-4.0,c044,6.999580383300781,-3.0615577697753906
random_32,-4.0,c008,-1.4375,-0.3125
random_32,-4.0,c049,4.874985694885254,0.49998950958251953
random_32,-4.0,c013,8.312145233154297,-1.8749732971191406
random_32,-4.0,c042,2.562488555908203,-1.3124866485595703
random_32,-4.0,c009,0.12476253509521484,0.687321662902832
random_32,-4.0,c047,1.437063217163086,0.4999513626098633
random_32,-4.0,c050,1.1867704391479492,0.00024127960205078125
random_32,-4.0,c043,0.5618600845336914,-0.1879863739013672
random_32,-4.0,c016,2.3124589920043945,-0.18747997283935547
random_32,-4.0,c014,2.6249799728393555,0.8124914169311523
random_32,-4.0,c041,-1.9999971389770508,0.6875810623168945
random_32,-4.0,c006,0.6872148513793945,-0.6246528625488281
random_32,-4.0,c039,-1.2499380111694336,0.8123683929443359
random_32,-4.0,c017,2.562458038330078,-0.8748846054077148
random_32,-4.0,c058,0.6875,0.3749961853027344
random_32,-4.0,c002,1.6249895095825195,-0.7499933242797852
random_32,-4.0,c024,0.6247234344482422,-0.24999523162841797
random_32,-4.0,c023,1.2499408721923828,-0.6250495910644531
random_32,-4.0,c022,-0.12499713897705078,-0.2500028610229492
random_32,-4.0,c056,1.562047004699707,-0.05997657775878906
random_32,4.0,c041,1.4999427795410156,-0.6873703002929688
random_32,4.0,c006,2.499680519104004,0.0626821517944336
random_32,4.0,c039,0.9375066757202148,-0.3749990463256836
random_32,4.0,c017,5.24995231628418,0.24998092651367188
random_32,4.0,c058,-0.75,-1.375
random_32,4.0,c002,1.8124914169311523,0.37500667572021484
random_32,4.0,c024,0.8124637603759766,0.7500457763671875
random_32,4.0,c023,2.374701499938965,-0.00012302398681640625
random_32,4.0,c022,2.7498912811279297,0.06250667572021484
random_32,4.0,c056,0.6811256408691406,-0.05301094055175781
random_32,4.0,c029,-2.125,-0.3750009536743164
random_32,4.0,c025,-0.24999141693115234,0.4999580383300781
random_32,4.0,c000,3.6242027282714844,0.6879968643188477
random_32,4.0,c036,-0.6878223419189453,-1.4373693466186523
random_32,4.0,c020,10.437040328979492,1.3123531341552734
random_32,4.0,c011,3.374988555908203,-1.0624275207519531
random_32,4.0,c003,1.8749980926513672,-0.062407493591308594
random_32,4.0,c045,8.0621337890625,0.374908447265625
random_32,4.0,c046,-0.7504978179931641,0.2483081817626953
random_32,4.0,c044,11.623957633972168,1.562819480895996
random_32,4.0,c008,-1.8125,-0.6875
random_32,4.0,c049,3.124998092651367,-1.2499980926513672
random_32,4.0,c013,11.249711036682129,1.0625925064086914
random_32,4.0,c042,3.2497901916503906,-0.6251850128173828
random_32,4.0,c009,-1.5000276565551758,-0.9374685287475586
random_32,4.0,c047,0.18736934661865234,-0.7497425079345703
random_32,4.0,c050,1.1243324279785156,-0.06219673156738281
random_32,4.0,c043,-0.2506752014160156,-1.0005216598510742
random_32,4.0,c016,2.187504768371582,-0.31243419647216797
random_32,4.0,c014,0.8125009536743164,-0.9999876022338867
random_32,4.0,c041,-2.50014591217041,0.18743228912353516
random_32,4.0,c006,0.9362821578979492,-0.37558555603027344
random_32,4.0,c039,-2.1874217987060547,-0.12511539459228516
random_32,4.0,c017,4.187251091003418,0.749908447265625
random_32,4.0,c058,-0.8749980926513672,-1.1875019073486328
random_32,4.0,c002,1.8749980926513672,-0.4999847412109375
random_32,4.0,c024,0.6874284744262695,-0.18729019165039062
random_32,4.0,c023,1.8749256134033203,-6.4849853515625e-05
random_32,4.0,c022,-0.6875429153442383,-0.8125486373901367
random_32,4.0,c056,1.2495536804199219,-0.3724699020385742
random_33,-1.0,c041,2.062328338623047,-0.1249847412109375
random_33,-1.0,c006,1.7495994567871094,-0.6873989105224609
random_33,-1.0,c039,1.250004768371582,-0.0625009536743164
random_33,-1.0,c017,4.81245231628418,-0.18751907348632812
random_33,-1.0,c058,0.5624980926513672,-0.06250190734863281
random_33,-1.0,c002,0.6874971389770508,-0.7499876022338867
random_33,-1.0,c024,-0.5000381469726562,-0.5624561309814453
random_33,-1.0,c023,1.7498741149902344,-0.6249504089355469
random_33,-1.0,c022,2.374887466430664,-0.3124971389770508
random_33,-1.0,c056,-0.19983673095703125,-0.9339733123779297
random_33,-1.0,c029,-2.1249961853027344,-0.3749971389770508
random_33,-1.0,c025,-0.8748769760131836,-0.12492752075195312
random_33,-1.0,c000,2.0619449615478516,-0.8742609024047852
random_33,-1.0,c036,0.3747224807739258,-0.37482452392578125
random_33,-1.0,c020,7.999665260314941,-1.1250219345092773
random_33,-1.0,c011,3.8749589920043945,-0.5624570846557617
random_33,-1.0,c003,1.5624818801879883,-0.3749237060546875
random_33,-1.0,c045,7.374756813049316,-0.3124685287475586
random_33,-1.0,c046,-0.9365701675415039,0.06223583221435547
random_33,-1.0,c044,9.498848915100098,-0.5622892379760742
random_33,-1.0,c008,-1.75,-0.625
random_33,-1.0,c049,3.5,-0.8749961853027344
random_33,-1.0,c013,9.437176704406738,-0.7499418258666992
random_33,-1.0,c042,3.1249828338623047,-0.7499923706054688
random_33,-1.0,c009,-1.1250476837158203,-0.5624885559082031
random_33,-1.0,c047,0.49975013732910156,-0.4373617172241211
random_33,-1.0,c050,1.0617303848266602,-0.12479877471923828
random_33,-1.0,c043,0.12469673156738281,-0.6251497268676758
random_33,-1.0,c016,2.249924659729004,-0.2500143051147461
random_33,-1.0,c014,1.6250009536743164,-0.18748760223388672
random_33,-1.0,c041,-3.4375057220458984,-0.7499275207519531
random_33,-1.0,c006,0.5622243881225586,-0.7496433258056641
random_33,-1.0,c039,-2.312410354614258,-0.2501039505004883
random_33,-1.0,c017,3.7499542236328125,0.31261157989501953
random_33,-1.0,c058,-0.0625,-0.3750038146972656
random_33,-1.0,c002,2.1874771118164062,-0.18750572204589844
random_33,-1.0,c024,0.4371633529663086,-0.43755531311035156
random_33,-1.0,c023,1.187514305114746,-0.6874761581420898
random_33,-1.0,c022,-1.1249656677246094,-1.2499713897705078
random_33,-1.0,c056,1.1857118606567383,-0.4363117218017578
random_33,1.0,c041,3.1244888305664062,0.9371757507324219
random_33,1.0,c006,3.248671531677246,0.8116731643676758
random_33,1.0,c039,1.8749971389770508,0.5624914169311523
random_33,1.0,c017,5.312375068664551,0.31240367889404297
random_33,1.0,c058,1.0,0.375
random_33,1.0,c002,2.1875038146972656,0.7500190734863281
random_33,1.0,c024,0.49990367889404297,0.4374856948852539
random_33,1.0,c023,2.937236785888672,0.5624122619628906
random_33,1.0,c022,2.9996328353881836,0.31224822998046875
random_33,1.0,c056,1.173440933227539,0.4393043518066406
random_33,1.0,c029,-1.499995231628418,0.2500038146972656
random_33,1.0,c025,-0.12488842010498047,0.62506103515625
random_33,1.0,c000,3.31168270111084,0.3754768371582031
random_33,1.0,c036,1.0617141723632812,0.3121671676635742
random_33,1.0,c020,9.437092781066895,0.3124055862426758
random_33,1.0,c011,5.062440872192383,0.6250247955322266
random_33,1.0,c003,2.1874008178710938,0.24999523162841797
random_33,1.0,c045,8.186710357666016,0.4994850158691406
random_33,1.0,c046,-0.2461233139038086,0.7526826858520508
random_33,1.0,c044,10.248217582702637,0.18707942962646484
random_33,1.0,c008,-0.6875,0.4375
random_33,1.0,c049,5.687492370605469,1.3124961853027344
random_33,1.0,c013,10.249137878417969,0.06201934814453125
random_33,1.0,c042,4.3124589920043945,0.4374837875366211
random_33,1.0,c009,-0.3751401901245117,0.18741893768310547
random_33,1.0,c047,1.186838150024414,0.2497262954711914
random_33,1.0,c050,1.4992198944091797,0.31269073486328125
random_33,1.0,c043,1.499333381652832,0.7494869232177734
random_33,1.0,c016,2.4999818801879883,4.291534423828125e-05
random_33,1.0,c014,2.437495231628418,0.6250066757202148
random_33,1.0,c041,-2.125011444091797,0.5625667572021484
random_33,1.0,c006,1.9991741180419922,0.6873064041137695
random_33,1.0,c039,-1.8120603561401367,0.2502460479736328
random_33,1.0,c017,3.749894142150879,0.31255149841308594
random_33,1.0,c058,0.4375038146972656,0.125
random_33,1.0,c002,2.9999637603759766,0.6249809265136719
random_33,1.0,c024,1.7496623992919922,0.874943733215332
random_33,1.0,c023,2.5622949600219727,0.6873044967651367
random_33,1.0,c022,0.5624895095825195,0.4374837875366211
random_33,1.0,c056,2.495598793029785,0.8735752105712891
random_33,-4.0,c041,0.12495994567871094,-2.0623531341552734
random_33,-4.0,c006,-0.37526416778564453,-2.812262535095215
random_33,-4.0,c039,-0.874995231628418,-2.1875009536743164
random_33,-4.0,c017,3.6249589920043945,-1.3750123977661133
random_33,-4.0,c058,-0.1250019073486328,-0.7500019073486328
random_33,-4.0,c002,-0.8749961853027344,-2.312480926513672
random_33,-4.0,c024,-1.6250495910644531,-1.6874675750732422
random_33,-4.0,c023,0.9999904632568359,-1.3748340606689453
random_33,-4.0,c022,0.8124847412109375,-1.8748998641967773
random_33,-4.0,c056,-1.3178071975708008,-2.051943778991699
random_33,-4.0,c029,-2.437498092651367,-0.6874990463256836
random_33,-4.0,c025,-2.4374465942382812,-1.6874971389770508
random_33,-4.0,c000,0.5618295669555664,-2.3743762969970703
random_33,-4.0,c036,-1.4377975463867188,-2.187344551086426
random_33,-4.0,c020,5.937385559082031,-3.1873016357421875
random_33,-4.0,c011,2.3124656677246094,-2.124950408935547
random_33,-4.0,c003,-0.7500238418579102,-2.687429428100586
random_33,-4.0,c045,5.499972343444824,-2.187252998352051
random_33,-4.0,c046,-2.437230110168457,-1.4384241104125977
random_33,-4.0,c044,7.937444686889648,-2.1236934661865234
random_33,-4.0,c008,-3.75,-2.625
random_33,-4.0,c049,0.8125,-3.5624961853027344
random_33,-4.0,c013,7.687470436096191,-2.499648094177246
random_33,-4.0,c042,1.5624942779541016,-2.312480926513672
random_33,-4.0,c009,-3.0624923706054688,-2.4999332427978516
random_33,-4.0,c047,0.4999265670776367,-0.43718528747558594
random_33,-4.0,c050,0.062399864196777344,-1.124129295349121
random_33,-4.0,c043,-1.4375295639038086,-2.187376022338867
random_33,-4.0,c016,1.8749799728393555,-0.6249589920043945
random_33,-4.0,c014,0.8749980926513672,-0.9374904632568359
random_33,-4.0,c041,-4.625025749206543,-1.9374475479125977
random_33,-4.0,c006,-1.6251001358032227,-2.9369678497314453
random_33,-4.0,c039,-3.43747615814209,-1.3751697540283203
random_33,-4.0,c017,2.9374828338623047,-0.4998598098754883
random_33,-4.0,c058,-0.9999961853027344,-1.3125
random_33,-4.0,c002,0.6250038146972656,-1.749979019165039
random_33,-4.0,c024,-0.8127756118774414,-1.6874942779541016
random_33,-4.0,c023,-0.3124656677246094,-2.1874561309814453
random_33,-4.0,c022,-3.2499923706054688,-3.374998092651367
random_33,-4.0,c056,-0.25034332275390625,-1.8723669052124023
random_33,4.0,c041,3.4367856979370117,1.2494726181030273
random_33,4.0,c006,3.809926986694336,1.3729286193847656
random_33,4.0,c039,2.125009536743164,0.8125038146972656
random_33,4.0,c017,5.249887466430664,0.24991607666015625
random_33,4.0,c058,1.125,0.5
random_33,4.0,c002,2.5625152587890625,1.125030517578125
random_33,4.0,c024,1.6249351501464844,1.5625171661376953
random_33,4.0,c023,2.562241554260254,0.18741703033447266
random_33,4.0,c022,3.6246891021728516,0.9373044967651367
random_33,4.0,c056,2.2599925994873047,1.5258560180664062
random_33,4.0,c029,-1.5624895095825195,0.18750953674316406
random_33,4.0,c025,0.937830924987793,1.6877803802490234
random_33,4.0,c000,3.7494869232177734,0.8132810592651367
random_33,4.0,c036,1.4978160858154297,0.7482690811157227
random_33,4.0,c020,9.99980354309082,0.8751163482666016
random_33,4.0,c011,5.749974250793457,1.3125581741333008
random_33,4.0,c003,1.9373836517333984,-2.193450927734375e-05
random_33,4.0,c045,7.936731338500977,0.24950599670410156
random_33,4.0,c046,0.43357181549072266,1.432377815246582
random_33,4.0,c044,10.311057090759277,0.24991893768310547
random_33,4.0,c008,0.125,1.25
random_33,4.0,c049,6.749995231628418,2.3749990463256836
random_33,4.0,c013,11.624101638793945,1.4369831085205078
random_33,4.0,c042,5.437167167663574,1.5621919631958008
random_33,4.0,c009,0.4998016357421875,1.0623607635498047
random_33,4.0,c047,1.3722038269042969,0.4350919723510742
random_33,4.0,c050,1.8096799850463867,0.6231508255004883
random_33,4.0,c043,2.5614376068115234,1.8115911483764648
random_33,4.0,c016,3.3124141693115234,0.8124752044677734
random_33,4.0,c014,2.999969482421875,1.1874809265136719
random_33,4.0,c041,-0.18758583068847656,2.4999923706054688
random_33,4.0,c006,2.561786651611328,1.2499189376831055
random_33,4.0,c039,-0.9340839385986328,1.1282224655151367
random_33,4.0,c017,4.062176704406738,0.6248340606689453
random_33,4.0,c058,1.125,0.8124961853027344
random_33,4.0,c002,2.8749732971191406,0.49999046325683594
random_33,4.0,c024,2.936703681945801,2.0619850158691406
random_33,4.0,c023,3.1872034072875977,1.3122129440307617
random_33,4.0,c022,1.8749666213989258,1.7499608993530273
random_33,4.0,c056,3.427196502685547,1.8051729202270508
random_34,-1.0,c041,2.18740177154541,8.869171142578125e-05
random_34,-1.0,c006,1.812180519104004,-0.6248178482055664
random_34,-1.0,c039,1.2500038146972656,-0.06250190734863281
random_34,-1.0,c017,4.812463760375977,-0.18750762939453125
random_34,-1.0,c058,0.4375,-0.1875
random_34,-1.0,c002,1.1249971389770508,-0.3124876022338867
random_34,-1.0,c024,0.37493896484375,0.31252098083496094
random_34,-1.0,c023,2.1248950958251953,-0.24992942810058594
random_34,-1.0,c022,2.4374475479125977,-0.2499370574951172
random_34,-1.0,c056,0.6189346313476562,-0.11520195007324219
random_34,-1.0,c029,-1.4374961853027344,0.3125028610229492
random_34,-1.0,c025,-0.6249628067016602,0.12498664855957031
random_34,-1.0,c000,2.749575614929199,-0.1866302490234375
random_34,-1.0,c036,0.4373464584350586,-0.31220054626464844
random_34,-1.0,c020,8.562260627746582,-0.5624265670776367
random_34,-1.0,c011,4.062442779541016,-0.3749732971191406
random_34,-1.0,c003,1.937448501586914,4.291534423828125e-05
random_34,-1.0,c045,7.3748016357421875,-0.3124237060546875
random_34,-1.0,c046,-0.6865100860595703,0.31229591369628906
random_34,-1.0,c044,9.623693466186523,-0.43744468688964844
random_34,-1.0,c008,-1.125,0.0
random_34,-1.0,c049,4.499998092651367,0.1250019073486328
random_34,-1.0,c013,9.56225299835205,-0.6248655319213867
random_34,-1.0,c042,3.5624465942382812,-0.3125286102294922
random_34,-1.0,c009,-0.1875448226928711,0.3750143051147461
random_34,-1.0,c047,0.49979400634765625,-0.4373178482055664
random_34,-1.0,c050,0.9998111724853516,-0.18671798706054688
random_34,-1.0,c043,0.687443733215332,-0.06240272521972656
random_34,-1.0,c016,2.499972343444824,3.337860107421875e-05
random_34,-1.0,c014,1.3124923706054688,-0.4999961853027344
random_34,-1.0,c041,-2.9375133514404297,-0.24993515014648438
random_34,-1.0,c006,0.8748788833618164,-0.43698883056640625
random_34,-1.0,c039,-1.874913215637207,0.1873931884765625
random_34,-1.0,c017,3.2499656677246094,-0.1873769760131836
random_34,-1.0,c058,0.5625,0.24999618530273438
random_34,-1.0,c002,2.312493324279785,-0.06248950958251953
random_34,-1.0,c024,1.2499017715454102,0.37518310546875
random_34,-1.0,c023,1.9375171661376953,0.06252670288085938
random_34,-1.0,c022,-0.4375143051147461,-0.5625200271606445
random_34,-1.0,c056,1.373417854309082,-0.24860572814941406
random_34,1.0,c041,2.6865921020507812,0.4992790222167969
random_34,1.0,c006,2.436333656311035,-0.0006647109985351562
random_34,1.0,c039,1.8124933242797852,0.4999876022338867
random_34,1.0,c017,4.937383651733398,-0.06258773803710938
random_34,1.0,c058,0.6875,0.0625
random_34,1.0,c002,1.8124895095825195,0.37500476837158203
random_34,1.0,c024,0.2498006820678711,0.18738269805908203
random_34,1.0,c023,2.6872243881225586,0.31239986419677734
random_34,1.0,c022,2.8747949600219727,0.1874103546142578
random_34,1.0,c056,0.6689624786376953,-0.06517410278320312
random_34,1.0,c029,-2.249998092651367,-0.4999990463256836
random_34,1.0,c025,-0.5620517730712891,0.1878976821899414
random_34,1.0,c000,2.6228694915771484,-0.3133363723754883
random_34,1.0,c036,0.7480640411376953,-0.0014829635620117188
random_34,1.0,c020,8.937020301818848,-0.1876668930053711
random_34,1.0,c011,4.312431335449219,-0.1249847412109375
random_34,1.0,c003,1.8747920989990234,-0.06261348724365234
random_34,1.0,c045,7.874464988708496,0.1872396469116211
random_34,1.0,c046,-0.7480058670043945,0.25080013275146484
random_34,1.0,c044,10.431297302246094,0.3701591491699219
random_34,1.0,c008,-1.375,-0.25
random_34,1.0,c049,4.749998092651367,0.3750019073486328
random_34,1.0,c013,9.999462127685547,-0.18765640258789062
random_34,1.0,c042,3.749917984008789,-0.12505722045898438
random_34,1.0,c009,-0.8125247955322266,-0.24996566772460938
random_34,1.0,c047,1.1864995956420898,0.2493877410888672
random_34,1.0,c050,1.2488250732421875,0.06229591369628906
random_34,1.0,c043,1.0623855590820312,0.31253910064697266
random_34,1.0,c016,2.624953269958496,0.1250143051147461
random_34,1.0,c014,2.1249828338623047,0.31249427795410156
random_34,1.0,c041,-2.5000219345092773,0.18755626678466797
random_34,1.0,c006,1.4368066787719727,0.12493896484375
random_34,1.0,c039,-2.374758720397949,-0.3124523162841797
random_34,1.0,c017,3.8123464584350586,0.3750038146972656
random_34,1.0,c058,0.0625,-0.2500038146972656
random_34,1.0,c002,2.624990463256836,0.25000762939453125
random_34,1.0,c024,0.9369707107543945,0.062252044677734375
random_34,1.0,c023,2.187436103820801,0.31244564056396484
random_34,1.0,c022,0.24999141693115234,0.1249856948852539
random_34,1.0,c056,2.1227378845214844,0.5007143020629883
random_34,-4.0,c041,1.9375247955322266,-0.2497882843017578
random_34,-4.0,c006,1.4999580383300781,-0.9370403289794922
random_34,-4.0,c039,2.437506675720215,1.1250009536743164
random_34,-4.0,c017,4.437503814697266,-0.5624675750732422
random_34,-4.0,c058,0.9374980926513672,0.3124980926513672
random_34,-4.0,c002,0.3750286102294922,-1.0624561309814453
random_34,-4.0,c024,1.3750829696655273,1.3126649856567383
random_34,-4.0,c023,1.5625133514404297,-0.8123111724853516
random_34,-4.0,c022,2.187495231628418,-0.4998893737792969
random_34,-4.0,c056,0.6250715255737305,-0.10906505584716797
random_34,-4.0,c029,-0.5624933242797852,1.1875057220458984
random_34,-4.0,c025,0.3751354217529297,1.1250848770141602
random_34,-4.0,c000,1.9374866485595703,-0.9987192153930664
random_34,-4.0,c036,0.9374313354492188,0.18788433074951172
random_34,-4.0,c020,6.749947547912598,-2.374739646911621
random_34,-4.0,c011,3.124998092651367,-1.312417984008789
random_34,-4.0,c003,1.8749942779541016,-0.06241130828857422
random_34,-4.0,c045,5.937491416931152,-1.7497339248657227
random_34,-4.0,c046,-0.4989814758300781,0.49982452392578125
random_34,-4.0,c044,6.9373626708984375,-3.1237754821777344
random_34,-4.0,c008,-0.6875,0.4375
random_34,-4.0,c049,4.499994277954102,0.12499809265136719
random_34,-4.0,c013,8.749894142150879,-1.4372243881225586
random_34,-4.0,c042,2.6875,-1.1874752044677734
random_34,-4.0,c009,0.812495231628418,1.3750543594360352
random_34,-4.0,c047,0.8749761581420898,-0.06213569641113281
random_34,-4.0,c050,0.9375038146972656,-0.2490253448486328
random_34,-4.0,c043,0.12536239624023438,-0.6244840621948242
random_34,-4.0,c016,2.2499990463256836,-0.2499399185180664
random_34,-4.0,c014,0.37502384185791016,-1.437464714050293
random_34,-4.0,c041,-1.7500324249267578,0.9375457763671875
random_34,-4.0,c006,0.6249599456787109,-0.6869077682495117
random_34,-4.0,c039,-1.124903678894043,0.9374027252197266
random_34,-4.0,c017,2.4375076293945312,-0.9998350143432617
random_34,-4.0,c058,1.6875019073486328,1.3749980926513672
random_34,-4.0,c002,1.5000019073486328,-0.8749809265136719
random_34,-4.0,c024,1.812952995300293,0.9382343292236328
random_34,-4.0,c023,2.125110626220703,0.2501201629638672
random_34,-4.0,c022,-0.1249542236328125,-0.24995994567871094
random_34,-4.0,c056,1.3750066757202148,-0.24701690673828125
random_34,4.0,c041,2.060929298400879,-0.12638378143310547
random_34,4.0,c006,1.8730897903442383,-0.563908576965332
random_34,4.0,c039,1.000051498413086,-0.3124542236328125
random_34,4.0,c017,3.9992570877075195,-1.0007143020629883
random_34,4.0,c058,0.6874961853027344,0.062496185302734375
random_34,4.0,c002,2.1249561309814453,0.6874713897705078
random_34,4.0,c024,-0.0002002716064453125,-0.06261825561523438
random_34,4.0,c023,2.561640739440918,0.18681621551513672
random_34,4.0,c022,3.1244659423828125,0.43708133697509766
random_34,4.0,c056,1.0535650253295898,0.3194284439086914
random_34,4.0,c029,-2.5000076293945312,-0.7500085830688477
random_34,4.0,c025,-0.6869077682495117,0.06304168701171875
random_34,4.0,c000,2.2448654174804688,-0.691340446472168
random_34,4.0,c036,0.7469329833984375,-0.0026140213012695312
random_34,4.0,c020,8.249011993408203,-0.8756752014160156
random_34,4.0,c011,3.999795913696289,-0.4376201629638672
random_34,4.0,c003,1.8123016357421875,-0.12510395050048828
random_34,4.0,c045,8.185745239257812,0.4985198974609375
random_34,4.0,c046,-0.6135454177856445,0.38526058197021484
random_34,4.0,c044,9.355626106262207,-0.7055120468139648
random_34,4.0,c008,-1.8749980926513672,-0.7499980926513672
random_34,4.0,c049,3.999998092651367,-0.3749980926513672
random_34,4.0,c013,8.998665809631348,-1.1884527206420898
random_34,4.0,c042,3.749518394470215,-0.1254568099975586
random_34,4.0,c009,-1.937525749206543,-1.3749666213989258
random_34,4.0,c047,1.2460823059082031,0.30897045135498047
random_34,4.0,c050,1.490875244140625,0.30434608459472656
random_34,4.0,c043,1.8110666275024414,1.0612201690673828
random_34,4.0,c016,2.1247453689575195,-0.37519359588623047
random_34,4.0,c014,3.1248960494995117,1.3124074935913086
random_34,4.0,c041,-1.6250553131103516,1.0625228881835938
random_34,4.0,c006,1.685624122619629,0.37375640869140625
random_34,4.0,c039,-2.5599021911621094,-0.49759578704833984
random_34,4.0,c017,3.062037467956543,-0.37530517578125
random_34,4.0,c058,-0.9374980926513672,-1.2500019073486328
random_34,4.0,c002,2.4373741149902344,0.06239128112792969
random_34,4.0,c024,0.6862716674804688,-0.1884469985961914
random_34,4.0,c023,2.250011444091797,0.37502098083496094
random_34,4.0,c022,0.1250743865966797,6.866455078125e-05
random_34,4.0,c056,1.8109169006347656,0.18889331817626953
random_35,-1.0,c041,2.5618276596069336,0.3745145797729492
random_35,-1.0,c006,2.37381649017334,-0.06318187713623047
random_35,-1.0,c039,2.125004768371582,0.8124990463256836
random_35,-1.0,c017,5.37495231628418,0.3749809265136719
random_35,-1.0,c058,1.3749980926513672,0.7499980926513672
random_35,-1.0,c002,1.8124980926513672,0.3750133514404297
random_35,-1.0,c024,0.12502002716064453,0.06260204315185547
random_35,-1.0,c023,2.687342643737793,0.3125181198120117
random_35,-1.0,c022,2.8123626708984375,0.12497806549072266
random_35,-1.0,c056,0.862401008605957,0.1282644271850586
random_35,-1.0,c029,-1.1249971389770508,0.6250019073486328
random_35,-1.0,c025,-0.6248588562011719,0.1250905990600586
random_35,-1.0,c000,2.499079704284668,-0.43712615966796875
random_35,-1.0,c036,0.4995393753051758,-0.25000762939453125
random_35,-1.0,c020,9.124263763427734,-0.000423431396484375
random_35,-1.0,c011,4.624905586242676,0.18748950958251953
random_35,-1.0,c003,1.6874780654907227,-0.24992752075195312
random_35,-1.0,c045,8.124211311340332,0.43698596954345703
random_35,-1.0,c046,-0.4995613098144531,0.49924468994140625
random_35,-1.0,c044,9.4345703125,-0.6265678405761719
random_35,-1.0,c008,-1.5625,-0.4375
random_35,-1.0,c049,4.437494277954102,0.06249809265136719
random_35,-1.0,c013,10.061345100402832,-0.12577342987060547
random_35,-1.0,c042,3.9998979568481445,0.1249227523803711
random_35,-1.0,c009,0.06243610382080078,0.624995231628418
random_35,-1.0,c047,0.9990062713623047,0.06189441680908203
random_35,-1.0,c050,0.7490091323852539,-0.43752002716064453
random_35,-1.0,c043,1.4363393783569336,0.686492919921875
random_35,-1.0,c016,2.1249780654907227,-0.37496089935302734
random_35,-1.0,c014,2.2499866485595703,0.4374980926513672
random_35,-1.0,c041,-2.375027656555176,0.31255054473876953
random_35,-1.0,c006,1.3741264343261719,0.06225872039794922
random_35,-1.0,c039,-2.0622787475585938,2.765655517578125e-05
random_35,-1.0,c017,3.4373903274536133,4.76837158203125e-05
random_35,-1.0,c058,-0.2499980926513672,-0.5625019073486328
random_35,-1.0,c002,2.3124799728393555,-0.06250286102294922
random_35,-1.0,c024,1.1872854232788086,0.31256675720214844
random_35,-1.0,c023,2.3125228881835938,0.4375324249267578
random_35,-1.0,c022,-0.5000085830688477,-0.6250143051147461
random_35,-1.0,c056,2.247756004333496,0.625732421875
random_35,1.0,c041,2.562347412109375,0.3750343322753906
random_35,1.0,c006,2.1245832443237305,-0.31241512298583984
random_35,1.0,c039,1.2500019073486328,-0.06250381469726562
random_35,1.0,c017,5.18739128112793,0.18741989135742188
random_35,1.0,c058,0.8749961853027344,0.24999618530273438
random_35,1.0,c002,1.4999971389770508,0.06251239776611328
random_35,1.0,c024,0.124969482421875,0.06255149841308594
random_35,1.0,c023,2.499770164489746,0.12494564056396484
random_35,1.0,c022,3.24984073638916,0.5624561309814453
random_35,1.0,c056,0.3690042495727539,-0.36513233184814453
random_35,1.0,c029,-1.999995231628418,-0.24999618530273438
random_35,1.0,c025,-0.5623779296875,0.18757152557373047
random_35,1.0,c000,2.6246042251586914,-0.3116016387939453
random_35,1.0,c036,0.3748140335083008,-0.37473297119140625
random_35,1.0,c020,8.312247276306152,-0.8124399185180664
random_35,1.0,c011,4.374957084655762,-0.06245899200439453
random_35,1.0,c003,2.0624561309814453,0.12505054473876953
random_35,1.0,c045,7.687222480773926,-2.86102294921875e-06
random_35,1.0,c046,-0.9351568222045898,0.06364917755126953
random_35,1.0,c044,8.686842918395996,-1.3742952346801758
random_35,1.0,c008,-1.5,-0.375
random_35,1.0,c049,4.624998092651367,0.2500019073486328
random_35,1.0,c013,9.437273025512695,-0.7498455047607422
random_35,1.0,c042,3.7499771118164062,-0.12499809265136719
random_35,1.0,c009,-0.6875686645507812,-0.12500953674316406
random_35,1.0,c047,1.0620899200439453,0.12497806549072266
random_35,1.0,c050,1.1871824264526367,0.0006532669067382812
random_35,1.0,c043,0.6247291564941406,-0.12511730194091797
random_35,1.0,c016,2.8124704360961914,0.3125314712524414
random_35,1.0,c014,1.624985694885254,-0.18750286102294922
random_35,1.0,c041,-2.8750247955322266,-0.18744659423828125
random_35,1.0,c006,0.9997262954711914,-0.31214141845703125
random_35,1.0,c039,-2.0623912811279297,-8.487701416015625e-05
random_35,1.0,c017,3.8123979568481445,0.37505531311035156
random_35,1.0,c058,0.2500019073486328,-0.06250190734863281
random_35,1.0,c002,2.5624608993530273,0.18747806549072266
random_35,1.0,c024,0.7498703002929688,-0.1248483657836914
random_35,1.0,c023,1.687422752380371,-0.18756771087646484
random_35,1.0,c022,0.062483787536621094,-0.06252193450927734
random_35,1.0,c056,1.561690330505371,-0.060333251953125
random_35,-4.0,c041,2.124861717224121,-0.06245136260986328
random_35,-4.0,c006,2.686155319213867,0.24915695190429688
random_35,-4.0,c039,2.562493324279785,1.2499876022338867
random_35,-4.0,c017,4.437463760375977,-0.5625076293945312
random_35,-4.0,c058,1.9374980926513672,1.3124980926513672
random_35,-4.0,c002,1.562495231628418,0.12501049041748047
random_35,-4.0,c024,0.7499761581420898,0.6875581741333008
random_35,-4.0,c023,2.0622215270996094,-0.3126029968261719
random_35,-4.0,c022,2.874974250793457,0.1875896453857422
random_35,-4.0,c056,1.7678117752075195,1.033675193786621
random_35,-4.0,c029,-0.8124980926513672,0.9375009536743164
random_35,-4.0,c025,0.6250410079956055,1.374990463256836
random_35,-4.0,c000,2.9993104934692383,0.06310462951660156
random_35,-4.0,c036,0.7489023208618164,-0.000644683837890625
random_35,-4.0,c020,10.12419605255127,0.9995088577270508
random_35,-4.0,c011,4.749979019165039,0.3125629425048828
random_35,-4.0,c003,0.6249628067016602,-1.3124427795410156
random_35,-4.0,c045,9.499372482299805,1.8121471405029297
random_35,-4.0,c046,0.4967679977416992,1.4955739974975586
random_35,-4.0,c044,11.179286003112793,1.118147850036621
random_35,-4.0,c008,-0.9375,0.1875
random_35,-4.0,c049,4.562494277954102,0.1874980926513672
random_35,-4.0,c013,11.748754501342773,1.561635971069336
random_35,-4.0,c042,3.6248865127563477,-0.2500886917114258
random_35,-4.0,c009,0.3123788833618164,0.8749380111694336
random_35,-4.0,c047,1.4366912841796875,0.49957942962646484
random_35,-4.0,c050,0.3697929382324219,-0.8167362213134766
random_35,-4.0,c043,1.6864948272705078,0.9366483688354492
random_35,-4.0,c016,1.8749971389770508,-0.6249418258666992
random_35,-4.0,c014,3.3124923706054688,1.5000038146972656
random_35,-4.0,c041,-1.3126564025878906,1.3749217987060547
random_35,-4.0,c006,1.4990911483764648,0.1872234344482422
random_35,-4.0,c039,-0.8747320175170898,1.1875743865966797
random_35,-4.0,c017,3.3124685287475586,-0.12487411499023438
random_35,-4.0,c058,-0.18749618530273438,-0.5
random_35,-4.0,c002,1.562464714050293,-0.8125181198120117
random_35,-4.0,c024,1.9995975494384766,1.1248788833618164
random_35,-4.0,c023,3.499979019165039,1.6249885559082031
random_35,-4.0,c022,5.7220458984375e-06,-0.125
random_35,-4.0,c056,3.497206687927246,1.87518310546875
random_35,4.0,c041,1.6250085830688477,-0.5623044967651367
random_35,4.0,c006,1.5624933242797852,-0.8745050430297852
random_35,4.0,c039,0.3125181198120117,-0.9999876022338867
random_35,4.0,c017,4.437442779541016,-0.5625286102294922
random_35,4.0,c058,0.0,-0.625
random_35,4.0,c002,0.7500009536743164,-0.6874837875366211
random_35,4.0,c024,0.49999427795410156,0.4375762939453125
random_35,4.0,c023,0.8749856948852539,-1.4998388290405273
random_35,4.0,c022,2.187586784362793,-0.4997978210449219
random_35,4.0,c056,-0.0002803802490234375,-0.7344169616699219
random_35,4.0,c029,-2.812493324279785,-1.0624942779541016
random_35,4.0,c025,-0.6873865127563477,0.06256294250488281
random_35,4.0,c000,2.2499523162841797,-0.686253547668457
random_35,4.0,c036,-0.3750314712524414,-1.1245784759521484
random_35,4.0,c020,7.624920845031738,-1.4997663497924805
random_35,4.0,c011,3.6874752044677734,-0.7499408721923828
random_35,4.0,c003,1.8750362396240234,-0.062369346618652344
random_35,4.0,c045,6.874985694885254,-0.8122396469116211
random_35,4.0,c046,-1.4365434646606445,-0.43773746490478516
random_35,4.0,c044,8.499943733215332,-1.5611944198608398
random_35,4.0,c008,-1.1875,-0.0625
random_35,4.0,c049,4.6875,0.3125038146972656
random_35,4.0,c013,8.374939918518066,-1.812178611755371
random_35,4.0,c042,2.999979019165039,-0.8749961853027344
random_35,4.0,c009,-1.4375247955322266,-0.8749656677246094
random_35,4.0,c047,0.6249675750732422,-0.31214427947998047
random_35,4.0,c050,1.6248846054077148,0.4383554458618164
random_35,4.0,c043,0.1251230239868164,-0.6247234344482422
random_35,4.0,c016,2.062488555908203,-0.4374504089355469
random_35,4.0,c014,1.1874780654907227,-0.6250104904174805
random_35,4.0,c041,-2.062472343444824,0.6251058578491211
random_35,4.0,c006,0.3749570846557617,-0.9369106292724609
random_35,4.0,c039,-2.312397003173828,-0.2500905990600586
random_35,4.0,c017,2.937450408935547,-0.4998922348022461
random_35,4.0,c058,0.7500038146972656,0.4375
random_35,4.0,c002,1.562495231628418,-0.8124876022338867
random_35,4.0,c024,0.5000476837158203,-0.37467098236083984
random_35,4.0,c023,0.6250019073486328,-1.2499885559082031
random_35,4.0,c022,0.5625848770141602,0.4375791549682617
random_35,4.0,c056,0.8747749328613281,-0.747248649597168
random_36,-1.0,c041,2.874760627746582,0.6874475479125977
random_36,-1.0,c006,2.437008857727051,1.049041748046875e-05
random_36,-1.0,c039,2.187497138977051,0.8749914169311523
random_36,-1.0,c017,5.437446594238281,0.43747520446777344
random_36,-1.0,c058,1.1249961853027344,0.4999961853027344
random_36,-1.0,c002,1.7500009536743164,0.3125162124633789
random_36,-1.0,c024,0.3748502731323242,0.31243228912353516
random_36,-1.0,c023,2.9998416900634766,0.6250171661376953
random_36,-1.0,c022,3.124884605407715,0.4375
random_36,-1.0,c056,0.6812334060668945,-0.052903175354003906
random_36,-1.0,c029,-1.6250009536743164,0.12499809265136719
random_36,-1.0,c025,-0.24989700317382812,0.5000524520874023
random_36,-1.0,c000,3.186934471130371,0.2507286071777344
random_36,-1.0,c036,0.6871786117553711,-0.06236839294433594
random_36,-1.0,c020,8.562182426452637,-0.562504768371582
random_36,-1.0,c011,4.499978065490723,0.0625619888305664
random_36,-1.0,c003,2.062459945678711,0.12505435943603516
random_36,-1.0,c045,7.499680519104004,-0.1875448226928711
random_36,-1.0,c046,-0.43367671966552734,0.565129280090332
random_36,-1.0,c044,9.311002731323242,-0.7501354217529297
random_36,-1.0,c008,-0.9375,0.1875
random_36,-1.0,c049,4.499998092651367,0.1250019073486328
random_36,-1.0,c013,9.999618530273438,-0.1875
random_36,-1.0,c042,3.9999732971191406,0.12499809265136719
random_36,-1.0,c009,-0.5000267028808594,0.06253242492675781
random_36,-1.0,c047,1.5621299743652344,0.6250181198120117
random_36,-1.0,c050,1.6864891052246094,0.49995994567871094
random_36,-1.0,c043,1.0624732971191406,0.31262683868408203
random_36,-1.0,c016,2.687455177307129,0.1875162124633789
random_36,-1.0,c014,1.8125066757202148,1.811981201171875e-05
random_36,-1.0,c041,-2.9375057220458984,-0.24992752075195312
random_36,-1.0,c006,1.6248054504394531,0.31293773651123047
random_36,-1.0,c039,-1.6873750686645508,0.37493133544921875
random_36,-1.0,c017,3.8749074935913086,0.4375648498535156
random_36,-1.0,c058,1.1250019073486328,0.8124980926513672
random_36,-1.0,c002,2.6249752044677734,0.24999237060546875
random_36,-1.0,c024,1.4371576309204102,0.56243896484375
random_36,-1.0,c023,2.562450408935547,0.6874599456787109
random_36,-1.0,c022,0.1250019073486328,-3.814697265625e-06
random_36,-1.0,c056,2.061023712158203,0.43900012969970703
random_36,1.0,c041,1.624791145324707,-0.5625219345092773
random_36,1.0,c006,1.8117990493774414,-0.6251993179321289
random_36,1.0,c039,1.499995231628418,0.18748950958251953
random_36,1.0,c017,4.812427520751953,-0.1875438690185547
random_36,1.0,c058,0.3750019073486328,-0.2499980926513672
random_36,1.0,c002,1.374979019165039,-0.06250572204589844
random_36,1.0,c024,-0.1875143051147461,-0.24993228912353516
random_36,1.0,c023,1.6245861053466797,-0.7502384185791016
random_36,1.0,c022,2.6245365142822266,-0.06284809112548828
random_36,1.0,c056,0.604461669921875,-0.12967491149902344
random_36,1.0,c029,-1.9999980926513672,-0.2499990463256836
random_36,1.0,c025,-0.8748941421508789,-0.12494468688964844
random_36,1.0,c000,2.4356441497802734,-0.5005617141723633
random_36,1.0,c036,0.4368171691894531,-0.3127298355102539
random_36,1.0,c020,9.499452590942383,0.37476539611816406
random_36,1.0,c011,4.43740177154541,-1.430511474609375e-05
random_36,1.0,c003,1.6249189376831055,-0.3124866485595703
random_36,1.0,c045,7.937142372131348,0.24991703033447266
random_36,1.0,c046,-1.0003042221069336,-0.0014982223510742188
random_36,1.0,c044,9.935355186462402,-0.12578296661376953
random_36,1.0,c008,-1.6875,-0.5625
random_36,1.0,c049,4.437494277954102,0.06249809265136719
random_36,1.0,c013,10.312076568603516,0.12495803833007812
random_36,1.0,c042,3.812379837036133,-0.06259536743164062
random_36,1.0,c009,-0.5001401901245117,0.06241893768310547
random_36,1.0,c047,0.4989643096923828,-0.43814754486083984
random_36,1.0,c050,0.9362459182739258,-0.25028324127197266
random_36,1.0,c043,0.6876344680786133,-0.06221199035644531
random_36,1.0,c016,2.187479019165039,-0.31245994567871094
random_36,1.0,c014,2.062493324279785,0.25000476837158203
random_36,1.0,c041,-2.9375133514404297,-0.24993515014648438
random_36,1.0,c006,0.6866664886474609,-0.6252012252807617
random_36,1.0,c039,-2.2498083114624023,-0.1875019073486328
random_36,1.0,c017,3.3122997283935547,-0.12504291534423828
random_36,1.0,c058,-0.2499980926513672,-0.5625019073486328
random_36,1.0,c002,1.8124656677246094,-0.5625171661376953
random_36,1.0,c024,1.0622177124023438,0.1874990463256836
random_36,1.0,c023,1.6873579025268555,-0.18763256072998047
random_36,1.0,c022,-0.2500114440917969,-0.3750171661376953
random_36,1.0,c056,1.5582828521728516,-0.06374073028564453
random_36,-4.0,c041,5.437468528747559,3.250155448913574
random_36,-4.0,c006,4.937169075012207,2.5001707077026367
random_36,-4.0,c039,3.499985694885254,2.1874799728393555
random_36,-4.0,c017,7.124939918518066,2.1249685287475586
random_36,-4.0,c058,2.874998092651367,2.249998092651367
random_36,-4.0,c002,2.3749961853027344,0.9375114440917969
random_36,-4.0,c024,1.6875267028808594,1.6251087188720703
random_36,-4.0,c023,4.312405586242676,1.9375810623168945
random_36,-4.0,c022,5.062467575073242,2.3750829696655273
random_36,-4.0,c056,2.435959815979004,1.7018232345581055
random_36,-4.0,c029,-1.0624990463256836,0.6875
random_36,-4.0,c025,0.6881160736083984,1.438065528869629
random_36,-4.0,c000,4.874912261962891,1.938706398010254
random_36,-4.0,c036,1.7496404647827148,1.0000934600830078
random_36,-4.0,c020,9.06208324432373,-0.06260395050048828
random_36,-4.0,c011,5.187455177307129,0.7500391006469727
random_36,-4.0,c003,3.249971389770508,1.312565803527832
random_36,-4.0,c045,7.687076568603516,-0.000148773193359375
random_36,-4.0,c046,0.1292552947998047,1.128061294555664
random_36,-4.0,c044,9.560928344726562,-0.5002098083496094
random_36,-4.0,c008,-0.25,0.875
random_36,-4.0,c049,5.249996185302734,0.875
random_36,-4.0,c013,9.31219482421875,-0.8749237060546875
random_36,-4.0,c042,4.937483787536621,1.0625085830688477
random_36,-4.0,c009,1.187459945678711,1.7500190734863281
random_36,-4.0,c047,3.1247262954711914,2.1876144409179688
random_36,-4.0,c050,3.124850273132324,1.9383211135864258
random_36,-4.0,c043,1.7489805221557617,0.9991340637207031
random_36,-4.0,c016,4.124960899353027,1.6250219345092773
random_36,-4.0,c014,2.125004768371582,0.3125162124633789
random_36,-4.0,c041,-1.1250171661376953,1.56256103515625
random_36,-4.0,c006,3.2495040893554688,1.937636375427246
random_36,-4.0,c039,-0.24987125396728516,1.8124351501464844
random_36,-4.0,c017,5.062488555908203,1.6251459121704102
random_36,-4.0,c058,2.499998092651367,2.1874942779541016
random_36,-4.0,c002,4.937467575073242,2.5624847412109375
random_36,-4.0,c024,2.8124122619628906,1.9376935958862305
random_36,-4.0,c023,3.8749380111694336,1.9999475479125977
random_36,-4.0,c022,1.0000247955322266,0.8750190734863281
random_36,-4.0,c056,3.437297821044922,1.8152742385864258
random_36,4.0,c041,1.812056541442871,-0.3752565383911133
random_36,4.0,c006,2.0612363815307617,-0.3757619857788086
random_36,4.0,c039,1.4375228881835938,0.1250171661376953
random_36,4.0,c017,3.8124237060546875,-1.1875476837158203
random_36,4.0,c058,1.0,0.375
random_36,4.0,c002,2.5624799728393555,1.124995231628418
random_36,4.0,c024,-0.8124914169311523,-0.8749094009399414
random_36,4.0,c023,1.5620641708374023,-0.8127603530883789
random_36,4.0,c022,1.4374351501464844,-1.2499494552612305
random_36,4.0,c056,0.5409469604492188,-0.1931896209716797
random_36,4.0,c029,-1.9374961853027344,-0.18749713897705078
random_36,4.0,c025,-1.1249561309814453,-0.37500667572021484
random_36,4.0,c000,2.1846914291381836,-0.7515144348144531
random_36,4.0,c036,0.4368267059326172,-0.31272029876708984
random_36,4.0,c020,9.499626159667969,0.37493896484375
random_36,4.0,c011,4.124916076660156,-0.3125
random_36,4.0,c003,1.1247367858886719,-0.8126688003540039
random_36,4.0,c045,8.749585151672363,1.0623598098754883
random_36,4.0,c046,-1.312321662902832,-0.31351566314697266
random_36,4.0,c044,10.122974395751953,0.06183624267578125
random_36,4.0,c008,-2.0,-0.875
random_36,4.0,c049,4.312496185302734,-0.0625
random_36,4.0,c013,10.686739921569824,0.4996213912963867
random_36,4.0,c042,2.8122777938842773,-1.062697410583496
random_36,4.0,c009,-0.8125553131103516,-0.24999618530273438
random_36,4.0,c047,0.18718719482421875,-0.7499246597290039
random_36,4.0,c050,0.43712902069091797,-0.7494001388549805
random_36,4.0,c043,0.9374265670776367,0.18758010864257812
random_36,4.0,c016,1.7498340606689453,-0.7501049041748047
random_36,4.0,c014,2.8124923706054688,1.0000038146972656
random_36,4.0,c041,-1.7499809265136719,0.9375972747802734
random_36,4.0,c006,1.1239500045776367,-0.18791770935058594
random_36,4.0,c039,-2.248061180114746,-0.18575477600097656
random_36,4.0,c017,2.6247997283935547,-0.8125429153442383
random_36,4.0,c058,-0.8124980926513672,-1.1250019073486328
random_36,4.0,c002,1.3749170303344727,-1.000065803527832
random_36,4.0,c024,0.9996767044067383,0.12495803833007812
random_36,4.0,c023,0.687434196472168,-1.187556266784668
random_36,4.0,c022,0.18750286102294922,0.06249713897705078
random_36,4.0,c056,1.8724784851074219,0.2504549026489258
random_37,-1.0,c041,1.6249580383300781,-0.5623550415039062
random_37,-1.0,c006,1.6872291564941406,-0.7497692108154297
random_37,-1.0,c039,1.1249990463256836,-0.18750667572021484
random_37,-1.0,c017,4.562448501586914,-0.43752288818359375
random_37,-1.0,c058,0.1875,-0.4375
random_37,-1.0,c002,1.3124971389770508,-0.12498760223388672
random_37,-1.0,c024,0.1249551773071289,0.06253719329833984
random_37,-1.0,c023,2.249835968017578,-0.12498855590820312
random_37,-1.0,c022,2.374948501586914,-0.3124361038208008
random_37,-1.0,c056,0.30411815643310547,-0.43001842498779297
random_37,-1.0,c029,-1.5624961853027344,0.18750286102294922
random_37,-1.0,c025,-0.3748970031738281,0.37505245208740234
random_37,-1.0,c000,2.5622406005859375,-0.3739652633666992
random_37,-1.0,c036,0.7497081756591797,0.00016117095947265625
random_37,-1.0,c020,9.062389373779297,-0.062297821044921875
random_37,-1.0,c011,3.9999732971191406,-0.4374427795410156
random_37,-1.0,c003,1.6249456405639648,-0.31245994567871094
random_37,-1.0,c045,8.062165260314941,0.3749399185180664
random_37,-1.0,c046,-0.6857204437255859,0.31308555603027344
random_37,-1.0,c044,9.749244689941406,-0.3118934631347656
random_37,-1.0,c008,-1.4375,-0.3125
random_37,-1.0,c049,3.562498092651367,-0.8124980926513672
random_37,-1.0,c013,10.187165260314941,4.673004150390625e-05
random_37,-1.0,c042,3.1249732971191406,-0.7500019073486328
random_37,-1.0,c009,-0.687525749206543,-0.12496662139892578
random_37,-1.0,c047,0.49976539611816406,-0.4373464584350586
random_37,-1.0,c050,0.9372396469116211,-0.24928951263427734
random_37,-1.0,c043,0.7498359680175781,-1.049041748046875e-05
random_37,-1.0,c016,2.0624265670776367,-0.4375123977661133
random_37,-1.0,c014,1.4375,-0.3749885559082031
random_37,-1.0,c041,-2.7500457763671875,-0.06246757507324219
random_37,-1.0,c006,1.0619583129882812,-0.2499094009399414
random_37,-1.0,c039,-1.562398910522461,0.4999074935913086
random_37,-1.0,c017,2.937437057495117,-0.4999055862426758
random_37,-1.0,c058,0.5625019073486328,0.2499980926513672
random_37,-1.0,c002,2.249979019165039,-0.12500381469726562
random_37,-1.0,c024,0.7499456405639648,-0.12477302551269531
random_37,-1.0,c023,2.124995231628418,0.25000476837158203
random_37,-1.0,c022,-0.12500476837158203,-0.25001049041748047
random_37,-1.0,c056,1.3121366500854492,-0.3098869323730469
random_37,1.0,c041,2.8119773864746094,0.624664306640625
random_37,1.0,c006,2.436211585998535,-0.0007867813110351562
random_37,1.0,c039,1.3750200271606445,0.0625143051147461
random_37,1.0,c017,5.187416076660156,0.18744468688964844
random_37,1.0,c058,1.0,0.375
random_37,1.0,c002,1.6875171661376953,0.2500324249267578
random_37,1.0,c024,0.06229209899902344,-0.000125885009765625
random_37,1.0,c023,2.8121585845947266,0.4373340606689453
random_37,1.0,c022,2.9371471405029297,0.24976253509521484
random_37,1.0,c056,0.7358627319335938,0.0017261505126953125
random_37,1.0,c029,-2.437497138977051,-0.6874980926513672
random_37,1.0,c025,-0.8122634887695312,-0.06231403350830078
random_37,1.0,c000,2.936504364013672,0.00029850006103515625
random_37,1.0,c036,0.43656063079833984,-0.3129863739013672
random_37,1.0,c020,8.499372482299805,-0.6253147125244141
random_37,1.0,c011,4.749895095825195,0.31247901916503906
random_37,1.0,c003,2.0623292922973633,0.1249237060546875
random_37,1.0,c045,7.874331474304199,0.18710613250732422
random_37,1.0,c046,-0.43935108184814453,0.5594549179077148
random_37,1.0,c044,9.809673309326172,-0.25146484375
random_37,1.0,c008,-0.875,0.25
random_37,1.0,c049,5.312492370605469,0.9374961853027344
random_37,1.0,c013,9.436896324157715,-0.7502222061157227
random_37,1.0,c042,4.374841690063477,0.4998664855957031
random_37,1.0,c009,-0.18762779235839844,0.37493133544921875
random_37,1.0,c047,1.3110628128051758,0.3739509582519531
random_37,1.0,c050,1.2494220733642578,0.06289291381835938
random_37,1.0,c043,1.3737621307373047,0.6239156723022461
random_37,1.0,c016,2.749932289123535,0.24999332427978516
random_37,1.0,c014,2.312479019165039,0.49999046325683594
random_37,1.0,c041,-2.9375410079956055,-0.24996280670166016
random_37,1.0,c006,1.43707275390625,0.12520503997802734
random_37,1.0,c039,-2.1247100830078125,-0.06240367889404297
random_37,1.0,c017,3.81234073638916,0.3749980926513672
random_37,1.0,c058,1.9073486328125e-06,-0.3125019073486328
random_37,1.0,c002,2.562459945678711,0.18747711181640625
random_37,1.0,c024,1.124720573425293,0.2500019073486328
random_37,1.0,c023,2.124823570251465,0.2498331069946289
random_37,1.0,c022,-3.528594970703125e-05,-0.12504100799560547
random_37,1.0,c056,1.8710746765136719,0.24905109405517578
random_37,-4.0,c041,0.24999713897705078,-1.9373159408569336
random_37,-4.0,c006,1.3124895095825195,-1.1245088577270508
random_37,-4.0,c039,1.1875019073486328,-0.12500381469726562
random_37,-4.0,c017,2.937501907348633,-2.062469482421875
random_37,-4.0,c058,0.3125,-0.3125
random_37,-4.0,c002,0.43750572204589844,-0.9999790191650391
random_37,-4.0,c024,1.2499942779541016,1.1875762939453125
random_37,-4.0,c023,1.6249866485595703,-0.7498378753662109
random_37,-4.0,c022,1.000030517578125,-1.6873540878295898
random_37,-4.0,c056,0.1253194808959961,-0.6088171005249023
random_37,-4.0,c029,-0.3125,1.4374990463256836
random_37,-4.0,c025,-0.24991607666015625,0.5000333786010742
random_37,-4.0,c000,2.374997138977051,-0.5612087249755859
random_37,-4.0,c036,-0.1249856948852539,-0.8745326995849609
random_37,-4.0,c020,8.24996280670166,-0.8747243881225586
random_37,-4.0,c011,1.2500019073486328,-3.1874141693115234
random_37,-4.0,c003,0.25002479553222656,-1.6873807907104492
random_37,-4.0,c045,6.749975204467773,-0.9372501373291016
random_37,-4.0,c046,-0.6244802474975586,0.3743257522583008
random_37,-4.0,c044,9.249942779541016,-0.8111953735351562
random_37,-4.0,c008,-1.375,-0.25
random_37,-4.0,c049,2.3125,-2.0624961853027344
random_37,-4.0,c013,9.93742847442627,-0.24969005584716797
random_37,-4.0,c042,0.5624942779541016,-3.312480926513672
random_37,-4.0,c009,-0.5000038146972656,0.06255531311035156
random_37,-4.0,c047,-1.3749828338623047,-2.3120946884155273
random_37,-4.0,c050,1.1444091796875e-05,-1.1865177154541016
random_37,-4.0,c043,-0.12493324279785156,-0.8747797012329102
random_37,-4.0,c016,1.1250057220458984,-1.3749332427978516
random_37,-4.0,c014,0.2500171661376953,-1.5624713897705078
random_37,-4.0,c041,-2.5624752044677734,0.12510299682617188
random_37,-4.0,c006,-0.06249809265136719,-1.3743658065795898
random_37,-4.0,c039,-0.6250019073486328,1.4373044967651367
random_37,-4.0,c017,0.8125095367431641,-2.624833106994629
random_37,-4.0,c058,1.4375,1.1249961853027344
random_37,-4.0,c002,1.0000171661376953,-1.3749656677246094
random_37,-4.0,c024,1.0000782012939453,0.12535953521728516
random_37,-4.0,c023,2.687485694885254,0.812495231628418
random_37,-4.0,c022,-0.7499799728393555,-0.8749856948852539
random_37,-4.0,c056,0.6249856948852539,-0.9970378875732422
random_37,4.0,c041,3.4993581771850586,1.3120450973510742
random_37,4.0,c006,3.310914993286133,0.8739166259765625
random_37,4.0,c039,1.375035285949707,0.0625295639038086
random_37,4.0,c017,4.936980247497559,-0.06299114227294922
random_37,4.0,c058,1.4374828338623047,0.8124828338623047
random_37,4.0,c002,2.5000057220458984,1.062520980834961
random_37,4.0,c024,0.06224822998046875,-0.0001697540283203125
random_37,4.0,c023,1.9366827011108398,-0.4381418228149414
random_37,4.0,c022,3.437687873840332,0.7503032684326172
random_37,4.0,c056,0.8027334213256836,0.06859683990478516
random_37,4.0,c029,-3.4374494552612305,-1.6874504089355469
random_37,4.0,c025,-0.5612030029296875,0.18874645233154297
random_37,4.0,c000,2.874283790588379,-0.06192207336425781
random_37,4.0,c036,0.37389659881591797,-0.37565040588378906
random_37,4.0,c020,7.1863250732421875,-1.9383621215820312
random_37,4.0,c011,4.624175071716309,0.18675899505615234
random_37,4.0,c003,2.499152183532715,0.5617465972900391
random_37,4.0,c045,6.936279296875,-0.750946044921875
random_37,4.0,c046,-0.4423961639404297,0.5564098358154297
random_37,4.0,c044,7.746448516845703,-2.3146896362304688
random_37,4.0,c008,0.6250019073486328,1.7500019073486328
random_37,4.0,c049,5.999955177307129,1.6249589920043945
random_37,4.0,c013,7.373296737670898,-2.813821792602539
random_37,4.0,c042,4.812037467956543,0.9370622634887695
random_37,4.0,c009,0.43743896484375,0.9999980926513672
random_37,4.0,c047,2.0601882934570312,1.1230764389038086
random_37,4.0,c050,1.6193017959594727,0.4327726364135742
random_37,4.0,c043,1.9357471466064453,1.1859006881713867
random_37,4.0,c016,2.874805450439453,0.3748664855957031
random_37,4.0,c014,2.624922752380371,0.812434196472168
random_37,4.0,c041,-1.7503938674926758,0.9371843338012695
random_37,4.0,c006,1.9993963241577148,0.6875286102294922
random_37,4.0,c039,-1.500265121459961,0.5620412826538086
random_37,4.0,c017,3.8120994567871094,0.3747568130493164
random_37,4.0,c058,0.18750762939453125,-0.12499618530273438
random_37,4.0,c002,2.499831199645996,0.1248483657836914
random_37,4.0,c024,0.6238241195678711,-0.25089454650878906
random_37,4.0,c023,1.2499923706054688,-0.6249980926513672
random_37,4.0,c022,0.49997997283935547,0.37497425079345703
random_37,4.0,c056,2.4330434799194336,0.8110198974609375
random_38,-1.0,c041,2.2497682571411133,0.062455177307128906
random_38,-1.0,c006,1.4371814727783203,-0.99981689453125
random_38,-1.0,c039,2.124995231628418,0.8124895095825195
random_38,-1.0,c017,4.687437057495117,-0.3125343322753906
random_38,-1.0,c058,-0.0625,-0.6875
random_38,-1.0,c002,0.9374971389770508,-0.4999876022338867
random_38,-1.0,c024,-0.5000514984130859,-0.562469482421875
random_38,-1.0,c023,1.5623493194580078,-0.8124752044677734
random_38,-1.0,c022,2.2499332427978516,-0.4374513626098633
random_38,-1.0,c056,0.1151266098022461,-0.6190099716186523
random_38,-1.0,c029,-2.187498092651367,-0.4374990463256836
random_38,-1.0,c025,-1.2500085830688477,-0.5000591278076172
random_38,-1.0,c000,2.561708450317383,-0.3744974136352539
random_38,-1.0,c036,-0.00027942657470703125,-0.7498264312744141
random_38,-1.0,c020,8.749506950378418,-0.3751802444458008
random_38,-1.0,c011,3.9999828338623047,-0.43743324279785156
random_38,-1.0,c003,1.1874523162841797,-0.7499532699584961
random_38,-1.0,c045,7.749676704406738,0.06245136260986328
random_38,-1.0,c046,-1.310725212097168,-0.3119192123413086
random_38,-1.0,c044,9.435083389282227,-0.6260547637939453
random_38,-1.0,c008,-1.8125,-0.6875
random_38,-1.0,c049,3.187498092651367,-1.1874980926513672
random_38,-1.0,c013,10.186707496643066,-0.00041103363037109375
random_38,-1.0,c042,3.749971389770508,-0.12500381469726562
random_38,-1.0,c009,-0.9375476837158203,-0.3749885559082031
random_38,-1.0,c047,0.24970436096191406,-0.6874074935913086
random_38,-1.0,c050,0.624725341796875,-0.5618038177490234
random_38,-1.0,c043,-0.0001354217529296875,-0.7499818801879883
random_38,-1.0,c016,2.062436103820801,-0.4375028610229492
random_38,-1.0,c014,1.3124942779541016,-0.49999427795410156
random_38,-1.0,c041,-3.18753719329834,-0.49995899200439453
random_38,-1.0,c006,1.1870746612548828,-0.12479305267333984
random_38,-1.0,c039,-2.1872453689575195,-0.12493896484375
random_38,-1.0,c017,3.3124256134033203,-0.12491703033447266
random_38,-1.0,c058,-0.06249809265136719,-0.3750019073486328
random_38,-1.0,c002,1.8124732971191406,-0.5625095367431641
random_38,-1.0,c024,0.31218433380126953,-0.5625343322753906
random_38,-1.0,c023,1.562413215637207,-0.3125772476196289
random_38,-1.0,c022,-0.5625028610229492,-0.6875085830688477
random_38,-1.0,c056,0.999089241027832,-0.6229343414306641
random_38,1.0,c041,2.6871337890625,0.4998207092285156
random_38,1.0,c006,2.811922073364258,0.3749237060546875
random_38,1.0,c039,1.1875028610229492,-0.12500286102294922
random_38,1.0,c017,5.687410354614258,0.68743896484375
random_38,1.0,c058,0.9999980926513672,0.3749980926513672
random_38,1.0,c002,2.062493324279785,0.6250085830688477
random_38,1.0,c024,0.43740177154541016,0.3749837875366211
random_38,1.0,c023,2.562321662902832,0.18749713897705078
random_38,1.0,c022,3.499526023864746,0.8121414184570312
random_38,1.0,c056,0.742518424987793,0.008381843566894531
random_38,1.0,c029,-1.8749895095825195,-0.12499046325683594
random_38,1.0,c025,-0.12497234344482422,0.6249771118164062
random_38,1.0,c000,3.061542510986328,0.1253366470336914
random_38,1.0,c036,0.7495737075805664,2.6702880859375e-05
random_38,1.0,c020,8.937188148498535,-0.1874990463256836
random_38,1.0,c011,4.6249237060546875,0.18750762939453125
random_38,1.0,c003,2.2499046325683594,0.3124990463256836
random_38,1.0,c045,7.43730354309082,-0.2499217987060547
random_38,1.0,c046,0.1248321533203125,1.1236381530761719
random_38,1.0,c044,9.124136924743652,-0.9370012283325195
random_38,1.0,c008,-1.3125,-0.1875
random_38,1.0,c049,4.749994277954102,0.3749980926513672
random_38,1.0,c013,9.87474250793457,-0.3123760223388672
random_38,1.0,c042,4.249902725219727,0.3749275207519531
random_38,1.0,c009,-4.673004150390625e-05,0.5625123977661133
random_38,1.0,c047,1.436849594116211,0.4997377395629883
random_38,1.0,c050,1.5616235733032227,0.3750944137573242
random_38,1.0,c043,1.124624252319336,0.37477779388427734
random_38,1.0,c016,2.624983787536621,0.1250448226928711
random_38,1.0,c014,2.1249818801879883,0.31249332427978516
random_38,1.0,c041,-1.9375972747802734,0.7499809265136719
random_38,1.0,c006,1.4996538162231445,0.18778610229492188
random_38,1.0,c039,-1.8748893737792969,0.18741703033447266
random_38,1.0,c017,3.562443733215332,0.12510108947753906
random_38,1.0,c058,0.6250019073486328,0.3124980926513672
random_38,1.0,c002,2.812467575073242,0.4374847412109375
random_38,1.0,c024,1.6246404647827148,0.7499217987060547
random_38,1.0,c023,2.4374895095825195,0.5624990463256836
random_38,1.0,c022,0.43749427795410156,0.3124885559082031
random_38,1.0,c056,2.3109216690063477,0.6888980865478516
random_38,-4.0,c041,-0.7499961853027344,-2.9373092651367188
random_38,-4.0,c006,-0.2501058578491211,-2.6871042251586914
random_38,-4.0,c039,-0.1250019073486328,-1.4375076293945312
random_38,-4.0,c017,2.1250038146972656,-2.874967575073242
random_38,-4.0,c058,-2.124998092651367,-2.749998092651367
random_38,-4.0,c002,-0.8750057220458984,-2.312490463256836
random_38,-4.0,c024,-2.3750228881835938,-2.437440872192383
random_38,-4.0,c023,-1.3750057220458984,-3.7498302459716797
random_38,-4.0,c022,-3.814697265625e-06,-2.6873884201049805
random_38,-4.0,c056,-1.000727653503418,-1.7348642349243164
random_38,-4.0,c029,-4.124998092651367,-2.3749990463256836
random_38,-4.0,c025,-3.0623912811279297,-2.312441825866699
random_38,-4.0,c000,0.49997425079345703,-2.4362316131591797
random_38,-4.0,c036,-2.187649726867676,-2.937196731567383
random_38,-4.0,c020,7.687369346618652,-1.4373178482055664
random_38,-4.0,c011,1.5625038146972656,-2.8749122619628906
random_38,-4.0,c003,-1.1874990463256836,-3.1249046325683594
random_38,-4.0,c045,5.937447547912598,-1.7497777938842773
random_38,-4.0,c046,-2.9374160766601562,-1.9386100769042969
random_38,-4.0,c044,8.062248229980469,-1.9988899230957031
random_38,-4.0,c008,-4.0,-2.875
random_38,-4.0,c049,-0.5,-4.874996185302734
random_38,-4.0,c013,9.62488079071045,-0.5622377395629883
random_38,-4.0,c042,1.8124866485595703,-2.062488555908203
random_38,-4.0,c009,-3.6875314712524414,-3.124972343444824
random_38,-4.0,c047,-1.875105857849121,-2.8122177124023438
random_38,-4.0,c050,-1.625030517578125,-2.8115596771240234
random_38,-4.0,c043,-1.3125019073486328,-2.0623483657836914
random_38,-4.0,c016,-0.12502002716064453,-2.6249589920043945
random_38,-4.0,c014,-1.1874685287475586,-2.9999570846557617
random_38,-4.0,c041,-4.187517166137695,-1.49993896484375
random_38,-4.0,c006,-0.8750591278076172,-2.18692684173584
random_38,-4.0,c039,-2.9374608993530273,-0.8751544952392578
random_38,-4.0,c017,1.4374761581420898,-1.9998664855957031
random_38,-4.0,c058,-1.1249980926513672,-1.4375019073486328
random_38,-4.0,c002,-1.062495231628418,-3.4374780654907227
random_38,-4.0,c024,-1.5625228881835938,-2.437241554260254
random_38,-4.0,c023,-0.8125219345092773,-2.6875123977661133
random_38,-4.0,c022,-1.9375028610229492,-2.0625085830688477
random_38,-4.0,c056,-0.18789386749267578,-1.8099174499511719
random_38,4.0,c041,2.936764717102051,0.7494516372680664
random_38,4.0,c006,2.624598503112793,0.18760013580322266
random_38,4.0,c039,0.12503719329833984,-1.1874685287475586
random_38,4.0,c017,5.499575614929199,0.4996042251586914
random_38,4.0,c058,0.8749942779541016,0.24999427795410156
random_38,4.0,c002,1.6250066757202148,0.18752193450927734
random_38,4.0,c024,1.5623226165771484,1.4999046325683594
random_38,4.0,c023,2.9994678497314453,0.6246433258056641
random_38,4.0,c022,3.936809539794922,1.249424934387207
random_38,4.0,c056,1.3495559692382812,0.6154193878173828
random_38,4.0,c029,-0.8749895095825195,0.8750095367431641
random_38,4.0,c025,0.8750286102294922,1.6249780654907227
random_38,4.0,c000,3.0613508224487305,0.12514495849609375
random_38,4.0,c036,0.9371814727783203,0.18763446807861328
random_38,4.0,c020,8.124881744384766,-0.9998054504394531
random_38,4.0,c011,4.62480354309082,0.18738746643066406
random_38,4.0,c003,1.8749332427978516,-0.06247234344482422
random_38,4.0,c045,7.624824523925781,-0.06240081787109375
random_38,4.0,c046,1.3759050369262695,2.374711036682129
random_38,4.0,c044,8.937296867370605,-1.1238412857055664
random_38,4.0,c008,-0.875,0.25
random_38,4.0,c049,4.249998092651367,-0.12499809265136719
random_38,4.0,c013,8.499846458435059,-1.687272071838379
random_38,4.0,c042,3.6248722076416016,-0.2501029968261719
random_38,4.0,c009,0.31253719329833984,0.875096321105957
random_38,4.0,c047,1.811793327331543,0.8746814727783203
random_38,4.0,c050,2.3111000061035156,1.1245708465576172
random_38,4.0,c043,1.625335693359375,0.8754892349243164
random_38,4.0,c016,2.312485694885254,-0.1874532699584961
random_38,4.0,c014,2.74997615814209,0.9374876022338867
random_38,4.0,c041,-0.43753623962402344,2.250041961669922
random_38,4.0,c006,1.4371452331542969,0.12527751922607422
random_38,4.0,c039,-1.3746776580810547,0.6876287460327148
random_38,4.0,c017,3.6248302459716797,0.18748760223388672
random_38,4.0,c058,0.4375,0.12499618530273438
random_38,4.0,c002,3.124913215637207,0.7499303817749023
random_38,4.0,c024,2.1872663497924805,1.3125476837158203
random_38,4.0,c023,3.5002670288085938,1.6252765655517578
random_38,4.0,c022,1.3124675750732422,1.1874618530273438
random_38,4.0,c056,2.4362974166870117,0.8142738342285156
random_39,-1.0,c041,2.562366485595703,0.37505340576171875
random_39,-1.0,c006,2.1240901947021484,-0.3129081726074219
random_39,-1.0,c039,1.9375009536743164,0.624995231628418
random_39,-1.0,c017,4.9374542236328125,-0.06251716613769531
random_39,-1.0,c058,0.7499980926513672,0.12499809265136719
random_39,-1.0,c002,1.8749866485595703,0.4375019073486328
random_39,-1.0,c024,-0.18765926361083984,-0.2500772476196289
random_39,-1.0,c023,2.562376022338867,0.18755149841308594
random_39,-1.0,c022,2.874863624572754,0.18747901916503906
random_39,-1.0,c056,1.1212034225463867,0.3870668411254883
random_39,-1.0,c029,-1.9999942779541016,-0.24999523162841797
random_39,-1.0,c025,-0.31244659423828125,0.4375028610229492
random_39,-1.0,c000,2.562002182006836,-0.3742036819458008
random_39,-1.0,c036,0.7497215270996094,0.00017452239990234375
random_39,-1.0,c020,8.686931610107422,-0.4377555847167969
random_39,-1.0,c011,4.374967575073242,-0.06244850158691406
random_39,-1.0,c003,1.8749418258666992,-0.06246376037597656
random_39,-1.0,c045,7.43721866607666,-0.25000667572021484
random_39,-1.0,c046,-0.8116941452026367,0.18711185455322266
random_39,-1.0,c044,9.373481750488281,-0.6876564025878906
random_39,-1.0,c008,-1.125,0.0
random_39,-1.0,c049,4.812496185302734,0.4375
random_39,-1.0,c013,9.49938678741455,-0.6877317428588867
random_39,-1.0,c042,3.874958038330078,-1.71661376953125e-05
random_39,-1.0,c009,-0.5000085830688477,0.06255054473876953
random_39,-1.0,c047,1.1247243881225586,0.18761253356933594
random_39,-1.0,c050,0.8748664855957031,-0.3116626739501953
random_39,-1.0,c043,0.6872520446777344,-0.06259441375732422
random_39,-1.0,c016,2.1249637603759766,-0.37497520446777344
random_39,-1.0,c014,1.8750066757202148,0.06251811981201172
random_39,-1.0,c041,-2.500027656555176,0.18755054473876953
random_39,-1.0,c006,1.6872053146362305,0.3753376007080078
random_39,-1.0,c039,-1.937331199645996,0.12497520446777344
random_39,-1.0,c017,3.6249542236328125,0.18761157989501953
random_39,-1.0,c058,0.1875,-0.12500381469726562
random_39,-1.0,c002,2.4374637603759766,0.062480926513671875
random_39,-1.0,c024,0.9369020462036133,0.062183380126953125
random_39,-1.0,c023,2.1874589920043945,0.3124685287475586
random_39,-1.0,c022,0.12501049041748047,4.76837158203125e-06
random_39,-1.0,c056,1.8111639022827148,0.18914031982421875
random_39,1.0,c041,2.374614715576172,0.1873016357421875
random_39,1.0,c006,2.3116273880004883,-0.12537097930908203
random_39,1.0,c039,1.6250019073486328,0.3124961853027344
random_39,1.0,c017,5.062465667724609,0.06249427795410156
random_39,1.0,c058,0.625,0.0
random_39,1.0,c002,1.1249990463256836,-0.3124856948852539
random_39,1.0,c024,0.12497806549072266,0.0625600814819336
random_39,1.0,c023,2.6246566772460938,0.2498321533203125
random_39,1.0,c022,2.749828338623047,0.06244373321533203
random_39,1.0,c056,0.1643505096435547,-0.5697860717773438
random_39,1.0,c029,-2.1249961853027344,-0.3749971389770508
random_39,1.0,c025,-0.8749065399169922,-0.12495708465576172
random_39,1.0,c000,2.93599796295166,-0.0002079010009765625
random_39,1.0,c036,0.18714427947998047,-0.5624027252197266
random_39,1.0,c020,8.374733924865723,-0.7499532699584961
random_39,1.0,c011,4.562372207641602,0.12495613098144531
random_39,1.0,c003,2.0624780654907227,0.12507247924804688
random_39,1.0,c045,7.749473571777344,0.06224822998046875
random_39,1.0,c046,-0.49927806854248047,0.4995279312133789
random_39,1.0,c044,10.059569358825684,-0.0015687942504882812
random_39,1.0,c008,-1.1875,-0.0625
random_39,1.0,c049,3.6249942779541016,-0.7500019073486328
random_39,1.0,c013,9.87471866607666,-0.31239986419677734
random_39,1.0,c042,3.249894142150879,-0.6250810623168945
random_39,1.0,c009,-0.625086784362793,-0.06252765655517578
random_39,1.0,c047,1.1864681243896484,0.24935626983642578
random_39,1.0,c050,1.0621328353881836,-0.12439632415771484
random_39,1.0,c043,0.5003852844238281,-0.24946117401123047
random_39,1.0,c016,2.499831199645996,-0.00010776519775390625
random_39,1.0,c014,2.0624828338623047,0.24999427795410156
random_39,1.0,c041,-2.8126211166381836,-0.12504291534423828
random_39,1.0,c006,1.24945068359375,-0.062417030334472656
random_39,1.0,c039,-2.187379837036133,-0.12507343292236328
random_39,1.0,c017,3.4998741149902344,0.0625314712524414
random_39,1.0,c058,0.6250019073486328,0.3124980926513672
random_39,1.0,c002,2.49996280670166,0.12497997283935547
random_39,1.0,c024,1.0622196197509766,0.1875009536743164
random_39,1.0,c023,1.8125648498535156,-0.06242561340332031
random_39,1.0,c022,-0.24998092651367188,-0.3749866485595703
random_39,1.0,c056,2.058208465576172,0.4361848831176758
random_39,-4.0,c041,2.6249818801879883,0.4376688003540039
random_39,-4.0,c006,1.812455177307129,-0.6245431900024414
random_39,-4.0,c039,2.062501907348633,0.7499961853027344
random_39,-4.0,c017,4.312471389770508,-0.6875
random_39,-4.0,c058,0.8749980926513672,0.2499980926513672
random_39,-4.0,c002,2.312498092651367,0.8750133514404297
random_39,-4.0,c024,-0.12500381469726562,-0.1874217987060547
random_39,-4.0,c023,2.499958038330078,0.12513351440429688
random_39,-4.0,c022,2.8749637603759766,0.18757915496826172
random_39,-4.0,c056,1.187286376953125,0.45314979553222656
random_39,-4.0,c029,-1.6874980926513672,0.0625009536743164
random_39,-4.0,c025,-0.6249780654907227,0.12497138977050781
random_39,-4.0,c000,2.374964714050293,-0.5612411499023438
random_39,-4.0,c036,0.937413215637207,0.1878662109375
random_39,-4.0,c020,8.43717098236084,-0.6875162124633789
random_39,-4.0,c011,3.3749942779541016,-1.0624217987060547
random_39,-4.0,c003,1.7499876022338867,-0.18741798400878906
random_39,-4.0,c045,7.624624252319336,-0.06260108947753906
random_39,-4.0,c046,-0.37505149841308594,0.6237545013427734
random_39,-4.0,c044,8.998711585998535,-1.0624265670776367
random_39,-4.0,c008,-2.249998092651367,-1.1249980926513672
random_39,-4.0,c049,5.874995231628418,1.4999990463256836
random_39,-4.0,c013,8.999717712402344,-1.1874008178710938
random_39,-4.0,c042,3.3749895095825195,-0.4999856948852539
random_39,-4.0,c009,-0.6875019073486328,-0.12494277954101562
random_39,-4.0,c047,1.3124732971191406,0.37536144256591797
random_39,-4.0,c050,0.24996566772460938,-0.9365634918212891
random_39,-4.0,c043,1.3749542236328125,0.6251077651977539
random_39,-4.0,c016,1.375009536743164,-1.124929428100586
random_39,-4.0,c014,1.625,-0.18748855590820312
random_39,-4.0,c041,-1.6875019073486328,1.0000762939453125
random_39,-4.0,c006,1.2499628067016602,-0.0619049072265625
random_39,-4.0,c039,-1.4373836517333984,0.6249227523803711
random_39,-4.0,c017,3.6874895095825195,0.25014686584472656
random_39,-4.0,c058,-0.3749980926513672,-0.6875019073486328
random_39,-4.0,c002,2.2499961853027344,-0.12498664855957031
random_39,-4.0,c024,1.0000181198120117,0.12529945373535156
random_39,-4.0,c023,3.124958038330078,1.2499675750732422
random_39,-4.0,c022,0.4374980926513672,0.31249237060546875
random_39,-4.0,c056,1.1874675750732422,-0.4345560073852539
random_39,4.0,c041,1.5616779327392578,-0.6256351470947266
random_39,4.0,c006,1.6240501403808594,-0.8129482269287109
random_39,4.0,c039,0.7499904632568359,-0.5625152587890625
random_39,4.0,c017,5.187427520751953,0.1874561309814453
random_39,4.0,c058,0.8125,0.1875
random_39,4.0,c002,0.062493324279785156,-1.3749914169311523
random_39,4.0,c024,0.6877059936523438,0.6252880096435547
random_39,4.0,c023,1.3118934631347656,-1.0629310607910156
random_39,4.0,c022,2.1258115768432617,-0.5615730285644531
random_39,4.0,c056,-0.02275848388671875,-0.7568950653076172
random_39,4.0,c029,-2.437501907348633,-0.6875028610229492
random_39,4.0,c025,-0.31219959259033203,0.43774986267089844
random_39,4.0,c000,2.3107423782348633,-0.6254634857177734
random_39,4.0,c036,-0.4378623962402344,-1.1874094009399414
random_39,4.0,c020,8.124783515930176,-0.999903678894043
random_39,4.0,c011,3.6873550415039062,-0.75006103515625
random_39,4.0,c003,1.4374914169311523,-0.49991416931152344
random_39,4.0,c045,5.999750137329102,-1.6874752044677734
random_39,4.0,c046,0.06351089477539062,1.06231689453125
random_39,4.0,c044,8.999042510986328,-1.0620956420898438
random_39,4.0,c008,-1.5625019073486328,-0.4375019073486328
random_39,4.0,c049,1.8749980926513672,-2.499998092651367
random_39,4.0,c013,9.874908447265625,-0.3122100830078125
random_39,4.0,c042,2.8123645782470703,-1.0626106262207031
random_39,4.0,c009,-0.3132362365722656,0.24932289123535156
random_39,4.0,c047,0.812347412109375,-0.12476444244384766
random_39,4.0,c050,0.9996204376220703,-0.18690872192382812
random_39,4.0,c043,0.43838024139404297,-0.3114662170410156
random_39,4.0,c016,2.624661445617676,0.12472248077392578
random_39,4.0,c014,2.3749752044677734,0.5624866485595703
random_39,4.0,c041,-3.3751564025878906,-0.6875782012939453
random_39,4.0,c006,0.5618810653686523,-0.7499866485595703
random_39,4.0,c039,-1.9999122619628906,0.062394142150878906
random_39,4.0,c017,3.3123483657836914,-0.12499427795410156
random_39,4.0,c058,0.6875019073486328,0.3749980926513672
random_39,4.0,c002,2.124929428100586,-0.25005340576171875
random_39,4.0,c024,1.2499170303344727,0.3751983642578125
random_39,4.0,c023,1.8123931884765625,-0.06259727478027344
random_39,4.0,c022,-0.3750734329223633,-0.5000791549682617
random_39,4.0,c056,2.056105613708496,0.43408203125
random_40,-1.0,c041,2.3119945526123047,0.12468147277832031
random_40,-1.0,c006,1.9368791580200195,-0.5001192092895508
random_40,-1.0,c039,2.125,0.8124942779541016
random_40,-1.0,c017,5.062358856201172,0.06238746643066406
random_40,-1.0,c058,1.3124980926513672,0.6874980926513672
random_40,-1.0,c002,1.437490463256836,5.7220458984375e-06
random_40,-1.0,c024,-0.06270313262939453,-0.1251211166381836
random_40,-1.0,c023,2.2495927810668945,-0.12523174285888672
random_40,-1.0,c022,3.187161445617676,0.49977684020996094
random_40,-1.0,c056,0.6071662902832031,-0.1269702911376953
random_40,-1.0,c029,-1.4374980926513672,0.3125009536743164
random_40,-1.0,c025,-0.8125181198120117,-0.06256866455078125
random_40,-1.0,c000,2.2488603591918945,-0.6873455047607422
random_40,-1.0,c036,0.749272346496582,-0.000274658203125
random_40,-1.0,c020,8.874712944030762,-0.24997425079345703
random_40,-1.0,c011,4.124955177307129,-0.31246089935302734
random_40,-1.0,c003,1.6874141693115234,-0.24999141693115234
random_40,-1.0,c045,7.936895370483398,0.24967002868652344
random_40,-1.0,c046,-0.7495231628417969,0.2492828369140625
random_40,-1.0,c044,10.122440338134766,0.06130218505859375
random_40,-1.0,c008,-0.8125,0.3125
random_40,-1.0,c049,4.874996185302734,0.5
random_40,-1.0,c013,10.062131881713867,-0.12498664855957031
random_40,-1.0,c042,3.87490177154541,-7.343292236328125e-05
random_40,-1.0,c009,0.24991607666015625,0.8124752044677734
random_40,-1.0,c047,1.1245107650756836,0.18739891052246094
random_40,-1.0,c050,1.1240825653076172,-0.06244659423828125
random_40,-1.0,c043,1.1867570877075195,0.43691062927246094
random_40,-1.0,c016,2.5624217987060547,0.06248283386230469
random_40,-1.0,c014,2.3749961853027344,0.5625076293945312
random_40,-1.0,c041,-2.625032424926758,0.0625457763671875
random_40,-1.0,c006,1.3744878768920898,0.06262016296386719
random_40,-1.0,c039,-1.4999513626098633,0.5623550415039062
random_40,-1.0,c017,3.4373931884765625,5.054473876953125e-05
random_40,-1.0,c058,0.625,0.3124961853027344
random_40,-1.0,c002,2.624972343444824,0.24998950958251953
random_40,-1.0,c024,0.7493066787719727,-0.1254119873046875
random_40,-1.0,c023,1.499847412109375,-0.37514305114746094
random_40,-1.0,c022,-0.1250171661376953,-0.25002288818359375
random_40,-1.0,c056,1.8095388412475586,0.1875152587890625
random_40,1.0,c041,2.3748064041137695,0.18749332427978516
random_40,1.0,c006,2.24935245513916,-0.18764591217041016
random_40,1.0,c039,1.0000181198120117,-0.3124876022338867
random_40,1.0,c017,5.18745231628418,0.18748092651367188
random_40,1.0,c058,0.12499809265136719,-0.5000019073486328
random_40,1.0,c002,1.4375,1.52587890625e-05
random_40,1.0,c024,0.37506771087646484,0.3126497268676758
random_40,1.0,c023,2.6248159408569336,0.24999141693115234
random_40,1.0,c022,2.624940872192383,-0.06244373321533203
random_40,1.0,c056,0.5542945861816406,-0.1798419952392578
random_40,1.0,c029,-2.1249961853027344,-0.3749971389770508
random_40,1.0,c025,-0.31233692169189453,0.43761253356933594
random_40,1.0,c000,3.124678611755371,0.18847274780273438
random_40,1.0,c036,0.18721675872802734,-0.5623302459716797
random_40,1.0,c020,8.499724388122559,-0.6249628067016602
random_40,1.0,c011,4.749931335449219,0.3125152587890625
random_40,1.0,c003,1.8124160766601562,-0.12498950958251953
random_40,1.0,c045,7.5622053146362305,-0.12502002716064453
random_40,1.0,c046,-0.6866235733032227,0.3121824264526367
random_40,1.0,c044,9.623760223388672,-0.4373779296875
random_40,1.0,c008,-2.0,-0.875
random_40,1.0,c049,4.062494277954102,-0.3125019073486328
random_40,1.0,c013,9.436949729919434,-0.7501688003540039
random_40,1.0,c042,3.8124637603759766,-0.06251144409179688
random_40,1.0,c009,-0.9375677108764648,-0.37500858306884766
random_40,1.0,c047,1.0619478225708008,0.12483596801757812
random_40,1.0,c050,0.9995689392089844,-0.18696022033691406
random_40,1.0,c043,0.6876344680786133,-0.06221199035644531
random_40,1.0,c016,2.062464714050293,-0.43747425079345703
random_40,1.0,c014,1.8124961853027344,7.62939453125e-06
random_40,1.0,c041,-2.6875343322753906,4.38690185546875e-05
random_40,1.0,c006,1.0621519088745117,-0.24971580505371094
random_40,1.0,c039,-2.874577522277832,-0.8122711181640625
random_40,1.0,c017,3.3124732971191406,-0.12486934661865234
random_40,1.0,c058,-0.12499618530273438,-0.4375
random_40,1.0,c002,2.499979019165039,0.12499618530273438
random_40,1.0,c024,0.9999752044677734,0.12525653839111328
random_40,1.0,c023,2.312429428100586,0.43743896484375
random_40,1.0,c022,-0.12497615814208984,-0.24998188018798828
random_40,1.0,c056,1.9990177154541016,0.37699413299560547
random_40,-4.0,c041,2.0615768432617188,-0.12573623657226562
random_40,-4.0,c006,1.06182861328125,-1.3751697540283203
random_40,-4.0,c039,2.4374732971191406,1.1249675750732422
random_40,-4.0,c017,4.312448501586914,-0.6875228881835938
random_40,-4.0,c058,2.687498092651367,2.062498092651367
random_40,-4.0,c002,1.8749704360961914,0.4374856948852539
random_40,-4.0,c024,-0.43804454803466797,-0.500462532043457
random_40,-4.0,c023,2.31229305267334,-0.0625314712524414
random_40,-4.0,c022,2.936701774597168,0.24931716918945312
random_40,-4.0,c056,1.5478019714355469,0.8136653900146484
random_40,-4.0,c029,-0.25001049041748047,1.4999885559082031
random_40,-4.0,c025,-0.8755340576171875,-0.12558460235595703
random_40,-4.0,c000,1.6865968704223633,-1.2496089935302734
random_40,-4.0,c036,1.7481508255004883,0.9986038208007812
random_40,-4.0,c020,9.37401008605957,0.24932289123535156
random_40,-4.0,c011,2.749958038330078,-1.6874580383300781
random_40,-4.0,c003,1.6874513626098633,-0.2499542236328125
random_40,-4.0,c045,8.561563491821289,0.8743381500244141
random_40,-4.0,c046,0.18108844757080078,1.1798944473266602
random_40,-4.0,c044,10.747809410095215,0.686671257019043
random_40,-4.0,c008,1.25,2.375
random_40,-4.0,c049,6.062494277954102,1.6874980926513672
random_40,-4.0,c013,10.374593734741211,0.18747520446777344
random_40,-4.0,c042,3.3745899200439453,-0.5003852844238281
random_40,-4.0,c009,1.0622406005859375,1.6247997283935547
random_40,-4.0,c047,1.4371280670166016,0.5000162124633789
random_40,-4.0,c050,0.8105382919311523,-0.3759908676147461
random_40,-4.0,c043,1.6204633712768555,0.8706169128417969
random_40,-4.0,c016,2.56243896484375,0.0625
random_40,-4.0,c014,2.6874866485595703,0.8749980926513672
random_40,-4.0,c041,-1.500157356262207,1.1874208450317383
random_40,-4.0,c006,1.3121881484985352,0.0003204345703125
random_40,-4.0,c039,0.24975872039794922,2.3120651245117188
random_40,-4.0,c017,3.4999027252197266,0.0625600814819336
random_40,-4.0,c058,1.6250019073486328,1.3124980926513672
random_40,-4.0,c002,3.187464714050293,0.8124818801879883
random_40,-4.0,c024,0.37355995178222656,-0.5011587142944336
random_40,-4.0,c023,1.374903678894043,-0.500086784362793
random_40,-4.0,c022,-5.7220458984375e-05,-0.1250629425048828
random_40,-4.0,c056,2.9331579208374023,1.3111343383789062
random_40,4.0,c041,1.0626296997070312,-1.1246833801269531
random_40,4.0,c006,2.7495737075805664,0.3125753402709961
random_40,4.0,c039,-0.3748302459716797,-1.6873359680175781
random_40,4.0,c017,3.5625152587890625,-1.4374561309814453
random_40,4.0,c058,-1.562490463256836,-2.187490463256836
random_40,4.0,c002,0.3750181198120117,-1.0624666213989258
random_40,4.0,c024,-0.062455177307128906,-0.12487316131591797
random_40,4.0,c023,1.7501335144042969,-0.6246910095214844
random_40,4.0,c022,1.5626773834228516,-1.1247072219848633
random_40,4.0,c056,0.37535667419433594,-0.3587799072265625
random_40,4.0,c029,-1.9999589920043945,-0.24995994567871094
random_40,4.0,c025,0.2501869201660156,1.000136375427246
random_40,4.0,c000,2.9998998641967773,0.06369400024414062
random_40,4.0,c036,-0.8125324249267578,-1.5620794296264648
random_40,4.0,c020,8.187307357788086,-0.9373798370361328
random_40,4.0,c011,4.18751335144043,-0.24990272521972656
random_40,4.0,c003,0.6877155303955078,-1.249690055847168
random_40,4.0,c045,6.937289237976074,-0.7499361038208008
random_40,4.0,c046,-0.6852273941040039,0.31357860565185547
random_40,4.0,c044,9.249043464660645,-0.8120946884155273
random_40,4.0,c008,-3.249998092651367,-2.124998092651367
random_40,4.0,c049,2.3124961853027344,-2.0625
random_40,4.0,c013,9.124249458312988,-1.0628690719604492
random_40,4.0,c042,2.937466621398926,-0.9375085830688477
random_40,4.0,c009,-2.68752384185791,-2.124964714050293
random_40,4.0,c047,0.062427520751953125,-0.8746843338012695
random_40,4.0,c050,1.0003137588500977,-0.18621540069580078
random_40,4.0,c043,0.43734169006347656,-0.31250476837158203
random_40,4.0,c016,1.1250667572021484,-1.3748722076416016
random_40,4.0,c014,1.3750009536743164,-0.4374876022338867
random_40,4.0,c041,-2.5000877380371094,0.18749046325683594
random_40,4.0,c006,0.7498664855957031,-0.5620012283325195
random_40,4.0,c039,-3.498626708984375,-1.4363203048706055
random_40,4.0,c017,2.812495231628418,-0.624847412109375
random_40,4.0,c058,-0.5624914169311523,-0.874995231628418
random_40,4.0,c002,0.8750228881835938,-1.499959945678711
random_40,4.0,c024,2.1250152587890625,1.2502965927124023
random_40,4.0,c023,2.687760353088379,0.812769889831543
random_40,4.0,c022,0.12504005432128906,3.4332275390625e-05
random_40,4.0,c056,1.1873970031738281,-0.43462657928466797
random_41,-1.0,c041,2.3124313354492188,0.12511825561523438
random_41,-1.0,c006,2.249540328979492,-0.18745803833007812
random_41,-1.0,c039,1.6875028610229492,0.3749971389770508
random_41,-1.0,c017,5.499897003173828,0.4999256134033203
random_41,-1.0,c058,1.0,0.375
random_41,-1.0,c002,1.937490463256836,0.5000057220458984
random_41,-1.0,c024,0.37493896484375,0.31252098083496094
random_41,-1.0,c023,2.8748779296875,0.5000534057617188
random_41,-1.0,c022,3.2496681213378906,0.5622835159301758
random_41,-1.0,c056,0.491943359375,-0.24219322204589844
random_41,-1.0,c029,-1.8749980926513672,-0.1249990463256836
random_41,-1.0,c025,-0.4999876022338867,0.24996185302734375
random_41,-1.0,c000,2.7494325637817383,-0.18677330017089844
random_41,-1.0,c036,0.4369363784790039,-0.3126106262207031
random_41,-1.0,c020,8.937301635742188,-0.18738555908203125
random_41,-1.0,c011,4.4999542236328125,0.06253814697265625
random_41,-1.0,c003,1.9998855590820312,0.06247997283935547
random_41,-1.0,c045,7.937394142150879,0.2501688003540039
random_41,-1.0,c046,-0.9996852874755859,-0.0008792877197265625
random_41,-1.0,c044,9.999103546142578,-0.06203460693359375
random_41,-1.0,c008,-1.625,-0.5
random_41,-1.0,c049,4.749998092651367,0.3750019073486328
random_41,-1.0,c013,10.37476921081543,0.1876506805419922
random_41,-1.0,c042,3.749969482421875,-0.12500572204589844
random_41,-1.0,c009,-0.6875391006469727,-0.12497997283935547
random_41,-1.0,c047,1.1245975494384766,0.1874856948852539
random_41,-1.0,c050,1.124420166015625,-0.06210899353027344
random_41,-1.0,c043,0.9374313354492188,0.18758487701416016
random_41,-1.0,c016,2.624979019165039,0.12504005432128906
random_41,-1.0,c014,1.8124990463256836,1.049041748046875e-05
random_41,-1.0,c041,-3.3750038146972656,-0.6874256134033203
random_41,-1.0,c006,1.1245965957641602,-0.1872711181640625
random_41,-1.0,c039,-2.2499475479125977,-0.18764114379882812
random_41,-1.0,c017,4.124959945678711,0.687617301940918
random_41,-1.0,c058,0.5,0.18749618530273438
random_41,-1.0,c002,2.687479019165039,0.3124961853027344
random_41,-1.0,c024,0.8748626708984375,0.00014400482177734375
random_41,-1.0,c023,2.1874866485595703,0.3124961853027344
random_41,-1.0,c022,-0.5000019073486328,-0.6250076293945312
random_41,-1.0,c056,1.6867942810058594,0.06477069854736328
random_41,1.0,c041,2.7494497299194336,0.5621366500854492
random_41,1.0,c006,2.248584747314453,-0.1884136199951172
random_41,1.0,c039,1.7500200271606445,0.4375143051147461
random_41,1.0,c017,4.749910354614258,-0.25006103515625
random_41,1.0,c058,0.6249980926513672,-1.9073486328125e-06
random_41,1.0,c002,1.4999828338623047,0.06249809265136719
random_41,1.0,c024,0.12473678588867188,0.06231880187988281
random_41,1.0,c023,2.06192684173584,-0.3128976821899414
random_41,1.0,c022,2.6249189376831055,-0.062465667724609375
random_41,1.0,c056,0.2898979187011719,-0.44423866271972656
random_41,1.0,c029,-1.8749933242797852,-0.12499427795410156
random_41,1.0,c025,-0.4997825622558594,0.2501668930053711
random_41,1.0,c000,2.3742294311523438,-0.561976432800293
random_41,1.0,c036,0.49915218353271484,-0.2503948211669922
random_41,1.0,c020,8.686992645263672,-0.4376945495605469
random_41,1.0,c011,4.062416076660156,-0.375
random_41,1.0,c003,1.5000133514404297,-0.4373922348022461
random_41,1.0,c045,7.185881614685059,-0.5013437271118164
random_41,1.0,c046,-0.6816806793212891,0.3171253204345703
random_41,1.0,c044,8.870357513427734,-1.1907806396484375
random_41,1.0,c008,-0.9375,0.1875
random_41,1.0,c049,4.187496185302734,-0.1875
random_41,1.0,c013,9.249002456665039,-0.9381160736083984
random_41,1.0,c042,3.187392234802246,-0.6875829696655273
random_41,1.0,c009,-0.3750724792480469,0.1874866485595703
random_41,1.0,c047,0.8735847473144531,-0.06352710723876953
random_41,1.0,c050,0.9984655380249023,-0.1880636215209961
random_41,1.0,c043,0.37448692321777344,-0.37535953521728516
random_41,1.0,c016,2.4374561309814453,-0.06248283386230469
random_41,1.0,c014,1.9999914169311523,0.18750286102294922
random_41,1.0,c041,-2.3749780654907227,0.31260013580322266
random_41,1.0,c006,1.1869316101074219,-0.12493610382080078
random_41,1.0,c039,-1.8120527267456055,0.25025367736816406
random_41,1.0,c017,3.124810218811035,-0.3125324249267578
random_41,1.0,c058,0.3125019073486328,-1.9073486328125e-06
random_41,1.0,c002,2.1874217987060547,-0.18756103515625
random_41,1.0,c024,1.1248903274536133,0.2501716613769531
random_41,1.0,c023,1.999704360961914,0.12471389770507812
random_41,1.0,c022,-1.71661376953125e-05,-0.12502288818359375
random_41,1.0,c056,1.8067607879638672,0.1847372055053711
random_41,-4.0,c041,2.437471389770508,0.25015830993652344
random_41,-4.0,c006,2.1249523162841797,-0.3120460510253906
random_41,-4.0,c039,1.125,-0.18750572204589844
random_41,-4.0,c017,5.999961853027344,0.9999904632568359
random_41,-4.0,c058,1.875,1.25
random_41,-4.0,c002,2.062490463256836,0.6250057220458984
random_41,-4.0,c024,0.4999847412109375,0.43756675720214844
random_41,-4.0,c023,3.8124380111694336,1.4376134872436523
random_41,-4.0,c022,3.499783515930176,0.8123989105224609
random_41,-4.0,c056,0.5610170364379883,-0.17311954498291016
random_41,-4.0,c029,-1.75,-9.5367431640625e-07
random_41,-4.0,c025,-0.06252193450927734,0.6874275207519531
random_41,-4.0,c000,2.937350273132324,0.0011444091796875
random_41,-4.0,c036,0.3124113082885742,-0.4371356964111328
random_41,-4.0,c020,10.249968528747559,1.1252813339233398
random_41,-4.0,c011,4.624958038330078,0.18754196166992188
random_41,-4.0,c003,1.7499637603759766,-0.18744182586669922
random_41,-4.0,c045,9.124966621398926,1.4377412796020508
random_41,-4.0,c046,-0.5000314712524414,0.49877452850341797
random_41,-4.0,c044,11.624847412109375,1.5637092590332031
random_41,-4.0,c008,-2.0,-0.875
random_41,-4.0,c049,5.312496185302734,0.9375
random_41,-4.0,c013,11.374972343444824,1.1878538131713867
random_41,-4.0,c042,4.374990463256836,0.5000152587890625
random_41,-4.0,c009,-0.8750057220458984,-0.31244659423828125
random_41,-4.0,c047,1.812459945678711,0.8753480911254883
random_41,-4.0,c050,2.3749780654907227,1.1884489059448242
random_41,-4.0,c043,0.9999275207519531,0.25008106231689453
random_41,-4.0,c016,1.8749666213989258,-0.6249723434448242
random_41,-4.0,c014,1.1874942779541016,-0.6249942779541016
random_41,-4.0,c041,-3.4375,-0.7499217987060547
random_41,-4.0,c006,0.1248922348022461,-1.1869754791259766
random_41,-4.0,c039,-2.937502861022949,-0.8751964569091797
random_41,-4.0,c017,5.187477111816406,1.7501344680786133
random_41,-4.0,c058,1.25,0.9374961853027344
random_41,-4.0,c002,3.1249914169311523,0.7500085830688477
random_41,-4.0,c024,2.1873931884765625,1.3126745223999023
random_41,-4.0,c023,2.1249818801879883,0.24999141693115234
random_41,-4.0,c022,-0.06250476837158203,-0.18751049041748047
random_41,-4.0,c056,2.124953269958496,0.5029296875
random_41,4.0,c041,1.9950275421142578,-0.19228553771972656
random_41,4.0,c006,2.1806936264038086,-0.2563047409057617
random_41,4.0,c039,0.8128538131713867,-0.4996519088745117
random_41,4.0,c017,3.1245250701904297,-1.8754463195800781
random_41,4.0,c058,0.4999961853027344,-0.12500381469726562
random_41,4.0,c002,0.1876668930053711,-1.2498178482055664
random_41,4.0,c024,0.5586118698120117,0.49619388580322266
random_41,4.0,c023,0.11024665832519531,-2.264577865600586
random_41,4.0,c022,1.9989967346191406,-0.6883878707885742
random_41,4.0,c056,0.03793621063232422,-0.6962003707885742
random_41,4.0,c029,-1.749929428100586,6.961822509765625e-05
random_41,4.0,c025,-0.4941368103027344,0.2558126449584961
random_41,4.0,c000,1.6825151443481445,-1.2536907196044922
random_41,4.0,c036,0.059380531311035156,-0.6901664733886719
random_41,4.0,c020,7.308667182922363,-1.8160200119018555
random_41,4.0,c011,2.999852180480957,-1.4375638961791992
random_41,4.0,c003,1.1225910186767578,-0.814814567565918
random_41,4.0,c045,6.305540084838867,-1.3816852569580078
random_41,4.0,c046,-0.021750450134277344,0.977055549621582
random_41,4.0,c044,8.233933448791504,-1.827204704284668
random_41,4.0,c008,-0.7500019073486328,0.3749980926513672
random_41,4.0,c049,3.6249923706054688,-0.7500038146972656
random_41,4.0,c013,7.3724775314331055,-2.814640998840332
random_41,4.0,c042,2.1859283447265625,-1.689046859741211
random_41,4.0,c009,-0.2502155303955078,0.3123435974121094
random_41,4.0,c047,0.5873231887817383,-0.3497886657714844
random_41,4.0,c050,0.8501882553100586,-0.33634090423583984
random_41,4.0,c043,0.21153640747070312,-0.5383100509643555
random_41,4.0,c016,1.7491302490234375,-0.7508087158203125
random_41,4.0,c014,2.624021530151367,0.8115329742431641
random_41,4.0,c041,-1.072408676147461,1.6151695251464844
random_41,4.0,c006,0.9971227645874023,-0.3147449493408203
random_41,4.0,c039,-1.6310739517211914,0.4312324523925781
random_41,4.0,c017,1.8100872039794922,-1.6272554397583008
random_41,4.0,c058,0.37500476837158203,0.0625009536743164
random_41,4.0,c002,0.8103694915771484,-1.5646133422851562
random_41,4.0,c024,0.8722782135009766,-0.0024404525756835938
random_41,4.0,c023,1.120713233947754,-0.754277229309082
random_41,4.0,c022,0.37418365478515625,0.2491779327392578
random_41,4.0,c056,1.8084774017333984,0.18645381927490234
random_42,-1.0,c041,2.6244688034057617,0.43715572357177734
random_42,-1.0,c006,2.748655319213867,0.3116569519042969
random_42,-1.0,c039,1.9999990463256836,0.6874933242797852
random_42,-1.0,c017,5.812232971191406,0.8122615814208984
random_42,-1.0,c058,1.1249980926513672,0.4999980926513672
random_42,-1.0,c002,1.9999732971191406,0.5624885559082031
random_42,-1.0,c024,0.2497425079345703,0.18732452392578125
random_42,-1.0,c023,3.1244144439697266,0.7495899200439453
random_42,-1.0,c022,3.187225341796875,0.49984073638916016
random_42,-1.0,c056,0.3665456771850586,-0.36759090423583984
random_42,-1.0,c029,-1.9999971389770508,-0.2499980926513672
random_42,-1.0,c025,-0.3750123977661133,0.3749370574951172
random_42,-1.0,c000,3.310056686401367,0.37385082244873047
random_42,-1.0,c036,0.8116493225097656,0.062102317810058594
random_42,-1.0,c020,9.374405860900879,0.24971866607666016
random_42,-1.0,c011,5.499812126159668,1.0623960494995117
random_42,-1.0,c003,2.0623912811279297,0.1249856948852539
random_42,-1.0,c045,8.37435245513916,0.6871271133422852
random_42,-1.0,c046,-0.622462272644043,0.3763437271118164
random_42,-1.0,c044,10.309033393859863,0.2478952407836914
random_42,-1.0,c008,-1.1875,-0.0625
random_42,-1.0,c049,4.624994277954102,0.2499980926513672
random_42,-1.0,c013,10.249213218688965,0.062094688415527344
random_42,-1.0,c042,4.562374114990234,0.6873989105224609
random_42,-1.0,c009,0.06242179870605469,0.6249809265136719
random_42,-1.0,c047,1.6856689453125,0.7485570907592773
random_42,-1.0,c050,1.4982843399047852,0.3117551803588867
random_42,-1.0,c043,1.374131202697754,0.6242847442626953
random_42,-1.0,c016,2.624972343444824,0.12503337860107422
random_42,-1.0,c014,2.6249876022338867,0.8124990463256836
random_42,-1.0,c041,-2.7500438690185547,-0.062465667724609375
random_42,-1.0,c006,1.4991998672485352,0.1873321533203125
random_42,-1.0,c039,-2.124605178833008,-0.06229877471923828
random_42,-1.0,c017,3.8747663497924805,0.4374237060546875
random_42,-1.0,c058,0.5000019073486328,0.1874980926513672
random_42,-1.0,c002,3.4374189376831055,1.0624361038208008
random_42,-1.0,c024,1.4992713928222656,0.6245527267456055
random_42,-1.0,c023,2.3748912811279297,0.49990081787109375
random_42,-1.0,c022,-0.12497615814208984,-0.24998188018798828
random_42,-1.0,c056,2.7440624237060547,1.1220388412475586
random_42,1.0,c041,1.7499265670776367,-0.43738651275634766
random_42,1.0,c006,1.8122072219848633,-0.624791145324707
random_42,1.0,c039,1.3124942779541016,-1.1444091796875e-05
random_42,1.0,c017,4.562490463256836,-0.4374809265136719
random_42,1.0,c058,0.375,-0.25
random_42,1.0,c002,0.9999971389770508,-0.4374876022338867
random_42,1.0,c024,0.12497711181640625,0.06255912780761719
random_42,1.0,c023,1.9998416900634766,-0.3749828338623047
random_42,1.0,c022,1.999882698059082,-0.6875019073486328
random_42,1.0,c056,0.058922767639160156,-0.6752138137817383
random_42,1.0,c029,-2.0624961853027344,-0.3124971389770508
random_42,1.0,c025,-0.6875028610229492,0.06244659423828125
random_42,1.0,c000,2.312204360961914,-0.6240015029907227
random_42,1.0,c036,0.4997129440307617,-0.2498340606689453
random_42,1.0,c020,8.49976634979248,-0.6249208450317383
random_42,1.0,c011,3.6249866485595703,-0.8124294281005859
random_42,1.0,c003,1.5624475479125977,-0.3749580383300781
random_42,1.0,c045,7.249634742736816,-0.4375905990600586
random_42,1.0,c046,-0.6875438690185547,0.3112621307373047
random_42,1.0,c044,8.936981201171875,-1.1241569519042969
random_42,1.0,c008,-1.5,-0.375
random_42,1.0,c049,4.312498092651367,-0.06249809265136719
random_42,1.0,c013,9.624628067016602,-0.5624904632568359
random_42,1.0,c042,3.3124866485595703,-0.5624885559082031
random_42,1.0,c009,-0.562525749206543,3.337860107421875e-05
random_42,1.0,c047,0.4996814727783203,-0.43743038177490234
random_42,1.0,c050,0.8123340606689453,-0.3741950988769531
random_42,1.0,c043,0.7498903274536133,4.38690185546875e-05
random_42,1.0,c016,2.1874828338623047,-0.3124561309814453
random_42,1.0,c014,1.4374971389770508,-0.37499141693115234
random_42,1.0,c041,-2.5000076293945312,0.18757057189941406
random_42,1.0,c006,0.87469482421875,-0.43717288970947266
random_42,1.0,c039,-2.4373207092285156,-0.3750143051147461
random_42,1.0,c017,2.937440872192383,-0.49990177154541016
random_42,1.0,c058,3.814697265625e-06,-0.3125
random_42,1.0,c002,1.9374752044677734,-0.43750762939453125
random_42,1.0,c024,0.5624380111694336,-0.31228065490722656
random_42,1.0,c023,1.9374580383300781,0.06246757507324219
random_42,1.0,c022,-0.06250572204589844,-0.18751144409179688
random_42,1.0,c056,1.6246213912963867,0.002597808837890625
random_42,-4.0,c041,4.508149147033691,2.320836067199707
random_42,-4.0,c006,4.313040733337402,1.876042366027832
random_42,-4.0,c039,3.562464714050293,2.2499589920043945
random_42,-4.0,c017,6.998135566711426,1.998164176940918
random_42,-4.0,c058,0.7499847412109375,0.1249847412109375
random_42,-4.0,c002,3.6249313354492188,2.1874465942382812
random_42,-4.0,c024,0.7484350204467773,0.6860170364379883
random_42,-4.0,c023,4.374000549316406,1.999176025390625
random_42,-4.0,c022,4.618466377258301,1.931081771850586
random_42,-4.0,c056,1.873983383178711,1.1398468017578125
random_42,-4.0,c029,-1.7499933242797852,5.7220458984375e-06
random_42,-4.0,c025,0.311920166015625,1.0618696212768555
random_42,-4.0,c000,4.875331878662109,1.9391260147094727
random_42,-4.0,c036,1.3661231994628906,0.6165761947631836
random_42,-4.0,c020,10.560812950134277,1.4361257553100586
random_42,-4.0,c011,6.748668670654297,2.3112525939941406
random_42,-4.0,c003,2.3736753463745117,0.43626976013183594
random_42,-4.0,c045,9.872720718383789,2.185495376586914
random_42,-4.0,c046,-0.38227176666259766,0.6165342330932617
random_42,-4.0,c044,11.7753324508667,1.7141942977905273
random_42,-4.0,c008,-0.5000019073486328,0.6249980926513672
random_42,-4.0,c049,5.3124542236328125,0.9374580383300781
random_42,-4.0,c013,11.053199768066406,0.8660812377929688
random_42,-4.0,c042,5.748556137084961,1.8735809326171875
random_42,-4.0,c009,0.4366798400878906,0.9992389678955078
random_42,-4.0,c047,2.0474042892456055,1.1102924346923828
random_42,-4.0,c050,2.020771026611328,0.8342418670654297
random_42,-4.0,c043,2.5443477630615234,1.7945013046264648
random_42,-4.0,c016,3.061931610107422,0.5619926452636719
random_42,-4.0,c014,3.9373559951782227,2.1248674392700195
random_42,-4.0,c041,-2.0685529708862305,0.6190252304077148
random_42,-4.0,c006,3.3132476806640625,2.00137996673584
random_42,-4.0,c039,-0.5619430541992188,1.5003633499145508
random_42,-4.0,c017,5.497747421264648,2.0604047775268555
random_42,-4.0,c058,-0.3750019073486328,-0.6875057220458984
random_42,-4.0,c002,3.6871042251586914,1.3121213912963867
random_42,-4.0,c024,2.9922266006469727,2.1175079345703125
random_42,-4.0,c023,2.62387752532959,0.7488870620727539
random_42,-4.0,c022,0.5619344711303711,0.43692874908447266
random_42,-4.0,c056,3.921114921569824,2.299091339111328
random_42,4.0,c041,0.812504768371582,-1.3748083114624023
random_42,4.0,c006,0.6874217987060547,-1.7495765686035156
random_42,4.0,c039,0.375,-0.9375057220458984
random_42,4.0,c017,3.0625038146972656,-1.9374675750732422
random_42,4.0,c058,-0.7500019073486328,-1.3750019073486328
random_42,4.0,c002,0.3750295639038086,-1.062455177307129
random_42,4.0,c024,0.4374055862426758,0.3749876022338867
random_42,4.0,c023,0.8749761581420898,-1.4998483657836914
random_42,4.0,c022,1.1874752044677734,-1.4999094009399414
random_42,4.0,c056,0.06193351745605469,-0.6722030639648438
random_42,4.0,c029,-1.8749961853027344,-0.12499713897705078
random_42,4.0,c025,-0.24978351593017578,0.5001659393310547
random_42,4.0,c000,0.8123960494995117,-2.123809814453125
random_42,4.0,c036,-0.1250314712524414,-0.8745784759521484
random_42,4.0,c020,6.937390327453613,-2.1872968673706055
random_42,4.0,c011,1.6250057220458984,-2.812410354614258
random_42,4.0,c003,0.06249427795410156,-1.8749113082885742
random_42,4.0,c045,5.937288284301758,-1.7499370574951172
random_42,4.0,c046,-0.12486839294433594,0.8739376068115234
random_42,4.0,c044,7.812334060668945,-2.2488040924072266
random_42,4.0,c008,-2.0,-0.875
random_42,4.0,c049,3.249998092651367,-1.1249980926513672
random_42,4.0,c013,8.562353134155273,-1.624765396118164
random_42,4.0,c042,1.6249895095825195,-2.249985694885254
random_42,4.0,c009,-1.7500066757202148,-1.1874475479125977
random_42,4.0,c047,-0.25005626678466797,-1.1871681213378906
random_42,4.0,c050,0.43745899200439453,-0.7490701675415039
random_42,4.0,c043,-0.31253528594970703,-1.0623817443847656
random_42,4.0,c016,1.8124942779541016,-0.6874446868896484
random_42,4.0,c014,1.9073486328125e-05,-1.812469482421875
random_42,4.0,c041,-1.3750066757202148,1.3125715255737305
random_42,4.0,c006,0.1874246597290039,-1.1244430541992188
random_42,4.0,c039,-2.6249847412109375,-0.562678337097168
random_42,4.0,c017,1.6874799728393555,-1.7498626708984375
random_42,4.0,c058,-0.1874980926513672,-0.5000019073486328
random_42,4.0,c002,1.1875019073486328,-1.1874809265136719
random_42,4.0,c024,0.31252193450927734,-0.5621967315673828
random_42,4.0,c023,2.3125247955322266,0.4375343322753906
random_42,4.0,c022,0.12501907348632812,1.33514404296875e-05
random_42,4.0,c056,0.6873989105224609,-0.9346246719360352
random_43,-1.0,c041,2.499842643737793,0.3125295639038086
random_43,-1.0,c006,2.2490711212158203,-0.18792724609375
random_43,-1.0,c039,1.3125028610229492,-2.86102294921875e-06
random_43,-1.0,c017,5.124934196472168,0.12496280670166016
random_43,-1.0,c058,0.875,0.25
random_43,-1.0,c002,1.6250019073486328,0.1875171661376953
random_43,-1.0,c024,0.18746089935302734,0.12504291534423828
random_43,-1.0,c023,2.499577522277832,0.12475299835205078
random_43,-1.0,c022,2.499898910522461,-0.1874856948852539
random_43,-1.0,c056,0.604649543762207,-0.1294870376586914
random_43,-1.0,c029,-1.9999980926513672,-0.2499990463256836
random_43,-1.0,c025,-0.5624685287475586,0.18748092651367188
random_43,-1.0,c000,2.4364185333251953,-0.4997873306274414
random_43,-1.0,c036,0.5621738433837891,-0.18737316131591797
random_43,-1.0,c020,8.8744478225708,-0.25023937225341797
random_43,-1.0,c011,4.437459945678711,4.38690185546875e-05
random_43,-1.0,c003,1.6248579025268555,-0.3125476837158203
random_43,-1.0,c045,7.7494096755981445,0.06218433380126953
random_43,-1.0,c046,-0.8109884262084961,0.18781757354736328
random_43,-1.0,c044,9.685611724853516,-0.37552642822265625
random_43,-1.0,c008,-1.8125,-0.6875
random_43,-1.0,c049,4.437496185302734,0.0625
random_43,-1.0,c013,9.812212944030762,-0.3749055862426758
random_43,-1.0,c042,3.5624160766601562,-0.3125591278076172
random_43,-1.0,c009,-0.7500314712524414,-0.18747234344482422
random_43,-1.0,c047,0.8121356964111328,-0.12497615814208984
random_43,-1.0,c050,1.3120307922363281,0.1255016326904297
random_43,-1.0,c043,0.3738842010498047,-0.3759622573852539
random_43,-1.0,c016,2.1250038146972656,-0.3749351501464844
random_43,-1.0,c014,1.8124885559082031,0.0
random_43,-1.0,c041,-2.5625667572021484,0.12501144409179688
random_43,-1.0,c006,1.374502182006836,0.06263446807861328
random_43,-1.0,c039,-1.437387466430664,0.6249189376831055
random_43,-1.0,c017,3.562427520751953,0.12508487701416016
random_43,-1.0,c058,0.6875019073486328,0.3749980926513672
random_43,-1.0,c002,1.9374637603759766,-0.4375190734863281
random_43,-1.0,c024,0.7497501373291016,-0.1249685287475586
random_43,-1.0,c023,2.312480926513672,0.43749046325683594
random_43,-1.0,c022,-0.18747806549072266,-0.3124837875366211
random_43,-1.0,c056,1.809727668762207,0.18770408630371094
random_43,1.0,c041,2.2497549057006836,0.06244182586669922
random_43,1.0,c006,2.3120546340942383,-0.12494373321533203
random_43,1.0,c039,1.6875057220458984,0.375
random_43,1.0,c017,5.249897003173828,0.2499256134033203
random_43,1.0,c058,0.8749961853027344,0.24999618530273438
random_43,1.0,c002,1.437504768371582,2.002716064453125e-05
random_43,1.0,c024,0.1250009536743164,0.06258296966552734
random_43,1.0,c023,2.4998655319213867,0.12504100799560547
random_43,1.0,c022,3.0623855590820312,0.3750009536743164
random_43,1.0,c056,0.4914731979370117,-0.24266338348388672
random_43,1.0,c029,-1.875,-0.1250009536743164
random_43,1.0,c025,-0.24986648559570312,0.5000829696655273
random_43,1.0,c000,2.999380111694336,0.06317424774169922
random_43,1.0,c036,0.12475776672363281,-0.6247892379760742
random_43,1.0,c020,8.687332153320312,-0.43735504150390625
random_43,1.0,c011,4.687457084655762,0.25004100799560547
random_43,1.0,c003,1.8124017715454102,-0.12500381469726562
random_43,1.0,c045,7.4371442794799805,-0.25008106231689453
random_43,1.0,c046,-0.8116817474365234,0.18712425231933594
random_43,1.0,c044,9.623441696166992,-0.4376964569091797
random_43,1.0,c008,-0.625,0.5
random_43,1.0,c049,3.8125,-0.5624961853027344
random_43,1.0,c013,9.687017440795898,-0.5001010894775391
random_43,1.0,c042,3.999876022338867,0.12490081787109375
random_43,1.0,c009,-0.37510013580322266,0.18745899200439453
random_43,1.0,c047,1.3111801147460938,0.3740682601928711
random_43,1.0,c050,1.061722755432129,-0.12480640411376953
random_43,1.0,c043,1.125173568725586,0.37532711029052734
random_43,1.0,c016,2.6249656677246094,0.12502670288085938
random_43,1.0,c014,1.8749713897705078,0.06248283386230469
random_43,1.0,c041,-3.000009536743164,-0.31243133544921875
random_43,1.0,c006,1.3118896484375,2.193450927734375e-05
random_43,1.0,c039,-2.062161445617676,0.00014495849609375
random_43,1.0,c017,3.3124074935913086,-0.12493515014648438
random_43,1.0,c058,-0.1875,-0.5000038146972656
random_43,1.0,c002,2.499964714050293,0.12498188018798828
random_43,1.0,c024,0.749786376953125,-0.12493228912353516
random_43,1.0,c023,1.6874780654907227,-0.18751239776611328
random_43,1.0,c022,0.0,-0.12500572204589844
random_43,1.0,c056,1.8106718063354492,0.18864822387695312
random_43,-4.0,c041,2.687432289123535,0.5001192092895508
random_43,-4.0,c006,2.187368392944336,-0.24962997436523438
random_43,-4.0,c039,0.6875038146972656,-0.6250019073486328
random_43,-4.0,c017,5.312483787536621,0.3125123977661133
random_43,-4.0,c058,0.875,0.25
random_43,-4.0,c002,1.812485694885254,0.3750009536743164
random_43,-4.0,c024,0.49995899200439453,0.43754100799560547
random_43,-4.0,c023,2.124985694885254,-0.24983882904052734
random_43,-4.0,c022,2.8748369216918945,0.1874523162841797
random_43,-4.0,c056,0.9987812042236328,0.2646446228027344
random_43,-4.0,c029,-1.3124961853027344,0.4375028610229492
random_43,-4.0,c025,-0.5624599456787109,0.18748950958251953
random_43,-4.0,c000,2.1873979568481445,-0.7488079071044922
random_43,-4.0,c036,0.9998397827148438,0.2502927780151367
random_43,-4.0,c020,8.812146186828613,-0.31254100799560547
random_43,-4.0,c011,3.437467575073242,-0.9999485015869141
random_43,-4.0,c003,0.8750247955322266,-1.0623807907104492
random_43,-4.0,c045,7.812394142150879,0.1251688003540039
random_43,-4.0,c046,-0.31235599517822266,0.6864500045776367
random_43,-4.0,c044,8.937051773071289,-1.1240863800048828
random_43,-4.0,c008,-1.375,-0.25
random_43,-4.0,c049,4.75,0.3750038146972656
random_43,-4.0,c013,11.74980354309082,1.5626850128173828
random_43,-4.0,c042,1.9374771118164062,-1.9374980926513672
random_43,-4.0,c009,-1.7500038146972656,-1.1874446868896484
random_43,-4.0,c047,0.3750019073486328,-0.5621099472045898
random_43,-4.0,c050,1.5624275207519531,0.3758983612060547
random_43,-4.0,c043,-0.0626382827758789,-0.8124847412109375
random_43,-4.0,c016,1.5624113082885742,-0.9375276565551758
random_43,-4.0,c014,1.0624980926513672,-0.7499904632568359
random_43,-4.0,c041,-1.4374914169311523,1.250086784362793
random_43,-4.0,c006,1.2499160766601562,-0.061951637268066406
random_43,-4.0,c039,-1.3749628067016602,0.6873435974121094
random_43,-4.0,c017,3.49993896484375,0.06259632110595703
random_43,-4.0,c058,1.2500019073486328,0.9374980926513672
random_43,-4.0,c002,1.187474250793457,-1.1875085830688477
random_43,-4.0,c024,1.3124418258666992,0.43772315979003906
random_43,-4.0,c023,2.8746519088745117,0.9996614456176758
random_43,-4.0,c022,0.24996471405029297,0.12495899200439453
random_43,-4.0,c056,2.062021255493164,0.43999767303466797
random_43,4.0,c041,1.2496223449707031,-0.9376907348632812
random_43,4.0,c006,2.1246261596679688,-0.31237220764160156
random_43,4.0,c039,1.0000114440917969,-0.31249427795410156
random_43,4.0,c017,4.124846458435059,-0.8751249313354492
random_43,4.0,c058,0.25,-0.375
random_43,4.0,c002,0.5624980926513672,-0.8749866485595703
random_43,4.0,c024,0.3123807907104492,0.24996280670166016
random_43,4.0,c023,2.249898910522461,-0.12492561340332031
random_43,4.0,c022,2.5625457763671875,-0.12483882904052734
random_43,4.0,c056,0.5499267578125,-0.18420982360839844
random_43,4.0,c029,-1.0000114440917969,0.7499876022338867
random_43,4.0,c025,-0.24954891204833984,0.5004005432128906
random_43,4.0,c000,2.686844825744629,-0.2493610382080078
random_43,4.0,c036,-0.3759946823120117,-1.1255416870117188
random_43,4.0,c020,7.74991512298584,-1.374772071838379
random_43,4.0,c011,4.312465667724609,-0.12495040893554688
random_43,4.0,c003,1.687361717224121,-0.2500438690185547
random_43,4.0,c045,6.562039375305176,-1.1251859664916992
random_43,4.0,c046,-0.31550121307373047,0.6833047866821289
random_43,4.0,c044,8.373878479003906,-1.6872596740722656
random_43,4.0,c008,-1.125,0.0
random_43,4.0,c049,2.9999923706054688,-1.3750038146972656
random_43,4.0,c013,7.937030792236328,-2.2500877380371094
random_43,4.0,c042,3.4374237060546875,-0.43755149841308594
random_43,4.0,c009,-0.12521648406982422,0.43734264373779297
random_43,4.0,c047,1.2467107772827148,0.3095989227294922
random_43,4.0,c050,0.49845218658447266,-0.6880769729614258
random_43,4.0,c043,2.2489919662475586,1.4991455078125
random_43,4.0,c016,2.7499847412109375,0.2500457763671875
random_43,4.0,c014,2.812349319458008,0.9998607635498047
random_43,4.0,c041,-3.1251163482666016,-0.43753814697265625
random_43,4.0,c006,0.18709182739257812,-1.1247758865356445
random_43,4.0,c039,-1.8741531372070312,0.18815326690673828
random_43,4.0,c017,2.937436103820801,-0.4999065399169922
random_43,4.0,c058,-1.1875,-1.5000038146972656
random_43,4.0,c002,2.62490177154541,0.24991893768310547
random_43,4.0,c024,0.3119773864746094,-0.5627412796020508
random_43,4.0,c023,1.3124561309814453,-0.5625343322753906
random_43,4.0,c022,-0.1250019073486328,-0.25000762939453125
random_43,4.0,c056,1.499180793762207,-0.12284278869628906
random_44,-1.0,c041,2.8745784759521484,0.6872653961181641
random_44,-1.0,c006,2.8119735717773438,0.37497520446777344
random_44,-1.0,c039,1.9999990463256836,0.6874933242797852
random_44,-1.0,c017,5.187467575073242,0.18749618530273438
random_44,-1.0,c058,1.1875,0.5625
random_44,-1.0,c002,1.4999847412109375,0.0625
random_44,-1.0,c024,0.06235504150390625,-6.29425048828125e-05
random_44,-1.0,c023,3.187222480773926,0.8123979568481445
random_44,-1.0,c022,3.1248998641967773,0.4375152587890625
random_44,-1.0,c056,1.1837940216064453,0.4496574401855469
random_44,-1.0,c029,-1.5625,0.1874990463256836
random_44,-1.0,c025,-0.6249771118164062,0.12497234344482422
random_44,-1.0,c000,2.998842239379883,0.0626363754272461
random_44,-1.0,c036,0.8120822906494141,0.06253528594970703
random_44,-1.0,c020,8.812019348144531,-0.3126678466796875
random_44,-1.0,c011,5.062459945678711,0.6250438690185547
random_44,-1.0,c003,2.062493324279785,0.12508773803710938
random_44,-1.0,c045,7.7497148513793945,0.06248950958251953
random_44,-1.0,c046,-0.18647289276123047,0.8123331069946289
random_44,-1.0,c044,10.120903015136719,0.059764862060546875
random_44,-1.0,c008,-0.75,0.375
random_44,-1.0,c049,5.812494277954102,1.4374980926513672
random_44,-1.0,c013,10.186891555786133,-0.0002269744873046875
random_44,-1.0,c042,4.499929428100586,0.6249542236328125
random_44,-1.0,c009,0.3124103546142578,0.874969482421875
random_44,-1.0,c047,1.5616798400878906,0.624567985534668
random_44,-1.0,c050,1.4989690780639648,0.3124399185180664
random_44,-1.0,c043,1.3735847473144531,0.6237382888793945
random_44,-1.0,c016,3.124797821044922,0.6248588562011719
random_44,-1.0,c014,2.6249866485595703,0.8124980926513672
random_44,-1.0,c041,-2.3125247955322266,0.37505340576171875
random_44,-1.0,c006,1.999547004699707,0.6876792907714844
random_44,-1.0,c039,-1.4998712539672852,0.5624351501464844
random_44,-1.0,c017,3.8123979568481445,0.37505531311035156
random_44,-1.0,c058,1.9073486328125e-06,-0.3125019073486328
random_44,-1.0,c002,3.0624284744262695,0.6874456405639648
random_44,-1.0,c024,1.811793327331543,0.9370746612548828
random_44,-1.0,c023,2.187533378601074,0.3125429153442383
random_44,-1.0,c022,0.25000762939453125,0.1250019073486328
random_44,-1.0,c056,2.12105655670166,0.49903297424316406
random_44,1.0,c041,1.9373998641967773,-0.24991321563720703
random_44,1.0,c006,2.1871423721313477,-0.24985599517822266
random_44,1.0,c039,1.312504768371582,-9.5367431640625e-07
random_44,1.0,c017,5.249900817871094,0.24992942810058594
random_44,1.0,c058,0.2499980926513672,-0.3750019073486328
random_44,1.0,c002,1.0624971389770508,-0.3749876022338867
random_44,1.0,c024,0.06249046325683594,7.2479248046875e-05
random_44,1.0,c023,1.6874656677246094,-0.6873588562011719
random_44,1.0,c022,2.437495231628418,-0.24988937377929688
random_44,1.0,c056,0.1782093048095703,-0.5559272766113281
random_44,1.0,c029,-1.8749971389770508,-0.12499809265136719
random_44,1.0,c025,-0.8123273849487305,-0.0623779296875
random_44,1.0,c000,2.4993600845336914,-0.4368457794189453
random_44,1.0,c036,-0.00026798248291015625,-0.7498149871826172
random_44,1.0,c020,8.624811172485352,-0.4998760223388672
random_44,1.0,c011,3.874927520751953,-0.5624885559082031
random_44,1.0,c003,1.4998703002929688,-0.43753528594970703
random_44,1.0,c045,7.68703556060791,-0.00018978118896484375
random_44,1.0,c046,-1.059617042541504,-0.06081104278564453
random_44,1.0,c044,9.560989379882812,-0.5001487731933594
random_44,1.0,c008,-1.75,-0.625
random_44,1.0,c049,3.124998092651367,-1.2499980926513672
random_44,1.0,c013,8.9367036819458,-1.2504148483276367
random_44,1.0,c042,3.062472343444824,-0.8125028610229492
random_44,1.0,c009,-1.2500104904174805,-0.6874513626098633
random_44,1.0,c047,0.24950695037841797,-0.6876049041748047
random_44,1.0,c050,1.124359130859375,-0.06217002868652344
random_44,1.0,c043,-0.06278610229492188,-0.8126325607299805
random_44,1.0,c016,2.18747615814209,-0.31246280670166016
random_44,1.0,c014,1.1875066757202148,-0.6249818801879883
random_44,1.0,c041,-2.812519073486328,-0.12494087219238281
random_44,1.0,c006,0.5621614456176758,-0.7497062683105469
random_44,1.0,c039,-2.624800682067871,-0.5624942779541016
random_44,1.0,c017,3.124892234802246,-0.3124504089355469
random_44,1.0,c058,0.1250019073486328,-0.1875019073486328
random_44,1.0,c002,1.9999809265136719,-0.3750019073486328
random_44,1.0,c024,0.4998178482055664,-0.37490081787109375
random_44,1.0,c023,1.8749799728393555,-1.049041748046875e-05
random_44,1.0,c022,-0.5000104904174805,-0.6250162124633789
random_44,1.0,c056,1.3738317489624023,-0.24819183349609375
random_44,-4.0,c041,3.9364099502563477,1.7490968704223633
random_44,-4.0,c006,3.8093442916870117,1.3723459243774414
random_44,-4.0,c039,3.9374189376831055,2.624913215637207
random_44,-4.0,c017,5.624921798706055,0.6249504089355469
random_44,-4.0,c058,2.874980926513672,2.249980926513672
random_44,-4.0,c002,3.624940872192383,2.1874561309814453
random_44,-4.0,c024,0.31156158447265625,0.2491436004638672
random_44,-4.0,c023,4.9361467361450195,2.5613222122192383
random_44,-4.0,c022,3.7490930557250977,1.0617084503173828
random_44,-4.0,c056,2.769502639770508,2.0353660583496094
random_44,-4.0,c029,-0.5625581741333008,1.1874408721923828
random_44,-4.0,c025,-0.12681865692138672,0.6231307983398438
random_44,-4.0,c000,4.122285842895508,1.186079978942871
random_44,-4.0,c036,2.4359588623046875,1.6864118576049805
random_44,-4.0,c020,9.498645782470703,0.3739585876464844
random_44,-4.0,c011,6.187125205993652,1.749709129333496
random_44,-4.0,c003,2.9994640350341797,1.062058448791504
random_44,-4.0,c045,8.435973167419434,0.7487478256225586
random_44,-4.0,c046,2.190842628479004,3.1896486282348633
random_44,-4.0,c044,10.549537658691406,0.4883995056152344
random_44,-4.0,c008,0.5625,1.6875
random_44,-4.0,c049,7.9999237060546875,3.624927520751953
random_44,-4.0,c013,10.873632431030273,0.6865139007568359
random_44,-4.0,c042,6.0616655349731445,2.186690330505371
random_44,-4.0,c009,2.44698429107666,3.0095434188842773
random_44,-4.0,c047,3.0613698959350586,2.124258041381836
random_44,-4.0,c050,3.1232128143310547,1.9366836547851562
random_44,-4.0,c043,3.181957244873047,2.4321107864379883
random_44,-4.0,c016,3.9993343353271484,1.4993953704833984
random_44,-4.0,c014,5.062337875366211,3.249849319458008
random_44,-4.0,c041,0.06229877471923828,2.7498769760131836
random_44,-4.0,c006,4.184381484985352,2.872513771057129
random_44,-4.0,c039,-0.5622434616088867,1.5000629425048828
random_44,-4.0,c017,4.687370300292969,1.2500276565551758
random_44,-4.0,c058,1.3749980926513672,1.0624942779541016
random_44,-4.0,c002,5.311898231506348,2.936915397644043
random_44,-4.0,c024,3.7456703186035156,2.8709516525268555
random_44,-4.0,c023,3.436100959777832,1.561110496520996
random_44,-4.0,c022,1.3748550415039062,1.2498493194580078
random_44,-4.0,c056,3.434870719909668,1.8128471374511719
random_44,4.0,c041,0.562220573425293,-1.6250925064086914
random_44,4.0,c006,0.9989957809448242,-1.438002586364746
random_44,4.0,c039,-0.6249923706054688,-1.9374980926513672
random_44,4.0,c017,4.124892234802246,-0.8750791549682617
random_44,4.0,c058,-0.75,-1.375
random_44,4.0,c002,0.125,-1.3124847412109375
random_44,4.0,c024,-0.1874856948852539,-0.24990367889404297
random_44,4.0,c023,0.4998817443847656,-1.8749427795410156
random_44,4.0,c022,1.749969482421875,-0.9374151229858398
random_44,4.0,c056,-0.5146293640136719,-1.2487659454345703
random_44,4.0,c029,-1.9374961853027344,-0.18749713897705078
random_44,4.0,c025,-0.31241321563720703,0.43753623962402344
random_44,4.0,c000,1.4993658065795898,-1.4368400573730469
random_44,4.0,c036,-1.2503442764282227,-1.9998912811279297
random_44,4.0,c020,7.687409400939941,-1.4372777938842773
random_44,4.0,c011,1.937448501586914,-2.499967575073242
random_44,4.0,c003,0.18665027618408203,-1.7507553100585938
random_44,4.0,c045,6.687334060668945,-0.9998912811279297
random_44,4.0,c046,-1.8110895156860352,-0.8122835159301758
random_44,4.0,c044,7.249415397644043,-2.811722755432129
random_44,4.0,c008,-2.625,-1.5
random_44,4.0,c049,0.3749980926513672,-3.999998092651367
random_44,4.0,c013,7.686741828918457,-2.5003767013549805
random_44,4.0,c042,1.4998407363891602,-2.3751344680786133
random_44,4.0,c009,-2.937509536743164,-2.374950408935547
random_44,4.0,c047,-1.251542091369629,-2.1886539459228516
random_44,4.0,c050,-0.3128490447998047,-1.4993782043457031
random_44,4.0,c043,-1.6252050399780273,-2.375051498413086
random_44,4.0,c016,0.49994754791259766,-1.9999914169311523
random_44,4.0,c014,-0.7498903274536133,-2.5623788833618164
random_44,4.0,c041,-2.8753480911254883,-0.18776988983154297
random_44,4.0,c006,-0.6257038116455078,-1.9375715255737305
random_44,4.0,c039,-3.6248159408569336,-1.562509536743164
random_44,4.0,c017,1.9372224807739258,-1.5001201629638672
random_44,4.0,c058,1.0000057220458984,0.6875019073486328
random_44,4.0,c002,0.31248950958251953,-2.062493324279785
random_44,4.0,c024,0.06223773956298828,-0.8124809265136719
random_44,4.0,c023,1.312520980834961,-0.562469482421875
random_44,4.0,c022,-0.5000324249267578,-0.6250381469726562
random_44,4.0,c056,0.4982032775878906,-1.1238203048706055
random_45,-1.0,c041,1.437417984008789,-0.7498950958251953
random_45,-1.0,c006,1.6872854232788086,-0.7497129440307617
random_45,-1.0,c039,1.0000038146972656,-0.3125019073486328
random_45,-1.0,c017,4.312451362609863,-0.6875200271606445
random_45,-1.0,c058,0.25,-0.375
random_45,-1.0,c002,0.9999961853027344,-0.4374885559082031
random_45,-1.0,c024,-0.31258678436279297,-0.37500476837158203
random_45,-1.0,c023,1.5623703002929688,-0.8124542236328125
random_45,-1.0,c022,2.1873579025268555,-0.5000267028808594
random_45,-1.0,c056,0.2325916290283203,-0.5015449523925781
random_45,-1.0,c029,-2.187498092651367,-0.4374990463256836
random_45,-1.0,c025,-0.6874685287475586,0.062480926513671875
random_45,-1.0,c000,2.1243152618408203,-0.8118906021118164
random_45,-1.0,c036,-0.3752164840698242,-1.1247634887695312
random_45,-1.0,c020,8.187088012695312,-0.9375991821289062
random_45,-1.0,c011,3.8749866485595703,-0.5624294281005859
random_45,-1.0,c003,1.312490463256836,-0.6249151229858398
random_45,-1.0,c045,6.749813079833984,-0.9374122619628906
random_45,-1.0,c046,-1.1870031356811523,-0.18819713592529297
random_45,-1.0,c044,8.873941421508789,-1.1871967315673828
random_45,-1.0,c008,-2.125,-1.0
random_45,-1.0,c049,2.999998092651367,-1.3749980926513672
random_45,-1.0,c013,9.312171936035156,-0.8749465942382812
random_45,-1.0,c042,2.9374923706054688,-0.9374828338623047
random_45,-1.0,c009,-1.125035285949707,-0.5624761581420898
random_45,-1.0,c047,0.24973487854003906,-0.6873769760131836
random_45,-1.0,c050,0.8119421005249023,-0.3745870590209961
random_45,-1.0,c043,0.12493228912353516,-0.6249141693115234
random_45,-1.0,c016,2.124943733215332,-0.37499523162841797
random_45,-1.0,c014,1.2499990463256836,-0.5624895095825195
random_45,-1.0,c041,-3.2500667572021484,-0.5624885559082031
random_45,-1.0,c006,0.1247549057006836,-1.187112808227539
random_45,-1.0,c039,-2.3748912811279297,-0.31258487701416016
random_45,-1.0,c017,2.7499752044677734,-0.6873674392700195
random_45,-1.0,c058,-0.3125,-0.6250038146972656
random_45,-1.0,c002,1.5624942779541016,-0.8124885559082031
random_45,-1.0,c024,0.2498645782470703,-0.6248540878295898
random_45,-1.0,c023,1.4374828338623047,-0.43750762939453125
random_45,-1.0,c022,-0.4375038146972656,-0.5625095367431641
random_45,-1.0,c056,1.4989681243896484,-0.12305545806884766
random_45,1.0,c041,3.3122034072875977,1.1248903274536133
random_45,1.0,c006,2.560863494873047,0.12386512756347656
random_45,1.0,c039,2.312498092651367,0.9999923706054688
random_45,1.0,c017,5.624829292297363,0.6248579025268555
random_45,1.0,c058,0.9374980926513672,0.3124980926513672
random_45,1.0,c002,2.562490463256836,1.1250057220458984
random_45,1.0,c024,0.7495203018188477,0.6871023178100586
random_45,1.0,c023,3.7494993209838867,1.3746747970581055
random_45,1.0,c022,3.4372167587280273,0.7498321533203125
random_45,1.0,c056,0.7316188812255859,-0.0025177001953125
random_45,1.0,c029,-1.1874895095825195,0.5625095367431641
random_45,1.0,c025,-0.06207275390625,0.6878767013549805
random_45,1.0,c000,3.4980688095092773,0.5618629455566406
random_45,1.0,c036,1.4987506866455078,0.7492036819458008
random_45,1.0,c020,9.624485969543457,0.4997987747192383
random_45,1.0,c011,5.312323570251465,0.8749074935913086
random_45,1.0,c003,2.687310218811035,0.7499046325683594
random_45,1.0,c045,8.436493873596191,0.7492685317993164
random_45,1.0,c046,0.2502145767211914,1.2490205764770508
random_45,1.0,c044,10.683292388916016,0.6221542358398438
random_45,1.0,c008,-0.5,0.625
random_45,1.0,c049,5.937496185302734,1.5625
random_45,1.0,c013,10.560638427734375,0.3735198974609375
random_45,1.0,c042,4.499787330627441,0.624812126159668
random_45,1.0,c009,0.6874246597290039,1.249983787536621
random_45,1.0,c047,1.560898780822754,0.6237869262695312
random_45,1.0,c050,1.6865043640136719,0.49997520446777344
random_45,1.0,c043,1.8740005493164062,1.1241540908813477
random_45,1.0,c016,3.0624475479125977,0.5625085830688477
random_45,1.0,c014,2.99997615814209,1.1874876022338867
random_45,1.0,c041,-2.18759822845459,0.49997997283935547
random_45,1.0,c006,2.4359588623046875,1.1240911483764648
random_45,1.0,c039,-1.562300682067871,0.5000057220458984
random_45,1.0,c017,4.187178611755371,0.7498359680175781
random_45,1.0,c058,0.5625019073486328,0.2499980926513672
random_45,1.0,c002,3.5624513626098633,1.1874685287475586
random_45,1.0,c024,1.9990997314453125,1.1243810653686523
random_45,1.0,c023,2.5621957778930664,0.6872053146362305
random_45,1.0,c022,0.49997806549072266,0.3749723434448242
random_45,1.0,c056,2.6217241287231445,0.9997005462646484
random_45,-4.0,c041,-0.31269073486328125,-2.5000038146972656
random_45,-4.0,c006,0.18735790252685547,-2.249640464782715
random_45,-4.0,c039,-1.2499923706054688,-2.562498092651367
random_45,-4.0,c017,2.874988555908203,-2.1249828338623047
random_45,-4.0,c058,-1.5,-2.125
random_45,-4.0,c002,-1.0624980926513672,-2.4999828338623047
random_45,-4.0,c024,-0.8125486373901367,-0.8749666213989258
random_45,-4.0,c023,-0.9375276565551758,-3.312352180480957
random_45,-4.0,c022,0.25000476837158203,-2.437379837036133
random_45,-4.0,c056,-1.0811328887939453,-1.8152694702148438
random_45,-4.0,c029,-3.312498092651367,-1.5624990463256836
random_45,-4.0,c025,-1.9376192092895508,-1.1876697540283203
random_45,-4.0,c000,0.12468147277832031,-2.8115243911743164
random_45,-4.0,c036,-2.5013914108276367,-3.2509384155273438
random_45,-4.0,c020,4.9373931884765625,-4.187294006347656
random_45,-4.0,c011,1.0624980926513672,-3.374917984008789
random_45,-4.0,c003,-0.6250648498535156,-2.5624704360961914
random_45,-4.0,c045,3.8748607635498047,-3.8123645782470703
random_45,-4.0,c046,-2.625067710876465,-1.6262617111206055
random_45,-4.0,c044,5.999666213989258,-4.061471939086914
random_45,-4.0,c008,-3.8125,-2.6875
random_45,-4.0,c049,-0.8750019073486328,-5.249998092651367
random_45,-4.0,c013,6.374807357788086,-3.8123111724853516
random_45,-4.0,c042,0.5624923706054688,-3.3124828338623047
random_45,-4.0,c009,-3.000028610229492,-2.437469482421875
random_45,-4.0,c047,-1.3127574920654297,-2.2498693466186523
random_45,-4.0,c050,-0.6878509521484375,-1.874380111694336
random_45,-4.0,c043,-2.3128719329833984,-3.062718391418457
random_45,-4.0,c016,0.9374856948852539,-1.562453269958496
random_45,-4.0,c014,-0.5624980926513672,-2.3749866485595703
random_45,-4.0,c041,-3.9375905990600586,-1.2500123977661133
random_45,-4.0,c006,-1.062652587890625,-2.3745203018188477
random_45,-4.0,c039,-3.3747406005859375,-1.312434196472168
random_45,-4.0,c017,1.4999885559082031,-1.9373540878295898
random_45,-4.0,c058,-1.25,-1.5625038146972656
random_45,-4.0,c002,0.24999427795410156,-2.124988555908203
random_45,-4.0,c024,-1.4999942779541016,-2.3747129440307617
random_45,-4.0,c023,-0.6250085830688477,-2.4999990463256836
random_45,-4.0,c022,-1.6250009536743164,-1.7500066757202148
random_45,-4.0,c056,-0.5018444061279297,-2.123867988586426
random_45,4.0,c041,4.932722091674805,2.7454090118408203
random_45,4.0,c006,4.599404335021973,2.1624059677124023
random_45,4.0,c039,4.499993324279785,3.1874876022338867
random_45,4.0,c017,6.435089111328125,1.4351177215576172
random_45,4.0,c058,1.8124980926513672,1.1874980926513672
random_45,4.0,c002,5.624688148498535,4.187203407287598
random_45,4.0,c024,2.246522903442383,2.1841049194335938
random_45,4.0,c023,5.872016906738281,3.4971923828125
random_45,4.0,c022,5.368130683898926,2.680746078491211
random_45,4.0,c056,3.443739891052246,2.7096033096313477
random_45,4.0,c029,0.2499532699584961,1.9999523162841797
random_45,4.0,c025,1.1872920989990234,1.937241554260254
random_45,4.0,c000,5.161720275878906,2.2255144119262695
random_45,4.0,c036,3.6190929412841797,2.8695459365844727
random_45,4.0,c020,10.369546890258789,1.2448596954345703
random_45,4.0,c011,6.429924011230469,1.9925079345703125
random_45,4.0,c003,3.8121862411499023,1.8747806549072266
random_45,4.0,c045,8.868663787841797,1.1814384460449219
random_45,4.0,c046,1.678788185119629,2.6775941848754883
random_45,4.0,c044,10.115413665771484,0.0542755126953125
random_45,4.0,c008,2.125,3.25
random_45,4.0,c049,8.56249713897705,4.187500953674316
random_45,4.0,c013,9.679713249206543,-0.5074052810668945
random_45,4.0,c042,5.993610382080078,2.1186351776123047
random_45,4.0,c009,3.8745346069335938,4.437093734741211
random_45,4.0,c047,3.425766944885254,2.4886550903320312
random_45,4.0,c050,2.6796417236328125,1.493112564086914
random_45,4.0,c043,4.610236167907715,3.8603897094726562
random_45,4.0,c016,4.624715805053711,2.124776840209961
random_45,4.0,c014,4.560561180114746,2.748072624206543
random_45,4.0,c041,-0.1882944107055664,2.499283790588379
random_45,4.0,c006,4.8652801513671875,3.553412437438965
random_45,4.0,c039,0.3747901916503906,2.43709659576416
random_45,4.0,c017,4.8700666427612305,1.4327239990234375
random_45,4.0,c058,2.8750057220458984,2.562501907348633
random_45,4.0,c002,5.686989784240723,3.312006950378418
random_45,4.0,c024,3.9897661209106445,3.1150474548339844
random_45,4.0,c023,4.369695663452148,2.4947052001953125
random_45,4.0,c022,2.561568260192871,2.4365625381469727
random_45,4.0,c056,4.778435707092285,3.156412124633789
random_46,-1.0,c041,2.999606132507324,0.8122930526733398
random_46,-1.0,c006,2.748056411743164,0.31105804443359375
random_46,-1.0,c039,1.937495231628418,0.6249895095825195
random_46,-1.0,c017,5.437459945678711,0.4374885559082031
random_46,-1.0,c058,1.2499980926513672,0.6249980926513672
random_46,-1.0,c002,1.9999780654907227,0.5624933242797852
random_46,-1.0,c024,0.12501049041748047,0.0625925064086914
random_46,-1.0,c023,3.062016487121582,0.6871919631958008
random_46,-1.0,c022,2.8749217987060547,0.18753719329833984
random_46,-1.0,c056,0.7367057800292969,0.0025691986083984375
random_46,-1.0,c029,-1.6249980926513672,0.1250009536743164
random_46,-1.0,c025,-0.687443733215332,0.06250572204589844
random_46,-1.0,c000,3.123927116394043,0.18772125244140625
random_46,-1.0,c036,0.7490854263305664,-0.000461578369140625
random_46,-1.0,c020,8.312240600585938,-0.8124465942382812
random_46,-1.0,c011,4.874922752380371,0.43750667572021484
random_46,-1.0,c003,2.187358856201172,0.2499532699584961
random_46,-1.0,c045,7.937172889709473,0.24994754791259766
random_46,-1.0,c046,-0.37276649475097656,0.6260395050048828
random_46,-1.0,c044,9.248150825500488,-0.8129873275756836
random_46,-1.0,c008,-1.0,0.125
random_46,-1.0,c049,3.8749961853027344,-0.5
random_46,-1.0,c013,9.99931812286377,-0.18780040740966797
random_46,-1.0,c042,4.624914169311523,0.74993896484375
random_46,-1.0,c009,0.24983692169189453,0.8123960494995117
random_46,-1.0,c047,1.3742351531982422,0.43712329864501953
random_46,-1.0,c050,1.4981346130371094,0.31160545349121094
random_46,-1.0,c043,0.8121204376220703,0.06227397918701172
random_46,-1.0,c016,3.062356948852539,0.5624179840087891
random_46,-1.0,c014,2.312467575073242,0.49997901916503906
random_46,-1.0,c041,-2.56253719329834,0.12504100799560547
random_46,-1.0,c006,1.8107500076293945,0.4988822937011719
random_46,-1.0,c039,-1.3124237060546875,0.749882698059082
random_46,-1.0,c017,4.1248064041137695,0.6874637603759766
random_46,-1.0,c058,0.8125019073486328,0.4999980926513672
random_46,-1.0,c002,3.1873912811279297,0.812408447265625
random_46,-1.0,c024,1.749648094177246,0.8749294281005859
random_46,-1.0,c023,1.9374284744262695,0.062438011169433594
random_46,-1.0,c022,-0.062499046325683594,-0.18750476837158203
random_46,-1.0,c056,2.496800422668457,0.8747768402099609
random_46,1.0,c041,1.8124094009399414,-0.37490367889404297
random_46,1.0,c006,1.811924934387207,-0.6250734329223633
random_46,1.0,c039,1.3750066757202148,0.0625009536743164
random_46,1.0,c017,4.687456130981445,-0.3125152587890625
random_46,1.0,c058,0.7499961853027344,0.12499618530273438
random_46,1.0,c002,1.4374971389770508,1.239776611328125e-05
random_46,1.0,c024,0.3747892379760742,0.31237125396728516
random_46,1.0,c023,1.3124008178710938,-1.0624237060546875
random_46,1.0,c022,2.937337875366211,0.2499532699584961
random_46,1.0,c056,0.11554145812988281,-0.6185951232910156
random_46,1.0,c029,-1.9374980926513672,-0.1874990463256836
random_46,1.0,c025,-0.7498302459716797,0.00011920928955078125
random_46,1.0,c000,2.124209403991699,-0.8119964599609375
random_46,1.0,c036,-0.00013256072998046875,-0.7496795654296875
random_46,1.0,c020,9.124553680419922,-0.000133514404296875
random_46,1.0,c011,3.687445640563965,-0.7499704360961914
random_46,1.0,c003,1.4374637603759766,-0.4999418258666992
random_46,1.0,c045,7.999723434448242,0.3124980926513672
random_46,1.0,c046,-0.6874828338623047,0.3113231658935547
random_46,1.0,c044,9.499260902404785,-0.5618772506713867
random_46,1.0,c008,-1.1875,-0.0625
random_46,1.0,c049,5.312496185302734,0.9375
random_46,1.0,c013,9.687345504760742,-0.4997730255126953
random_46,1.0,c042,2.8124847412109375,-1.062490463256836
random_46,1.0,c009,-1.0000228881835938,-0.43746376037597656
random_46,1.0,c047,0.4369363784790039,-0.5001754760742188
random_46,1.0,c050,0.5620126724243164,-0.624516487121582
random_46,1.0,c043,0.8122730255126953,0.06242656707763672
random_46,1.0,c016,1.8124561309814453,-0.6874828338623047
random_46,1.0,c014,2.0624990463256836,0.25001049041748047
random_46,1.0,c041,-3.2500104904174805,-0.5624322891235352
random_46,1.0,c006,0.999791145324707,-0.3120765686035156
random_46,1.0,c039,-2.374953269958496,-0.31264686584472656
random_46,1.0,c017,3.187429428100586,-0.24991321563720703
random_46,1.0,c058,0.1250019073486328,-0.1875019073486328
random_46,1.0,c002,1.8749809265136719,-0.5000019073486328
random_46,1.0,c024,0.6247806549072266,-0.2499380111694336
random_46,1.0,c023,1.8124923706054688,-0.06249809265136719
random_46,1.0,c022,-0.1250009536743164,-0.25000667572021484
random_46,1.0,c056,1.810110092163086,0.18808650970458984
random_46,-4.0,c041,4.121980667114258,1.9346675872802734
random_46,-4.0,c006,4.621335983276367,2.184337615966797
random_46,-4.0,c039,3.0625295639038086,1.7500238418579102
random_46,-4.0,c017,5.937335014343262,0.9373636245727539
random_46,-4.0,c058,2.000001907348633,1.3750019073486328
random_46,-4.0,c002,3.2499799728393555,1.812495231628418
random_46,-4.0,c024,0.6249551773071289,0.5625371932983398
random_46,-4.0,c023,4.677873611450195,2.303049087524414
random_46,-4.0,c022,3.5618553161621094,0.8744707107543945
random_46,-4.0,c056,1.999527931213379,1.2653913497924805
random_46,-4.0,c029,-0.31249141693115234,1.4375076293945312
random_46,-4.0,c025,0.12522125244140625,0.8751707077026367
random_46,-4.0,c000,4.431519508361816,1.4953136444091797
random_46,-4.0,c036,2.4339427947998047,1.6843957901000977
random_46,-4.0,c020,7.374223709106445,-1.7504634857177734
random_46,-4.0,c011,5.874375343322754,1.4369592666625977
random_46,-4.0,c003,3.499691963195801,1.562286376953125
random_46,-4.0,c045,6.498757362365723,-1.1884679794311523
random_46,-4.0,c046,1.547393798828125,2.5461997985839844
random_46,-4.0,c044,8.371377944946289,-1.6897602081298828
random_46,-4.0,c008,-0.125,1.0
random_46,-4.0,c049,2.499971389770508,-1.8750247955322266
random_46,-4.0,c013,8.121175765991211,-2.0659427642822266
random_46,-4.0,c042,5.869452476501465,1.9944772720336914
random_46,-4.0,c009,1.2552509307861328,1.81781005859375
random_46,-4.0,c047,2.3631973266601562,1.4260854721069336
random_46,-4.0,c050,2.427748680114746,1.2412195205688477
random_46,-4.0,c043,1.739522933959961,0.9896764755249023
random_46,-4.0,c016,4.686800003051758,2.186861038208008
random_46,-4.0,c014,3.249680519104004,1.4371919631958008
random_46,-4.0,c041,-1.188206672668457,1.4993715286254883
random_46,-4.0,c006,3.30734920501709,1.9954814910888672
random_46,-4.0,c039,0.9979782104492188,3.0602846145629883
random_46,-4.0,c017,4.311676979064941,0.8743343353271484
random_46,-4.0,c058,1.6875038146972656,1.375
random_46,-4.0,c002,4.624480247497559,2.249497413635254
random_46,-4.0,c024,2.5594959259033203,1.6847772598266602
random_46,-4.0,c023,4.122241020202637,2.247250556945801
random_46,-4.0,c022,1.062185287475586,0.9371795654296875
random_46,-4.0,c056,3.174673080444336,1.5526494979858398
random_46,4.0,c041,1.3124828338623047,-0.8748302459716797
random_46,4.0,c006,0.7499275207519531,-1.6870708465576172
random_46,4.0,c039,0.6250038146972656,-0.6875019073486328
random_46,4.0,c017,3.562455177307129,-1.437516212463379
random_46,4.0,c058,0.3749980926513672,-0.2500019073486328
random_46,4.0,c002,0.9375019073486328,-0.4999828338623047
random_46,4.0,c024,0.8124418258666992,0.7500238418579102
random_46,4.0,c023,0.4374961853027344,-1.9373283386230469
random_46,4.0,c022,2.249842643737793,-0.4375419616699219
random_46,4.0,c056,-0.3762092590332031,-1.1103458404541016
random_46,4.0,c029,-1.0,0.7499990463256836
random_46,4.0,c025,-0.1874408721923828,0.5625085830688477
random_46,4.0,c000,1.3749027252197266,-1.5613031387329102
random_46,4.0,c036,-0.9375467300415039,-1.687093734741211
random_46,4.0,c020,9.374972343444824,0.25028514862060547
random_46,4.0,c011,2.5624961853027344,-1.8749198913574219
random_46,4.0,c003,-7.62939453125e-06,-1.937413215637207
random_46,4.0,c045,8.624972343444824,0.9377470016479492
random_46,4.0,c046,-1.1248016357421875,-0.12599563598632812
random_46,4.0,c044,10.49984073638916,0.4387025833129883
random_46,4.0,c008,-1.8125,-0.6875
random_46,4.0,c049,7.624996185302734,3.25
random_46,4.0,c013,10.249985694885254,0.0628671646118164
random_46,4.0,c042,0.7500066757202148,-3.1249685287475586
random_46,4.0,c009,-1.4374980926513672,-0.87493896484375
random_46,4.0,c047,0.12491607666015625,-0.8121957778930664
random_46,4.0,c050,-0.3750162124633789,-1.5615453720092773
random_46,4.0,c043,1.437504768371582,0.6876583099365234
random_46,4.0,c016,0.500004768371582,-1.999934196472168
random_46,4.0,c014,1.4375057220458984,-0.3749828338623047
random_46,4.0,c041,-2.1875057220458984,0.5000724792480469
random_46,4.0,c006,0.7499608993530273,-0.5619068145751953
random_46,4.0,c039,-2.6874961853027344,-0.6251897811889648
random_46,4.0,c017,1.9999914169311523,-1.4373512268066406
random_46,4.0,c058,1.1250019073486328,0.8124980926513672
random_46,4.0,c002,0.4374961853027344,-1.9374866485595703
random_46,4.0,c024,0.12496376037597656,-0.7497549057006836
random_46,4.0,c023,1.2500133514404297,-0.6249771118164062
random_46,4.0,c022,-1.239776611328125e-05,-0.12501811981201172
random_46,4.0,c056,1.249624252319336,-0.37239933013916016
random_47,-1.0,c041,1.6238212585449219,-0.5634918212890625
random_47,-1.0,c006,2.123265266418457,-0.3137331008911133
random_47,-1.0,c039,1.3125038146972656,-1.9073486328125e-06
random_47,-1.0,c017,5.124813079833984,0.12484169006347656
random_47,-1.0,c058,0.3749980926513672,-0.2500019073486328
random_47,-1.0,c002,1.062474250793457,-0.37501049041748047
random_47,-1.0,c024,-0.06276893615722656,-0.12518692016601562
random_47,-1.0,c023,1.6870059967041016,-0.6878185272216797
random_47,-1.0,c022,2.6873207092285156,-6.389617919921875e-05
random_47,-1.0,c056,0.041609764099121094,-0.6925268173217773
random_47,-1.0,c029,-2.687497138977051,-0.9374980926513672
random_47,-1.0,c025,-0.6868457794189453,0.06310367584228516
random_47,-1.0,c000,2.246030807495117,-0.6901750564575195
random_47,-1.0,c036,0.2489452362060547,-0.5006017684936523
random_47,-1.0,c020,8.498531341552734,-0.6261558532714844
random_47,-1.0,c011,4.249875068664551,-0.18754100799560547
random_47,-1.0,c003,1.6248159408569336,-0.3125896453857422
random_47,-1.0,c045,7.685367584228516,-0.001857757568359375
random_47,-1.0,c046,-0.8078546524047852,0.19095134735107422
random_47,-1.0,c044,9.740221977233887,-0.32091617584228516
random_47,-1.0,c008,-1.625,-0.5
random_47,-1.0,c049,4.312494277954102,-0.06250190734863281
random_47,-1.0,c013,9.810464859008789,-0.37665367126464844
random_47,-1.0,c042,3.062361717224121,-0.8126134872436523
random_47,-1.0,c009,-0.8126182556152344,-0.2500591278076172
random_47,-1.0,c047,0.6857175827026367,-0.25139427185058594
random_47,-1.0,c050,0.748046875,-0.43848228454589844
random_47,-1.0,c043,0.8115358352661133,0.06168937683105469
random_47,-1.0,c016,1.874863624572754,-0.6250753402709961
random_47,-1.0,c014,1.437469482421875,-0.3750190734863281
random_47,-1.0,c041,-2.81256103515625,-0.12498283386230469
random_47,-1.0,c006,0.8731803894042969,-0.4386873245239258
random_47,-1.0,c039,-1.999894142150879,0.062412261962890625
random_47,-1.0,c017,2.8746652603149414,-0.5626773834228516
random_47,-1.0,c058,0.1875019073486328,-0.1250019073486328
random_47,-1.0,c002,1.8124818801879883,-0.5625009536743164
random_47,-1.0,c024,1.1234045028686523,0.2486858367919922
random_47,-1.0,c023,2.1245670318603516,0.24957656860351562
random_47,-1.0,c022,-0.12500286102294922,-0.25000858306884766
random_47,-1.0,c056,1.487351417541504,-0.1346721649169922
random_47,1.0,c041,3.062427520751953,0.8751144409179688
random_47,1.0,c006,2.9997873306274414,0.5627889633178711
random_47,1.0,c039,1.875004768371582,0.5624990463256836
random_47,1.0,c017,5.249979019165039,0.25000762939453125
random_47,1.0,c058,1.125,0.5
random_47,1.0,c002,2.3749961853027344,0.9375114440917969
random_47,1.0,c024,0.18744182586669922,0.12502384185791016
random_47,1.0,c023,2.937436103820801,0.5626115798950195
random_47,1.0,c022,3.249937057495117,0.5625524520874023
random_47,1.0,c056,0.622736930847168,-0.11139965057373047
random_47,1.0,c029,-1.1874980926513672,0.5625009536743164
random_47,1.0,c025,-0.6249704360961914,0.12497901916503906
random_47,1.0,c000,2.937295913696289,0.0010900497436523438
random_47,1.0,c036,0.24987506866455078,-0.49967193603515625
random_47,1.0,c020,8.749860763549805,-0.37482643127441406
random_47,1.0,c011,4.999980926513672,0.5625648498535156
random_47,1.0,c003,2.4999752044677734,0.5625696182250977
random_47,1.0,c045,7.812447547912598,0.12522220611572266
random_47,1.0,c046,-0.6246957778930664,0.37411022186279297
random_47,1.0,c044,10.187103271484375,0.12596511840820312
random_47,1.0,c008,-1.0,0.125
random_47,1.0,c049,5.124998092651367,0.7500019073486328
random_47,1.0,c013,9.687363624572754,-0.4997549057006836
random_47,1.0,c042,4.3124847412109375,0.43750953674316406
random_47,1.0,c009,-0.2500314712524414,0.3125276565551758
random_47,1.0,c047,1.4999170303344727,0.56280517578125
random_47,1.0,c050,1.4372758865356445,0.2507467269897461
random_47,1.0,c043,0.74993896484375,9.250640869140625e-05
random_47,1.0,c016,2.9999771118164062,0.5000381469726562
random_47,1.0,c014,2.3749942779541016,0.5625057220458984
random_47,1.0,c041,-2.6250104904174805,0.06256771087646484
random_47,1.0,c006,1.749908447265625,0.43804073333740234
random_47,1.0,c039,-2.1873931884765625,-0.12508678436279297
random_47,1.0,c017,4.124967575073242,0.6876249313354492
random_47,1.0,c058,0.3750019073486328,0.06249809265136719
random_47,1.0,c002,3.374990463256836,1.0000076293945312
random_47,1.0,c024,1.4373865127563477,0.5626678466796875
random_47,1.0,c023,1.9374771118164062,0.06248664855957031
random_47,1.0,c022,-0.12499713897705078,-0.2500028610229492
random_47,1.0,c056,2.3122406005859375,0.6902170181274414
random_47,-4.0,c041,0.6640720367431641,-1.5232410430908203
random_47,-4.0,c006,0.8365011215209961,-1.6004972457885742
random_47,-4.0,c039,0.3126945495605469,-0.9998111724853516
random_47,-4.0,c017,3.62149715423584,-1.378474235534668
random_47,-4.0,c058,-0.25002002716064453,-0.8750200271606445
random_47,-4.0,c002,0.43767547607421875,-0.9998092651367188
random_47,-4.0,c024,-0.5699272155761719,-0.6323451995849609
random_47,-4.0,c023,0.24394512176513672,-2.1308794021606445
random_47,-4.0,c022,1.4375,-1.2498846054077148
random_47,-4.0,c056,-0.7004566192626953,-1.4345932006835938
random_47,-4.0,c029,-3.187520980834961,-1.4375219345092773
random_47,-4.0,c025,-0.8038606643676758,-0.05391120910644531
random_47,-4.0,c000,1.1147918701171875,-1.8214139938354492
random_47,-4.0,c036,-0.079071044921875,-0.828618049621582
random_47,-4.0,c020,7.0937395095825195,-2.030947685241699
random_47,-4.0,c011,1.9329719543457031,-2.504444122314453
random_47,-4.0,c003,0.12989425659179688,-1.807511329650879
random_47,-4.0,c045,6.039279937744141,-1.6479454040527344
random_47,-4.0,c046,-0.6435337066650391,0.3552722930908203
random_47,-4.0,c044,7.942717552185059,-2.1184206008911133
random_47,-4.0,c008,-2.625,-1.5
random_47,-4.0,c049,2.874971389770508,-1.5000247955322266
random_47,-4.0,c013,7.932884216308594,-2.2542343139648438
random_47,-4.0,c042,1.6136178970336914,-2.261357307434082
random_47,-4.0,c009,-1.3761320114135742,-0.813572883605957
random_47,-4.0,c047,-0.29933738708496094,-1.2364492416381836
random_47,-4.0,c050,-0.08164501190185547,-1.268174171447754
random_47,-4.0,c043,0.37111759185791016,-0.37872886657714844
random_47,-4.0,c016,0.5640277862548828,-1.9359111785888672
random_47,-4.0,c014,0.7472515106201172,-1.065237045288086
random_47,-4.0,c041,-2.25209903717041,0.43547916412353516
random_47,-4.0,c006,0.5345125198364258,-0.7773551940917969
random_47,-4.0,c039,-1.5013647079467773,0.5609416961669922
random_47,-4.0,c017,1.8056316375732422,-1.6317110061645508
random_47,-4.0,c058,-0.1874990463256836,-0.5000028610229492
random_47,-4.0,c002,0.686924934387207,-1.6880578994750977
random_47,-4.0,c024,0.21785354614257812,-0.656865119934082
random_47,-4.0,c023,1.4240827560424805,-0.45090770721435547
random_47,-4.0,c022,-0.5045604705810547,-0.6295661926269531
random_47,-4.0,c056,0.07575607299804688,-1.5462675094604492
random_47,4.0,c041,3.374998092651367,1.1876850128173828
random_47,4.0,c006,3.7499876022338867,1.3129892349243164
random_47,4.0,c039,0.9375019073486328,-0.3750038146972656
random_47,4.0,c017,5.062496185302734,0.06252479553222656
random_47,4.0,c058,0.75,0.125
random_47,4.0,c002,2.312498092651367,0.8750133514404297
random_47,4.0,c024,0.7499961853027344,0.6875782012939453
random_47,4.0,c023,4.125,1.7501754760742188
random_47,4.0,c022,2.687501907348633,0.00011730194091796875
random_47,4.0,c056,1.937504768371582,1.2033681869506836
random_47,4.0,c029,-0.9375,0.8124990463256836
random_47,4.0,c025,-0.3749971389770508,0.3749523162841797
random_47,4.0,c000,3.4374961853027344,0.5012903213500977
random_47,4.0,c036,0.4999961853027344,-0.24955081939697266
random_47,4.0,c020,7.6875,-1.4371871948242188
random_47,4.0,c011,3.375,-1.0624160766601562
random_47,4.0,c003,1.5624942779541016,-0.3749113082885742
random_47,4.0,c045,6.75,-0.937225341796875
random_47,4.0,c046,0.25003623962402344,1.2488422393798828
random_47,4.0,c044,8.874996185302734,-1.1861419677734375
random_47,4.0,c008,-2.25,-1.125
random_47,4.0,c049,3.3125,-1.0624961853027344
random_47,4.0,c013,7.874997138977051,-2.3121213912963867
random_47,4.0,c042,4.812498092651367,0.9375228881835938
random_47,4.0,c009,-0.5000019073486328,0.06255722045898438
random_47,4.0,c047,2.437490463256836,1.5003786087036133
random_47,4.0,c050,1.8124942779541016,0.6259651184082031
random_47,4.0,c043,0.3125038146972656,-0.43734264373779297
random_47,4.0,c016,4.3125,1.81256103515625
random_47,4.0,c014,2.749998092651367,0.9375095367431641
random_47,4.0,c041,-2.375001907348633,0.3125762939453125
random_47,4.0,c006,2.499995231628418,1.1881275177001953
random_47,4.0,c039,-2.4374876022338867,-0.3751811981201172
random_47,4.0,c017,4.687496185302734,1.2501535415649414
random_47,4.0,c058,0.3125019073486328,-1.9073486328125e-06
random_47,4.0,c002,2.9375,0.5625171661376953
random_47,4.0,c024,1.7499961853027344,0.8752775192260742
random_47,4.0,c023,1.8749980926513672,7.62939453125e-06
random_47,4.0,c022,0.4374980926513672,0.31249237060546875
random_47,4.0,c056,1.9999933242797852,0.37796974182128906
random_48,-1.0,c041,2.8119239807128906,0.6246109008789062
random_48,-1.0,c006,2.623373031616211,0.18637466430664062
random_48,-1.0,c039,2.374990463256836,1.0624847412109375
random_48,-1.0,c017,5.437356948852539,0.43738555908203125
random_48,-1.0,c058,0.9999980926513672,0.3749980926513672
random_48,-1.0,c002,2.312479019165039,0.8749942779541016
random_48,-1.0,c024,0.06233787536621094,-8.0108642578125e-05
random_48,-1.0,c023,3.124575614929199,0.749751091003418
random_48,-1.0,c022,3.124678611755371,0.43729400634765625
random_48,-1.0,c056,0.6664667129516602,-0.06766986846923828
random_48,-1.0,c029,-2.0624914169311523,-0.31249237060546875
random_48,-1.0,c025,-0.68731689453125,0.06263256072998047
random_48,-1.0,c000,3.248842239379883,0.3126363754272461
random_48,-1.0,c036,0.4988565444946289,-0.2506904602050781
random_48,-1.0,c020,9.561866760253906,0.4371795654296875
random_48,-1.0,c011,5.062395095825195,0.6249790191650391
random_48,-1.0,c003,1.874847412109375,-0.06255817413330078
random_48,-1.0,c045,8.249473571777344,0.5622482299804688
random_48,-1.0,c046,-0.5612554550170898,0.43755054473876953
random_48,-1.0,c044,10.121240615844727,0.06010246276855469
random_48,-1.0,c008,-1.125,0.0
random_48,-1.0,c049,4.749996185302734,0.375
random_48,-1.0,c013,10.437032699584961,0.24991416931152344
random_48,-1.0,c042,3.9999170303344727,0.12494182586669922
random_48,-1.0,c009,-0.3750896453857422,0.187469482421875
random_48,-1.0,c047,1.498234748840332,0.5611228942871094
random_48,-1.0,c050,1.2479581832885742,0.06142902374267578
random_48,-1.0,c043,0.8744001388549805,0.12455368041992188
random_48,-1.0,c016,3.0623741149902344,0.5624351501464844
random_48,-1.0,c014,2.1874923706054688,0.3750038146972656
random_48,-1.0,c041,-2.3126020431518555,0.37497615814208984
random_48,-1.0,c006,1.3737525939941406,0.06188488006591797
random_48,-1.0,c039,-1.8122873306274414,0.2500190734863281
random_48,-1.0,c017,3.999882698059082,0.5625400543212891
random_48,-1.0,c058,0.3125019073486328,-1.9073486328125e-06
random_48,-1.0,c002,3.562455177307129,1.1874723434448242
random_48,-1.0,c024,1.1246213912963867,0.24990272521972656
random_48,-1.0,c023,1.812540054321289,-0.062450408935546875
random_48,-1.0,c022,-0.062478065490722656,-0.1874837875366211
random_48,-1.0,c056,1.8702573776245117,0.24823379516601562
random_48,1.0,c041,1.9998044967651367,-0.18750858306884766
random_48,1.0,c006,1.9370737075805664,-0.4999246597290039
random_48,1.0,c039,1.1875009536743164,-0.12500476837158203
random_48,1.0,c017,4.49995231628418,-0.5000190734863281
random_48,1.0,c058,0.0,-0.625
random_48,1.0,c002,0.5000028610229492,-0.9374818801879883
random_48,1.0,c024,-3.0517578125e-05,-0.06244850158691406
random_48,1.0,c023,1.8124189376831055,-0.5624055862426758
random_48,1.0,c022,2.187488555908203,-0.4998960494995117
random_48,1.0,c056,0.3088188171386719,-0.42531776428222656
random_48,1.0,c029,-1.8124980926513672,-0.062499046325683594
random_48,1.0,c025,-0.31244945526123047,0.4375
random_48,1.0,c000,2.499325752258301,-0.43688011169433594
random_48,1.0,c036,0.4997701644897461,-0.24977684020996094
random_48,1.0,c020,8.437332153320312,-0.6873550415039062
random_48,1.0,c011,3.749959945678711,-0.6874561309814453
random_48,1.0,c003,1.437516212463379,-0.4998893737792969
random_48,1.0,c045,7.374822616577148,-0.31240272521972656
random_48,1.0,c046,-0.8116254806518555,0.1871805191040039
random_48,1.0,c044,8.749542236328125,-1.3115959167480469
random_48,1.0,c008,-1.125,0.0
random_48,1.0,c049,4.312496185302734,-0.0625
random_48,1.0,c013,9.562248229980469,-0.6248703002929688
random_48,1.0,c042,3.4999771118164062,-0.3749980926513672
random_48,1.0,c009,-0.5625057220458984,5.340576171875e-05
random_48,1.0,c047,0.2498931884765625,-0.6872186660766602
random_48,1.0,c050,0.8122377395629883,-0.37429141998291016
random_48,1.0,c043,0.8121404647827148,0.06229400634765625
random_48,1.0,c016,1.7499723434448242,-0.7499666213989258
random_48,1.0,c014,1.4374990463256836,-0.37498950958251953
random_48,1.0,c041,-2.8750200271606445,-0.18744182586669922
random_48,1.0,c006,1.1871070861816406,-0.12476062774658203
random_48,1.0,c039,-1.9374046325683594,0.12490177154541016
random_48,1.0,c017,3.312448501586914,-0.1248941421508789
random_48,1.0,c058,0.4375019073486328,0.12499809265136719
random_48,1.0,c002,2.062464714050293,-0.3125181198120117
random_48,1.0,c024,0.5624666213989258,-0.3122520446777344
random_48,1.0,c023,1.9374771118164062,0.06248664855957031
random_48,1.0,c022,-0.3125181198120117,-0.43752384185791016
random_48,1.0,c056,1.686819076538086,0.06479549407958984
random_48,-4.0,c041,3.5586061477661133,1.371293067932129
random_48,-4.0,c006,3.2423171997070312,0.8053188323974609
random_48,-4.0,c039,3.749889373779297,2.4373836517333984
random_48,-4.0,c017,6.311549186706543,1.3115777969360352
random_48,-4.0,c058,2.874990463256836,2.249990463256836
random_48,-4.0,c002,4.999980926513672,3.5624961853027344
random_48,-4.0,c024,0.062206268310546875,-0.0002117156982421875
random_48,-4.0,c023,3.249293327331543,0.8744688034057617
random_48,-4.0,c022,3.500089645385742,0.8127050399780273
random_48,-4.0,c056,1.157700538635254,0.42356395721435547
random_48,-4.0,c029,-2.5625133514404297,-0.8125143051147461
random_48,-4.0,c025,-0.9931812286376953,-0.24323177337646484
random_48,-4.0,c000,3.12198543548584,0.18577957153320312
random_48,-4.0,c036,0.7453889846801758,-0.00415802001953125
random_48,-4.0,c020,9.433806419372559,0.30911922454833984
random_48,-4.0,c011,5.686922073364258,1.2495059967041016
random_48,-4.0,c003,2.6247920989990234,0.6873865127563477
random_48,-4.0,c045,7.998407363891602,0.31118202209472656
random_48,-4.0,c046,-0.13060283660888672,0.8682031631469727
random_48,-4.0,c044,9.611583709716797,-0.449554443359375
random_48,-4.0,c008,-1.0000038146972656,0.12499618530273438
random_48,-4.0,c049,5.374946594238281,0.9999504089355469
random_48,-4.0,c013,10.373852729797363,0.18673419952392578
random_48,-4.0,c042,4.749091148376465,0.8741159439086914
random_48,-4.0,c009,0.2483530044555664,0.8109121322631836
random_48,-4.0,c047,3.492363929748535,2.5552520751953125
random_48,-4.0,c050,2.037351608276367,0.8508224487304688
random_48,-4.0,c043,0.7586593627929688,0.008812904357910156
random_48,-4.0,c016,4.248373031616211,1.748434066772461
random_48,-4.0,c014,3.3749637603759766,1.5624752044677734
random_48,-4.0,c041,-1.2525863647460938,1.4349918365478516
random_48,-4.0,c006,3.0590858459472656,1.747218132019043
random_48,-4.0,c039,-1.2494001388549805,0.8129062652587891
random_48,-4.0,c017,5.124279022216797,1.686936378479004
random_48,-4.0,c058,-0.125,-0.4375038146972656
random_48,-4.0,c002,4.812366485595703,2.4373836517333984
random_48,-4.0,c024,1.868692398071289,0.9939737319946289
random_48,-4.0,c023,1.7502574920654297,-0.12473297119140625
random_48,-4.0,c022,1.3752250671386719,1.2502193450927734
random_48,-4.0,c056,1.7953739166259766,0.17335033416748047
random_48,4.0,c041,0.9999895095825195,-1.1873235702514648
random_48,4.0,c006,1.1874809265136719,-1.2495174407958984
random_48,4.0,c039,-0.0625,-1.3750057220458984
random_48,4.0,c017,2.9374618530273438,-2.062509536743164
random_48,4.0,c058,-1.0,-1.625
random_48,4.0,c002,-0.5624914169311523,-1.9999761581420898
random_48,4.0,c024,0.18747901916503906,0.12506103515625
random_48,4.0,c023,0.3124971389770508,-2.0623273849487305
random_48,4.0,c022,1.6874980926513672,-0.9998865127563477
random_48,4.0,c056,0.687047004699707,-0.047089576721191406
random_48,4.0,c029,-1.8749980926513672,-0.1249990463256836
random_48,4.0,c025,-0.3124866485595703,0.43746280670166016
random_48,4.0,c000,1.3123884201049805,-1.6238174438476562
random_48,4.0,c036,-9.059906005859375e-05,-0.7496376037597656
random_48,4.0,c020,5.9999589920043945,-3.124728202819824
random_48,4.0,c011,1.5625,-2.8749160766601562
random_48,4.0,c003,0.2500038146972656,-1.6874017715454102
random_48,4.0,c045,5.1874895095825195,-2.4997358322143555
random_48,4.0,c046,-1.2497615814208984,-0.25095558166503906
random_48,4.0,c044,6.687470436096191,-3.3736677169799805
random_48,4.0,c008,-2.25,-1.125
random_48,4.0,c049,2.4375,-1.9374961853027344
random_48,4.0,c013,6.874974250793457,-3.3121442794799805
random_48,4.0,c042,1.4374799728393555,-2.437495231628418
random_48,4.0,c009,-0.5625,5.91278076171875e-05
random_48,4.0,c047,-1.0625009536743164,-1.999612808227539
random_48,4.0,c050,0.4999704360961914,-0.686558723449707
random_48,4.0,c043,0.6873998641967773,-0.06244659423828125
random_48,4.0,c016,0.6874942779541016,-1.8124446868896484
random_48,4.0,c014,0.24998760223388672,-1.5625009536743164
random_48,4.0,c041,-2.312502861022949,0.3750753402709961
random_48,4.0,c006,0.18741989135742188,-1.1244478225708008
random_48,4.0,c039,-2.249980926513672,-0.18767452239990234
random_48,4.0,c017,1.5624809265136719,-1.874861717224121
random_48,4.0,c058,0.0,-0.3125038146972656
random_48,4.0,c002,-0.6250066757202148,-2.9999895095825195
random_48,4.0,c024,0.4373655319213867,-0.43735313415527344
random_48,4.0,c023,1.9999399185180664,0.12494945526123047
random_48,4.0,c022,-0.6250057220458984,-0.7500114440917969
random_48,4.0,c056,1.3123970031738281,-0.30962657928466797
random_49,-1.0,c041,1.9998931884765625,-0.18741989135742188
random_49,-1.0,c006,1.9367990493774414,-0.5001993179321289
random_49,-1.0,c039,1.562514305114746,0.25000858306884766
random_49,-1.0,c017,5.1874542236328125,0.1874828338623047
random_49,-1.0,c058,0.5624980926513672,-0.06250190734863281
random_49,-1.0,c002,1.4375,1.52587890625e-05
random_49,-1.0,c024,-0.06258678436279297,-0.12500476837158203
random_49,-1.0,c023,2.6872329711914062,0.312408447265625
random_49,-1.0,c022,2.499945640563965,-0.18743896484375
random_49,-1.0,c056,0.24060916900634766,-0.4935274124145508
random_49,-1.0,c029,-1.9999980926513672,-0.2499990463256836
random_49,-1.0,c025,-0.6248140335083008,0.1251354217529297
random_49,-1.0,c000,2.624530792236328,-0.3116750717163086
random_49,-1.0,c036,0.4369649887084961,-0.31258201599121094
random_49,-1.0,c020,8.999762535095215,-0.1249246597290039
random_49,-1.0,c011,4.062446594238281,-0.374969482421875
random_49,-1.0,c003,1.5624475479125977,-0.3749580383300781
random_49,-1.0,c045,7.499790191650391,-0.18743515014648438
random_49,-1.0,c046,-0.8741664886474609,0.12463951110839844
random_49,-1.0,c044,9.186333656311035,-0.8748044967651367
random_49,-1.0,c008,-0.875,0.25
random_49,-1.0,c049,3.8125,-0.5624961853027344
random_49,-1.0,c013,10.0618896484375,-0.1252288818359375
random_49,-1.0,c042,3.0624589920043945,-0.8125162124633789
random_49,-1.0,c009,-0.9375343322753906,-0.37497520446777344
random_49,-1.0,c047,0.7493801116943359,-0.18773174285888672
random_49,-1.0,c050,0.6869125366210938,-0.4996166229248047
random_49,-1.0,c043,0.06246662139892578,-0.6873798370361328
random_49,-1.0,c016,2.687485694885254,0.1875467300415039
random_49,-1.0,c014,1.312495231628418,-0.49999332427978516
random_49,-1.0,c041,-2.8749752044677734,-0.18739700317382812
random_49,-1.0,c006,0.9991950988769531,-0.31267261505126953
random_49,-1.0,c039,-2.43709659576416,-0.3747901916503906
random_49,-1.0,c017,3.4998645782470703,0.06252193450927734
random_49,-1.0,c058,0.125,-0.18750381469726562
random_49,-1.0,c002,2.3124732971191406,-0.06250953674316406
random_49,-1.0,c024,0.43732452392578125,-0.4373941421508789
random_49,-1.0,c023,1.5000333786010742,-0.3749570846557617
random_49,-1.0,c022,-0.12499237060546875,-0.2499980926513672
random_49,-1.0,c056,1.2483062744140625,-0.3737173080444336
random_49,1.0,c041,2.624484062194824,0.43717098236083984
random_49,1.0,c006,2.374460220336914,-0.06253814697265625
random_49,1.0,c039,1.5000009536743164,0.18749523162841797
random_49,1.0,c017,5.3124542236328125,0.3124828338623047
random_49,1.0,c058,0.9999980926513672,0.3749980926513672
random_49,1.0,c002,1.874995231628418,0.43751049041748047
random_49,1.0,c024,0.4374713897705078,0.37505340576171875
random_49,1.0,c023,2.6872148513793945,0.3123903274536133
random_49,1.0,c022,3.187234878540039,0.4998502731323242
random_49,1.0,c056,1.119729995727539,0.3855934143066406
random_49,1.0,c029,-1.9374933242797852,-0.18749427795410156
random_49,1.0,c025,-0.6250343322753906,0.12491512298583984
random_49,1.0,c000,2.811690330505371,-0.12451553344726562
random_49,1.0,c036,0.4995546340942383,-0.24999237060546875
random_49,1.0,c020,9.124353408813477,-0.0003337860107421875
random_49,1.0,c011,4.312417984008789,-0.12499809265136719
random_49,1.0,c003,2.187459945678711,0.25005435943603516
random_49,1.0,c045,7.5619611740112305,-0.12526416778564453
random_49,1.0,c046,-0.37425708770751953,0.6245489120483398
random_49,1.0,c044,9.622173309326172,-0.43896484375
random_49,1.0,c008,-1.5625,-0.4375
random_49,1.0,c049,5.062494277954102,0.6874980926513672
random_49,1.0,c013,9.499534606933594,-0.6875839233398438
random_49,1.0,c042,4.062435150146484,0.18745994567871094
random_49,1.0,c009,-0.06258773803710938,0.4999713897705078
random_49,1.0,c047,1.3121585845947266,0.3750467300415039
random_49,1.0,c050,1.4984264373779297,0.31189727783203125
random_49,1.0,c043,1.1871376037597656,0.43729114532470703
random_49,1.0,c016,2.5624589920043945,0.06252002716064453
random_49,1.0,c014,1.999990463256836,0.1875019073486328
random_49,1.0,c041,-2.312562942504883,0.3750152587890625
random_49,1.0,c006,1.4372634887695312,0.1253957748413086
random_49,1.0,c039,-1.8748064041137695,0.1875
random_49,1.0,c017,3.812328338623047,0.3749856948852539
random_49,1.0,c058,0.1875019073486328,-0.1250019073486328
random_49,1.0,c002,2.749953269958496,0.3749704360961914
random_49,1.0,c024,1.8123350143432617,0.9376163482666016
random_49,1.0,c023,2.437373161315918,0.562382698059082
random_49,1.0,c022,0.31250953674316406,0.18750381469726562
random_49,1.0,c056,2.4978675842285156,0.8758440017700195
random_49,-4.0,c041,2.0624799728393555,-0.1248331069946289
random_49,-4.0,c006,1.3747529983520508,-1.0622453689575195
random_49,-4.0,c039,0.8750581741333008,-0.43744754791259766
random_49,-4.0,c017,3.5624704360961914,-1.4375009536743164
random_49,-4.0,c058,0.6875,0.0625
random_49,-4.0,c002,1.0000581741333008,-0.4374265670776367
random_49,-4.0,c024,0.500056266784668,0.4376382827758789
random_49,-4.0,c023,1.9374675750732422,-0.43735694885253906
random_49,-4.0,c022,1.9377336502075195,-0.7496509552001953
random_49,-4.0,c056,0.11657905578613281,-0.6175575256347656
random_49,-4.0,c029,-1.312495231628418,0.4375038146972656
random_49,-4.0,c025,-0.37418556213378906,0.3757638931274414
random_49,-4.0,c000,1.687514305114746,-1.2486915588378906
random_49,-4.0,c036,0.3740682601928711,-0.37547874450683594
random_49,-4.0,c020,8.937487602233887,-0.18719959259033203
random_49,-4.0,c011,3.6874523162841797,-0.7499637603759766
random_49,-4.0,c003,0.562535285949707,-1.3748703002929688
random_49,-4.0,c045,7.374874114990234,-0.3123512268066406
random_49,-4.0,c046,-0.6870622634887695,0.31174373626708984
random_49,-4.0,c044,8.561698913574219,-1.4994392395019531
random_49,-4.0,c008,-0.75,0.375
random_49,-4.0,c049,2.999998092651367,-1.3749980926513672
random_49,-4.0,c013,9.937045097351074,-0.2500734329223633
random_49,-4.0,c042,2.499757766723633,-1.3752174377441406
random_49,-4.0,c009,-1.6875524520874023,-1.1249933242797852
random_49,-4.0,c047,0.6242618560791016,-0.3128499984741211
random_49,-4.0,c050,-0.37512683868408203,-1.5616559982299805
random_49,-4.0,c043,0.6870555877685547,-0.0627908706665039
random_49,-4.0,c016,1.874985694885254,-0.6249532699584961
random_49,-4.0,c014,1.9374580383300781,0.124969482421875
random_49,-4.0,c041,-1.8748178482055664,0.8127603530883789
random_49,-4.0,c006,0.31210803985595703,-0.9997596740722656
random_49,-4.0,c039,-2.061245918273926,0.00106048583984375
random_49,-4.0,c017,2.7497968673706055,-0.6875457763671875
random_49,-4.0,c058,-0.06249809265136719,-0.3750019073486328
random_49,-4.0,c002,2.1874818801879883,-0.1875009536743164
random_49,-4.0,c024,0.06277179718017578,-0.8119468688964844
random_49,-4.0,c023,1.7500877380371094,-0.12490272521972656
random_49,-4.0,c022,0.3751964569091797,0.25019073486328125
random_49,-4.0,c056,0.8741950988769531,-0.747828483581543
random_49,4.0,c041,3.43691349029541,1.2496004104614258
random_49,4.0,c006,3.6866207122802734,1.2496223449707031
random_49,4.0,c039,1.2499942779541016,-0.06251144409179688
random_49,4.0,c017,6.124887466430664,1.1249160766601562
random_49,4.0,c058,1.7499942779541016,1.1249942779541016
random_49,4.0,c002,3.1249942779541016,1.687509536743164
random_49,4.0,c024,1.4998741149902344,1.4374561309814453
random_49,4.0,c023,3.562368392944336,1.1875438690185547
random_49,4.0,c022,3.9370803833007812,1.2496957778930664
random_49,4.0,c056,2.304959297180176,1.5708227157592773
random_49,4.0,c029,-1.0000019073486328,0.7499971389770508
random_49,4.0,c025,0.9375514984130859,1.6875009536743164
random_49,4.0,c000,3.8719491958618164,0.9357433319091797
random_49,4.0,c036,1.3116559982299805,0.5621089935302734
random_49,4.0,c020,8.997443199157715,-0.1272439956665039
random_49,4.0,c011,5.062366485595703,0.6249504089355469
random_49,4.0,c003,2.3747730255126953,0.43736743927001953
random_49,4.0,c045,8.30798053741455,0.6207551956176758
random_49,4.0,c046,1.493612289428711,2.4924182891845703
random_49,4.0,c044,10.862248420715332,0.8011102676391602
random_49,4.0,c008,-1.375,-0.25
random_49,4.0,c049,7.249992370605469,2.8749961853027344
random_49,4.0,c013,9.936840057373047,-0.2502784729003906
random_49,4.0,c042,5.812200546264648,1.937225341796875
random_49,4.0,c009,1.3748092651367188,1.937368392944336
random_49,4.0,c047,2.624772071838379,1.6876602172851562
random_49,4.0,c050,2.6853036880493164,1.498774528503418
random_49,4.0,c043,2.4357213973999023,1.6858749389648438
random_49,4.0,c016,2.9999542236328125,0.5000152587890625
random_49,4.0,c014,3.4374942779541016,1.6250057220458984
random_49,4.0,c041,-0.8125343322753906,1.8750438690185547
random_49,4.0,c006,2.312192916870117,1.0003252029418945
random_49,4.0,c039,-0.8749246597290039,1.1873817443847656
random_49,4.0,c017,4.437219619750977,0.9998769760131836
random_49,4.0,c058,0.7500019073486328,0.4374980926513672
random_49,4.0,c002,3.1874828338623047,0.8125
random_49,4.0,c024,2.999447822570801,2.1247291564941406
random_49,4.0,c023,3.312191963195801,1.4372014999389648
random_49,4.0,c022,1.6249685287475586,1.4999628067016602
random_49,4.0,c056,3.8735713958740234,2.2515478134155273
random_50,-1.0,c041,2.8122682571411133,0.6249551773071289
random_50,-1.0,c006,2.12454891204834,-0.31244945526123047
random_50,-1.0,c039,1.8750028610229492,0.5624971389770508
random_50,-1.0,c017,5.124950408935547,0.12497901916503906
random_50,-1.0,c058,0.5625,-0.0625
random_50,-1.0,c002,1.562495231628418,0.12501049041748047
random_50,-1.0,c024,0.5623302459716797,0.4999122619628906
random_50,-1.0,c023,2.4373950958251953,0.06257057189941406
random_50,-1.0,c022,2.7497730255126953,0.06238842010498047
random_50,-1.0,c056,0.7432327270507812,0.009096145629882812
random_50,-1.0,c029,-1.3124971389770508,0.4375019073486328
random_50,-1.0,c025,-0.1249227523803711,0.6250267028808594
random_50,-1.0,c000,2.873750686645508,-0.062455177307128906
random_50,-1.0,c036,1.0620460510253906,0.3124990463256836
random_50,-1.0,c020,8.49976921081543,-0.6249179840087891
random_50,-1.0,c011,4.874935150146484,0.4375190734863281
random_50,-1.0,c003,2.124969482421875,0.18756389617919922
random_50,-1.0,c045,7.624753952026367,-0.06247138977050781
random_50,-1.0,c046,-0.6238241195678711,0.3749818801879883
random_50,-1.0,c044,9.249136924743652,-0.8120012283325195
random_50,-1.0,c008,-1.4375,-0.3125
random_50,-1.0,c049,4.062498092651367,-0.3124980926513672
random_50,-1.0,c013,8.999595642089844,-1.1875228881835938
random_50,-1.0,c042,4.062441825866699,0.18746662139892578
random_50,-1.0,c009,-0.12508106231689453,0.43747806549072266
random_50,-1.0,c047,1.1240959167480469,0.18698406219482422
random_50,-1.0,c050,1.3121833801269531,0.1256542205810547
random_50,-1.0,c043,0.9995250701904297,0.2496786117553711
random_50,-1.0,c016,2.3749818801879883,-0.12495708465576172
random_50,-1.0,c014,2.312485694885254,0.4999971389770508
random_50,-1.0,c041,-2.437570571899414,0.25000762939453125
random_50,-1.0,c006,1.1871528625488281,-0.12471485137939453
random_50,-1.0,c039,-1.312479019165039,0.7498273849487305
random_50,-1.0,c017,3.8748931884765625,0.43755054473876953
random_50,-1.0,c058,0.2500019073486328,-0.06250190734863281
random_50,-1.0,c002,2.7499637603759766,0.3749809265136719
random_50,-1.0,c024,1.0624046325683594,0.18768596649169922
random_50,-1.0,c023,2.437429428100586,0.56243896484375
random_50,-1.0,c022,0.1249990463256836,-6.67572021484375e-06
random_50,-1.0,c056,1.9366893768310547,0.3146657943725586
random_50,1.0,c041,1.9998550415039062,-0.18745803833007812
random_50,1.0,c006,2.186638832092285,-0.25035953521728516
random_50,1.0,c039,1.1874990463256836,-0.12500667572021484
random_50,1.0,c017,4.9374237060546875,-0.06254768371582031
random_50,1.0,c058,0.12499809265136719,-0.5000019073486328
random_50,1.0,c002,1.2500038146972656,-0.18748092651367188
random_50,1.0,c024,-0.18755626678466797,-0.24997425079345703
random_50,1.0,c023,2.49979305267334,0.1249685287475586
random_50,1.0,c022,2.7499732971191406,0.06258869171142578
random_50,1.0,c056,0.17362117767333984,-0.5605154037475586
random_50,1.0,c029,-2.187495231628418,-0.4374961853027344
random_50,1.0,c025,-0.4372673034667969,0.3126821517944336
random_50,1.0,c000,2.3118410110473633,-0.6243648529052734
random_50,1.0,c036,-0.00037479400634765625,-0.7499217987060547
random_50,1.0,c020,9.249235153198242,0.12454795837402344
random_50,1.0,c011,4.24995231628418,-0.18746376037597656
random_50,1.0,c003,1.7499256134033203,-0.18747997283935547
random_50,1.0,c045,8.311956405639648,0.6247310638427734
random_50,1.0,c046,-0.6227359771728516,0.3760700225830078
random_50,1.0,c044,9.995732307434082,-0.06540584564208984
random_50,1.0,c008,-1.6875,-0.5625
random_50,1.0,c049,4.624996185302734,0.25
random_50,1.0,c013,10.499192237854004,0.3120737075805664
random_50,1.0,c042,3.6249523162841797,-0.25002288818359375
random_50,1.0,c009,-0.68756103515625,-0.1250019073486328
random_50,1.0,c047,0.7492351531982422,-0.18787670135498047
random_50,1.0,c050,1.124429702758789,-0.062099456787109375
random_50,1.0,c043,0.5617647171020508,-0.1880817413330078
random_50,1.0,c016,2.37496280670166,-0.12497615814208984
random_50,1.0,c014,1.500025749206543,-0.31246280670166016
random_50,1.0,c041,-2.8750228881835938,-0.18744468688964844
random_50,1.0,c006,1.062241554260254,-0.24962615966796875
random_50,1.0,c039,-2.687288284301758,-0.6249818801879883
random_50,1.0,c017,3.187394142150879,-0.24994850158691406
random_50,1.0,c058,-0.062496185302734375,-0.375
random_50,1.0,c002,2.12497615814209,-0.25000667572021484
random_50,1.0,c024,0.687190055847168,-0.1875286102294922
random_50,1.0,c023,1.8125085830688477,-0.06248188018798828
random_50,1.0,c022,-0.5000247955322266,-0.625030517578125
random_50,1.0,c056,1.8721895217895508,0.2501659393310547
random_50,-4.0,c041,4.31240177154541,2.125088691711426
random_50,-4.0,c006,3.312251091003418,0.8752527236938477
random_50,-4.0,c039,3.062498092651367,1.7499923706054688
random_50,-4.0,c017,5.437373161315918,0.43740177154541016
random_50,-4.0,c058,1.3749961853027344,0.7499961853027344
random_50,-4.0,c002,1.9999942779541016,0.5625095367431641
random_50,-4.0,c024,2.1874608993530273,2.1250429153442383
random_50,-4.0,c023,2.624927520751953,0.2501029968261719
random_50,-4.0,c022,3.6873226165771484,0.9999380111694336
random_50,-4.0,c056,2.3101797103881836,1.5760431289672852
random_50,-4.0,c029,-0.7500114440917969,0.9999876022338867
random_50,-4.0,c025,1.1250133514404297,1.8749628067016602
random_50,-4.0,c000,4.124628067016602,1.1884222030639648
random_50,-4.0,c036,2.499722480773926,1.7501754760742188
random_50,-4.0,c020,7.624855995178223,-1.499831199645996
random_50,-4.0,c011,5.437465667724609,1.0000495910644531
random_50,-4.0,c003,2.437445640563965,0.5000400543212891
random_50,-4.0,c045,6.812353134155273,-0.8748722076416016
random_50,-4.0,c046,0.750126838684082,1.7489328384399414
random_50,-4.0,c044,8.437244415283203,-1.6238937377929688
random_50,-4.0,c008,-0.4375,0.6875
random_50,-4.0,c049,3.9999942779541016,-0.3750019073486328
random_50,-4.0,c013,7.749947547912598,-2.43717098236084
random_50,-4.0,c042,4.999953269958496,1.1249780654907227
random_50,-4.0,c009,0.4999246597290039,1.062483787536621
random_50,-4.0,c047,1.562056541442871,0.6249446868896484
random_50,-4.0,c050,1.6871976852416992,0.5006685256958008
random_50,-4.0,c043,2.0622167587280273,1.3123703002929688
random_50,-4.0,c016,2.37496280670166,-0.12497615814208984
random_50,-4.0,c014,3.1249570846557617,1.3124685287475586
random_50,-4.0,c041,-1.1250286102294922,1.5625495910644531
random_50,-4.0,c006,2.6873016357421875,1.3754339218139648
random_50,-4.0,c039,0.49996280670166016,2.5622692108154297
random_50,-4.0,c017,4.249929428100586,0.812586784362793
random_50,-4.0,c058,1.3750019073486328,1.0624980926513672
random_50,-4.0,c002,2.8124866485595703,0.4375038146972656
random_50,-4.0,c024,1.937434196472168,1.0627155303955078
random_50,-4.0,c023,2.874964714050293,0.999974250793457
random_50,-4.0,c022,1.3125019073486328,1.1874961853027344
random_50,-4.0,c056,2.6872692108154297,1.0652456283569336
random_50,4.0,c041,1.2500419616699219,-0.9372711181640625
random_50,4.0,c006,1.8123445510864258,-0.6246538162231445
random_50,4.0,c039,0.06252384185791016,-1.2499818801879883
random_50,4.0,c017,3.874974250793457,-1.1249971389770508
random_50,4.0,c058,-0.5624980926513672,-1.1874980926513672
random_50,4.0,c002,1.000030517578125,-0.4374542236328125
random_50,4.0,c024,-0.24995708465576172,-0.3123750686645508
random_50,4.0,c023,0.9374561309814453,-1.437368392944336
random_50,4.0,c022,1.749969482421875,-0.9374151229858398
random_50,4.0,c056,0.4176912307739258,-0.31644535064697266
random_50,4.0,c029,-2.1249847412109375,-0.3749856948852539
random_50,4.0,c025,-0.8123464584350586,-0.062397003173828125
random_50,4.0,c000,1.624856948852539,-1.3113489151000977
random_50,4.0,c036,-1.0001039505004883,-1.7496509552001953
random_50,4.0,c020,9.499310493469238,0.37462329864501953
random_50,4.0,c011,2.9375295639038086,-1.4998865127563477
random_50,4.0,c003,1.1875362396240234,-0.7498693466186523
random_50,4.0,c045,8.249517440795898,0.5622920989990234
random_50,4.0,c046,0.0005521774291992188,0.9993581771850586
random_50,4.0,c044,10.182109832763672,0.1209716796875
random_50,4.0,c008,-3.125,-2.0
random_50,4.0,c049,5.6875,1.3125038146972656
random_50,4.0,c013,10.686613082885742,0.4994945526123047
random_50,4.0,c042,2.374967575073242,-1.5000076293945312
random_50,4.0,c009,-1.250014305114746,-0.6874551773071289
random_50,4.0,c047,0.31231117248535156,-0.6248006820678711
random_50,4.0,c050,0.49907684326171875,-0.6874523162841797
random_50,4.0,c043,0.06260013580322266,-0.6872463226318359
random_50,4.0,c016,1.9374723434448242,-0.5624666213989258
random_50,4.0,c014,0.4375801086425781,-1.374908447265625
random_50,4.0,c041,-2.6874866485595703,9.1552734375e-05
random_50,4.0,c006,0.7495908737182617,-0.5622768402099609
random_50,4.0,c039,-3.0622119903564453,-0.9999055862426758
random_50,4.0,c017,2.124985694885254,-1.312356948852539
random_50,4.0,c058,-0.4999980926513672,-0.8125019073486328
random_50,4.0,c002,1.374985694885254,-0.9999971389770508
random_50,4.0,c024,1.4374761581420898,0.5627574920654297
random_50,4.0,c023,1.3127260208129883,-0.5622644424438477
random_50,4.0,c022,-0.2499837875366211,-0.37498950958251953
random_50,4.0,c056,1.6223430633544922,0.00031948089599609375
random_51,-1.0,c041,2.812014579772949,0.6247014999389648
random_51,-1.0,c006,3.1231422424316406,0.6861438751220703
random_51,-1.0,c039,2.0625038146972656,0.7499980926513672
random_51,-1.0,c017,5.812246322631836,0.8122749328613281
random_51,-1.0,c058,0.8124942779541016,0.18749427795410156
random_51,-1.0,c002,2.0624876022338867,0.6250028610229492
random_51,-1.0,c024,0.3747138977050781,0.31229591369628906
random_51,-1.0,c023,2.9369897842407227,0.5621652603149414
random_51,-1.0,c022,3.2496042251586914,0.5622196197509766
random_51,-1.0,c056,0.8567428588867188,0.12260627746582031
random_51,-1.0,c029,-1.5624990463256836,0.1875
random_51,-1.0,c025,-0.18747997283935547,0.562469482421875
random_51,-1.0,c000,3.0608558654785156,0.1246500015258789
random_51,-1.0,c036,0.9359598159790039,0.18641281127929688
random_51,-1.0,c020,9.624471664428711,0.4997844696044922
random_51,-1.0,c011,5.062221527099609,0.6248054504394531
random_51,-1.0,c003,2.624723434448242,0.6873178482055664
random_51,-1.0,c045,8.62411117553711,0.9368858337402344
random_51,-1.0,c046,-0.43866539001464844,0.5601406097412109
random_51,-1.0,c044,10.747186660766602,0.6860485076904297
random_51,-1.0,c008,-1.125,0.0
random_51,-1.0,c049,3.9999961853027344,-0.375
random_51,-1.0,c013,9.811880111694336,-0.37523841857910156
random_51,-1.0,c042,4.874931335449219,0.9999561309814453
random_51,-1.0,c009,-0.18770122528076172,0.37485790252685547
random_51,-1.0,c047,1.3740119934082031,0.43690013885498047
random_51,-1.0,c050,1.6862545013427734,0.499725341796875
random_51,-1.0,c043,1.3118581771850586,0.56201171875
random_51,-1.0,c016,3.2499542236328125,0.7500152587890625
random_51,-1.0,c014,2.8124876022338867,0.9999990463256836
random_51,-1.0,c041,-2.5626144409179688,0.12496376037597656
random_51,-1.0,c006,2.12308406829834,0.8112163543701172
random_51,-1.0,c039,-1.6871490478515625,0.37515735626220703
random_51,-1.0,c017,3.6873903274536133,0.2500476837158203
random_51,-1.0,c058,9.5367431640625e-07,-0.3125028610229492
random_51,-1.0,c002,3.562375068664551,1.187392234802246
random_51,-1.0,c024,2.311812400817871,1.437093734741211
random_51,-1.0,c023,2.5624008178710938,0.6874103546142578
random_51,-1.0,c022,0.1874856948852539,0.06247997283935547
random_51,-1.0,c056,2.2460546493530273,0.6240310668945312
random_51,1.0,c041,2.1873207092285156,7.62939453125e-06
random_51,1.0,c006,1.624673843383789,-0.8123245239257812
random_51,1.0,c039,1.0625038146972656,-0.2500019073486328
random_51,1.0,c017,4.562482833862305,-0.4374885559082031
random_51,1.0,c058,0.625,0.0
random_51,1.0,c002,0.5625,-0.8749847412109375
random_51,1.0,c024,-0.06256961822509766,-0.12498760223388672
random_51,1.0,c023,1.9374313354492188,-0.4373931884765625
random_51,1.0,c022,2.312424659729004,-0.37495994567871094
random_51,1.0,c056,0.3060436248779297,-0.42809295654296875
random_51,1.0,c029,-2.124998092651367,-0.3749990463256836
random_51,1.0,c025,-0.7497768402099609,0.00017261505126953125
random_51,1.0,c000,2.2497682571411133,-0.6864376068115234
random_51,1.0,c036,0.06227588653564453,-0.6872711181640625
random_51,1.0,c020,8.187196731567383,-0.9374904632568359
random_51,1.0,c011,3.8749895095825195,-0.5624265670776367
random_51,1.0,c003,1.6874456405639648,-0.24995994567871094
random_51,1.0,c045,6.937178611755371,-0.7500467300415039
random_51,1.0,c046,-0.8116664886474609,0.18713951110839844
random_51,1.0,c044,8.811869621276855,-1.2492685317993164
random_51,1.0,c008,-1.8125,-0.6875
random_51,1.0,c049,5.062494277954102,0.6874980926513672
random_51,1.0,c013,8.93733024597168,-1.2497882843017578
random_51,1.0,c042,2.874969482421875,-1.0000057220458984
random_51,1.0,c009,-0.6875228881835938,-0.12496376037597656
random_51,1.0,c047,0.43724822998046875,-0.4998636245727539
random_51,1.0,c050,0.4371910095214844,-0.7493381500244141
random_51,1.0,c043,0.6246910095214844,-0.12515544891357422
random_51,1.0,c016,1.687485694885254,-0.8124532699584961
random_51,1.0,c014,1.3124971389770508,-0.49999141693115234
random_51,1.0,c041,-2.687533378601074,4.482269287109375e-05
random_51,1.0,c006,0.37490081787109375,-0.9369668960571289
random_51,1.0,c039,-2.2498178482055664,-0.18751144409179688
random_51,1.0,c017,3.124959945678711,-0.31238269805908203
random_51,1.0,c058,0.5000019073486328,0.1874980926513672
random_51,1.0,c002,1.812490463256836,-0.5624923706054688
random_51,1.0,c024,0.3124818801879883,-0.5622367858886719
random_51,1.0,c023,1.4374542236328125,-0.43753623962402344
random_51,1.0,c022,-0.3124876022338867,-0.43749332427978516
random_51,1.0,c056,1.623896598815918,0.001873016357421875
random_51,-4.0,c041,4.4936628341674805,2.306349754333496
random_51,-4.0,c006,4.932600021362305,2.4956016540527344
random_51,-4.0,c039,2.937471389770508,1.6249656677246094
random_51,-4.0,c017,6.934149742126465,1.934178352355957
random_51,-4.0,c058,1.3124513626098633,0.6874513626098633
random_51,-4.0,c002,4.687387466430664,3.2499027252197266
random_51,-4.0,c024,1.8117361068725586,1.7493181228637695
random_51,-4.0,c023,4.875020980834961,2.5001964569091797
random_51,-4.0,c022,3.9992713928222656,1.3118867874145508
random_51,-4.0,c056,2.0880308151245117,1.3538942337036133
random_51,-4.0,c029,-0.87506103515625,0.8749380111694336
random_51,-4.0,c025,0.6893215179443359,1.4392709732055664
random_51,-4.0,c000,4.741528511047363,1.8053226470947266
random_51,-4.0,c036,2.0516281127929688,1.3020811080932617
random_51,-4.0,c020,10.872370719909668,1.7476835250854492
random_51,-4.0,c011,6.623098373413086,2.1856822967529297
random_51,-4.0,c003,2.7462425231933594,0.8088369369506836
random_51,-4.0,c045,9.622527122497559,1.9353017807006836
random_51,-4.0,c046,1.0634288787841797,2.062234878540039
random_51,-4.0,c044,11.482961654663086,1.421823501586914
random_51,-4.0,c008,0.3124980926513672,1.4374980926513672
random_51,-4.0,c049,3.874969482421875,-0.5000267028808594
random_51,-4.0,c013,10.560307502746582,0.37318897247314453
random_51,-4.0,c042,7.186144828796387,3.3111696243286133
random_51,-4.0,c009,0.5005073547363281,1.0630664825439453
random_51,-4.0,c047,3.0566635131835938,2.119551658630371
random_51,-4.0,c050,3.1190996170043945,1.932570457458496
random_51,-4.0,c043,2.997865676879883,2.248019218444824
random_51,-4.0,c016,5.122129440307617,2.622190475463867
random_51,-4.0,c014,5.624706268310547,3.8122177124023438
random_51,-4.0,c041,-1.625152587890625,1.0624256134033203
random_51,-4.0,c006,3.735401153564453,2.4235334396362305
random_51,-4.0,c039,-0.8123874664306641,1.2499189376831055
random_51,-4.0,c017,5.373776435852051,1.9364337921142578
random_51,-4.0,c058,0.25000572204589844,-0.06249809265136719
random_51,-4.0,c002,5.12462043762207,2.7496376037597656
random_51,-4.0,c024,5.115509986877441,4.240791320800781
random_51,-4.0,c023,4.248866081237793,2.373875617980957
random_51,-4.0,c022,2.1252193450927734,2.000213623046875
random_51,-4.0,c056,3.3630752563476562,1.7410516738891602
random_51,4.0,c041,1.6874799728393555,-0.4998331069946289
random_51,4.0,c006,0.8749446868896484,-1.5620536804199219
random_51,4.0,c039,-0.25,-1.5625057220458984
random_51,4.0,c017,3.3749923706054688,-1.624979019165039
random_51,4.0,c058,1.7499980926513672,1.1249980926513672
random_51,4.0,c002,-1.0624847412109375,-2.499969482421875
random_51,4.0,c024,0.18750858306884766,0.1250905990600586
random_51,4.0,c023,1.124979019165039,-1.2498455047607422
random_51,4.0,c022,2.249971389770508,-0.43741321563720703
random_51,4.0,c056,0.06223487854003906,-0.6719017028808594
random_51,4.0,c029,-1.8749980926513672,-0.1249990463256836
random_51,4.0,c025,-0.4374408721923828,0.31250858306884766
random_51,4.0,c000,1.6873750686645508,-1.248830795288086
random_51,4.0,c036,-0.6875410079956055,-1.4370880126953125
random_51,4.0,c020,7.374849319458008,-1.749837875366211
random_51,4.0,c011,2.562502861022949,-1.874913215637207
random_51,4.0,c003,-0.06246757507324219,-1.999873161315918
random_51,4.0,c045,6.499909400939941,-1.1873159408569336
random_51,4.0,c046,-1.1212444305419922,-0.12243843078613281
random_51,4.0,c044,8.249722480773926,-1.811415672302246
random_51,4.0,c008,-2.4375,-1.3125
random_51,4.0,c049,5.874998092651367,1.5000019073486328
random_51,4.0,c013,7.9373979568481445,-2.249720573425293
random_51,4.0,c042,0.8124809265136719,-3.0624942779541016
random_51,4.0,c009,-0.7499980926513672,-0.18743896484375
random_51,4.0,c047,0.4373750686645508,-0.4997367858886719
random_51,4.0,c050,-1.0000791549682617,-2.18660831451416
random_51,4.0,c043,0.7499189376831055,7.2479248046875e-05
random_51,4.0,c016,0.5624904632568359,-1.937448501586914
random_51,4.0,c014,0.5625,-1.2499885559082031
random_51,4.0,c041,-2.3749923706054688,0.31258583068847656
random_51,4.0,c006,-0.5625400543212891,-1.8744077682495117
random_51,4.0,c039,-1.6249761581420898,0.4373302459716797
random_51,4.0,c017,2.31246280670166,-1.1248798370361328
random_51,4.0,c058,0.8125,0.4999961853027344
random_51,4.0,c002,0.7499914169311523,-1.6249914169311523
random_51,4.0,c024,-0.18749427795410156,-1.0622129440307617
random_51,4.0,c023,1.249892234802246,-0.6250982284545898
random_51,4.0,c022,-1.0624885559082031,-1.1874942779541016
random_51,4.0,c056,0.7497491836547852,-0.8722743988037109
random_52,-1.0,c041,2.687239646911621,0.4999265670776367
random_52,-1.0,c006,2.311677932739258,-0.1253204345703125
random_52,-1.0,c039,1.0625104904174805,-0.24999523162841797
random_52,-1.0,c017,4.499947547912598,-0.5000238418579102
random_52,-1.0,c058,0.4999980926513672,-0.1250019073486328
random_52,-1.0,c002,1.3124980926513672,-0.12498664855957031
random_52,-1.0,c024,-0.2501039505004883,-0.31252193450927734
random_52,-1.0,c023,2.062209129333496,-0.31261539459228516
random_52,-1.0,c022,2.4375619888305664,-0.24982261657714844
random_52,-1.0,c056,0.17600727081298828,-0.5581293106079102
random_52,-1.0,c029,-2.437498092651367,-0.6874990463256836
random_52,-1.0,c025,-0.9371337890625,-0.18718433380126953
random_52,-1.0,c000,2.9994773864746094,0.06327152252197266
random_52,-1.0,c036,0.4997596740722656,-0.2497873306274414
random_52,-1.0,c020,7.937253952026367,-1.1874332427978516
random_52,-1.0,c011,4.874935150146484,0.4375190734863281
random_52,-1.0,c003,1.749929428100586,-0.18747615814208984
random_52,-1.0,c045,7.499582290649414,-0.18764305114746094
random_52,-1.0,c046,-0.8765707015991211,0.12223529815673828
random_52,-1.0,c044,9.435821533203125,-0.6253166198730469
random_52,-1.0,c008,-2.0,-0.875
random_52,-1.0,c049,4.249996185302734,-0.125
random_52,-1.0,c013,9.186969757080078,-1.0001487731933594
random_52,-1.0,c042,3.499932289123535,-0.3750429153442383
random_52,-1.0,c009,-1.0000476837158203,-0.4374885559082031
random_52,-1.0,c047,0.6245765686035156,-0.31253528594970703
random_52,-1.0,c050,0.7493362426757812,-0.4371929168701172
random_52,-1.0,c043,1.0616512298583984,0.31180477142333984
random_52,-1.0,c016,2.1249122619628906,-0.3750267028808594
random_52,-1.0,c014,1.8124961853027344,7.62939453125e-06
random_52,-1.0,c041,-2.8125123977661133,-0.12493419647216797
random_52,-1.0,c006,0.999598503112793,-0.3122692108154297
random_52,-1.0,c039,-2.4998044967651367,-0.4374980926513672
random_52,-1.0,c017,3.1873884201049805,-0.2499542236328125
random_52,-1.0,c058,0.1250019073486328,-0.1875019073486328
random_52,-1.0,c002,2.1249427795410156,-0.25004005432128906
random_52,-1.0,c024,0.9998188018798828,0.12510013580322266
random_52,-1.0,c023,1.749959945678711,-0.125030517578125
random_52,-1.0,c022,-0.24998092651367188,-0.3749866485595703
random_52,-1.0,c056,1.3733415603637695,-0.24868202209472656
random_52,1.0,c041,2.249849319458008,0.06253623962402344
random_52,1.0,c006,2.187069892883301,-0.24992847442626953
random_52,1.0,c039,2.3125009536743164,0.999995231628418
random_52,1.0,c017,5.374971389770508,0.375
random_52,1.0,c058,1.1249961853027344,0.4999961853027344
random_52,1.0,c002,1.5000009536743164,0.0625162124633789
random_52,1.0,c024,0.49996471405029297,0.4375467300415039
random_52,1.0,c023,2.3123817443847656,-0.062442779541015625
random_52,1.0,c022,2.937295913696289,0.24991130828857422
random_52,1.0,c056,0.8050689697265625,0.07093238830566406
random_52,1.0,c029,-1.1874971389770508,0.5625019073486328
random_52,1.0,c025,-0.31241607666015625,0.4375333786010742
random_52,1.0,c000,2.436709403991699,-0.4994964599609375
random_52,1.0,c036,0.6244583129882812,-0.12508869171142578
random_52,1.0,c020,9.687180519104004,0.5624933242797852
random_52,1.0,c011,3.9999637603759766,-0.4374523162841797
random_52,1.0,c003,2.0623931884765625,0.12498760223388672
random_52,1.0,c045,8.124691009521484,0.4374656677246094
random_52,1.0,c046,-0.6870813369750977,0.3117246627807617
random_52,1.0,c044,10.311408042907715,0.25026988983154297
random_52,1.0,c008,-0.8125,0.3125
random_52,1.0,c049,4.374998092651367,1.9073486328125e-06
random_52,1.0,c013,10.499395370483398,0.31227684020996094
random_52,1.0,c042,4.124971389770508,0.24999618530273438
random_52,1.0,c009,0.18738174438476562,0.7499408721923828
random_52,1.0,c047,1.3743772506713867,0.43726539611816406
random_52,1.0,c050,1.3745746612548828,0.18804550170898438
random_52,1.0,c043,0.37478160858154297,-0.3750648498535156
random_52,1.0,c016,2.6874752044677734,0.18753623962402344
random_52,1.0,c014,2.1249990463256836,0.31251049041748047
random_52,1.0,c041,-2.750028610229492,-0.062450408935546875
random_52,1.0,c006,1.5618524551391602,0.2499847412109375
random_52,1.0,c039,-1.3749198913574219,0.6873865127563477
random_52,1.0,c017,3.624932289123535,0.1875896453857422
random_52,1.0,c058,0.5625,0.24999618530273438
random_52,1.0,c002,2.3749771118164062,-5.7220458984375e-06
random_52,1.0,c024,0.687230110168457,-0.18748855590820312
random_52,1.0,c023,2.7498703002929688,0.8748798370361328
random_52,1.0,c022,0.12499427795410156,-1.1444091796875e-05
random_52,1.0,c056,2.0606794357299805,0.4386558532714844
random_52,-4.0,c041,1.9998674392700195,-0.18744564056396484
random_52,-4.0,c006,2.1872568130493164,-0.2497415542602539
random_52,-4.0,c039,0.1875171661376953,-1.1249885559082031
random_52,-4.0,c017,3.74990177154541,-1.2500696182250977
random_52,-4.0,c058,-1.3749961853027344,-1.9999961853027344
random_52,-4.0,c002,0.6250133514404297,-0.8124713897705078
random_52,-4.0,c024,-0.43750572204589844,-0.4999237060546875
random_52,-4.0,c023,1.1870908737182617,-1.1877336502075195
random_52,-4.0,c022,2.062530517578125,-0.6248540878295898
random_52,-4.0,c056,-0.3183755874633789,-1.0525121688842773
random_52,-4.0,c029,-3.562498092651367,-1.8124990463256836
random_52,-4.0,c025,-1.0624217987060547,-0.3124723434448242
random_52,-4.0,c000,2.4995040893554688,-0.43670177459716797
random_52,-4.0,c036,-0.43767833709716797,-1.187225341796875
random_52,-4.0,c020,6.687352180480957,-2.4373350143432617
random_52,-4.0,c011,3.749950408935547,-0.6874656677246094
random_52,-4.0,c003,0.8125524520874023,-1.1248531341552734
random_52,-4.0,c045,5.437250137329102,-2.2499752044677734
random_52,-4.0,c046,-1.2488727569580078,-0.25006675720214844
random_52,-4.0,c044,7.624295234680176,-2.436842918395996
random_52,-4.0,c008,-2.625,-1.5
random_52,-4.0,c049,2.75,-1.6249961853027344
random_52,-4.0,c013,8.187248229980469,-1.9998703002929688
random_52,-4.0,c042,2.1249685287475586,-1.7500066757202148
random_52,-4.0,c009,-2.1250123977661133,-1.562453269958496
random_52,-4.0,c047,-0.43750667572021484,-1.3746185302734375
random_52,-4.0,c050,-0.06319046020507812,-1.2497196197509766
random_52,-4.0,c043,0.8743782043457031,0.12453174591064453
random_52,-4.0,c016,0.8749895095825195,-1.6249494552612305
random_52,-4.0,c014,0.9999980926513672,-0.8124904632568359
random_52,-4.0,c041,-2.4375991821289062,0.24997901916503906
random_52,-4.0,c006,0.6873159408569336,-0.6245517730712891
random_52,-4.0,c039,-2.9997243881225586,-0.9374179840087891
random_52,-4.0,c017,2.249967575073242,-1.1873750686645508
random_52,-4.0,c058,-0.7499980926513672,-1.0625019073486328
random_52,-4.0,c002,0.9374933242797852,-1.4374895095825195
random_52,-4.0,c024,0.6250429153442383,-0.24967575073242188
random_52,-4.0,c023,1.1249332427978516,-0.7500572204589844
random_52,-4.0,c022,-0.31245994567871094,-0.4374656677246094
random_52,-4.0,c056,0.31241416931152344,-1.3096094131469727
random_52,4.0,c041,2.5623273849487305,0.3750143051147461
random_52,4.0,c006,2.7497568130493164,0.3127584457397461
random_52,4.0,c039,3.1875,1.8749942779541016
random_52,4.0,c017,5.312443733215332,0.3124723434448242
random_52,4.0,c058,1.4999980926513672,0.8749980926513672
random_52,4.0,c002,2.5,1.0625152587890625
random_52,4.0,c024,1.8749580383300781,1.812540054321289
random_52,4.0,c023,3.4374608993530273,1.062636375427246
random_52,4.0,c022,2.6874074935913086,2.288818359375e-05
random_52,4.0,c056,1.5594635009765625,0.8253269195556641
random_52,4.0,c029,0.9999990463256836,2.749998092651367
random_52,4.0,c025,1.0000085830688477,1.7499580383300781
random_52,4.0,c000,2.6872072219848633,-0.24899864196777344
random_52,4.0,c036,0.8749771118164062,0.12543010711669922
random_52,4.0,c020,11.374824523925781,2.2501373291015625
random_52,4.0,c011,3.1874656677246094,-1.2499504089355469
random_52,4.0,c003,1.9997968673706055,0.06239128112792969
random_52,4.0,c045,9.374576568603516,1.6873512268066406
random_52,4.0,c046,1.1250696182250977,2.123875617980957
random_52,4.0,c044,10.999528884887695,0.9383907318115234
random_52,4.0,c008,-0.5,0.625
random_52,4.0,c049,4.624996185302734,0.25
random_52,4.0,c013,10.999542236328125,0.8124237060546875
random_52,4.0,c042,4.374975204467773,0.5
random_52,4.0,c009,1.3749046325683594,1.9374637603759766
random_52,4.0,c047,1.9373693466186523,1.0002574920654297
random_52,4.0,c050,2.3123292922973633,1.1258001327514648
random_52,4.0,c043,1.124903678894043,0.3750572204589844
random_52,4.0,c016,3.1249799728393555,0.6250410079956055
random_52,4.0,c014,2.812502861022949,1.000014305114746
random_52,4.0,c041,-1.7500076293945312,0.9375705718994141
random_52,4.0,c006,1.9371767044067383,0.6253089904785156
random_52,4.0,c039,0.18754196166992188,2.2498483657836914
random_52,4.0,c017,3.8124780654907227,0.3751354217529297
random_52,4.0,c058,1.0000057220458984,0.6875019073486328
random_52,4.0,c002,2.749990463256836,0.37500762939453125
random_52,4.0,c024,1.374861717224121,0.5001430511474609
random_52,4.0,c023,3.999972343444824,2.1249818801879883
random_52,4.0,c022,0.8749971389770508,0.7499914169311523
random_52,4.0,c056,2.8746204376220703,1.2525968551635742
random_53,-1.0,c041,3.437239646911621,1.2499265670776367
random_53,-1.0,c006,2.9990806579589844,0.5620822906494141
random_53,-1.0,c039,1.8125076293945312,0.5000019073486328
random_53,-1.0,c017,5.374902725219727,0.37493133544921875
random_53,-1.0,c058,1.3124961853027344,0.6874961853027344
random_53,-1.0,c002,2.1250085830688477,0.6875238418579102
random_53,-1.0,c024,0.8748998641967773,0.8124818801879883
random_53,-1.0,c023,3.2496633529663086,0.8748388290405273
random_53,-1.0,c022,3.1249656677246094,0.43758106231689453
random_53,-1.0,c056,1.2447261810302734,0.510589599609375
random_53,-1.0,c029,-1.125,0.6249990463256836
random_53,-1.0,c025,-0.1249532699584961,0.6249961853027344
random_53,-1.0,c000,3.810596466064453,0.8743906021118164
random_53,-1.0,c036,1.4366340637207031,0.6870870590209961
random_53,-1.0,c020,9.749283790588379,0.6245965957641602
random_53,-1.0,c011,5.062411308288574,0.624995231628418
random_53,-1.0,c003,2.4998693466186523,0.5624637603759766
random_53,-1.0,c045,8.874456405639648,1.1872310638427734
random_53,-1.0,c046,0.12603378295898438,1.1248397827148438
random_53,-1.0,c044,10.371801376342773,0.31066322326660156
random_53,-1.0,c008,-0.125,1.0
random_53,-1.0,c049,5.187496185302734,0.8125
random_53,-1.0,c013,10.749113082885742,0.5619945526123047
random_53,-1.0,c042,4.87491512298584,0.9999399185180664
random_53,-1.0,c009,0.1874237060546875,0.7499828338623047
random_53,-1.0,c047,1.6246633529663086,0.6875514984130859
random_53,-1.0,c050,1.9367332458496094,0.7502040863037109
random_53,-1.0,c043,1.4997291564941406,0.749882698059082
random_53,-1.0,c016,3.6874570846557617,1.1875181198120117
random_53,-1.0,c014,2.9999961853027344,1.1875076293945312
random_53,-1.0,c041,-1.6250429153442383,1.062535285949707
random_53,-1.0,c006,2.061422348022461,0.7495546340942383
random_53,-1.0,c039,-1.749861717224121,0.31244468688964844
random_53,-1.0,c017,3.937349319458008,0.5000066757202148
random_53,-1.0,c058,0.5000038146972656,0.1875
random_53,-1.0,c002,2.9999704360961914,0.6249876022338867
random_53,-1.0,c024,2.3112964630126953,1.4365777969360352
random_53,-1.0,c023,2.6874380111694336,0.8124475479125977
random_53,-1.0,c022,0.6249971389770508,0.49999141693115234
random_53,-1.0,c056,2.4362611770629883,0.8142375946044922
random_53,1.0,c041,1.7497968673706055,-0.4375162124633789
random_53,1.0,c006,1.437042236328125,-0.9999561309814453
random_53,1.0,c039,1.0624990463256836,-0.25000667572021484
random_53,1.0,c017,4.624940872192383,-0.375030517578125
random_53,1.0,c058,0.0,-0.625
random_53,1.0,c002,0.6874904632568359,-0.7499942779541016
random_53,1.0,c024,-0.3126516342163086,-0.37506961822509766
random_53,1.0,c023,1.499873161315918,-0.8749513626098633
random_53,1.0,c022,2.312213897705078,-0.3751707077026367
random_53,1.0,c056,-0.44149017333984375,-1.1756267547607422
random_53,1.0,c029,-2.6875,-0.9375009536743164
random_53,1.0,c025,-1.2498350143432617,-0.49988555908203125
random_53,1.0,c000,1.7494745254516602,-1.1867313385009766
random_53,1.0,c036,-0.5626087188720703,-1.3121557235717773
random_53,1.0,c020,8.124873161315918,-0.9998140335083008
random_53,1.0,c011,3.74996280670166,-0.6874532699584961
random_53,1.0,c003,1.1249380111694336,-0.8124675750732422
random_53,1.0,c045,7.124917984008789,-0.5623073577880859
random_53,1.0,c046,-1.4342050552368164,-0.43539905548095703
random_53,1.0,c044,8.87442398071289,-1.1867141723632812
random_53,1.0,c008,-2.5625,-1.4375
random_53,1.0,c049,3.249998092651367,-1.1249980926513672
random_53,1.0,c013,8.999736785888672,-1.1873817443847656
random_53,1.0,c042,2.8124685287475586,-1.0625066757202148
random_53,1.0,c009,-1.1875324249267578,-0.6249732971191406
random_53,1.0,c047,-0.06308364868164062,-1.0001955032348633
random_53,1.0,c050,0.4995756149291992,-0.6869535446166992
random_53,1.0,c043,0.062401771545410156,-0.6874446868896484
random_53,1.0,c016,1.437448501586914,-1.062490463256836
random_53,1.0,c014,0.9375,-0.8749885559082031
random_53,1.0,c041,-3.812559127807617,-1.1249809265136719
random_53,1.0,c006,0.624542236328125,-0.6873254776000977
random_53,1.0,c039,-2.5623435974121094,-0.5000371932983398
random_53,1.0,c017,2.9374313354492188,-0.4999113082885742
random_53,1.0,c058,-0.4374980926513672,-0.7500019073486328
random_53,1.0,c002,1.8124732971191406,-0.5625095367431641
random_53,1.0,c024,-0.4376869201660156,-1.3124055862426758
random_53,1.0,c023,1.6874370574951172,-0.18755340576171875
random_53,1.0,c022,-1.0625019073486328,-1.1875076293945312
random_53,1.0,c056,1.311070442199707,-0.31095314025878906
random_53,-4.0,c041,5.249747276306152,3.062434196472168
random_53,-4.0,c006,5.493255615234375,3.0562572479248047
random_53,-4.0,c039,2.7500104904174805,1.437504768371582
random_53,-4.0,c017,6.562395095825195,1.5624237060546875
random_53,-4.0,c058,2.499998092651367,1.8749980926513672
random_53,-4.0,c002,4.249978065490723,2.812493324279785
random_53,-4.0,c024,2.687466621398926,2.6250486373901367
random_53,-4.0,c023,5.187029838562012,2.8122053146362305
random_53,-4.0,c022,4.374849319458008,1.687464714050293
random_53,-4.0,c056,3.5431880950927734,2.809051513671875
random_53,-4.0,c029,1.437504768371582,3.1875038146972656
random_53,-4.0,c025,1.8751449584960938,2.625094413757324
random_53,-4.0,c000,5.436369895935059,2.500164031982422
random_53,-4.0,c036,3.3113937377929688,2.5618467330932617
random_53,-4.0,c020,10.434109687805176,1.309422492980957
random_53,-4.0,c011,5.812444686889648,1.3750286102294922
random_53,-4.0,c003,3.4374914169311523,1.5000858306884766
random_53,-4.0,c045,9.871561050415039,2.184335708618164
random_53,-4.0,c046,1.7501697540283203,2.7489757537841797
random_53,-4.0,c044,11.745004653930664,1.6838665008544922
random_53,-4.0,c008,2.0625,3.1875
random_53,-4.0,c049,7.187492370605469,2.8124961853027344
random_53,-4.0,c013,11.810624122619629,1.6235055923461914
random_53,-4.0,c042,6.937065124511719,3.0620899200439453
random_53,-4.0,c009,2.124917984008789,2.6874771118164062
random_53,-4.0,c047,3.687335968017578,2.7502241134643555
random_53,-4.0,c050,3.6234283447265625,2.436899185180664
random_53,-4.0,c043,4.187549591064453,3.4377031326293945
random_53,-4.0,c016,5.937426567077637,3.4374876022338867
random_53,-4.0,c014,5.8749847412109375,4.062496185302734
random_53,-4.0,c041,1.1874809265136719,3.875059127807617
random_53,-4.0,c006,4.372677803039551,3.060810089111328
random_53,-4.0,c039,-0.687403678894043,1.3749027252197266
random_53,-4.0,c017,5.624906539916992,2.187563896179199
random_53,-4.0,c058,1.8750038146972656,1.5625
random_53,-4.0,c002,4.249983787536621,1.8750009536743164
random_53,-4.0,c024,5.3091535568237305,4.43443489074707
random_53,-4.0,c023,5.3744096755981445,3.4994192123413086
random_53,-4.0,c022,3.562498092651367,3.4374923706054688
random_53,-4.0,c056,3.7493791580200195,2.1273555755615234
random_53,4.0,c041,-1.4375619888305664,-3.624875068664551
random_53,4.0,c006,-1.8125505447387695,-4.24954891204834
random_53,4.0,c039,-1.7499933242797852,-3.0624990463256836
random_53,4.0,c017,2.6249847412109375,-2.3749866485595703
random_53,4.0,c058,-2.6249961853027344,-3.2499961853027344
random_53,4.0,c002,-1.1874923706054688,-2.6249771118164062
random_53,4.0,c024,-2.1249752044677734,-2.1873931884765625
random_53,4.0,c023,-1.6875476837158203,-4.062372207641602
random_53,4.0,c022,0.37508201599121094,-2.312302589416504
random_53,4.0,c056,-1.8118267059326172,-2.5459632873535156
random_53,4.0,c029,-4.125,-2.3750009536743164
random_53,4.0,c025,-2.374669075012207,-1.6247196197509766
random_53,4.0,c000,-1.0000581741333008,-3.9362640380859375
random_53,4.0,c036,-3.62497615814209,-4.374523162841797
random_53,4.0,c020,5.0624895095825195,-4.062197685241699
random_53,4.0,c011,0.9999923706054688,-3.4374237060546875
random_53,4.0,c003,-1.87493896484375,-3.812344551086426
random_53,4.0,c045,4.687492370605469,-2.9997329711914062
random_53,4.0,c046,-2.8723793029785156,-1.8735733032226562
random_53,4.0,c044,6.9999847412109375,-3.0611534118652344
random_53,4.0,c008,-6.1875,-5.0625
random_53,4.0,c049,0.125,-4.249996185302734
random_53,4.0,c013,6.812480926513672,-3.3746376037597656
random_53,4.0,c042,-1.4374990463256836,-5.312474250793457
random_53,4.0,c009,-5.3124847412109375,-4.74992561340332
random_53,4.0,c047,-2.375123977661133,-3.3122358322143555
random_53,4.0,c050,-1.8124818801879883,-2.9990110397338867
random_53,4.0,c043,-3.249861717224121,-3.9997081756591797
random_53,4.0,c016,-1.812504768371582,-4.312443733215332
random_53,4.0,c014,-2.499983787536621,-4.312472343444824
random_53,4.0,c041,-5.687521934509277,-2.999943733215332
random_53,4.0,c006,-1.0625743865966797,-2.3744421005249023
random_53,4.0,c039,-4.437108993530273,-2.374802589416504
random_53,4.0,c017,0.6874799728393555,-2.7498626708984375
random_53,4.0,c058,-2.9999961853027344,-3.3125
random_53,4.0,c002,-0.5624990463256836,-2.9374818801879883
random_53,4.0,c024,-3.062432289123535,-3.9371509552001953
random_53,4.0,c023,-0.24992847442626953,-2.1249189376831055
random_53,4.0,c022,-2.999980926513672,-3.1249866485595703
random_53,4.0,c056,-0.6248254776000977,-2.2468490600585938
random_54,-1.0,c041,2.3123044967651367,0.12499141693115234
random_54,-1.0,c006,1.8742456436157227,-0.5627527236938477
random_54,-1.0,c039,1.2500019073486328,-0.06250381469726562
random_54,-1.0,c017,5.124958038330078,0.12498664855957031
random_54,-1.0,c058,0.8749980926513672,0.2499980926513672
random_54,-1.0,c002,1.5625019073486328,0.1250171661376953
random_54,-1.0,c024,-0.12525081634521484,-0.1876688003540039
random_54,-1.0,c023,2.4998950958251953,0.12507057189941406
random_54,-1.0,c022,2.812429428100586,0.1250448226928711
random_54,-1.0,c056,1.1637344360351562,0.4295978546142578
random_54,-1.0,c029,-1.9999942779541016,-0.24999523162841797
random_54,-1.0,c025,-0.6250553131103516,0.1248941421508789
random_54,-1.0,c000,2.2491455078125,-0.6870603561401367
random_54,-1.0,c036,0.6867446899414062,-0.06280231475830078
random_54,-1.0,c020,7.874764442443848,-1.249922752380371
random_54,-1.0,c011,3.2498836517333984,-1.1875324249267578
random_54,-1.0,c003,1.999943733215332,0.06253814697265625
random_54,-1.0,c045,7.4369707107543945,-0.25025463104248047
random_54,-1.0,c046,-0.5621309280395508,0.4366750717163086
random_54,-1.0,c044,9.18555736541748,-0.8755807876586914
random_54,-1.0,c008,-1.0,0.125
random_54,-1.0,c049,4.937498092651367,0.5625019073486328
random_54,-1.0,c013,9.687271118164062,-0.499847412109375
random_54,-1.0,c042,3.2499828338623047,-0.6249923706054688
random_54,-1.0,c009,-0.6875391006469727,-0.12497997283935547
random_54,-1.0,c047,0.6244878768920898,-0.3126239776611328
random_54,-1.0,c050,1.061844825744629,-0.12468433380126953
random_54,-1.0,c043,0.6873655319213867,-0.062480926513671875
random_54,-1.0,c016,2.437469482421875,-0.062469482421875
random_54,-1.0,c014,1.6874847412109375,-0.12500381469726562
random_54,-1.0,c041,-3.0000553131103516,-0.31247711181640625
random_54,-1.0,c006,1.2494735717773438,-0.062394142150878906
random_54,-1.0,c039,-2.1248950958251953,-0.06258869171142578
random_54,-1.0,c017,3.062408447265625,-0.37493419647216797
random_54,-1.0,c058,0.375,0.062496185302734375
random_54,-1.0,c002,2.624971389770508,0.24998855590820312
random_54,-1.0,c024,0.68707275390625,-0.18764591217041016
random_54,-1.0,c023,1.4374542236328125,-0.43753623962402344
random_54,-1.0,c022,-0.3124828338623047,-0.4374885559082031
random_54,-1.0,c056,2.0603084564208984,0.43828487396240234
random_54,1.0,c041,2.624661445617676,0.4373483657836914
random_54,1.0,c006,2.6871166229248047,0.2501182556152344
random_54,1.0,c039,2.062502861022949,0.7499971389770508
random_54,1.0,c017,4.99995231628418,-1.9073486328125e-05
random_54,1.0,c058,0.7499980926513672,0.12499809265136719
random_54,1.0,c002,1.5625038146972656,0.12501907348632812
random_54,1.0,c024,0.18749618530273438,0.1250782012939453
random_54,1.0,c023,2.6247119903564453,0.24988746643066406
random_54,1.0,c022,2.874774932861328,0.18739032745361328
random_54,1.0,c056,0.3668241500854492,-0.3673124313354492
random_54,1.0,c029,-1.6249961853027344,0.12500286102294922
random_54,1.0,c025,-0.31237316131591797,0.4375762939453125
random_54,1.0,c000,3.373624801635742,0.43741893768310547
random_54,1.0,c036,0.4370908737182617,-0.3124561309814453
random_54,1.0,c020,9.499434471130371,0.37474727630615234
random_54,1.0,c011,5.249950408935547,0.8125343322753906
random_54,1.0,c003,2.187379837036133,0.24997425079345703
random_54,1.0,c045,8.31214427947998,0.6249189376831055
random_54,1.0,c046,-0.8741598129272461,0.12464618682861328
random_54,1.0,c044,9.998211860656738,-0.0629262924194336
random_54,1.0,c008,-1.3125,-0.1875
random_54,1.0,c049,4.312498092651367,-0.06249809265136719
random_54,1.0,c013,10.06208610534668,-0.1250324249267578
random_54,1.0,c042,4.312397003173828,0.4374217987060547
random_54,1.0,c009,-0.1250467300415039,0.4375123977661133
random_54,1.0,c047,1.2493972778320312,0.3122854232788086
random_54,1.0,c050,1.311868667602539,0.12533950805664062
random_54,1.0,c043,1.0623836517333984,0.31253719329833984
random_54,1.0,c016,2.687448501586914,0.18750953674316406
random_54,1.0,c014,2.4374866485595703,0.6249980926513672
random_54,1.0,c041,-2.375063896179199,0.3125143051147461
random_54,1.0,c006,1.499588966369629,0.18772125244140625
random_54,1.0,c039,-1.8748741149902344,0.18743228912353516
random_54,1.0,c017,4.187339782714844,0.7499971389770508
random_54,1.0,c058,0.4375019073486328,0.12499809265136719
random_54,1.0,c002,2.18746280670166,-0.18752002716064453
random_54,1.0,c024,1.3747539520263672,0.500035285949707
random_54,1.0,c023,2.5624732971191406,0.6874828338623047
random_54,1.0,c022,0.24999618530273438,0.12499046325683594
random_54,1.0,c056,1.8716230392456055,0.24959945678710938
random_54,-4.0,c041,1.4374761581420898,-0.7498369216918945
random_54,-4.0,c006,0.5622720718383789,-1.8747262954711914
random_54,-4.0,c039,0.2500019073486328,-1.0625038146972656
random_54,-4.0,c017,4.187471389770508,-0.8125
random_54,-4.0,c058,0.75,0.125
random_54,-4.0,c002,1.6875019073486328,0.2500171661376953
random_54,-4.0,c024,-0.062470436096191406,-0.12488842010498047
random_54,-4.0,c023,1.6874198913574219,-0.6874046325683594
random_54,-4.0,c022,2.624995231628418,-0.062389373779296875
random_54,-4.0,c056,1.676682472229004,0.9425458908081055
random_54,-4.0,c029,-1.375,0.3749990463256836
random_54,-4.0,c025,-1.1251869201660156,-0.37523746490478516
random_54,-4.0,c000,1.3123979568481445,-1.6238079071044922
random_54,-4.0,c036,0.6872482299804688,-0.06229877471923828
random_54,-4.0,c020,6.874834060668945,-2.2498531341552734
random_54,-4.0,c011,1.8749809265136719,-2.5624351501464844
random_54,-4.0,c003,1.9374637603759766,5.817413330078125e-05
random_54,-4.0,c045,5.8124237060546875,-1.8748016357421875
random_54,-4.0,c046,0.31149959564208984,1.3103055953979492
random_54,-4.0,c044,7.686980247497559,-2.3741579055786133
random_54,-4.0,c008,-1.0,0.125
random_54,-4.0,c049,4.874988555908203,0.49999237060546875
random_54,-4.0,c013,8.562323570251465,-1.6247949600219727
random_54,-4.0,c042,2.3749656677246094,-1.500009536743164
random_54,-4.0,c009,-1.8749961853027344,-1.3124370574951172
random_54,-4.0,c047,0.12391281127929688,-0.8131990432739258
random_54,-4.0,c050,0.9374799728393555,-0.24904918670654297
random_54,-4.0,c043,-0.06280803680419922,-0.8126544952392578
random_54,-4.0,c016,2.374990463256836,-0.12494850158691406
random_54,-4.0,c014,-0.125,-1.9374885559082031
random_54,-4.0,c041,-3.8751039505004883,-1.187525749206543
random_54,-4.0,c006,1.1249608993530273,-0.1869068145751953
random_54,-4.0,c039,-2.8749332427978516,-0.812626838684082
random_54,-4.0,c017,2.1249828338623047,-1.3123598098754883
random_54,-4.0,c058,0.6250019073486328,0.3124980926513672
random_54,-4.0,c002,2.6874961853027344,0.3125133514404297
random_54,-4.0,c024,0.43746089935302734,-0.4372577667236328
random_54,-4.0,c023,1.4374990463256836,-0.43749141693115234
random_54,-4.0,c022,-1.6874933242797852,-1.8124990463256836
random_54,-4.0,c056,2.1245899200439453,0.5025663375854492
random_54,4.0,c041,3.561887741088867,1.3745746612548828
random_54,4.0,c006,3.7489614486694336,1.3119630813598633
random_54,4.0,c039,2.437596321105957,1.1250905990600586
random_54,4.0,c017,4.74991512298584,-0.25005626678466797
random_54,4.0,c058,2.249997138977051,1.6249971389770508
random_54,4.0,c002,1.8750629425048828,0.4375782012939453
random_54,4.0,c024,1.7498846054077148,1.6874666213989258
random_54,4.0,c023,3.3116207122802734,0.9367961883544922
random_54,4.0,c022,2.9997644424438477,0.3123798370361328
random_54,4.0,c056,0.8662605285644531,0.1321239471435547
random_54,4.0,c029,-1.0624618530273438,0.6875371932983398
random_54,4.0,c025,0.6254215240478516,1.375370979309082
random_54,4.0,c000,4.435039520263672,1.4988336563110352
random_54,4.0,c036,1.1870317459106445,0.4374847412109375
random_54,4.0,c020,9.311773300170898,0.1870861053466797
random_54,4.0,c011,5.312290191650391,0.8748741149902344
random_54,4.0,c003,2.3746232986450195,0.43721771240234375
random_54,4.0,c045,8.499042510986328,0.8118171691894531
random_54,4.0,c046,-0.18470287322998047,0.8141031265258789
random_54,4.0,c044,9.934468269348145,-0.12666988372802734
random_54,4.0,c008,-0.9374980926513672,0.1875019073486328
random_54,4.0,c049,3.937493324279785,-0.4375028610229492
random_54,4.0,c013,9.435652732849121,-0.7514657974243164
random_54,4.0,c042,4.687159538269043,0.8121843338012695
random_54,4.0,c009,0.3747072219848633,0.9372663497924805
random_54,4.0,c047,2.4370241165161133,1.4999122619628906
random_54,4.0,c050,2.3097124099731445,1.123183250427246
random_54,4.0,c043,2.1250667572021484,1.3752202987670898
random_54,4.0,c016,3.124903678894043,0.624964714050293
random_54,4.0,c014,4.187372207641602,2.3748836517333984
random_54,4.0,c041,-0.500035285949707,2.1875429153442383
random_54,4.0,c006,2.5611486434936523,1.2492809295654297
random_54,4.0,c039,-0.7489099502563477,1.3133964538574219
random_54,4.0,c017,4.62432861328125,1.186985969543457
random_54,4.0,c058,0.7500028610229492,0.4374990463256836
random_54,4.0,c002,2.312506675720215,-0.062476158142089844
random_54,4.0,c024,3.062105178833008,2.1873865127563477
random_54,4.0,c023,3.8123369216918945,1.9373464584350586
random_54,4.0,c022,1.4374475479125977,1.3124418258666992
random_54,4.0,c056,0.7486104965209961,-0.8734130859375
random_55,-1.0,c041,2.1248178482055664,-0.06249523162841797
random_55,-1.0,c006,2.5622682571411133,0.12526988983154297
random_55,-1.0,c039,1.7500019073486328,0.4374961853027344
random_55,-1.0,c017,5.374956130981445,0.3749847412109375
random_55,-1.0,c058,0.6874980926513672,0.06249809265136719
random_55,-1.0,c002,1.6249990463256836,0.1875143051147461
random_55,-1.0,c024,0.24989700317382812,0.18747901916503906
random_55,-1.0,c023,2.6248550415039062,0.250030517578125
random_55,-1.0,c022,2.937371253967285,0.2499866485595703
random_55,-1.0,c056,0.18247509002685547,-0.551661491394043
random_55,-1.0,c029,-1.4375,0.3124990463256836
random_55,-1.0,c025,-0.49985504150390625,0.2500944137573242
random_55,-1.0,c000,2.6243629455566406,-0.3118429183959961
random_55,-1.0,c036,0.7496366500854492,8.96453857421875e-05
random_55,-1.0,c020,9.124608993530273,-7.82012939453125e-05
random_55,-1.0,c011,4.812421798706055,0.37500572204589844
random_55,-1.0,c003,1.937464714050293,5.91278076171875e-05
random_55,-1.0,c045,7.8122711181640625,0.1250457763671875
random_55,-1.0,c046,-0.687413215637207,0.31139278411865234
random_55,-1.0,c044,10.373762130737305,0.3126239776611328
random_55,-1.0,c008,-1.375,-0.25
random_55,-1.0,c049,4.312494277954102,-0.06250190734863281
random_55,-1.0,c013,10.062021255493164,-0.12509727478027344
random_55,-1.0,c042,3.874950408935547,-2.47955322265625e-05
random_55,-1.0,c009,-0.2500438690185547,0.3125152587890625
random_55,-1.0,c047,0.9369697570800781,-0.00014209747314453125
random_55,-1.0,c050,1.0621728897094727,-0.12435626983642578
random_55,-1.0,c043,0.6249637603759766,-0.12488269805908203
random_55,-1.0,c016,2.624979019165039,0.12504005432128906
random_55,-1.0,c014,2.0624895095825195,0.2500009536743164
random_55,-1.0,c041,-2.875009536743164,-0.18743133544921875
random_55,-1.0,c006,1.2496986389160156,-0.06216907501220703
random_55,-1.0,c039,-2.124837875366211,-0.0625314712524414
random_55,-1.0,c017,3.499927520751953,0.06258487701416016
random_55,-1.0,c058,0.125,-0.18750381469726562
random_55,-1.0,c002,2.6874780654907227,0.31249523162841797
random_55,-1.0,c024,0.9370889663696289,0.06237030029296875
random_55,-1.0,c023,1.7499094009399414,-0.12508106231689453
random_55,-1.0,c022,-0.18752384185791016,-0.3125295639038086
random_55,-1.0,c056,1.8116416931152344,0.18961811065673828
random_55,1.0,c041,2.4996585845947266,0.3123455047607422
random_55,1.0,c006,2.1867752075195312,-0.25022315979003906
random_55,1.0,c039,1.5000009536743164,0.18749523162841797
random_55,1.0,c017,5.187414169311523,0.18744277954101562
random_55,1.0,c058,0.4374980926513672,-0.1875019073486328
random_55,1.0,c002,1.8125009536743164,0.3750162124633789
random_55,1.0,c024,0.12479591369628906,0.0623779296875
random_55,1.0,c023,2.3122034072875977,-0.0626211166381836
random_55,1.0,c022,2.937185287475586,0.2498006820678711
random_55,1.0,c056,0.608189582824707,-0.1259469985961914
random_55,1.0,c029,-2.374993324279785,-0.6249942779541016
random_55,1.0,c025,-0.7499475479125977,1.9073486328125e-06
random_55,1.0,c000,2.811234474182129,-0.12497138977050781
random_55,1.0,c036,0.3118600845336914,-0.4376869201660156
random_55,1.0,c020,8.43708324432373,-0.6876039505004883
random_55,1.0,c011,4.249951362609863,-0.18746471405029297
random_55,1.0,c003,1.4374494552612305,-0.4999561309814453
random_55,1.0,c045,8.186899185180664,0.49967384338378906
random_55,1.0,c046,-0.3115882873535156,0.6872177124023438
random_55,1.0,c044,9.247419357299805,-0.8137187957763672
random_55,1.0,c008,-1.5,-0.375
random_55,1.0,c049,4.5,0.12500381469726562
random_55,1.0,c013,9.312247276306152,-0.8748712539672852
random_55,1.0,c042,3.374958038330078,-0.5000171661376953
random_55,1.0,c009,-0.5000600814819336,0.062499046325683594
random_55,1.0,c047,0.8121461868286133,-0.12496566772460938
random_55,1.0,c050,1.2490510940551758,0.06252193450927734
random_55,1.0,c043,0.87469482421875,0.1248483657836914
random_55,1.0,c016,2.062498092651367,-0.4374408721923828
random_55,1.0,c014,1.8749895095825195,0.0625009536743164
random_55,1.0,c041,-2.625014305114746,0.06256389617919922
random_55,1.0,c006,0.7495231628417969,-0.5623445510864258
random_55,1.0,c039,-2.2496700286865234,-0.1873636245727539
random_55,1.0,c017,3.312417984008789,-0.1249246597290039
random_55,1.0,c058,0.4375019073486328,0.12499809265136719
random_55,1.0,c002,2.312455177307129,-0.06252765655517578
random_55,1.0,c024,0.9992437362670898,0.12452507019042969
random_55,1.0,c023,2.1874866485595703,0.3124961853027344
random_55,1.0,c022,-0.1874685287475586,-0.31247425079345703
random_55,1.0,c056,1.6843442916870117,0.062320709228515625
random_55,-4.0,c041,1.2499818801879883,-0.9373311996459961
random_55,-4.0,c006,1.7499170303344727,-0.6870813369750977
random_55,-4.0,c039,1.5625009536743164,0.24999523162841797
random_55,-4.0,c017,5.249975204467773,0.2500038146972656
random_55,-4.0,c058,2.1875,1.5625
random_55,-4.0,c002,0.4999818801879883,-0.9375028610229492
random_55,-4.0,c024,0.7499551773071289,0.6875371932983398
random_55,-4.0,c023,2.2498960494995117,-0.12492847442626953
random_55,-4.0,c022,2.874948501586914,0.18756389617919922
random_55,-4.0,c056,-0.25005626678466797,-0.9841928482055664
random_55,-4.0,c029,-0.6249961853027344,1.1250028610229492
random_55,-4.0,c025,-0.18749523162841797,0.5624542236328125
random_55,-4.0,c000,1.9998092651367188,-0.936396598815918
random_55,-4.0,c036,0.3124723434448242,-0.4370746612548828
random_55,-4.0,c020,8.999889373779297,-0.12479782104492188
random_55,-4.0,c011,4.874969482421875,0.43755340576171875
random_55,-4.0,c003,1.5624704360961914,-0.3749351501464844
random_55,-4.0,c045,7.999841690063477,0.31261634826660156
random_55,-4.0,c046,-1.0001564025878906,-0.00135040283203125
random_55,-4.0,c044,9.312433242797852,-0.7487049102783203
random_55,-4.0,c008,-1.4375,-0.3125
random_55,-4.0,c049,3.8749942779541016,-0.5000019073486328
random_55,-4.0,c013,10.499747276306152,0.31262874603271484
random_55,-4.0,c042,3.062479019165039,-0.8124961853027344
random_55,-4.0,c009,-0.5625209808349609,3.814697265625e-05
random_55,-4.0,c047,1.3748741149902344,0.4377622604370117
random_55,-4.0,c050,0.43744850158691406,-0.7490806579589844
random_55,-4.0,c043,0.37480640411376953,-0.37504005432128906
random_55,-4.0,c016,1.9999885559082031,-0.4999504089355469
random_55,-4.0,c014,1.9374771118164062,0.12498855590820312
random_55,-4.0,c041,-2.375002861022949,0.3125753402709961
random_55,-4.0,c006,1.3748788833618164,0.06301116943359375
random_55,-4.0,c039,-1.1875228881835938,0.8747835159301758
random_55,-4.0,c017,3.937448501586914,0.5001058578491211
random_55,-4.0,c058,0.5625038146972656,0.25
random_55,-4.0,c002,2.0624685287475586,-0.3125143051147461
random_55,-4.0,c024,0.5621919631958008,-0.3125267028808594
random_55,-4.0,c023,1.3124523162841797,-0.5625381469726562
random_55,-4.0,c022,0.1249837875366211,-2.193450927734375e-05
random_55,-4.0,c056,1.3749351501464844,-0.24708843231201172
random_55,4.0,c041,2.2492942810058594,0.061981201171875
random_55,4.0,c006,1.5593385696411133,-0.877659797668457
random_55,4.0,c039,0.31255626678466797,-0.9999494552612305
random_55,4.0,c017,3.6246585845947266,-1.3753128051757812
random_55,4.0,c058,0.25,-0.375
random_55,4.0,c002,1.062530517578125,-0.3749542236328125
random_55,4.0,c024,0.06208324432373047,-0.00033473968505859375
random_55,4.0,c023,1.2496910095214844,-1.1251335144042969
random_55,4.0,c022,1.5617752075195312,-1.1256093978881836
random_55,4.0,c056,0.541412353515625,-0.19272422790527344
random_55,4.0,c029,-3.5624465942382812,-1.8124475479125977
random_55,4.0,c025,0.00015544891357421875,0.7501049041748047
random_55,4.0,c000,1.9970321655273438,-0.939173698425293
random_55,4.0,c036,-0.8142051696777344,-1.5637521743774414
random_55,4.0,c020,7.811624526977539,-1.3130626678466797
random_55,4.0,c011,2.8748865127563477,-1.5625295639038086
random_55,4.0,c003,0.5619297027587891,-1.3754758834838867
random_55,4.0,c045,6.873858451843262,-0.8133668899536133
random_55,4.0,c046,0.3151206970214844,1.3139266967773438
random_55,4.0,c044,8.24542236328125,-1.8157157897949219
random_55,4.0,c008,-1.6249980926513672,-0.4999980926513672
random_55,4.0,c049,6.062490463256836,1.6874942779541016
random_55,4.0,c013,8.624573707580566,-1.562544822692871
random_55,4.0,c042,2.8119163513183594,-1.063058853149414
random_55,4.0,c009,-0.7500391006469727,-0.18747997283935547
random_55,4.0,c047,0.12416744232177734,-0.8129444122314453
random_55,4.0,c050,0.8700046539306641,-0.3165245056152344
random_55,4.0,c043,0.8132696151733398,0.06342315673828125
random_55,4.0,c016,1.6247386932373047,-0.8752002716064453
random_55,4.0,c014,1.8750028610229492,0.0625143051147461
random_55,4.0,c041,-1.9373445510864258,0.7502336502075195
random_55,4.0,c006,-0.31366920471191406,-1.6255369186401367
random_55,4.0,c039,-2.68666934967041,-0.6243629455566406
random_55,4.0,c017,2.374868392944336,-1.062474250793457
random_55,4.0,c058,0.875,0.5624961853027344
random_55,4.0,c002,0.8125591278076172,-1.5624237060546875
random_55,4.0,c024,1.3127975463867188,0.4380788803100586
random_55,4.0,c023,1.9382171630859375,0.06322669982910156
random_55,4.0,c022,0.31260108947753906,0.18759536743164062
random_55,4.0,c056,1.5574626922607422,-0.0645608901977539
random_56,-1.0,c041,2.4370479583740234,0.24973487854003906
random_56,-1.0,c006,1.8743228912353516,-0.5626754760742188
random_56,-1.0,c039,1.4375152587890625,0.12500953674316406
random_56,-1.0,c017,5.312450408935547,0.31247901916503906
random_56,-1.0,c058,0.8749980926513672,0.2499980926513672
random_56,-1.0,c002,1.6249914169311523,0.18750667572021484
random_56,-1.0,c024,0.18739604949951172,0.12497806549072266
random_56,-1.0,c023,2.87469482421875,0.49987030029296875
random_56,-1.0,c022,2.499706268310547,-0.18767833709716797
random_56,-1.0,c056,0.17905139923095703,-0.5550851821899414
random_56,-1.0,c029,-2.062495231628418,-0.3124961853027344
random_56,-1.0,c025,-0.7499608993530273,-1.1444091796875e-05
random_56,-1.0,c000,2.8735923767089844,-0.06261348724365234
random_56,-1.0,c036,0.24968242645263672,-0.4998645782470703
random_56,-1.0,c020,8.999693870544434,-0.12499332427978516
random_56,-1.0,c011,4.374961853027344,-0.0624542236328125
random_56,-1.0,c003,1.4374580383300781,-0.49994754791259766
random_56,-1.0,c045,7.874636650085449,0.18741130828857422
random_56,-1.0,c046,-0.8108253479003906,0.18798065185546875
random_56,-1.0,c044,9.748058319091797,-0.313079833984375
random_56,-1.0,c008,-1.6875,-0.5625
random_56,-1.0,c049,4.187498092651367,-0.1874980926513672
random_56,-1.0,c013,9.686954498291016,-0.5001640319824219
random_56,-1.0,c042,3.624948501586914,-0.2500267028808594
random_56,-1.0,c009,-0.312591552734375,0.2499675750732422
random_56,-1.0,c047,0.8123359680175781,-0.12477588653564453
random_56,-1.0,c050,1.0620746612548828,-0.12445449829101562
random_56,-1.0,c043,0.9998111724853516,0.24996471405029297
random_56,-1.0,c016,2.3749656677246094,-0.12497329711914062
random_56,-1.0,c014,1.9374990463256836,0.12501049041748047
random_56,-1.0,c041,-2.625016212463379,0.0625619888305664
random_56,-1.0,c006,0.8744239807128906,-0.43744373321533203
random_56,-1.0,c039,-1.8122577667236328,0.2500486373901367
random_56,-1.0,c017,3.49993896484375,0.06259632110595703
random_56,-1.0,c058,0.1250019073486328,-0.1875019073486328
random_56,-1.0,c002,2.3749818801879883,-9.5367431640625e-07
random_56,-1.0,c024,1.186875343322754,0.31215667724609375
random_56,-1.0,c023,1.9998836517333984,0.1248931884765625
random_56,-1.0,c022,-0.18751239776611328,-0.3125181198120117
random_56,-1.0,c056,1.6862602233886719,0.06423664093017578
random_56,1.0,c041,2.2497692108154297,0.06245613098144531
random_56,1.0,c006,2.124208450317383,-0.3127899169921875
random_56,1.0,c039,1.500004768371582,0.1874990463256836
random_56,1.0,c017,4.9374237060546875,-0.06254768371582031
random_56,1.0,c058,1.0624980926513672,0.4374980926513672
random_56,1.0,c002,1.1249809265136719,-0.3125038146972656
random_56,1.0,c024,-0.00022125244140625,-0.06263923645019531
random_56,1.0,c023,2.187260627746582,-0.18756389617919922
random_56,1.0,c022,2.6247291564941406,-0.06265544891357422
random_56,1.0,c056,0.6089935302734375,-0.12514305114746094
random_56,1.0,c029,-1.8749961853027344,-0.12499713897705078
random_56,1.0,c025,-0.9371700286865234,-0.18722057342529297
random_56,1.0,c000,2.7492713928222656,-0.1869344711303711
random_56,1.0,c036,0.4371919631958008,-0.31235504150390625
random_56,1.0,c020,8.812195777893066,-0.31249141693115234
random_56,1.0,c011,4.374926567077637,-0.06248950958251953
random_56,1.0,c003,2.124974250793457,0.18756866455078125
random_56,1.0,c045,8.249639511108398,0.5624141693115234
random_56,1.0,c046,-0.4960365295410156,0.5027694702148438
random_56,1.0,c044,10.060065269470215,-0.0010728836059570312
random_56,1.0,c008,-1.4375,-0.3125
random_56,1.0,c049,4.499996185302734,0.125
random_56,1.0,c013,9.936728477478027,-0.25039005279541016
random_56,1.0,c042,3.4374351501464844,-0.43754005432128906
random_56,1.0,c009,-0.125030517578125,0.4375286102294922
random_56,1.0,c047,0.8737611770629883,-0.06335067749023438
random_56,1.0,c050,1.3115854263305664,0.12505626678466797
random_56,1.0,c043,1.0619707107543945,0.31212425231933594
random_56,1.0,c016,2.374990463256836,-0.12494850158691406
random_56,1.0,c014,1.5624809265136719,-0.25000762939453125
random_56,1.0,c041,-2.6250619888305664,0.0625162124633789
random_56,1.0,c006,1.374089241027832,0.062221527099609375
random_56,1.0,c039,-2.2498321533203125,-0.18752574920654297
random_56,1.0,c017,3.5622568130493164,0.12491416931152344
random_56,1.0,c058,0.5000038146972656,0.1875
random_56,1.0,c002,2.3124637603759766,-0.06251907348632812
random_56,1.0,c024,0.9367895126342773,0.06207084655761719
random_56,1.0,c023,1.937429428100586,0.06243896484375
random_56,1.0,c022,-0.18750667572021484,-0.3125123977661133
random_56,1.0,c056,2.1850996017456055,0.5630760192871094
random_56,-4.0,c041,1.8124771118164062,-0.3748359680175781
random_56,-4.0,c006,1.3123130798339844,-1.124685287475586
random_56,-4.0,c039,0.06252384185791016,-1.2499818801879883
random_56,-4.0,c017,3.999941825866699,-1.0000295639038086
random_56,-4.0,c058,-0.625,-1.25
random_56,-4.0,c002,0.24996185302734375,-1.1875228881835938
random_56,-4.0,c024,-7.534027099609375e-05,-0.062493324279785156
random_56,-4.0,c023,1.5624656677246094,-0.8123588562011719
random_56,-4.0,c022,1.6248655319213867,-1.0625190734863281
random_56,-4.0,c056,0.6791534423828125,-0.05498313903808594
random_56,-4.0,c029,-2.124993324279785,-0.37499427795410156
random_56,-4.0,c025,-0.8749599456787109,-0.12501049041748047
random_56,-4.0,c000,1.4992570877075195,-1.4369487762451172
random_56,-4.0,c036,-0.8127050399780273,-1.5622520446777344
random_56,-4.0,c020,7.68723201751709,-1.437455177307129
random_56,-4.0,c011,3.312490463256836,-1.1249256134033203
random_56,-4.0,c003,-0.2500734329223633,-2.187479019165039
random_56,-4.0,c045,5.9373321533203125,-1.7498931884765625
random_56,-4.0,c046,-0.8744668960571289,0.12433910369873047
random_56,-4.0,c044,8.436446189880371,-1.6246919631958008
random_56,-4.0,c008,-2.8125,-1.6875
random_56,-4.0,c049,2.9374942779541016,-1.4375019073486328
random_56,-4.0,c013,8.56236743927002,-1.624751091003418
random_56,-4.0,c042,1.9999160766601562,-1.8750591278076172
random_56,-4.0,c009,-1.8750009536743164,-1.3124418258666992
random_56,-4.0,c047,-0.12506389617919922,-1.0621757507324219
random_56,-4.0,c050,-0.12552833557128906,-1.3120574951171875
random_56,-4.0,c043,0.24945831298828125,-0.5003881454467773
random_56,-4.0,c016,0.9374141693115234,-1.5625247955322266
random_56,-4.0,c014,0.8750114440917969,-0.9374771118164062
random_56,-4.0,c041,-2.9375295639038086,-0.24995136260986328
random_56,-4.0,c006,-0.3129911422729492,-1.6248588562011719
random_56,-4.0,c039,-2.6871728897094727,-0.6248664855957031
random_56,-4.0,c017,2.124979019165039,-1.312363624572754
random_56,-4.0,c058,-0.812495231628418,-1.1249990463256836
random_56,-4.0,c002,1.3749761581420898,-1.0000066757202148
random_56,-4.0,c024,0.6249971389770508,-0.24972152709960938
random_56,-4.0,c023,1.187382698059082,-0.6876077651977539
random_56,-4.0,c022,-0.5000638961791992,-0.6250696182250977
random_56,-4.0,c056,0.8739500045776367,-0.7480735778808594
random_56,4.0,c041,1.187302589416504,-1.0000104904174805
random_56,4.0,c006,0.8117990493774414,-1.625199317932129
random_56,4.0,c039,0.812504768371582,-0.5000009536743164
random_56,4.0,c017,3.874842643737793,-1.1251287460327148
random_56,4.0,c058,0.18749618530273438,-0.4375038146972656
random_56,4.0,c002,0.43752384185791016,-0.9999608993530273
random_56,4.0,c024,-0.25040149688720703,-0.3128194808959961
random_56,4.0,c023,1.3749170303344727,-0.9999074935913086
random_56,4.0,c022,1.8751726150512695,-0.8122119903564453
random_56,4.0,c056,-0.00312042236328125,-0.7372570037841797
random_56,4.0,c029,-2.312493324279785,-0.5624942779541016
random_56,4.0,c025,-1.2487506866455078,-0.49880123138427734
random_56,4.0,c000,0.999567985534668,-1.9366378784179688
random_56,4.0,c036,-0.18837451934814453,-0.9379215240478516
random_56,4.0,c020,8.812315940856934,-0.31237125396728516
random_56,4.0,c011,2.3747987747192383,-2.062617301940918
random_56,4.0,c003,1.187530517578125,-0.7498750686645508
random_56,4.0,c045,7.436916351318359,-0.2503089904785156
random_56,4.0,c046,-0.8732795715332031,0.12552642822265625
random_56,4.0,c044,9.246992111206055,-0.8141460418701172
random_56,4.0,c008,-1.6249980926513672,-0.4999980926513672
random_56,4.0,c049,3.687498092651367,-0.6874980926513672
random_56,4.0,c013,9.185646057128906,-1.0014724731445312
random_56,4.0,c042,2.7498855590820312,-1.1250896453857422
random_56,4.0,c009,0.12497234344482422,0.6875314712524414
random_56,4.0,c047,0.8059473037719727,-0.13116455078125
random_56,4.0,c050,0.748326301574707,-0.4382028579711914
random_56,4.0,c043,0.37422657012939453,-0.37561988830566406
random_56,4.0,c016,1.3749055862426758,-1.1250333786010742
random_56,4.0,c014,1.0624675750732422,-0.7500209808349609
random_56,4.0,c041,-2.000284194946289,0.6872940063476562
random_56,4.0,c006,0.43529510498046875,-0.8765726089477539
random_56,4.0,c039,-2.0623960494995117,-8.96453857421875e-05
random_56,4.0,c017,2.8121232986450195,-0.6252193450927734
random_56,4.0,c058,0.5000038146972656,0.1875
random_56,4.0,c002,1.3125,-1.0624828338623047
random_56,4.0,c024,0.24985885620117188,-0.6248598098754883
random_56,4.0,c023,1.7501592636108398,-0.1248311996459961
random_56,4.0,c022,-0.3749723434448242,-0.49997806549072266
random_56,4.0,c056,1.248495101928711,-0.37352848052978516
random_57,-1.0,c041,2.624701499938965,0.43738842010498047
random_57,-1.0,c006,2.1865310668945312,-0.25046730041503906
random_57,-1.0,c039,1.1875123977661133,-0.12499332427978516
random_57,-1.0,c017,4.624875068664551,-0.37509632110595703
random_57,-1.0,c058,0.4999980926513672,-0.1250019073486328
random_57,-1.0,c002,1.4999942779541016,0.06250953674316406
random_57,-1.0,c024,-0.06256484985351562,-0.12498283386230469
random_57,-1.0,c023,2.312286376953125,-0.06253814697265625
random_57,-1.0,c022,2.24981689453125,-0.43756771087646484
random_57,-1.0,c056,0.42014312744140625,-0.3139934539794922
random_57,-1.0,c029,-2.312497138977051,-0.5624980926513672
random_57,-1.0,c025,-0.4999885559082031,0.24996089935302734
random_57,-1.0,c000,2.5611371994018555,-0.37506866455078125
random_57,-1.0,c036,0.18736839294433594,-0.5621786117553711
random_57,-1.0,c020,9.18692684173584,0.062239646911621094
random_57,-1.0,c011,4.8749189376831055,0.4375028610229492
random_57,-1.0,c003,1.6874332427978516,-0.24997234344482422
random_57,-1.0,c045,8.249307632446289,0.5620822906494141
random_57,-1.0,c046,-0.6861848831176758,0.3126211166381836
random_57,-1.0,c044,9.683239936828613,-0.3778982162475586
random_57,-1.0,c008,-1.8125,-0.6875
random_57,-1.0,c049,4.499998092651367,0.1250019073486328
random_57,-1.0,c013,9.997892379760742,-0.1892261505126953
random_57,-1.0,c042,3.749936103820801,-0.12503910064697266
random_57,-1.0,c009,-0.56256103515625,-1.9073486328125e-06
random_57,-1.0,c047,0.936711311340332,-0.000400543212890625
random_57,-1.0,c050,0.8738574981689453,-0.3126716613769531
random_57,-1.0,c043,1.4369316101074219,0.6870851516723633
random_57,-1.0,c016,2.5623836517333984,0.06244468688964844
random_57,-1.0,c014,2.4999828338623047,0.6874942779541016
random_57,-1.0,c041,-2.87502384185791,-0.18744564056396484
random_57,-1.0,c006,1.1865959167480469,-0.12527179718017578
random_57,-1.0,c039,-2.5621814727783203,-0.4998750686645508
random_57,-1.0,c017,3.562373161315918,0.125030517578125
random_57,-1.0,c058,3.814697265625e-06,-0.3125
random_57,-1.0,c002,2.3749637603759766,-1.9073486328125e-05
random_57,-1.0,c024,0.749629020690918,-0.1250896453857422
random_57,-1.0,c023,1.8746967315673828,-0.000293731689453125
random_57,-1.0,c022,-0.12499523162841797,-0.2500009536743164
random_57,-1.0,c056,1.8096799850463867,0.18765640258789062
random_57,1.0,c041,2.499887466430664,0.3125743865966797
random_57,1.0,c006,2.5621824264526367,0.1251840591430664
random_57,1.0,c039,2.3750009536743164,1.062495231628418
random_57,1.0,c017,5.624969482421875,0.6249980926513672
random_57,1.0,c058,0.8749980926513672,0.2499980926513672
random_57,1.0,c002,1.1249980926513672,-0.3124866485595703
random_57,1.0,c024,0.3124532699584961,0.25003528594970703
random_57,1.0,c023,2.9997501373291016,0.6249256134033203
random_57,1.0,c022,2.9998655319213867,0.3124809265136719
random_57,1.0,c056,0.5546207427978516,-0.17951583862304688
random_57,1.0,c029,-1.6249980926513672,0.1250009536743164
random_57,1.0,c025,-0.6247615814208984,0.12518787384033203
random_57,1.0,c000,2.7493839263916016,-0.18682193756103516
random_57,1.0,c036,0.5620622634887695,-0.1874847412109375
random_57,1.0,c020,8.562333106994629,-0.5623540878295898
random_57,1.0,c011,4.187477111816406,-0.24993896484375
random_57,1.0,c003,1.9999628067016602,0.06255722045898438
random_57,1.0,c045,7.437261581420898,-0.24996376037597656
random_57,1.0,c046,-0.1241140365600586,0.8746919631958008
random_57,1.0,c044,9.686774253845215,-0.37436389923095703
random_57,1.0,c008,-1.25,-0.125
random_57,1.0,c049,4.437496185302734,0.0625
random_57,1.0,c013,9.437382698059082,-0.7497358322143555
random_57,1.0,c042,3.6874446868896484,-0.187530517578125
random_57,1.0,c009,-0.31255340576171875,0.25000572204589844
random_57,1.0,c047,1.1246767044067383,0.18756484985351562
random_57,1.0,c050,1.5623044967651367,0.3757753372192383
random_57,1.0,c043,0.9995508193969727,0.24970436096191406
random_57,1.0,c016,2.562458038330078,0.06251907348632812
random_57,1.0,c014,1.9999990463256836,0.18751049041748047
random_57,1.0,c041,-2.5625219345092773,0.12505626678466797
random_57,1.0,c006,1.2497949600219727,-0.06207275390625
random_57,1.0,c039,-1.2498912811279297,0.8124151229858398
random_57,1.0,c017,3.624906539916992,0.18756389617919922
random_57,1.0,c058,0.6875038146972656,0.375
random_57,1.0,c002,2.6249799728393555,0.24999713897705078
random_57,1.0,c024,1.374770164489746,0.5000514984130859
random_57,1.0,c023,2.124974250793457,0.2499837875366211
random_57,1.0,c022,0.06248188018798828,-0.06252384185791016
random_57,1.0,c056,1.6859407424926758,0.06391716003417969
random_57,-4.0,c041,2.18721866607666,-9.441375732421875e-05
random_57,-4.0,c006,1.6229877471923828,-0.8140106201171875
random_57,-4.0,c039,-1.1874418258666992,-2.4999475479125977
random_57,-4.0,c017,3.312413215637207,-1.6875581741333008
random_57,-4.0,c058,-0.1250019073486328,-0.7500019073486328
random_57,-4.0,c002,0.9999637603759766,-0.43752098083496094
random_57,-4.0,c024,0.0624237060546875,5.7220458984375e-06
random_57,-4.0,c023,1.687027931213379,-0.6877965927124023
random_57,-4.0,c022,1.687483787536621,-0.9999008178710938
random_57,-4.0,c056,0.24440860748291016,-0.4897279739379883
random_57,-4.0,c029,-3.7499828338623047,-1.999983787536621
random_57,-4.0,c025,-0.624964714050293,0.1249847412109375
random_57,-4.0,c000,2.248845100402832,-0.6873607635498047
random_57,-4.0,c036,-0.00036144256591796875,-0.749908447265625
random_57,-4.0,c020,8.936545372009277,-0.1881418228149414
random_57,-4.0,c011,3.49996280670166,-0.9374532699584961
random_57,-4.0,c003,0.3749399185180664,-1.5624656677246094
random_57,-4.0,c045,8.561320304870605,0.8740949630737305
random_57,-4.0,c046,-0.6871137619018555,0.3116922378540039
random_57,-4.0,c044,10.93118667602539,0.8700485229492188
random_57,-4.0,c008,-3.25,-2.125
random_57,-4.0,c049,3.8124961853027344,-0.5625
random_57,-4.0,c013,10.185035705566406,-0.00208282470703125
random_57,-4.0,c042,2.8748817443847656,-1.0000934600830078
random_57,-4.0,c009,-1.562516212463379,-0.9999570846557617
random_57,-4.0,c047,0.8743457794189453,-0.06276607513427734
random_57,-4.0,c050,0.6232366561889648,-0.5632925033569336
random_57,-4.0,c043,1.7494726181030273,0.9996261596679688
random_57,-4.0,c016,1.5624275207519531,-0.9375114440917969
random_57,-4.0,c014,2.812417984008789,0.9999294281005859
random_57,-4.0,c041,-2.625059127807617,0.06251907348632812
random_57,-4.0,c006,0.6239204406738281,-0.6879472732543945
random_57,-4.0,c039,-4.061047554016113,-1.9987411499023438
random_57,-4.0,c017,2.6248693466186523,-0.8124732971191406
random_57,-4.0,c058,-1.5,-1.8125038146972656
random_57,-4.0,c002,1.1874513626098633,-1.1875314712524414
random_57,-4.0,c024,0.4371633529663086,-0.43755531311035156
random_57,-4.0,c023,1.3748741149902344,-0.5001163482666016
random_57,-4.0,c022,0.24983882904052734,0.1248331069946289
random_57,-4.0,c056,1.7489185333251953,0.12689495086669922
random_57,4.0,c041,3.43747615814209,1.2501630783081055
random_57,4.0,c006,2.9998292922973633,0.562830924987793
random_57,4.0,c039,2.5000009536743164,1.187495231628418
random_57,4.0,c017,6.437473297119141,1.4375019073486328
random_57,4.0,c058,1.1874980926513672,0.5624980926513672
random_57,4.0,c002,1.7499980926513672,0.3125133514404297
random_57,4.0,c024,1.5624637603759766,1.5000457763671875
random_57,4.0,c023,4.562471389770508,2.1876468658447266
random_57,4.0,c022,3.999837875366211,1.312453269958496
random_57,4.0,c056,1.3106212615966797,0.5764846801757812
random_57,4.0,c029,0.8125,2.5624990463256836
random_57,4.0,c025,1.062551498413086,1.8125009536743164
random_57,4.0,c000,3.4373769760131836,0.5011711120605469
random_57,4.0,c036,1.2499074935913086,0.5003604888916016
random_57,4.0,c020,7.249937057495117,-1.8747501373291016
random_57,4.0,c011,4.499980926513672,0.06256484985351562
random_57,4.0,c003,1.9375486373901367,0.0001430511474609375
random_57,4.0,c045,6.3749847412109375,-1.3122406005859375
random_57,4.0,c046,1.6255779266357422,2.6243839263916016
random_57,4.0,c044,8.56246566772461,-1.4986724853515625
random_57,4.0,c008,-1.375,-0.25
random_57,4.0,c049,4.124994277954102,-0.2500019073486328
random_57,4.0,c013,8.624983787536621,-1.5621347427368164
random_57,4.0,c042,4.812481880187988,0.9375066757202148
random_57,4.0,c009,0.8124809265136719,1.375040054321289
random_57,4.0,c047,1.7498502731323242,0.8127384185791016
random_57,4.0,c050,2.6249160766601562,1.4383869171142578
random_57,4.0,c043,0.37508106231689453,-0.37476539611816406
random_57,4.0,c016,3.3124656677246094,0.8125267028808594
random_57,4.0,c014,2.25,0.4375114440917969
random_57,4.0,c041,-1.125046730041504,1.5625314712524414
random_57,4.0,c006,2.1249380111694336,0.8130702972412109
random_57,4.0,c039,4.863739013671875e-05,2.0623550415039062
random_57,4.0,c017,4.374938011169434,0.9375953674316406
random_57,4.0,c058,1.5625038146972656,1.25
random_57,4.0,c002,3.499971389770508,1.1249885559082031
random_57,4.0,c024,2.8749284744262695,2.0002098083496094
random_57,4.0,c023,3.625072479248047,1.750082015991211
random_57,4.0,c022,0.6250143051147461,0.5000085830688477
random_57,4.0,c056,2.624544143676758,1.0025205612182617
random_58,-1.0,c041,2.3748302459716797,0.1875171661376953
random_58,-1.0,c006,1.7498111724853516,-0.6871871948242188
random_58,-1.0,c039,1.3750066757202148,0.0625009536743164
random_58,-1.0,c017,5.437479019165039,0.43750762939453125
random_58,-1.0,c058,0.4999980926513672,-0.1250019073486328
random_58,-1.0,c002,1.2499980926513672,-0.1874866485595703
random_58,-1.0,c024,-4.291534423828125e-05,-0.062460899353027344
random_58,-1.0,c023,2.8749237060546875,0.5000991821289062
random_58,-1.0,c022,2.7500295639038086,0.06264495849609375
random_58,-1.0,c056,0.3080635070800781,-0.4260730743408203
random_58,-1.0,c029,-2.312495231628418,-0.5624961853027344
random_58,-1.0,c025,-0.4374713897705078,0.31247806549072266
random_58,-1.0,c000,2.6247482299804688,-0.31145763397216797
random_58,-1.0,c036,0.3747415542602539,-0.3748054504394531
random_58,-1.0,c020,9.999752044677734,0.8750648498535156
random_58,-1.0,c011,4.562471389770508,0.12505531311035156
random_58,-1.0,c003,1.6874399185180664,-0.24996566772460938
random_58,-1.0,c045,8.562251091003418,0.875025749206543
random_58,-1.0,c046,-0.9371395111083984,0.06166648864746094
random_58,-1.0,c044,10.748886108398438,0.6877479553222656
random_58,-1.0,c008,-1.375,-0.25
random_58,-1.0,c049,4.749998092651367,0.3750019073486328
random_58,-1.0,c013,10.37467098236084,0.18755245208740234
random_58,-1.0,c042,3.562488555908203,-0.3124866485595703
random_58,-1.0,c009,-0.3750448226928711,0.1875143051147461
random_58,-1.0,c047,1.1247539520263672,0.18764209747314453
random_58,-1.0,c050,1.0621337890625,-0.12439537048339844
random_58,-1.0,c043,0.6249332427978516,-0.12491321563720703
random_58,-1.0,c016,2.8124923706054688,0.31255340576171875
random_58,-1.0,c014,1.8749942779541016,0.06250572204589844
random_58,-1.0,c041,-2.937514305114746,-0.24993610382080078
random_58,-1.0,c006,1.374863624572754,0.06299591064453125
random_58,-1.0,c039,-2.6247777938842773,-0.5624713897705078
random_58,-1.0,c017,3.624959945678711,0.18761730194091797
random_58,-1.0,c058,1.9073486328125e-06,-0.3125019073486328
random_58,-1.0,c002,2.3749799728393555,-2.86102294921875e-06
random_58,-1.0,c024,1.3124637603759766,0.4377450942993164
random_58,-1.0,c023,1.9374847412109375,0.06249427795410156
random_58,-1.0,c022,-8.58306884765625e-06,-0.1250143051147461
random_58,-1.0,c056,1.6243562698364258,0.0023326873779296875
random_58,1.0,c041,2.061826705932617,-0.1254863739013672
random_58,1.0,c006,2.3103904724121094,-0.12660789489746094
random_58,1.0,c039,2.2499866485595703,0.9374809265136719
random_58,1.0,c017,4.749902725219727,-0.25006866455078125
random_58,1.0,c058,0.8749980926513672,0.2499980926513672
random_58,1.0,c002,1.3750038146972656,-0.062480926513671875
random_58,1.0,c024,0.18719482421875,0.12477684020996094
random_58,1.0,c023,2.4367408752441406,0.061916351318359375
random_58,1.0,c022,2.8118181228637695,0.12443351745605469
random_58,1.0,c056,-0.015680313110351562,-0.74981689453125
random_58,1.0,c029,-1.3124990463256836,0.4375
random_58,1.0,c025,-0.6246700286865234,0.12527942657470703
random_58,1.0,c000,2.748302459716797,-0.18790340423583984
random_58,1.0,c036,0.4363441467285156,-0.3132028579711914
random_58,1.0,c020,7.74915885925293,-1.375528335571289
random_58,1.0,c011,4.999837875366211,0.5624217987060547
random_58,1.0,c003,1.749833106994629,-0.18757247924804688
random_58,1.0,c045,6.9370880126953125,-0.7501373291015625
random_58,1.0,c046,-0.6834707260131836,0.3153352737426758
random_58,1.0,c044,8.872802734375,-1.1883354187011719
random_58,1.0,c008,-1.125,0.0
random_58,1.0,c049,3.812498092651367,-0.5624980926513672
random_58,1.0,c013,8.937028884887695,-1.2500896453857422
random_58,1.0,c042,3.9998550415039062,0.12487983703613281
random_58,1.0,c009,-0.3126068115234375,0.2499523162841797
random_58,1.0,c047,0.7481632232666016,-0.1889486312866211
random_58,1.0,c050,1.2490482330322266,0.06251907348632812
random_58,1.0,c043,0.5618371963500977,-0.18800926208496094
random_58,1.0,c016,2.1248912811279297,-0.3750476837158203
random_58,1.0,c014,1.6249961853027344,-0.18749237060546875
random_58,1.0,c041,-2.4376087188720703,0.249969482421875
random_58,1.0,c006,1.2494211196899414,-0.06244659423828125
random_58,1.0,c039,-1.437455177307129,0.6248512268066406
random_58,1.0,c017,3.562258720397949,0.12491607666015625
random_58,1.0,c058,0.3125,-3.814697265625e-06
random_58,1.0,c002,2.0624561309814453,-0.3125267028808594
random_58,1.0,c024,0.8743190765380859,-0.00039958953857421875
random_58,1.0,c023,1.687504768371582,-0.1874856948852539
random_58,1.0,c022,-0.5625085830688477,-0.6875143051147461
random_58,1.0,c056,1.6825790405273438,0.060555458068847656
random_58,-4.0,c041,1.0000104904174805,-1.187302589416504
random_58,-4.0,c006,0.18748760223388672,-2.2495107650756836
random_58,-4.0,c039,-0.31249141693115234,-1.6249971389770508
random_58,-4.0,c017,4.75,-0.2499713897705078
random_58,-4.0,c058,-0.3750019073486328,-1.0000019073486328
random_58,-4.0,c002,0.875,-0.5624847412109375
random_58,-4.0,c024,0.31250476837158203,0.25008678436279297
random_58,-4.0,c023,2.437498092651367,0.06267356872558594
random_58,-4.0,c022,2.187514305114746,-0.49987030029296875
random_58,-4.0,c056,0.9373941421508789,0.20325756072998047
random_58,-4.0,c029,-2.687498092651367,-0.9374990463256836
random_58,-4.0,c025,-0.875,-0.12505054473876953
random_58,-4.0,c000,0.9999828338623047,-1.936223030090332
random_58,-4.0,c036,-0.7499704360961914,-1.4995174407958984
random_58,-4.0,c020,10.999899864196777,1.8752126693725586
random_58,-4.0,c011,3.0000038146972656,-1.4374122619628906
random_58,-4.0,c003,-3.814697265625e-06,-1.9374094009399414
random_58,-4.0,c045,10.312396049499512,2.6251707077026367
random_58,-4.0,c046,-1.687474250793457,-0.6886682510375977
random_58,-4.0,c044,12.187165260314941,2.1260271072387695
random_58,-4.0,c008,-1.75,-0.625
random_58,-4.0,c049,5.187498092651367,0.8125019073486328
random_58,-4.0,c013,11.999895095825195,1.8127765655517578
random_58,-4.0,c042,1.4374980926513672,-2.4374771118164062
random_58,-4.0,c009,-0.5624876022338867,7.152557373046875e-05
random_58,-4.0,c047,0.18749046325683594,-0.7496213912963867
random_58,-4.0,c050,0.6873531341552734,-0.499176025390625
random_58,-4.0,c043,-0.06249046325683594,-0.8123369216918945
random_58,-4.0,c016,2.4375057220458984,-0.06243324279785156
random_58,-4.0,c014,-0.12499809265136719,-1.9374866485595703
random_58,-4.0,c041,-3.3124942779541016,-0.6249160766601562
random_58,-4.0,c006,-0.6875181198120117,-1.9993858337402344
random_58,-4.0,c039,-4.436920166015625,-2.3746137619018555
random_58,-4.0,c017,2.6875,-0.749842643737793
random_58,-4.0,c058,-0.9999980926513672,-1.3125019073486328
random_58,-4.0,c002,1.0,-1.3749828338623047
random_58,-4.0,c024,1.8124876022338867,0.9377689361572266
random_58,-4.0,c023,2.000009536743164,0.12501907348632812
random_58,-4.0,c022,-0.0625,-0.18750572204589844
random_58,-4.0,c056,1.250030517578125,-0.3719930648803711
random_58,4.0,c041,1.6238126754760742,-0.5635004043579102
random_58,4.0,c006,2.240889549255371,-0.19610881805419922
random_58,4.0,c039,2.0624866485595703,0.7499809265136719
random_58,4.0,c017,3.811948776245117,-1.1880226135253906
random_58,4.0,c058,2.1874961853027344,1.5624961853027344
random_58,4.0,c002,1.062485694885254,-0.3749990463256836
random_58,4.0,c024,0.43601322174072266,0.3735952377319336
random_58,4.0,c023,1.060276985168457,-1.3145475387573242
random_58,4.0,c022,2.1845836639404297,-0.5028009414672852
random_58,4.0,c056,-0.06158256530761719,-0.7957191467285156
random_58,4.0,c029,-0.5625333786010742,1.1874656677246094
random_58,4.0,c025,-0.5614023208618164,0.18854713439941406
random_58,4.0,c000,1.622060775756836,-1.3141450881958008
random_58,4.0,c036,-0.06488704681396484,-0.8144340515136719
random_58,4.0,c020,5.373409271240234,-3.7512779235839844
random_58,4.0,c011,3.624148368835449,-0.813267707824707
random_58,4.0,c003,1.3119840621948242,-0.6254215240478516
random_58,4.0,c045,4.999444007873535,-2.68778133392334
random_58,4.0,c046,-0.20201587677001953,0.7967901229858398
random_58,4.0,c044,6.868593215942383,-3.192544937133789
random_58,4.0,c008,-0.75,0.375
random_58,4.0,c049,2.6249847412109375,-1.7500114440917969
random_58,4.0,c013,7.061454772949219,-3.1256637573242188
random_58,4.0,c042,2.748769760131836,-1.1262054443359375
random_58,4.0,c009,-0.6251516342163086,-0.0625925064086914
random_58,4.0,c047,-0.12844562530517578,-1.0655574798583984
random_58,4.0,c050,0.3100547790527344,-0.8764743804931641
random_58,4.0,c043,-0.4448699951171875,-1.194716453552246
random_58,4.0,c016,0.9369964599609375,-1.5629425048828125
random_58,4.0,c014,0.37503528594970703,-1.437453269958496
random_58,4.0,c041,-2.313508987426758,0.3740692138671875
random_58,4.0,c006,1.059248924255371,-0.25261878967285156
random_58,4.0,c039,0.25014686584472656,2.312453269958496
random_58,4.0,c017,2.3741111755371094,-1.0632314682006836
random_58,4.0,c058,1.3124980926513672,0.9999942779541016
random_58,4.0,c002,0.9372625350952148,-1.4377202987670898
random_58,4.0,c024,0.4356803894042969,-0.4390382766723633
random_58,4.0,c023,2.0617504119873047,0.18675994873046875
random_58,4.0,c022,-0.750828742980957,-0.8758344650268555
random_58,4.0,c056,0.5992155075073242,-1.0228080749511719
random_59,-1.0,c041,2.062413215637207,-0.12489986419677734
random_59,-1.0,c006,1.7497377395629883,-0.687260627746582
random_59,-1.0,c039,0.750004768371582,-0.5625009536743164
random_59,-1.0,c017,5.124937057495117,0.12496566772460938
random_59,-1.0,c058,0.0,-0.625
random_59,-1.0,c002,0.8124933242797852,-0.6249914169311523
random_59,-1.0,c024,-0.25010204315185547,-0.31252002716064453
random_59,-1.0,c023,1.6874151229858398,-0.6874094009399414
random_59,-1.0,c022,2.6248435974121094,-0.06254100799560547
random_59,-1.0,c056,0.11969375610351562,-0.6144428253173828
random_59,-1.0,c029,-1.9374980926513672,-0.1874990463256836
random_59,-1.0,c025,-0.9999017715454102,-0.2499523162841797
random_59,-1.0,c000,2.3747425079345703,-0.5614633560180664
random_59,-1.0,c036,-0.00040721893310546875,-0.7499542236328125
random_59,-1.0,c020,9.249814987182617,0.12512779235839844
random_59,-1.0,c011,4.56242561340332,0.12500953674316406
random_59,-1.0,c003,1.6874170303344727,-0.24998855590820312
random_59,-1.0,c045,7.9373674392700195,0.25014209747314453
random_59,-1.0,c046,-0.5615139007568359,0.43729209899902344
random_59,-1.0,c044,9.874031066894531,-0.18710708618164062
random_59,-1.0,c008,-1.625,-0.5
random_59,-1.0,c049,3.374998092651367,-0.9999980926513672
random_59,-1.0,c013,10.687131881713867,0.5000133514404297
random_59,-1.0,c042,3.624959945678711,-0.2500152587890625
random_59,-1.0,c009,-1.0625133514404297,-0.4999542236328125
random_59,-1.0,c047,0.9368362426757812,-0.00027561187744140625
random_59,-1.0,c050,0.9995279312133789,-0.18700122833251953
random_59,-1.0,c043,0.8749933242797852,0.12514686584472656
random_59,-1.0,c016,2.1874284744262695,-0.31251049041748047
random_59,-1.0,c014,1.9999971389770508,0.18750858306884766
random_59,-1.0,c041,-3.0000696182250977,-0.31249141693115234
random_59,-1.0,c006,0.9997329711914062,-0.3121347427368164
random_59,-1.0,c039,-2.999837875366211,-0.9375314712524414
random_59,-1.0,c017,3.437440872192383,9.822845458984375e-05
random_59,-1.0,c058,-0.062496185302734375,-0.375
random_59,-1.0,c002,2.312472343444824,-0.06251049041748047
random_59,-1.0,c024,0.7498960494995117,-0.12482261657714844
random_59,-1.0,c023,2.1249828338623047,0.24999237060546875
random_59,-1.0,c022,-0.2500162124633789,-0.37502193450927734
random_59,-1.0,c056,1.8744077682495117,0.2523841857910156
random_59,1.0,c041,2.4987564086914062,0.3114433288574219
random_59,1.0,c006,2.5610780715942383,0.12407970428466797
random_59,1.0,c039,2.374995231628418,1.0624895095825195
random_59,1.0,c017,5.312463760375977,0.31249237060546875
random_59,1.0,c058,1.2499980926513672,0.6249980926513672
random_59,1.0,c002,2.1875076293945312,0.7500228881835938
random_59,1.0,c024,0.37492942810058594,0.3125114440917969
random_59,1.0,c023,2.4371795654296875,0.06235504150390625
random_59,1.0,c022,3.062027931213379,0.37464332580566406
random_59,1.0,c056,0.5344905853271484,-0.19964599609375
random_59,1.0,c029,-1.499995231628418,0.2500038146972656
random_59,1.0,c025,-0.3122739791870117,0.43767547607421875
random_59,1.0,c000,2.935023307800293,-0.00118255615234375
random_59,1.0,c036,0.9364919662475586,0.18694496154785156
random_59,1.0,c020,8.562056541442871,-0.5626306533813477
random_59,1.0,c011,4.437460899353027,4.482269287109375e-05
random_59,1.0,c003,1.9374380111694336,3.24249267578125e-05
random_59,1.0,c045,7.87431526184082,0.1870899200439453
random_59,1.0,c046,-0.3743772506713867,0.6244287490844727
random_59,1.0,c044,9.747405052185059,-0.3137331008911133
random_59,1.0,c008,-0.8125,0.3125
random_59,1.0,c049,5.187494277954102,0.8124980926513672
random_59,1.0,c013,9.311711311340332,-0.8754072189331055
random_59,1.0,c042,3.624950408935547,-0.25002479553222656
random_59,1.0,c009,0.24973678588867188,0.8122959136962891
random_59,1.0,c047,1.1866655349731445,0.24955368041992188
random_59,1.0,c050,1.1241083145141602,-0.06242084503173828
random_59,1.0,c043,0.7491531372070312,-0.0006933212280273438
random_59,1.0,c016,3.1249685287475586,0.6250295639038086
random_59,1.0,c014,2.0624961853027344,0.25000762939453125
random_59,1.0,c041,-2.187588691711426,0.49998950958251953
random_59,1.0,c006,1.624342918395996,0.31247520446777344
random_59,1.0,c039,-0.8747806549072266,1.187525749206543
random_59,1.0,c017,3.749929428100586,0.31258678436279297
random_59,1.0,c058,0.8750019073486328,0.5624980926513672
random_59,1.0,c002,2.874936103820801,0.4999532699584961
random_59,1.0,c024,1.061624526977539,0.1869058609008789
random_59,1.0,c023,1.9373016357421875,0.06231117248535156
random_59,1.0,c022,0.0625152587890625,-0.06249046325683594
random_59,1.0,c056,1.8710031509399414,0.2489795684814453
random_59,-4.0,c041,0.562495231628418,-1.6248178482055664
random_59,-4.0,c006,0.9999561309814453,-1.437042236328125
random_59,-4.0,c039,-1.1874961853027344,-2.500001907348633
random_59,-4.0,c017,3.2499332427978516,-1.7500381469726562
random_59,-4.0,c058,-0.375,-1.0
random_59,-4.0,c002,-0.3124961853027344,-1.7499809265136719
random_59,-4.0,c024,-1.3750181198120117,-1.4374361038208008
random_59,-4.0,c023,-0.4999990463256836,-2.874823570251465
random_59,-4.0,c022,1.124985694885254,-1.562398910522461
random_59,-4.0,c056,-0.37569522857666016,-1.1098318099975586
random_59,-4.0,c029,-2.624998092651367,-0.8749990463256836
random_59,-4.0,c025,-1.2499675750732422,-0.5000181198120117
random_59,-4.0,c000,0.9999580383300781,-1.9362478256225586
random_59,-4.0,c036,-1.6875638961791992,-2.4371109008789062
random_59,-4.0,c020,10.187411308288574,1.0627241134643555
random_59,-4.0,c011,4.124967575073242,-0.31244850158691406
random_59,-4.0,c003,-0.5624256134033203,-2.499831199645996
random_59,-4.0,c045,8.812370300292969,1.1251449584960938
random_59,-4.0,c046,-0.5623254776000977,0.4364805221557617
random_59,-4.0,c044,11.312191009521484,1.2510528564453125
random_59,-4.0,c008,-3.4375,-2.3125
random_59,-4.0,c049,2.75,-1.6249961853027344
random_59,-4.0,c013,10.81228256225586,0.6251640319824219
random_59,-4.0,c042,2.4374427795410156,-1.4375324249267578
random_59,-4.0,c009,-2.9375,-2.374940872192383
random_59,-4.0,c047,0.37476539611816406,-0.5623464584350586
random_59,-4.0,c050,0.8748712539672852,-0.3116579055786133
random_59,-4.0,c043,0.8124847412109375,0.0626382827758789
random_59,-4.0,c016,0.8124790191650391,-1.687459945678711
random_59,-4.0,c014,1.8124923706054688,3.814697265625e-06
random_59,-4.0,c041,-3.750004768371582,-1.0624265670776367
random_59,-4.0,c006,-0.5000400543212891,-1.8119077682495117
random_59,-4.0,c039,-4.499967575073242,-2.4376611709594727
random_59,-4.0,c017,2.9373769760131836,-0.4999656677246094
random_59,-4.0,c058,-1.2499980926513672,-1.5625019073486328
random_59,-4.0,c002,0.2499980926513672,-2.1249847412109375
random_59,-4.0,c024,0.2499990463256836,-0.6247196197509766
random_59,-4.0,c023,1.0625171661376953,-0.8124732971191406
random_59,-4.0,c022,-1.1875057220458984,-1.3125114440917969
random_59,-4.0,c056,1.437342643737793,-0.18468093872070312
random_59,4.0,c041,3.3701601028442383,1.182847023010254
random_59,4.0,c006,3.241408348083496,0.8044099807739258
random_59,4.0,c039,3.1242237091064453,1.8117179870605469
random_59,4.0,c017,5.437256813049316,0.4372854232788086
random_59,4.0,c058,2.3124866485595703,1.6874866485595703
random_59,4.0,c002,4.249978065490723,2.812493324279785
random_59,4.0,c024,1.1240949630737305,1.0616769790649414
random_59,4.0,c023,4.559300422668457,2.184475898742676
random_59,4.0,c022,3.498713493347168,0.8113288879394531
random_59,4.0,c056,2.067760467529297,1.3336238861083984
random_59,4.0,c029,0.24985122680664062,1.9998502731323242
random_59,4.0,c025,0.05934429168701172,0.8092937469482422
random_59,4.0,c000,3.491077423095703,0.5548715591430664
random_59,4.0,c036,1.2345647811889648,0.4850177764892578
random_59,4.0,c020,8.184688568115234,-0.9399986267089844
random_59,4.0,c011,4.749958038330078,0.3125419616699219
random_59,4.0,c003,2.1249589920043945,0.18755340576171875
random_59,4.0,c045,7.1851606369018555,-0.5020647048950195
random_59,4.0,c046,-0.1122589111328125,0.8865470886230469
random_59,4.0,c044,8.924234390258789,-1.1369037628173828
random_59,4.0,c008,0.1875019073486328,1.3125019073486328
random_59,4.0,c049,6.937200546264648,2.562204360961914
random_59,4.0,c013,8.059114456176758,-2.1280040740966797
random_59,4.0,c042,4.374894142150879,0.49991893768310547
random_59,4.0,c009,1.784987449645996,2.3475465774536133
random_59,4.0,c047,1.8114957809448242,0.8743839263916016
random_59,4.0,c050,1.2404899597167969,0.05396080017089844
random_59,4.0,c043,1.1673660278320312,0.41751956939697266
random_59,4.0,c016,3.3746185302734375,0.8746795654296875
random_59,4.0,c014,2.312358856201172,0.49987030029296875
random_59,4.0,c041,-0.750218391418457,1.9373598098754883
random_59,4.0,c006,2.3707008361816406,1.058833122253418
random_59,4.0,c039,0.5126771926879883,2.574983596801758
random_59,4.0,c017,3.999795913696289,0.5624532699584961
random_59,4.0,c058,1.25,0.9374961853027344
random_59,4.0,c002,3.999861717224121,1.6248788833618164
random_59,4.0,c024,1.291372299194336,0.4166536331176758
random_59,4.0,c023,2.4312362670898438,0.5562458038330078
random_59,4.0,c022,0.5000085830688477,0.3750028610229492
random_59,4.0,c056,2.026552200317383,0.4045286178588867
random_60,-1.0,c041,2.749897003173828,0.5625839233398438
random_60,-1.0,c006,2.249789237976074,-0.1872091293334961
random_60,-1.0,c039,1.6875057220458984,0.375
random_60,-1.0,c017,4.999965667724609,-5.7220458984375e-06
random_60,-1.0,c058,0.7499980926513672,0.12499809265136719
random_60,-1.0,c002,1.4375057220458984,2.09808349609375e-05
random_60,-1.0,c024,0.06242942810058594,1.1444091796875e-05
random_60,-1.0,c023,2.1249303817749023,-0.2498941421508789
random_60,-1.0,c022,2.749932289123535,0.06254768371582031
random_60,-1.0,c056,0.4326028823852539,-0.30153369903564453
random_60,-1.0,c029,-2.187498092651367,-0.4374990463256836
random_60,-1.0,c025,-0.6248807907104492,0.12506866455078125
random_60,-1.0,c000,2.6872940063476562,-0.24891185760498047
random_60,-1.0,c036,0.2496490478515625,-0.49989795684814453
random_60,-1.0,c020,9.062305450439453,-0.062381744384765625
random_60,-1.0,c011,4.374955177307129,-0.062460899353027344
random_60,-1.0,c003,1.8124456405639648,-0.12495994567871094
random_60,-1.0,c045,7.62483024597168,-0.06239509582519531
random_60,-1.0,c046,-0.49816036224365234,0.500645637512207
random_60,-1.0,c044,9.437146186828613,-0.6239919662475586
random_60,-1.0,c008,-1.4375,-0.3125
random_60,-1.0,c049,3.812498092651367,-0.5624980926513672
random_60,-1.0,c013,9.062326431274414,-1.1247920989990234
random_60,-1.0,c042,3.812480926513672,-0.06249427795410156
random_60,-1.0,c009,0.1249542236328125,0.6875133514404297
random_60,-1.0,c047,1.1247272491455078,0.18761539459228516
random_60,-1.0,c050,1.1871623992919922,0.00063323974609375
random_60,-1.0,c043,1.187453269958496,0.4376068115234375
random_60,-1.0,c016,2.187464714050293,-0.31247425079345703
random_60,-1.0,c014,2.1249866485595703,0.3124980926513672
random_60,-1.0,c041,-2.312519073486328,0.3750591278076172
random_60,-1.0,c006,1.3123054504394531,0.00043773651123046875
random_60,-1.0,c039,-2.0624074935913086,-0.0001010894775390625
random_60,-1.0,c017,3.5624351501464844,0.1250925064086914
random_60,-1.0,c058,0.5,0.18749618530273438
random_60,-1.0,c002,2.249972343444824,-0.12501049041748047
random_60,-1.0,c024,0.9374761581420898,0.06275749206542969
random_60,-1.0,c023,2.4999656677246094,0.6249752044677734
random_60,-1.0,c022,-0.06249809265136719,-0.18750381469726562
random_60,-1.0,c056,1.6868019104003906,0.06477832794189453
random_60,1.0,c041,2.061692237854004,-0.12562084197998047
random_60,1.0,c006,2.684962272644043,0.24796390533447266
random_60,1.0,c039,1.6250038146972656,0.3124980926513672
random_60,1.0,c017,4.874917984008789,-0.12505340576171875
random_60,1.0,c058,0.3749980926513672,-0.2500019073486328
random_60,1.0,c002,1.8124685287475586,0.3749837875366211
random_60,1.0,c024,-0.06271076202392578,-0.12512874603271484
random_60,1.0,c023,2.687270164489746,0.31244564056396484
random_60,1.0,c022,2.874688148498535,0.1873035430908203
random_60,1.0,c056,0.6580562591552734,-0.076080322265625
random_60,1.0,c029,-1.624995231628418,0.12500381469726562
random_60,1.0,c025,-0.9370613098144531,-0.18711185455322266
random_60,1.0,c000,2.6853599548339844,-0.25084590911865234
random_60,1.0,c036,0.6241483688354492,-0.1253986358642578
random_60,1.0,c020,8.999449729919434,-0.12523746490478516
random_60,1.0,c011,4.062406539916992,-0.37500953674316406
random_60,1.0,c003,1.749654769897461,-0.18775081634521484
random_60,1.0,c045,7.3744659423828125,-0.3127593994140625
random_60,1.0,c046,-1.125518798828125,-0.12671279907226562
random_60,1.0,c044,9.683253288269043,-0.3778848648071289
random_60,1.0,c008,-0.75,0.375
random_60,1.0,c049,4.812496185302734,0.4375
random_60,1.0,c013,9.623838424682617,-0.5632801055908203
random_60,1.0,c042,3.687429428100586,-0.1875457763671875
random_60,1.0,c009,-0.875065803527832,-0.31250667572021484
random_60,1.0,c047,0.9355459213256836,-0.0015659332275390625
random_60,1.0,c050,1.3116388320922852,0.12510967254638672
random_60,1.0,c043,0.2491779327392578,-0.5006685256958008
random_60,1.0,c016,2.8123912811279297,0.3124523162841797
random_60,1.0,c014,1.812495231628418,6.67572021484375e-06
random_60,1.0,c041,-3.250216484069824,-0.5626382827758789
random_60,1.0,c006,0.8742637634277344,-0.4376039505004883
random_60,1.0,c039,-2.249760627746582,-0.1874542236328125
random_60,1.0,c017,3.562410354614258,0.12506771087646484
random_60,1.0,c058,0.06250190734863281,-0.2500019073486328
random_60,1.0,c002,2.749943733215332,0.37496089935302734
random_60,1.0,c024,1.1244964599609375,0.24977779388427734
random_60,1.0,c023,1.4373836517333984,-0.4376068115234375
random_60,1.0,c022,-0.062499046325683594,-0.18750476837158203
random_60,1.0,c056,1.3049402236938477,-0.31708335876464844
random_60,-4.0,c041,2.937488555908203,0.7501754760742188
random_60,-4.0,c006,1.9374752044677734,-0.4995231628417969
random_60,-4.0,c039,1.625,0.31249427795410156
random_60,-4.0,c017,4.499999046325684,-0.4999723434448242
random_60,-4.0,c058,2.124998092651367,1.4999980926513672
random_60,-4.0,c002,1.1875085830688477,-0.24997615814208984
random_60,-4.0,c024,0.9374761581420898,0.8750581741333008
random_60,-4.0,c023,1.3749628067016602,-0.9998617172241211
random_60,-4.0,c022,3.000001907348633,0.31261730194091797
random_60,-4.0,c056,0.31250953674316406,-0.4216270446777344
random_60,-4.0,c029,-1.4374980926513672,0.3125009536743164
random_60,-4.0,c025,0.4375333786010742,1.1874828338623047
random_60,-4.0,c000,2.687437057495117,-0.24876880645751953
random_60,-4.0,c036,0.18748950958251953,-0.5620574951171875
random_60,-4.0,c020,8.249948501586914,-0.8747386932373047
random_60,-4.0,c011,4.187497138977051,-0.24991893768310547
random_60,-4.0,c003,1.5624990463256836,-0.3749065399169922
random_60,-4.0,c045,7.437459945678711,-0.24976539611816406
random_60,-4.0,c046,0.3129854202270508,1.3117914199829102
random_60,-4.0,c044,8.437484741210938,-1.6236534118652344
random_60,-4.0,c008,-1.6875,-0.5625
random_60,-4.0,c049,2.124998092651367,-2.249998092651367
random_60,-4.0,c013,9.062435150146484,-1.1246833801269531
random_60,-4.0,c042,3.062472343444824,-0.8125028610229492
random_60,-4.0,c009,0.8124933242797852,1.3750524520874023
random_60,-4.0,c047,1.4373531341552734,0.5002412796020508
random_60,-4.0,c050,1.6873512268066406,0.5008220672607422
random_60,-4.0,c043,2.000001907348633,1.2501554489135742
random_60,-4.0,c016,1.9374942779541016,-0.5624446868896484
random_60,-4.0,c014,2.9374847412109375,1.1249961853027344
random_60,-4.0,c041,-0.6874837875366211,2.000094413757324
random_60,-4.0,c006,1.1874513626098633,-0.12441635131835938
random_60,-4.0,c039,-1.8749475479125977,0.18735885620117188
random_60,-4.0,c017,3.874861717224121,0.4375190734863281
random_60,-4.0,c058,1.125,0.8124961853027344
random_60,-4.0,c002,0.9999856948852539,-1.3749971389770508
random_60,-4.0,c024,0.937443733215332,0.06272506713867188
random_60,-4.0,c023,3.25,1.375009536743164
random_60,-4.0,c022,0.875004768371582,0.7499990463256836
random_60,-4.0,c056,1.9374027252197266,0.31537914276123047
random_60,4.0,c041,1.1160154342651367,-1.0712976455688477
random_60,4.0,c006,1.153986930847168,-1.2830114364624023
random_60,4.0,c039,1.2499628067016602,-0.06254291534423828
random_60,4.0,c017,4.2494964599609375,-0.7504749298095703
random_60,4.0,c058,0.06248283386230469,-0.5625171661376953
random_60,4.0,c002,1.0622529983520508,-0.3752317428588867
random_60,4.0,c024,-0.32085132598876953,-0.3832693099975586
random_60,4.0,c023,2.7489547729492188,0.3741302490234375
random_60,4.0,c022,1.8096809387207031,-0.8777036666870117
random_60,4.0,c056,1.8747749328613281,1.1406383514404297
random_60,4.0,c029,-1.3749923706054688,0.37500667572021484
random_60,4.0,c025,-1.4374990463256836,-0.6875495910644531
random_60,4.0,c000,1.688349723815918,-1.2478561401367188
random_60,4.0,c036,0.9359521865844727,0.18640518188476562
random_60,4.0,c020,8.247461318969727,-0.8772258758544922
random_60,4.0,c011,3.1874208450317383,-1.249995231628418
random_60,4.0,c003,0.6817121505737305,-1.2556934356689453
random_60,4.0,c045,6.997285842895508,-0.6899394989013672
random_60,4.0,c046,-1.5190086364746094,-0.52020263671875
random_60,4.0,c044,9.217656135559082,-0.8434820175170898
random_60,4.0,c008,-1.125,0.0
random_60,4.0,c049,4.437492370605469,0.062496185302734375
random_60,4.0,c013,9.05351448059082,-1.1336040496826172
random_60,4.0,c042,4.061977386474609,0.18700218200683594
random_60,4.0,c009,-1.9389667510986328,-1.3764076232910156
random_60,4.0,c047,0.9893798828125,0.052268028259277344
random_60,4.0,c050,1.0708675384521484,-0.11566162109375
random_60,4.0,c043,-0.3553943634033203,-1.105240821838379
random_60,4.0,c016,2.18670654296875,-0.313232421875
random_60,4.0,c014,1.3124332427978516,-0.5000553131103516
random_60,4.0,c041,-3.266508102416992,-0.5789299011230469
random_60,4.0,c006,0.47228050231933594,-0.8395872116088867
random_60,4.0,c039,-1.5643815994262695,0.4979248046875
random_60,4.0,c017,2.8747005462646484,-0.5626420974731445
random_60,4.0,c058,-0.6249971389770508,-0.9375009536743164
random_60,4.0,c002,2.7493486404418945,0.37436580657958984
random_60,4.0,c024,1.675919532775879,0.8012008666992188
random_60,4.0,c023,0.8735923767089844,-1.0013980865478516
random_60,4.0,c022,-0.37499141693115234,-0.4999971389770508
random_60,4.0,c056,1.3419952392578125,-0.2800283432006836
random_61,-1.0,c041,2.374683380126953,0.18737030029296875
random_61,-1.0,c006,1.937016487121582,-0.4999818801879883
random_61,-1.0,c039,0.9375,-0.37500572204589844
random_61,-1.0,c017,4.812479019165039,-0.18749237060546875
random_61,-1.0,c058,1.0,0.375
random_61,-1.0,c002,1.1875019073486328,-0.2499828338623047
random_61,-1.0,c024,-0.06256294250488281,-0.12498092651367188
random_61,-1.0,c023,2.1248016357421875,-0.25002288818359375
random_61,-1.0,c022,2.437270164489746,-0.25011444091796875
random_61,-1.0,c056,0.1822357177734375,-0.5519008636474609
random_61,-1.0,c029,-2.062498092651367,-0.3124990463256836
random_61,-1.0,c025,-0.4374256134033203,0.31252384185791016
random_61,-1.0,c000,2.6245622634887695,-0.3116436004638672
random_61,-1.0,c036,0.5622482299804688,-0.18729877471923828
random_61,-1.0,c020,8.249711990356445,-0.8749752044677734
random_61,-1.0,c011,4.437457084655762,4.100799560546875e-05
random_61,-1.0,c003,1.9374151229858398,9.5367431640625e-06
random_61,-1.0,c045,7.8122711181640625,0.1250457763671875
random_61,-1.0,c046,-1.1248445510864258,-0.1260385513305664
random_61,-1.0,c044,9.311299324035645,-0.7498388290405273
random_61,-1.0,c008,-1.1875,-0.0625
random_61,-1.0,c049,4.124996185302734,-0.25
random_61,-1.0,c013,10.312276840209961,0.12515830993652344
random_61,-1.0,c042,2.999953269958496,-0.8750219345092773
random_61,-1.0,c009,-0.25005435943603516,0.31250476837158203
random_61,-1.0,c047,0.49977684020996094,-0.4373350143432617
random_61,-1.0,c050,1.1243505477905273,-0.062178611755371094
random_61,-1.0,c043,0.06212425231933594,-0.6877222061157227
random_61,-1.0,c016,1.8749895095825195,-0.6249494552612305
random_61,-1.0,c014,1.2499923706054688,-0.5624961853027344
random_61,-1.0,c041,-2.8126134872436523,-0.12503528594970703
random_61,-1.0,c006,0.8745498657226562,-0.4373178482055664
random_61,-1.0,c039,-2.312368392944336,-0.2500619888305664
random_61,-1.0,c017,3.3123607635498047,-0.12498188018798828
random_61,-1.0,c058,0.0,-0.3125038146972656
random_61,-1.0,c002,2.1249799728393555,-0.2500028610229492
random_61,-1.0,c024,0.8123188018798828,-0.062399864196777344
random_61,-1.0,c023,1.5624332427978516,-0.3125572204589844
random_61,-1.0,c022,-0.6874904632568359,-0.8124961853027344
random_61,-1.0,c056,1.2493314743041992,-0.3726921081542969
random_61,1.0,c041,2.499715805053711,0.31240272521972656
random_61,1.0,c006,2.5613718032836914,0.1243734359741211
random_61,1.0,c039,2.0624847412109375,0.7499790191650391
random_61,1.0,c017,5.374938011169434,0.3749666213989258
random_61,1.0,c058,0.6249980926513672,-1.9073486328125e-06
random_61,1.0,c002,2.1249942779541016,0.6875095367431641
random_61,1.0,c024,0.3748893737792969,0.3124713897705078
random_61,1.0,c023,2.4996461868286133,0.12482166290283203
random_61,1.0,c022,3.437300682067871,0.7499160766601562
random_61,1.0,c056,0.22569751739501953,-0.5084390640258789
random_61,1.0,c029,-1.6874942779541016,0.06250476837158203
random_61,1.0,c025,-0.3745307922363281,0.37541866302490234
random_61,1.0,c000,2.874342918395996,-0.061862945556640625
random_61,1.0,c036,0.7492971420288086,-0.0002498626708984375
random_61,1.0,c020,8.62435245513916,-0.5003347396850586
random_61,1.0,c011,4.8749237060546875,0.43750762939453125
random_61,1.0,c003,2.249884605407715,0.31247901916503906
random_61,1.0,c045,7.998849868774414,0.31162452697753906
random_61,1.0,c046,-0.6177377700805664,0.38106822967529297
random_61,1.0,c044,10.121739387512207,0.060601234436035156
random_61,1.0,c008,-1.625,-0.5
random_61,1.0,c049,5.124996185302734,0.75
random_61,1.0,c013,10.061866760253906,-0.12525177001953125
random_61,1.0,c042,4.187445640563965,0.3124704360961914
random_61,1.0,c009,-0.1251544952392578,0.4374046325683594
random_61,1.0,c047,1.2489995956420898,0.3118877410888672
random_61,1.0,c050,1.124124526977539,-0.062404632568359375
random_61,1.0,c043,1.2499608993530273,0.5001144409179688
random_61,1.0,c016,2.6249208450317383,0.12498188018798828
random_61,1.0,c014,2.1249752044677734,0.3124866485595703
random_61,1.0,c041,-2.6250104904174805,0.06256771087646484
random_61,1.0,c006,1.6244163513183594,0.3125486373901367
random_61,1.0,c039,-1.687453269958496,0.37485313415527344
random_61,1.0,c017,3.9373769760131836,0.5000343322753906
random_61,1.0,c058,0.375,0.062496185302734375
random_61,1.0,c002,3.0624122619628906,0.6874294281005859
random_61,1.0,c024,1.0621795654296875,0.18746089935302734
random_61,1.0,c023,2.375004768371582,0.5000143051147461
random_61,1.0,c022,0.5625095367431641,0.4375038146972656
random_61,1.0,c056,2.1211061477661133,0.4990825653076172
random_61,-4.0,c041,1.9374284744262695,-0.24988460540771484
random_61,-4.0,c006,1.4996957778930664,-0.9373025894165039
random_61,-4.0,c039,-0.1874980926513672,-1.5000038146972656
random_61,-4.0,c017,3.624910354614258,-1.37506103515625
random_61,-4.0,c058,1.2499980926513672,0.6249980926513672
random_61,-4.0,c002,0.37499523162841797,-1.0624895095825195
random_61,-4.0,c024,-0.562504768371582,-0.6249227523803711
random_61,-4.0,c023,0.8124160766601562,-1.562408447265625
random_61,-4.0,c022,1.624985694885254,-1.062398910522461
random_61,-4.0,c056,0.31110668182373047,-0.42302989959716797
random_61,-4.0,c029,-1.9999980926513672,-0.2499990463256836
random_61,-4.0,c025,-1.1249713897705078,-0.37502193450927734
random_61,-4.0,c000,1.8123455047607422,-1.1238603591918945
random_61,-4.0,c036,0.499969482421875,-0.24957752227783203
random_61,-4.0,c020,7.437380790710449,-1.6873064041137695
random_61,-4.0,c011,3.562471389770508,-0.8749446868896484
random_61,-4.0,c003,1.249908447265625,-0.6874971389770508
random_61,-4.0,c045,7.187250137329102,-0.49997520446777344
random_61,-4.0,c046,-0.9375724792480469,0.0612335205078125
random_61,-4.0,c044,9.685739517211914,-0.3753986358642578
random_61,-4.0,c008,-1.8125,-0.6875
random_61,-4.0,c049,3.3749961853027344,-1.0
random_61,-4.0,c013,9.687323570251465,-0.49979496002197266
random_61,-4.0,c042,1.4374408721923828,-2.4375343322753906
random_61,-4.0,c009,-0.3125038146972656,0.25005531311035156
random_61,-4.0,c047,1.1248722076416016,0.1877603530883789
random_61,-4.0,c050,1.499673843383789,0.3131446838378906
random_61,-4.0,c043,-0.12510204315185547,-0.8749485015869141
random_61,-4.0,c016,1.4374723434448242,-1.0624666213989258
random_61,-4.0,c014,0.8749980926513672,-0.9374904632568359
random_61,-4.0,c041,-2.3750295639038086,0.3125486373901367
random_61,-4.0,c006,0.6247549057006836,-0.6871128082275391
random_61,-4.0,c039,-2.687479019165039,-0.6251726150512695
random_61,-4.0,c017,3.499897003173828,0.06255435943603516
random_61,-4.0,c058,-0.75,-1.0625038146972656
random_61,-4.0,c002,1.6249895095825195,-0.7499933242797852
random_61,-4.0,c024,1.6249151229858398,0.7501964569091797
random_61,-4.0,c023,0.8749837875366211,-1.0000066757202148
random_61,-4.0,c022,-2.062506675720215,-2.1875123977661133
random_61,-4.0,c056,0.9374332427978516,-0.6845903396606445
random_61,4.0,c041,3.125080108642578,0.9377670288085938
random_61,4.0,c006,3.310598373413086,0.8736000061035156
random_61,4.0,c039,2.750028610229492,1.4375228881835938
random_61,4.0,c017,5.562378883361816,0.5624074935913086
random_61,4.0,c058,0.7499961853027344,0.12499618530273438
random_61,4.0,c002,3.250056266784668,1.8125715255737305
random_61,4.0,c024,1.1883459091186523,1.1259279251098633
random_61,4.0,c023,3.874929428100586,1.5001049041748047
random_61,4.0,c022,4.437474250793457,1.7500896453857422
random_61,4.0,c056,1.8624153137207031,1.1282787322998047
random_61,4.0,c029,-0.750056266784668,0.9999427795410156
random_61,4.0,c025,0.5668439865112305,1.316793441772461
random_61,4.0,c000,3.311859130859375,0.3756532669067383
random_61,4.0,c036,0.6869440078735352,-0.06260299682617188
random_61,4.0,c020,9.371191024780273,0.2465038299560547
random_61,4.0,c011,5.436866760253906,0.99945068359375
random_61,4.0,c003,2.3129196166992188,0.37551403045654297
random_61,4.0,c045,8.681761741638184,0.9945363998413086
random_61,4.0,c046,1.2547826766967773,2.2535886764526367
random_61,4.0,c044,9.991292953491211,-0.06984519958496094
random_61,4.0,c008,-2.125,-1.0
random_61,4.0,c049,5.687490463256836,1.3124942779541016
random_61,4.0,c013,10.019932746887207,-0.16718578338623047
random_61,4.0,c042,5.561639785766602,1.6866645812988281
random_61,4.0,c009,-0.3083620071411133,0.2541971206665039
random_61,4.0,c047,2.9344615936279297,1.997349739074707
random_61,4.0,c050,1.873326301574707,0.6867971420288086
random_61,4.0,c043,3.0564422607421875,2.306595802307129
random_61,4.0,c016,2.9998884201049805,0.49994945526123047
random_61,4.0,c014,2.8752918243408203,1.0628032684326172
random_61,4.0,c041,-1.1842403411865234,1.5033378601074219
random_61,4.0,c006,2.684246063232422,1.3723783493041992
random_61,4.0,c039,-0.6205615997314453,1.4417448043823242
random_61,4.0,c017,4.8122711181640625,1.3749284744262695
random_61,4.0,c058,1.25,0.9374961853027344
random_61,4.0,c002,3.3123884201049805,0.9374055862426758
random_61,4.0,c024,2.437053680419922,1.5623350143432617
random_61,4.0,c023,3.9365787506103516,2.0615882873535156
random_61,4.0,c022,2.2507781982421875,2.125772476196289
random_61,4.0,c056,3.5005321502685547,1.8785085678100586
random_62,-1.0,c041,1.9996614456176758,-0.1876516342163086
random_62,-1.0,c006,1.499730110168457,-0.9372682571411133
random_62,-1.0,c039,1.4375038146972656,0.12499809265136719
random_62,-1.0,c017,4.937381744384766,-0.06258964538574219
random_62,-1.0,c058,0.8124980926513672,0.1874980926513672
random_62,-1.0,c002,1.187485694885254,-0.2499990463256836
random_62,-1.0,c024,-0.06270694732666016,-0.12512493133544922
random_62,-1.0,c023,2.374762535095215,-6.198883056640625e-05
random_62,-1.0,c022,2.374669075012207,-0.3127155303955078
random_62,-1.0,c056,-0.14650917053222656,-0.880645751953125
random_62,-1.0,c029,-2.499995231628418,-0.7499961853027344
random_62,-1.0,c025,-0.4375152587890625,0.31243419647216797
random_62,-1.0,c000,1.8740510940551758,-1.062154769897461
random_62,-1.0,c036,-0.06306266784667969,-0.8126096725463867
random_62,-1.0,c020,8.43721866607666,-0.6874685287475586
random_62,-1.0,c011,4.187355041503906,-0.25006103515625
random_62,-1.0,c003,1.4374046325683594,-0.5000009536743164
random_62,-1.0,c045,7.749602317810059,0.062376976013183594
random_62,-1.0,c046,-1.1252365112304688,-0.12643051147460938
random_62,-1.0,c044,10.310827255249023,0.24968910217285156
random_62,-1.0,c008,-1.9375,-0.8125
random_62,-1.0,c049,4.687494277954102,0.3124980926513672
random_62,-1.0,c013,10.06220531463623,-0.12491321563720703
random_62,-1.0,c042,3.5624217987060547,-0.31255340576171875
random_62,-1.0,c009,-1.0625715255737305,-0.5000123977661133
random_62,-1.0,c047,0.4366922378540039,-0.5004196166992188
random_62,-1.0,c050,0.8116073608398438,-0.3749217987060547
random_62,-1.0,c043,0.3748016357421875,-0.3750448226928711
random_62,-1.0,c016,1.6249513626098633,-0.8749876022338867
random_62,-1.0,c014,1.8749866485595703,0.06249809265136719
random_62,-1.0,c041,-3.2500314712524414,-0.5624532699584961
random_62,-1.0,c006,0.8115358352661133,-0.5003318786621094
random_62,-1.0,c039,-2.3123483657836914,-0.2500419616699219
random_62,-1.0,c017,3.562387466430664,0.1250448226928711
random_62,-1.0,c058,0.0625,-0.2500038146972656
random_62,-1.0,c002,2.249964714050293,-0.12501811981201172
random_62,-1.0,c024,0.31221485137939453,-0.5625038146972656
random_62,-1.0,c023,2.124800682067871,0.24981021881103516
random_62,-1.0,c022,-0.4375162124633789,-0.5625219345092773
random_62,-1.0,c056,1.4963264465332031,-0.12569713592529297
random_62,1.0,c041,2.812265396118164,0.6249523162841797
random_62,1.0,c006,3.1244983673095703,0.6875
random_62,1.0,c039,2.1875057220458984,0.875
random_62,1.0,c017,5.12496280670166,0.12499141693115234
random_62,1.0,c058,0.6249980926513672,-1.9073486328125e-06
random_62,1.0,c002,2.0625085830688477,0.6250238418579102
random_62,1.0,c024,0.24987125396728516,0.1874532699584961
random_62,1.0,c023,2.6873092651367188,0.3124847412109375
random_62,1.0,c022,3.249934196472168,0.5625495910644531
random_62,1.0,c056,0.8033809661865234,0.069244384765625
random_62,1.0,c029,-1.3124933242797852,0.43750572204589844
random_62,1.0,c025,-0.18737316131591797,0.5625762939453125
random_62,1.0,c000,3.1239681243896484,0.18776226043701172
random_62,1.0,c036,1.0622749328613281,0.3127279281616211
random_62,1.0,c020,8.4996337890625,-0.6250534057617188
random_62,1.0,c011,5.062413215637207,0.6249971389770508
random_62,1.0,c003,2.3749380111694336,0.4375324249267578
random_62,1.0,c045,7.936888694763184,0.2496633529663086
random_62,1.0,c046,-0.24854755401611328,0.7502584457397461
random_62,1.0,c044,9.248465538024902,-0.8126726150512695
random_62,1.0,c008,-1.0625,0.0625
random_62,1.0,c049,4.374996185302734,0.0
random_62,1.0,c013,9.124292373657227,-1.062826156616211
random_62,1.0,c042,4.1249589920043945,0.2499837875366211
random_62,1.0,c009,-0.2500324249267578,0.3125267028808594
random_62,1.0,c047,1.3120698928833008,0.3749580383300781
random_62,1.0,c050,1.4991779327392578,0.3126487731933594
random_62,1.0,c043,1.2499465942382812,0.5001001358032227
random_62,1.0,c016,2.812450408935547,0.3125114440917969
random_62,1.0,c014,1.8750038146972656,0.0625152587890625
random_62,1.0,c041,-2.1251144409179688,0.5624637603759766
random_62,1.0,c006,1.7493896484375,0.43752193450927734
random_62,1.0,c039,-2.062310218811035,-3.814697265625e-06
random_62,1.0,c017,3.8124523162841797,0.3751096725463867
random_62,1.0,c058,0.3125038146972656,0.0
random_62,1.0,c002,2.4999752044677734,0.12499237060546875
random_62,1.0,c024,1.6248703002929688,0.7501516342163086
random_62,1.0,c023,2.2499895095825195,0.3749990463256836
random_62,1.0,c022,0.24999332427978516,0.12498760223388672
random_62,1.0,c056,1.9367561340332031,0.31473255157470703
random_62,-4.0,c041,0.24976348876953125,-1.9375495910644531
random_62,-4.0,c006,-1.0008325576782227,-3.437830924987793
random_62,-4.0,c039,0.12493419647216797,-1.1875715255737305
random_62,-4.0,c017,3.062387466430664,-1.9375839233398438
random_62,-4.0,c058,0.6249923706054688,-7.62939453125e-06
random_62,-4.0,c002,-0.6875209808349609,-2.1250057220458984
random_62,-4.0,c024,-0.6253204345703125,-0.6877384185791016
random_62,-4.0,c023,1.1246986389160156,-1.2501258850097656
random_62,-4.0,c022,0.8736305236816406,-1.8137540817260742
random_62,-4.0,c056,-0.5106725692749023,-1.2448091506958008
random_62,-4.0,c029,-3.6250123977661133,-1.8750133514404297
random_62,-4.0,c025,-1.6249456405639648,-0.8749961853027344
random_62,-4.0,c000,-0.1895580291748047,-3.1257638931274414
random_62,-4.0,c036,-2.12831974029541,-2.877866744995117
random_62,-4.0,c020,8.560516357421875,-0.5641708374023438
random_62,-4.0,c011,2.374879837036133,-2.0625362396240234
random_62,-4.0,c003,-0.6260032653808594,-2.563408851623535
random_62,-4.0,c045,7.686419486999512,-0.0008058547973632812
random_62,-4.0,c046,-2.3732481002807617,-1.3744421005249023
random_62,-4.0,c044,9.799928665161133,-0.26120948791503906
random_62,-4.0,c008,-4.125001907348633,-3.000001907348633
random_62,-4.0,c049,4.624992370605469,0.24999618530273438
random_62,-4.0,c013,10.685882568359375,0.4987640380859375
random_62,-4.0,c042,1.249293327331543,-2.6256818771362305
random_62,-4.0,c009,-2.6892099380493164,-2.126650810241699
random_62,-4.0,c047,-1.3159170150756836,-2.2530288696289062
random_62,-4.0,c050,-0.6888179779052734,-1.8753471374511719
random_62,-4.0,c043,-0.3127899169921875,-1.062636375427246
random_62,-4.0,c016,-0.43790149688720703,-2.937840461730957
random_62,-4.0,c014,0.874969482421875,-0.9375190734863281
random_62,-4.0,c041,-4.062517166137695,-1.37493896484375
random_62,-4.0,c006,-0.7517795562744141,-2.0636472702026367
random_62,-4.0,c039,-3.0616025924682617,-0.9992961883544922
random_62,-4.0,c017,1.999380111694336,-1.437962532043457
random_62,-4.0,c058,-0.125,-0.4375038146972656
random_62,-4.0,c002,0.8124246597290039,-1.5625581741333008
random_62,-4.0,c024,-0.6265497207641602,-1.5012683868408203
random_62,-4.0,c023,1.249898910522461,-0.625091552734375
random_62,-4.0,c022,-1.187530517578125,-1.3125362396240234
random_62,-4.0,c056,0.36768054962158203,-1.254343032836914
random_62,4.0,c041,3.5625123977661133,1.375199317932129
random_62,4.0,c006,3.7492876052856445,1.3122892379760742
random_62,4.0,c039,2.437516212463379,1.1250104904174805
random_62,4.0,c017,5.374957084655762,0.3749856948852539
random_62,4.0,c058,1.8125,1.1875
random_62,4.0,c002,3.125004768371582,1.6875200271606445
random_62,4.0,c024,0.8749828338623047,0.8125648498535156
random_62,4.0,c023,3.5624990463256836,1.1876745223999023
random_62,4.0,c022,3.8749637603759766,1.1875791549682617
random_62,4.0,c056,2.2491979598999023,1.515061378479004
random_62,4.0,c029,0.3125019073486328,2.0625009536743164
random_62,4.0,c025,0.5625724792480469,1.3125219345092773
random_62,4.0,c000,3.874758720397949,0.9385528564453125
random_62,4.0,c036,1.812474250793457,1.06292724609375
random_62,4.0,c020,8.687143325805664,-0.4375438690185547
random_62,4.0,c011,4.874913215637207,0.4374971389770508
random_62,4.0,c003,2.8124942779541016,0.8750886917114258
random_62,4.0,c045,7.374634742736816,-0.3125905990600586
random_62,4.0,c046,1.0614385604858398,2.060244560241699
random_62,4.0,c044,8.561126708984375,-1.5000114440917969
random_62,4.0,c008,0.25,1.375
random_62,4.0,c049,4.249994277954102,-0.1250019073486328
random_62,4.0,c013,8.12433910369873,-2.062779426574707
random_62,4.0,c042,4.249882698059082,0.3749074935913086
random_62,4.0,c009,0.6874971389770508,1.250056266784668
random_62,4.0,c047,2.5623655319213867,1.625253677368164
random_62,4.0,c050,2.3123016357421875,1.125772476196289
random_62,4.0,c043,1.8739700317382812,1.1241235733032227
random_62,4.0,c016,3.687501907348633,1.1875629425048828
random_62,4.0,c014,2.3124523162841797,0.49996376037597656
random_62,4.0,c041,-0.2501249313354492,2.437453269958496
random_62,4.0,c006,2.7498903274536133,1.4380226135253906
random_62,4.0,c039,-0.6873912811279297,1.3749151229858398
random_62,4.0,c017,4.249892234802246,0.8125495910644531
random_62,4.0,c058,1.8750038146972656,1.5625
random_62,4.0,c002,4.187499046325684,1.812516212463379
random_62,4.0,c024,2.4374990463256836,1.5627803802490234
random_62,4.0,c023,2.687419891357422,0.8124294281005859
random_62,4.0,c022,1.4374704360961914,1.312464714050293
random_62,4.0,c056,2.4374446868896484,0.8154211044311523
random_63,-1.0,c041,2.187335968017578,2.288818359375e-05
random_63,-1.0,c006,2.2498559951782227,-0.18714237213134766
random_63,-1.0,c039,1.3750066757202148,0.0625009536743164
random_63,-1.0,c017,4.812459945678711,-0.18751144409179688
random_63,-1.0,c058,0.6874980926513672,0.06249809265136719
random_63,-1.0,c002,1.7499980926513672,0.3125133514404297
random_63,-1.0,c024,-0.06250572204589844,-0.1249237060546875
random_63,-1.0,c023,2.3747739791870117,-5.054473876953125e-05
random_63,-1.0,c022,2.8123340606689453,0.12494945526123047
random_63,-1.0,c056,0.5586423873901367,-0.17549419403076172
random_63,-1.0,c029,-1.999995231628418,-0.24999618530273438
random_63,-1.0,c025,-0.8123865127563477,-0.06243705749511719
random_63,-1.0,c000,2.374612808227539,-0.5615930557250977
random_63,-1.0,c036,0.31238555908203125,-0.4371614456176758
random_63,-1.0,c020,8.499788284301758,-0.6248989105224609
random_63,-1.0,c011,4.249961853027344,-0.1874542236328125
random_63,-1.0,c003,1.4374818801879883,-0.4999237060546875
random_63,-1.0,c045,7.62476921081543,-0.06245613098144531
random_63,-1.0,c046,-0.749293327331543,0.2495126724243164
random_63,-1.0,c044,9.686986923217773,-0.37415122985839844
random_63,-1.0,c008,-1.8125,-0.6875
random_63,-1.0,c049,4.3125,-0.062496185302734375
random_63,-1.0,c013,9.06230354309082,-1.1248149871826172
random_63,-1.0,c042,3.312493324279785,-0.5624818801879883
random_63,-1.0,c009,-0.6250419616699219,-0.06248283386230469
random_63,-1.0,c047,0.5623016357421875,-0.37481021881103516
random_63,-1.0,c050,0.9372196197509766,-0.24930953979492188
random_63,-1.0,c043,0.2500314712524414,-0.4998149871826172
random_63,-1.0,c016,1.9999494552612305,-0.49998950958251953
random_63,-1.0,c014,1.3125057220458984,-0.4999828338623047
random_63,-1.0,c041,-2.7500057220458984,-0.062427520751953125
random_63,-1.0,c006,0.9373512268066406,-0.37451648712158203
random_63,-1.0,c039,-2.0624217987060547,-0.00011539459228515625
random_63,-1.0,c017,3.1248903274536133,-0.3124523162841797
random_63,-1.0,c058,3.814697265625e-06,-0.3125
random_63,-1.0,c002,2.4374799728393555,0.06249713897705078
random_63,-1.0,c024,0.49994659423828125,-0.3747720718383789
random_63,-1.0,c023,1.812490463256836,-0.0625
random_63,-1.0,c022,-0.5625057220458984,-0.6875114440917969
random_63,-1.0,c056,1.8743438720703125,0.2523202896118164
random_63,1.0,c041,2.6243953704833984,0.43708229064941406
random_63,1.0,c006,2.686166763305664,0.24916839599609375
random_63,1.0,c039,1.9374980926513672,0.6249923706054688
random_63,1.0,c017,5.499814987182617,0.4998435974121094
random_63,1.0,c058,1.2499961853027344,0.6249961853027344
random_63,1.0,c002,1.6249780654907227,0.18749332427978516
random_63,1.0,c024,0.12487220764160156,0.0624542236328125
random_63,1.0,c023,2.624457359313965,0.2496328353881836
random_63,1.0,c022,2.7492523193359375,0.061867713928222656
random_63,1.0,c056,0.28217124938964844,-0.45196533203125
random_63,1.0,c029,-1.4375,0.3124990463256836
random_63,1.0,c025,0.06278228759765625,0.8127317428588867
random_63,1.0,c000,3.1858654022216797,0.24965953826904297
random_63,1.0,c036,0.7487754821777344,-0.0007715225219726562
random_63,1.0,c020,9.249317169189453,0.12462997436523438
random_63,1.0,c011,4.874839782714844,0.4374237060546875
random_63,1.0,c003,2.2497730255126953,0.31236743927001953
random_63,1.0,c045,7.999124526977539,0.31189918518066406
random_63,1.0,c046,-0.3744325637817383,0.6243734359741211
random_63,1.0,c044,9.744051933288574,-0.31708621978759766
random_63,1.0,c008,-1.0,0.125
random_63,1.0,c049,4.562492370605469,0.18749618530273438
random_63,1.0,c013,10.06148910522461,-0.12562942504882812
random_63,1.0,c042,4.4372358322143555,0.562260627746582
random_63,1.0,c009,0.12487506866455078,0.687434196472168
random_63,1.0,c047,0.9362382888793945,-0.000873565673828125
random_63,1.0,c050,1.4976062774658203,0.3110771179199219
random_63,1.0,c043,1.3748645782470703,0.6250181198120117
random_63,1.0,c016,3.0624494552612305,0.5625104904174805
random_63,1.0,c014,2.7499771118164062,0.9374885559082031
random_63,1.0,c041,-2.9376630783081055,-0.25008487701416016
random_63,1.0,c006,1.6237754821777344,0.3119077682495117
random_63,1.0,c039,-1.8747711181640625,0.18753528594970703
random_63,1.0,c017,3.8123416900634766,0.3749990463256836
random_63,1.0,c058,0.5000019073486328,0.1874980926513672
random_63,1.0,c002,2.624945640563965,0.24996280670166016
random_63,1.0,c024,1.4980649948120117,0.6233463287353516
random_63,1.0,c023,2.37469482421875,0.49970436096191406
random_63,1.0,c022,0.12494564056396484,-6.008148193359375e-05
random_63,1.0,c056,2.18157958984375,0.5595560073852539
random_63,-4.0,c041,1.7500028610229492,-0.43731021881103516
random_63,-4.0,c006,1.312504768371582,-1.1244935989379883
random_63,-4.0,c039,0.3750038146972656,-0.9375019073486328
random_63,-4.0,c017,3.2499828338623047,-1.7499885559082031
random_63,-4.0,c058,0.3749980926513672,-0.2500019073486328
random_63,-4.0,c002,1.000009536743164,-0.43747520446777344
random_63,-4.0,c024,-0.18749523162841797,-0.24991321563720703
random_63,-4.0,c023,1.0625429153442383,-1.312281608581543
random_63,-4.0,c022,2.249998092651367,-0.43738651275634766
random_63,-4.0,c056,1.1253137588500977,0.3911771774291992
random_63,-4.0,c029,-2.3749923706054688,-0.6249933242797852
random_63,-4.0,c025,-1.1248149871826172,-0.3748655319213867
random_63,-4.0,c000,1.874985694885254,-1.0612201690673828
random_63,-4.0,c036,-0.6875066757202148,-1.4370536804199219
random_63,-4.0,c020,7.124982833862305,-1.999704360961914
random_63,-4.0,c011,3.125001907348633,-1.3124141693115234
random_63,-4.0,c003,0.9375123977661133,-0.9998931884765625
random_63,-4.0,c045,5.249921798706055,-2.4373035430908203
random_63,-4.0,c046,-0.6872005462646484,0.31160545349121094
random_63,-4.0,c044,7.937451362609863,-2.1236867904663086
random_63,-4.0,c008,-1.625,-0.5
random_63,-4.0,c049,2.875,-1.4999961853027344
random_63,-4.0,c013,6.99991512298584,-3.1872034072875977
random_63,-4.0,c042,2.2500104904174805,-1.624964714050293
random_63,-4.0,c009,-1.2499990463256836,-0.6874399185180664
random_63,-4.0,c047,0.2500638961791992,-0.6870479583740234
random_63,-4.0,c050,4.9591064453125e-05,-1.1864795684814453
random_63,-4.0,c043,-0.5624427795410156,-1.3122892379760742
random_63,-4.0,c016,1.250004768371582,-1.249934196472168
random_63,-4.0,c014,-0.6249876022338867,-2.43747615814209
random_63,-4.0,c041,-2.1874799728393555,0.5000982284545898
random_63,-4.0,c006,-1.049041748046875e-05,-1.3118782043457031
random_63,-4.0,c039,-1.7499704360961914,0.3123359680175781
random_63,-4.0,c017,1.8124942779541016,-1.6248483657836914
random_63,-4.0,c058,-0.6874990463256836,-1.0000028610229492
random_63,-4.0,c002,1.1874990463256836,-1.187483787536621
random_63,-4.0,c024,0.0625314712524414,-0.8121871948242188
random_63,-4.0,c023,1.0001020431518555,-0.8748884201049805
random_63,-4.0,c022,-0.4999885559082031,-0.6249942779541016
random_63,-4.0,c056,1.8750238418579102,0.25300025939941406
random_63,4.0,c041,3.4061813354492188,1.2188682556152344
random_63,4.0,c006,3.4717960357666016,1.0347976684570312
random_63,4.0,c039,2.437260627746582,1.1247549057006836
random_63,4.0,c017,5.873819351196289,0.8738479614257812
random_63,4.0,c058,3.2499866485595703,2.6249866485595703
random_63,4.0,c002,2.624807357788086,1.1873226165771484
random_63,4.0,c024,1.309067726135254,1.2466497421264648
random_63,4.0,c023,3.560150146484375,1.1853256225585938
random_63,4.0,c022,3.372201919555664,0.6848173141479492
random_63,4.0,c056,0.41203784942626953,-0.3220987319946289
random_63,4.0,c029,-0.8750171661376953,0.8749818801879883
random_63,4.0,c025,0.4313039779663086,1.181253433227539
random_63,4.0,c000,4.1607561111450195,1.2245502471923828
random_63,4.0,c036,1.6076889038085938,0.8581418991088867
random_63,4.0,c020,9.302061080932617,0.17737388610839844
random_63,4.0,c011,5.749438285827637,1.3120222091674805
random_63,4.0,c003,3.058481216430664,1.1210756301879883
random_63,4.0,c045,9.027411460876465,1.3401861190795898
random_63,4.0,c046,0.8195552825927734,1.8183612823486328
random_63,4.0,c044,10.813044548034668,0.7519063949584961
random_63,4.0,c008,0.0625,1.1875
random_63,4.0,c049,5.374979019165039,0.9999828338623047
random_63,4.0,c013,10.589044570922852,0.40192604064941406
random_63,4.0,c042,5.87108039855957,1.9961051940917969
random_63,4.0,c009,1.9985923767089844,2.5611515045166016
random_63,4.0,c047,2.3589048385620117,1.421792984008789
random_63,4.0,c050,1.7801485061645508,0.5936193466186523
random_63,4.0,c043,3.0138015747070312,2.2639551162719727
random_63,4.0,c016,4.3116302490234375,1.8116912841796875
random_63,4.0,c014,4.686492919921875,2.874004364013672
random_63,4.0,c041,-1.8916501998901367,0.7959280014038086
random_63,4.0,c006,3.919778823852539,2.6079111099243164
random_63,4.0,c039,-1.6878070831298828,0.3744993209838867
random_63,4.0,c017,4.998930931091309,1.5615882873535156
random_63,4.0,c058,2.187501907348633,1.8749980926513672
random_63,4.0,c002,3.1870574951171875,0.8120746612548828
random_63,4.0,c024,2.0451736450195312,1.170454978942871
random_63,4.0,c023,3.867159843444824,1.9921693801879883
random_63,4.0,c022,0.8745288848876953,0.7495231628417969
random_63,4.0,c056,3.0602731704711914,1.4382495880126953
random_64,-1.0,c041,2.437124252319336,0.24981117248535156
random_64,-1.0,c006,2.374481201171875,-0.06251716613769531
random_64,-1.0,c039,2.1250009536743164,0.812495231628418
random_64,-1.0,c017,5.062433242797852,0.06246185302734375
random_64,-1.0,c058,1.0624980926513672,0.4374980926513672
random_64,-1.0,c002,1.3750104904174805,-0.06247425079345703
random_64,-1.0,c024,0.12484931945800781,0.06243133544921875
random_64,-1.0,c023,2.749850273132324,0.37502574920654297
random_64,-1.0,c022,2.999940872192383,0.31255626678466797
random_64,-1.0,c056,0.4946870803833008,-0.23944950103759766
random_64,-1.0,c029,-1.312495231628418,0.4375038146972656
random_64,-1.0,c025,-0.31252193450927734,0.4374275207519531
random_64,-1.0,c000,2.686920166015625,-0.24928569793701172
random_64,-1.0,c036,0.6247224807739258,-0.12482452392578125
random_64,-1.0,c020,9.124639511108398,-4.76837158203125e-05
random_64,-1.0,c011,4.374935150146484,-0.062480926513671875
random_64,-1.0,c003,1.9374580383300781,5.245208740234375e-05
random_64,-1.0,c045,7.812248229980469,0.12502288818359375
random_64,-1.0,c046,-0.43606090545654297,0.5627450942993164
random_64,-1.0,c044,9.624177932739258,-0.43696022033691406
random_64,-1.0,c008,-1.125,0.0
random_64,-1.0,c049,4.499994277954102,0.12499809265136719
random_64,-1.0,c013,9.999674797058105,-0.18744373321533203
random_64,-1.0,c042,3.999955177307129,0.12497997283935547
random_64,-1.0,c009,0.4373788833618164,0.9999380111694336
random_64,-1.0,c047,1.3120412826538086,0.37492942810058594
random_64,-1.0,c050,1.4997386932373047,0.31320953369140625
random_64,-1.0,c043,0.8750486373901367,0.12520217895507812
random_64,-1.0,c016,2.687432289123535,0.18749332427978516
random_64,-1.0,c014,2.2499923706054688,0.4375038146972656
random_64,-1.0,c041,-2.2500410079956055,0.43753719329833984
random_64,-1.0,c006,1.4997444152832031,0.18787670135498047
random_64,-1.0,c039,-1.9998979568481445,0.062408447265625
random_64,-1.0,c017,3.7498960494995117,0.31255340576171875
random_64,-1.0,c058,0.0625,-0.2500038146972656
random_64,-1.0,c002,2.4999923706054688,0.12500953674316406
random_64,-1.0,c024,1.2496728897094727,0.3749542236328125
random_64,-1.0,c023,2.1250123977661133,0.25002193450927734
random_64,-1.0,c022,0.06249809265136719,-0.06250762939453125
random_64,-1.0,c056,2.2483158111572266,0.6262922286987305
random_64,1.0,c041,2.624749183654785,0.4374361038208008
random_64,1.0,c006,1.9990653991699219,-0.43793296813964844
random_64,1.0,c039,1.8125114440917969,0.5000057220458984
random_64,1.0,c017,5.374967575073242,0.3749961853027344
random_64,1.0,c058,0.3749980926513672,-0.2500019073486328
random_64,1.0,c002,1.8749971389770508,0.4375123977661133
random_64,1.0,c024,0.12483692169189453,0.06241893768310547
random_64,1.0,c023,1.7497320175170898,-0.6250925064086914
random_64,1.0,c022,2.5624818801879883,-0.12490272521972656
random_64,1.0,c056,-0.028885841369628906,-0.7630224227905273
random_64,1.0,c029,-1.312495231628418,0.4375038146972656
random_64,1.0,c025,-0.7499532699584961,-3.814697265625e-06
random_64,1.0,c000,2.4994821548461914,-0.4367237091064453
random_64,1.0,c036,0.3121633529663086,-0.43738365173339844
random_64,1.0,c020,8.624568939208984,-0.5001182556152344
random_64,1.0,c011,4.249973297119141,-0.18744277954101562
random_64,1.0,c003,1.9999122619628906,0.06250667572021484
random_64,1.0,c045,7.874574661254883,0.1873493194580078
random_64,1.0,c046,-0.7491493225097656,0.24965667724609375
random_64,1.0,c044,9.873377799987793,-0.1877603530883789
random_64,1.0,c008,-1.375,-0.25
random_64,1.0,c049,4.124996185302734,-0.25
random_64,1.0,c013,9.561967849731445,-0.6251506805419922
random_64,1.0,c042,3.1874618530273438,-0.6875133514404297
random_64,1.0,c009,-1.0000286102294922,-0.437469482421875
random_64,1.0,c047,0.3745613098144531,-0.5625505447387695
random_64,1.0,c050,0.8119783401489258,-0.37455081939697266
random_64,1.0,c043,0.6250829696655273,-0.12476348876953125
random_64,1.0,c016,2.6249542236328125,0.1250152587890625
random_64,1.0,c014,1.9374866485595703,0.12499809265136719
random_64,1.0,c041,-3.249998092651367,-0.5624198913574219
random_64,1.0,c006,1.1868658065795898,-0.1250019073486328
random_64,1.0,c039,-2.061929702758789,0.00037670135498046875
random_64,1.0,c017,3.3749351501464844,-0.062407493591308594
random_64,1.0,c058,0.375,0.062496185302734375
random_64,1.0,c002,2.0624465942382812,-0.31253623962402344
random_64,1.0,c024,0.9370832443237305,0.06236457824707031
random_64,1.0,c023,1.6249322891235352,-0.2500581741333008
random_64,1.0,c022,-0.18750572204589844,-0.3125114440917969
random_64,1.0,c056,1.433140754699707,-0.18888282775878906
random_64,-4.0,c041,2.1874570846557617,0.00014400482177734375
random_64,-4.0,c006,1.8123655319213867,-0.6246328353881836
random_64,-4.0,c039,1.6874980926513672,0.37499237060546875
random_64,-4.0,c017,3.999967575073242,-1.0000038146972656
random_64,-4.0,c058,2.4375,1.8125
random_64,-4.0,c002,1.749995231628418,0.31251049041748047
random_64,-4.0,c024,0.812464714050293,0.7500467300415039
random_64,-4.0,c023,3.2499608993530273,0.8751363754272461
random_64,-4.0,c022,2.99993896484375,0.31255435943603516
random_64,-4.0,c056,2.124452590942383,1.3903160095214844
random_64,-4.0,c029,-1.3125,0.4374990463256836
random_64,-4.0,c025,0.4375276565551758,1.1874771118164062
random_64,-4.0,c000,2.8745384216308594,-0.061667442321777344
random_64,-4.0,c036,0.06242179870605469,-0.6871252059936523
random_64,-4.0,c020,9.99988079071045,0.8751935958862305
random_64,-4.0,c011,3.687490463256836,-0.7499256134033203
random_64,-4.0,c003,1.7498416900634766,-0.18756389617919922
random_64,-4.0,c045,7.937427520751953,0.2502021789550781
random_64,-4.0,c046,0.12495708465576172,1.123763084411621
random_64,-4.0,c044,10.187259674072266,0.12612152099609375
random_64,-4.0,c008,-1.125,0.0
random_64,-4.0,c049,5.499998092651367,1.1250019073486328
random_64,-4.0,c013,9.749938011169434,-0.4371805191040039
random_64,-4.0,c042,4.312501907348633,0.4375267028808594
random_64,-4.0,c009,1.7499618530273438,2.312520980834961
random_64,-4.0,c047,2.1874074935913086,1.250295639038086
random_64,-4.0,c050,1.8748159408569336,0.6882867813110352
random_64,-4.0,c043,2.4998865127563477,1.750040054321289
random_64,-4.0,c016,2.5624914169311523,0.06255245208740234
random_64,-4.0,c014,2.2500009536743164,0.4375123977661133
random_64,-4.0,c041,-1.3125085830688477,1.3750696182250977
random_64,-4.0,c006,1.4372673034667969,0.12539958953857422
random_64,-4.0,c039,-1.0,1.0623064041137695
random_64,-4.0,c017,3.937479019165039,0.5001363754272461
random_64,-4.0,c058,0.1875019073486328,-0.1250019073486328
random_64,-4.0,c002,2.687490463256836,0.31250762939453125
random_64,-4.0,c024,1.8124933242797852,0.937774658203125
random_64,-4.0,c023,3.3124799728393555,1.4374895095825195
random_64,-4.0,c022,1.0625057220458984,0.9375
random_64,-4.0,c056,3.062331199645996,1.4403076171875
random_64,4.0,c041,2.1872920989990234,-2.09808349609375e-05
random_64,4.0,c006,2.061922073364258,-0.3750762939453125
random_64,4.0,c039,1.3126134872436523,0.00010776519775390625
random_64,4.0,c017,4.9999542236328125,-1.71661376953125e-05
random_64,4.0,c058,-0.8125076293945312,-1.4375076293945312
random_64,4.0,c002,1.5624876022338867,0.12500286102294922
random_64,4.0,c024,0.8749752044677734,0.8125572204589844
random_64,4.0,c023,1.249593734741211,-1.1252307891845703
random_64,4.0,c022,2.6873703002929688,-1.430511474609375e-05
random_64,4.0,c056,-0.4958515167236328,-1.2299880981445312
random_64,4.0,c029,-1.937453269958496,-0.1874542236328125
random_64,4.0,c025,-0.4996623992919922,0.2502870559692383
random_64,4.0,c000,1.624873161315918,-1.3113327026367188
random_64,4.0,c036,0.5623083114624023,-0.1872386932373047
random_64,4.0,c020,8.874863624572754,-0.24982357025146484
random_64,4.0,c011,3.562488555908203,-0.8749275207519531
random_64,4.0,c003,1.4999113082885742,-0.43749427795410156
random_64,4.0,c045,7.687105178833008,-0.0001201629638671875
random_64,4.0,c046,-0.6813726425170898,0.31743335723876953
random_64,4.0,c044,9.374214172363281,-0.6869239807128906
random_64,4.0,c008,-2.687498092651367,-1.5624980926513672
random_64,4.0,c049,4.249990463256836,-0.12500572204589844
random_64,4.0,c013,9.3121337890625,-0.8749847412109375
random_64,4.0,c042,1.687469482421875,-2.1875057220458984
random_64,4.0,c009,-1.3749256134033203,-0.8123664855957031
random_64,4.0,c047,-0.18893909454345703,-1.1260509490966797
random_64,4.0,c050,0.4366474151611328,-0.7498817443847656
random_64,4.0,c043,0.25110721588134766,-0.49873924255371094
random_64,4.0,c016,2.249850273132324,-0.2500886917114258
random_64,4.0,c014,2.062493324279785,0.25000476837158203
random_64,4.0,c041,-2.3749752044677734,0.3126029968261719
random_64,4.0,c006,0.5622701644897461,-0.7495975494384766
random_64,4.0,c039,-1.699789047241211,0.3625173568725586
random_64,4.0,c017,2.6874237060546875,-0.7499189376831055
random_64,4.0,c058,0.625,0.3124961853027344
random_64,4.0,c002,2.1874570846557617,-0.18752574920654297
random_64,4.0,c024,0.49995899200439453,-0.3747596740722656
random_64,4.0,c023,1.3750944137573242,-0.4998960494995117
random_64,4.0,c022,-0.43747806549072266,-0.5624837875366211
random_64,4.0,c056,0.8030204772949219,-0.8190031051635742
random_65,-1.0,c041,2.3122034072875977,0.12489032745361328
random_65,-1.0,c006,1.999542236328125,-0.4374561309814453
random_65,-1.0,c039,1.5625009536743164,0.24999523162841797
random_65,-1.0,c017,4.81241512298584,-0.18755626678466797
random_65,-1.0,c058,0.8124961853027344,0.18749618530273438
random_65,-1.0,c002,1.75,0.3125152587890625
random_65,-1.0,c024,-0.06263351440429688,-0.12505149841308594
random_65,-1.0,c023,2.3746957778930664,-0.00012874603271484375
random_65,-1.0,c022,2.687366485595703,-1.811981201171875e-05
random_65,-1.0,c056,0.9290456771850586,0.19490909576416016
random_65,-1.0,c029,-1.9374980926513672,-0.1874990463256836
random_65,-1.0,c025,-0.5624008178710938,0.18754863739013672
random_65,-1.0,c000,2.6241445541381836,-0.3120613098144531
random_65,-1.0,c036,0.43683815002441406,-0.31270885467529297
random_65,-1.0,c020,8.311992645263672,-0.8126945495605469
random_65,-1.0,c011,3.9998950958251953,-0.43752098083496094
random_65,-1.0,c003,1.75,-0.18740558624267578
random_65,-1.0,c045,7.124629974365234,-0.5625953674316406
random_65,-1.0,c046,-0.43660545349121094,0.5622005462646484
random_65,-1.0,c044,9.060513496398926,-1.000624656677246
random_65,-1.0,c008,-0.625,0.5
random_65,-1.0,c049,4.562496185302734,0.1875
random_65,-1.0,c013,9.499303817749023,-0.6878147125244141
random_65,-1.0,c042,3.3749589920043945,-0.5000162124633789
random_65,-1.0,c009,-0.7500600814819336,-0.1875009536743164
random_65,-1.0,c047,0.936955451965332,-0.000156402587890625
random_65,-1.0,c050,0.937098503112793,-0.24943065643310547
random_65,-1.0,c043,1.062002182006836,0.31215572357177734
random_65,-1.0,c016,2.6249799728393555,0.12504100799560547
random_65,-1.0,c014,2.1249942779541016,0.31250572204589844
random_65,-1.0,c041,-2.8125181198120117,-0.1249399185180664
random_65,-1.0,c006,0.9371376037597656,-0.37473011016845703
random_65,-1.0,c039,-1.749837875366211,0.3124685287475586
random_65,-1.0,c017,3.312427520751953,-0.12491512298583984
random_65,-1.0,c058,0.7500019073486328,0.4374980926513672
random_65,-1.0,c002,2.3749475479125977,-3.528594970703125e-05
random_65,-1.0,c024,0.9993305206298828,0.12461185455322266
random_65,-1.0,c023,1.9998779296875,0.12488746643066406
random_65,-1.0,c022,0.37497520446777344,0.249969482421875
random_65,-1.0,c056,1.8102092742919922,0.1881856918334961
random_65,1.0,c041,2.62479305267334,0.43747997283935547
random_65,1.0,c006,2.249500274658203,-0.1874980926513672
random_65,1.0,c039,0.812504768371582,-0.5000009536743164
random_65,1.0,c017,5.124935150146484,0.12496376037597656
random_65,1.0,c058,0.1875,-0.4375
random_65,1.0,c002,1.250004768371582,-0.18747997283935547
random_65,1.0,c024,0.3124275207519531,0.25000953674316406
random_65,1.0,c023,2.124937057495117,-0.24988746643066406
random_65,1.0,c022,2.9374847412109375,0.25010013580322266
random_65,1.0,c056,0.050665855407714844,-0.6834707260131836
random_65,1.0,c029,-2.1249961853027344,-0.3749971389770508
random_65,1.0,c025,-0.43737316131591797,0.3125762939453125
random_65,1.0,c000,2.624410629272461,-0.3117952346801758
random_65,1.0,c036,0.43739795684814453,-0.3121490478515625
random_65,1.0,c020,9.12471866607666,3.147125244140625e-05
random_65,1.0,c011,4.7499847412109375,0.31256866455078125
random_65,1.0,c003,1.999983787536621,0.06257820129394531
random_65,1.0,c045,8.4371337890625,0.749908447265625
random_65,1.0,c046,-1.1870908737182617,-0.18828487396240234
random_65,1.0,c044,10.310661315917969,0.24952316284179688
random_65,1.0,c008,-1.6875,-0.5625
random_65,1.0,c049,4.437498092651367,0.06250190734863281
random_65,1.0,c013,9.874752044677734,-0.3123664855957031
random_65,1.0,c042,4.249979019165039,0.3750038146972656
random_65,1.0,c009,-0.12510013580322266,0.43745899200439453
random_65,1.0,c047,0.8747339248657227,-0.0623779296875
random_65,1.0,c050,1.1246061325073242,-0.06192302703857422
random_65,1.0,c043,0.6247472763061523,-0.12509918212890625
random_65,1.0,c016,2.3124637603759766,-0.18747520446777344
random_65,1.0,c014,1.8749990463256836,0.06251049041748047
random_65,1.0,c041,-2.8750123977661133,-0.18743419647216797
random_65,1.0,c006,1.2497072219848633,-0.062160491943359375
random_65,1.0,c039,-2.49979305267334,-0.4374866485595703
random_65,1.0,c017,3.812417984008789,0.3750753402709961
random_65,1.0,c058,-0.3749980926513672,-0.6875019073486328
random_65,1.0,c002,2.4999771118164062,0.12499427795410156
random_65,1.0,c024,0.8749160766601562,0.00019741058349609375
random_65,1.0,c023,2.1249570846557617,0.24996662139892578
random_65,1.0,c022,-0.312469482421875,-0.43747520446777344
random_65,1.0,c056,1.7490196228027344,0.12699604034423828
random_65,-4.0,c041,1.625009536743164,-0.5623035430908203
random_65,-4.0,c006,1.2499265670776367,-1.1870718002319336
random_65,-4.0,c039,1.5000171661376953,0.18751144409179688
random_65,-4.0,c017,3.5624799728393555,-1.4374914169311523
random_65,-4.0,c058,1.1874980926513672,0.5624980926513672
random_65,-4.0,c002,1.3750410079956055,-0.06244373321533203
random_65,-4.0,c024,-0.24998760223388672,-0.3124055862426758
random_65,-4.0,c023,1.6872854232788086,-0.6875391006469727
random_65,-4.0,c022,2.3125009536743164,-0.37488365173339844
random_65,-4.0,c056,1.4930315017700195,0.7588949203491211
random_65,-4.0,c029,-1.6249990463256836,0.125
random_65,-4.0,c025,-1.4374847412109375,-0.687535285949707
random_65,-4.0,c000,1.4998435974121094,-1.4363622665405273
random_65,-4.0,c036,0.4994544982910156,-0.2500925064086914
random_65,-4.0,c020,6.749886512756348,-2.374800682067871
random_65,-4.0,c011,2.562498092651367,-1.874917984008789
random_65,-4.0,c003,0.6250143051147461,-1.3123912811279297
random_65,-4.0,c045,6.06212043762207,-1.6251049041748047
random_65,-4.0,c046,-0.186279296875,0.8125267028808594
random_65,-4.0,c044,7.437314033508301,-2.623824119567871
random_65,-4.0,c008,-0.6249980926513672,0.5000019073486328
random_65,-4.0,c049,3.5624923706054688,-0.8125038146972656
random_65,-4.0,c013,8.0620756149292,-2.1250429153442383
random_65,-4.0,c042,1.624983787536621,-2.2499914169311523
random_65,-4.0,c009,-0.9999971389770508,-0.4374380111694336
random_65,-4.0,c047,0.812413215637207,-0.12469863891601562
random_65,-4.0,c050,0.5620822906494141,-0.6244468688964844
random_65,-4.0,c043,1.5619840621948242,0.8121376037597656
random_65,-4.0,c016,1.8750085830688477,-0.6249303817749023
random_65,-4.0,c014,1.4374885559082031,-0.375
random_65,-4.0,c041,-1.9375123977661133,0.750065803527832
random_65,-4.0,c006,0.4999551773071289,-0.8119125366210938
random_65,-4.0,c039,-0.9999151229858398,1.0623912811279297
random_65,-4.0,c017,1.8124980926513672,-1.6248445510864258
random_65,-4.0,c058,2.0,1.6874961853027344
random_65,-4.0,c002,1.7499895095825195,-0.6249933242797852
random_65,-4.0,c024,0.43717098236083984,-0.4375476837158203
random_65,-4.0,c023,0.9998769760131836,-0.8751134872436523
random_65,-4.0,c022,0.24996662139892578,0.12496089935302734
random_65,-4.0,c056,1.811814308166504,0.1897907257080078
random_65,4.0,c041,1.3124799728393555,-0.8748331069946289
random_65,4.0,c006,1.5624656677246094,-0.8745326995849609
random_65,4.0,c039,0.5000085830688477,-0.8124971389770508
random_65,4.0,c017,5.624980926513672,0.6250095367431641
random_65,4.0,c058,-0.12499809265136719,-0.7499980926513672
random_65,4.0,c002,0.2499980926513672,-1.1874866485595703
random_65,4.0,c024,1.1250371932983398,1.0626192092895508
random_65,4.0,c023,1.687490463256836,-0.6873340606689453
random_65,4.0,c022,2.312497138977051,-0.37488746643066406
random_65,4.0,c056,-0.7504281997680664,-1.4845647811889648
random_65,4.0,c029,-1.6874961853027344,0.06250286102294922
random_65,4.0,c025,0.12505817413330078,0.8750076293945312
random_65,4.0,c000,1.8749685287475586,-1.0612373352050781
random_65,4.0,c036,-0.2500162124633789,-0.9995632171630859
random_65,4.0,c020,9.56242847442627,0.4377412796020508
random_65,4.0,c011,4.812506675720215,0.3750905990600586
random_65,4.0,c003,1.249985694885254,-0.6874198913574219
random_65,4.0,c045,9.374963760375977,1.6877384185791016
random_65,4.0,c046,-1.2488012313842773,-0.24999523162841797
random_65,4.0,c044,11.811725616455078,1.7505874633789062
random_65,4.0,c008,-1.1875,-0.0625
random_65,4.0,c049,2.4375,-1.9374961853027344
random_65,4.0,c013,10.874927520751953,0.6878089904785156
random_65,4.0,c042,3.7499923706054688,-0.12498283386230469
random_65,4.0,c009,-0.3750476837158203,0.18751144409179688
random_65,4.0,c047,0.9374179840087891,0.00030612945556640625
random_65,4.0,c050,0.999913215637207,-0.1866159439086914
random_65,4.0,c043,-0.5624380111694336,-1.3122844696044922
random_65,4.0,c016,2.187490463256836,-0.31244850158691406
random_65,4.0,c014,2.2499961853027344,0.43750762939453125
random_65,4.0,c041,-2.250001907348633,0.4375762939453125
random_65,4.0,c006,1.1874675750732422,-0.12440013885498047
random_65,4.0,c039,-2.6249122619628906,-0.5626058578491211
random_65,4.0,c017,4.437471389770508,1.0001287460327148
random_65,4.0,c058,-1.2499980926513672,-1.5625019073486328
random_65,4.0,c002,1.375004768371582,-0.9999780654907227
random_65,4.0,c024,0.5000219345092773,-0.3746967315673828
random_65,4.0,c023,1.8125343322753906,-0.06245613098144531
random_65,4.0,c022,-0.8749866485595703,-0.9999923706054688
random_65,4.0,c056,1.6249704360961914,0.0029468536376953125
random_66,-1.0,c041,2.3123159408569336,0.12500286102294922
random_66,-1.0,c006,2.3747482299804688,-0.06225013732910156
random_66,-1.0,c039,1.6875009536743164,0.37499523162841797
random_66,-1.0,c017,4.812450408935547,-0.18752098083496094
random_66,-1.0,c058,0.9999980926513672,0.3749980926513672
random_66,-1.0,c002,1.3124990463256836,-0.1249856948852539
random_66,-1.0,c024,-0.12505435943603516,-0.18747234344482422
random_66,-1.0,c023,2.187307357788086,-0.1875171661376953
random_66,-1.0,c022,2.687493324279785,0.0001087188720703125
random_66,-1.0,c056,0.4911642074584961,-0.24297237396240234
random_66,-1.0,c029,-2.0624961853027344,-0.3124971389770508
random_66,-1.0,c025,-0.31242942810058594,0.43752002716064453
random_66,-1.0,c000,3.0618896484375,0.12568378448486328
random_66,-1.0,c036,0.4996814727783203,-0.24986553192138672
random_66,-1.0,c020,8.812012672424316,-0.31267452239990234
random_66,-1.0,c011,4.499960899353027,0.0625448226928711
random_66,-1.0,c003,2.1248092651367188,0.18740367889404297
random_66,-1.0,c045,7.812124252319336,0.12489891052246094
random_66,-1.0,c046,-0.9374122619628906,0.06139373779296875
random_66,-1.0,c044,9.498388290405273,-0.5627498626708984
random_66,-1.0,c008,-1.3125,-0.1875
random_66,-1.0,c049,4.749998092651367,0.3750019073486328
random_66,-1.0,c013,9.812030792236328,-0.3750877380371094
random_66,-1.0,c042,3.749990463256836,-0.1249847412109375
random_66,-1.0,c009,-0.12503910064697266,0.43752002716064453
random_66,-1.0,c047,1.0621919631958008,0.12508010864257812
random_66,-1.0,c050,1.1869888305664062,0.0004596710205078125
random_66,-1.0,c043,0.8120193481445312,0.062172889709472656
random_66,-1.0,c016,2.499979019165039,4.00543212890625e-05
random_66,-1.0,c014,1.9374990463256836,0.12501049041748047
random_66,-1.0,c041,-2.5625534057617188,0.12502479553222656
random_66,-1.0,c006,1.2494640350341797,-0.06240367889404297
random_66,-1.0,c039,-2.374814987182617,-0.31250858306884766
random_66,-1.0,c017,3.6249427795410156,0.18760013580322266
random_66,-1.0,c058,-0.2499980926513672,-0.5625019073486328
random_66,-1.0,c002,2.624988555908203,0.25000572204589844
random_66,-1.0,c024,0.7496566772460938,-0.1250619888305664
random_66,-1.0,c023,2.062467575073242,0.18747711181640625
random_66,-1.0,c022,-0.37499332427978516,-0.4999990463256836
random_66,-1.0,c056,1.8734207153320312,0.25139713287353516
random_66,1.0,c041,1.9997625350952148,-0.18755054473876953
random_66,1.0,c006,2.374063491821289,-0.06293487548828125
random_66,1.0,c039,1.3125057220458984,0.0
random_66,1.0,c017,4.999942779541016,-2.86102294921875e-05
random_66,1.0,c058,0.7499961853027344,0.12499618530273438
random_66,1.0,c002,1.1874971389770508,-0.24998760223388672
random_66,1.0,c024,0.12490653991699219,0.062488555908203125
random_66,1.0,c023,2.5618810653686523,0.1870565414428711
random_66,1.0,c022,2.8748559951782227,0.1874713897705078
random_66,1.0,c056,0.23691558837890625,-0.4972209930419922
random_66,1.0,c029,-1.8124990463256836,-0.0625
random_66,1.0,c025,-0.9999055862426758,-0.2499561309814453
random_66,1.0,c000,2.5614147186279297,-0.37479114532470703
random_66,1.0,c036,0.4369792938232422,-0.31256771087646484
random_66,1.0,c020,8.874523162841797,-0.2501640319824219
random_66,1.0,c011,4.499716758728027,0.062300682067871094
random_66,1.0,c003,1.5625295639038086,-0.3748760223388672
random_66,1.0,c045,7.749599456787109,0.062374114990234375
random_66,1.0,c046,-0.8110780715942383,0.1877279281616211
random_66,1.0,c044,8.81053352355957,-1.2506046295166016
random_66,1.0,c008,-1.125,0.0
random_66,1.0,c049,4.249998092651367,-0.12499809265136719
random_66,1.0,c013,10.124408721923828,-0.06270980834960938
random_66,1.0,c042,3.562437057495117,-0.31253814697265625
random_66,1.0,c009,-0.8750944137573242,-0.31253528594970703
random_66,1.0,c047,0.8739805221557617,-0.06313133239746094
random_66,1.0,c050,1.1868810653686523,0.00035190582275390625
random_66,1.0,c043,0.8126316070556641,0.06278514862060547
random_66,1.0,c016,2.4373817443847656,-0.06255722045898438
random_66,1.0,c014,1.6875057220458984,-0.12498283386230469
random_66,1.0,c041,-2.875032424926758,-0.1874542236328125
random_66,1.0,c006,0.9993772506713867,-0.31249046325683594
random_66,1.0,c039,-1.9372549057006836,0.12505149841308594
random_66,1.0,c017,3.6873865127563477,0.2500438690185547
random_66,1.0,c058,0.125,-0.18750381469726562
random_66,1.0,c002,2.624906539916992,0.2499237060546875
random_66,1.0,c024,1.4372167587280273,0.5624980926513672
random_66,1.0,c023,2.37481689453125,0.49982643127441406
random_66,1.0,c022,0.1249990463256836,-6.67572021484375e-06
random_66,1.0,c056,1.747797966003418,0.12577438354492188
random_66,-4.0,c041,1.9371013641357422,-0.2502117156982422
random_66,-4.0,c006,1.9362049102783203,-0.50079345703125
random_66,-4.0,c039,1.3125038146972656,-1.9073486328125e-06
random_66,-4.0,c017,3.8749847412109375,-1.1249866485595703
random_66,-4.0,c058,-0.3125038146972656,-0.9375038146972656
random_66,-4.0,c002,0.37500667572021484,-1.0624780654907227
random_66,-4.0,c024,-0.06258296966552734,-0.1250009536743164
random_66,-4.0,c023,0.81231689453125,-1.5625076293945312
random_66,-4.0,c022,1.5000171661376953,-1.1873674392700195
random_66,-4.0,c056,-0.1905994415283203,-0.9247360229492188
random_66,-4.0,c029,-1.875004768371582,-0.12500572204589844
random_66,-4.0,c025,-0.061951637268066406,0.6879978179931641
random_66,-4.0,c000,2.748415946960449,-0.1877899169921875
random_66,-4.0,c036,0.24924945831298828,-0.5002975463867188
random_66,-4.0,c020,8.311981201171875,-0.8127059936523438
random_66,-4.0,c011,3.7499895095825195,-0.6874265670776367
random_66,-4.0,c003,1.124802589416504,-0.8126029968261719
random_66,-4.0,c045,8.6864013671875,0.999176025390625
random_66,-4.0,c046,-0.6298074722290039,0.36899852752685547
random_66,-4.0,c044,9.247114181518555,-0.8140239715576172
random_66,-4.0,c008,-2.25,-1.125
random_66,-4.0,c049,6.624998092651367,2.250001907348633
random_66,-4.0,c013,9.24963092803955,-0.9374876022338867
random_66,-4.0,c042,2.812479019165039,-1.0624961853027344
random_66,-4.0,c009,0.18744182586669922,0.7500009536743164
random_66,-4.0,c047,1.187272071838379,0.25016021728515625
random_66,-4.0,c050,0.24677658081054688,-0.9397525787353516
random_66,-4.0,c043,0.9265604019165039,0.1767139434814453
random_66,-4.0,c016,1.749974250793457,-0.749964714050293
random_66,-4.0,c014,2.5624818801879883,0.7499933242797852
random_66,-4.0,c041,-2.5000524520874023,0.18752574920654297
random_66,-4.0,c006,0.8742294311523438,-0.4376382827758789
random_66,-4.0,c039,-2.187222480773926,-0.12491607666015625
random_66,-4.0,c017,2.9999866485595703,-0.43735599517822266
random_66,-4.0,c058,-1.25,-1.5625038146972656
random_66,-4.0,c002,1.6874284744262695,-0.6875543594360352
random_66,-4.0,c024,-0.5630311965942383,-1.4377498626708984
random_66,-4.0,c023,0.8748760223388672,-1.0001144409179688
random_66,-4.0,c022,-0.5,-0.6250057220458984
random_66,-4.0,c056,0.998845100402832,-0.6231784820556641
random_66,4.0,c041,0.7419776916503906,-1.4453353881835938
random_66,4.0,c006,1.6817436218261719,-0.7552547454833984
random_66,4.0,c039,0.8748855590820312,-0.4376201629638672
random_66,4.0,c017,4.622348785400391,-0.3776226043701172
random_66,4.0,c058,1.4374914169311523,0.8124914169311523
random_66,4.0,c002,1.06256103515625,-0.3749237060546875
random_66,4.0,c024,-0.564021110534668,-0.626439094543457
random_66,4.0,c023,2.2450246810913086,-0.12979984283447266
random_66,4.0,c022,2.1865625381469727,-0.5008220672607422
random_66,4.0,c056,0.6258182525634766,-0.10831832885742188
random_66,4.0,c029,-2.4999771118164062,-0.7499780654907227
random_66,4.0,c025,-1.3114433288574219,-0.5614938735961914
random_66,4.0,c000,1.8673210144042969,-1.0688848495483398
random_66,4.0,c036,-0.19140052795410156,-0.9409475326538086
random_66,4.0,c020,8.561295509338379,-0.5633916854858398
random_66,4.0,c011,2.623170852661133,-1.8142452239990234
random_66,4.0,c003,1.6255712509155273,-0.31183433532714844
random_66,4.0,c045,7.74798583984375,0.060760498046875
random_66,4.0,c046,-1.0507373809814453,-0.05193138122558594
random_66,4.0,c044,9.118507385253906,-0.9426307678222656
random_66,4.0,c008,-1.2500019073486328,-0.1250019073486328
random_66,4.0,c049,4.562475204467773,0.18747901916503906
random_66,4.0,c013,9.556918144226074,-0.6302003860473633
random_66,4.0,c042,2.9278564453125,-0.9471187591552734
random_66,4.0,c009,-2.1267738342285156,-1.5642147064208984
random_66,4.0,c047,0.6897697448730469,-0.24734210968017578
random_66,4.0,c050,0.4925041198730469,-0.6940250396728516
random_66,4.0,c043,0.02473926544189453,-0.7251071929931641
random_66,4.0,c016,1.5542926788330078,-0.9456462860107422
random_66,4.0,c014,1.187241554260254,-0.6252470016479492
random_66,4.0,c041,-2.1928911209106445,0.4946870803833008
random_66,4.0,c006,0.113922119140625,-1.1979455947875977
random_66,4.0,c039,-1.935500144958496,0.12680625915527344
random_66,4.0,c017,3.8081445693969727,0.3708019256591797
random_66,4.0,c058,1.8125028610229492,1.4999990463256836
random_66,4.0,c002,2.4365177154541016,0.061534881591796875
random_66,4.0,c024,0.5514535903930664,-0.32326507568359375
random_66,4.0,c023,2.6845970153808594,0.8096065521240234
random_66,4.0,c022,0.2504901885986328,0.12548446655273438
random_66,4.0,c056,1.1205978393554688,-0.5014257431030273
random_67,-1.0,c041,2.124741554260254,-0.06257152557373047
random_67,-1.0,c006,1.6862945556640625,-0.7507038116455078
random_67,-1.0,c039,1.5625038146972656,0.2499980926513672
random_67,-1.0,c017,4.874724388122559,-0.12524700164794922
random_67,-1.0,c058,0.6874980926513672,0.06249809265136719
random_67,-1.0,c002,1.312495231628418,-0.12498950958251953
random_67,-1.0,c024,-0.06257152557373047,-0.12498950958251953
random_67,-1.0,c023,2.0621166229248047,-0.31270790100097656
random_67,-1.0,c022,2.6871414184570312,-0.00024318695068359375
random_67,-1.0,c056,0.5352630615234375,-0.19887351989746094
random_67,-1.0,c029,-1.5624961853027344,0.18750286102294922
random_67,-1.0,c025,-0.812373161315918,-0.0624237060546875
random_67,-1.0,c000,2.310368537902832,-0.6258373260498047
random_67,-1.0,c036,0.4361591339111328,-0.3133878707885742
random_67,-1.0,c020,9.061482429504395,-0.06320476531982422
random_67,-1.0,c011,4.374845504760742,-0.06257057189941406
random_67,-1.0,c003,1.9998626708984375,0.06245708465576172
random_67,-1.0,c045,7.436347007751465,-0.25087833404541016
random_67,-1.0,c046,-0.8746833801269531,0.12412261962890625
random_67,-1.0,c044,9.809609413146973,-0.2515287399291992
random_67,-1.0,c008,-1.6875,-0.5625
random_67,-1.0,c049,4.812494277954102,0.4374980926513672
random_67,-1.0,c013,9.872945785522461,-0.31417274475097656
random_67,-1.0,c042,3.9998321533203125,0.12485694885253906
random_67,-1.0,c009,-0.812586784362793,-0.2500276565551758
random_67,-1.0,c047,0.5611362457275391,-0.3759756088256836
random_67,-1.0,c050,0.6862154006958008,-0.5003137588500977
random_67,-1.0,c043,0.4365386962890625,-0.3133077621459961
random_67,-1.0,c016,2.6873817443847656,0.18744277954101562
random_67,-1.0,c014,1.4374914169311523,-0.3749971389770508
random_67,-1.0,c041,-2.8126230239868164,-0.1250448226928711
random_67,-1.0,c006,0.5615167617797852,-0.7503509521484375
random_67,-1.0,c039,-2.5621185302734375,-0.49981212615966797
random_67,-1.0,c017,3.0623960494995117,-0.37494659423828125
random_67,-1.0,c058,0.25,-0.06250381469726562
random_67,-1.0,c002,2.31246280670166,-0.06252002716064453
random_67,-1.0,c024,0.49902915954589844,-0.3756895065307617
random_67,-1.0,c023,1.5623712539672852,-0.3126192092895508
random_67,-1.0,c022,-0.25000572204589844,-0.3750114440917969
random_67,-1.0,c056,1.9914608001708984,0.36943721771240234
random_67,1.0,c041,2.687443733215332,0.5001306533813477
random_67,1.0,c006,2.687288284301758,0.2502899169921875
random_67,1.0,c039,1.500014305114746,0.18750858306884766
random_67,1.0,c017,4.7499847412109375,-0.2499866485595703
random_67,1.0,c058,0.4374980926513672,-0.1875019073486328
random_67,1.0,c002,1.937509536743164,0.5000247955322266
random_67,1.0,c024,0.3124055862426758,0.24998760223388672
random_67,1.0,c023,2.437361717224121,0.06253719329833984
random_67,1.0,c022,2.812445640563965,0.12506103515625
random_67,1.0,c056,0.6845855712890625,-0.04955101013183594
random_67,1.0,c029,-1.8124961853027344,-0.06249713897705078
random_67,1.0,c025,-0.31240081787109375,0.4375486373901367
random_67,1.0,c000,2.874569892883301,-0.06163597106933594
random_67,1.0,c036,0.3122367858886719,-0.43731021881103516
random_67,1.0,c020,8.499932289123535,-0.6247549057006836
random_67,1.0,c011,4.312481880187988,-0.12493419647216797
random_67,1.0,c003,2.1874685287475586,0.2500629425048828
random_67,1.0,c045,7.624890327453613,-0.06233501434326172
random_67,1.0,c046,-0.3116722106933594,0.6871337890625
random_67,1.0,c044,9.249436378479004,-0.811701774597168
random_67,1.0,c008,-0.75,0.375
random_67,1.0,c049,4.062498092651367,-0.3124980926513672
random_67,1.0,c013,9.562299728393555,-0.6248188018798828
random_67,1.0,c042,3.562483787536621,-0.31249141693115234
random_67,1.0,c009,-0.4375190734863281,0.12504005432128906
random_67,1.0,c047,1.062307357788086,0.12519550323486328
random_67,1.0,c050,1.6248350143432617,0.4383058547973633
random_67,1.0,c043,0.9375448226928711,0.1876983642578125
random_67,1.0,c016,2.3124914169311523,-0.18744754791259766
random_67,1.0,c014,2.1874914169311523,0.3750028610229492
random_67,1.0,c041,-2.562527656555176,0.12505054473876953
random_67,1.0,c006,1.874765396118164,0.5628976821899414
random_67,1.0,c039,-1.874894142150879,0.18741226196289062
random_67,1.0,c017,3.562464714050293,0.1251220703125
random_67,1.0,c058,0.4375,0.12499618530273438
random_67,1.0,c002,2.8124704360961914,0.4374876022338867
random_67,1.0,c024,1.3124723434448242,0.43775367736816406
random_67,1.0,c023,2.3749208450317383,0.49993038177490234
random_67,1.0,c022,0.18749332427978516,0.06248760223388672
random_67,1.0,c056,2.186985969543457,0.5649623870849609
random_67,-4.0,c041,1.2441186904907227,-0.9431943893432617
random_67,-4.0,c006,0.47089290618896484,-1.9661054611206055
random_67,-4.0,c039,1.000004768371582,-0.3125009536743164
random_67,-4.0,c017,3.623959541320801,-1.376011848449707
random_67,-4.0,c058,1.187490463256836,0.5624904632568359
random_67,-4.0,c002,0.06245136260986328,-1.3750333786010742
random_67,-4.0,c024,-0.4383544921875,-0.5007724761962891
random_67,-4.0,c023,1.2492027282714844,-1.1256217956542969
random_67,-4.0,c022,1.3730783462524414,-1.3143062591552734
random_67,-4.0,c056,0.6529521942138672,-0.08118438720703125
random_67,-4.0,c029,-2.687501907348633,-0.9375028610229492
random_67,-4.0,c025,-0.5636062622070312,0.18634319305419922
random_67,-4.0,c000,0.9297323226928711,-2.0064735412597656
random_67,-4.0,c036,0.1799783706665039,-0.5695686340332031
random_67,-4.0,c020,7.363946914672852,-1.7607402801513672
random_67,-4.0,c011,2.996967315673828,-1.4404487609863281
random_67,-4.0,c003,0.43683624267578125,-1.5005693435668945
random_67,-4.0,c045,7.173680305480957,-0.513545036315918
random_67,-4.0,c046,-1.313685417175293,-0.3148794174194336
random_67,-4.0,c044,9.64841365814209,-0.41272449493408203
random_67,-4.0,c008,-2.375,-1.25
random_67,-4.0,c049,5.249967575073242,0.8749713897705078
random_67,-4.0,c013,8.804695129394531,-1.3824234008789062
random_67,-4.0,c042,1.9995412826538086,-1.8754339218139648
random_67,-4.0,c009,-2.127227783203125,-1.5646686553955078
random_67,-4.0,c047,-0.32264137268066406,-1.2597532272338867
random_67,-4.0,c050,-0.21370220184326172,-1.4002313613891602
random_67,-4.0,c043,-0.7053499221801758,-1.4551963806152344
random_67,-4.0,c016,2.686738967895508,0.1868000030517578
random_67,-4.0,c014,0.12497425079345703,-1.687514305114746
random_67,-4.0,c041,-2.9379148483276367,-0.2503366470336914
random_67,-4.0,c006,-0.32328319549560547,-1.6351509094238281
random_67,-4.0,c039,-2.1255111694335938,-0.06320476531982422
random_67,-4.0,c017,1.8113784790039062,-1.6259641647338867
random_67,-4.0,c058,0.625,0.3124961853027344
random_67,-4.0,c002,1.187417984008789,-1.1875648498535156
random_67,-4.0,c024,-0.37809085845947266,-1.2528095245361328
random_67,-4.0,c023,0.9985361099243164,-0.8764543533325195
random_67,-4.0,c022,-0.6877584457397461,-0.8127641677856445
random_67,-4.0,c056,1.4711380004882812,-0.15088558197021484
random_67,4.0,c041,2.4375600814819336,0.2502470016479492
random_67,4.0,c006,3.6874866485595703,1.25048828125
random_67,4.0,c039,1.437514305114746,0.12500858306884766
random_67,4.0,c017,3.7500104904174805,-1.2499608993530273
random_67,4.0,c058,0.8124980926513672,0.1874980926513672
random_67,4.0,c002,2.2500267028808594,0.8125419616699219
random_67,4.0,c024,0.8125715255737305,0.7501535415649414
random_67,4.0,c023,2.8124914169311523,0.4376668930053711
random_67,4.0,c022,2.2501697540283203,-0.43721485137939453
random_67,4.0,c056,0.6261110305786133,-0.10802555084228516
random_67,4.0,c029,-0.3124866485595703,1.4375123977661133
random_67,4.0,c025,0.06266021728515625,0.8126096725463867
random_67,4.0,c000,2.875044822692871,-0.061161041259765625
random_67,4.0,c036,0.4377927780151367,-0.3117542266845703
random_67,4.0,c020,7.937498092651367,-1.1871891021728516
random_67,4.0,c011,3.5000247955322266,-0.9373912811279297
random_67,4.0,c003,2.2501487731933594,0.3127431869506836
random_67,4.0,c045,7.187505722045898,-0.49971961975097656
random_67,4.0,c046,1.0012989044189453,2.0001049041748047
random_67,4.0,c044,7.68748664855957,-2.3736515045166016
random_67,4.0,c008,0.3125,1.4375
random_67,4.0,c049,4.1875,-0.18749618530273438
random_67,4.0,c013,8.624980926513672,-1.5621376037597656
random_67,4.0,c042,2.6250200271606445,-1.249955177307129
random_67,4.0,c009,0.06250190734863281,0.62506103515625
random_67,4.0,c047,1.1249933242797852,0.1878814697265625
random_67,4.0,c050,1.7501335144042969,0.5636043548583984
random_67,4.0,c043,1.8753633499145508,1.1255168914794922
random_67,4.0,c016,1.2500801086425781,-1.2498588562011719
random_67,4.0,c014,2.3125104904174805,0.5000219345092773
random_67,4.0,c041,-1.4999351501464844,1.187643051147461
random_67,4.0,c006,1.8751754760742188,0.5633077621459961
random_67,4.0,c039,-1.1873798370361328,0.8749265670776367
random_67,4.0,c017,3.5625009536743164,0.12515830993652344
random_67,4.0,c058,0.562504768371582,0.2500009536743164
random_67,4.0,c002,2.687514305114746,0.3125314712524414
random_67,4.0,c024,2.3750534057617188,1.5003347396850586
random_67,4.0,c023,3.187525749206543,1.312535285949707
random_67,4.0,c022,0.562647819519043,0.43764209747314453
random_67,4.0,c056,1.1251754760742188,-0.49684810638427734
random_68,-1.0,c041,2.2496986389160156,0.06238555908203125
random_68,-1.0,c006,2.43656063079834,-0.00043773651123046875
random_68,-1.0,c039,1.4375009536743164,0.12499523162841797
random_68,-1.0,c017,5.18739128112793,0.18741989135742188
random_68,-1.0,c058,0.4999961853027344,-0.12500381469726562
random_68,-1.0,c002,1.312485694885254,-0.1249990463256836
random_68,-1.0,c024,0.18749046325683594,0.12507247924804688
random_68,-1.0,c023,2.4997358322143555,0.12491130828857422
random_68,-1.0,c022,2.4999046325683594,-0.18747997283935547
random_68,-1.0,c056,0.6789426803588867,-0.05519390106201172
random_68,-1.0,c029,-2.124998092651367,-0.3749990463256836
random_68,-1.0,c025,-0.4996652603149414,0.25028419494628906
random_68,-1.0,c000,2.7487192153930664,-0.1874866485595703
random_68,-1.0,c036,0.4364461898803711,-0.31310081481933594
random_68,-1.0,c020,8.749688148498535,-0.3749990463256836
random_68,-1.0,c011,4.937436103820801,0.5000200271606445
random_68,-1.0,c003,2.1249046325683594,0.1874990463256836
random_68,-1.0,c045,7.499386787414551,-0.18783855438232422
random_68,-1.0,c046,-1.1845464706420898,-0.18574047088623047
random_68,-1.0,c044,9.3109712600708,-0.7501668930053711
random_68,-1.0,c008,-1.1875,-0.0625
random_68,-1.0,c049,4.437494277954102,0.06249809265136719
random_68,-1.0,c013,8.874472618103027,-1.3126459121704102
random_68,-1.0,c042,3.4374542236328125,-0.43752098083496094
random_68,-1.0,c009,-0.8125629425048828,-0.2500038146972656
random_68,-1.0,c047,1.0618171691894531,0.12470531463623047
random_68,-1.0,c050,1.0618066787719727,-0.12472248077392578
random_68,-1.0,c043,0.4374580383300781,-0.31238842010498047
random_68,-1.0,c016,2.2499561309814453,-0.2499828338623047
random_68,-1.0,c014,1.6249771118164062,-0.18751144409179688
random_68,-1.0,c041,-2.687504768371582,7.343292236328125e-05
random_68,-1.0,c006,1.4371557235717773,0.1252880096435547
random_68,-1.0,c039,-2.437333106994629,-0.3750267028808594
random_68,-1.0,c017,3.4998998641967773,0.06255722045898438
random_68,-1.0,c058,-0.3749980926513672,-0.6875019073486328
random_68,-1.0,c002,2.81246280670166,0.43747997283935547
random_68,-1.0,c024,1.187119483947754,0.31240081787109375
random_68,-1.0,c023,1.937403678894043,0.06241321563720703
random_68,-1.0,c022,-0.18750381469726562,-0.31250953674316406
random_68,-1.0,c056,1.686060905456543,0.06403732299804688
random_68,1.0,c041,1.812234878540039,-0.3750782012939453
random_68,1.0,c006,1.9996871948242188,-0.43731117248535156
random_68,1.0,c039,1.5,0.18749427795410156
random_68,1.0,c017,4.999977111816406,5.7220458984375e-06
random_68,1.0,c058,0.6874980926513672,0.06249809265136719
random_68,1.0,c002,1.25,-0.1874847412109375
random_68,1.0,c024,-0.1250619888305664,-0.18747997283935547
random_68,1.0,c023,1.9373207092285156,-0.4375038146972656
random_68,1.0,c022,2.624892234802246,-0.06249237060546875
random_68,1.0,c056,0.24368000030517578,-0.49045658111572266
random_68,1.0,c029,-1.6874980926513672,0.0625009536743164
random_68,1.0,c025,-0.6874046325683594,0.0625448226928711
random_68,1.0,c000,2.1246938705444336,-0.8115119934082031
random_68,1.0,c036,0.2496500015258789,-0.4998970031738281
random_68,1.0,c020,8.937116622924805,-0.18757057189941406
random_68,1.0,c011,3.6874685287475586,-0.7499475479125977
random_68,1.0,c003,1.499983787536621,-0.4374217987060547
random_68,1.0,c045,7.812291145324707,0.12506580352783203
random_68,1.0,c046,-0.749786376953125,0.24901962280273438
random_68,1.0,c044,9.186026573181152,-0.8751115798950195
random_68,1.0,c008,-1.75,-0.625
random_68,1.0,c049,4.812494277954102,0.4374980926513672
random_68,1.0,c013,10.49952507019043,0.3124065399169922
random_68,1.0,c042,4.124937057495117,0.24996185302734375
random_68,1.0,c009,-0.18754100799560547,0.3750181198120117
random_68,1.0,c047,0.9371986389160156,8.678436279296875e-05
random_68,1.0,c050,0.9368972778320312,-0.2496318817138672
random_68,1.0,c043,1.2493209838867188,0.49947452545166016
random_68,1.0,c016,2.4374685287475586,-0.062470436096191406
random_68,1.0,c014,2.0624923706054688,0.2500038146972656
random_68,1.0,c041,-3.062516212463379,-0.3749380111694336
random_68,1.0,c006,1.2495508193969727,-0.06231689453125
random_68,1.0,c039,-1.6248846054077148,0.4374217987060547
random_68,1.0,c017,3.3749351501464844,-0.062407493591308594
random_68,1.0,c058,0.4375019073486328,0.12499809265136719
random_68,1.0,c002,1.7499923706054688,-0.6249904632568359
random_68,1.0,c024,0.812443733215332,-0.062274932861328125
random_68,1.0,c023,2.0623998641967773,0.1874094009399414
random_68,1.0,c022,-0.18750476837158203,-0.31251049041748047
random_68,1.0,c056,1.9979686737060547,0.3759450912475586
random_68,-4.0,c041,1.8747062683105469,-0.3126068115234375
random_68,-4.0,c006,1.8747243881225586,-0.5622739791870117
random_68,-4.0,c039,-0.3749265670776367,-1.6874322891235352
random_68,-4.0,c017,3.687255859375,-1.3127155303955078
random_68,-4.0,c058,-0.75,-1.375
random_68,-4.0,c002,0.375030517578125,-1.0624542236328125
random_68,-4.0,c024,0.18738842010498047,0.1249704360961914
random_68,-4.0,c023,2.062201499938965,-0.3126230239868164
random_68,-4.0,c022,1.9372987747192383,-0.7500858306884766
random_68,-4.0,c056,0.4333038330078125,-0.30083274841308594
random_68,-4.0,c029,-2.9999818801879883,-1.2499828338623047
random_68,-4.0,c025,-0.49968719482421875,0.2502622604370117
random_68,-4.0,c000,2.7477903366088867,-0.18841552734375
random_68,-4.0,c036,-0.00042819976806640625,-0.7499752044677734
random_68,-4.0,c020,6.999712944030762,-2.124974250793457
random_68,-4.0,c011,3.937422752380371,-0.49999332427978516
random_68,-4.0,c003,1.0625381469726562,-0.8748674392700195
random_68,-4.0,c045,4.999933242797852,-2.6872920989990234
random_68,-4.0,c046,-1.6234321594238281,-0.6246261596679688
random_68,-4.0,c044,7.561756134033203,-2.4993820190429688
random_68,-4.0,c008,-2.625,-1.5
random_68,-4.0,c049,2.3749942779541016,-2.000001907348633
random_68,-4.0,c013,7.124926567077637,-3.062191963195801
random_68,-4.0,c042,1.9998884201049805,-1.875086784362793
random_68,-4.0,c009,-2.0005550384521484,-1.4379959106445312
random_68,-4.0,c047,0.7491416931152344,-0.18797016143798828
random_68,-4.0,c050,0.7496194839477539,-0.43690967559814453
random_68,-4.0,c043,-1.5623140335083008,-2.3121604919433594
random_68,-4.0,c016,1.12493896484375,-1.375
random_68,-4.0,c014,0.25003814697265625,-1.5624504089355469
random_68,-4.0,c041,-3.0000438690185547,-0.3124656677246094
random_68,-4.0,c006,0.8121547698974609,-0.4997129440307617
random_68,-4.0,c039,-2.999758720397949,-0.9374523162841797
random_68,-4.0,c017,2.562314987182617,-0.8750276565551758
random_68,-4.0,c058,-1.5624961853027344,-1.875
random_68,-4.0,c002,2.3749494552612305,-3.337860107421875e-05
random_68,-4.0,c024,0.4375743865966797,-0.43714427947998047
random_68,-4.0,c023,1.3751401901245117,-0.4998502731323242
random_68,-4.0,c022,-0.6249856948852539,-0.7499914169311523
random_68,-4.0,c056,-0.5003061294555664,-2.1223297119140625
random_68,4.0,c041,-0.31250762939453125,-2.4998207092285156
random_68,4.0,c006,0.6249666213989258,-1.8120317459106445
random_68,4.0,c039,1.1875,-0.12500572204589844
random_68,4.0,c017,3.874990463256836,-1.1249809265136719
random_68,4.0,c058,1.0000019073486328,0.3750019073486328
random_68,4.0,c002,0.5625,-0.8749847412109375
random_68,4.0,c024,-1.1875267028808594,-1.2499446868896484
random_68,4.0,c023,-0.7501287460327148,-3.124953269958496
random_68,4.0,c022,2.1875295639038086,-0.49985504150390625
random_68,4.0,c056,-0.4400634765625,-1.1742000579833984
random_68,4.0,c029,-1.625,0.1249990463256836
random_68,4.0,c025,-1.1874828338623047,-0.4375333786010742
random_68,4.0,c000,-0.3750009536743164,-3.311206817626953
random_68,4.0,c036,-0.9374866485595703,-1.6870336532592773
random_68,4.0,c020,6.81241512298584,-2.312272071838379
random_68,4.0,c011,1.6249933242797852,-2.812422752380371
random_68,4.0,c003,0.12501907348632812,-1.8123865127563477
random_68,4.0,c045,6.374905586242676,-1.3123197555541992
random_68,4.0,c046,-0.686375617980957,0.31243038177490234
random_68,4.0,c044,7.936788558959961,-2.124349594116211
random_68,4.0,c008,-1.875,-0.75
random_68,4.0,c049,3.812498092651367,-0.5624980926513672
random_68,4.0,c013,10.312333106994629,0.1252145767211914
random_68,4.0,c042,1.6249990463256836,-2.24997615814209
random_68,4.0,c009,-0.5,0.06255912780761719
random_68,4.0,c047,0.31245899200439453,-0.6246528625488281
random_68,4.0,c050,-0.06266975402832031,-1.2491989135742188
random_68,4.0,c043,1.2495088577270508,0.4996623992919922
random_68,4.0,c016,1.2500057220458984,-1.2499332427978516
random_68,4.0,c014,1.2499961853027344,-0.5624923706054688
random_68,4.0,c041,-2.1875505447387695,0.5000276565551758
random_68,4.0,c006,-0.06251811981201172,-1.3743858337402344
random_68,4.0,c039,-1.4999628067016602,0.5623435974121094
random_68,4.0,c017,2.1249866485595703,-1.3123559951782227
random_68,4.0,c058,0.6250019073486328,0.3124980926513672
random_68,4.0,c002,-0.5000028610229492,-2.874985694885254
random_68,4.0,c024,-0.5625925064086914,-1.4373111724853516
random_68,4.0,c023,1.7499771118164062,-0.1250133514404297
random_68,4.0,c022,-0.9375057220458984,-1.0625114440917969
random_68,4.0,c056,1.2496147155761719,-0.3724088668823242
random_69,-1.0,c041,2.6872854232788086,0.4999723434448242
random_69,-1.0,c006,2.3739776611328125,-0.06302070617675781
random_69,-1.0,c039,1.062504768371582,-0.2500009536743164
random_69,-1.0,c017,5.312445640563965,0.31247425079345703
random_69,-1.0,c058,0.4999980926513672,-0.1250019073486328
random_69,-1.0,c002,1.3125057220458984,-0.12497901916503906
random_69,-1.0,c024,-3.814697265625e-05,-0.06245613098144531
random_69,-1.0,c023,2.562262535095215,0.1874380111694336
random_69,-1.0,c022,2.687450408935547,6.580352783203125e-05
random_69,-1.0,c056,0.363616943359375,-0.37051963806152344
random_69,-1.0,c029,-1.8124971389770508,-0.06249809265136719
random_69,-1.0,c025,-1.0625228881835938,-0.3125734329223633
random_69,-1.0,c000,2.561887741088867,-0.37431812286376953
random_69,-1.0,c036,0.49957752227783203,-0.249969482421875
random_69,-1.0,c020,8.562078475952148,-0.5626087188720703
random_69,-1.0,c011,4.937448501586914,0.5000324249267578
random_69,-1.0,c003,1.9999885559082031,0.06258296966552734
random_69,-1.0,c045,7.499634742736816,-0.1875905990600586
random_69,-1.0,c046,-1.186659812927246,-0.18785381317138672
random_69,-1.0,c044,9.249162673950195,-0.8119754791259766
random_69,-1.0,c008,-1.3125,-0.1875
random_69,-1.0,c049,3.499998092651367,-0.8749980926513672
random_69,-1.0,c013,9.437122344970703,-0.7499961853027344
random_69,-1.0,c042,4.062427520751953,0.1874523162841797
random_69,-1.0,c009,-1.1250333786010742,-0.562474250793457
random_69,-1.0,c047,0.8744010925292969,-0.06271076202392578
random_69,-1.0,c050,0.9994783401489258,-0.18705081939697266
random_69,-1.0,c043,0.3122396469116211,-0.4376068115234375
random_69,-1.0,c016,1.937485694885254,-0.5624532699584961
random_69,-1.0,c014,1.5000009536743164,-0.3124876022338867
random_69,-1.0,c041,-2.9375457763671875,-0.2499675750732422
random_69,-1.0,c006,0.8745317459106445,-0.4373359680175781
random_69,-1.0,c039,-2.624842643737793,-0.5625362396240234
random_69,-1.0,c017,3.6249303817749023,0.18758773803710938
random_69,-1.0,c058,-0.062496185302734375,-0.375
random_69,-1.0,c002,2.8124608993530273,0.43747806549072266
random_69,-1.0,c024,1.1248226165771484,0.2501039505004883
random_69,-1.0,c023,1.6875152587890625,-0.18747520446777344
random_69,-1.0,c022,-0.31252574920654297,-0.4375314712524414
random_69,-1.0,c056,1.624373435974121,0.002349853515625
random_69,1.0,c041,2.18691349029541,-0.00039958953857421875
random_69,1.0,c006,2.436703681945801,-0.00029468536376953125
random_69,1.0,c039,2.187497138977051,0.8749914169311523
random_69,1.0,c017,5.187406539916992,0.18743515014648438
random_69,1.0,c058,0.5625019073486328,-0.06249809265136719
random_69,1.0,c002,1.562495231628418,0.12501049041748047
random_69,1.0,c024,0.31235790252685547,0.2499399185180664
random_69,1.0,c023,2.4995040893554688,0.1246795654296875
random_69,1.0,c022,2.5624704360961914,-0.12491416931152344
random_69,1.0,c056,0.7775669097900391,0.043430328369140625
random_69,1.0,c029,-1.6874933242797852,0.06250572204589844
random_69,1.0,c025,-0.4374656677246094,0.3124837875366211
random_69,1.0,c000,2.561678886413574,-0.3745269775390625
random_69,1.0,c036,0.4372282028198242,-0.3123188018798828
random_69,1.0,c020,9.562233924865723,0.4375467300415039
random_69,1.0,c011,4.124921798706055,-0.31249427795410156
random_69,1.0,c003,1.8124027252197266,-0.12500286102294922
random_69,1.0,c045,8.686908721923828,0.9996833801269531
random_69,1.0,c046,-0.43601036071777344,0.5627956390380859
random_69,1.0,c044,9.743256568908691,-0.31788158416748047
random_69,1.0,c008,-1.125,0.0
random_69,1.0,c049,5.749992370605469,1.3749961853027344
random_69,1.0,c013,10.436811447143555,0.2496929168701172
random_69,1.0,c042,3.9374465942382812,0.06247138977050781
random_69,1.0,c009,0.43738555908203125,0.9999446868896484
random_69,1.0,c047,0.8120660781860352,-0.1250457763671875
random_69,1.0,c050,1.3742713928222656,0.1877422332763672
random_69,1.0,c043,1.3745746612548828,0.6247282028198242
random_69,1.0,c016,2.7499265670776367,0.24998760223388672
random_69,1.0,c014,2.5624847412109375,0.7499961853027344
random_69,1.0,c041,-2.562519073486328,0.1250591278076172
random_69,1.0,c006,0.9995031356811523,-0.3123645782470703
random_69,1.0,c039,-1.8747081756591797,0.18759822845458984
random_69,1.0,c017,3.499876022338867,0.06253337860107422
random_69,1.0,c058,0.625,0.3124961853027344
random_69,1.0,c002,2.812472343444824,0.43748950958251953
random_69,1.0,c024,1.0620927810668945,0.18737411499023438
random_69,1.0,c023,2.187563896179199,0.3125734329223633
random_69,1.0,c022,0.1875009536743164,0.06249523162841797
random_69,1.0,c056,1.9965143203735352,0.37449073791503906
random_69,-4.0,c041,2.499819755554199,0.31250667572021484
random_69,-4.0,c006,2.81207275390625,0.3750743865966797
random_69,-4.0,c039,-0.43749427795410156,-1.75
random_69,-4.0,c017,5.874960899353027,0.8749895095825195
random_69,-4.0,c058,0.3749980926513672,-0.2500019073486328
random_69,-4.0,c002,1.0624980926513672,-0.3749866485595703
random_69,-4.0,c024,-0.37497615814208984,-0.4373941421508789
random_69,-4.0,c023,1.5623235702514648,-0.8125009536743164
random_69,-4.0,c022,2.937345504760742,0.24996089935302734
random_69,-4.0,c056,-0.3759269714355469,-1.1100635528564453
random_69,-4.0,c029,-2.062498092651367,-0.3124990463256836
random_69,-4.0,c025,-1.562241554260254,-0.8122920989990234
random_69,-4.0,c000,2.499835968017578,-0.4363698959350586
random_69,-4.0,c036,0.6869583129882812,-0.06258869171142578
random_69,-4.0,c020,5.874883651733398,-3.2498035430908203
random_69,-4.0,c011,4.87496280670166,0.4375467300415039
random_69,-4.0,c003,1.4374942779541016,-0.4999113082885742
random_69,-4.0,c045,5.436967849731445,-2.2502574920654297
random_69,-4.0,c046,-1.9353094100952148,-0.9365034103393555
random_69,-4.0,c044,7.249835014343262,-2.81130313873291
random_69,-4.0,c008,-2.8125,-1.6875
random_69,-4.0,c049,1.125,-3.2499961853027344
random_69,-4.0,c013,7.9373273849487305,-2.249791145324707
random_69,-4.0,c042,3.187314987182617,-0.6876602172851562
random_69,-4.0,c009,-2.312544822692871,-1.749985694885254
random_69,-4.0,c047,0.9369745254516602,-0.0001373291015625
random_69,-4.0,c050,-0.2504997253417969,-1.4370288848876953
random_69,-4.0,c043,-1.2504138946533203,-2.000260353088379
random_69,-4.0,c016,1.2499761581420898,-1.2499628067016602
random_69,-4.0,c014,0.24998950958251953,-1.5624990463256836
random_69,-4.0,c041,-3.437559127807617,-0.7499809265136719
random_69,-4.0,c006,0.6871767044067383,-0.6246910095214844
random_69,-4.0,c039,-3.062422752380371,-1.0001163482666016
random_69,-4.0,c017,3.624948501586914,0.1876058578491211
random_69,-4.0,c058,-0.6874980926513672,-1.0000019073486328
random_69,-4.0,c002,1.6249723434448242,-0.7500104904174805
random_69,-4.0,c024,0.5624294281005859,-0.3122892379760742
random_69,-4.0,c023,0.5624933242797852,-1.3124971389770508
random_69,-4.0,c022,-1.499913215637207,-1.6249189376831055
random_69,-4.0,c056,0.8123197555541992,-0.8097038269042969
random_69,4.0,c041,2.1867523193359375,-0.000560760498046875
random_69,4.0,c006,2.623152732849121,0.18615436553955078
random_69,4.0,c039,3.9373693466186523,2.624863624572754
random_69,4.0,c017,4.061615943908691,-0.9383554458618164
random_69,4.0,c058,0.8125019073486328,0.1875019073486328
random_69,4.0,c002,2.4999828338623047,1.0624980926513672
random_69,4.0,c024,0.9371490478515625,0.8747310638427734
random_69,4.0,c023,4.1237640380859375,1.7489395141601562
random_69,4.0,c022,2.8109922409057617,0.12360763549804688
random_69,4.0,c056,1.4213294982910156,0.6871929168701172
random_69,4.0,c029,-1.187459945678711,0.5625391006469727
random_69,4.0,c025,0.43738269805908203,1.1873321533203125
random_69,4.0,c000,3.2473297119140625,0.3111238479614258
random_69,4.0,c036,0.749445915222168,-0.0001010894775390625
random_69,4.0,c020,10.874489784240723,1.749802589416504
random_69,4.0,c011,3.4368391036987305,-1.0005769729614258
random_69,4.0,c003,1.8747634887695312,-0.06264209747314453
random_69,4.0,c045,8.873270034790039,1.186044692993164
random_69,4.0,c046,1.3118171691894531,2.3106231689453125
random_69,4.0,c044,11.142127990722656,1.0809898376464844
random_69,4.0,c008,-0.5,0.625
random_69,4.0,c049,6.749996185302734,2.375
random_69,4.0,c013,11.557358741760254,1.3702402114868164
random_69,4.0,c042,3.3122053146362305,-0.562769889831543
random_69,4.0,c009,1.9371919631958008,2.499751091003418
random_69,4.0,c047,1.7488946914672852,0.8117828369140625
random_69,4.0,c050,1.6216773986816406,0.4351482391357422
random_69,4.0,c043,2.499460220336914,1.7496137619018555
random_69,4.0,c016,3.312070846557617,0.8121318817138672
random_69,4.0,c014,2.9999561309814453,1.1874675750732422
random_69,4.0,c041,-0.9378499984741211,1.7497282028198242
random_69,4.0,c006,2.3700294494628906,1.058161735534668
random_69,4.0,c039,-0.2378854751586914,1.8244209289550781
random_69,4.0,c017,3.0621824264526367,-0.37516021728515625
random_69,4.0,c058,1.5000019073486328,1.1874980926513672
random_69,4.0,c002,2.7497968673706055,0.3748140335083008
random_69,4.0,c024,2.304041862487793,1.4293231964111328
random_69,4.0,c023,3.0612096786499023,1.1862192153930664
random_69,4.0,c022,1.8123397827148438,1.6873340606689453
random_69,4.0,c056,2.297562599182129,0.6755390167236328
random_70,-1.0,c041,2.6244630813598633,0.4371500015258789
random_70,-1.0,c006,2.372896194458008,-0.0641021728515625
random_70,-1.0,c039,1.8125076293945312,0.5000019073486328
random_70,-1.0,c017,5.374853134155273,0.3748817443847656
random_70,-1.0,c058,0.375,-0.25
random_70,-1.0,c002,1.6874923706054688,0.25000762939453125
random_70,-1.0,c024,-0.06293582916259766,-0.12535381317138672
random_70,-1.0,c023,2.624514579772949,0.24969005584716797
random_70,-1.0,c022,3.124309539794922,0.43692493438720703
random_70,-1.0,c056,0.4871253967285156,-0.2470111846923828
random_70,-1.0,c029,-2.1249942779541016,-0.37499523162841797
random_70,-1.0,c025,-0.43757152557373047,0.3123779296875
random_70,-1.0,c000,2.8737192153930664,-0.06248664855957031
random_70,-1.0,c036,0.6869602203369141,-0.06258678436279297
random_70,-1.0,c020,8.312070846557617,-0.8126163482666016
random_70,-1.0,c011,4.812416076660156,0.375
random_70,-1.0,c003,2.1872406005859375,0.24983501434326172
random_70,-1.0,c045,7.624537467956543,-0.06268787384033203
random_70,-1.0,c046,-1.182525634765625,-0.18371963500976562
random_70,-1.0,c044,9.622299194335938,-0.4388389587402344
random_70,-1.0,c008,-1.0,0.125
random_70,-1.0,c049,4.062494277954102,-0.3125019073486328
random_70,-1.0,c013,9.999528884887695,-0.1875896453857422
random_70,-1.0,c042,3.999819755554199,0.12484455108642578
random_70,-1.0,c009,-1.0000886917114258,-0.4375295639038086
random_70,-1.0,c047,1.3109283447265625,0.37381649017333984
random_70,-1.0,c050,1.186415672302246,-0.00011348724365234375
random_70,-1.0,c043,0.8102045059204102,0.06035804748535156
random_70,-1.0,c016,2.812422752380371,0.3124837875366211
random_70,-1.0,c014,2.187479019165039,0.37499046325683594
random_70,-1.0,c041,-2.93759822845459,-0.25002002716064453
random_70,-1.0,c006,1.499216079711914,0.1873483657836914
random_70,-1.0,c039,-2.4997825622558594,-0.43747615814208984
random_70,-1.0,c017,4.187328338623047,0.7499856948852539
random_70,-1.0,c058,1.9073486328125e-06,-0.3125019073486328
random_70,-1.0,c002,2.6874237060546875,0.3124408721923828
random_70,-1.0,c024,1.2495155334472656,0.37479686737060547
random_70,-1.0,c023,1.8748540878295898,-0.00013637542724609375
random_70,-1.0,c022,-0.2500181198120117,-0.37502384185791016
random_70,-1.0,c056,1.7452983856201172,0.1232748031616211
random_70,1.0,c041,1.5623760223388672,-0.6249370574951172
random_70,1.0,c006,1.749770164489746,-0.6872282028198242
random_70,1.0,c039,1.0625009536743164,-0.25000476837158203
random_70,1.0,c017,4.749940872192383,-0.250030517578125
random_70,1.0,c058,0.6874980926513672,0.06249809265136719
random_70,1.0,c002,1.1250038146972656,-0.3124809265136719
random_70,1.0,c024,0.18749427795410156,0.1250762939453125
random_70,1.0,c023,1.9998540878295898,-0.3749704360961914
random_70,1.0,c022,2.12497615814209,-0.562408447265625
random_70,1.0,c056,-0.06500434875488281,-0.7991409301757812
random_70,1.0,c029,-1.499995231628418,0.2500038146972656
random_70,1.0,c025,-0.5624351501464844,0.1875143051147461
random_70,1.0,c000,2.374556541442871,-0.5616493225097656
random_70,1.0,c036,0.31225109100341797,-0.43729591369628906
random_70,1.0,c020,8.749792098999023,-0.3748950958251953
random_70,1.0,c011,4.312496185302734,-0.12491989135742188
random_70,1.0,c003,1.3749637603759766,-0.5624418258666992
random_70,1.0,c045,7.99967098236084,0.31244564056396484
random_70,1.0,c046,-0.3116741180419922,0.6871318817138672
random_70,1.0,c044,9.623740196228027,-0.43739795684814453
random_70,1.0,c008,-0.875,0.25
random_70,1.0,c049,4.749996185302734,0.375
random_70,1.0,c013,9.124628067016602,-1.062490463256836
random_70,1.0,c042,2.9999771118164062,-0.8749980926513672
random_70,1.0,c009,-0.06256294250488281,0.4999961853027344
random_70,1.0,c047,0.43729305267333984,-0.4998188018798828
random_70,1.0,c050,1.124455451965332,-0.062073707580566406
random_70,1.0,c043,0.8747444152832031,0.12489795684814453
random_70,1.0,c016,2.2499771118164062,-0.24996185302734375
random_70,1.0,c014,1.6875104904174805,-0.12497806549072266
random_70,1.0,c041,-2.875004768371582,-0.18742656707763672
random_70,1.0,c006,0.8122787475585938,-0.4995889663696289
random_70,1.0,c039,-1.9998970031738281,0.062409400939941406
random_70,1.0,c017,2.937455177307129,-0.49988746643066406
random_70,1.0,c058,0.5625,0.24999618530273438
random_70,1.0,c002,2.1874847412109375,-0.1874980926513672
random_70,1.0,c024,1.249791145324707,0.3750724792480469
random_70,1.0,c023,1.7499303817749023,-0.1250600814819336
random_70,1.0,c022,2.002716064453125e-05,-0.1249856948852539
random_70,1.0,c056,1.4994745254516602,-0.12254905700683594
random_70,-4.0,c041,2.62429141998291,0.4369783401489258
random_70,-4.0,c006,2.369400978088379,-0.0675973892211914
random_70,-4.0,c039,2.0625181198120117,0.7500123977661133
random_70,-4.0,c017,4.874042510986328,-0.1259288787841797
random_70,-4.0,c058,-0.24999237060546875,-0.8749923706054688
random_70,-4.0,c002,1.9996967315673828,0.5622119903564453
random_70,-4.0,c024,-0.00174713134765625,-0.06416511535644531
random_70,-4.0,c023,1.873917579650879,-0.5009069442749023
random_70,-4.0,c022,3.185443878173828,0.4980592727661133
random_70,-4.0,c056,-0.04478740692138672,-0.7789239883422852
random_70,-4.0,c029,-2.6874771118164062,-0.9374780654907227
random_70,-4.0,c025,-0.6258602142333984,0.12408924102783203
random_70,-4.0,c000,2.1835479736328125,-0.7526578903198242
random_70,-4.0,c036,0.3058938980102539,-0.4436531066894531
random_70,-4.0,c020,7.308374404907227,-1.8163127899169922
random_70,-4.0,c011,4.935323715209961,0.4979076385498047
random_70,-4.0,c003,2.311513900756836,0.37410831451416016
random_70,-4.0,c045,7.123532295227051,-0.5636930465698242
random_70,-4.0,c046,-1.0724906921386719,-0.0736846923828125
random_70,-4.0,c044,9.115337371826172,-0.94580078125
random_70,-4.0,c008,-1.875,-0.75
random_70,-4.0,c049,3.6249923706054688,-0.7500038146972656
random_70,-4.0,c013,10.49864673614502,0.31152820587158203
random_70,-4.0,c042,5.248961448669434,1.3739862442016602
random_70,-4.0,c009,-1.5,-0.9374408721923828
random_70,-4.0,c047,1.1777944564819336,0.24068260192871094
random_70,-4.0,c050,0.8713979721069336,-0.31513118743896484
random_70,-4.0,c043,0.05600738525390625,-0.6938390731811523
random_70,-4.0,c016,2.9370250701904297,0.4370861053466797
random_70,-4.0,c014,2.3124752044677734,0.4999866485595703
random_70,-4.0,c041,-2.6301984786987305,0.057379722595214844
random_70,-4.0,c006,1.871535301208496,0.5596675872802734
random_70,-4.0,c039,-2.6860837936401367,-0.6237773895263672
random_70,-4.0,c017,3.936612129211426,0.4992694854736328
random_70,-4.0,c058,-0.3749961853027344,-0.6875
random_70,-4.0,c002,2.249692916870117,-0.1252899169921875
random_70,-4.0,c024,1.9953536987304688,1.1206350326538086
random_70,-4.0,c023,2.373448371887207,0.4984579086303711
random_70,-4.0,c022,-0.5003986358642578,-0.6254043579101562
random_70,-4.0,c056,1.3518829345703125,-0.2701406478881836
random_70,4.0,c041,0.8750181198120117,-1.3122949600219727
random_70,4.0,c006,0.6250009536743164,-1.811997413635254
random_70,4.0,c039,-0.062499046325683594,-1.375004768371582
random_70,4.0,c017,3.124990463256836,-1.8749809265136719
random_70,4.0,c058,0.7499980926513672,0.12499809265136719
random_70,4.0,c002,0.18750667572021484,-1.2499780654907227
random_70,4.0,c024,6.67572021484375e-06,-0.06241130828857422
random_70,4.0,c023,1.0625,-1.3123245239257812
random_70,4.0,c022,1.000014305114746,-1.6873703002929688
random_70,4.0,c056,0.6867856979370117,-0.04735088348388672
random_70,4.0,c029,-1.4374980926513672,0.3125009536743164
random_70,4.0,c025,-0.6249380111694336,0.12501144409179688
random_70,4.0,c000,1.0625076293945312,-1.8736982345581055
random_70,4.0,c036,-0.5625333786010742,-1.3120803833007812
random_70,4.0,c020,10.312468528747559,1.1877813339233398
random_70,4.0,c011,1.6875019073486328,-2.7499141693115234
random_70,4.0,c003,0.1875467300415039,-1.7498588562011719
random_70,4.0,c045,8.624834060668945,0.9376087188720703
random_70,4.0,c046,-0.062035560607910156,0.9367704391479492
random_70,4.0,c044,10.24987506866455,0.1887369155883789
random_70,4.0,c008,-1.3125,-0.1875
random_70,4.0,c049,6.187498092651367,1.8125019073486328
random_70,4.0,c013,9.937370300292969,-0.24974822998046875
random_70,4.0,c042,0.6875028610229492,-3.187472343444824
random_70,4.0,c009,-0.12502098083496094,0.43753814697265625
random_70,4.0,c047,-0.8124847412109375,-1.7495965957641602
random_70,4.0,c050,0.812495231628418,-0.37403392791748047
random_70,4.0,c043,0.8750858306884766,0.12523937225341797
random_70,4.0,c016,0.8125247955322266,-1.6874141693115234
random_70,4.0,c014,0.7500228881835938,-1.0624656677246094
random_70,4.0,c041,-1.2500009536743164,1.437577247619629
random_70,4.0,c006,0.4374856948852539,-0.8743820190429688
random_70,4.0,c039,-1.7499580383300781,0.3123483657836914
random_70,4.0,c017,0.9999942779541016,-2.4373483657836914
random_70,4.0,c058,0.6875019073486328,0.3749980926513672
random_70,4.0,c002,0.8125095367431641,-1.5624732971191406
random_70,4.0,c024,1.0625362396240234,0.18781757354736328
random_70,4.0,c023,1.375044822692871,-0.49994564056396484
random_70,4.0,c022,0.5000095367431641,0.3750038146972656
random_70,4.0,c056,1.0625057220458984,-0.5595178604125977
random_71,-1.0,c041,2.3747873306274414,0.18747425079345703
random_71,-1.0,c006,2.562183380126953,0.1251850128173828
random_71,-1.0,c039,1.9375028610229492,0.6249971389770508
random_71,-1.0,c017,5.56243896484375,0.5624675750732422
random_71,-1.0,c058,1.1874980926513672,0.5624980926513672
random_71,-1.0,c002,1.7500038146972656,0.3125190734863281
random_71,-1.0,c024,0.12497520446777344,0.06255722045898438
random_71,-1.0,c023,2.249736785888672,-0.12508773803710938
random_71,-1.0,c022,2.937495231628418,0.2501106262207031
random_71,-1.0,c056,0.4870004653930664,-0.24713611602783203
random_71,-1.0,c029,-1.4999980926513672,0.2500009536743164
random_71,-1.0,c025,-0.5622453689575195,0.18770408630371094
random_71,-1.0,c000,2.8737106323242188,-0.06249523162841797
random_71,-1.0,c036,0.43689441680908203,-0.312652587890625
random_71,-1.0,c020,8.561941146850586,-0.5627460479736328
random_71,-1.0,c011,4.437485694885254,6.961822509765625e-05
random_71,-1.0,c003,1.7499628067016602,-0.18744277954101562
random_71,-1.0,c045,7.811964988708496,0.1247396469116211
random_71,-1.0,c046,-0.06139373779296875,0.9374122619628906
random_71,-1.0,c044,10.0610933303833,-4.482269287109375e-05
random_71,-1.0,c008,-1.125,0.0
random_71,-1.0,c049,5.062498092651367,0.6875019073486328
random_71,-1.0,c013,9.936369895935059,-0.2507486343383789
random_71,-1.0,c042,4.1249799728393555,0.25000476837158203
random_71,-1.0,c009,-0.06257057189941406,0.4999885559082031
random_71,-1.0,c047,1.0621957778930664,0.12508392333984375
random_71,-1.0,c050,1.2496490478515625,0.06311988830566406
random_71,-1.0,c043,0.9366912841796875,0.1868448257446289
random_71,-1.0,c016,2.6874704360961914,0.1875314712524414
random_71,-1.0,c014,2.3749866485595703,0.5624980926513672
random_71,-1.0,c041,-2.562527656555176,0.12505054473876953
random_71,-1.0,c006,1.4364309310913086,0.12456321716308594
random_71,-1.0,c039,-1.6873760223388672,0.37493038177490234
random_71,-1.0,c017,3.4999351501464844,0.0625925064086914
random_71,-1.0,c058,0.1250019073486328,-0.1875019073486328
random_71,-1.0,c002,3.124929428100586,0.7499465942382812
random_71,-1.0,c024,1.3123149871826172,0.43759632110595703
random_71,-1.0,c023,2.1873397827148438,0.3123493194580078
random_71,-1.0,c022,-3.147125244140625e-05,-0.12503719329833984
random_71,-1.0,c056,2.1844043731689453,0.5623807907104492
random_71,1.0,c041,1.9373664855957031,-0.24994659423828125
random_71,1.0,c006,2.2493371963500977,-0.18766117095947266
random_71,1.0,c039,1.312504768371582,-9.5367431640625e-07
random_71,1.0,c017,4.812442779541016,-0.1875286102294922
random_71,1.0,c058,0.4999980926513672,-0.1250019073486328
random_71,1.0,c002,0.937495231628418,-0.49998950958251953
random_71,1.0,c024,0.06241321563720703,-4.76837158203125e-06
random_71,1.0,c023,2.3124256134033203,-0.06239891052246094
random_71,1.0,c022,2.624971389770508,-0.06241321563720703
random_71,1.0,c056,0.5552282333374023,-0.1789083480834961
random_71,1.0,c029,-1.8749980926513672,-0.1249990463256836
random_71,1.0,c025,-0.562281608581543,0.1876678466796875
random_71,1.0,c000,2.936844825744629,0.0006389617919921875
random_71,1.0,c036,0.3746500015258789,-0.3748970031738281
random_71,1.0,c020,8.749757766723633,-0.37492942810058594
random_71,1.0,c011,4.437458038330078,4.1961669921875e-05
random_71,1.0,c003,2.124958038330078,0.18755245208740234
random_71,1.0,c045,7.687209129333496,-1.621246337890625e-05
random_71,1.0,c046,-0.8742599487304688,0.12454605102539062
random_71,1.0,c044,9.185617446899414,-0.8755207061767578
random_71,1.0,c008,-1.625,-0.5
random_71,1.0,c049,4.124994277954102,-0.2500019073486328
random_71,1.0,c013,9.687173843383789,-0.49994468688964844
random_71,1.0,c042,3.562472343444824,-0.3125028610229492
random_71,1.0,c009,-0.9375514984130859,-0.37499237060546875
random_71,1.0,c047,0.6243457794189453,-0.31276607513427734
random_71,1.0,c050,0.9991388320922852,-0.18739032745361328
random_71,1.0,c043,0.8121519088745117,0.062305450439453125
random_71,1.0,c016,2.18746280670166,-0.31247615814208984
random_71,1.0,c014,1.6874923706054688,-0.12499618530273438
random_71,1.0,c041,-2.6875762939453125,1.9073486328125e-06
random_71,1.0,c006,0.999476432800293,-0.3123912811279297
random_71,1.0,c039,-2.187392234802246,-0.12508583068847656
random_71,1.0,c017,3.4373703002929688,2.765655517578125e-05
random_71,1.0,c058,0.4375019073486328,0.12499809265136719
random_71,1.0,c002,2.1874876022338867,-0.18749523162841797
random_71,1.0,c024,0.937047004699707,0.062328338623046875
random_71,1.0,c023,1.6874103546142578,-0.18758010864257812
random_71,1.0,c022,-0.12497711181640625,-0.2499828338623047
random_71,1.0,c056,1.2485237121582031,-0.37349987030029297
random_71,-4.0,c041,2.437406539916992,0.2500934600830078
random_71,-4.0,c006,3.249325752258301,0.8123273849487305
random_71,-4.0,c039,2.312504768371582,0.9999990463256836
random_71,-4.0,c017,5.437368392944336,0.4373970031738281
random_71,-4.0,c058,1.2499961853027344,0.6249961853027344
random_71,-4.0,c002,1.9374885559082031,0.5000038146972656
random_71,-4.0,c024,0.4372215270996094,0.3748035430908203
random_71,-4.0,c023,2.7497358322143555,0.3749113082885742
random_71,-4.0,c022,2.4999618530273438,-0.1874227523803711
random_71,-4.0,c056,1.1771879196166992,0.4430513381958008
random_71,-4.0,c029,-1.4374866485595703,0.3125123977661133
random_71,-4.0,c025,-0.0002727508544921875,0.7496767044067383
random_71,-4.0,c000,3.186966896057129,0.2507610321044922
random_71,-4.0,c036,0.12311172485351562,-0.6264352798461914
random_71,-4.0,c020,8.686928749084473,-0.4377584457397461
random_71,-4.0,c011,4.187475204467773,-0.2499408721923828
random_71,-4.0,c003,0.8746938705444336,-1.0627117156982422
random_71,-4.0,c045,8.749703407287598,1.0624780654907227
random_71,-4.0,c046,1.4994926452636719,2.4982986450195312
random_71,-4.0,c044,9.935922622680664,-0.1252155303955078
random_71,-4.0,c008,-1.6875,-0.5625
random_71,-4.0,c049,5.687494277954102,1.3124980926513672
random_71,-4.0,c013,9.74970531463623,-0.43741321563720703
random_71,-4.0,c042,4.124904632568359,0.24992942810058594
random_71,-4.0,c009,0.687434196472168,1.2499933242797852
random_71,-4.0,c047,1.1248779296875,0.18776607513427734
random_71,-4.0,c050,1.3740034103393555,0.18747425079345703
random_71,-4.0,c043,1.6865262985229492,0.9366798400878906
random_71,-4.0,c016,2.9374589920043945,0.43752002716064453
random_71,-4.0,c014,2.687471389770508,0.8749828338623047
random_71,-4.0,c041,-2.2500925064086914,0.4374856948852539
random_71,-4.0,c006,1.3747367858886719,0.06286907196044922
random_71,-4.0,c039,-0.8748540878295898,1.1874523162841797
random_71,-4.0,c017,2.9999752044677734,-0.43736743927001953
random_71,-4.0,c058,-0.125,-0.4375038146972656
random_71,-4.0,c002,2.374980926513672,-1.9073486328125e-06
random_71,-4.0,c024,1.6247196197509766,0.7500009536743164
random_71,-4.0,c023,2.9379072189331055,1.0629167556762695
random_71,-4.0,c022,0.3124666213989258,0.18746089935302734
random_71,-4.0,c056,2.312087059020996,0.6900634765625
random_71,4.0,c041,2.1874446868896484,0.0001316070556640625
random_71,4.0,c006,1.4999217987060547,-0.9370765686035156
random_71,4.0,c039,-0.5,-1.8125057220458984
random_71,4.0,c017,5.374886512756348,0.37491512298583984
random_71,4.0,c058,0.8125,0.1875
random_71,4.0,c002,0.5625,-0.8749847412109375
random_71,4.0,c024,0.3124675750732422,0.2500495910644531
random_71,4.0,c023,2.81246280670166,0.4376382827758789
random_71,4.0,c022,2.749948501586914,0.06256389617919922
random_71,4.0,c056,0.6809759140014648,-0.053160667419433594
random_71,4.0,c029,-2.187498092651367,-0.4374990463256836
random_71,4.0,c025,-1.4999895095825195,-0.7500400543212891
random_71,4.0,c000,2.624744415283203,-0.3114614486694336
random_71,4.0,c036,-0.31256961822509766,-1.0621166229248047
random_71,4.0,c020,8.874947547912598,-0.2497396469116211
random_71,4.0,c011,3.5624866485595703,-0.8749294281005859
random_71,4.0,c003,2.312436103820801,0.375030517578125
random_71,4.0,c045,7.4998884201049805,-0.18733692169189453
random_71,4.0,c046,-1.0624446868896484,-0.06363868713378906
random_71,4.0,c044,10.249540328979492,0.1884021759033203
random_71,4.0,c008,-3.0625,-1.9375
random_71,4.0,c049,2.874998092651367,-1.4999980926513672
random_71,4.0,c013,9.687392234802246,-0.4997262954711914
random_71,4.0,c042,2.6249923706054688,-1.2499828338623047
random_71,4.0,c009,-2.625019073486328,-2.062459945678711
random_71,4.0,c047,0.3122272491455078,-0.6248846054077148
random_71,4.0,c050,0.2493457794189453,-0.9371833801269531
random_71,4.0,c043,-0.37502384185791016,-1.1248703002929688
random_71,4.0,c016,2.4374160766601562,-0.06252288818359375
random_71,4.0,c014,0.6875019073486328,-1.1249866485595703
random_71,4.0,c041,-2.6875619888305664,1.621246337890625e-05
random_71,4.0,c006,0.1248769760131836,-1.186990737915039
random_71,4.0,c039,-3.624908447265625,-1.5626020431518555
random_71,4.0,c017,3.9374704360961914,0.5001277923583984
random_71,4.0,c058,1.2499980926513672,0.9374942779541016
random_71,4.0,c002,2.5624923706054688,0.18750953674316406
random_71,4.0,c024,0.6247949600219727,-0.2499237060546875
random_71,4.0,c023,1.1874980926513672,-0.6874923706054688
random_71,4.0,c022,-0.24999141693115234,-0.3749971389770508
random_71,4.0,c056,1.0613861083984375,-0.5606374740600586
random_72,-1.0,c041,2.1244277954101562,-0.06288528442382812
random_72,-1.0,c006,1.874415397644043,-0.5625829696655273
random_72,-1.0,c039,1.3750009536743164,0.06249523162841797
random_72,-1.0,c017,5.374851226806641,0.3748798370361328
random_72,-1.0,c058,0.8125,0.1875
random_72,-1.0,c002,1.3125123977661133,-0.12497234344482422
random_72,-1.0,c024,-0.3750648498535156,-0.4374828338623047
random_72,-1.0,c023,2.4998207092285156,0.12499618530273438
random_72,-1.0,c022,2.4999160766601562,-0.1874685287475586
random_72,-1.0,c056,0.6186914443969727,-0.11544513702392578
random_72,-1.0,c029,-1.687495231628418,0.06250381469726562
random_72,-1.0,c025,-0.7498703002929688,7.915496826171875e-05
random_72,-1.0,c000,2.6865787506103516,-0.24962711334228516
random_72,-1.0,c036,0.31213855743408203,-0.437408447265625
random_72,-1.0,c020,8.937116622924805,-0.18757057189941406
random_72,-1.0,c011,4.124895095825195,-0.31252098083496094
random_72,-1.0,c003,1.937443733215332,3.814697265625e-05
random_72,-1.0,c045,8.312013626098633,0.6247882843017578
random_72,-1.0,c046,-0.49834442138671875,0.5004615783691406
random_72,-1.0,c044,9.560556411743164,-0.5005817413330078
random_72,-1.0,c008,-1.25,-0.125
random_72,-1.0,c049,4.812496185302734,0.4375
random_72,-1.0,c013,10.061952590942383,-0.1251659393310547
random_72,-1.0,c042,3.5624237060546875,-0.31255149841308594
random_72,-1.0,c009,-0.562525749206543,3.337860107421875e-05
random_72,-1.0,c047,0.8737287521362305,-0.06338310241699219
random_72,-1.0,c050,0.9368829727172852,-0.24964618682861328
random_72,-1.0,c043,0.8121433258056641,0.06229686737060547
random_72,-1.0,c016,2.2499494552612305,-0.24998950958251953
random_72,-1.0,c014,1.999995231628418,0.18750667572021484
random_72,-1.0,c041,-2.687620162963867,-4.1961669921875e-05
random_72,-1.0,c006,1.2494230270385742,-0.06244468688964844
random_72,-1.0,c039,-2.499727249145508,-0.4374208450317383
random_72,-1.0,c017,3.4999256134033203,0.06258296966552734
random_72,-1.0,c058,0.3125,-3.814697265625e-06
random_72,-1.0,c002,2.4374589920043945,0.062476158142089844
random_72,-1.0,c024,0.5621557235717773,-0.3125629425048828
random_72,-1.0,c023,1.8124637603759766,-0.06252670288085938
random_72,-1.0,c022,-0.1875162124633789,-0.31252193450927734
random_72,-1.0,c056,1.8107271194458008,0.1887035369873047
random_72,1.0,c041,2.3123674392700195,0.12505435943603516
random_72,1.0,c006,3.0617408752441406,0.6247425079345703
random_72,1.0,c039,1.8750076293945312,0.5625019073486328
random_72,1.0,c017,5.2499542236328125,0.2499828338623047
random_72,1.0,c058,0.4374980926513672,-0.1875019073486328
random_72,1.0,c002,1.7500123977661133,0.3125276565551758
random_72,1.0,c024,0.12497806549072266,0.0625600814819336
random_72,1.0,c023,1.9998779296875,-0.37494659423828125
random_72,1.0,c022,2.875030517578125,0.18764591217041016
random_72,1.0,c056,0.4891653060913086,-0.24497127532958984
random_72,1.0,c029,-1.8749971389770508,-0.12499809265136719
random_72,1.0,c025,-0.7499055862426758,4.38690185546875e-05
random_72,1.0,c000,3.124112129211426,0.18790626525878906
random_72,1.0,c036,0.8116960525512695,0.0621490478515625
random_72,1.0,c020,8.562174797058105,-0.5625123977661133
random_72,1.0,c011,4.499983787536621,0.06256771087646484
random_72,1.0,c003,2.062422752380371,0.1250171661376953
random_72,1.0,c045,7.437246322631836,-0.24997901916503906
random_72,1.0,c046,-0.3117332458496094,0.68707275390625
random_72,1.0,c044,9.186244010925293,-0.8748941421508789
random_72,1.0,c008,-1.25,-0.125
random_72,1.0,c049,3.999998092651367,-0.3749980926513672
random_72,1.0,c013,9.624748229980469,-0.5623703002929688
random_72,1.0,c042,4.312459945678711,0.4374847412109375
random_72,1.0,c009,-0.25008296966552734,0.31247615814208984
random_72,1.0,c047,0.9370765686035156,-3.528594970703125e-05
random_72,1.0,c050,1.1870107650756836,0.00048160552978515625
random_72,1.0,c043,0.8122940063476562,0.062447547912597656
random_72,1.0,c016,2.499985694885254,4.673004150390625e-05
random_72,1.0,c014,1.8750028610229492,0.0625143051147461
random_72,1.0,c041,-3.062493324279785,-0.37491512298583984
random_72,1.0,c006,1.5622129440307617,0.25034523010253906
random_72,1.0,c039,-1.8748912811279297,0.18741512298583984
random_72,1.0,c017,3.4999427795410156,0.06260013580322266
random_72,1.0,c058,0.4375,0.12499618530273438
random_72,1.0,c002,2.2499895095825195,-0.12499332427978516
random_72,1.0,c024,1.4372901916503906,0.5625715255737305
random_72,1.0,c023,2.12484073638916,0.24985027313232422
random_72,1.0,c022,0.0,-0.12500572204589844
random_72,1.0,c056,2.249116897583008,0.6270933151245117
random_72,-4.0,c041,1.1236305236816406,-1.0636825561523438
random_72,-4.0,c006,1.374751091003418,-1.0622472763061523
random_72,-4.0,c039,0.7500171661376953,-0.5624885559082031
random_72,-4.0,c017,3.5621299743652344,-1.4378414154052734
random_72,-4.0,c058,1.375,0.75
random_72,-4.0,c002,0.5625009536743164,-0.8749837875366211
random_72,-4.0,c024,-0.18764114379882812,-0.2500591278076172
random_72,-4.0,c023,2.124875068664551,-0.24994945526123047
random_72,-4.0,c022,2.1861371994018555,-0.5012474060058594
random_72,-4.0,c056,0.24742698669433594,-0.4867095947265625
random_72,-4.0,c029,-1.7499980926513672,9.5367431640625e-07
random_72,-4.0,c025,-0.2500877380371094,0.4998617172241211
random_72,-4.0,c000,1.748255729675293,-1.1879501342773438
random_72,-4.0,c036,-0.6877460479736328,-1.4372930526733398
random_72,-4.0,c020,8.312002182006836,-0.8126850128173828
random_72,-4.0,c011,2.8749046325683594,-1.5625114440917969
random_72,-4.0,c003,0.43735790252685547,-1.5000476837158203
random_72,-4.0,c045,8.12475299835205,0.4375276565551758
random_72,-4.0,c046,-0.8121919631958008,0.1866140365600586
random_72,-4.0,c044,9.371454238891602,-0.6896839141845703
random_72,-4.0,c008,-0.75,0.375
random_72,-4.0,c049,5.249998092651367,0.8750019073486328
random_72,-4.0,c013,10.749578475952148,0.5624599456787109
random_72,-4.0,c042,2.124828338623047,-1.7501468658447266
random_72,-4.0,c009,-0.6250028610229492,-0.06244373321533203
random_72,-4.0,c047,0.561767578125,-0.37534427642822266
random_72,-4.0,c050,0.43532752990722656,-0.7512016296386719
random_72,-4.0,c043,1.3744134902954102,0.6245670318603516
random_72,-4.0,c016,1.0624103546142578,-1.4375286102294922
random_72,-4.0,c014,2.0624866485595703,0.2499980926513672
random_72,-4.0,c041,-2.126436233520508,0.5611419677734375
random_72,-4.0,c006,0.4996194839477539,-0.8122482299804688
random_72,-4.0,c039,-2.1868715286254883,-0.12456512451171875
random_72,-4.0,c017,2.749746322631836,-0.687596321105957
random_72,-4.0,c058,0.3125019073486328,-1.9073486328125e-06
random_72,-4.0,c002,0.9999818801879883,-1.3750009536743164
random_72,-4.0,c024,0.24847698211669922,-0.6262416839599609
random_72,-4.0,c023,1.562424659729004,-0.31256580352783203
random_72,-4.0,c022,-0.5625095367431641,-0.6875152587890625
random_72,-4.0,c056,1.308828353881836,-0.31319522857666016
random_72,4.0,c041,3.312533378601074,1.1252202987670898
random_72,4.0,c006,3.0623130798339844,0.6253147125244141
random_72,4.0,c039,2.374998092651367,1.0624923706054688
random_72,4.0,c017,4.875014305114746,-0.12495708465576172
random_72,4.0,c058,0.12499809265136719,-0.5000019073486328
random_72,4.0,c002,2.437488555908203,1.0000038146972656
random_72,4.0,c024,1.3126230239868164,1.2502050399780273
random_72,4.0,c023,1.4999408721923828,-0.8748836517333984
random_72,4.0,c022,3.0625972747802734,0.3752126693725586
random_72,4.0,c056,0.871058464050293,0.13692188262939453
random_72,4.0,c029,-1.4375,0.3124990463256836
random_72,4.0,c025,0.3128490447998047,1.0627985000610352
random_72,4.0,c000,2.7499618530273438,-0.18624401092529297
random_72,4.0,c036,1.5001354217529297,0.7505884170532227
random_72,4.0,c020,8.062300682067871,-1.0623865127563477
random_72,4.0,c011,4.562507629394531,0.125091552734375
random_72,4.0,c003,2.1250429153442383,0.1876373291015625
random_72,4.0,c045,6.312256813049316,-1.3749685287475586
random_72,4.0,c046,0.31313419342041016,1.3119401931762695
random_72,4.0,c044,7.749680519104004,-2.311457633972168
random_72,4.0,c008,-1.625,-0.5
random_72,4.0,c049,3.6249942779541016,-0.7500019073486328
random_72,4.0,c013,7.812446594238281,-2.3746719360351562
random_72,4.0,c042,3.5000133514404297,-0.37496185302734375
random_72,4.0,c009,1.1249513626098633,1.6875104904174805
random_72,4.0,c047,0.8125038146972656,-0.12460803985595703
random_72,4.0,c050,1.5000934600830078,0.3135643005371094
random_72,4.0,c043,0.18820571899414062,-0.561640739440918
random_72,4.0,c016,3.1249895095825195,0.6250505447387695
random_72,4.0,c014,1.6250896453857422,-0.18739891052246094
random_72,4.0,c041,-1.8749198913574219,0.8126583099365234
random_72,4.0,c006,1.4372358322143555,0.1253681182861328
random_72,4.0,c039,-0.625,1.4373064041137695
random_72,4.0,c017,3.5000057220458984,0.06266307830810547
random_72,4.0,c058,0.5,0.18749618530273438
random_72,4.0,c002,2.6249990463256836,0.2500162124633789
random_72,4.0,c024,2.6250858306884766,1.7503671646118164
random_72,4.0,c023,1.5001554489135742,-0.3748350143432617
random_72,4.0,c022,0.2500648498535156,0.1250591278076172
random_72,4.0,c056,2.375093460083008,0.7530698776245117
random_73,-1.0,c041,3.3121213912963867,1.1248083114624023
random_73,-1.0,c006,3.1238021850585938,0.6868038177490234
random_73,-1.0,c039,2.500006675720215,1.1875009536743164
random_73,-1.0,c017,5.687414169311523,0.6874427795410156
random_73,-1.0,c058,1.75,1.125
random_73,-1.0,c002,2.1874866485595703,0.7500019073486328
random_73,-1.0,c024,-0.06256389617919922,-0.12498188018798828
random_73,-1.0,c023,3.562056541442871,1.1872320175170898
random_73,-1.0,c022,3.1873111724853516,0.4999265670776367
random_73,-1.0,c056,0.8559741973876953,0.12183761596679688
random_73,-1.0,c029,-1.124995231628418,0.6250038146972656
random_73,-1.0,c025,-0.4374818801879883,0.3124675750732422
random_73,-1.0,c000,3.3108348846435547,0.37462902069091797
random_73,-1.0,c036,0.9992685317993164,0.24972152709960938
random_73,-1.0,c020,9.749409675598145,0.6247224807739258
random_73,-1.0,c011,5.624907493591309,1.1874914169311523
random_73,-1.0,c003,2.31247615814209,0.37507057189941406
random_73,-1.0,c045,9.24868392944336,1.5614585876464844
random_73,-1.0,c046,-0.4347667694091797,0.5640392303466797
random_73,-1.0,c044,10.932950019836426,0.8718118667602539
random_73,-1.0,c008,-0.875,0.25
random_73,-1.0,c049,5.312494277954102,0.9374980926513672
random_73,-1.0,c013,10.56102466583252,0.37390613555908203
random_73,-1.0,c042,4.812276840209961,0.9373016357421875
random_73,-1.0,c009,-0.25004100799560547,0.3125181198120117
random_73,-1.0,c047,2.0618486404418945,1.1247367858886719
random_73,-1.0,c050,1.5607595443725586,0.37423038482666016
random_73,-1.0,c043,1.1248111724853516,0.37496471405029297
random_73,-1.0,c016,2.6249189376831055,0.12497997283935547
random_73,-1.0,c014,2.2499866485595703,0.4374980926513672
random_73,-1.0,c041,-2.5625839233398438,0.12499427795410156
random_73,-1.0,c006,1.936478614807129,0.6246109008789062
random_73,-1.0,c039,-1.6247930526733398,0.4375133514404297
random_73,-1.0,c017,4.312346458435059,0.8750038146972656
random_73,-1.0,c058,0.8125,0.4999961853027344
random_73,-1.0,c002,3.3749313354492188,0.9999485015869141
random_73,-1.0,c024,1.6246776580810547,0.7499589920043945
random_73,-1.0,c023,2.812127113342285,0.9371366500854492
random_73,-1.0,c022,0.37499523162841797,0.24998950958251953
random_73,-1.0,c056,2.8087987899780273,1.1867752075195312
random_73,1.0,c041,1.9373817443847656,-0.24993133544921875
random_73,1.0,c006,1.9373016357421875,-0.4996967315673828
random_73,1.0,c039,1.3749980926513672,0.06249237060546875
random_73,1.0,c017,4.374944686889648,-0.6250267028808594
random_73,1.0,c058,-1.9073486328125e-06,-0.6250019073486328
random_73,1.0,c002,1.2499990463256836,-0.1874856948852539
random_73,1.0,c024,0.06233501434326172,-8.296966552734375e-05
random_73,1.0,c023,1.6872711181640625,-0.6875534057617188
random_73,1.0,c022,2.312479019165039,-0.3749055862426758
random_73,1.0,c056,0.11974716186523438,-0.6143894195556641
random_73,1.0,c029,-2.312493324279785,-0.5624942779541016
random_73,1.0,c025,-0.5622920989990234,0.18765735626220703
random_73,1.0,c000,1.9994869232177734,-0.9367189407348633
random_73,1.0,c036,0.3748626708984375,-0.37468433380126953
random_73,1.0,c020,7.687387466430664,-1.4372997283935547
random_73,1.0,c011,3.562450408935547,-0.8749656677246094
random_73,1.0,c003,1.1874475479125977,-0.7499580383300781
random_73,1.0,c045,6.2498884201049805,-1.4373369216918945
random_73,1.0,c046,-0.8742752075195312,0.12453079223632812
random_73,1.0,c044,8.187005043029785,-1.8741331100463867
random_73,1.0,c008,-1.3125,-0.1875
random_73,1.0,c049,3.4375,-0.9374961853027344
random_73,1.0,c013,8.74980354309082,-1.4373149871826172
random_73,1.0,c042,2.937493324279785,-0.9374818801879883
random_73,1.0,c009,-0.6875486373901367,-0.12498950958251953
random_73,1.0,c047,0.06231975555419922,-0.8747920989990234
random_73,1.0,c050,0.5621728897094727,-0.6243562698364258
random_73,1.0,c043,0.4371175765991211,-0.3127288818359375
random_73,1.0,c016,1.937485694885254,-0.5624532699584961
random_73,1.0,c014,1.4999990463256836,-0.31248950958251953
random_73,1.0,c041,-2.9375219345092773,-0.24994373321533203
random_73,1.0,c006,0.8747386932373047,-0.43712902069091797
random_73,1.0,c039,-2.1873292922973633,-0.12502288818359375
random_73,1.0,c017,2.812485694885254,-0.6248569488525391
random_73,1.0,c058,-0.1875,-0.5000038146972656
random_73,1.0,c002,1.749964714050293,-0.6250181198120117
random_73,1.0,c024,0.43738746643066406,-0.4373311996459961
random_73,1.0,c023,1.3124580383300781,-0.5625324249267578
random_73,1.0,c022,-0.31250572204589844,-0.4375114440917969
random_73,1.0,c056,1.3742685317993164,-0.2477550506591797
random_73,-4.0,c041,5.934836387634277,3.747523307800293
random_73,-4.0,c006,5.743182182312012,3.3061838150024414
random_73,-4.0,c039,4.312499046325684,2.999993324279785
random_73,-4.0,c017,7.936800003051758,2.93682861328125
random_73,-4.0,c058,6.499994277954102,5.874994277954102
random_73,-4.0,c002,5.124937057495117,3.6874523162841797
random_73,-4.0,c024,1.1250572204589844,1.0626392364501953
random_73,-4.0,c023,6.62343692779541,4.248612403869629
random_73,-4.0,c022,5.686890602111816,2.9995059967041016
random_73,-4.0,c056,2.966022491455078,2.2318859100341797
random_73,-4.0,c029,1.4375057220458984,3.187504768371582
random_73,-4.0,c025,0.18756484985351562,0.9375143051147461
random_73,-4.0,c000,5.306766510009766,2.370560646057129
random_73,-4.0,c036,2.3101863861083984,1.5606393814086914
random_73,-4.0,c020,11.80907917022705,2.684391975402832
random_73,-4.0,c011,8.312088966369629,3.8746728897094727
random_73,-4.0,c003,3.874788284301758,1.937382698059082
random_73,-4.0,c045,10.371601104736328,2.684375762939453
random_73,-4.0,c046,1.4473581314086914,2.446164131164551
random_73,-4.0,c044,12.48781967163086,2.4266815185546875
random_73,-4.0,c008,0.25,1.375
random_73,-4.0,c049,8.687491416931152,4.312495231628418
random_73,-4.0,c013,11.747925758361816,1.560807228088379
random_73,-4.0,c042,6.934988975524902,3.060013771057129
random_73,-4.0,c009,0.12497711181640625,0.6875362396240234
random_73,-4.0,c047,5.80815315246582,4.871041297912598
random_73,-4.0,c050,3.804713249206543,2.6181840896606445
random_73,-4.0,c043,3.68759822845459,2.9377517700195312
random_73,-4.0,c016,4.4996442794799805,1.9997053146362305
random_73,-4.0,c014,4.749977111816406,2.937488555908203
random_73,-4.0,c041,-0.6249876022338867,2.0625905990600586
random_73,-4.0,c006,3.99832820892334,2.686460494995117
random_73,-4.0,c039,-0.43747425079345703,1.6248321533203125
random_73,-4.0,c017,7.436395645141602,3.9990530014038086
random_73,-4.0,c058,3.250001907348633,2.937498092651367
random_73,-4.0,c002,5.999866485595703,3.6248836517333984
random_73,-4.0,c024,4.99797248840332,4.12325382232666
random_73,-4.0,c023,5.624020576477051,3.749030113220215
random_73,-4.0,c022,2.250136375427246,2.1251306533813477
random_73,-4.0,c056,3.619974136352539,1.997950553894043
random_73,4.0,c041,0.8124933242797852,-1.3748197555541992
random_73,4.0,c006,0.9374608993530273,-1.499537467956543
random_73,4.0,c039,-0.3124980926513672,-1.6250038146972656
random_73,4.0,c017,2.9374942779541016,-2.0624771118164062
random_73,4.0,c058,-0.9375,-1.5625
random_73,4.0,c002,0.8749971389770508,-0.5624876022338867
random_73,4.0,c024,0.37493324279785156,0.3125152587890625
random_73,4.0,c023,0.562469482421875,-1.8123550415039062
random_73,4.0,c022,1.375,-1.3123846054077148
random_73,4.0,c056,0.24974632263183594,-0.4843902587890625
random_73,4.0,c029,-3.1875,-1.4375009536743164
random_73,4.0,c025,-0.3123779296875,0.43757152557373047
random_73,4.0,c000,0.9374895095825195,-1.9987163543701172
random_73,4.0,c036,-3.147125244140625e-05,-0.7495784759521484
random_73,4.0,c020,6.06246280670166,-3.0622243881225586
random_73,4.0,c011,1.9374980926513672,-2.499917984008789
random_73,4.0,c003,0.3749732971191406,-1.5624322891235352
random_73,4.0,c045,5.124988555908203,-2.562236785888672
random_73,4.0,c046,-0.7489728927612305,0.2498331069946289
random_73,4.0,c044,5.999966621398926,-4.061171531677246
random_73,4.0,c008,-2.25,-1.125
random_73,4.0,c049,3.0,-1.3749961853027344
random_73,4.0,c013,6.8124494552612305,-3.374669075012207
random_73,4.0,c042,1.8124933242797852,-2.0624818801879883
random_73,4.0,c009,-1.374995231628418,-0.8124361038208008
random_73,4.0,c047,-0.18750858306884766,-1.1246204376220703
random_73,4.0,c050,-0.06253433227539062,-1.249063491821289
random_73,4.0,c043,0.12487411499023438,-0.6249723434448242
random_73,4.0,c016,1.6249980926513672,-0.8749408721923828
random_73,4.0,c014,1.1875019073486328,-0.6249866485595703
random_73,4.0,c041,-3.062490463256836,-0.3749122619628906
random_73,4.0,c006,0.3749856948852539,-0.9368820190429688
random_73,4.0,c039,-2.7496862411499023,-0.6873798370361328
random_73,4.0,c017,1.0624971389770508,-2.374845504760742
random_73,4.0,c058,-0.3749980926513672,-0.6875019073486328
random_73,4.0,c002,0.9999837875366211,-1.3749990463256836
random_73,4.0,c024,-0.25002193450927734,-1.1247406005859375
random_73,4.0,c023,0.7500009536743164,-1.1249895095825195
random_73,4.0,c022,-0.9999990463256836,-1.125004768371582
random_73,4.0,c056,0.8123760223388672,-0.8096475601196289
random_74,-1.0,c041,2.562394142150879,0.37508106231689453
random_74,-1.0,c006,2.5622434616088867,0.1252450942993164
random_74,-1.0,c039,1.687504768371582,0.3749990463256836
random_74,-1.0,c017,5.499931335449219,0.49995994567871094
random_74,-1.0,c058,0.7499980926513672,0.12499809265136719
random_74,-1.0,c002,2.000014305114746,0.5625295639038086
random_74,-1.0,c024,0.2500114440917969,0.1875934600830078
random_74,-1.0,c023,2.9372472763061523,0.5624227523803711
random_74,-1.0,c022,3.1249284744262695,0.4375438690185547
random_74,-1.0,c056,0.8504066467285156,0.11627006530761719
random_74,-1.0,c029,-1.5624990463256836,0.1875
random_74,-1.0,c025,-0.6250543594360352,0.12489509582519531
random_74,-1.0,c000,3.061735153198242,0.12552928924560547
random_74,-1.0,c036,0.5618972778320312,-0.18764972686767578
random_74,-1.0,c020,9.37460708618164,0.24991989135742188
random_74,-1.0,c011,4.187468528747559,-0.24994754791259766
random_74,-1.0,c003,2.312344551086426,0.37493896484375
random_74,-1.0,c045,8.624458312988281,0.9372329711914062
random_74,-1.0,c046,-0.8110427856445312,0.18776321411132812
random_74,-1.0,c044,9.934906005859375,-0.12623214721679688
random_74,-1.0,c008,-1.5,-0.375
random_74,-1.0,c049,5.312494277954102,0.9374980926513672
random_74,-1.0,c013,10.49914836883545,0.3120298385620117
random_74,-1.0,c042,4.24995231628418,0.37497711181640625
random_74,-1.0,c009,-0.8750276565551758,-0.3124685287475586
random_74,-1.0,c047,0.9996137619018555,0.06250190734863281
random_74,-1.0,c050,1.3120079040527344,0.12547874450683594
random_74,-1.0,c043,0.8126592636108398,0.06281280517578125
random_74,-1.0,c016,2.6249141693115234,0.12497520446777344
random_74,-1.0,c014,1.687490463256836,-0.12499809265136719
random_74,-1.0,c041,-2.9374961853027344,-0.24991798400878906
random_74,-1.0,c006,1.1871089935302734,-0.12475872039794922
random_74,-1.0,c039,-1.7497882843017578,0.3125181198120117
random_74,-1.0,c017,3.8749046325683594,0.4375619888305664
random_74,-1.0,c058,0.5625019073486328,0.2499980926513672
random_74,-1.0,c002,2.6874685287475586,0.3124856948852539
random_74,-1.0,c024,1.4997196197509766,0.6250009536743164
random_74,-1.0,c023,1.9374885559082031,0.06249809265136719
random_74,-1.0,c022,2.288818359375e-05,-0.12498283386230469
random_74,-1.0,c056,2.247415542602539,0.625391960144043
random_74,1.0,c041,2.1244897842407227,-0.06282329559326172
random_74,1.0,c006,1.8743772506713867,-0.5626211166381836
random_74,1.0,c039,1.6250028610229492,0.3124971389770508
random_74,1.0,c017,4.812433242797852,-0.18753814697265625
random_74,1.0,c058,1.1249961853027344,0.4999961853027344
random_74,1.0,c002,1.0624866485595703,-0.3749980926513672
random_74,1.0,c024,-0.06253528594970703,-0.1249532699584961
random_74,1.0,c023,2.124575614929199,-0.25024890899658203
random_74,1.0,c022,2.562288284301758,-0.12509632110595703
random_74,1.0,c056,0.3672647476196289,-0.36687183380126953
random_74,1.0,c029,-1.812495231628418,-0.062496185302734375
random_74,1.0,c025,-0.37499427795410156,0.3749551773071289
random_74,1.0,c000,2.248687744140625,-0.6875181198120117
random_74,1.0,c036,0.3747262954711914,-0.3748207092285156
random_74,1.0,c020,8.187081336975098,-0.9376058578491211
random_74,1.0,c011,4.499889373779297,0.062473297119140625
random_74,1.0,c003,1.7498998641967773,-0.18750572204589844
random_74,1.0,c045,7.3746843338012695,-0.31254100799560547
random_74,1.0,c046,-0.4359884262084961,0.5628175735473633
random_74,1.0,c044,9.685749053955078,-0.37538909912109375
random_74,1.0,c008,-1.3125,-0.1875
random_74,1.0,c049,3.7499961853027344,-0.625
random_74,1.0,c013,9.186895370483398,-1.000223159790039
random_74,1.0,c042,3.8748645782470703,-0.000110626220703125
random_74,1.0,c009,-0.4375772476196289,0.12498188018798828
random_74,1.0,c047,1.0609760284423828,0.12386417388916016
random_74,1.0,c050,0.8742990493774414,-0.31223011016845703
random_74,1.0,c043,0.6246576309204102,-0.12518882751464844
random_74,1.0,c016,2.000004768371582,-0.49993419647216797
random_74,1.0,c014,2.5624771118164062,0.7499885559082031
random_74,1.0,c041,-2.625041961669922,0.06253623962402344
random_74,1.0,c006,0.8744888305664062,-0.4373788833618164
random_74,1.0,c039,-2.1248273849487305,-0.06252098083496094
random_74,1.0,c017,3.374894142150879,-0.06244850158691406
random_74,1.0,c058,0.125,-0.18750381469726562
random_74,1.0,c002,2.062464714050293,-0.3125181198120117
random_74,1.0,c024,0.9372062683105469,0.06248760223388672
random_74,1.0,c023,2.1873655319213867,0.3123750686645508
random_74,1.0,c022,-0.2500123977661133,-0.3750181198120117
random_74,1.0,c056,1.5607919692993164,-0.06123161315917969
random_74,-4.0,c041,2.812434196472168,0.6251211166381836
random_74,-4.0,c006,3.312410354614258,0.8754119873046875
random_74,-4.0,c039,2.312504768371582,0.9999990463256836
random_74,-4.0,c017,5.687399864196777,0.6874284744262695
random_74,-4.0,c058,2.3749923706054688,1.7499923706054688
random_74,-4.0,c002,3.3124866485595703,1.8750019073486328
random_74,-4.0,c024,0.5623855590820312,0.4999675750732422
random_74,-4.0,c023,4.624902725219727,2.2500782012939453
random_74,-4.0,c022,3.812384605407715,1.125
random_74,-4.0,c056,2.6227684020996094,1.888631820678711
random_74,-4.0,c029,-0.06250381469726562,1.687495231628418
random_74,-4.0,c025,-0.8123874664306641,-0.062438011169433594
random_74,-4.0,c000,3.1867494583129883,0.25054359436035156
random_74,-4.0,c036,0.4372882843017578,-0.3122587203979492
random_74,-4.0,c020,11.87463092803955,2.749943733215332
random_74,-4.0,c011,4.374987602233887,-0.06242847442626953
random_74,-4.0,c003,2.75,0.8125944137573242
random_74,-4.0,c045,9.81181526184082,2.1245899200439453
random_74,-4.0,c046,-0.9368162155151367,0.061989784240722656
random_74,-4.0,c044,10.99901294708252,0.9378747940063477
random_74,-4.0,c008,-0.875,0.25
random_74,-4.0,c049,7.999994277954102,3.624998092651367
random_74,-4.0,c013,11.249159812927246,1.0620412826538086
random_74,-4.0,c042,4.687481880187988,0.8125066757202148
random_74,-4.0,c009,-0.8750381469726562,-0.31247901916503906
random_74,-4.0,c047,1.0625247955322266,0.1254129409790039
random_74,-4.0,c050,1.6241865158081055,0.43765735626220703
random_74,-4.0,c043,-0.12488937377929688,-0.8747358322143555
random_74,-4.0,c016,3.9999380111694336,1.4999990463256836
random_74,-4.0,c014,0.2500190734863281,-1.562469482421875
random_74,-4.0,c041,-2.5624351501464844,0.12514305114746094
random_74,-4.0,c006,2.2498722076416016,0.9380044937133789
random_74,-4.0,c039,-0.5619897842407227,1.5003166198730469
random_74,-4.0,c017,4.3124284744262695,0.8750858306884766
random_74,-4.0,c058,2.75,2.4374961853027344
random_74,-4.0,c002,4.3749589920043945,1.9999761581420898
random_74,-4.0,c024,2.1873579025268555,1.3126392364501953
random_74,-4.0,c023,2.812448501586914,0.9374580383300781
random_74,-4.0,c022,0.5625,0.43749427795410156
random_74,-4.0,c056,2.18503475189209,0.5630111694335938
random_74,4.0,c041,1.4998540878295898,-0.6874589920043945
random_74,4.0,c006,1.8729581832885742,-0.5640401840209961
random_74,4.0,c039,0.6875085830688477,-0.6249971389770508
random_74,4.0,c017,3.4997310638427734,-1.5002403259277344
random_74,4.0,c058,1.4375,0.8125
random_74,4.0,c002,0.43752098083496094,-0.9999637603759766
random_74,4.0,c024,0.3123292922973633,0.24991130828857422
random_74,4.0,c023,1.1245431900024414,-1.2502813339233398
random_74,4.0,c022,1.4998798370361328,-1.187504768371582
random_74,4.0,c056,-0.5696735382080078,-1.3038101196289062
random_74,4.0,c029,-1.5624933242797852,0.18750572204589844
random_74,4.0,c025,0.3124847412109375,1.062434196472168
random_74,4.0,c000,1.6234922409057617,-1.312713623046875
random_74,4.0,c036,-0.37514305114746094,-1.124690055847168
random_74,4.0,c020,7.3747968673706055,-1.7498903274536133
random_74,4.0,c011,3.6247472763061523,-0.8126688003540039
random_74,4.0,c003,0.06232929229736328,-1.8750762939453125
random_74,4.0,c045,6.06227970123291,-1.6249456405639648
random_74,4.0,c046,0.2507333755493164,1.2495393753051758
random_74,4.0,c044,8.810958862304688,-1.2501792907714844
random_74,4.0,c008,-1.875,-0.75
random_74,4.0,c049,2.1249923706054688,-2.2500038146972656
random_74,4.0,c013,8.562023162841797,-1.6250953674316406
random_74,4.0,c042,2.499802589416504,-1.3751726150512695
random_74,4.0,c009,-1.4375629425048828,-0.8750038146972656
random_74,4.0,c047,0.8729248046875,-0.06418704986572266
random_74,4.0,c050,0.6247692108154297,-0.5617599487304688
random_74,4.0,c043,1.0616064071655273,0.31175994873046875
random_74,4.0,c016,0.8749570846557617,-1.6249818801879883
random_74,4.0,c014,2.4999771118164062,0.6874885559082031
random_74,4.0,c041,-1.0627803802490234,1.6247978210449219
random_74,4.0,c006,0.9366922378540039,-0.37517547607421875
random_74,4.0,c039,-2.3748979568481445,-0.312591552734375
random_74,4.0,c017,3.4998397827148438,0.06249713897705078
random_74,4.0,c058,0.5,0.18749618530273438
random_74,4.0,c002,1.0624713897705078,-1.3125114440917969
random_74,4.0,c024,0.8124151229858398,-0.06230354309082031
random_74,4.0,c023,1.9998798370361328,0.12488937377929688
random_74,4.0,c022,0.24994373321533203,0.1249380111694336
random_74,4.0,c056,1.2496309280395508,-0.3723926544189453
random_75,-1.0,c041,2.749542236328125,0.5622291564941406
random_75,-1.0,c006,2.6865129470825195,0.24951457977294922
random_75,-1.0,c039,1.8125019073486328,0.4999961853027344
random_75,-1.0,c017,5.624935150146484,0.6249637603759766
random_75,-1.0,c058,1.5624942779541016,0.9374942779541016
random_75,-1.0,c002,1.8750114440917969,0.4375267028808594
random_75,-1.0,c024,0.31246280670166016,0.2500448226928711
random_75,-1.0,c023,2.9995508193969727,0.6247262954711914
random_75,-1.0,c022,3.0622682571411133,0.37488365173339844
random_75,-1.0,c056,0.733790397644043,-0.00034618377685546875
random_75,-1.0,c029,-1.624995231628418,0.12500381469726562
random_75,-1.0,c025,-0.49983692169189453,0.25011253356933594
random_75,-1.0,c000,2.9982852935791016,0.062079429626464844
random_75,-1.0,c036,0.6868619918823242,-0.06268501281738281
random_75,-1.0,c020,9.186875343322754,0.062188148498535156
random_75,-1.0,c011,4.749849319458008,0.31243324279785156
random_75,-1.0,c003,1.9374771118164062,7.152557373046875e-05
random_75,-1.0,c045,8.249008178710938,0.5617828369140625
random_75,-1.0,c046,-0.31085681915283203,0.6879491806030273
random_75,-1.0,c044,10.05233097076416,-0.008807182312011719
random_75,-1.0,c008,-1.0,0.125
random_75,-1.0,c049,4.499998092651367,0.1250019073486328
random_75,-1.0,c013,10.31202507019043,0.12490653991699219
random_75,-1.0,c042,3.999866485595703,0.12489128112792969
random_75,-1.0,c009,-0.12511730194091797,0.4374418258666992
random_75,-1.0,c047,1.4975299835205078,0.5604181289672852
random_75,-1.0,c050,1.6869688034057617,0.5004396438598633
random_75,-1.0,c043,0.6871395111083984,-0.06270694732666016
random_75,-1.0,c016,2.9374513626098633,0.4375123977661133
random_75,-1.0,c014,2.124990463256836,0.3125019073486328
random_75,-1.0,c041,-2.750033378601074,-0.062455177307128906
random_75,-1.0,c006,1.4995918273925781,0.18772411346435547
random_75,-1.0,c039,-1.624593734741211,0.4377126693725586
random_75,-1.0,c017,3.999833106994629,0.5624904632568359
random_75,-1.0,c058,0.5625019073486328,0.2499980926513672
random_75,-1.0,c002,2.812436103820801,0.4374532699584961
random_75,-1.0,c024,1.9373340606689453,1.0626153945922852
random_75,-1.0,c023,2.4374303817749023,0.5624399185180664
random_75,-1.0,c022,-0.1875019073486328,-0.31250762939453125
random_75,-1.0,c056,2.2466201782226562,0.6245965957641602
random_75,1.0,c041,2.1872682571411133,-4.482269287109375e-05
random_75,1.0,c006,1.8744878768920898,-0.5625104904174805
random_75,1.0,c039,1.9375009536743164,0.624995231628418
random_75,1.0,c017,4.812480926513672,-0.18749046325683594
random_75,1.0,c058,0.12499809265136719,-0.5000019073486328
random_75,1.0,c002,1.3124990463256836,-0.1249856948852539
random_75,1.0,c024,0.12499046325683594,0.06257247924804688
random_75,1.0,c023,1.9373807907104492,-0.43744373321533203
random_75,1.0,c022,2.31243896484375,-0.37494564056396484
random_75,1.0,c056,0.7405405044555664,0.006403923034667969
random_75,1.0,c029,-2.249998092651367,-0.4999990463256836
random_75,1.0,c025,-0.43743324279785156,0.3125162124633789
random_75,1.0,c000,2.4997692108154297,-0.43643665313720703
random_75,1.0,c036,0.4998188018798828,-0.24972820281982422
random_75,1.0,c020,8.31235122680664,-0.8123359680175781
random_75,1.0,c011,4.1874847412109375,-0.24993133544921875
random_75,1.0,c003,1.5000381469726562,-0.43736743927001953
random_75,1.0,c045,7.374749183654785,-0.31247615814208984
random_75,1.0,c046,-1.1242284774780273,-0.12542247772216797
random_75,1.0,c044,8.812006950378418,-1.249131202697754
random_75,1.0,c008,-1.5625,-0.4375
random_75,1.0,c049,3.812498092651367,-0.5624980926513672
random_75,1.0,c013,9.12486743927002,-1.062251091003418
random_75,1.0,c042,3.5624618530273438,-0.3125133514404297
random_75,1.0,c009,-0.6250400543212891,-0.062480926513671875
random_75,1.0,c047,0.37487125396728516,-0.5622406005859375
random_75,1.0,c050,0.9370508193969727,-0.24947834014892578
random_75,1.0,c043,0.7497148513793945,-0.0001316070556640625
random_75,1.0,c016,1.9374580383300781,-0.5624809265136719
random_75,1.0,c014,1.687483787536621,-0.12500476837158203
random_75,1.0,c041,-2.687516212463379,6.198883056640625e-05
random_75,1.0,c006,0.9994878768920898,-0.3123798370361328
random_75,1.0,c039,-1.7499380111694336,0.31236839294433594
random_75,1.0,c017,3.1874217987060547,-0.24992084503173828
random_75,1.0,c058,0.18750381469726562,-0.125
random_75,1.0,c002,2.124993324279785,-0.24998950958251953
random_75,1.0,c024,0.49985408782958984,-0.3748645782470703
random_75,1.0,c023,1.7499885559082031,-0.1250019073486328
random_75,1.0,c022,-0.06251049041748047,-0.1875162124633789
random_75,1.0,c056,1.5604524612426758,-0.06157112121582031
random_75,-4.0,c041,3.372982978820801,1.1856698989868164
random_75,-4.0,c006,2.8738555908203125,0.4368572235107422
random_75,-4.0,c039,1.7500114440917969,0.43750572204589844
random_75,-4.0,c017,6.562071800231934,1.5621004104614258
random_75,-4.0,c058,4.749982833862305,4.124982833862305
random_75,-4.0,c002,2.749979019165039,1.3124942779541016
random_75,-4.0,c024,0.8750476837158203,0.8126296997070312
random_75,-4.0,c023,3.3114871978759766,0.9366626739501953
random_75,-4.0,c022,4.1249284744262695,1.4375438690185547
random_75,-4.0,c056,1.0898714065551758,0.35573482513427734
random_75,-4.0,c029,-0.0624847412109375,1.687514305114746
random_75,-4.0,c025,0.18775177001953125,0.9377012252807617
random_75,-4.0,c000,3.620250701904297,0.6840448379516602
random_75,-4.0,c036,0.3699359893798828,-0.3796110153198242
random_75,-4.0,c020,10.497900009155273,1.3732128143310547
random_75,-4.0,c011,5.312331199645996,0.8749151229858398
random_75,-4.0,c003,2.99957275390625,1.0621671676635742
random_75,-4.0,c045,8.624092102050781,0.9368667602539062
random_75,-4.0,c046,2.054384231567383,3.053190231323242
random_75,-4.0,c044,11.674755096435547,1.613616943359375
random_75,-4.0,c008,0.6875,1.8125
random_75,-4.0,c049,5.437479019165039,1.0624828338623047
random_75,-4.0,c013,10.74516773223877,0.558049201965332
random_75,-4.0,c042,4.874536514282227,0.9995613098144531
random_75,-4.0,c009,0.8749799728393555,1.4375391006469727
random_75,-4.0,c047,2.1829328536987305,1.2458209991455078
random_75,-4.0,c050,2.370455741882324,1.1839265823364258
random_75,-4.0,c043,1.000227928161621,0.2503814697265625
random_75,-4.0,c016,3.5618906021118164,1.0619516372680664
random_75,-4.0,c014,2.9374942779541016,1.1250057220458984
random_75,-4.0,c041,-1.5632600784301758,1.1243181228637695
random_75,-4.0,c006,2.811819076538086,1.4999513626098633
random_75,-4.0,c039,-1.2499303817749023,0.8123760223388672
random_75,-4.0,c017,5.249171257019043,1.81182861328125
random_75,-4.0,c058,1.3125019073486328,0.9999980926513672
random_75,-4.0,c002,4.249798774719238,1.8748159408569336
random_75,-4.0,c024,4.249414443969727,3.3746957778930664
random_75,-4.0,c023,3.0625076293945312,1.1875171661376953
random_75,-4.0,c022,0.18750858306884766,0.06250286102294922
random_75,-4.0,c056,2.1861391067504883,0.5641155242919922
random_75,4.0,c041,1.8124628067016602,-0.3748502731323242
random_75,4.0,c006,1.6874170303344727,-0.7495813369750977
random_75,4.0,c039,1.9999980926513672,0.6874923706054688
random_75,4.0,c017,3.437490463256836,-1.5624809265136719
random_75,4.0,c058,-1.9073486328125e-06,-0.6250019073486328
random_75,4.0,c002,0.9374980926513672,-0.4999866485595703
random_75,4.0,c024,-1.1444091796875e-05,-0.06242942810058594
random_75,4.0,c023,1.1249990463256836,-1.2498254776000977
random_75,4.0,c022,1.6874675750732422,-0.9999170303344727
random_75,4.0,c056,0.30994606018066406,-0.4241905212402344
random_75,4.0,c029,-2.437498092651367,-0.6874990463256836
random_75,4.0,c025,-0.3749246597290039,0.37502479553222656
random_75,4.0,c000,1.8124427795410156,-1.123763084411621
random_75,4.0,c036,0.31249332427978516,-0.4370536804199219
random_75,4.0,c020,6.187419891357422,-2.937267303466797
random_75,4.0,c011,3.5624961853027344,-0.8749198913574219
random_75,4.0,c003,0.8125171661376953,-1.1248884201049805
random_75,4.0,c045,5.499930381774902,-2.1872949600219727
random_75,4.0,c046,-1.1244611740112305,-0.1256551742553711
random_75,4.0,c044,6.499863624572754,-3.561274528503418
random_75,4.0,c008,-1.8125,-0.6875
random_75,4.0,c049,3.3125,-1.0624961853027344
random_75,4.0,c013,7.37496280670166,-2.8121557235717773
random_75,4.0,c042,2.187501907348633,-1.6874732971191406
random_75,4.0,c009,-1.6875057220458984,-1.1249465942382812
random_75,4.0,c047,-0.4374971389770508,-1.3746089935302734
random_75,4.0,c050,-0.31258583068847656,-1.499114990234375
random_75,4.0,c043,0.5623149871826172,-0.1875314712524414
random_75,4.0,c016,1.25,-1.24993896484375
random_75,4.0,c014,1.7500028610229492,-0.062485694885253906
random_75,4.0,c041,-1.9374876022338867,0.7500905990600586
random_75,4.0,c006,-0.06258106231689453,-1.3744487762451172
random_75,4.0,c039,-1.4374923706054688,0.6248140335083008
random_75,4.0,c017,2.1874923706054688,-1.2498502731323242
random_75,4.0,c058,0.625,0.3124961853027344
random_75,4.0,c002,0.9374961853027344,-1.4374866485595703
random_75,4.0,c024,-0.7499885559082031,-1.6247072219848633
random_75,4.0,c023,1.062535285949707,-0.8124551773071289
random_75,4.0,c022,-0.062491416931152344,-0.18749713897705078
random_75,4.0,c056,1.124704360961914,-0.49731922149658203
random_76,-1.0,c041,3.249953269958496,1.0626401901245117
random_76,-1.0,c006,3.1248254776000977,0.6878271102905273
random_76,-1.0,c039,2.5624990463256836,1.2499933242797852
random_76,-1.0,c017,5.437471389770508,0.4375
random_76,-1.0,c058,2.187498092651367,1.5624980926513672
random_76,-1.0,c002,2.375001907348633,0.9375171661376953
random_76,-1.0,c024,0.8123893737792969,0.7499713897705078
random_76,-1.0,c023,3.249958038330078,0.8751335144042969
random_76,-1.0,c022,3.0624685287475586,0.37508392333984375
random_76,-1.0,c056,1.1818695068359375,0.44773292541503906
random_76,-1.0,c029,-1.0624980926513672,0.6875009536743164
random_76,-1.0,c025,-0.12493038177490234,0.6250190734863281
random_76,-1.0,c000,3.4371261596679688,0.500920295715332
random_76,-1.0,c036,1.1873741149902344,0.43782711029052734
random_76,-1.0,c020,9.12480354309082,0.0001163482666015625
random_76,-1.0,c011,5.437465667724609,1.0000495910644531
random_76,-1.0,c003,2.562474250793457,0.6250686645507812
random_76,-1.0,c045,8.124756813049316,0.4375314712524414
random_76,-1.0,c046,-0.061855316162109375,0.93695068359375
random_76,-1.0,c044,10.498697280883789,0.4375591278076172
random_76,-1.0,c008,-0.75,0.375
random_76,-1.0,c049,5.437496185302734,1.0625
random_76,-1.0,c013,10.62474250793457,0.4376239776611328
random_76,-1.0,c042,4.999958038330078,1.1249828338623047
random_76,-1.0,c009,0.49995994567871094,1.0625190734863281
random_76,-1.0,c047,2.062262535095215,1.1251506805419922
random_76,-1.0,c050,1.6873455047607422,0.5008163452148438
random_76,-1.0,c043,1.9369869232177734,1.1871404647827148
random_76,-1.0,c016,3.2499876022338867,0.7500486373901367
random_76,-1.0,c014,3.2499847412109375,1.4374961853027344
random_76,-1.0,c041,-2.062516212463379,0.6250619888305664
random_76,-1.0,c006,2.49984073638916,1.1879730224609375
random_76,-1.0,c039,-0.9998493194580078,1.0624570846557617
random_76,-1.0,c017,4.937412261962891,1.5000696182250977
random_76,-1.0,c058,0.6875019073486328,0.3749980926513672
random_76,-1.0,c002,3.7499847412109375,1.3750019073486328
random_76,-1.0,c024,2.624753952026367,1.750035285949707
random_76,-1.0,c023,2.0624637603759766,0.18747329711914062
random_76,-1.0,c022,0.5625104904174805,0.43750476837158203
random_76,-1.0,c056,2.686905860900879,1.0648822784423828
random_76,1.0,c041,1.499502182006836,-0.6878108978271484
random_76,1.0,c006,1.4359979629516602,-1.0010004043579102
random_76,1.0,c039,0.6875019073486328,-0.6250038146972656
random_76,1.0,c017,4.499892234802246,-0.5000791549682617
random_76,1.0,c058,-0.5,-1.125
random_76,1.0,c002,0.7499904632568359,-0.6874942779541016
random_76,1.0,c024,-0.5626640319824219,-0.6250820159912109
random_76,1.0,c023,1.3743562698364258,-1.0004682540893555
random_76,1.0,c022,2.437257766723633,-0.25012683868408203
random_76,1.0,c056,0.03793621063232422,-0.6962003707885742
random_76,1.0,c029,-2.562495231628418,-0.8124961853027344
random_76,1.0,c025,-1.0625858306884766,-0.3126363754272461
random_76,1.0,c000,1.747842788696289,-1.1883630752563477
random_76,1.0,c036,-0.06295299530029297,-0.8125
random_76,1.0,c020,7.874664306640625,-1.2500228881835938
random_76,1.0,c011,3.749969482421875,-0.6874465942382812
random_76,1.0,c003,1.187234878540039,-0.7501707077026367
random_76,1.0,c045,7.18697452545166,-0.5002508163452148
random_76,1.0,c046,-1.2466611862182617,-0.24785518646240234
random_76,1.0,c044,8.997429847717285,-1.0637083053588867
random_76,1.0,c008,-2.3125,-1.1875
random_76,1.0,c049,3.6874961853027344,-0.6875
random_76,1.0,c013,9.186381340026855,-1.000737190246582
random_76,1.0,c042,2.624948501586914,-1.2500267028808594
random_76,1.0,c009,-1.3751611709594727,-0.8126020431518555
random_76,1.0,c047,-0.0009708404541015625,-0.9380826950073242
random_76,1.0,c050,0.49836063385009766,-0.6881685256958008
random_76,1.0,c043,0.12413787841796875,-0.6257085800170898
random_76,1.0,c016,1.8123846054077148,-0.6875543594360352
random_76,1.0,c014,1.000020980834961,-0.8124675750732422
random_76,1.0,c041,-3.4375572204589844,-0.7499790191650391
random_76,1.0,c006,0.6240558624267578,-0.6878118515014648
random_76,1.0,c039,-2.6869993209838867,-0.6246929168701172
random_76,1.0,c017,2.5624561309814453,-0.8748865127563477
random_76,1.0,c058,-0.1875,-0.5000038146972656
random_76,1.0,c002,1.5624017715454102,-0.8125810623168945
random_76,1.0,c024,-0.2502479553222656,-1.1249666213989258
random_76,1.0,c023,1.5623865127563477,-0.3126039505004883
random_76,1.0,c022,-0.5625019073486328,-0.6875076293945312
random_76,1.0,c056,0.9926567077636719,-0.6293668746948242
random_76,-4.0,c041,5.875005722045898,3.687692642211914
random_76,-4.0,c006,5.437477111816406,3.000478744506836
random_76,-4.0,c039,5.312501907348633,3.9999961853027344
random_76,-4.0,c017,6.749998092651367,1.7500267028808594
random_76,-4.0,c058,6.187498092651367,5.562498092651367
random_76,-4.0,c002,4.999990463256836,3.5625057220458984
random_76,-4.0,c024,2.8124284744262695,2.7500104904174805
random_76,-4.0,c023,4.937500953674316,2.562676429748535
random_76,-4.0,c022,4.375002861022949,1.6876182556152344
random_76,-4.0,c056,2.2501955032348633,1.5160589218139648
random_76,-4.0,c029,1.1875,2.9374990463256836
random_76,-4.0,c025,2.062516212463379,2.8124656677246094
random_76,-4.0,c000,5.375005722045898,2.4387998580932617
random_76,-4.0,c036,3.1249094009399414,2.3753623962402344
random_76,-4.0,c020,11.874828338623047,2.750141143798828
random_76,-4.0,c011,6.624981880187988,2.187565803527832
random_76,-4.0,c003,3.7500085830688477,1.8126029968261719
random_76,-4.0,c045,10.937284469604492,3.250059127807617
random_76,-4.0,c046,2.5625247955322266,3.561330795288086
random_76,-4.0,c044,11.812244415283203,1.7511062622070312
random_76,-4.0,c008,1.4375,2.5625
random_76,-4.0,c049,8.812496185302734,4.4375
random_76,-4.0,c013,11.187355041503906,1.0002365112304688
random_76,-4.0,c042,6.87493896484375,2.9999637603759766
random_76,-4.0,c009,2.687490463256836,3.250049591064453
random_76,-4.0,c047,4.874941825866699,3.9378299713134766
random_76,-4.0,c050,3.31247615814209,2.1259469985961914
random_76,-4.0,c043,5.437334060668945,4.687487602233887
random_76,-4.0,c016,5.250004768371582,2.750065803527832
random_76,-4.0,c014,5.93747615814209,4.124987602233887
random_76,-4.0,c041,1.25,3.9375782012939453
random_76,-4.0,c006,4.249902725219727,2.938035011291504
random_76,-4.0,c039,1.625014305114746,3.6873207092285156
random_76,-4.0,c017,6.499964714050293,3.0626220703125
random_76,-4.0,c058,3.25,2.9374961853027344
random_76,-4.0,c002,5.500002861022949,3.1250200271606445
random_76,-4.0,c024,5.562477111816406,4.687758445739746
random_76,-4.0,c023,3.374940872192383,1.4999504089355469
random_76,-4.0,c022,3.2499876022338867,3.1249818801879883
random_76,-4.0,c056,4.687478065490723,3.0654544830322266
random_76,4.0,c041,-0.4409151077270508,-2.628228187561035
random_76,4.0,c006,0.055756568908691406,-2.381241798400879
random_76,4.0,c039,-1.6874275207519531,-2.9999332427978516
random_76,4.0,c017,2.874908447265625,-2.125062942504883
random_76,4.0,c058,-2.75,-3.375
random_76,4.0,c002,-1.374983787536621,-2.8124685287475586
random_76,4.0,c024,-0.8125467300415039,-0.874964714050293
random_76,4.0,c023,-0.2517433166503906,-2.626567840576172
random_76,4.0,c022,0.8761119842529297,-1.8112726211547852
random_76,4.0,c056,-0.6992721557617188,-1.4334087371826172
random_76,4.0,c029,-4.187505722045898,-2.437506675720215
random_76,4.0,c025,-1.3727951049804688,-0.6228456497192383
random_76,4.0,c000,-0.07191944122314453,-3.0081253051757812
random_76,4.0,c036,-1.3117570877075195,-2.0613040924072266
random_76,4.0,c020,6.249617576599121,-2.8750696182250977
random_76,4.0,c011,0.9999761581420898,-3.4374399185180664
random_76,4.0,c003,-0.5006856918334961,-2.438091278076172
random_76,4.0,c045,5.186534881591797,-2.500690460205078
random_76,4.0,c046,-1.5314064025878906,-0.5326004028320312
random_76,4.0,c044,7.493219375610352,-2.5679187774658203
random_76,4.0,c008,-3.4375,-2.3125
random_76,4.0,c049,1.812483787536621,-2.5625123977661133
random_76,4.0,c013,7.123465538024902,-3.063652992248535
random_76,4.0,c042,-0.12505531311035156,-4.000030517578125
random_76,4.0,c009,-3.1259031295776367,-2.5633440017700195
random_76,4.0,c047,-1.3143272399902344,-2.251439094543457
random_76,4.0,c050,-0.4565620422363281,-1.6430912017822266
random_76,4.0,c043,-1.314286231994629,-2.0641326904296875
random_76,4.0,c016,-0.1876974105834961,-2.687636375427246
random_76,4.0,c014,-1.0624732971191406,-2.8749618530273438
random_76,4.0,c041,-3.812729835510254,-1.1251516342163086
random_76,4.0,c006,-1.439103126525879,-2.7509708404541016
random_76,4.0,c039,-3.4400482177734375,-1.377741813659668
random_76,4.0,c017,0.8749637603759766,-2.5623788833618164
random_76,4.0,c058,-1.3749980926513672,-1.6875019073486328
random_76,4.0,c002,-0.5628767013549805,-2.937859535217285
random_76,4.0,c024,-1.5634288787841797,-2.43814754486084
random_76,4.0,c023,0.6252851486206055,-1.2497053146362305
random_76,4.0,c022,-1.4998893737792969,-1.6248950958251953
random_76,4.0,c056,-0.5716714859008789,-2.193695068359375
random_77,-1.0,c041,2.4995651245117188,0.3122520446777344
random_77,-1.0,c006,2.373898506164551,-0.06309986114501953
random_77,-1.0,c039,1.2500028610229492,-0.06250286102294922
random_77,-1.0,c017,5.312374114990234,0.31240272521972656
random_77,-1.0,c058,0.9374961853027344,0.3124961853027344
random_77,-1.0,c002,1.6250028610229492,0.18751811981201172
random_77,-1.0,c024,0.6248989105224609,0.5624809265136719
random_77,-1.0,c023,2.874709129333496,0.49988460540771484
random_77,-1.0,c022,3.312127113342285,0.6247425079345703
random_77,-1.0,c056,0.41871166229248047,-0.31542491912841797
random_77,-1.0,c029,-1.7499980926513672,9.5367431640625e-07
random_77,-1.0,c025,-0.24957275390625,0.5003767013549805
random_77,-1.0,c000,2.9992218017578125,0.06301593780517578
random_77,-1.0,c036,0.7495689392089844,2.193450927734375e-05
random_77,-1.0,c020,9.249441146850586,0.12475395202636719
random_77,-1.0,c011,4.812450408935547,0.3750343322753906
random_77,-1.0,c003,1.9373788833618164,-2.6702880859375e-05
random_77,-1.0,c045,8.62447452545166,0.9372491836547852
random_77,-1.0,c046,-0.6849584579467773,0.31384754180908203
random_77,-1.0,c044,10.24725341796875,0.18611526489257812
random_77,-1.0,c008,-1.125,0.0
random_77,-1.0,c049,4.624996185302734,0.25
random_77,-1.0,c013,10.561790466308594,0.37467193603515625
random_77,-1.0,c042,3.9374752044677734,0.0625
random_77,-1.0,c009,-0.5001029968261719,0.06245613098144531
random_77,-1.0,c047,1.4988861083984375,0.5617742538452148
random_77,-1.0,c050,1.1245555877685547,-0.06197357177734375
random_77,-1.0,c043,0.8751001358032227,0.12525367736816406
random_77,-1.0,c016,2.74997615814209,0.25003719329833984
random_77,-1.0,c014,1.9374895095825195,0.1250009536743164
random_77,-1.0,c041,-2.375102996826172,0.31247520446777344
random_77,-1.0,c006,1.2491731643676758,-0.06269454956054688
random_77,-1.0,c039,-2.49985408782959,-0.4375476837158203
random_77,-1.0,c017,3.7499523162841797,0.3126096725463867
random_77,-1.0,c058,0.7500019073486328,0.4374980926513672
random_77,-1.0,c002,2.562445640563965,0.18746280670166016
random_77,-1.0,c024,1.499044418334961,0.6243257522583008
random_77,-1.0,c023,2.0624732971191406,0.1874828338623047
random_77,-1.0,c022,-0.06250190734863281,-0.18750762939453125
random_77,-1.0,c056,1.9341344833374023,0.31211090087890625
random_77,1.0,c041,2.3746423721313477,0.18732929229736328
random_77,1.0,c006,2.124736785888672,-0.31226158142089844
random_77,1.0,c039,1.8125,0.49999427795410156
random_77,1.0,c017,4.624948501586914,-0.37502288818359375
random_77,1.0,c058,0.1874980926513672,-0.4375019073486328
random_77,1.0,c002,1.624995231628418,0.18751049041748047
random_77,1.0,c024,-0.2501077651977539,-0.31252574920654297
random_77,1.0,c023,2.3747987747192383,-2.574920654296875e-05
random_77,1.0,c022,2.4373903274536133,-0.24999427795410156
random_77,1.0,c056,0.43244075775146484,-0.3016958236694336
random_77,1.0,c029,-1.937495231628418,-0.18749618530273438
random_77,1.0,c025,-0.8123331069946289,-0.06238365173339844
random_77,1.0,c000,2.124643325805664,-0.8115625381469727
random_77,1.0,c036,0.624699592590332,-0.124847412109375
random_77,1.0,c020,8.624756813049316,-0.49993038177490234
random_77,1.0,c011,4.43742561340332,9.5367431640625e-06
random_77,1.0,c003,1.624983787536621,-0.3124217987060547
random_77,1.0,c045,7.437167167663574,-0.2500581741333008
random_77,1.0,c046,-0.874751091003418,0.1240549087524414
random_77,1.0,c044,9.499030113220215,-0.562108039855957
random_77,1.0,c008,-1.25,-0.125
random_77,1.0,c049,4.124998092651367,-0.2499980926513672
random_77,1.0,c013,9.312250137329102,-0.8748683929443359
random_77,1.0,c042,3.812436103820801,-0.06253910064697266
random_77,1.0,c009,-0.6250476837158203,-0.062488555908203125
random_77,1.0,c047,0.6870641708374023,-0.2500476837158203
random_77,1.0,c050,1.1243782043457031,-0.06215095520019531
random_77,1.0,c043,0.562037467956543,-0.18780899047851562
random_77,1.0,c016,2.187441825866699,-0.3124971389770508
random_77,1.0,c014,2.124985694885254,0.3124971389770508
random_77,1.0,c041,-2.812563896179199,-0.1249856948852539
random_77,1.0,c006,1.3119173049926758,4.9591064453125e-05
random_77,1.0,c039,-1.8748235702514648,0.1874828338623047
random_77,1.0,c017,3.749876022338867,0.3125333786010742
random_77,1.0,c058,0.125,-0.18750381469726562
random_77,1.0,c002,2.4999513626098633,0.1249685287475586
random_77,1.0,c024,0.624873161315918,-0.2498455047607422
random_77,1.0,c023,2.062417984008789,0.18742752075195312
random_77,1.0,c022,-0.37499046325683594,-0.4999961853027344
random_77,1.0,c056,1.811457633972168,0.18943405151367188
random_77,-4.0,c041,2.1871185302734375,-0.000194549560546875
random_77,-4.0,c006,2.8065967559814453,0.369598388671875
random_77,-4.0,c039,0.37503719329833984,-0.9374685287475586
random_77,-4.0,c017,5.312209129333496,0.3122377395629883
random_77,-4.0,c058,2.249998092651367,1.6249980926513672
random_77,-4.0,c002,2.24991512298584,0.8124303817749023
random_77,-4.0,c024,1.8747730255126953,1.8123550415039062
random_77,-4.0,c023,2.5001697540283203,0.12534523010253906
random_77,-4.0,c022,3.3752899169921875,0.6879053115844727
random_77,-4.0,c056,1.7774648666381836,1.0433282852172852
random_77,-4.0,c029,-0.6874990463256836,1.0625
random_77,-4.0,c025,0.9997844696044922,1.7497339248657227
random_77,-4.0,c000,2.748563766479492,-0.18764209747314453
random_77,-4.0,c036,0.93353271484375,0.18398571014404297
random_77,-4.0,c020,10.121950149536133,0.9972629547119141
random_77,-4.0,c011,4.562374114990234,0.12495803833007812
random_77,-4.0,c003,1.6247215270996094,-0.3126840591430664
random_77,-4.0,c045,8.124146461486816,0.4369211196899414
random_77,-4.0,c046,-0.24926280975341797,0.7495431900024414
random_77,-4.0,c044,9.618093490600586,-0.44304466247558594
random_77,-4.0,c008,-1.3124980926513672,-0.1874980926513672
random_77,-4.0,c049,4.312471389770508,-0.06252479553222656
random_77,-4.0,c013,9.686675071716309,-0.5004434585571289
random_77,-4.0,c042,4.624926567077637,0.7499513626098633
random_77,-4.0,c009,0.31244754791259766,0.8750066757202148
random_77,-4.0,c047,1.8743486404418945,0.9372367858886719
random_77,-4.0,c050,1.4366140365600586,0.25008487701416016
random_77,-4.0,c043,1.4933338165283203,0.7434873580932617
random_77,-4.0,c016,2.9995689392089844,0.4996299743652344
random_77,-4.0,c014,2.1249732971191406,0.3124847412109375
random_77,-4.0,c041,-1.562727928161621,1.1248502731323242
random_77,-4.0,c006,1.497838020324707,0.18597030639648438
random_77,-4.0,c039,-2.7477264404296875,-0.685420036315918
random_77,-4.0,c017,3.4999265670776367,0.06258392333984375
random_77,-4.0,c058,1.9375057220458984,1.6250019073486328
random_77,-4.0,c002,1.8748655319213867,-0.500117301940918
random_77,-4.0,c024,2.8081302642822266,1.9334115982055664
random_77,-4.0,c023,2.5624942779541016,0.6875038146972656
random_77,-4.0,c022,1.749985694885254,1.6249799728393555
random_77,-4.0,c056,2.430933952331543,0.8089103698730469
random_77,4.0,c041,2.1249217987060547,-0.06239128112792969
random_77,4.0,c006,1.8749666213989258,-0.5620317459106445
random_77,4.0,c039,2.000002861022949,0.6874971389770508
random_77,4.0,c017,3.6874752044677734,-1.3124961853027344
random_77,4.0,c058,-0.5000019073486328,-1.1250019073486328
random_77,4.0,c002,1.499990463256836,0.06250572204589844
random_77,4.0,c024,-1.0626220703125,-1.125040054321289
random_77,4.0,c023,1.8123674392700195,-0.5624570846557617
random_77,4.0,c022,1.374948501586914,-1.3124361038208008
random_77,4.0,c056,-0.1895923614501953,-0.9237289428710938
random_77,4.0,c029,-2.374998092651367,-0.6249990463256836
random_77,4.0,c025,-1.7497997283935547,-0.9998502731323242
random_77,4.0,c000,1.9372167587280273,-0.9989891052246094
random_77,4.0,c036,0.2495870590209961,-0.49995994567871094
random_77,4.0,c020,7.187258720397949,-1.9374284744262695
random_77,4.0,c011,3.5624332427978516,-0.8749828338623047
random_77,4.0,c003,0.9374399185180664,-0.9999656677246094
random_77,4.0,c045,6.312142372131348,-1.3750829696655273
random_77,4.0,c046,0.43776702880859375,1.4365730285644531
random_77,4.0,c044,8.62411880493164,-1.4370193481445312
random_77,4.0,c008,-1.5,-0.375
random_77,4.0,c049,2.375,-1.9999961853027344
random_77,4.0,c013,8.124405860900879,-2.0627126693725586
random_77,4.0,c042,2.812410354614258,-1.0625648498535156
random_77,4.0,c009,-0.6250267028808594,-0.06246757507324219
random_77,4.0,c047,1.2497835159301758,0.3126716613769531
random_77,4.0,c050,1.1242494583129883,-0.062279701232910156
random_77,4.0,c043,0.8123855590820312,0.06253910064697266
random_77,4.0,c016,2.124941825866699,-0.3749971389770508
random_77,4.0,c014,2.3124818801879883,0.49999332427978516
random_77,4.0,c041,-2.625056266784668,0.06252193450927734
random_77,4.0,c006,1.3747978210449219,0.06293010711669922
random_77,4.0,c039,-1.1874303817749023,0.8748760223388672
random_77,4.0,c017,3.499789237976074,0.06244659423828125
random_77,4.0,c058,-1.375,-1.6875038146972656
random_77,4.0,c002,2.7499608993530273,0.37497806549072266
random_77,4.0,c024,-0.0001010894775390625,-0.8748197555541992
random_77,4.0,c023,1.312368392944336,-0.5626220703125
random_77,4.0,c022,-0.8750267028808594,-1.0000324249267578
random_77,4.0,c056,1.499734878540039,-0.12228870391845703
random_78,-1.0,c041,2.8745651245117188,0.6872520446777344
random_78,-1.0,c006,2.374540328979492,-0.062458038330078125
random_78,-1.0,c039,1.9375028610229492,0.6249971389770508
random_78,-1.0,c017,4.749970436096191,-0.2500009536743164
random_78,-1.0,c058,1.0,0.375
random_78,-1.0,c002,1.3749980926513672,-0.06248664855957031
random_78,-1.0,c024,0.37488842010498047,0.3124704360961914
random_78,-1.0,c023,2.8123817443847656,0.4375572204589844
random_78,-1.0,c022,2.99993896484375,0.31255435943603516
random_78,-1.0,c056,0.6155576705932617,-0.11857891082763672
random_78,-1.0,c029,-1.5625,0.1874990463256836
random_78,-1.0,c025,-0.3748321533203125,0.37511730194091797
random_78,-1.0,c000,2.9365367889404297,0.00033092498779296875
random_78,-1.0,c036,0.9372291564941406,0.1876821517944336
random_78,-1.0,c020,8.874736785888672,-0.24995040893554688
random_78,-1.0,c011,5.124959945678711,0.6875438690185547
random_78,-1.0,c003,2.187472343444824,0.25006675720214844
random_78,-1.0,c045,8.124713897705078,0.4374885559082031
random_78,-1.0,c046,-0.9372034072875977,0.06160259246826172
random_78,-1.0,c044,9.873425483703613,-0.1877126693725586
random_78,-1.0,c008,-1.1875,-0.0625
random_78,-1.0,c049,5.562498092651367,1.1875019073486328
random_78,-1.0,c013,10.061962127685547,-0.12515640258789062
random_78,-1.0,c042,4.062433242797852,0.18745803833007812
random_78,-1.0,c009,-0.37502193450927734,0.18753719329833984
random_78,-1.0,c047,1.1247673034667969,0.18765544891357422
random_78,-1.0,c050,1.1869535446166992,0.00042438507080078125
random_78,-1.0,c043,1.2498435974121094,0.4999971389770508
random_78,-1.0,c016,2.374936103820801,-0.12500286102294922
random_78,-1.0,c014,2.749997138977051,0.9375085830688477
random_78,-1.0,c041,-1.9375314712524414,0.7500467300415039
random_78,-1.0,c006,1.437178611755371,0.12531089782714844
random_78,-1.0,c039,-1.6874055862426758,0.37490081787109375
random_78,-1.0,c017,3.6249208450317383,0.1875782012939453
random_78,-1.0,c058,0.6875,0.3749961853027344
random_78,-1.0,c002,2.437471389770508,0.062488555908203125
random_78,-1.0,c024,1.8118867874145508,0.9371681213378906
random_78,-1.0,c023,2.24991512298584,0.3749246597290039
random_78,-1.0,c022,0.4374980926513672,0.31249237060546875
random_78,-1.0,c056,2.062069892883301,0.4400463104248047
random_78,1.0,c041,1.6871490478515625,-0.5001640319824219
random_78,1.0,c006,2.3745603561401367,-0.062438011169433594
random_78,1.0,c039,1.6250104904174805,0.31250476837158203
random_78,1.0,c017,4.937370300292969,-0.06260108947753906
random_78,1.0,c058,0.3124961853027344,-0.3125038146972656
random_78,1.0,c002,1.7499971389770508,0.3125123977661133
random_78,1.0,c024,-6.008148193359375e-05,-0.062478065490722656
random_78,1.0,c023,1.8120412826538086,-0.5627832412719727
random_78,1.0,c022,2.6249008178710938,-0.062483787536621094
random_78,1.0,c056,0.16472816467285156,-0.5694084167480469
random_78,1.0,c029,-2.3749771118164062,-0.6249780654907227
random_78,1.0,c025,-0.7498302459716797,0.00011920928955078125
random_78,1.0,c000,2.623946189880371,-0.3122596740722656
random_78,1.0,c036,-0.12560367584228516,-0.8751506805419922
random_78,1.0,c020,8.499625205993652,-0.6250619888305664
random_78,1.0,c011,4.187433242797852,-0.2499828338623047
random_78,1.0,c003,1.6874446868896484,-0.24996089935302734
random_78,1.0,c045,7.374335289001465,-0.31289005279541016
random_78,1.0,c046,-0.24965286254882812,0.7491531372070312
random_78,1.0,c044,9.247559547424316,-0.8135786056518555
random_78,1.0,c008,-2.0625,-0.9375
random_78,1.0,c049,3.374998092651367,-0.9999980926513672
random_78,1.0,c013,9.811952590942383,-0.3751659393310547
random_78,1.0,c042,3.4999656677246094,-0.37500953674316406
random_78,1.0,c009,-0.9375705718994141,-0.3750114440917969
random_78,1.0,c047,0.6863842010498047,-0.25072765350341797
random_78,1.0,c050,0.9990549087524414,-0.18747425079345703
random_78,1.0,c043,0.4368095397949219,-0.3130369186401367
random_78,1.0,c016,2.1874170303344727,-0.31252193450927734
random_78,1.0,c014,1.2500104904174805,-0.5624780654907227
random_78,1.0,c041,-3.7500314712524414,-1.062453269958496
random_78,1.0,c006,1.3116636276245117,-0.0002040863037109375
random_78,1.0,c039,-2.3120689392089844,-0.24976253509521484
random_78,1.0,c017,3.4373064041137695,-3.62396240234375e-05
random_78,1.0,c058,-0.8749980926513672,-1.1875019073486328
random_78,1.0,c002,2.187474250793457,-0.18750858306884766
random_78,1.0,c024,0.18723773956298828,-0.6874809265136719
random_78,1.0,c023,1.5625238418579102,-0.3124666213989258
random_78,1.0,c022,-0.9374971389770508,-1.0625028610229492
random_78,1.0,c056,1.6205368041992188,-0.0014867782592773438
random_78,-4.0,c041,2.8123321533203125,0.6250190734863281
random_78,-4.0,c006,2.6245718002319336,0.18757343292236328
random_78,-4.0,c039,2.4999961853027344,1.187490463256836
random_78,-4.0,c017,4.18743896484375,-0.8125324249267578
random_78,-4.0,c058,2.062498092651367,1.4374980926513672
random_78,-4.0,c002,1.500035285949707,0.06255054473876953
random_78,-4.0,c024,1.0624628067016602,1.000044822692871
random_78,-4.0,c023,3.37493896484375,1.0001144409179688
random_78,-4.0,c022,2.1249513626098633,-0.5624332427978516
random_78,-4.0,c056,1.5573406219482422,0.8232040405273438
random_78,-4.0,c029,0.4999961853027344,2.249995231628418
random_78,-4.0,c025,0.1876688003540039,0.9376182556152344
random_78,-4.0,c000,2.3739843368530273,-0.5622215270996094
random_78,-4.0,c036,0.9996452331542969,0.25009822845458984
random_78,-4.0,c020,9.374893188476562,0.25020599365234375
random_78,-4.0,c011,3.937488555908203,-0.4999275207519531
random_78,-4.0,c003,1.5624427795410156,-0.37496280670166016
random_78,-4.0,c045,7.437349319458008,-0.2498760223388672
random_78,-4.0,c046,0.06361675262451172,1.062422752380371
random_78,-4.0,c044,9.249640464782715,-0.811497688293457
random_78,-4.0,c008,0.0,1.125
random_78,-4.0,c049,6.499998092651367,2.125001907348633
random_78,-4.0,c013,9.18717098236084,-0.9999475479125977
random_78,-4.0,c042,3.937458038330078,0.06248283386230469
random_78,-4.0,c009,0.31249427795410156,0.8750534057617188
random_78,-4.0,c047,0.9374856948852539,0.00037384033203125
random_78,-4.0,c050,1.0616741180419922,-0.12485504150390625
random_78,-4.0,c043,1.8748760223388672,1.1250295639038086
random_78,-4.0,c016,2.4999895095825195,5.054473876953125e-05
random_78,-4.0,c014,3.375030517578125,1.5625419616699219
random_78,-4.0,c041,0.6249723434448242,3.3125505447387695
random_78,-4.0,c006,1.6868438720703125,0.37497615814208984
random_78,-4.0,c039,-0.18742656707763672,1.8748798370361328
random_78,-4.0,c017,2.4999494552612305,-0.9373931884765625
random_78,-4.0,c058,2.0625,1.7499961853027344
random_78,-4.0,c002,1.9374799728393555,-0.4375028610229492
random_78,-4.0,c024,3.18680477142334,2.3120861053466797
random_78,-4.0,c023,3.187541961669922,1.312551498413086
random_78,-4.0,c022,2.2499780654907227,2.124972343444824
random_78,-4.0,c056,2.999547004699707,1.377523422241211
random_78,4.0,c041,0.3765220642089844,-1.810791015625
random_78,4.0,c006,1.3124322891235352,-1.1245660781860352
random_78,4.0,c039,0.18762874603271484,-1.1248769760131836
random_78,4.0,c017,2.9998998641967773,-2.0000715255737305
random_78,4.0,c058,-0.8125066757202148,-1.4375066757202148
random_78,4.0,c002,1.1250829696655273,-0.31240177154541016
random_78,4.0,c024,-0.6879100799560547,-0.7503280639648438
random_78,4.0,c023,-0.5627269744873047,-2.937551498413086
random_78,4.0,c022,1.7555513381958008,-0.9318332672119141
random_78,4.0,c056,-0.5693540573120117,-1.3034906387329102
random_78,4.0,c029,-3.874950408935547,-2.1249513626098633
random_78,4.0,c025,-1.1248035430908203,-0.37485408782958984
random_78,4.0,c000,1.564920425415039,-1.3712854385375977
random_78,4.0,c036,-0.8776521682739258,-1.6271991729736328
random_78,4.0,c020,5.874460220336914,-3.2502269744873047
random_78,4.0,c011,1.8124418258666992,-2.624974250793457
random_78,4.0,c003,0.31339359283447266,-1.6240119934082031
random_78,4.0,c045,4.936383247375488,-2.7508420944213867
random_78,4.0,c046,0.11593818664550781,1.1147441864013672
random_78,4.0,c044,6.933685302734375,-3.127452850341797
random_78,4.0,c008,-3.937498092651367,-2.812498092651367
random_78,4.0,c049,0.562495231628418,-3.8125009536743164
random_78,4.0,c013,7.872878074645996,-2.3142404556274414
random_78,4.0,c042,1.2499399185180664,-2.625035285949707
random_78,4.0,c009,-1.9378318786621094,-1.3752727508544922
random_78,4.0,c047,-0.19039154052734375,-1.1275033950805664
random_78,4.0,c050,-0.3133811950683594,-1.4999103546142578
random_78,4.0,c043,-1.0930604934692383,-1.8429069519042969
random_78,4.0,c016,0.9377803802490234,-1.5621585845947266
random_78,4.0,c014,-0.1250143051147461,-1.9375028610229492
random_78,4.0,c041,-4.7515716552734375,-2.063993453979492
random_78,4.0,c006,0.24967575073242188,-1.0621919631958008
random_78,4.0,c039,-3.186772346496582,-1.1244659423828125
random_78,4.0,c017,1.999826431274414,-1.437516212463379
random_78,4.0,c058,-2.874998092651367,-3.187501907348633
random_78,4.0,c002,0.5626296997070312,-1.8123531341552734
random_78,4.0,c024,-1.1876277923583984,-2.0623464584350586
random_78,4.0,c023,0.18700408935546875,-1.6879863739013672
random_78,4.0,c022,-2.624812126159668,-2.7498178482055664
random_78,4.0,c056,0.20177650451660156,-1.4202470779418945
random_79,-1.0,c041,2.6873998641967773,0.500086784362793
random_79,-1.0,c006,2.124884605407715,-0.31211376190185547
random_79,-1.0,c039,1.5000028610229492,0.18749713897705078
random_79,-1.0,c017,5.312469482421875,0.3124980926513672
random_79,-1.0,c058,0.7499980926513672,0.12499809265136719
random_79,-1.0,c002,1.375004768371582,-0.06247997283935547
random_79,-1.0,c024,0.18739891052246094,0.12498092651367188
random_79,-1.0,c023,2.7498693466186523,0.3750448226928711
random_79,-1.0,c022,2.687410354614258,2.574920654296875e-05
random_79,-1.0,c056,0.2409505844116211,-0.49318599700927734
random_79,-1.0,c029,-1.7499980926513672,9.5367431640625e-07
random_79,-1.0,c025,-0.24985885620117188,0.5000905990600586
random_79,-1.0,c000,2.7494163513183594,-0.18678951263427734
random_79,-1.0,c036,0.624821662902832,-0.124725341796875
random_79,-1.0,c020,9.187202453613281,0.0625152587890625
random_79,-1.0,c011,4.624985694885254,0.18756961822509766
random_79,-1.0,c003,2.0624561309814453,0.12505054473876953
random_79,-1.0,c045,8.249679565429688,0.5624542236328125
random_79,-1.0,c046,-0.4983663558959961,0.5004396438598633
random_79,-1.0,c044,10.061402320861816,0.00026416778564453125
random_79,-1.0,c008,-0.9375,0.1875
random_79,-1.0,c049,5.312496185302734,0.9375
random_79,-1.0,c013,10.624574661254883,0.4374561309814453
random_79,-1.0,c042,3.8124523162841797,-0.06252288818359375
random_79,-1.0,c009,0.18747711181640625,0.7500362396240234
random_79,-1.0,c047,0.9370737075805664,-3.814697265625e-05
random_79,-1.0,c050,1.2493362426757812,0.06280708312988281
random_79,-1.0,c043,0.8123455047607422,0.062499046325683594
random_79,-1.0,c016,2.7499799728393555,0.25004100799560547
random_79,-1.0,c014,2.125,0.3125114440917969
random_79,-1.0,c041,-2.375032424926758,0.3125457763671875
random_79,-1.0,c006,1.2497825622558594,-0.06208515167236328
random_79,-1.0,c039,-1.6248807907104492,0.4374256134033203
random_79,-1.0,c017,3.1874208450317383,-0.2499217987060547
random_79,-1.0,c058,0.8125,0.4999961853027344
random_79,-1.0,c002,2.624985694885254,0.2500028610229492
random_79,-1.0,c024,0.9999427795410156,0.12522411346435547
random_79,-1.0,c023,2.000020980834961,0.125030517578125
random_79,-1.0,c022,-0.1874990463256836,-0.31250476837158203
random_79,-1.0,c056,2.1238651275634766,0.5018415451049805
random_79,1.0,c041,1.8743600845336914,-0.31295299530029297
random_79,1.0,c006,2.2477989196777344,-0.18919944763183594
random_79,1.0,c039,1.3750028610229492,0.06249713897705078
random_79,1.0,c017,5.0624237060546875,0.06245231628417969
random_79,1.0,c058,0.8125,0.1875
random_79,1.0,c002,1.2499961853027344,-0.18748855590820312
random_79,1.0,c024,-0.12535476684570312,-0.1877727508544922
random_79,1.0,c023,2.4996299743652344,0.12480545043945312
random_79,1.0,c022,2.624967575073242,-0.062417030334472656
random_79,1.0,c056,0.6200017929077148,-0.1141347885131836
random_79,1.0,c029,-2.187495231628418,-0.4374961853027344
random_79,1.0,c025,-0.7498502731323242,9.918212890625e-05
random_79,1.0,c000,2.686224937438965,-0.24998092651367188
random_79,1.0,c036,0.6245937347412109,-0.1249532699584961
random_79,1.0,c020,8.562032699584961,-0.5626544952392578
random_79,1.0,c011,4.312422752380371,-0.12499332427978516
random_79,1.0,c003,1.4999160766601562,-0.43748950958251953
random_79,1.0,c045,6.999678611755371,-0.6875467300415039
random_79,1.0,c046,-0.6869325637817383,0.3118734359741211
random_79,1.0,c044,9.248310089111328,-0.8128280639648438
random_79,1.0,c008,-1.5,-0.375
random_79,1.0,c049,3.2499961853027344,-1.125
random_79,1.0,c013,8.874584197998047,-1.3125343322753906
random_79,1.0,c042,3.624943733215332,-0.2500314712524414
random_79,1.0,c009,-1.1251182556152344,-0.5625591278076172
random_79,1.0,c047,1.061244010925293,0.12413215637207031
random_79,1.0,c050,0.8743209838867188,-0.3122081756591797
random_79,1.0,c043,1.0621414184570312,0.31229496002197266
random_79,1.0,c016,2.3749427795410156,-0.12499618530273438
random_79,1.0,c014,2.12497615814209,0.3124876022338867
random_79,1.0,c041,-3.125101089477539,-0.43752288818359375
random_79,1.0,c006,1.1242036819458008,-0.18766403198242188
random_79,1.0,c039,-2.7497053146362305,-0.6873989105224609
random_79,1.0,c017,3.562328338623047,0.1249856948852539
random_79,1.0,c058,-0.2499980926513672,-0.5625019073486328
random_79,1.0,c002,1.9999628067016602,-0.37502002716064453
random_79,1.0,c024,1.1241493225097656,0.24943065643310547
random_79,1.0,c023,1.6874017715454102,-0.18758869171142578
random_79,1.0,c022,-0.06250286102294922,-0.18750858306884766
random_79,1.0,c056,1.4960699081420898,-0.12595367431640625
random_79,-4.0,c041,4.000001907348633,1.8126888275146484
random_79,-4.0,c006,3.249983787536621,0.8129854202270508
random_79,-4.0,c039,1.6250066757202148,0.3125009536743164
random_79,-4.0,c017,6.124996185302734,1.1250247955322266
random_79,-4.0,c058,1.5,0.875
random_79,-4.0,c002,2.3125038146972656,0.8750190734863281
random_79,-4.0,c024,1.5624942779541016,1.5000762939453125
random_79,-4.0,c023,3.562495231628418,1.1876707077026367
random_79,-4.0,c022,3.312498092651367,0.6251134872436523
random_79,-4.0,c056,1.5000019073486328,0.7658653259277344
random_79,-4.0,c029,-0.25,1.4999990463256836
random_79,-4.0,c025,1.2500247955322266,1.999974250793457
random_79,-4.0,c000,3.87493896484375,0.9387331008911133
random_79,-4.0,c036,0.8125085830688477,0.06296157836914062
random_79,-4.0,c020,11.124881744384766,2.000194549560547
random_79,-4.0,c011,4.93748664855957,0.5000705718994141
random_79,-4.0,c003,2.6874942779541016,0.7500886917114258
random_79,-4.0,c045,10.187318801879883,2.500093460083008
random_79,-4.0,c046,1.2502250671386719,2.2490310668945312
random_79,-4.0,c044,11.624882698059082,1.5637445449829102
random_79,-4.0,c008,-0.1875,0.9375
random_79,-4.0,c049,7.062498092651367,2.687501907348633
random_79,-4.0,c013,12.062237739562988,1.8751192092895508
random_79,-4.0,c042,4.249983787536621,0.37500858306884766
random_79,-4.0,c009,1.3749876022338867,1.937546730041504
random_79,-4.0,c047,1.4374818801879883,0.5003700256347656
random_79,-4.0,c050,2.2497596740722656,1.0632305145263672
random_79,-4.0,c043,0.8124866485595703,0.06264019012451172
random_79,-4.0,c016,3.7499923706054688,1.2500534057617188
random_79,-4.0,c014,1.6875076293945312,-0.12498092651367188
random_79,-4.0,c041,-1.3124942779541016,1.3750839233398438
random_79,-4.0,c006,1.1248865127563477,-0.186981201171875
random_79,-4.0,c039,0.6250247955322266,2.687331199645996
random_79,-4.0,c017,3.250002861022949,-0.18733978271484375
random_79,-4.0,c058,1.375,1.0624961853027344
random_79,-4.0,c002,4.25,1.8750171661376953
random_79,-4.0,c024,2.4374942779541016,1.5627756118774414
random_79,-4.0,c023,3.749995231628418,1.875004768371582
random_79,-4.0,c022,1.0625104904174805,0.937504768371582
random_79,-4.0,c056,3.1875076293945312,1.5654840469360352
random_79,4.0,c041,0.6236352920532227,-1.5636777877807617
random_79,4.0,c006,1.7501335144042969,-0.6868648529052734
random_79,4.0,c039,0.12507343292236328,-1.1874322891235352
random_79,4.0,c017,3.749772071838379,-1.250199317932129
random_79,4.0,c058,0.25,-0.375
random_79,4.0,c002,1.3749675750732422,-0.06251716613769531
random_79,4.0,c024,-0.18779754638671875,-0.2502155303955078
random_79,4.0,c023,0.8121252059936523,-1.562699317932129
random_79,4.0,c022,1.6240787506103516,-1.0633058547973633
random_79,4.0,c056,0.6409482955932617,-0.09318828582763672
random_79,4.0,c029,-3.624990463256836,-1.8749914169311523
random_79,4.0,c025,-0.874232292175293,-0.1242828369140625
random_79,4.0,c000,1.567378044128418,-1.3688278198242188
random_79,4.0,c036,0.0606842041015625,-0.6888628005981445
random_79,4.0,c020,6.498945236206055,-2.625741958618164
random_79,4.0,c011,2.936894416809082,-1.5005216598510742
random_79,4.0,c003,0.0622711181640625,-1.8751344680786133
random_79,4.0,c045,5.374197006225586,-2.313028335571289
random_79,4.0,c046,-1.25634765625,-0.2575416564941406
random_79,4.0,c044,6.431755065917969,-3.629383087158203
random_79,4.0,c008,-3.249998092651367,-2.124998092651367
random_79,4.0,c049,1.0624933242797852,-3.312502861022949
random_79,4.0,c013,6.874276161193848,-3.31284236907959
random_79,4.0,c042,2.249539375305176,-1.6254358291625977
random_79,4.0,c009,-2.187558174133301,-1.6249990463256836
random_79,4.0,c047,0.997828483581543,0.06071662902832031
random_79,4.0,c050,0.31165409088134766,-0.8748750686645508
random_79,4.0,c043,0.688603401184082,-0.06124305725097656
random_79,4.0,c016,1.7498540878295898,-0.7500848770141602
random_79,4.0,c014,1.8746623992919922,0.06217384338378906
random_79,4.0,c041,-3.00028133392334,-0.31270313262939453
random_79,4.0,c006,1.5607528686523438,0.2488851547241211
random_79,4.0,c039,-2.684842109680176,-0.6225357055664062
random_79,4.0,c017,3.249709129333496,-0.18763351440429688
random_79,4.0,c058,-1.5,-1.8125038146972656
random_79,4.0,c002,1.1872262954711914,-1.1877565383911133
random_79,4.0,c024,0.5613555908203125,-0.31336307525634766
random_79,4.0,c023,1.1242036819458008,-0.7507867813110352
random_79,4.0,c022,-0.813075065612793,-0.9380807876586914
random_79,4.0,c056,1.1177129745483398,-0.5043106079101562
random_80,-1.0,c041,1.6249465942382812,-0.5623664855957031
random_80,-1.0,c006,1.6248903274536133,-0.812108039855957
random_80,-1.0,c039,0.6875028610229492,-0.6250028610229492
random_80,-1.0,c017,4.5624847412109375,-0.4374866485595703
random_80,-1.0,c058,0.3124980926513672,-0.3125019073486328
random_80,-1.0,c002,1.0624961853027344,-0.3749885559082031
random_80,-1.0,c024,-0.3125333786010742,-0.3749513626098633
random_80,-1.0,c023,1.999861717224121,-0.37496280670166016
random_80,-1.0,c022,2.312469482421875,-0.37491512298583984
random_80,-1.0,c056,-0.0025501251220703125,-0.7366867065429688
random_80,-1.0,c029,-2.062497138977051,-0.3124980926513672
random_80,-1.0,c025,-0.9374723434448242,-0.18752288818359375
random_80,-1.0,c000,1.937352180480957,-0.9988536834716797
random_80,-1.0,c036,-0.06251144409179688,-0.8120584487915039
random_80,-1.0,c020,8.68735122680664,-0.4373359680175781
random_80,-1.0,c011,3.9374542236328125,-0.49996185302734375
random_80,-1.0,c003,1.4999542236328125,-0.4374513626098633
random_80,-1.0,c045,7.249905586242676,-0.4373197555541992
random_80,-1.0,c046,-0.6874895095825195,0.31131649017333984
random_80,-1.0,c044,9.249641418457031,-0.8114967346191406
random_80,-1.0,c008,-1.8125,-0.6875
random_80,-1.0,c049,4.562498092651367,0.1875019073486328
random_80,-1.0,c013,9.749849319458008,-0.4372692108154297
random_80,-1.0,c042,2.8124895095825195,-1.062485694885254
random_80,-1.0,c009,-0.37504100799560547,0.18751811981201172
random_80,-1.0,c047,0.8748817443847656,-0.06223011016845703
random_80,-1.0,c050,0.6872930526733398,-0.4992361068725586
random_80,-1.0,c043,0.6249656677246094,-0.12488079071044922
random_80,-1.0,c016,1.7499885559082031,-0.7499504089355469
random_80,-1.0,c014,1.2499923706054688,-0.5624961853027344
random_80,-1.0,c041,-3.062502861022949,-0.3749246597290039
random_80,-1.0,c006,0.3749227523803711,-0.9369449615478516
random_80,-1.0,c039,-2.187437057495117,-0.12513065338134766
random_80,-1.0,c017,3.1874256134033203,-0.24991703033447266
random_80,-1.0,c058,-0.12499809265136719,-0.4375019073486328
random_80,-1.0,c002,2.249969482421875,-0.1250133514404297
random_80,-1.0,c024,0.2499532699584961,-0.6247653961181641
random_80,-1.0,c023,1.4374465942382812,-0.4375438690185547
random_80,-1.0,c022,-0.3749837875366211,-0.49998950958251953
random_80,-1.0,c056,1.9371004104614258,0.3150768280029297
random_80,1.0,c041,2.9365615844726562,0.7492485046386719
random_80,1.0,c006,2.810415267944336,0.3734169006347656
random_80,1.0,c039,2.375001907348633,1.0624961853027344
random_80,1.0,c017,5.374910354614258,0.37493896484375
random_80,1.0,c058,0.9999980926513672,0.3749980926513672
random_80,1.0,c002,2.374997138977051,0.9375123977661133
random_80,1.0,c024,0.5622014999389648,0.4997835159301758
random_80,1.0,c023,3.186812400817871,0.8119878768920898
random_80,1.0,c022,2.999980926513672,0.31259632110595703
random_80,1.0,c056,0.9548587799072266,0.22072219848632812
random_80,1.0,c029,-1.437495231628418,0.3125038146972656
random_80,1.0,c025,0.06305980682373047,0.8130092620849609
random_80,1.0,c000,3.1863174438476562,0.25011157989501953
random_80,1.0,c036,1.1229934692382812,0.3734464645385742
random_80,1.0,c020,9.6864595413208,0.561772346496582
random_80,1.0,c011,5.124711036682129,0.6872949600219727
random_80,1.0,c003,2.562429428100586,0.6250238418579102
random_80,1.0,c045,8.185216903686523,0.49799156188964844
random_80,1.0,c046,-0.49567222595214844,0.5031337738037109
random_80,1.0,c044,9.990673065185547,-0.070465087890625
random_80,1.0,c008,-0.75,0.375
random_80,1.0,c049,4.249994277954102,-0.1250019073486328
random_80,1.0,c013,9.934859275817871,-0.2522592544555664
random_80,1.0,c042,4.749722480773926,0.8747472763061523
random_80,1.0,c009,-0.43767261505126953,0.12488651275634766
random_80,1.0,c047,1.0598649978637695,0.12275314331054688
random_80,1.0,c050,1.6238441467285156,0.4373149871826172
random_80,1.0,c043,1.2483253479003906,0.49847888946533203
random_80,1.0,c016,3.499842643737793,0.999903678894043
random_80,1.0,c014,3.0624847412109375,1.2499961853027344
random_80,1.0,c041,-2.375056266784668,0.31252193450927734
random_80,1.0,c006,1.8734130859375,0.5615453720092773
random_80,1.0,c039,-1.4997329711914062,0.5625734329223633
random_80,1.0,c017,3.8748016357421875,0.43745899200439453
random_80,1.0,c058,0.125,-0.18750381469726562
random_80,1.0,c002,3.1874494552612305,0.8124666213989258
random_80,1.0,c024,1.8741579055786133,0.9994392395019531
random_80,1.0,c023,2.687070846557617,0.8120803833007812
random_80,1.0,c022,0.3124990463256836,0.18749332427978516
random_80,1.0,c056,2.241687774658203,0.619664192199707
random_80,-4.0,c041,1.187490463256836,-0.9998226165771484
random_80,-4.0,c006,0.9999914169311523,-1.437006950378418
random_80,-4.0,c039,0.6875019073486328,-0.6250038146972656
random_80,-4.0,c017,3.9999876022338867,-0.9999837875366211
random_80,-4.0,c058,-0.0625,-0.6875
random_80,-4.0,c002,0.4999980926513672,-0.9374866485595703
random_80,-4.0,c024,-0.2499828338623047,-0.31240081787109375
random_80,-4.0,c023,0.5625,-1.8123245239257812
random_80,-4.0,c022,1.6875019073486328,-0.999882698059082
random_80,-4.0,c056,0.4374074935913086,-0.29672908782958984
random_80,-4.0,c029,-1.7499980926513672,9.5367431640625e-07
random_80,-4.0,c025,-1.5624771118164062,-0.8125276565551758
random_80,-4.0,c000,0.8124895095825195,-2.123716354370117
random_80,-4.0,c036,-0.7499942779541016,-1.4995412826538086
random_80,-4.0,c020,7.812483787536621,-1.3122034072875977
random_80,-4.0,c011,2.4375,-1.9999160766601562
random_80,-4.0,c003,0.1250152587890625,-1.8123903274536133
random_80,-4.0,c045,5.999974250793457,-1.687251091003418
random_80,-4.0,c046,-0.6249332427978516,0.3738727569580078
random_80,-4.0,c044,8.249977111816406,-1.8111610412597656
random_80,-4.0,c008,-2.4375,-1.3125
random_80,-4.0,c049,5.374996185302734,1.0
random_80,-4.0,c013,8.187472343444824,-1.9996461868286133
random_80,-4.0,c042,0.5624980926513672,-3.3124771118164062
random_80,-4.0,c009,-0.8750028610229492,-0.31244373321533203
random_80,-4.0,c047,1.1875009536743164,0.25038909912109375
random_80,-4.0,c050,0.12500381469726562,-1.0615253448486328
random_80,-4.0,c043,-0.31247997283935547,-1.062326431274414
random_80,-4.0,c016,0.375,-2.12493896484375
random_80,-4.0,c014,0.3750038146972656,-1.4374847412109375
random_80,-4.0,c041,-2.562498092651367,0.12508010864257812
random_80,-4.0,c006,0.062493324279785156,-1.2493743896484375
random_80,-4.0,c039,-2.2499637603759766,-0.18765735626220703
random_80,-4.0,c017,2.3749942779541016,-1.0623483657836914
random_80,-4.0,c058,0.5625019073486328,0.2499980926513672
random_80,-4.0,c002,0.8750019073486328,-1.4999809265136719
random_80,-4.0,c024,-0.7499828338623047,-1.6247014999389648
random_80,-4.0,c023,0.31252288818359375,-1.5624675750732422
random_80,-4.0,c022,-0.8749942779541016,-1.0
random_80,-4.0,c056,1.3124847412109375,-0.3095388412475586
random_80,4.0,c041,4.675302505493164,2.4879894256591797
random_80,4.0,c006,4.733430862426758,2.2964324951171875
random_80,4.0,c039,3.56252384185791,2.2500181198120117
random_80,4.0,c017,6.998067855834961,1.9980964660644531
random_80,4.0,c058,2.624997138977051,1.9999971389770508
random_80,4.0,c002,4.749981880187988,3.312497138977051
random_80,4.0,c024,1.1842679977416992,1.1218500137329102
random_80,4.0,c023,5.685606956481934,3.3107824325561523
random_80,4.0,c022,5.342344284057617,2.6549596786499023
random_80,4.0,c056,2.854372024536133,2.1202354431152344
random_80,4.0,c029,0.7500705718994141,2.5000696182250977
random_80,4.0,c025,1.2613534927368164,2.011302947998047
random_80,4.0,c000,5.569173812866211,2.632967948913574
random_80,4.0,c036,2.825984001159668,2.076436996459961
random_80,4.0,c020,10.223286628723145,1.0985994338989258
random_80,4.0,c011,6.622054100036621,2.184638023376465
random_80,4.0,c003,4.187594413757324,2.2501888275146484
random_80,4.0,c045,10.107250213623047,2.420024871826172
random_80,4.0,c046,0.9832649230957031,1.9820709228515625
random_80,4.0,c044,11.848973274230957,1.7878351211547852
random_80,4.0,c008,0.7499980926513672,1.8749980926513672
random_80,4.0,c049,3.6874866485595703,-0.6875095367431641
random_80,4.0,c013,11.655632019042969,1.4685134887695312
random_80,4.0,c042,7.108115196228027,3.233139991760254
random_80,4.0,c009,0.31436729431152344,0.8769264221191406
random_80,4.0,c047,2.649777412414551,1.7126655578613281
random_80,4.0,c050,3.736517906188965,2.5499887466430664
random_80,4.0,c043,2.3578262329101562,1.6079797744750977
random_80,4.0,c016,5.2490739822387695,2.7491350173950195
random_80,4.0,c014,3.749781608581543,1.9372930526733398
random_80,4.0,c041,-1.1925277709960938,1.4950504302978516
random_80,4.0,c006,4.002030372619629,2.6901626586914062
random_80,4.0,c039,0.5604019165039062,2.622708320617676
random_80,4.0,c017,5.123647689819336,1.686305046081543
random_80,4.0,c058,0.5,0.18749618530273438
random_80,4.0,c002,5.374930381774902,2.9999475479125977
random_80,4.0,c024,4.478676795959473,3.6039581298828125
random_80,4.0,c023,4.934772491455078,3.059782028198242
random_80,4.0,c022,1.2507734298706055,1.125767707824707
random_80,4.0,c056,3.613229751586914,1.991206169128418
random_81,-1.0,c041,2.312150001525879,0.12483692169189453
random_81,-1.0,c006,1.8746719360351562,-0.5623264312744141
random_81,-1.0,c039,1.6250028610229492,0.3124971389770508
random_81,-1.0,c017,5.187479019165039,0.18750762939453125
random_81,-1.0,c058,0.9375,0.3125
random_81,-1.0,c002,1.6875028610229492,0.2500181198120117
random_81,-1.0,c024,0.37502098083496094,0.3126029968261719
random_81,-1.0,c023,2.1872596740722656,-0.18756484985351562
random_81,-1.0,c022,2.3749284744262695,-0.3124561309814453
random_81,-1.0,c056,0.3063077926635742,-0.4278287887573242
random_81,-1.0,c029,-1.9374961853027344,-0.18749713897705078
random_81,-1.0,c025,-0.1872844696044922,0.5626649856567383
random_81,-1.0,c000,2.624286651611328,-0.3119192123413086
random_81,-1.0,c036,0.6871280670166016,-0.06241893768310547
random_81,-1.0,c020,8.187315940856934,-0.9373712539672852
random_81,-1.0,c011,4.312470436096191,-0.12494564056396484
random_81,-1.0,c003,2.0625076293945312,0.12510204315185547
random_81,-1.0,c045,7.124808311462402,-0.5624170303344727
random_81,-1.0,c046,-0.7481174468994141,0.2506885528564453
random_81,-1.0,c044,8.686678886413574,-1.3744592666625977
random_81,-1.0,c008,-1.5,-0.375
random_81,-1.0,c049,4.249998092651367,-0.12499809265136719
random_81,-1.0,c013,9.062209129333496,-1.1249094009399414
random_81,-1.0,c042,3.499967575073242,-0.37500762939453125
random_81,-1.0,c009,0.12485790252685547,0.6874170303344727
random_81,-1.0,c047,0.8743467330932617,-0.06276512145996094
random_81,-1.0,c050,0.9997053146362305,-0.18682384490966797
random_81,-1.0,c043,0.8124904632568359,0.06264400482177734
random_81,-1.0,c016,2.374958038330078,-0.12498092651367188
random_81,-1.0,c014,1.6249923706054688,-0.18749618530273438
random_81,-1.0,c041,-2.750056266784668,-0.062478065490722656
random_81,-1.0,c006,1.1242265701293945,-0.18764114379882812
random_81,-1.0,c039,-1.8123254776000977,0.24998092651367188
random_81,-1.0,c017,3.624905586242676,0.1875629425048828
random_81,-1.0,c058,0.4375038146972656,0.125
random_81,-1.0,c002,2.374971389770508,-1.1444091796875e-05
random_81,-1.0,c024,0.812413215637207,-0.062305450439453125
random_81,-1.0,c023,1.7500534057617188,-0.12493705749511719
random_81,-1.0,c022,-0.4375286102294922,-0.5625343322753906
random_81,-1.0,c056,1.6211862564086914,-0.0008373260498046875
random_81,1.0,c041,2.4998674392700195,0.31255435943603516
random_81,1.0,c006,2.9990615844726562,0.5620632171630859
random_81,1.0,c039,1.5625066757202148,0.2500009536743164
random_81,1.0,c017,5.499900817871094,0.49992942810058594
random_81,1.0,c058,0.2499980926513672,-0.3750019073486328
random_81,1.0,c002,1.499995231628418,0.06251049041748047
random_81,1.0,c024,-0.1251077651977539,-0.18752574920654297
random_81,1.0,c023,2.87469482421875,0.49987030029296875
random_81,1.0,c022,3.062361717224121,0.37497711181640625
random_81,1.0,c056,0.6742372512817383,-0.059899330139160156
random_81,1.0,c029,-1.375,0.3749990463256836
random_81,1.0,c025,-0.6872768402099609,0.06267261505126953
random_81,1.0,c000,2.998861312866211,0.06265544891357422
random_81,1.0,c036,0.3747520446777344,-0.37479496002197266
random_81,1.0,c020,9.24938678741455,0.12469959259033203
random_81,1.0,c011,5.062402725219727,0.6249866485595703
random_81,1.0,c003,1.749974250793457,-0.18743133544921875
random_81,1.0,c045,8.186748504638672,0.4995231628417969
random_81,1.0,c046,-0.9992170333862305,-0.00041103363037109375
random_81,1.0,c044,10.43467903137207,0.37354087829589844
random_81,1.0,c008,-1.5,-0.375
random_81,1.0,c049,4.624996185302734,0.25
random_81,1.0,c013,10.624088287353516,0.4369697570800781
random_81,1.0,c042,3.8124771118164062,-0.06249809265136719
random_81,1.0,c009,-0.8750247955322266,-0.3124656677246094
random_81,1.0,c047,0.6246376037597656,-0.31247425079345703
random_81,1.0,c050,1.3742132186889648,0.1876840591430664
random_81,1.0,c043,1.1244068145751953,0.3745603561401367
random_81,1.0,c016,2.562459945678711,0.06252098083496094
random_81,1.0,c014,2.0000085830688477,0.18752002716064453
random_81,1.0,c041,-2.62502384185791,0.06255435943603516
random_81,1.0,c006,1.2496118545532227,-0.062255859375
random_81,1.0,c039,-2.4373779296875,-0.37507152557373047
random_81,1.0,c017,3.312295913696289,-0.1250467300415039
random_81,1.0,c058,0.06250190734863281,-0.2500019073486328
random_81,1.0,c002,2.374974250793457,-8.58306884765625e-06
random_81,1.0,c024,1.6242256164550781,0.749506950378418
random_81,1.0,c023,1.6874799728393555,-0.18751049041748047
random_81,1.0,c022,-0.18748855590820312,-0.31249427795410156
random_81,1.0,c056,1.8726625442504883,0.2506389617919922
random_81,-4.0,c041,1.8747987747192383,-0.3125143051147461
random_81,-4.0,c006,1.4373235702514648,-0.9996747970581055
random_81,-4.0,c039,1.7500028610229492,0.4374971389770508
random_81,-4.0,c017,4.374994277954102,-0.6249771118164062
random_81,-4.0,c058,2.5624942779541016,1.9374942779541016
random_81,-4.0,c002,1.875016212463379,0.4375314712524414
random_81,-4.0,c024,0.5004777908325195,0.43805980682373047
random_81,-4.0,c023,1.6873397827148438,-0.6874847412109375
random_81,-4.0,c022,1.62506103515625,-1.0623235702514648
random_81,-4.0,c056,0.7379474639892578,0.003810882568359375
random_81,-4.0,c029,-1.7499847412109375,1.430511474609375e-05
random_81,-4.0,c025,-0.3114356994628906,0.43851375579833984
random_81,-4.0,c000,2.1872920989990234,-0.7489137649536133
random_81,-4.0,c036,1.6872501373291016,0.9377031326293945
random_81,-4.0,c020,6.437453269958496,-2.6872339248657227
random_81,-4.0,c011,3.3125,-1.1249160766601562
random_81,-4.0,c003,2.3125123977661133,0.3751068115234375
random_81,-4.0,c045,6.124919891357422,-1.5623054504394531
random_81,-4.0,c046,-0.10024642944335938,0.8985595703125
random_81,-4.0,c044,6.999909400939941,-3.0612287521362305
random_81,-4.0,c008,-1.625,-0.5
random_81,-4.0,c049,3.7499923706054688,-0.6250038146972656
random_81,-4.0,c013,6.999932289123535,-3.1871862411499023
random_81,-4.0,c042,3.437445640563965,-0.4375295639038086
random_81,-4.0,c009,1.3122692108154297,1.8748283386230469
random_81,-4.0,c047,2.186886787414551,1.2497749328613281
random_81,-4.0,c050,1.1241559982299805,-0.06237316131591797
random_81,-4.0,c043,-0.06232929229736328,-0.8121757507324219
random_81,-4.0,c016,2.9375104904174805,0.43757152557373047
random_81,-4.0,c014,2.125006675720215,0.3125181198120117
random_81,-4.0,c041,-2.5001068115234375,0.1874713897705078
random_81,-4.0,c006,0.8120412826538086,-0.49982643127441406
random_81,-4.0,c039,-0.6872148513793945,1.375091552734375
random_81,-4.0,c017,3.624955177307129,0.18761253356933594
random_81,-4.0,c058,0.8125019073486328,0.4999980926513672
random_81,-4.0,c002,2.5624828338623047,0.1875
random_81,-4.0,c024,0.43784427642822266,-0.4368743896484375
random_81,-4.0,c023,2.50008487701416,0.6250944137573242
random_81,-4.0,c022,-1.062424659729004,-1.1874303817749023
random_81,-4.0,c056,2.061923027038574,0.4398994445800781
random_81,4.0,c041,2.6248254776000977,0.4375123977661133
random_81,4.0,c006,3.186769485473633,0.7497711181640625
random_81,4.0,c039,0.3750028610229492,-0.9375028610229492
random_81,4.0,c017,5.249748229980469,0.24977684020996094
random_81,4.0,c058,-0.375,-1.0
random_81,4.0,c002,0.6874885559082031,-0.7499961853027344
random_81,4.0,c024,-0.6877546310424805,-0.7501726150512695
random_81,4.0,c023,2.56227970123291,0.1874551773071289
random_81,4.0,c022,3.187349319458008,0.49996471405029297
random_81,4.0,c056,0.3084726333618164,-0.42566394805908203
random_81,4.0,c029,-1.625,0.1249990463256836
random_81,4.0,c025,-1.6875886917114258,-0.9376392364501953
random_81,4.0,c000,2.6871166229248047,-0.24908924102783203
random_81,4.0,c036,-0.3131704330444336,-1.0627174377441406
random_81,4.0,c020,10.935921669006348,1.811234474182129
random_81,4.0,c011,4.874956130981445,0.43754005432128906
random_81,4.0,c003,1.312443733215332,-0.6249618530273438
random_81,4.0,c045,9.185296058654785,1.4980707168579102
random_81,4.0,c046,-0.6258201599121094,0.37298583984375
random_81,4.0,c044,11.805471420288086,1.744333267211914
random_81,4.0,c008,-2.0625,-0.9375
random_81,4.0,c049,4.624996185302734,0.25
random_81,4.0,c013,12.248059272766113,2.060940742492676
random_81,4.0,c042,3.5623626708984375,-0.31261253356933594
random_81,4.0,c009,-1.812514305114746,-1.249955177307129
random_81,4.0,c047,0.1870870590209961,-0.7500247955322266
random_81,4.0,c050,0.8744230270385742,-0.3121061325073242
random_81,4.0,c043,1.061929702758789,0.31208324432373047
random_81,4.0,c016,2.1248302459716797,-0.3751087188720703
random_81,4.0,c014,1.9999961853027344,0.18750762939453125
random_81,4.0,c041,-2.6250171661376953,0.06256103515625
random_81,4.0,c006,1.4373998641967773,0.1255321502685547
random_81,4.0,c039,-2.374979019165039,-0.31267261505126953
random_81,4.0,c017,2.8749217987060547,-0.5624208450317383
random_81,4.0,c058,-0.5624980926513672,-0.8750019073486328
random_81,4.0,c002,1.37493896484375,-1.0000438690185547
random_81,4.0,c024,1.0620613098144531,0.18734264373779297
random_81,4.0,c023,1.3124094009399414,-0.5625810623168945
random_81,4.0,c022,-0.24997806549072266,-0.3749837875366211
random_81,4.0,c056,0.6870698928833008,-0.9349536895751953
random_82,-1.0,c041,1.437190055847168,-0.7501230239868164
random_82,-1.0,c006,1.4371299743652344,-0.9998683929443359
random_82,-1.0,c039,1.9375,0.6249942779541016
random_82,-1.0,c017,4.437442779541016,-0.5625286102294922
random_82,-1.0,c058,0.4374980926513672,-0.1875019073486328
random_82,-1.0,c002,1.0625038146972656,-0.3749809265136719
random_82,-1.0,c024,-0.0625457763671875,-0.12496376037597656
random_82,-1.0,c023,1.3124151229858398,-1.0624094009399414
random_82,-1.0,c022,2.374955177307129,-0.31242942810058594
random_82,-1.0,c056,-0.0142822265625,-0.7484188079833984
random_82,-1.0,c029,-1.75,-9.5367431640625e-07
random_82,-1.0,c025,-0.6873435974121094,0.0626058578491211
random_82,-1.0,c000,1.8120555877685547,-1.124150276184082
random_82,-1.0,c036,-0.12522220611572266,-0.8747692108154297
random_82,-1.0,c020,7.687375068664551,-1.437312126159668
random_82,-1.0,c011,3.6874866485595703,-0.7499294281005859
random_82,-1.0,c003,1.437429428100586,-0.49997615814208984
random_82,-1.0,c045,6.874751091003418,-0.812474250793457
random_82,-1.0,c046,-1.1867923736572266,-0.1879863739013672
random_82,-1.0,c044,8.37365436553955,-1.687483787536621
random_82,-1.0,c008,-1.8125,-0.6875
random_82,-1.0,c049,4.062494277954102,-0.3125019073486328
random_82,-1.0,c013,8.99971866607666,-1.1873998641967773
random_82,-1.0,c042,2.562469482421875,-1.3125057220458984
random_82,-1.0,c009,-0.8125324249267578,-0.24997329711914062
random_82,-1.0,c047,0.12465095520019531,-0.8124608993530273
random_82,-1.0,c050,0.6873350143432617,-0.4991941452026367
random_82,-1.0,c043,0.12469768524169922,-0.6251487731933594
random_82,-1.0,c016,1.9374713897705078,-0.5624675750732422
random_82,-1.0,c014,1.0624961853027344,-0.7499923706054688
random_82,-1.0,c041,-3.062652587890625,-0.3750743865966797
random_82,-1.0,c006,0.6246767044067383,-0.6871910095214844
random_82,-1.0,c039,-2.0624160766601562,-0.00010967254638671875
random_82,-1.0,c017,2.6874542236328125,-0.7498884201049805
random_82,-1.0,c058,0.0,-0.3125038146972656
random_82,-1.0,c002,1.812479019165039,-0.5625038146972656
random_82,-1.0,c024,0.2500953674316406,-0.6246232986450195
random_82,-1.0,c023,1.6874732971191406,-0.1875171661376953
random_82,-1.0,c022,-0.2500133514404297,-0.3750190734863281
random_82,-1.0,c056,1.1845588684082031,-0.43746471405029297
random_82,1.0,c041,3.499828338623047,1.3125152587890625
random_82,1.0,c006,2.6864280700683594,0.24942970275878906
random_82,1.0,c039,0.8125162124633789,-0.49998950958251953
random_82,1.0,c017,5.749929428100586,0.7499580383300781
random_82,1.0,c058,1.1249961853027344,0.4999961853027344
random_82,1.0,c002,1.9999895095825195,0.562504768371582
random_82,1.0,c024,0.18746089935302734,0.12504291534423828
random_82,1.0,c023,3.6870927810668945,1.3122682571411133
random_82,1.0,c022,3.1246538162231445,0.4372692108154297
random_82,1.0,c056,1.0525188446044922,0.31838226318359375
random_82,1.0,c029,-1.9374914169311523,-0.18749237060546875
random_82,1.0,c025,-0.3747434616088867,0.37520599365234375
random_82,1.0,c000,3.623957633972168,0.6877517700195312
random_82,1.0,c036,1.2490205764770508,0.49947357177734375
random_82,1.0,c020,9.374361038208008,0.24967384338378906
random_82,1.0,c011,5.312430381774902,0.8750143051147461
random_82,1.0,c003,2.312403678894043,0.3749980926513672
random_82,1.0,c045,8.499314308166504,0.8120889663696289
random_82,1.0,c046,-0.3741025924682617,0.6247034072875977
random_82,1.0,c044,10.74679183959961,0.6856536865234375
random_82,1.0,c008,-1.0,0.125
random_82,1.0,c049,4.312496185302734,-0.0625
random_82,1.0,c013,9.999370574951172,-0.18774795532226562
random_82,1.0,c042,4.562409400939941,0.687434196472168
random_82,1.0,c009,0.06239032745361328,0.6249494552612305
random_82,1.0,c047,1.7488985061645508,0.8117866516113281
random_82,1.0,c050,1.9366426467895508,0.7501134872436523
random_82,1.0,c043,1.4371109008789062,0.6872644424438477
random_82,1.0,c016,3.062413215637207,0.562474250793457
random_82,1.0,c014,2.9374866485595703,1.1249980926513672
random_82,1.0,c041,-2.0000696182250977,0.6875085830688477
random_82,1.0,c006,1.8742380142211914,0.5623703002929688
random_82,1.0,c039,-2.3746042251586914,-0.3122978210449219
random_82,1.0,c017,4.4998626708984375,1.0625200271606445
random_82,1.0,c058,0.1250019073486328,-0.1875019073486328
random_82,1.0,c002,3.499924659729004,1.1249418258666992
random_82,1.0,c024,1.6870346069335938,0.8123159408569336
random_82,1.0,c023,2.6874074935913086,0.8124170303344727
random_82,1.0,c022,0.4999980926513672,0.37499237060546875
random_82,1.0,c056,2.3101301193237305,0.6881065368652344
random_82,-4.0,c041,-1.0623111724853516,-3.249624252319336
random_82,-4.0,c006,0.18732833862304688,-2.2496700286865234
random_82,-4.0,c039,0.8750066757202148,-0.4374990463256836
random_82,-4.0,c017,2.8124313354492188,-2.187540054321289
random_82,-4.0,c058,-0.9999961853027344,-1.6249961853027344
random_82,-4.0,c002,-0.5624971389770508,-1.9999818801879883
random_82,-4.0,c024,-0.5001792907714844,-0.5625972747802734
random_82,-4.0,c023,-0.875004768371582,-3.2498292922973633
random_82,-4.0,c022,1.5014305114746094,-1.1859540939331055
random_82,-4.0,c056,-0.8817892074584961,-1.6159257888793945
random_82,-4.0,c029,-1.9999980926513672,-0.2499990463256836
random_82,-4.0,c025,-0.9373779296875,-0.18742847442626953
random_82,-4.0,c000,-0.43761348724365234,-3.373819351196289
random_82,-4.0,c036,-1.6248760223388672,-2.374423027038574
random_82,-4.0,c020,5.0624284744262695,-4.062258720397949
random_82,-4.0,c011,1.4375057220458984,-2.999910354614258
random_82,-4.0,c003,-0.37475013732910156,-2.3121557235717773
random_82,-4.0,c045,3.7500123977661133,-3.9372129440307617
random_82,-4.0,c046,-2.3748397827148438,-1.3760337829589844
random_82,-4.0,c044,5.12421989440918,-4.936918258666992
random_82,-4.0,c008,-2.625,-1.5
random_82,-4.0,c049,2.937498092651367,-1.4374980926513672
random_82,-4.0,c013,5.874885559082031,-4.312232971191406
random_82,-4.0,c042,0.25001049041748047,-3.624964714050293
random_82,-4.0,c009,-1.8124933242797852,-1.249934196472168
random_82,-4.0,c047,-1.0004682540893555,-1.9375801086425781
random_82,-4.0,c050,-0.813140869140625,-1.9996700286865234
random_82,-4.0,c043,-0.814051628112793,-1.5638980865478516
random_82,-4.0,c016,0.25002574920654297,-2.249913215637207
random_82,-4.0,c014,-0.37497425079345703,-2.18746280670166
random_82,-4.0,c041,-3.750155448913574,-1.062577247619629
random_82,-4.0,c006,-0.5001201629638672,-1.8119878768920898
random_82,-4.0,c039,-1.6874847412109375,0.37482166290283203
random_82,-4.0,c017,1.1250295639038086,-2.3123130798339844
random_82,-4.0,c058,-0.625,-0.9375038146972656
random_82,-4.0,c002,-0.31249332427978516,-2.68747615814209
random_82,-4.0,c024,-0.6250448226928711,-1.4997634887695312
random_82,-4.0,c023,0.8125619888305664,-1.0624284744262695
random_82,-4.0,c022,-1.5000238418579102,-1.6250295639038086
random_82,-4.0,c056,-0.06440258026123047,-1.6864261627197266
random_82,4.0,c041,5.811716079711914,3.6244029998779297
random_82,4.0,c006,3.8108158111572266,1.3738174438476562
random_82,4.0,c039,0.8746767044067383,-0.43782901763916016
random_82,4.0,c017,5.937034606933594,0.9370632171630859
random_82,4.0,c058,2.374988555908203,1.7499885559082031
random_82,4.0,c002,3.6248350143432617,2.187350273132324
random_82,4.0,c024,0.4997854232788086,0.43736743927001953
random_82,4.0,c023,5.494973182678223,3.1201486587524414
random_82,4.0,c022,3.936826705932617,1.2494421005249023
random_82,4.0,c056,2.6093320846557617,1.8751955032348633
random_82,4.0,c029,-1.4375429153442383,0.3124561309814453
random_82,4.0,c025,-0.7497587203979492,0.00019073486328125
random_82,4.0,c000,4.561200141906738,1.6249942779541016
random_82,4.0,c036,2.743313789367676,1.9937667846679688
random_82,4.0,c020,9.686423301696777,0.5617361068725586
random_82,4.0,c011,5.749635696411133,1.3122196197509766
random_82,4.0,c003,2.749542236328125,0.8121366500854492
random_82,4.0,c045,9.185768127441406,1.4985427856445312
random_82,4.0,c046,2.187002182006836,3.1858081817626953
random_82,4.0,c044,10.997118949890137,0.9359807968139648
random_82,4.0,c008,-0.25,0.875
random_82,4.0,c049,4.374990463256836,-5.7220458984375e-06
random_82,4.0,c013,10.436758041381836,0.24963951110839844
random_82,4.0,c042,6.248936653137207,2.3739614486694336
random_82,4.0,c009,1.4369831085205078,1.999542236328125
random_82,4.0,c047,3.622899055480957,2.6857872009277344
random_82,4.0,c050,2.560328483581543,1.3737993240356445
random_82,4.0,c043,3.623842239379883,2.873995780944824
random_82,4.0,c016,3.5623626708984375,1.0624237060546875
random_82,4.0,c014,4.937351226806641,3.1248626708984375
random_82,4.0,c041,0.06241035461425781,2.749988555908203
random_82,4.0,c006,3.3677873611450195,2.055919647216797
random_82,4.0,c039,-2.373650550842285,-0.3113441467285156
random_82,4.0,c017,5.436844825744629,1.999502182006836
random_82,4.0,c058,1.2499980926513672,0.9374942779541016
random_82,4.0,c002,5.062295913696289,2.6873130798339844
random_82,4.0,c024,3.7480220794677734,2.8733034133911133
random_82,4.0,c023,4.311973571777344,2.436983108520508
random_82,4.0,c022,1.9998903274536133,1.8748846054077148
random_82,4.0,c056,3.371859550476074,1.7498359680175781
random_83,-1.0,c041,1.8123703002929688,-0.3749427795410156
random_83,-1.0,c006,1.8122034072875977,-0.6247949600219727
random_83,-1.0,c039,0.750004768371582,-0.5625009536743164
random_83,-1.0,c017,4.687456130981445,-0.3125152587890625
random_83,-1.0,c058,-0.25,-0.875
random_83,-1.0,c002,1.2500009536743164,-0.1874837875366211
random_83,-1.0,c024,-0.06253242492675781,-0.12495040893554688
random_83,-1.0,c023,1.9998416900634766,-0.3749828338623047
random_83,-1.0,c022,2.3748788833618164,-0.31250572204589844
random_83,-1.0,c056,-0.2566509246826172,-0.9907875061035156
random_83,-1.0,c029,-2.4999961853027344,-0.7499971389770508
random_83,-1.0,c025,-0.43752002716064453,0.31242942810058594
random_83,-1.0,c000,2.312286376953125,-0.6239194869995117
random_83,-1.0,c036,-0.0001354217529296875,-0.7496824264526367
random_83,-1.0,c020,8.812309265136719,-0.3123779296875
random_83,-1.0,c011,4.062435150146484,-0.3749809265136719
random_83,-1.0,c003,1.6874818801879883,-0.2499237060546875
random_83,-1.0,c045,7.7497148513793945,0.06248950958251953
random_83,-1.0,c046,-0.935490608215332,0.06331539154052734
random_83,-1.0,c044,9.373591423034668,-0.6875467300415039
random_83,-1.0,c008,-1.875,-0.75
random_83,-1.0,c049,2.999998092651367,-1.3749980926513672
random_83,-1.0,c013,9.812013626098633,-0.3751049041748047
random_83,-1.0,c042,3.3749523162841797,-0.5000228881835938
random_83,-1.0,c009,-1.0000114440917969,-0.4374523162841797
random_83,-1.0,c047,0.12470626831054688,-0.8124055862426758
random_83,-1.0,c050,0.7497968673706055,-0.43673229217529297
random_83,-1.0,c043,0.1873941421508789,-0.5624523162841797
random_83,-1.0,c016,1.9374780654907227,-0.5624608993530273
random_83,-1.0,c014,1.5624961853027344,-0.24999237060546875
random_83,-1.0,c041,-2.562504768371582,0.12507343292236328
random_83,-1.0,c006,1.1247434616088867,-0.18712425231933594
random_83,-1.0,c039,-2.4997787475585938,-0.4374723434448242
random_83,-1.0,c017,3.3124465942382812,-0.12489604949951172
random_83,-1.0,c058,-0.12499809265136719,-0.4375019073486328
random_83,-1.0,c002,1.8749799728393555,-0.5000028610229492
random_83,-1.0,c024,0.6247272491455078,-0.24999141693115234
random_83,-1.0,c023,1.5625543594360352,-0.3124361038208008
random_83,-1.0,c022,0.062499046325683594,-0.06250667572021484
random_83,-1.0,c056,1.3733816146850586,-0.2486419677734375
random_83,1.0,c041,2.749508857727051,0.5621957778930664
random_83,1.0,c006,2.31173038482666,-0.12526798248291016
random_83,1.0,c039,2.437497138977051,1.1249914169311523
random_83,1.0,c017,5.562402725219727,0.5624313354492188
random_83,1.0,c058,1.3749961853027344,0.7499961853027344
random_83,1.0,c002,1.9374923706054688,0.5000076293945312
random_83,1.0,c024,0.12482166290283203,0.06240367889404297
random_83,1.0,c023,3.3747615814208984,0.9999370574951172
random_83,1.0,c022,3.2497758865356445,0.5623912811279297
random_83,1.0,c056,1.0550413131713867,0.3209047317504883
random_83,1.0,c029,-1.375,0.3749990463256836
random_83,1.0,c025,-0.5621051788330078,0.18784427642822266
random_83,1.0,c000,3.1236438751220703,0.1874380111694336
random_83,1.0,c036,1.2490835189819336,0.49953651428222656
random_83,1.0,c020,8.749383926391602,-0.3753032684326172
random_83,1.0,c011,4.81239128112793,0.37497520446777344
random_83,1.0,c003,2.4998598098754883,0.5624542236328125
random_83,1.0,c045,8.124387741088867,0.4371623992919922
random_83,1.0,c046,-0.37580394744873047,0.6230020523071289
random_83,1.0,c044,10.310713768005371,0.24957561492919922
random_83,1.0,c008,-0.5,0.625
random_83,1.0,c049,4.937496185302734,0.5625
random_83,1.0,c013,10.06218147277832,-0.12493705749511719
random_83,1.0,c042,4.312387466430664,0.4374122619628906
random_83,1.0,c009,-0.06257152557373047,0.4999876022338867
random_83,1.0,c047,1.4989986419677734,0.5618867874145508
random_83,1.0,c050,1.6238794326782227,0.4373502731323242
random_83,1.0,c043,1.1865758895874023,0.43672943115234375
random_83,1.0,c016,3.187424659729004,0.6874856948852539
random_83,1.0,c014,2.1874876022338867,0.3749990463256836
random_83,1.0,c041,-2.6250104904174805,0.06256771087646484
random_83,1.0,c006,1.6864910125732422,0.37462329864501953
random_83,1.0,c039,-1.9373493194580078,0.12495708465576172
random_83,1.0,c017,3.812350273132324,0.37500762939453125
random_83,1.0,c058,0.375,0.062496185302734375
random_83,1.0,c002,3.2499160766601562,0.8749332427978516
random_83,1.0,c024,1.3123970031738281,0.43767833709716797
random_83,1.0,c023,1.9374618530273438,0.06247138977050781
random_83,1.0,c022,-0.12499046325683594,-0.24999618530273438
random_83,1.0,c056,2.120345115661621,0.498321533203125
random_83,-4.0,c041,0.9374656677246094,-1.249847412109375
random_83,-4.0,c006,1.3125076293945312,-1.124490737915039
random_83,-4.0,c039,-0.3749961853027344,-1.6875019073486328
random_83,-4.0,c017,3.062495231628418,-1.9374761581420898
random_83,-4.0,c058,-1.625,-2.25
random_83,-4.0,c002,0.3750114440917969,-1.0624732971191406
random_83,-4.0,c024,0.0625009536743164,8.296966552734375e-05
random_83,-4.0,c023,-0.18750476837158203,-2.5623292922973633
random_83,-4.0,c022,1.6875286102294922,-0.9998559951782227
random_83,-4.0,c056,-0.5629386901855469,-1.2970752716064453
random_83,-4.0,c029,-2.812498092651367,-1.0624990463256836
random_83,-4.0,c025,-0.8123283386230469,-0.062378883361816406
random_83,-4.0,c000,0.6875095367431641,-2.2486963272094727
random_83,-4.0,c036,-1.6874780654907227,-2.4370250701904297
random_83,-4.0,c020,9.12486743927002,0.00018024444580078125
random_83,-4.0,c011,1.8125019073486328,-2.6249141693115234
random_83,-4.0,c003,0.25011444091796875,-1.687291145324707
random_83,-4.0,c045,6.437378883361816,-1.2498464584350586
random_83,-4.0,c046,-1.2493743896484375,-0.2505683898925781
random_83,-4.0,c044,9.437178611755371,-0.6239595413208008
random_83,-4.0,c008,-2.9375,-1.8125
random_83,-4.0,c049,1.0,-3.3749961853027344
random_83,-4.0,c013,8.998966217041016,-1.1881523132324219
random_83,-4.0,c042,1.4374799728393555,-2.437495231628418
random_83,-4.0,c009,-1.1249980926513672,-0.56243896484375
random_83,-4.0,c047,-1.0625219345092773,-1.9996337890625
random_83,-4.0,c050,0.24997901916503906,-0.9365501403808594
random_83,-4.0,c043,-0.6249866485595703,-1.374833106994629
random_83,-4.0,c016,4.100799560546875e-05,-2.4998979568481445
random_83,-4.0,c014,0.8125066757202148,-0.9999818801879883
random_83,-4.0,c041,-2.187532424926758,0.5000457763671875
random_83,-4.0,c006,0.24997806549072266,-1.0618896484375
random_83,-4.0,c039,-2.874837875366211,-0.8125314712524414
random_83,-4.0,c017,1.8124799728393555,-1.6248626708984375
random_83,-4.0,c058,-0.3124961853027344,-0.625
random_83,-4.0,c002,0.2499980926513672,-2.1249847412109375
random_83,-4.0,c024,0.6249933242797852,-0.249725341796875
random_83,-4.0,c023,1.8125438690185547,-0.06244659423828125
random_83,-4.0,c022,-0.3750133514404297,-0.5000190734863281
random_83,-4.0,c056,0.3750476837158203,-1.2469758987426758
random_83,4.0,c041,3.6247053146362305,1.437392234802246
random_83,4.0,c006,3.747102737426758,1.3101043701171875
random_83,4.0,c039,3.6249704360961914,2.312464714050293
random_83,4.0,c017,6.623919486999512,1.623948097229004
random_83,4.0,c058,2.2499961853027344,1.6249961853027344
random_83,4.0,c002,2.562471389770508,1.1249866485595703
random_83,4.0,c024,0.6851062774658203,0.6226882934570312
random_83,4.0,c023,4.687396049499512,2.3125715255737305
random_83,4.0,c022,3.6841659545898438,0.9967813491821289
random_83,4.0,c056,2.999298095703125,2.2651615142822266
random_83,4.0,c029,0.6249980926513672,2.374997138977051
random_83,4.0,c025,-0.31432342529296875,0.4356260299682617
random_83,4.0,c000,4.310311317443848,1.374105453491211
random_83,4.0,c036,2.0607471466064453,1.3112001419067383
random_83,4.0,c020,8.311153411865234,-0.8135337829589844
random_83,4.0,c011,5.874591827392578,1.4371757507324219
random_83,4.0,c003,2.8122920989990234,0.8748865127563477
random_83,4.0,c045,7.373939514160156,-0.31328582763671875
random_83,4.0,c046,0.9990997314453125,1.9979057312011719
random_83,4.0,c044,9.435029029846191,-0.6261091232299805
random_83,4.0,c008,1.1249980926513672,2.249998092651367
random_83,4.0,c049,6.687490463256836,2.3124942779541016
random_83,4.0,c013,10.311981201171875,0.1248626708984375
random_83,4.0,c042,5.062318801879883,1.1873435974121094
random_83,4.0,c009,0.9367055892944336,1.4992647171020508
random_83,4.0,c047,3.5579757690429688,2.620863914489746
random_83,4.0,c050,2.3117895126342773,1.125260353088379
random_83,4.0,c043,2.2456436157226562,1.4957971572875977
random_83,4.0,c016,4.74970817565918,2.2497692108154297
random_83,4.0,c014,2.8124914169311523,1.0000028610229492
random_83,4.0,c041,-1.1878900527954102,1.4996881484985352
random_83,4.0,c006,2.999187469482422,1.6873197555541992
random_83,4.0,c039,0.0001163482666015625,2.062422752380371
random_83,4.0,c017,5.499451637268066,2.0621089935302734
random_83,4.0,c058,1.25,0.9374961853027344
random_83,4.0,c002,4.687368392944336,2.3123855590820312
random_83,4.0,c024,1.9992942810058594,1.1245756149291992
random_83,4.0,c023,2.31229305267334,0.4373025894165039
random_83,4.0,c022,1.1250591278076172,1.0000534057617188
random_83,4.0,c056,2.7419281005859375,1.1199045181274414
random_84,-1.0,c041,1.8123884201049805,-0.3749246597290039
random_84,-1.0,c006,1.8744010925292969,-0.5625972747802734
random_84,-1.0,c039,1.3125019073486328,-3.814697265625e-06
random_84,-1.0,c017,4.6874237060546875,-0.3125476837158203
random_84,-1.0,c058,0.5624980926513672,-0.06250190734863281
random_84,-1.0,c002,1.1874933242797852,-0.24999141693115234
random_84,-1.0,c024,-0.2500724792480469,-0.31249046325683594
random_84,-1.0,c023,2.8747005462646484,0.4998760223388672
random_84,-1.0,c022,2.437335968017578,-0.2500486373901367
random_84,-1.0,c056,0.11620616912841797,-0.6179304122924805
random_84,-1.0,c029,-1.4374990463256836,0.3125
random_84,-1.0,c025,-0.9999103546142578,-0.24996089935302734
random_84,-1.0,c000,1.8120574951171875,-1.1241483688354492
random_84,-1.0,c036,0.4993772506713867,-0.2501697540283203
random_84,-1.0,c020,9.124659538269043,-2.765655517578125e-05
random_84,-1.0,c011,4.18745231628418,-0.24996376037597656
random_84,-1.0,c003,1.3124637603759766,-0.6249418258666992
random_84,-1.0,c045,7.686968803405762,-0.00025653839111328125
random_84,-1.0,c046,-1.062744140625,-0.06393814086914062
random_84,-1.0,c044,9.68603801727295,-0.37510013580322266
random_84,-1.0,c008,-1.5,-0.375
random_84,-1.0,c049,4.812498092651367,0.4375019073486328
random_84,-1.0,c013,10.124631881713867,-0.06248664855957031
random_84,-1.0,c042,3.7499732971191406,-0.1250019073486328
random_84,-1.0,c009,-0.750025749206543,-0.18746662139892578
random_84,-1.0,c047,0.5609292984008789,-0.37618255615234375
random_84,-1.0,c050,0.8121261596679688,-0.3744029998779297
random_84,-1.0,c043,0.4996757507324219,-0.2501707077026367
random_84,-1.0,c016,1.9999256134033203,-0.5000133514404297
random_84,-1.0,c014,1.749995231628418,-0.062493324279785156
random_84,-1.0,c041,-3.5625219345092773,-0.874943733215332
random_84,-1.0,c006,0.8739948272705078,-0.43787288665771484
random_84,-1.0,c039,-2.312265396118164,-0.24995899200439453
random_84,-1.0,c017,3.124876022338867,-0.3124666213989258
random_84,-1.0,c058,0.5625019073486328,0.2499980926513672
random_84,-1.0,c002,2.3124589920043945,-0.06252384185791016
random_84,-1.0,c024,0.4998464584350586,-0.37487220764160156
random_84,-1.0,c023,1.5623779296875,-0.31261253356933594
random_84,-1.0,c022,-0.3124876022338867,-0.43749332427978516
random_84,-1.0,c056,1.3111686706542969,-0.3108549118041992
random_84,1.0,c041,2.9996261596679688,0.8123130798339844
random_84,1.0,c006,2.6242990493774414,0.1873006820678711
random_84,1.0,c039,1.6250009536743164,0.31249523162841797
random_84,1.0,c017,5.687429428100586,0.6874580383300781
random_84,1.0,c058,1.1249980926513672,0.4999980926513672
random_84,1.0,c002,1.7499971389770508,0.3125123977661133
random_84,1.0,c024,0.3124551773071289,0.25003719329833984
random_84,1.0,c023,2.812215805053711,0.4373912811279297
random_84,1.0,c022,3.062380790710449,0.3749961853027344
random_84,1.0,c056,0.5516500473022461,-0.18248653411865234
random_84,1.0,c029,-1.9999980926513672,-0.2499990463256836
random_84,1.0,c025,-0.562225341796875,0.18772411346435547
random_84,1.0,c000,3.12368106842041,0.18747520446777344
random_84,1.0,c036,0.6245813369750977,-0.12496566772460938
random_84,1.0,c020,8.624656677246094,-0.500030517578125
random_84,1.0,c011,4.4999237060546875,0.06250762939453125
random_84,1.0,c003,2.24991512298584,0.31250953674316406
random_84,1.0,c045,7.499591827392578,-0.18763351440429688
random_84,1.0,c046,-0.059966087341308594,0.9388399124145508
random_84,1.0,c044,9.560147285461426,-0.5009908676147461
random_84,1.0,c008,-1.1875,-0.0625
random_84,1.0,c049,4.124998092651367,-0.2499980926513672
random_84,1.0,c013,9.687070846557617,-0.5000476837158203
random_84,1.0,c042,3.749966621398926,-0.12500858306884766
random_84,1.0,c009,-0.3125734329223633,0.2499856948852539
random_84,1.0,c047,1.3118677139282227,0.374755859375
random_84,1.0,c050,1.5618782043457031,0.3753490447998047
random_84,1.0,c043,1.3745622634887695,0.6247158050537109
random_84,1.0,c016,3.124971389770508,0.6250324249267578
random_84,1.0,c014,2.3124942779541016,0.5000057220458984
random_84,1.0,c041,-2.000054359436035,0.6875238418579102
random_84,1.0,c006,1.124685287475586,-0.18718242645263672
random_84,1.0,c039,-2.0621566772460938,0.00014972686767578125
random_84,1.0,c017,4.062371253967285,0.6250286102294922
random_84,1.0,c058,0.1250019073486328,-0.1875019073486328
random_84,1.0,c002,2.624964714050293,0.24998188018798828
random_84,1.0,c024,1.3123226165771484,0.4376039505004883
random_84,1.0,c023,2.062483787536621,0.18749332427978516
random_84,1.0,c022,0.31251049041748047,0.18750476837158203
random_84,1.0,c056,1.9343175888061523,0.31229400634765625
random_84,-4.0,c041,-0.1251392364501953,-2.3124523162841797
random_84,-4.0,c006,0.4997692108154297,-1.9372291564941406
random_84,-4.0,c039,0.6250143051147461,-0.6874914169311523
random_84,-4.0,c017,3.687448501586914,-1.3125228881835938
random_84,-4.0,c058,0.062496185302734375,-0.5625038146972656
random_84,-4.0,c002,0.24999141693115234,-1.1874933242797852
random_84,-4.0,c024,-0.562403678894043,-0.624821662902832
random_84,-4.0,c023,1.999567985534668,-0.3752565383911133
random_84,-4.0,c022,1.5000762939453125,-1.1873083114624023
random_84,-4.0,c056,-0.07204246520996094,-0.8061790466308594
random_84,-4.0,c029,-2.000002861022949,-0.2500038146972656
random_84,-4.0,c025,-1.3748655319213867,-0.6249160766601562
random_84,-4.0,c000,0.8748140335083008,-2.061391830444336
random_84,-4.0,c036,-0.9384307861328125,-1.6879777908325195
random_84,-4.0,c020,9.124824523925781,0.0001373291015625
random_84,-4.0,c011,3.2499732971191406,-1.1874427795410156
random_84,-4.0,c003,-0.12528514862060547,-2.0626907348632812
random_84,-4.0,c045,7.312289237976074,-0.3749361038208008
random_84,-4.0,c046,-0.6905250549316406,0.30828094482421875
random_84,-4.0,c044,10.312015533447266,0.25087738037109375
random_84,-4.0,c008,-1.5,-0.375
random_84,-4.0,c049,4.249996185302734,-0.125
random_84,-4.0,c013,10.3746919631958,0.18757343292236328
random_84,-4.0,c042,2.8124256134033203,-1.0625495910644531
random_84,-4.0,c009,-1.125077247619629,-0.5625181198120117
random_84,-4.0,c047,-0.8138542175292969,-1.7509660720825195
random_84,-4.0,c050,-0.25317859649658203,-1.4397077560424805
random_84,-4.0,c043,-0.4389190673828125,-1.188765525817871
random_84,-4.0,c016,1.062394142150879,-1.437544822692871
random_84,-4.0,c014,1.3124809265136719,-0.5000076293945312
random_84,-4.0,c041,-4.312565803527832,-1.6249876022338867
random_84,-4.0,c006,0.18657207489013672,-1.125295639038086
random_84,-4.0,c039,-1.4999961853027344,0.5623102188110352
random_84,-4.0,c017,2.0623703002929688,-1.3749723434448242
random_84,-4.0,c058,1.4375019073486328,1.1249980926513672
random_84,-4.0,c002,1.62493896484375,-0.7500438690185547
random_84,-4.0,c024,0.31200313568115234,-0.5627155303955078
random_84,-4.0,c023,1.9997177124023438,0.12472724914550781
random_84,-4.0,c022,-0.8750810623168945,-1.000086784362793
random_84,-4.0,c056,0.18692302703857422,-1.4351005554199219
random_84,4.0,c041,3.437178611755371,1.2498655319213867
random_84,4.0,c006,3.311509132385254,0.8745107650756836
random_84,4.0,c039,2.1875,0.8749942779541016
random_84,4.0,c017,5.562292098999023,0.5623207092285156
random_84,4.0,c058,1.8749980926513672,1.2499980926513672
random_84,4.0,c002,2.93747615814209,1.4999914169311523
random_84,4.0,c024,1.0624217987060547,1.0000038146972656
random_84,4.0,c023,2.3124961853027344,-0.062328338623046875
random_84,4.0,c022,3.624264717102051,0.9368801116943359
random_84,4.0,c056,1.4339818954467773,0.6998453140258789
random_84,4.0,c029,-2.187498092651367,-0.4374990463256836
random_84,4.0,c025,0.6879739761352539,1.4379234313964844
random_84,4.0,c000,2.9992246627807617,0.063018798828125
random_84,4.0,c036,1.6860857009887695,0.9365386962890625
random_84,4.0,c020,7.43690299987793,-1.687784194946289
random_84,4.0,c011,4.249874114990234,-0.18754196166992188
random_84,4.0,c003,3.31246280670166,1.3750572204589844
random_84,4.0,c045,6.686798095703125,-1.00042724609375
random_84,4.0,c046,1.3183345794677734,2.317140579223633
random_84,4.0,c044,8.497405052185059,-1.5637331008911133
random_84,4.0,c008,-1.625,-0.5
random_84,4.0,c049,4.062496185302734,-0.3125
random_84,4.0,c013,8.248862266540527,-1.9382562637329102
random_84,4.0,c042,3.374958038330078,-0.5000171661376953
random_84,4.0,c009,0.7497196197509766,1.3122787475585938
random_84,4.0,c047,2.5619029998779297,1.624791145324707
random_84,4.0,c050,1.811767578125,0.6252384185791016
random_84,4.0,c043,2.063532829284668,1.3136863708496094
random_84,4.0,c016,3.624884605407715,1.1249456405639648
random_84,4.0,c014,3.3749122619628906,1.5624237060546875
random_84,4.0,c041,0.37465858459472656,3.062236785888672
random_84,4.0,c006,2.4995784759521484,1.1877107620239258
random_84,4.0,c039,-1.62481689453125,0.43748950958251953
random_84,4.0,c017,3.9997825622558594,0.5624399185180664
random_84,4.0,c058,-0.1875,-0.5000038146972656
random_84,4.0,c002,2.9998836517333984,0.6249008178710938
random_84,4.0,c024,2.3123779296875,1.4376592636108398
random_84,4.0,c023,2.625040054321289,0.7500495910644531
random_84,4.0,c022,1.3750314712524414,1.250025749206543
random_84,4.0,c056,2.496824264526367,0.8748006820678711
random_85,-1.0,c041,2.8745012283325195,0.6871881484985352
random_85,-1.0,c006,3.0600204467773438,0.6230220794677734
random_85,-1.0,c039,2.000006675720215,0.6875009536743164
random_85,-1.0,c017,5.437358856201172,0.43738746643066406
random_85,-1.0,c058,0.9999980926513672,0.3749980926513672
random_85,-1.0,c002,2.2500104904174805,0.812525749206543
random_85,-1.0,c024,0.18720054626464844,0.12478256225585938
random_85,-1.0,c023,2.6868934631347656,0.3120689392089844
random_85,-1.0,c022,3.4374189376831055,0.7500343322753906
random_85,-1.0,c056,0.8588838577270508,0.12474727630615234
random_85,-1.0,c029,-1.4375019073486328,0.3124971389770508
random_85,-1.0,c025,-0.5620250701904297,0.18792438507080078
random_85,-1.0,c000,3.2460546493530273,0.3098487854003906
random_85,-1.0,c036,1.12384033203125,0.37429332733154297
random_85,-1.0,c020,8.311699867248535,-0.8129873275756836
random_85,-1.0,c011,5.187324523925781,0.749908447265625
random_85,-1.0,c003,2.4374046325683594,0.4999990463256836
random_85,-1.0,c045,7.2487382888793945,-0.43848705291748047
random_85,-1.0,c046,0.06496810913085938,1.0637741088867188
random_85,-1.0,c044,9.183095932006836,-0.8780422210693359
random_85,-1.0,c008,-0.75,0.375
random_85,-1.0,c049,4.812494277954102,0.4374980926513672
random_85,-1.0,c013,8.873873710632324,-1.3132448196411133
random_85,-1.0,c042,4.687315940856934,0.8123407363891602
random_85,-1.0,c009,-0.06262493133544922,0.49993419647216797
random_85,-1.0,c047,1.6853342056274414,0.7482223510742188
random_85,-1.0,c050,1.4359102249145508,0.24938106536865234
random_85,-1.0,c043,1.8111391067504883,1.0612926483154297
random_85,-1.0,c016,3.124823570251465,0.6248846054077148
random_85,-1.0,c014,2.4374542236328125,0.6249656677246094
random_85,-1.0,c041,-2.062596321105957,0.6249818801879883
random_85,-1.0,c006,2.061612129211426,0.7497444152832031
random_85,-1.0,c039,-1.3745307922363281,0.6877756118774414
random_85,-1.0,c017,3.874805450439453,0.43746280670166016
random_85,-1.0,c058,0.5,0.18749618530273438
random_85,-1.0,c002,2.9374313354492188,0.5624485015869141
random_85,-1.0,c024,1.561488151550293,0.6867694854736328
random_85,-1.0,c023,2.2498397827148438,0.3748493194580078
random_85,-1.0,c022,0.2499837875366211,0.12497806549072266
random_85,-1.0,c056,2.4902515411376953,0.8682279586791992
random_85,1.0,c041,1.5624284744262695,-0.6248846054077148
random_85,1.0,c006,1.9371986389160156,-0.4997997283935547
random_85,1.0,c039,1.312504768371582,-9.5367431640625e-07
random_85,1.0,c017,4.937473297119141,-0.06249809265136719
random_85,1.0,c058,0.2500019073486328,-0.3749980926513672
random_85,1.0,c002,0.9999980926513672,-0.4374866485595703
random_85,1.0,c024,-0.18752288818359375,-0.2499408721923828
random_85,1.0,c023,2.4998655319213867,0.12504100799560547
random_85,1.0,c022,2.1874847412109375,-0.49989986419677734
random_85,1.0,c056,-0.0036191940307617188,-0.7377557754516602
random_85,1.0,c029,-2.1874961853027344,-0.4374971389770508
random_85,1.0,c025,-0.687464714050293,0.0624847412109375
random_85,1.0,c000,2.062408447265625,-0.8737974166870117
random_85,1.0,c036,0.06239128112792969,-0.6871557235717773
random_85,1.0,c020,9.74985122680664,0.6251640319824219
random_85,1.0,c011,3.6249771118164062,-0.81243896484375
random_85,1.0,c003,0.9999732971191406,-0.9374322891235352
random_85,1.0,c045,8.562394142150879,0.8751688003540039
random_85,1.0,c046,-1.3120622634887695,-0.31325626373291016
random_85,1.0,c044,10.249547958374023,0.18840980529785156
random_85,1.0,c008,-1.75,-0.625
random_85,1.0,c049,4.374998092651367,1.9073486328125e-06
random_85,1.0,c013,10.31234359741211,0.12522506713867188
random_85,1.0,c042,3.0624961853027344,-0.8124790191650391
random_85,1.0,c009,-1.1875324249267578,-0.6249732971191406
random_85,1.0,c047,0.187408447265625,-0.7497034072875977
random_85,1.0,c050,0.9371194839477539,-0.24940967559814453
random_85,1.0,c043,-0.3749856948852539,-1.1248321533203125
random_85,1.0,c016,1.8749961853027344,-0.6249427795410156
random_85,1.0,c014,1.2499980926513672,-0.5624904632568359
random_85,1.0,c041,-3.0625057220458984,-0.3749275207519531
random_85,1.0,c006,0.24970054626464844,-1.0621671676635742
random_85,1.0,c039,-2.499866485595703,-0.4375600814819336
random_85,1.0,c017,3.124969482421875,-0.31237316131591797
random_85,1.0,c058,0.2500019073486328,-0.06250190734863281
random_85,1.0,c002,1.6874914169311523,-0.6874914169311523
random_85,1.0,c024,0.7499160766601562,-0.1248025894165039
random_85,1.0,c023,1.7500276565551758,-0.12496280670166016
random_85,1.0,c022,-0.3750143051147461,-0.5000200271606445
random_85,1.0,c056,1.4372129440307617,-0.18481063842773438
random_85,-4.0,c041,4.556110382080078,2.3687973022460938
random_85,-4.0,c006,4.594455718994141,2.1574573516845703
random_85,-4.0,c039,3.562586784362793,2.2500810623168945
random_85,-4.0,c017,5.436920166015625,0.4369487762451172
random_85,-4.0,c058,2.3749923706054688,1.7499923706054688
random_85,-4.0,c002,3.4373979568481445,1.999913215637207
random_85,-4.0,c024,0.8115463256835938,0.7491283416748047
random_85,-4.0,c023,3.1163320541381836,0.7415075302124023
random_85,-4.0,c022,4.31730842590332,1.6299238204956055
random_85,-4.0,c056,1.7902450561523438,1.0561084747314453
random_85,-4.0,c029,0.6250028610229492,2.375001907348633
random_85,-4.0,c025,0.7508821487426758,1.5008316040039062
random_85,-4.0,c000,3.8463973999023438,0.910191535949707
random_85,-4.0,c036,2.682795524597168,1.933248519897461
random_85,-4.0,c020,6.805983543395996,-2.3187036514282227
random_85,-4.0,c011,5.805643081665039,1.3682270050048828
random_85,-4.0,c003,2.999706268310547,1.062300682067871
random_85,-4.0,c045,6.430641174316406,-1.2565841674804688
random_85,-4.0,c046,2.248234748840332,3.2470407485961914
random_85,-4.0,c044,7.391735076904297,-2.669403076171875
random_85,-4.0,c008,0.875,2.0
random_85,-4.0,c049,4.874959945678711,0.49996376037597656
random_85,-4.0,c013,6.73774528503418,-3.449373245239258
random_85,-4.0,c042,4.9937543869018555,1.118779182434082
random_85,-4.0,c009,1.7498111724853516,2.3123703002929688
random_85,-4.0,c047,2.9800825119018555,2.042970657348633
random_85,-4.0,c050,2.4941883087158203,1.3076591491699219
random_85,-4.0,c043,2.9574108123779297,2.207564353942871
random_85,-4.0,c016,4.249021530151367,1.7490825653076172
random_85,-4.0,c014,3.685932159423828,1.873443603515625
random_85,-4.0,c041,0.3745298385620117,3.062108039855957
random_85,-4.0,c006,3.683500289916992,2.3716325759887695
random_85,-4.0,c039,0.8134346008300781,2.8757410049438477
random_85,-4.0,c017,4.499149322509766,1.0618066787719727
random_85,-4.0,c058,1.3124980926513672,0.9999942779541016
random_85,-4.0,c002,3.561971664428711,1.1869888305664062
random_85,-4.0,c024,2.493678092956543,1.6189594268798828
random_85,-4.0,c023,3.1800880432128906,1.3050975799560547
random_85,-4.0,c022,1.6875629425048828,1.5625572204589844
random_85,-4.0,c056,2.90301513671875,1.280991554260254
random_85,4.0,c041,0.3749980926513672,-1.8123149871826172
random_85,4.0,c006,-0.24999713897705078,-2.686995506286621
random_85,4.0,c039,-0.12499809265136719,-1.4375038146972656
random_85,4.0,c017,3.1874923706054688,-1.812479019165039
random_85,4.0,c058,0.2499980926513672,-0.3750019073486328
random_85,4.0,c002,-0.8125,-2.2499847412109375
random_85,4.0,c024,-0.1249990463256836,-0.18741703033447266
random_85,4.0,c023,1.5625,-0.8123245239257812
random_85,4.0,c022,0.8749980926513672,-1.8123865127563477
random_85,4.0,c056,-3.719329833984375e-05,-0.7341737747192383
random_85,4.0,c029,-2.374998092651367,-0.6249990463256836
random_85,4.0,c025,-0.5624980926513672,0.18745136260986328
random_85,4.0,c000,0.8750019073486328,-2.061203956604004
random_85,4.0,c036,-1.8125076293945312,-2.5620546340942383
random_85,4.0,c020,9.749987602233887,0.625300407409668
random_85,4.0,c011,-0.4375,-4.874916076660156
random_85,4.0,c003,-0.5000019073486328,-2.4374074935913086
random_85,4.0,c045,8.68749713897705,1.0002717971801758
random_85,4.0,c046,-1.6249723434448242,-0.6261663436889648
random_85,4.0,c044,11.24998664855957,1.1888484954833984
random_85,4.0,c008,-2.9375,-1.8125
random_85,4.0,c049,3.1875,-1.1874961853027344
random_85,4.0,c013,11.437493324279785,1.2503747940063477
random_85,4.0,c042,0.0,-3.8749752044677734
random_85,4.0,c009,-2.875001907348633,-2.3124427795410156
random_85,4.0,c047,-1.5625,-2.4996118545532227
random_85,4.0,c050,0.1874856948852539,-0.9990434646606445
random_85,4.0,c043,-1.8749980926513672,-2.624844551086426
random_85,4.0,c016,0.6249942779541016,-1.8749446868896484
random_85,4.0,c014,-0.6249961853027344,-2.4374847412109375
random_85,4.0,c041,-3.750009536743164,-1.0624313354492188
random_85,4.0,c006,-1.4375219345092773,-2.7493896484375
random_85,4.0,c039,-3.4374895095825195,-1.37518310546875
random_85,4.0,c017,1.3125019073486328,-2.12484073638916
random_85,4.0,c058,0.5625,0.24999618530273438
random_85,4.0,c002,0.0625,-2.3124828338623047
random_85,4.0,c024,-0.3124885559082031,-1.1872072219848633
random_85,4.0,c023,0.9999980926513672,-0.8749923706054688
random_85,4.0,c022,-1.4999980926513672,-1.6250038146972656
random_85,4.0,c056,0.25,-1.372023582458496
random_86,-1.0,c041,2.374635696411133,0.18732261657714844
random_86,-1.0,c006,1.9993925094604492,-0.4376058578491211
random_86,-1.0,c039,1.875004768371582,0.5624990463256836
random_86,-1.0,c017,4.687390327453613,-0.31258106231689453
random_86,-1.0,c058,0.1874980926513672,-0.4375019073486328
random_86,-1.0,c002,1.624990463256836,0.18750572204589844
random_86,-1.0,c024,0.06244373321533203,2.574920654296875e-05
random_86,-1.0,c023,2.43710994720459,0.062285423278808594
random_86,-1.0,c022,2.4374208450317383,-0.24996376037597656
random_86,-1.0,c056,0.42177772521972656,-0.3123588562011719
random_86,-1.0,c029,-1.874995231628418,-0.12499618530273438
random_86,-1.0,c025,-0.749725341796875,0.00022411346435546875
random_86,-1.0,c000,2.623894691467285,-0.31231117248535156
random_86,-1.0,c036,-0.00043773651123046875,-0.7499847412109375
random_86,-1.0,c020,8.06210708618164,-1.0625801086425781
random_86,-1.0,c011,4.374916076660156,-0.0625
random_86,-1.0,c003,1.6873960494995117,-0.25000953674316406
random_86,-1.0,c045,7.249386787414551,-0.4378385543823242
random_86,-1.0,c046,-0.8094882965087891,0.1893177032470703
random_86,-1.0,c044,9.061153411865234,-0.9999847412109375
random_86,-1.0,c008,-1.5,-0.375
random_86,-1.0,c049,3.4374961853027344,-0.9375
random_86,-1.0,c013,9.312019348144531,-0.8750991821289062
random_86,-1.0,c042,3.937443733215332,0.062468528747558594
random_86,-1.0,c009,-0.7500486373901367,-0.18748950958251953
random_86,-1.0,c047,0.4993915557861328,-0.43772029876708984
random_86,-1.0,c050,0.8119277954101562,-0.3746013641357422
random_86,-1.0,c043,0.43715953826904297,-0.3126869201660156
random_86,-1.0,c016,2.2499284744262695,-0.25001049041748047
random_86,-1.0,c014,1.6249980926513672,-0.18749046325683594
random_86,-1.0,c041,-3.3124656677246094,-0.6248874664306641
random_86,-1.0,c006,1.312032699584961,0.00016498565673828125
random_86,-1.0,c039,-2.0622406005859375,6.580352783203125e-05
random_86,-1.0,c017,3.1874475479125977,-0.2498950958251953
random_86,-1.0,c058,1.9073486328125e-06,-0.3125019073486328
random_86,-1.0,c002,2.4999685287475586,0.1249856948852539
random_86,-1.0,c024,0.9995765686035156,0.12485790252685547
random_86,-1.0,c023,1.687535285949707,-0.1874551773071289
random_86,-1.0,c022,-0.2500019073486328,-0.37500762939453125
random_86,-1.0,c056,1.4979829788208008,-0.12404060363769531
random_86,1.0,c041,2.8122243881225586,0.6249113082885742
random_86,1.0,c006,2.1243324279785156,-0.3126659393310547
random_86,1.0,c039,1.6250114440917969,0.31250572204589844
random_86,1.0,c017,5.187480926513672,0.18750953674316406
random_86,1.0,c058,1.2499980926513672,0.6249980926513672
random_86,1.0,c002,1.874995231628418,0.43751049041748047
random_86,1.0,c024,0.31242847442626953,0.25001049041748047
random_86,1.0,c023,2.812262535095215,0.4374380111694336
random_86,1.0,c022,3.1248884201049805,0.4375038146972656
random_86,1.0,c056,0.9857254028320312,0.2515888214111328
random_86,1.0,c029,-1.8124961853027344,-0.06249713897705078
random_86,1.0,c025,-0.187469482421875,0.5624799728393555
random_86,1.0,c000,2.748856544494629,-0.1873493194580078
random_86,1.0,c036,0.7494382858276367,-0.0001087188720703125
random_86,1.0,c020,9.562226295471191,0.43753910064697266
random_86,1.0,c011,4.687450408935547,0.2500343322753906
random_86,1.0,c003,1.8123807907104492,-0.12502479553222656
random_86,1.0,c045,8.437244415283203,0.7500190734863281
random_86,1.0,c046,-0.4991416931152344,0.499664306640625
random_86,1.0,c044,9.998231887817383,-0.06290626525878906
random_86,1.0,c008,-1.5625,-0.4375
random_86,1.0,c049,5.874996185302734,1.5
random_86,1.0,c013,10.2496337890625,0.0625152587890625
random_86,1.0,c042,4.187440872192383,0.3124656677246094
random_86,1.0,c009,-0.37502479553222656,0.18753433227539062
random_86,1.0,c047,1.5619640350341797,0.624852180480957
random_86,1.0,c050,1.374013900756836,0.1874847412109375
random_86,1.0,c043,1.2497882843017578,0.4999418258666992
random_86,1.0,c016,2.81240177154541,0.31246280670166016
random_86,1.0,c014,2.374990463256836,0.5625019073486328
random_86,1.0,c041,-2.6250171661376953,0.06256103515625
random_86,1.0,c006,1.312148094177246,0.0002803802490234375
random_86,1.0,c039,-1.7498111724853516,0.31249523162841797
random_86,1.0,c017,3.937394142150879,0.5000514984130859
random_86,1.0,c058,0.5625019073486328,0.2499980926513672
random_86,1.0,c002,2.8749494552612305,0.4999666213989258
random_86,1.0,c024,1.2498655319213867,0.37514686584472656
random_86,1.0,c023,1.8750019073486328,1.1444091796875e-05
random_86,1.0,c022,0.06249046325683594,-0.0625152587890625
random_86,1.0,c056,2.309292793273926,0.6872692108154297
random_86,-4.0,c041,0.8125009536743164,-1.374812126159668
random_86,-4.0,c006,1.5612106323242188,-0.8757877349853516
random_86,-4.0,c039,1.6875066757202148,0.3750009536743164
random_86,-4.0,c017,3.3123836517333984,-1.6875877380371094
random_86,-4.0,c058,-0.4375019073486328,-1.0625019073486328
random_86,-4.0,c002,0.5000438690185547,-0.9374408721923828
random_86,-4.0,c024,0.3750419616699219,0.3126239776611328
random_86,-4.0,c023,0.5622692108154297,-1.8125553131103516
random_86,-4.0,c022,0.8120479583740234,-1.8753366470336914
random_86,-4.0,c056,0.11954975128173828,-0.6145868301391602
random_86,-4.0,c029,-1.2499914169311523,0.5000076293945312
random_86,-4.0,c025,-0.8122243881225586,-0.062274932861328125
random_86,-4.0,c000,1.2496070861816406,-1.686598777770996
random_86,-4.0,c036,-0.687596321105957,-1.437143325805664
random_86,-4.0,c020,5.687161445617676,-3.437525749206543
random_86,-4.0,c011,2.437373161315918,-2.0000429153442383
random_86,-4.0,c003,0.81243896484375,-1.1249666213989258
random_86,-4.0,c045,4.374602317810059,-3.3126230239868164
random_86,-4.0,c046,-0.8706417083740234,0.12816429138183594
random_86,-4.0,c044,6.8720903396606445,-3.1890478134155273
random_86,-4.0,c008,-2.0,-0.875
random_86,-4.0,c049,0.3125,-4.062496185302734
random_86,-4.0,c013,6.812151908874512,-3.374966621398926
random_86,-4.0,c042,1.8749580383300781,-2.0000171661376953
random_86,-4.0,c009,-1.062570571899414,-0.5000114440917969
random_86,-4.0,c047,-0.2500934600830078,-1.1872053146362305
random_86,-4.0,c050,0.18703460693359375,-0.9994945526123047
random_86,-4.0,c043,-1.4962024688720703,-2.246048927307129
random_86,-4.0,c016,1.249974250793457,-1.249964714050293
random_86,-4.0,c014,0.6875371932983398,-1.1249513626098633
random_86,-4.0,c041,-2.6874828338623047,9.5367431640625e-05
random_86,-4.0,c006,0.12385368347167969,-1.188014030456543
random_86,-4.0,c039,-1.8121967315673828,0.2501096725463867
random_86,-4.0,c017,2.1874637603759766,-1.2498788833618164
random_86,-4.0,c058,-0.6250019073486328,-0.9375057220458984
random_86,-4.0,c002,0.9374866485595703,-1.4374961853027344
random_86,-4.0,c024,0.375213623046875,-0.49950504302978516
random_86,-4.0,c023,1.3124666213989258,-0.5625238418579102
random_86,-4.0,c022,-0.937199592590332,-1.0622053146362305
random_86,-4.0,c056,0.3736724853515625,-1.2483510971069336
random_86,4.0,c041,3.5624303817749023,1.375117301940918
random_86,4.0,c006,2.4997520446777344,0.06275367736816406
random_86,4.0,c039,1.6875314712524414,0.37502574920654297
random_86,4.0,c017,6.499917984008789,1.4999465942382812
random_86,4.0,c058,2.625,2.0
random_86,4.0,c002,3.124995231628418,1.6875104904174805
random_86,4.0,c024,0.49994754791259766,0.4375295639038086
random_86,4.0,c023,3.187397003173828,0.8125724792480469
random_86,4.0,c022,4.812411308288574,2.1250267028808594
random_86,4.0,c056,2.4944629669189453,1.7603263854980469
random_86,4.0,c029,-0.3749980926513672,1.3750009536743164
random_86,4.0,c025,0.6250295639038086,1.374979019165039
random_86,4.0,c000,3.3120155334472656,0.3758096694946289
random_86,4.0,c036,1.3118982315063477,0.5623512268066406
random_86,4.0,c020,11.312275886535645,2.187588691711426
random_86,4.0,c011,5.437465667724609,1.0000495910644531
random_86,4.0,c003,1.6874885559082031,-0.24991703033447266
random_86,4.0,c045,10.56221866607666,2.874993324279785
random_86,4.0,c046,0.5621089935302734,1.5609149932861328
random_86,4.0,c044,11.686251640319824,1.6251134872436523
random_86,4.0,c008,-0.6875019073486328,0.4374980926513672
random_86,4.0,c049,9.374983787536621,4.999987602233887
random_86,4.0,c013,11.186185836791992,0.9990673065185547
random_86,4.0,c042,4.4373626708984375,0.5623874664306641
random_86,4.0,c009,0.7499513626098633,1.3125104904174805
random_86,4.0,c047,2.68701171875,1.7498998641967773
random_86,4.0,c050,2.248927116394043,1.0623979568481445
random_86,4.0,c043,2.311861991882324,1.5620155334472656
random_86,4.0,c016,4.124873161315918,1.624934196472168
random_86,4.0,c014,3.2499465942382812,1.4374580383300781
random_86,4.0,c041,-1.6250858306884766,1.0624923706054688
random_86,4.0,c006,2.124357223510742,0.8124895095825195
random_86,4.0,c039,-0.6870355606079102,1.3752708435058594
random_86,4.0,c017,4.437384605407715,1.0000419616699219
random_86,4.0,c058,1.7500019073486328,1.4374980926513672
random_86,4.0,c002,3.7499847412109375,1.3750019073486328
random_86,4.0,c024,2.1248245239257812,1.250105857849121
random_86,4.0,c023,3.124910354614258,1.2499198913574219
random_86,4.0,c022,1.2499866485595703,1.1249809265136719
random_86,4.0,c056,3.1240615844726562,1.5020380020141602
random_87,-1.0,c041,2.499661445617676,0.3123483657836914
random_87,-1.0,c006,2.499688148498535,0.06268978118896484
random_87,-1.0,c039,1.062509536743164,-0.24999618530273438
random_87,-1.0,c017,4.874940872192383,-0.125030517578125
random_87,-1.0,c058,0.6249980926513672,-1.9073486328125e-06
random_87,-1.0,c002,1.5624752044677734,0.12499046325683594
random_87,-1.0,c024,-6.103515625e-05,-0.06247901916503906
random_87,-1.0,c023,2.249844551086426,-0.12497997283935547
random_87,-1.0,c022,2.7499608993530273,0.0625762939453125
random_87,-1.0,c056,0.1148519515991211,-0.6192846298217773
random_87,-1.0,c029,-1.999995231628418,-0.24999618530273438
random_87,-1.0,c025,-0.5622892379760742,0.18766021728515625
random_87,-1.0,c000,2.811708450317383,-0.1244974136352539
random_87,-1.0,c036,0.37451839447021484,-0.3750286102294922
random_87,-1.0,c020,9.249829292297363,0.12514209747314453
random_87,-1.0,c011,4.749963760375977,0.3125476837158203
random_87,-1.0,c003,2.062436103820801,0.125030517578125
random_87,-1.0,c045,7.562178611755371,-0.1250467300415039
random_87,-1.0,c046,-0.8114385604858398,0.18736743927001953
random_87,-1.0,c044,9.873695373535156,-0.18744277954101562
random_87,-1.0,c008,-1.5,-0.375
random_87,-1.0,c049,4.624996185302734,0.25
random_87,-1.0,c013,10.249635696411133,0.06251716613769531
random_87,-1.0,c042,3.8749351501464844,-4.00543212890625e-05
random_87,-1.0,c009,-0.9375514984130859,-0.37499237060546875
random_87,-1.0,c047,1.0622034072875977,0.125091552734375
random_87,-1.0,c050,0.874323844909668,-0.31220531463623047
random_87,-1.0,c043,1.3122587203979492,0.5624122619628906
random_87,-1.0,c016,2.6249637603759766,0.12502479553222656
random_87,-1.0,c014,2.124971389770508,0.3124828338623047
random_87,-1.0,c041,-2.875009536743164,-0.18743133544921875
random_87,-1.0,c006,1.3116483688354492,-0.0002193450927734375
random_87,-1.0,c039,-1.9997873306274414,0.06251907348632812
random_87,-1.0,c017,3.437464714050293,0.0001220703125
random_87,-1.0,c058,0.5000019073486328,0.1874980926513672
random_87,-1.0,c002,2.187488555908203,-0.18749427795410156
random_87,-1.0,c024,1.312443733215332,0.4377250671386719
random_87,-1.0,c023,1.9999504089355469,0.12495994567871094
random_87,-1.0,c022,5.7220458984375e-06,-0.125
random_87,-1.0,c056,1.7495203018188477,0.12749671936035156
random_87,1.0,c041,2.3121261596679688,0.12481307983398438
random_87,1.0,c006,2.436460494995117,-0.000537872314453125
random_87,1.0,c039,2.1249914169311523,0.8124856948852539
random_87,1.0,c017,4.687458038330078,-0.3125133514404297
random_87,1.0,c058,1.0624980926513672,0.4374980926513672
random_87,1.0,c002,1.2500028610229492,-0.18748188018798828
random_87,1.0,c024,0.4372549057006836,0.37483692169189453
random_87,1.0,c023,2.8746814727783203,0.49985694885253906
random_87,1.0,c022,2.437417984008789,-0.24996662139892578
random_87,1.0,c056,0.42789745330810547,-0.30623912811279297
random_87,1.0,c029,-1.8124971389770508,-0.06249809265136719
random_87,1.0,c025,-0.4373769760131836,0.3125724792480469
random_87,1.0,c000,2.4990882873535156,-0.4371175765991211
random_87,1.0,c036,0.811558723449707,0.06201171875
random_87,1.0,c020,8.937019348144531,-0.1876678466796875
random_87,1.0,c011,4.562421798706055,0.12500572204589844
random_87,1.0,c003,1.8748903274536133,-0.0625152587890625
random_87,1.0,c045,8.062140464782715,0.37491512298583984
random_87,1.0,c046,-0.4994783401489258,0.4993276596069336
random_87,1.0,c044,9.622930526733398,-0.43820762634277344
random_87,1.0,c008,-0.9375,0.1875
random_87,1.0,c049,4.499996185302734,0.125
random_87,1.0,c013,9.93696403503418,-0.2501544952392578
random_87,1.0,c042,3.99993896484375,0.12496376037597656
random_87,1.0,c009,-0.18756484985351562,0.37499427795410156
random_87,1.0,c047,0.3114337921142578,-0.6256780624389648
random_87,1.0,c050,1.124192237854004,-0.06233692169189453
random_87,1.0,c043,0.9373655319213867,0.18751907348632812
random_87,1.0,c016,2.499972343444824,3.337860107421875e-05
random_87,1.0,c014,1.5625057220458984,-0.2499828338623047
random_87,1.0,c041,-2.500072479248047,0.18750572204589844
random_87,1.0,c006,1.3744211196899414,0.06255340576171875
random_87,1.0,c039,-1.499929428100586,0.5623769760131836
random_87,1.0,c017,3.124910354614258,-0.31243228912353516
random_87,1.0,c058,1.9073486328125e-06,-0.3125019073486328
random_87,1.0,c002,2.249988555908203,-0.12499427795410156
random_87,1.0,c024,0.8747520446777344,3.337860107421875e-05
random_87,1.0,c023,1.74993896484375,-0.12505149841308594
random_87,1.0,c022,8.58306884765625e-06,-0.12499713897705078
random_87,1.0,c056,1.8106756210327148,0.18865203857421875
random_87,-4.0,c041,2.0000085830688477,-0.18730449676513672
random_87,-4.0,c006,2.3123226165771484,-0.12467575073242188
random_87,-4.0,c039,0.9375228881835938,-0.3749828338623047
random_87,-4.0,c017,4.312480926513672,-0.6874904632568359
random_87,-4.0,c058,1.375,0.75
random_87,-4.0,c002,2.125062942504883,0.6875782012939453
random_87,-4.0,c024,0.624974250793457,0.562556266784668
random_87,-4.0,c023,1.8749322891235352,-0.4998922348022461
random_87,-4.0,c022,2.562544822692871,-0.12483978271484375
random_87,-4.0,c056,0.7468729019165039,0.012736320495605469
random_87,-4.0,c029,-2.4999942779541016,-0.749995231628418
random_87,-4.0,c025,-0.31246280670166016,0.4374866485595703
random_87,-4.0,c000,2.3749570846557617,-0.561248779296875
random_87,-4.0,c036,-0.3752298355102539,-1.124776840209961
random_87,-4.0,c020,9.499896049499512,0.37520885467529297
random_87,-4.0,c011,4.125011444091797,-0.3124046325683594
random_87,-4.0,c003,0.8750486373901367,-1.062356948852539
random_87,-4.0,c045,7.562355995178223,-0.12486934661865234
random_87,-4.0,c046,-0.8741579055786133,0.1246480941772461
random_87,-4.0,c044,10.187134742736816,0.12599658966064453
random_87,-4.0,c008,-2.5,-1.375
random_87,-4.0,c049,4.374996185302734,0.0
random_87,-4.0,c013,10.12477970123291,-0.062338829040527344
random_87,-4.0,c042,2.4374847412109375,-1.437490463256836
random_87,-4.0,c009,-1.625009536743164,-1.0624504089355469
random_87,-4.0,c047,1.750020980834961,0.8129091262817383
random_87,-4.0,c050,0.5622100830078125,-0.6243190765380859
random_87,-4.0,c043,1.875199317932129,1.1253528594970703
random_87,-4.0,c016,2.437495231628418,-0.06244373321533203
random_87,-4.0,c014,3.1249876022338867,1.3124990463256836
random_87,-4.0,c041,-1.750025749206543,0.9375524520874023
random_87,-4.0,c006,0.8743143081665039,-0.43755340576171875
random_87,-4.0,c039,-2.6870288848876953,-0.6247224807739258
random_87,-4.0,c017,3.874971389770508,0.43762874603271484
random_87,-4.0,c058,1.1250057220458984,0.8125019073486328
random_87,-4.0,c002,1.500016212463379,-0.8749666213989258
random_87,-4.0,c024,3.062563896179199,2.187845230102539
random_87,-4.0,c023,2.937533378601074,1.0625429153442383
random_87,-4.0,c022,0.49997997283935547,0.37497425079345703
random_87,-4.0,c056,1.4374361038208008,-0.1845874786376953
random_87,4.0,c041,2.7497034072875977,0.5623903274536133
random_87,4.0,c006,2.5619449615478516,0.12494659423828125
random_87,4.0,c039,2.4999752044677734,1.187469482421875
random_87,4.0,c017,4.749818801879883,-0.250152587890625
random_87,4.0,c058,1.4999961853027344,0.8749961853027344
random_87,4.0,c002,1.3124961853027344,-0.12498855590820312
random_87,4.0,c024,0.4373025894165039,0.37488460540771484
random_87,4.0,c023,2.1246109008789062,-0.250213623046875
random_87,4.0,c022,2.3122177124023438,-0.3751668930053711
random_87,4.0,c056,1.6777849197387695,0.9436483383178711
random_87,4.0,c029,-1.1875085830688477,0.5624904632568359
random_87,4.0,c025,-0.18745994567871094,0.5624895095825195
random_87,4.0,c000,2.748830795288086,-0.18737506866455078
random_87,4.0,c036,0.7492952346801758,-0.00025177001953125
random_87,4.0,c020,8.812081336975098,-0.3126058578491211
random_87,4.0,c011,3.874988555908203,-0.5624275207519531
random_87,4.0,c003,1.7499237060546875,-0.18748188018798828
random_87,4.0,c045,7.936766624450684,0.2495412826538086
random_87,4.0,c046,0.12598800659179688,1.1247940063476562
random_87,4.0,c044,9.433867454528809,-0.6272706985473633
random_87,4.0,c008,-0.5,0.625
random_87,4.0,c049,5.249994277954102,0.8749980926513672
random_87,4.0,c013,8.249526977539062,-1.937591552734375
random_87,4.0,c042,2.749950408935547,-1.1250247955322266
random_87,4.0,c009,0.9997987747192383,1.5623579025268555
random_87,4.0,c047,-0.1262187957763672,-1.0633306503295898
random_87,4.0,c050,1.061854362487793,-0.12467479705810547
random_87,4.0,c043,0.6868505477905273,-0.06299591064453125
random_87,4.0,c016,2.124940872192383,-0.3749980926513672
random_87,4.0,c014,1.3749942779541016,-0.43749427795410156
random_87,4.0,c041,-1.8754158020019531,0.8121623992919922
random_87,4.0,c006,1.4372825622558594,0.12541484832763672
random_87,4.0,c039,-0.5001802444458008,1.5621261596679688
random_87,4.0,c017,2.6249313354492188,-0.8124113082885742
random_87,4.0,c058,0.125,-0.18750381469726562
random_87,4.0,c002,2.3749465942382812,-3.62396240234375e-05
random_87,4.0,c024,0.8745832443237305,-0.0001354217529296875
random_87,4.0,c023,1.6248188018798828,-0.2501716613769531
random_87,4.0,c022,0.3124990463256836,0.18749332427978516
random_87,4.0,c056,1.9342880249023438,0.31226444244384766
random_88,-1.0,c041,2.0622873306274414,-0.12502574920654297
random_88,-1.0,c006,2.3745059967041016,-0.06249237060546875
random_88,-1.0,c039,1.4375076293945312,0.1250019073486328
random_88,-1.0,c017,5.562412261962891,0.5624408721923828
random_88,-1.0,c058,0.6249980926513672,-1.9073486328125e-06
random_88,-1.0,c002,1.0624799728393555,-0.37500476837158203
random_88,-1.0,c024,-0.5625209808349609,-0.62493896484375
random_88,-1.0,c023,1.8745317459106445,-0.5002927780151367
random_88,-1.0,c022,2.437485694885254,-0.24989891052246094
random_88,-1.0,c056,-0.23244476318359375,-0.9665813446044922
random_88,-1.0,c029,-2.187498092651367,-0.4374990463256836
random_88,-1.0,c025,-1.4998807907104492,-0.7499313354492188
random_88,-1.0,c000,1.8741416931152344,-1.0620641708374023
random_88,-1.0,c036,-0.125732421875,-0.875279426574707
random_88,-1.0,c020,8.749655723571777,-0.3750314712524414
random_88,-1.0,c011,5.062411308288574,0.624995231628418
random_88,-1.0,c003,1.6874818801879883,-0.2499237060546875
random_88,-1.0,c045,8.124228477478027,0.43700313568115234
random_88,-1.0,c046,-1.186624526977539,-0.1878185272216797
random_88,-1.0,c044,10.183487892150879,0.12234973907470703
random_88,-1.0,c008,-2.375,-1.25
random_88,-1.0,c049,4.187496185302734,-0.1875
random_88,-1.0,c013,10.0614652633667,-0.12565326690673828
random_88,-1.0,c042,4.3748884201049805,0.49991321563720703
random_88,-1.0,c009,-0.9375638961791992,-0.37500476837158203
random_88,-1.0,c047,1.2492122650146484,0.3121004104614258
random_88,-1.0,c050,0.9368305206298828,-0.24969863891601562
random_88,-1.0,c043,0.49904727935791016,-0.25079917907714844
random_88,-1.0,c016,2.437436103820801,-0.06250286102294922
random_88,-1.0,c014,1.9999628067016602,0.18747425079345703
random_88,-1.0,c041,-3.062596321105957,-0.3750181198120117
random_88,-1.0,c006,1.3741378784179688,0.062270164489746094
random_88,-1.0,c039,-2.374876022338867,-0.31256961822509766
random_88,-1.0,c017,3.624828338623047,0.1874856948852539
random_88,-1.0,c058,0.1875,-0.12500381469726562
random_88,-1.0,c002,1.937474250793457,-0.43750858306884766
random_88,-1.0,c024,0.8120584487915039,-0.06266021728515625
random_88,-1.0,c023,1.8123455047607422,-0.06264495849609375
random_88,-1.0,c022,-0.6250400543212891,-0.7500457763671875
random_88,-1.0,c056,1.5606822967529297,-0.061341285705566406
random_88,1.0,c041,2.499873161315918,0.3125600814819336
random_88,1.0,c006,2.2493247985839844,-0.18767356872558594
random_88,1.0,c039,1.8124990463256836,0.49999332427978516
random_88,1.0,c017,4.812375068664551,-0.18759632110595703
random_88,1.0,c058,0.5625,-0.0625
random_88,1.0,c002,2.1250057220458984,0.6875209808349609
random_88,1.0,c024,0.6874160766601562,0.6249980926513672
random_88,1.0,c023,2.9997053146362305,0.6248807907104492
random_88,1.0,c022,2.999587059020996,0.31220245361328125
random_88,1.0,c056,1.3080072402954102,0.5738706588745117
random_88,1.0,c029,-1.25,0.4999990463256836
random_88,1.0,c025,-0.06249427795410156,0.6874551773071289
random_88,1.0,c000,2.999286651611328,0.0630807876586914
random_88,1.0,c036,0.9372043609619141,0.18765735626220703
random_88,1.0,c020,8.999860763549805,-0.12482643127441406
random_88,1.0,c011,4.187467575073242,-0.24994850158691406
random_88,1.0,c003,2.1249170303344727,0.18751144409179688
random_88,1.0,c045,7.312305450439453,-0.3749198913574219
random_88,1.0,c046,-0.18653583526611328,0.8122701644897461
random_88,1.0,c044,9.436236381530762,-0.6249017715454102
random_88,1.0,c008,-0.25,0.875
random_88,1.0,c049,4.374998092651367,1.9073486328125e-06
random_88,1.0,c013,9.249849319458008,-0.9372692108154297
random_88,1.0,c042,3.749967575073242,-0.12500762939453125
random_88,1.0,c009,-0.06255626678466797,0.5000028610229492
random_88,1.0,c047,0.8123197555541992,-0.12479209899902344
random_88,1.0,c050,1.062159538269043,-0.12436962127685547
random_88,1.0,c043,1.1872873306274414,0.4374408721923828
random_88,1.0,c016,2.562467575073242,0.06252861022949219
random_88,1.0,c014,2.1249923706054688,0.3125038146972656
random_88,1.0,c041,-2.187493324279785,0.5000848770141602
random_88,1.0,c006,1.4995288848876953,0.18766117095947266
random_88,1.0,c039,-1.4998950958251953,0.5624113082885742
random_88,1.0,c017,3.312458038330078,-0.12488460540771484
random_88,1.0,c058,0.5000019073486328,0.1874980926513672
random_88,1.0,c002,2.9999399185180664,0.6249570846557617
random_88,1.0,c024,1.6873483657836914,0.8126296997070312
random_88,1.0,c023,2.3124141693115234,0.4374237060546875
random_88,1.0,c022,0.5625152587890625,0.43750953674316406
random_88,1.0,c056,2.123929023742676,0.5019054412841797
random_88,-4.0,c041,2.3113632202148438,0.12405014038085938
random_88,-4.0,c006,2.0591773986816406,-0.3778209686279297
random_88,-4.0,c039,0.6875104904174805,-0.624995231628418
random_88,-4.0,c017,5.561527252197266,0.5615558624267578
random_88,-4.0,c058,2.8749942779541016,2.2499942779541016
random_88,-4.0,c002,0.7493429183959961,-0.6881418228149414
random_88,-4.0,c024,-1.312814712524414,-1.3752326965332031
random_88,-4.0,c023,1.3730888366699219,-1.0017356872558594
random_88,-4.0,c022,2.061857223510742,-0.6255273818969727
random_88,-4.0,c056,-1.5267705917358398,-2.2609071731567383
random_88,-4.0,c029,-1.5624971389770508,0.1875019073486328
random_88,-4.0,c025,-1.8138055801391602,-1.0638561248779297
random_88,-4.0,c000,1.7477121353149414,-1.1884937286376953
random_88,-4.0,c036,-0.6923017501831055,-1.4418487548828125
random_88,-4.0,c020,9.058756828308105,-0.06593036651611328
random_88,-4.0,c011,6.1239166259765625,1.6865005493164062
random_88,-4.0,c003,1.435934066772461,-0.5014715194702148
random_88,-4.0,c045,8.431316375732422,0.7440910339355469
random_88,-4.0,c046,-1.2403268814086914,-0.24152088165283203
random_88,-4.0,c044,9.864813804626465,-0.19632434844970703
random_88,-4.0,c008,-2.6875,-1.5625
random_88,-4.0,c049,3.8749923706054688,-0.5000038146972656
random_88,-4.0,c013,9.119837760925293,-1.0672807693481445
random_88,-4.0,c042,4.810633659362793,0.9356584548950195
random_88,-4.0,c009,-2.2500991821289062,-1.687540054321289
random_88,-4.0,c047,3.297269821166992,2.3601579666137695
random_88,-4.0,c050,0.9286355972290039,-0.25789356231689453
random_88,-4.0,c043,0.4930992126464844,-0.2567472457885742
random_88,-4.0,c016,2.5620689392089844,0.062129974365234375
random_88,-4.0,c014,2.874561309814453,1.06207275390625
random_88,-4.0,c041,-2.5009546279907227,0.18662357330322266
random_88,-4.0,c006,0.8678054809570312,-0.4440622329711914
random_88,-4.0,c039,-2.0616016387939453,0.0007047653198242188
random_88,-4.0,c017,4.310240745544434,0.8728981018066406
random_88,-4.0,c058,0.875,0.5624961853027344
random_88,-4.0,c002,1.4997682571411133,-0.8752145767211914
random_88,-4.0,c024,-0.0028629302978515625,-0.8775815963745117
random_88,-4.0,c023,2.6854686737060547,0.8104782104492188
random_88,-4.0,c022,-0.8754367828369141,-1.0004425048828125
random_88,-4.0,c056,-0.19426345825195312,-1.8162870407104492
random_88,4.0,c041,2.5623703002929688,0.3750572204589844
random_88,4.0,c006,2.7492828369140625,0.3122844696044922
random_88,4.0,c039,1.9375057220458984,0.625
random_88,4.0,c017,4.2499799728393555,-0.7499914169311523
random_88,4.0,c058,0.75,0.125
random_88,4.0,c002,2.687490463256836,1.2500057220458984
random_88,4.0,c024,1.437373161315918,1.374955177307129
random_88,4.0,c023,3.1872596740722656,0.8124351501464844
random_88,4.0,c022,3.2499008178710938,0.5625162124633789
random_88,4.0,c056,2.811861038208008,2.0777244567871094
random_88,4.0,c029,-1.9073486328125e-06,1.7499971389770508
random_88,4.0,c025,1.0000133514404297,1.7499628067016602
random_88,4.0,c000,3.436990737915039,0.5007848739624023
random_88,4.0,c036,1.0621910095214844,0.31264400482177734
random_88,4.0,c020,6.624920845031738,-2.4997663497924805
random_88,4.0,c011,3.3124685287475586,-1.1249475479125977
random_88,4.0,c003,1.999974250793457,0.06256866455078125
random_88,4.0,c045,6.124972343444824,-1.5622529983520508
random_88,4.0,c046,0.6874885559082031,1.6862945556640625
random_88,4.0,c044,6.687398910522461,-3.373739242553711
random_88,4.0,c008,1.3749980926513672,2.499998092651367
random_88,4.0,c049,3.562498092651367,-0.8124980926513672
random_88,4.0,c013,7.937466621398926,-2.2496519088745117
random_88,4.0,c042,2.249998092651367,-1.6249771118164062
random_88,4.0,c009,1.0624170303344727,1.6249761581420898
random_88,4.0,c047,0.31245994567871094,-0.6246519088745117
random_88,4.0,c050,0.8124055862426758,-0.37412357330322266
random_88,4.0,c043,1.437331199645996,0.6874847412109375
random_88,4.0,c016,2.3749799728393555,-0.12495899200439453
random_88,4.0,c014,2.062504768371582,0.2500162124633789
random_88,4.0,c041,-0.6250247955322266,2.0625534057617188
random_88,4.0,c006,1.687373161315918,0.3755054473876953
random_88,4.0,c039,-0.6247978210449219,1.4375085830688477
random_88,4.0,c017,2.7499866485595703,-0.6873559951782227
random_88,4.0,c058,1.75,1.4374961853027344
random_88,4.0,c002,3.4374732971191406,1.062490463256836
random_88,4.0,c024,1.9373931884765625,1.0626745223999023
random_88,4.0,c023,2.187467575073242,0.31247711181640625
random_88,4.0,c022,1.9999895095825195,1.874983787536621
random_88,4.0,c056,2.812122344970703,1.190098762512207
random_89,-1.0,c041,2.6867103576660156,0.49939727783203125
random_89,-1.0,c006,2.248806953430176,-0.18819141387939453
random_89,-1.0,c039,2.1249990463256836,0.8124933242797852
random_89,-1.0,c017,5.749851226806641,0.7498798370361328
random_89,-1.0,c058,1.0,0.375
random_89,-1.0,c002,1.937479019165039,0.49999427795410156
random_89,-1.0,c024,0.24997234344482422,0.18755435943603516
random_89,-1.0,c023,2.8121442794799805,0.4373197555541992
random_89,-1.0,c022,3.3744287490844727,0.6870441436767578
random_89,-1.0,c056,0.8613147735595703,0.12717819213867188
random_89,-1.0,c029,-1.8749980926513672,-0.1249990463256836
random_89,-1.0,c025,-0.6248283386230469,0.1251211166381836
random_89,-1.0,c000,2.8734731674194336,-0.06273269653320312
random_89,-1.0,c036,0.8115139007568359,0.061966896057128906
random_89,-1.0,c020,8.686905860900879,-0.43778133392333984
random_89,-1.0,c011,4.8747711181640625,0.43735504150390625
random_89,-1.0,c003,2.1874237060546875,0.2500181198120117
random_89,-1.0,c045,7.686969757080078,-0.000255584716796875
random_89,-1.0,c046,-0.3764314651489258,0.6223745346069336
random_89,-1.0,c044,9.435718536376953,-0.6254196166992188
random_89,-1.0,c008,-0.5,0.625
random_89,-1.0,c049,4.249996185302734,-0.125
random_89,-1.0,c013,9.686946868896484,-0.5001716613769531
random_89,-1.0,c042,4.562284469604492,0.6873092651367188
random_89,-1.0,c009,-0.06263160705566406,0.4999275207519531
random_89,-1.0,c047,1.248063087463379,0.31095123291015625
random_89,-1.0,c050,1.748682975769043,0.5621538162231445
random_89,-1.0,c043,1.3743391036987305,0.6244926452636719
random_89,-1.0,c016,2.6873779296875,0.18743896484375
random_89,-1.0,c014,2.187485694885254,0.3749971389770508
random_89,-1.0,c041,-2.3126325607299805,0.37494564056396484
random_89,-1.0,c006,1.6859025955200195,0.3740348815917969
random_89,-1.0,c039,-1.2498788833618164,0.8124275207519531
random_89,-1.0,c017,3.749789237976074,0.31244659423828125
random_89,-1.0,c058,0.6875019073486328,0.3749980926513672
random_89,-1.0,c002,2.9999618530273438,0.6249790191650391
random_89,-1.0,c024,1.3121051788330078,0.43738651275634766
random_89,-1.0,c023,2.187352180480957,0.3123617172241211
random_89,-1.0,c022,0.2500152587890625,0.12500953674316406
random_89,-1.0,c056,1.871480941772461,0.24945735931396484
random_89,1.0,c041,2.062345504760742,-0.12496757507324219
random_89,1.0,c006,2.312124252319336,-0.12487411499023438
random_89,1.0,c039,0.937504768371582,-0.3750009536743164
random_89,1.0,c017,4.812492370605469,-0.18747901916503906
random_89,1.0,c058,0.4999980926513672,-0.1250019073486328
random_89,1.0,c002,1.0000009536743164,-0.4374837875366211
random_89,1.0,c024,0.12491035461425781,0.06249237060546875
random_89,1.0,c023,1.9998807907104492,-0.37494373321533203
random_89,1.0,c022,2.4999189376831055,-0.18746566772460938
random_89,1.0,c056,0.3625669479370117,-0.3715696334838867
random_89,1.0,c029,-1.4999961853027344,0.2500028610229492
random_89,1.0,c025,-0.49982357025146484,0.2501258850097656
random_89,1.0,c000,2.5619373321533203,-0.3742685317993164
random_89,1.0,c036,0.3124246597290039,-0.4371223449707031
random_89,1.0,c020,8.437232971191406,-0.6874542236328125
random_89,1.0,c011,4.06248664855957,-0.37492942810058594
random_89,1.0,c003,1.4999351501464844,-0.4374704360961914
random_89,1.0,c045,8.062132835388184,0.3749074935913086
random_89,1.0,c046,-0.9360342025756836,0.06277179718017578
random_89,1.0,c044,9.998941421508789,-0.06219673156738281
random_89,1.0,c008,-2.3125,-1.1875
random_89,1.0,c049,4.812496185302734,0.4375
random_89,1.0,c013,9.312248229980469,-0.8748703002929688
random_89,1.0,c042,3.187480926513672,-0.6874942779541016
random_89,1.0,c009,-0.8125410079956055,-0.24998188018798828
random_89,1.0,c047,0.6247653961181641,-0.3123464584350586
random_89,1.0,c050,0.9371242523193359,-0.2494049072265625
random_89,1.0,c043,0.06237983703613281,-0.6874666213989258
random_89,1.0,c016,1.874955177307129,-0.6249837875366211
random_89,1.0,c014,1.625,-0.18748855590820312
random_89,1.0,c041,-3.437516212463379,-0.7499380111694336
random_89,1.0,c006,0.6874294281005859,-0.6244382858276367
random_89,1.0,c039,-2.8121461868286133,-0.7498397827148438
random_89,1.0,c017,3.249959945678711,-0.18738269805908203
random_89,1.0,c058,-0.37499427795410156,-0.6874980926513672
random_89,1.0,c002,2.0625,-0.3124828338623047
random_89,1.0,c024,0.5623321533203125,-0.31238651275634766
random_89,1.0,c023,1.6874208450317383,-0.18756961822509766
random_89,1.0,c022,-0.4375009536743164,-0.5625066757202148
random_89,1.0,c056,1.624288558959961,0.0022649765014648438
random_89,-4.0,c041,3.373715400695801,1.1864023208618164
random_89,-4.0,c006,2.682161331176758,0.2451629638671875
random_89,-4.0,c039,3.4374637603759766,2.124958038330078
random_89,-4.0,c017,5.623440742492676,0.623469352722168
random_89,-4.0,c058,2.6249656677246094,1.9999656677246094
random_89,-4.0,c002,3.187434196472168,1.7499494552612305
random_89,-4.0,c024,0.8737573623657227,0.8113393783569336
random_89,-4.0,c023,3.5615062713623047,1.1866817474365234
random_89,-4.0,c022,3.434762954711914,0.7473783493041992
random_89,-4.0,c056,2.0640668869018555,1.329930305480957
random_89,-4.0,c029,-1.1874971389770508,0.5625019073486328
random_89,-4.0,c025,0.06241607666015625,0.8123655319213867
random_89,-4.0,c000,3.1275644302368164,0.1913585662841797
random_89,-4.0,c036,1.3127336502075195,0.5631866455078125
random_89,-4.0,c020,8.622503280639648,-0.5021839141845703
random_89,-4.0,c011,4.748945236206055,0.31152915954589844
random_89,-4.0,c003,2.374492645263672,0.4370870590209961
random_89,-4.0,c045,7.057748794555664,-0.6294765472412109
random_89,-4.0,c046,0.7957220077514648,1.7945280075073242
random_89,-4.0,c044,8.615315437316895,-1.4458227157592773
random_89,-4.0,c008,1.625,2.75
random_89,-4.0,c049,3.499990463256836,-0.8750057220458984
random_89,-4.0,c013,8.559818267822266,-1.6273002624511719
random_89,-4.0,c042,5.495576858520508,1.6206016540527344
random_89,-4.0,c009,0.2498159408569336,0.8123750686645508
random_89,-4.0,c047,1.683506965637207,0.7463951110839844
random_89,-4.0,c050,2.5594968795776367,1.3729677200317383
random_89,-4.0,c043,2.553760528564453,1.8039140701293945
random_89,-4.0,c016,3.6242971420288086,1.1243581771850586
random_89,-4.0,c014,4.249786376953125,2.437297821044922
random_89,-4.0,c041,-0.6253213882446289,2.0622568130493164
random_89,-4.0,c006,2.3684988021850586,1.056631088256836
random_89,-4.0,c039,-0.18740558624267578,1.8749008178710938
random_89,-4.0,c017,4.436134338378906,0.9987916946411133
random_89,-4.0,c058,1.5,1.1874961853027344
random_89,-4.0,c002,3.187257766723633,0.8122749328613281
random_89,-4.0,c024,3.0580177307128906,2.1832990646362305
random_89,-4.0,c023,2.8120880126953125,0.9370975494384766
random_89,-4.0,c022,1.5623407363891602,1.4373350143432617
random_89,-4.0,c056,1.864689826965332,0.24266624450683594
random_89,4.0,c041,0.7500572204589844,-1.437255859375
random_89,4.0,c006,1.1248979568481445,-1.3121004104614258
random_89,4.0,c039,-1.9374656677246094,-3.249971389770508
random_89,4.0,c017,2.7499942779541016,-2.2499771118164062
random_89,4.0,c058,-0.8749980926513672,-1.4999980926513672
random_89,4.0,c002,-0.12499523162841797,-1.5624799728393555
random_89,4.0,c024,-0.5625171661376953,-0.6249351501464844
random_89,4.0,c023,-2.956390380859375e-05,-2.37485408782959
random_89,4.0,c022,1.1251039505004883,-1.5622806549072266
random_89,4.0,c056,-0.8124094009399414,-1.5465459823608398
random_89,4.0,c029,-1.3749933242797852,0.37500572204589844
random_89,4.0,c025,-0.43737220764160156,0.3125772476196289
random_89,4.0,c000,1.4375,-1.4987058639526367
random_89,4.0,c036,-1.1250181198120117,-1.8745651245117188
random_89,4.0,c020,8.2498140335083,-0.874873161315918
random_89,4.0,c011,3.062498092651367,-1.374917984008789
random_89,4.0,c003,0.3123769760131836,-1.6250286102294922
random_89,4.0,c045,8.249919891357422,0.5626945495605469
random_89,4.0,c046,-1.1852846145629883,-0.1864786148071289
random_89,4.0,c044,9.687186241149902,-0.37395191192626953
random_89,4.0,c008,-4.5625,-3.4375
random_89,4.0,c049,3.812498092651367,-0.5624980926513672
random_89,4.0,c013,10.187126159667969,7.62939453125e-06
random_89,4.0,c042,0.8124961853027344,-3.062479019165039
random_89,4.0,c009,-2.562495231628418,-1.9999361038208008
random_89,4.0,c047,-0.812596321105957,-1.7497081756591797
random_89,4.0,c050,-0.12507343292236328,-1.3116025924682617
random_89,4.0,c043,-1.2498140335083008,-1.9996604919433594
random_89,4.0,c016,0.1249856948852539,-2.374953269958496
random_89,4.0,c014,-0.999995231628418,-2.812483787536621
random_89,4.0,c041,-3.8125038146972656,-1.1249256134033203
random_89,4.0,c006,-0.2501077651977539,-1.5619754791259766
random_89,4.0,c039,-4.561697959899902,-2.499391555786133
random_89,4.0,c017,1.8124971389770508,-1.6248455047607422
random_89,4.0,c058,-0.4374971389770508,-0.7500009536743164
random_89,4.0,c002,0.24998092651367188,-2.125001907348633
random_89,4.0,c024,0.1878519058227539,-0.6868667602539062
random_89,4.0,c023,1.0624656677246094,-0.8125247955322266
random_89,4.0,c022,-1.5625009536743164,-1.6875066757202148
random_89,4.0,c056,1.4999618530273438,-0.12206172943115234
random_90,-1.0,c041,2.937069892883301,0.7497568130493164
random_90,-1.0,c006,2.1866960525512695,-0.2503023147583008
random_90,-1.0,c039,2.125001907348633,0.8124961853027344
random_90,-1.0,c017,5.31245231628418,0.3124809265136719
random_90,-1.0,c058,1.3125,0.6875
random_90,-1.0,c002,2.124993324279785,0.6875085830688477
random_90,-1.0,c024,0.31238651275634766,0.2499685287475586
random_90,-1.0,c023,2.749727249145508,0.37490272521972656
random_90,-1.0,c022,3.49984073638916,0.8124561309814453
random_90,-1.0,c056,0.7951841354370117,0.06104755401611328
random_90,-1.0,c029,-1.7499885559082031,1.049041748046875e-05
random_90,-1.0,c025,-0.8747358322143555,-0.124786376953125
random_90,-1.0,c000,3.123554229736328,0.1873483657836914
random_90,-1.0,c036,0.9370622634887695,0.1875152587890625
random_90,-1.0,c020,9.061949729919434,-0.06273746490478516
random_90,-1.0,c011,4.624946594238281,0.187530517578125
random_90,-1.0,c003,2.437375068664551,0.499969482421875
random_90,-1.0,c045,8.374391555786133,0.6871662139892578
random_90,-1.0,c046,-0.37479496002197266,0.6240110397338867
random_90,-1.0,c044,10.057369232177734,-0.0037689208984375
random_90,-1.0,c008,-1.5,-0.375
random_90,-1.0,c049,4.687496185302734,0.3125
random_90,-1.0,c013,9.999374389648438,-0.187744140625
random_90,-1.0,c042,4.249868392944336,0.3748931884765625
random_90,-1.0,c009,-0.6250782012939453,-0.06251907348632812
random_90,-1.0,c047,1.4361143112182617,0.49900245666503906
random_90,-1.0,c050,1.1242742538452148,-0.062254905700683594
random_90,-1.0,c043,1.125361442565918,0.3755149841308594
random_90,-1.0,c016,2.937345504760742,0.4374065399169922
random_90,-1.0,c014,1.9999895095825195,0.1875009536743164
random_90,-1.0,c041,-2.5000381469726562,0.18754005432128906
random_90,-1.0,c006,1.374685287475586,0.06281757354736328
random_90,-1.0,c039,-1.9370918273925781,0.1252145767211914
random_90,-1.0,c017,3.749929428100586,0.31258678436279297
random_90,-1.0,c058,0.875,0.5624961853027344
random_90,-1.0,c002,2.687458038330078,0.31247520446777344
random_90,-1.0,c024,1.562148094177246,0.6874294281005859
random_90,-1.0,c023,2.06241512298584,0.1874246597290039
random_90,-1.0,c022,4.76837158203125e-06,-0.1250009536743164
random_90,-1.0,c056,2.1191577911376953,0.4971342086791992
random_90,1.0,c041,1.68743896484375,-0.4998741149902344
random_90,1.0,c006,1.8745002746582031,-0.5624980926513672
random_90,1.0,c039,1.3749990463256836,0.062493324279785156
random_90,1.0,c017,4.624914169311523,-0.3750572204589844
random_90,1.0,c058,0.3749980926513672,-0.2500019073486328
random_90,1.0,c002,1.0000028610229492,-0.4374818801879883
random_90,1.0,c024,-0.18766117095947266,-0.2500791549682617
random_90,1.0,c023,1.9998884201049805,-0.3749361038208008
random_90,1.0,c022,2.687471389770508,8.678436279296875e-05
random_90,1.0,c056,0.18070125579833984,-0.5534353256225586
random_90,1.0,c029,-2.062498092651367,-0.3124990463256836
random_90,1.0,c025,-0.6249637603759766,0.1249856948852539
random_90,1.0,c000,2.249265670776367,-0.6869401931762695
random_90,1.0,c036,0.18718814849853516,-0.5623588562011719
random_90,1.0,c020,7.81233024597168,-1.312356948852539
random_90,1.0,c011,4.437440872192383,2.47955322265625e-05
random_90,1.0,c003,1.5623760223388672,-0.3750295639038086
random_90,1.0,c045,7.437128067016602,-0.25009727478027344
random_90,1.0,c046,-0.9368066787719727,0.06199932098388672
random_90,1.0,c044,8.9994478225708,-1.061690330505371
random_90,1.0,c008,-0.5625,0.5625
random_90,1.0,c049,4.437496185302734,0.0625
random_90,1.0,c013,9.437169075012207,-0.7499494552612305
random_90,1.0,c042,4.062463760375977,0.18748855590820312
random_90,1.0,c009,-0.3750448226928711,0.1875143051147461
random_90,1.0,c047,0.5621938705444336,-0.37491798400878906
random_90,1.0,c050,1.1247234344482422,-0.06180572509765625
random_90,1.0,c043,0.5622043609619141,-0.18764209747314453
random_90,1.0,c016,2.124971389770508,-0.3749675750732422
random_90,1.0,c014,1.8750076293945312,0.06251907348632812
random_90,1.0,c041,-2.875032424926758,-0.1874542236328125
random_90,1.0,c006,1.124542236328125,-0.18732547760009766
random_90,1.0,c039,-2.124955177307129,-0.06264877319335938
random_90,1.0,c017,3.5624465942382812,0.12510395050048828
random_90,1.0,c058,-0.2499980926513672,-0.5625019073486328
random_90,1.0,c002,2.312480926513672,-0.06250190734863281
random_90,1.0,c024,0.9373817443847656,0.06266307830810547
random_90,1.0,c023,1.562434196472168,-0.31255626678466797
random_90,1.0,c022,-0.0625,-0.18750572204589844
random_90,1.0,c056,1.8746070861816406,0.25258350372314453
random_90,-4.0,c041,3.8112573623657227,1.6239442825317383
random_90,-4.0,c006,2.8740978240966797,0.4370994567871094
random_90,-4.0,c039,2.8125,1.4999942779541016
random_90,-4.0,c017,5.749964714050293,0.7499933242797852
random_90,-4.0,c058,2.000002861022949,1.3750028610229492
random_90,-4.0,c002,3.3125171661376953,1.8750324249267578
random_90,-4.0,c024,0.500126838684082,0.43770885467529297
random_90,-4.0,c023,2.874847412109375,0.5000228881835938
random_90,-4.0,c022,3.9377546310424805,1.2503700256347656
random_90,-4.0,c056,1.8826780319213867,1.1485414505004883
random_90,-4.0,c029,-1.1249942779541016,0.625004768371582
random_90,-4.0,c025,-0.24939918518066406,0.5005502700805664
random_90,-4.0,c000,3.4369773864746094,0.5007715225219727
random_90,-4.0,c036,1.7486352920532227,0.9990882873535156
random_90,-4.0,c020,10.559803009033203,1.4351158142089844
random_90,-4.0,c011,4.124988555908203,-0.3124275207519531
random_90,-4.0,c003,2.750041961669922,0.8126363754272461
random_90,-4.0,c045,8.811731338500977,1.1245059967041016
random_90,-4.0,c046,0.12450981140136719,1.1233158111572266
random_90,-4.0,c044,11.683603286743164,1.6224651336669922
random_90,-4.0,c008,-1.75,-0.625
random_90,-4.0,c049,6.874991416931152,2.499995231628418
random_90,-4.0,c013,11.062030792236328,0.8749122619628906
random_90,-4.0,c042,3.437331199645996,-0.43764400482177734
random_90,-4.0,c009,-1.0000238418579102,-0.43746471405029297
random_90,-4.0,c047,2.4995288848876953,1.5624170303344727
random_90,-4.0,c050,1.4370698928833008,0.25054073333740234
random_90,-4.0,c043,1.3132410049438477,0.5633945465087891
random_90,-4.0,c016,2.874953269958496,0.3750143051147461
random_90,-4.0,c014,2.31252384185791,0.500035285949707
random_90,-4.0,c041,-1.6874933242797852,1.0000848770141602
random_90,-4.0,c006,1.0624666213989258,-0.24940109252929688
random_90,-4.0,c039,-0.6831388473510742,1.3791675567626953
random_90,-4.0,c017,4.437444686889648,1.0001020431518555
random_90,-4.0,c058,2.625,2.3124961853027344
random_90,-4.0,c002,3.499980926513672,1.1249980926513672
random_90,-4.0,c024,2.4992942810058594,1.6245756149291992
random_90,-4.0,c023,2.8751487731933594,1.0001583099365234
random_90,-4.0,c022,0.37500476837158203,0.2499990463256836
random_90,-4.0,c056,1.5543127059936523,-0.06771087646484375
random_90,4.0,c041,0.31247806549072266,-1.8748350143432617
random_90,4.0,c006,0.5624685287475586,-1.8745298385620117
random_90,4.0,c039,0.3125019073486328,-1.0000038146972656
random_90,4.0,c017,2.4999914169311523,-2.4999799728393555
random_90,4.0,c058,-1.3125019073486328,-1.9375019073486328
random_90,4.0,c002,-0.3125019073486328,-1.7499866485595703
random_90,4.0,c024,-0.5625209808349609,-0.62493896484375
random_90,4.0,c023,1.4374732971191406,-0.9373512268066406
random_90,4.0,c022,0.8749904632568359,-1.812394142150879
random_90,4.0,c056,-0.3752479553222656,-1.109384536743164
random_90,4.0,c029,-1.1249980926513672,0.6250009536743164
random_90,4.0,c025,-0.8749895095825195,-0.12504005432128906
random_90,4.0,c000,1.06243896484375,-1.8737668991088867
random_90,4.0,c036,-0.5000629425048828,-1.2496099472045898
random_90,4.0,c020,6.124945640563965,-2.999741554260254
random_90,4.0,c011,2.624988555908203,-1.8124275207519531
random_90,4.0,c003,0.31245994567871094,-1.6249456405639648
random_90,4.0,c045,5.18746280670166,-2.499762535095215
random_90,4.0,c046,-1.4375457763671875,-0.4387397766113281
random_90,4.0,c044,6.874947547912598,-3.186190605163574
random_90,4.0,c008,-0.125,1.0
random_90,4.0,c049,2.249998092651367,-2.124998092651367
random_90,4.0,c013,6.249970436096191,-3.937148094177246
random_90,4.0,c042,2.9374923706054688,-0.9374828338623047
random_90,4.0,c009,0.5624904632568359,1.1250495910644531
random_90,4.0,c047,-1.375,-2.3121118545532227
random_90,4.0,c050,-4.9591064453125e-05,-1.1865787506103516
random_90,4.0,c043,-0.3125324249267578,-1.0623788833618164
random_90,4.0,c016,0.5,-1.99993896484375
random_90,4.0,c014,0.06249523162841797,-1.7499933242797852
random_90,4.0,c041,-3.187504768371582,-0.4999265670776367
random_90,4.0,c006,0.7498674392700195,-0.5620002746582031
random_90,4.0,c039,-1.562490463256836,0.4998159408569336
random_90,4.0,c017,1.4999752044677734,-1.9373674392700195
random_90,4.0,c058,-1.125,-1.4375038146972656
random_90,4.0,c002,1.0624914169311523,-1.3124914169311523
random_90,4.0,c024,-0.874995231628418,-1.7497138977050781
random_90,4.0,c023,0.6249876022338867,-1.2500028610229492
random_90,4.0,c022,-0.874995231628418,-1.0000009536743164
random_90,4.0,c056,1.999985694885254,0.3779621124267578
random_91,-1.0,c041,1.749709129333496,-0.4376039505004883
random_91,-1.0,c006,1.8745098114013672,-0.5624885559082031
random_91,-1.0,c039,1.2500028610229492,-0.06250286102294922
random_91,-1.0,c017,4.437467575073242,-0.5625038146972656
random_91,-1.0,c058,0.6249980926513672,-1.9073486328125e-06
random_91,-1.0,c002,1.1874980926513672,-0.2499866485595703
random_91,-1.0,c024,-0.3750181198120117,-0.4374361038208008
random_91,-1.0,c023,2.687318801879883,0.31249427795410156
random_91,-1.0,c022,2.6248884201049805,-0.062496185302734375
random_91,-1.0,c056,0.23804283142089844,-0.49609375
random_91,-1.0,c029,-1.9374942779541016,-0.18749523162841797
random_91,-1.0,c025,-0.9374923706054688,-0.18754291534423828
random_91,-1.0,c000,2.374601364135742,-0.5616044998168945
random_91,-1.0,c036,0.12469005584716797,-0.6248569488525391
random_91,-1.0,c020,8.374814987182617,-0.7498722076416016
random_91,-1.0,c011,4.499963760375977,0.06254768371582031
random_91,-1.0,c003,1.8749971389770508,-0.062408447265625
random_91,-1.0,c045,7.312252044677734,-0.3749732971191406
random_91,-1.0,c046,-0.8748989105224609,0.12390708923339844
random_91,-1.0,c044,8.811676979064941,-1.2494611740112305
random_91,-1.0,c008,-1.25,-0.125
random_91,-1.0,c049,4.499998092651367,0.1250019073486328
random_91,-1.0,c013,8.874744415283203,-1.3123741149902344
random_91,-1.0,c042,3.3749847412109375,-0.49999046325683594
random_91,-1.0,c009,-0.5625276565551758,3.147125244140625e-05
random_91,-1.0,c047,0.3122091293334961,-0.6249027252197266
random_91,-1.0,c050,1.0620527267456055,-0.12447643280029297
random_91,-1.0,c043,0.5000734329223633,-0.2497730255126953
random_91,-1.0,c016,2.3124828338623047,-0.1874561309814453
random_91,-1.0,c014,1.6249961853027344,-0.18749237060546875
random_91,-1.0,c041,-3.1250381469726562,-0.43745994567871094
random_91,-1.0,c006,0.6873054504394531,-0.6245622634887695
random_91,-1.0,c039,-2.062361717224121,-5.53131103515625e-05
random_91,-1.0,c017,3.3124542236328125,-0.12488842010498047
random_91,-1.0,c058,-0.2499980926513672,-0.5625019073486328
random_91,-1.0,c002,2.3749704360961914,-1.239776611328125e-05
random_91,-1.0,c024,0.8122892379760742,-0.06242942810058594
random_91,-1.0,c023,1.4999370574951172,-0.37505340576171875
random_91,-1.0,c022,-0.6250057220458984,-0.7500114440917969
random_91,-1.0,c056,1.68646240234375,0.0644388198852539
random_91,1.0,c041,2.6244964599609375,0.4371833801269531
random_91,1.0,c006,2.873655319213867,0.4366569519042969
random_91,1.0,c039,2.1250057220458984,0.8125
random_91,1.0,c017,5.312412261962891,0.3124408721923828
random_91,1.0,c058,0.6874980926513672,0.06249809265136719
random_91,1.0,c002,2.0624923706054688,0.6250076293945312
random_91,1.0,c024,0.3123970031738281,0.24997901916503906
random_91,1.0,c023,2.686962127685547,0.3121376037597656
random_91,1.0,c022,2.93746280670166,0.2500782012939453
random_91,1.0,c056,0.28731822967529297,-0.44681835174560547
random_91,1.0,c029,-1.8124971389770508,-0.06249809265136719
random_91,1.0,c025,-0.3124065399169922,0.4375429153442383
random_91,1.0,c000,3.3100271224975586,0.3738212585449219
random_91,1.0,c036,0.8118991851806641,0.06235218048095703
random_91,1.0,c020,9.749556541442871,0.6248693466186523
random_91,1.0,c011,4.874917984008789,0.4375019073486328
random_91,1.0,c003,2.3749284744262695,0.43752288818359375
random_91,1.0,c045,8.436880111694336,0.7496547698974609
random_91,1.0,c046,-0.4379253387451172,0.5608806610107422
random_91,1.0,c044,10.433235168457031,0.3720970153808594
random_91,1.0,c008,-0.75,0.375
random_91,1.0,c049,4.874996185302734,0.5
random_91,1.0,c013,10.561720848083496,0.3746023178100586
random_91,1.0,c042,4.062463760375977,0.18748855590820312
random_91,1.0,c009,-0.31260108947753906,0.24995803833007812
random_91,1.0,c047,1.2490911483764648,0.3119792938232422
random_91,1.0,c050,1.5617876052856445,0.3752584457397461
random_91,1.0,c043,0.8740940093994141,0.12424755096435547
random_91,1.0,c016,2.562397003173828,0.062458038330078125
random_91,1.0,c014,2.312466621398926,0.49997806549072266
random_91,1.0,c041,-2.4375791549682617,0.2499990463256836
random_91,1.0,c006,1.498983383178711,0.18711566925048828
random_91,1.0,c039,-1.93731689453125,0.12498950958251953
random_91,1.0,c017,4.06236457824707,0.6250219345092773
random_91,1.0,c058,0.2500019073486328,-0.06250190734863281
random_91,1.0,c002,2.437469482421875,0.06248664855957031
random_91,1.0,c024,1.0623369216918945,0.18761825561523438
random_91,1.0,c023,2.1873779296875,0.31238746643066406
random_91,1.0,c022,0.18750476837158203,0.062499046325683594
random_91,1.0,c056,1.9331541061401367,0.3111305236816406
random_91,-4.0,c041,0.9374837875366211,-1.2498292922973633
random_91,-4.0,c006,0.8124608993530273,-1.624537467956543
random_91,-4.0,c039,0.06250286102294922,-1.2500028610229492
random_91,-4.0,c017,3.6874942779541016,-1.3124771118164062
random_91,-4.0,c058,1.1249980926513672,0.4999980926513672
random_91,-4.0,c002,0.625,-0.8124847412109375
random_91,-4.0,c024,-0.6875038146972656,-0.7499217987060547
random_91,-4.0,c023,1.624990463256836,-0.7498340606689453
random_91,-4.0,c022,1.5000238418579102,-1.1873607635498047
random_91,-4.0,c056,0.3127717971801758,-0.42136478424072266
random_91,-4.0,c029,-1.7499980926513672,9.5367431640625e-07
random_91,-4.0,c025,-1.1872568130493164,-0.43730735778808594
random_91,-4.0,c000,0.4374980926513672,-2.4987077713012695
random_91,-4.0,c036,-0.5625057220458984,-1.3120527267456055
random_91,-4.0,c020,6.874936103820801,-2.249751091003418
random_91,-4.0,c011,1.9374942779541016,-2.4999217987060547
random_91,-4.0,c003,0.1250324249267578,-1.812373161315918
random_91,-4.0,c045,6.374942779541016,-1.3122825622558594
random_91,-4.0,c046,-0.6177120208740234,0.38109397888183594
random_91,-4.0,c044,7.187379837036133,-2.873758316040039
random_91,-4.0,c008,-2.875,-1.75
random_91,-4.0,c049,3.812498092651367,-0.5624980926513672
random_91,-4.0,c013,7.312466621398926,-2.8746519088745117
random_91,-4.0,c042,2.062485694885254,-1.8124895095825195
random_91,-4.0,c009,-0.9375123977661133,-0.3749532699584961
random_91,-4.0,c047,0.5624303817749023,-0.3746814727783203
random_91,-4.0,c050,0.062409400939941406,-1.124119758605957
random_91,-4.0,c043,0.312347412109375,-0.4374990463256836
random_91,-4.0,c016,1.7500133514404297,-0.7499256134033203
random_91,-4.0,c014,1.7499942779541016,-0.06249427795410156
random_91,-4.0,c041,-3.49997615814209,-0.8123979568481445
random_91,-4.0,c006,-0.5625085830688477,-1.8743762969970703
random_91,-4.0,c039,-1.9997072219848633,0.06259918212890625
random_91,-4.0,c017,2.6874732971191406,-0.7498693466186523
random_91,-4.0,c058,-0.6249980926513672,-0.9375019073486328
random_91,-4.0,c002,1.3124990463256836,-1.062483787536621
random_91,-4.0,c024,-0.12499618530273438,-0.9997148513793945
random_91,-4.0,c023,1.000046730041504,-0.874943733215332
random_91,-4.0,c022,-1.1249971389770508,-1.2500028610229492
random_91,-4.0,c056,0.749842643737793,-0.8721809387207031
random_91,4.0,c041,4.311857223510742,2.124544143676758
random_91,4.0,c006,4.248434066772461,1.8114356994628906
random_91,4.0,c039,2.06246280670166,0.7499570846557617
random_91,4.0,c017,5.937081336975098,0.9371099472045898
random_91,4.0,c058,0.9999961853027344,0.3749961853027344
random_91,4.0,c002,3.0000057220458984,1.562520980834961
random_91,4.0,c024,1.8745002746582031,1.812082290649414
random_91,4.0,c023,2.9358444213867188,0.5610198974609375
random_91,4.0,c022,4.248465538024902,1.5610809326171875
random_91,4.0,c056,1.4523506164550781,0.7182140350341797
random_91,4.0,c029,-1.7500114440917969,-1.239776611328125e-05
random_91,4.0,c025,1.0631113052368164,1.8130607604980469
random_91,4.0,c000,4.122082710266113,1.1858768463134766
random_91,4.0,c036,1.6234893798828125,0.8739423751831055
random_91,4.0,c020,11.373117446899414,2.2484302520751953
random_91,4.0,c011,4.874748229980469,0.4373321533203125
random_91,4.0,c003,2.937209129333496,0.9998035430908203
random_91,4.0,c045,9.561233520507812,1.8740081787109375
random_91,4.0,c046,-0.0039958953857421875,0.9948101043701172
random_91,4.0,c044,11.618617057800293,1.557478904724121
random_91,4.0,c008,-0.3750019073486328,0.7499980926513672
random_91,4.0,c049,4.812492370605469,0.4374961853027344
random_91,4.0,c013,10.74846076965332,0.5613422393798828
random_91,4.0,c042,3.874704360961914,-0.000270843505859375
random_91,4.0,c009,0.5606794357299805,1.1232385635375977
random_91,4.0,c047,1.9360761642456055,0.9989643096923828
random_91,4.0,c050,2.3112001419067383,1.1246709823608398
random_91,4.0,c043,0.6868696212768555,-0.06297683715820312
random_91,4.0,c016,3.124274253845215,0.6243352890014648
random_91,4.0,c014,2.500006675720215,0.6875181198120117
random_91,4.0,c041,-1.0003118515014648,1.6872663497924805
random_91,4.0,c006,2.6839771270751953,1.3721094131469727
random_91,4.0,c039,-1.3128814697265625,0.749424934387207
random_91,4.0,c017,4.311858177185059,0.8745155334472656
random_91,4.0,c058,1.375,1.0624961853027344
random_91,4.0,c002,3.499730110168457,1.1247472763061523
random_91,4.0,c024,2.998199462890625,2.123480796813965
random_91,4.0,c023,3.811838150024414,1.9368476867675781
random_91,4.0,c022,1.312453269958496,1.1874475479125977
random_91,4.0,c056,2.617410659790039,0.995387077331543
random_92,-1.0,c041,2.3121652603149414,0.12485218048095703
random_92,-1.0,c006,2.186335563659668,-0.25066280364990234
random_92,-1.0,c039,1.3750219345092773,0.0625162124633789
random_92,-1.0,c017,5.374887466430664,0.37491607666015625
random_92,-1.0,c058,0.5624980926513672,-0.06250190734863281
random_92,-1.0,c002,1.7499771118164062,0.31249237060546875
random_92,-1.0,c024,0.062168121337890625,-0.0002498626708984375
random_92,-1.0,c023,2.74948787689209,0.3746633529663086
random_92,-1.0,c022,2.9370641708374023,0.2496795654296875
random_92,-1.0,c056,-0.13622093200683594,-0.8703575134277344
random_92,-1.0,c029,-1.8124961853027344,-0.06249713897705078
random_92,-1.0,c025,-0.7497720718383789,0.0001773834228515625
random_92,-1.0,c000,2.623189926147461,-0.3130159378051758
random_92,-1.0,c036,0.43651390075683594,-0.3130331039428711
random_92,-1.0,c020,9.374104499816895,0.24941730499267578
random_92,-1.0,c011,4.3749237060546875,-0.06249237060546875
random_92,-1.0,c003,1.8750009536743164,-0.062404632568359375
random_92,-1.0,c045,7.999399185180664,0.31217384338378906
random_92,-1.0,c046,-0.6806831359863281,0.31812286376953125
random_92,-1.0,c044,9.996588706970215,-0.06454944610595703
random_92,-1.0,c008,-1.4375,-0.3125
random_92,-1.0,c049,3.749998092651367,-0.6249980926513672
random_92,-1.0,c013,10.561491012573242,0.3743724822998047
random_92,-1.0,c042,3.4374256134033203,-0.4375495910644531
random_92,-1.0,c009,-0.687769889831543,-0.12521076202392578
random_92,-1.0,c047,1.3104143142700195,0.3733024597167969
random_92,-1.0,c050,1.0610437393188477,-0.12548542022705078
random_92,-1.0,c043,0.6875,-0.062346458435058594
random_92,-1.0,c016,2.4997968673706055,-0.00014209747314453125
random_92,-1.0,c014,2.187474250793457,0.3749856948852539
random_92,-1.0,c041,-2.6876726150512695,-9.441375732421875e-05
random_92,-1.0,c006,1.1234683990478516,-0.1883993148803711
random_92,-1.0,c039,-1.9370832443237305,0.12522315979003906
random_92,-1.0,c017,3.562307357788086,0.12496471405029297
random_92,-1.0,c058,0.1250019073486328,-0.1875019073486328
random_92,-1.0,c002,2.6249074935913086,0.2499246597290039
random_92,-1.0,c024,1.187164306640625,0.31244564056396484
random_92,-1.0,c023,2.1871519088745117,0.3121614456176758
random_92,-1.0,c022,0.1249704360961914,-3.528594970703125e-05
random_92,-1.0,c056,1.9336481094360352,0.31162452697753906
random_92,1.0,c041,2.3747940063476562,0.18748092651367188
random_92,1.0,c006,2.1245594024658203,-0.31243896484375
random_92,1.0,c039,1.3125019073486328,-3.814697265625e-06
random_92,1.0,c017,4.812463760375977,-0.18750762939453125
random_92,1.0,c058,0.125,-0.5
random_92,1.0,c002,1.4375,1.52587890625e-05
random_92,1.0,c024,-0.06254768371582031,-0.12496566772460938
random_92,1.0,c023,2.187445640563965,-0.1873788833618164
random_92,1.0,c022,3.0624208450317383,0.37503623962402344
random_92,1.0,c056,0.9961328506469727,0.2619962692260742
random_92,1.0,c029,-1.6874961853027344,0.06250286102294922
random_92,1.0,c025,-0.37497997283935547,0.374969482421875
random_92,1.0,c000,2.499734878540039,-0.43647098541259766
random_92,1.0,c036,0.6247968673706055,-0.12475013732910156
random_92,1.0,c020,8.562407493591309,-0.5622797012329102
random_92,1.0,c011,4.062465667724609,-0.3749504089355469
random_92,1.0,c003,1.6249465942382812,-0.31245899200439453
random_92,1.0,c045,7.249896049499512,-0.4373292922973633
random_92,1.0,c046,-0.687286376953125,0.3115196228027344
random_92,1.0,c044,9.311902046203613,-0.7492361068725586
random_92,1.0,c008,-1.8125,-0.6875
random_92,1.0,c049,4.874996185302734,0.5
random_92,1.0,c013,9.749878883361816,-0.4372396469116211
random_92,1.0,c042,3.8124732971191406,-0.06250190734863281
random_92,1.0,c009,-0.3125429153442383,0.2500162124633789
random_92,1.0,c047,0.9374208450317383,0.000308990478515625
random_92,1.0,c050,1.3120880126953125,0.12555885314941406
random_92,1.0,c043,0.7499904632568359,0.00014400482177734375
random_92,1.0,c016,2.8124523162841797,0.3125133514404297
random_92,1.0,c014,1.8125,1.1444091796875e-05
random_92,1.0,c041,-2.750009536743164,-0.06243133544921875
random_92,1.0,c006,1.0624189376831055,-0.2494487762451172
random_92,1.0,c039,-1.9999399185180664,0.062366485595703125
random_92,1.0,c017,3.3749828338623047,-0.06235980987548828
random_92,1.0,c058,0.2500019073486328,-0.06250190734863281
random_92,1.0,c002,2.56246280670166,0.18747997283935547
random_92,1.0,c024,0.6874570846557617,-0.18726158142089844
random_92,1.0,c023,1.624985694885254,-0.25000476837158203
random_92,1.0,c022,-1.049041748046875e-05,-0.1250162124633789
random_92,1.0,c056,2.2491865158081055,0.6271629333496094
random_92,-4.0,c041,0.6250543594360352,-1.5622587203979492
random_92,-4.0,c006,0.9995565414428711,-1.4374418258666992
random_92,-4.0,c039,0.8751764297485352,-0.4373292922973633
random_92,-4.0,c017,3.749945640563965,-1.250025749206543
random_92,-4.0,c058,0.5000133514404297,-0.12498664855957031
random_92,-4.0,c002,1.0625801086425781,-0.3749046325683594
random_92,-4.0,c024,-0.31293487548828125,-0.3753528594970703
random_92,-4.0,c023,1.186920166015625,-1.1879043579101562
random_92,-4.0,c022,1.8188629150390625,-0.8685216903686523
random_92,-4.0,c056,-1.4334478378295898,-2.1675844192504883
random_92,-4.0,c029,-1.4998464584350586,0.250152587890625
random_92,-4.0,c025,-0.9351701736450195,-0.18522071838378906
random_92,-4.0,c000,1.747854232788086,-1.1883516311645508
random_92,-4.0,c036,-0.3730125427246094,-1.1225595474243164
random_92,-4.0,c020,9.937000274658203,0.8123130798339844
random_92,-4.0,c011,3.999892234802246,-0.43752384185791016
random_92,-4.0,c003,0.8151149749755859,-1.1222906112670898
random_92,-4.0,c045,8.809802055358887,1.1225767135620117
random_92,-4.0,c046,-0.984684944152832,0.014121055603027344
random_92,-4.0,c044,10.558349609375,0.4972114562988281
random_92,-4.0,c008,-1.1249980926513672,1.9073486328125e-06
random_92,-4.0,c049,1.8124961853027344,-2.5625
random_92,-4.0,c013,11.436412811279297,1.2492942810058594
random_92,-4.0,c042,2.686748504638672,-1.1882266998291016
random_92,-4.0,c009,-1.8760223388671875,-1.3134632110595703
random_92,-4.0,c047,-0.014485359191894531,-0.9515972137451172
random_92,-4.0,c050,-0.06509685516357422,-1.2516260147094727
random_92,-4.0,c043,-0.5421438217163086,-1.2919902801513672
random_92,-4.0,c016,0.6253604888916016,-1.8745784759521484
random_92,-4.0,c014,1.500143051147461,-0.3123455047607422
random_92,-4.0,c041,-2.4391260147094727,0.24845218658447266
random_92,-4.0,c006,0.3717784881591797,-0.940089225769043
random_92,-4.0,c039,-1.2524585723876953,0.8098478317260742
random_92,-4.0,c017,3.0620288848876953,-0.37531375885009766
random_92,-4.0,c058,-0.43749046325683594,-0.7499942779541016
random_92,-4.0,c002,1.1875486373901367,-1.187434196472168
random_92,-4.0,c024,1.8290042877197266,0.9542856216430664
random_92,-4.0,c023,2.6250619888305664,0.7500715255737305
random_92,-4.0,c022,0.6252717971801758,0.5002660751342773
random_92,-4.0,c056,-0.013683319091796875,-1.635706901550293
random_92,4.0,c041,1.4999942779541016,-0.6873188018798828
random_92,4.0,c006,1.2499723434448242,-1.187026023864746
random_92,4.0,c039,0.4375,-0.8750057220458984
random_92,4.0,c017,3.5624942779541016,-1.4374771118164062
random_92,4.0,c058,-1.25,-1.875
random_92,4.0,c002,0.8749980926513672,-0.5624866485595703
random_92,4.0,c024,0.0625,8.20159912109375e-05
random_92,4.0,c023,1.0624961853027344,-1.3123283386230469
random_92,4.0,c022,2.000001907348633,-0.687382698059082
random_92,4.0,c056,1.7498741149902344,1.015737533569336
random_92,4.0,c029,-1.75,-9.5367431640625e-07
random_92,4.0,c025,-0.31249332427978516,0.4374561309814453
random_92,4.0,c000,1.4374895095825195,-1.4987163543701172
random_92,4.0,c036,0.12499618530273438,-0.6245508193969727
random_92,4.0,c020,7.374990463256836,-1.7496967315673828
random_92,4.0,c011,2.3749961853027344,-2.062419891357422
random_92,4.0,c003,0.5624933242797852,-1.3749122619628906
random_92,4.0,c045,5.687494277954102,-1.9997310638427734
random_92,4.0,c046,-0.3124971389770508,0.6863088607788086
random_92,4.0,c044,7.18748664855957,-2.8736515045166016
random_92,4.0,c008,-2.5,-1.375
random_92,4.0,c049,4.875,0.5000038146972656
random_92,4.0,c013,7.124994277954102,-3.062124252319336
random_92,4.0,c042,1.9374961853027344,-1.937479019165039
random_92,4.0,c009,-1.0624980926513672,-0.49993896484375
random_92,4.0,c047,0.3124961853027344,-0.6246156692504883
random_92,4.0,c050,0.7499961853027344,-0.43653297424316406
random_92,4.0,c043,-0.12499713897705078,-0.8748435974121094
random_92,4.0,c016,1.8749961853027344,-0.6249427795410156
random_92,4.0,c014,0.9999961853027344,-0.8124923706054688
random_92,4.0,c041,-2.687498092651367,8.0108642578125e-05
random_92,4.0,c006,0.49998950958251953,-0.8118782043457031
random_92,4.0,c039,-2.3749942779541016,-0.31268787384033203
random_92,4.0,c017,2.1874961853027344,-1.2498464584350586
random_92,4.0,c058,1.125,0.8124961853027344
random_92,4.0,c002,1.1874980926513672,-1.1874847412109375
random_92,4.0,c024,-0.3750019073486328,-1.249720573425293
random_92,4.0,c023,1.1875057220458984,-0.6874847412109375
random_92,4.0,c022,-1.9073486328125e-06,-0.12500762939453125
random_92,4.0,c056,2.6249895095825195,1.0029659271240234
random_93,-1.0,c041,3.2498416900634766,1.0625286102294922
random_93,-1.0,c006,3.0620384216308594,0.6250400543212891
random_93,-1.0,c039,2.4374990463256836,1.1249933242797852
random_93,-1.0,c017,6.437397003173828,1.4374256134033203
random_93,-1.0,c058,1.8749980926513672,1.2499980926513672
random_93,-1.0,c002,2.0,0.5625152587890625
random_93,-1.0,c024,0.8124933242797852,0.7500753402709961
random_93,-1.0,c023,3.8746843338012695,1.4998598098754883
random_93,-1.0,c022,3.5624122619628906,0.8750276565551758
random_93,-1.0,c056,0.9319000244140625,0.19776344299316406
random_93,-1.0,c029,-1.4999980926513672,0.2500009536743164
random_93,-1.0,c025,-2.384185791015625e-05,0.7499256134033203
random_93,-1.0,c000,3.436767578125,0.5005617141723633
random_93,-1.0,c036,1.3744192123413086,0.6248722076416016
random_93,-1.0,c020,9.999606132507324,0.8749189376831055
random_93,-1.0,c011,5.9998931884765625,1.5624771118164062
random_93,-1.0,c003,2.6873598098754883,0.7499542236328125
random_93,-1.0,c045,8.999673843383789,1.312448501586914
random_93,-1.0,c046,0.25025177001953125,1.2490577697753906
random_93,-1.0,c044,10.561687469482422,0.50054931640625
random_93,-1.0,c008,-0.75,0.375
random_93,-1.0,c049,4.749998092651367,0.3750019073486328
random_93,-1.0,c013,10.56220531463623,0.37508678436279297
random_93,-1.0,c042,4.93743896484375,1.0624637603759766
random_93,-1.0,c009,0.12496662139892578,0.687525749206543
random_93,-1.0,c047,2.061952590942383,1.1248407363891602
random_93,-1.0,c050,1.749678611755371,0.5631494522094727
random_93,-1.0,c043,1.812356948852539,1.0625104904174805
random_93,-1.0,c016,3.2499189376831055,0.7499799728393555
random_93,-1.0,c014,3.3124847412109375,1.4999961853027344
random_93,-1.0,c041,-2.062493324279785,0.6250848770141602
random_93,-1.0,c006,1.8748493194580078,0.5629816055297852
random_93,-1.0,c039,-1.9373950958251953,0.12491130828857422
random_93,-1.0,c017,4.812392234802246,1.3750495910644531
random_93,-1.0,c058,1.1875,0.8749961853027344
random_93,-1.0,c002,3.2499589920043945,0.8749761581420898
random_93,-1.0,c024,2.1246795654296875,1.2499608993530273
random_93,-1.0,c023,2.812472343444824,0.9374818801879883
random_93,-1.0,c022,0.5000276565551758,0.37502193450927734
random_93,-1.0,c056,2.5610132217407227,0.9389896392822266
random_93,1.0,c041,1.4371490478515625,-0.7501640319824219
random_93,1.0,c006,1.8116655349731445,-0.6253328323364258
random_93,1.0,c039,1.125,-0.18750572204589844
random_93,1.0,c017,4.187435150146484,-0.8125362396240234
random_93,1.0,c058,-0.1250019073486328,-0.7500019073486328
random_93,1.0,c002,0.6874856948852539,-0.7499990463256836
random_93,1.0,c024,-0.5001087188720703,-0.5625267028808594
random_93,1.0,c023,1.8746576309204102,-0.5001668930053711
random_93,1.0,c022,2.187295913696289,-0.5000886917114258
random_93,1.0,c056,0.09888744354248047,-0.635249137878418
random_93,1.0,c029,-2.4375009536743164,-0.6875019073486328
random_93,1.0,c025,-0.9999837875366211,-0.2500343322753906
random_93,1.0,c000,2.498570442199707,-0.4376354217529297
random_93,1.0,c036,-0.00025844573974609375,-0.7498054504394531
random_93,1.0,c020,7.624696731567383,-1.499990463256836
random_93,1.0,c011,3.4374589920043945,-0.9999570846557617
random_93,1.0,c003,1.187479019165039,-0.7499265670776367
random_93,1.0,c045,6.249743461608887,-1.4374818801879883
random_93,1.0,c046,-1.436345100402832,-0.43753910064697266
random_93,1.0,c044,8.185321807861328,-1.8758163452148438
random_93,1.0,c008,-1.8125,-0.6875
random_93,1.0,c049,4.124992370605469,-0.2500038146972656
random_93,1.0,c013,8.624117851257324,-1.5630006790161133
random_93,1.0,c042,2.9374256134033203,-0.9375495910644531
random_93,1.0,c009,-0.8750848770141602,-0.31252574920654297
random_93,1.0,c047,-0.31339168548583984,-1.2505035400390625
random_93,1.0,c050,0.4990043640136719,-0.6875247955322266
random_93,1.0,c043,-0.06368255615234375,-0.8135290145874023
random_93,1.0,c016,1.687455177307129,-0.8124837875366211
random_93,1.0,c014,0.7499933242797852,-1.062495231628418
random_93,1.0,c041,-3.250065803527832,-0.5624876022338867
random_93,1.0,c006,0.6865682601928711,-0.6252994537353516
random_93,1.0,c039,-2.5622920989990234,-0.4999856948852539
random_93,1.0,c017,2.562392234802246,-0.8749504089355469
random_93,1.0,c058,-0.375,-0.6875038146972656
random_93,1.0,c002,1.9999418258666992,-0.37504100799560547
random_93,1.0,c024,0.4373750686645508,-0.4373435974121094
random_93,1.0,c023,1.3122787475585938,-0.5627117156982422
random_93,1.0,c022,-0.6249923706054688,-0.7499980926513672
random_93,1.0,c056,1.1844844818115234,-0.43753910064697266
random_93,-4.0,c041,5.999895095825195,3.812582015991211
random_93,-4.0,c006,4.874631881713867,2.437633514404297
random_93,-4.0,c039,4.312502861022949,2.999997138977051
random_93,-4.0,c017,7.874813079833984,2.8748416900634766
random_93,-4.0,c058,4.687498092651367,4.062498092651367
random_93,-4.0,c002,5.187457084655762,3.749972343444824
random_93,-4.0,c024,3.3749284744262695,3.3125104904174805
random_93,-4.0,c023,6.187154769897461,3.8123302459716797
random_93,-4.0,c022,6.56113338470459,3.873748779296875
random_93,-4.0,c056,3.6840267181396484,2.94989013671875
random_93,-4.0,c029,1.4999980926513672,3.249997138977051
random_93,-4.0,c025,2.187422752380371,2.9373722076416016
random_93,-4.0,c000,4.874324798583984,1.9381189346313477
random_93,-4.0,c036,4.123310089111328,3.373763084411621
random_93,-4.0,c020,11.124342918395996,1.9996557235717773
random_93,-4.0,c011,8.18728256225586,3.749866485595703
random_93,-4.0,c003,4.499883651733398,2.5624780654907227
random_93,-4.0,c045,10.12471866607666,2.437493324279785
random_93,-4.0,c046,3.437135696411133,4.435941696166992
random_93,-4.0,c044,11.999744415283203,1.9386062622070312
random_93,-4.0,c008,2.125,3.25
random_93,-4.0,c049,7.062498092651367,2.687501907348633
random_93,-4.0,c013,11.749894142150879,1.5627756118774414
random_93,-4.0,c042,7.687265396118164,3.8122901916503906
random_93,-4.0,c009,2.374972343444824,2.9375314712524414
random_93,-4.0,c047,6.3122148513793945,5.375102996826172
random_93,-4.0,c050,3.8748931884765625,2.688364028930664
random_93,-4.0,c043,4.374869346618652,3.6250228881835938
random_93,-4.0,c016,5.437349319458008,2.937410354614258
random_93,-4.0,c014,7.062481880187988,5.249993324279785
random_93,-4.0,c041,0.9374895095825195,3.625067710876465
random_93,-4.0,c006,4.687381744384766,3.375514030456543
random_93,-4.0,c039,0.3751058578491211,2.4374122619628906
random_93,-4.0,c017,7.124873161315918,3.687530517578125
random_93,-4.0,c058,3.875,3.5624961853027344
random_93,-4.0,c002,5.999908447265625,3.6249256134033203
random_93,-4.0,c024,4.624774932861328,3.750056266784668
random_93,-4.0,c023,5.499921798706055,3.6249313354492188
random_93,-4.0,c022,2.9374876022338867,2.8124818801879883
random_93,-4.0,c056,4.372653007507324,2.750629425048828
random_93,4.0,c041,-0.2523307800292969,-2.4396438598632812
random_93,4.0,c006,1.246760368347168,-1.1902379989624023
random_93,4.0,c039,0.3749971389770508,-0.9375085830688477
random_93,4.0,c017,1.8749513626098633,-3.1250200271606445
random_93,4.0,c058,-2.624995231628418,-3.249995231628418
random_93,4.0,c002,-0.3125009536743164,-1.749985694885254
random_93,4.0,c024,-1.3121204376220703,-1.3745384216308594
random_93,4.0,c023,0.6225214004516602,-1.752303123474121
random_93,4.0,c022,0.8132505416870117,-1.8741340637207031
random_93,4.0,c056,-0.8486137390136719,-1.5827503204345703
random_93,4.0,c029,-2.687495231628418,-0.9374961853027344
random_93,4.0,c025,-1.8735170364379883,-1.1235675811767578
random_93,4.0,c000,0.868743896484375,-2.0674619674682617
random_93,4.0,c036,-1.4387187957763672,-2.188265800476074
random_93,4.0,c020,4.812247276306152,-4.312439918518066
random_93,4.0,c011,1.0624666213989258,-3.3749494552612305
random_93,4.0,c003,-0.18702030181884766,-2.1244258880615234
random_93,4.0,c045,3.6240882873535156,-4.063137054443359
random_93,4.0,c046,-2.222775459289551,-1.2239694595336914
random_93,4.0,c044,5.8683366775512695,-4.192801475524902
random_93,4.0,c008,-2.6875,-1.5625
random_93,4.0,c049,2.9374828338623047,-1.4375133514404297
random_93,4.0,c013,5.621730804443359,-4.565387725830078
random_93,4.0,c042,0.749903678894043,-3.1250715255737305
random_93,4.0,c009,-2.1877002716064453,-1.6251411437988281
random_93,4.0,c047,-1.379007339477539,-2.3161191940307617
random_93,4.0,c050,-0.44030189514160156,-1.6268310546875
random_93,4.0,c043,-1.317429542541504,-2.0672760009765625
random_93,4.0,c016,0.12494182586669922,-2.374997138977051
random_93,4.0,c014,-0.6871299743652344,-2.4996185302734375
random_93,4.0,c041,-3.8756513595581055,-1.1880731582641602
random_93,4.0,c006,-0.25263214111328125,-1.564499855041504
random_93,4.0,c039,-2.061886787414551,0.00041961669921875
random_93,4.0,c017,0.6247320175170898,-2.812610626220703
random_93,4.0,c058,-1.3749971389770508,-1.6875009536743164
random_93,4.0,c002,0.5622310638427734,-1.8127517700195312
random_93,4.0,c024,-0.8118467330932617,-1.6865653991699219
random_93,4.0,c023,0.06210613250732422,-1.8128843307495117
random_93,4.0,c022,-1.1876020431518555,-1.312607765197754
random_93,4.0,c056,0.555445671081543,-1.0665779113769531
random_94,-1.0,c041,2.499892234802246,0.3125791549682617
random_94,-1.0,c006,2.3744306564331055,-0.06256771087646484
random_94,-1.0,c039,2.062502861022949,0.7499971389770508
random_94,-1.0,c017,5.374921798706055,0.3749504089355469
random_94,-1.0,c058,0.4999980926513672,-0.1250019073486328
random_94,-1.0,c002,1.7499990463256836,0.3125143051147461
random_94,-1.0,c024,0.12490177154541016,0.062483787536621094
random_94,-1.0,c023,2.2497968673706055,-0.12502765655517578
random_94,-1.0,c022,2.9374217987060547,0.25003719329833984
random_94,-1.0,c056,0.17189407348632812,-0.5622425079345703
random_94,-1.0,c029,-1.8749895095825195,-0.12499046325683594
random_94,-1.0,c025,-0.18741321563720703,0.5625362396240234
random_94,-1.0,c000,2.5616607666015625,-0.3745450973510742
random_94,-1.0,c036,0.6246042251586914,-0.12494277954101562
random_94,-1.0,c020,9.062005996704102,-0.06268119812011719
random_94,-1.0,c011,4.624916076660156,0.1875
random_94,-1.0,c003,2.1249876022338867,0.18758201599121094
random_94,-1.0,c045,7.874776840209961,0.18755149841308594
random_94,-1.0,c046,-0.811309814453125,0.18749618530273438
random_94,-1.0,c044,9.810652732849121,-0.2504854202270508
random_94,-1.0,c008,-1.375,-0.25
random_94,-1.0,c049,4.0,-0.3749961853027344
random_94,-1.0,c013,9.874462127685547,-0.3126564025878906
random_94,-1.0,c042,3.4999561309814453,-0.3750190734863281
random_94,-1.0,c009,-0.18755626678466797,0.3750028610229492
random_94,-1.0,c047,0.7491636276245117,-0.18794822692871094
random_94,-1.0,c050,1.1869573593139648,0.00042819976806640625
random_94,-1.0,c043,0.8123807907104492,0.06253433227539062
random_94,-1.0,c016,2.4999446868896484,5.7220458984375e-06
random_94,-1.0,c014,2.25,0.4375114440917969
random_94,-1.0,c041,-2.687498092651367,8.0108642578125e-05
random_94,-1.0,c006,1.3122673034667969,0.00039958953857421875
random_94,-1.0,c039,-1.562312126159668,0.49999427795410156
random_94,-1.0,c017,3.87485408782959,0.4375114440917969
random_94,-1.0,c058,1.9073486328125e-06,-0.3125019073486328
random_94,-1.0,c002,2.7499799728393555,0.3749971389770508
random_94,-1.0,c024,1.1871471405029297,0.31242847442626953
random_94,-1.0,c023,1.437490463256836,-0.4375
random_94,-1.0,c022,-0.4374713897705078,-0.5624771118164062
random_94,-1.0,c056,2.4347667694091797,0.8127431869506836
random_94,1.0,c041,2.4371414184570312,0.24982833862304688
random_94,1.0,c006,2.061847686767578,-0.3751506805419922
random_94,1.0,c039,1.0625028610229492,-0.2500028610229492
random_94,1.0,c017,4.874929428100586,-0.12504196166992188
random_94,1.0,c058,0.75,0.125
random_94,1.0,c002,1.2499933242797852,-0.18749141693115234
random_94,1.0,c024,0.06239032745361328,-2.765655517578125e-05
random_94,1.0,c023,2.6873607635498047,0.31253623962402344
random_94,1.0,c022,2.56241512298584,-0.124969482421875
random_94,1.0,c056,0.3086719512939453,-0.4254646301269531
random_94,1.0,c029,-2.2499961853027344,-0.4999971389770508
random_94,1.0,c025,-0.9372978210449219,-0.1873483657836914
random_94,1.0,c000,2.4366655349731445,-0.4995403289794922
random_94,1.0,c036,0.31178760528564453,-0.4377593994140625
random_94,1.0,c020,8.999650955200195,-0.12503623962402344
random_94,1.0,c011,4.312422752380371,-0.12499332427978516
random_94,1.0,c003,1.624934196472168,-0.3124713897705078
random_94,1.0,c045,7.562299728393555,-0.12492561340332031
random_94,1.0,c046,-0.4373130798339844,0.561492919921875
random_94,1.0,c044,9.811115264892578,-0.25002288818359375
random_94,1.0,c008,-1.6875,-0.5625
random_94,1.0,c049,4.749998092651367,0.3750019073486328
random_94,1.0,c013,9.812122344970703,-0.3749961853027344
random_94,1.0,c042,3.6249752044677734,-0.25
random_94,1.0,c009,-0.6250667572021484,-0.06250762939453125
random_94,1.0,c047,0.6872930526733398,-0.2498188018798828
random_94,1.0,c050,0.9996194839477539,-0.18690967559814453
random_94,1.0,c043,0.43718528747558594,-0.31266117095947266
random_94,1.0,c016,1.7499847412109375,-0.7499542236328125
random_94,1.0,c014,1.8124885559082031,0.0
random_94,1.0,c041,-2.812525749206543,-0.12494754791259766
random_94,1.0,c006,1.5620641708374023,0.2501964569091797
random_94,1.0,c039,-2.562331199645996,-0.5000247955322266
random_94,1.0,c017,3.249936103820801,-0.1874065399169922
random_94,1.0,c058,0.5625,0.24999618530273438
random_94,1.0,c002,2.0624732971191406,-0.31250953674316406
random_94,1.0,c024,0.7499361038208008,-0.12478256225585938
random_94,1.0,c023,1.9999103546142578,0.12491989135742188
random_94,1.0,c022,-0.06250381469726562,-0.18750953674316406
random_94,1.0,c056,1.7484321594238281,0.12640857696533203
random_94,-4.0,c041,1.937556266784668,-0.2497568130493164
random_94,-4.0,c006,2.0624732971191406,-0.3745250701904297
random_94,-4.0,c039,1.9375066757202148,0.6250009536743164
random_94,-4.0,c017,5.687480926513672,0.6875095367431641
random_94,-4.0,c058,0.4999980926513672,-0.1250019073486328
random_94,-4.0,c002,2.3125038146972656,0.8750190734863281
random_94,-4.0,c024,0.6875581741333008,0.6251401901245117
random_94,-4.0,c023,2.562474250793457,0.18764972686767578
random_94,-4.0,c022,2.750377655029297,0.06299304962158203
random_94,-4.0,c056,-0.0002613067626953125,-0.7343978881835938
random_94,-4.0,c029,-1.0625,0.6874990463256836
random_94,-4.0,c025,0.062652587890625,0.8126020431518555
random_94,-4.0,c000,2.1250457763671875,-0.8111600875854492
random_94,-4.0,c036,0.3124856948852539,-0.4370613098144531
random_94,-4.0,c020,9.18716049194336,0.062473297119140625
random_94,-4.0,c011,5.125001907348633,0.6875858306884766
random_94,-4.0,c003,2.1876144409179688,0.25020885467529297
random_94,-4.0,c045,8.062240600585938,0.3750152587890625
random_94,-4.0,c046,-0.6846380233764648,0.31416797637939453
random_94,-4.0,c044,10.060223579406738,-0.0009145736694335938
random_94,-4.0,c008,-1.0,0.125
random_94,-4.0,c049,2.7499942779541016,-1.6250019073486328
random_94,-4.0,c013,10.24972915649414,0.06261062622070312
random_94,-4.0,c042,3.562493324279785,-0.3124818801879883
random_94,-4.0,c009,-0.0625,0.5000591278076172
random_94,-4.0,c047,1.6873292922973633,0.7502174377441406
random_94,-4.0,c050,1.062434196472168,-0.12409496307373047
random_94,-4.0,c043,0.06315898895263672,-0.6866874694824219
random_94,-4.0,c016,2.3749961853027344,-0.12494277954101562
random_94,-4.0,c014,1.937514305114746,0.12502574920654297
random_94,-4.0,c041,-2.6250057220458984,0.06257247924804688
random_94,-4.0,c006,0.8749732971191406,-0.43689441680908203
random_94,-4.0,c039,-0.9374485015869141,1.1248579025268555
random_94,-4.0,c017,4.374981880187988,0.9376392364501953
random_94,-4.0,c058,-1.125,-1.4375038146972656
random_94,-4.0,c002,3.4999732971191406,1.124990463256836
random_94,-4.0,c024,1.999985694885254,1.1252670288085938
random_94,-4.0,c023,0.6875572204589844,-1.1874332427978516
random_94,-4.0,c022,-1.3749914169311523,-1.4999971389770508
random_94,-4.0,c056,1.4374065399169922,-0.1846170425415039
random_94,4.0,c041,1.4374980926513672,-0.7498149871826172
random_94,4.0,c006,1.749913215637207,-0.6870851516723633
random_94,4.0,c039,-0.6874971389770508,-2.000002861022949
random_94,4.0,c017,3.4374866485595703,-1.5624847412109375
random_94,4.0,c058,0.4375,-0.1875
random_94,4.0,c002,0.5625095367431641,-0.8749752044677734
random_94,4.0,c024,-8.0108642578125e-05,-0.06249809265136719
random_94,4.0,c023,2.3749990463256836,0.00017452239990234375
random_94,4.0,c022,1.8749446868896484,-0.8124399185180664
random_94,4.0,c056,1.125126838684082,0.3909902572631836
random_94,4.0,c029,-2.124998092651367,-0.3749990463256836
random_94,4.0,c025,-1.6873502731323242,-0.9374008178710938
random_94,4.0,c000,1.999913215637207,-0.9362926483154297
random_94,4.0,c036,-0.9375219345092773,-1.6870689392089844
random_94,4.0,c020,8.937435150146484,-0.18725204467773438
random_94,4.0,c011,3.062502861022949,-1.374913215637207
random_94,4.0,c003,0.6874685287475586,-1.2499370574951172
random_94,4.0,c045,7.562402725219727,-0.12482261657714844
random_94,4.0,c046,-0.6248836517333984,0.37392234802246094
random_94,4.0,c044,9.812453269958496,-0.24868488311767578
random_94,4.0,c008,-2.8125,-1.6875
random_94,4.0,c049,4.499998092651367,0.1250019073486328
random_94,4.0,c013,9.499930381774902,-0.6871881484985352
random_94,4.0,c042,2.5624961853027344,-1.312479019165039
random_94,4.0,c009,-2.312506675720215,-1.7499475479125977
random_94,4.0,c047,0.3749723434448242,-0.5621395111083984
random_94,4.0,c050,-9.822845458984375e-05,-1.1866273880004883
random_94,4.0,c043,0.1874408721923828,-0.5624055862426758
random_94,4.0,c016,0.7500028610229492,-1.7499361038208008
random_94,4.0,c014,0.874995231628418,-0.9374933242797852
random_94,4.0,c041,-2.687511444091797,6.67572021484375e-05
random_94,4.0,c006,0.18746376037597656,-1.124403953552246
random_94,4.0,c039,-3.2499170303344727,-1.1876106262207031
random_94,4.0,c017,2.3749847412109375,-1.0623579025268555
random_94,4.0,c058,1.8125,1.4999961853027344
random_94,4.0,c002,1.3749818801879883,-1.0000009536743164
random_94,4.0,c024,-0.1874990463256836,-1.0622177124023438
random_94,4.0,c023,2.9375085830688477,1.0625181198120117
random_94,4.0,c022,-0.24998950958251953,-0.37499523162841797
random_94,4.0,c056,1.3124160766601562,-0.30960750579833984
random_95,-1.0,c041,2.8745861053466797,0.6872730255126953
random_95,-1.0,c006,2.561436653137207,0.12443828582763672
random_95,-1.0,c039,2.062516212463379,0.7500104904174805
random_95,-1.0,c017,5.249916076660156,0.24994468688964844
random_95,-1.0,c058,1.0,0.375
random_95,-1.0,c002,1.874983787536621,0.4374990463256836
random_95,-1.0,c024,0.43719482421875,0.37477684020996094
random_95,-1.0,c023,2.7493743896484375,0.37454986572265625
random_95,-1.0,c022,3.1871604919433594,0.49977588653564453
random_95,-1.0,c056,0.7395334243774414,0.005396842956542969
random_95,-1.0,c029,-1.4374971389770508,0.3125019073486328
random_95,-1.0,c025,-0.3123159408569336,0.4376335144042969
random_95,-1.0,c000,2.6857614517211914,-0.2504444122314453
random_95,-1.0,c036,0.4992046356201172,-0.25034236907958984
random_95,-1.0,c020,9.187077522277832,0.06239032745361328
random_95,-1.0,c011,4.437314987182617,-0.0001010894775390625
random_95,-1.0,c003,2.062516212463379,0.12511062622070312
random_95,-1.0,c045,7.811509132385254,0.1242837905883789
random_95,-1.0,c046,-0.3117561340332031,0.6870498657226562
random_95,-1.0,c044,9.747713088989258,-0.31342506408691406
random_95,-1.0,c008,-0.625,0.5
random_95,-1.0,c049,4.374994277954102,-1.9073486328125e-06
random_95,-1.0,c013,10.124308586120605,-0.06280994415283203
random_95,-1.0,c042,4.124762535095215,0.2497873306274414
random_95,-1.0,c009,0.062218666076660156,0.6247777938842773
random_95,-1.0,c047,1.1239900588989258,0.18687820434570312
random_95,-1.0,c050,1.2487735748291016,0.062244415283203125
random_95,-1.0,c043,0.9993038177490234,0.24945735931396484
random_95,-1.0,c016,2.937410354614258,0.4374713897705078
random_95,-1.0,c014,1.9374866485595703,0.12499809265136719
random_95,-1.0,c041,-2.562556266784668,0.12502193450927734
random_95,-1.0,c006,1.4990949630737305,0.1872272491455078
random_95,-1.0,c039,-1.6247444152832031,0.4375619888305664
random_95,-1.0,c017,3.812276840209961,0.37493419647216797
random_95,-1.0,c058,0.5000019073486328,0.1874980926513672
random_95,-1.0,c002,2.8749380111694336,0.4999551773071289
random_95,-1.0,c024,1.249598503112793,0.3748798370361328
random_95,-1.0,c023,2.2496337890625,0.37464332580566406
random_95,-1.0,c022,0.375,0.24999427795410156
random_95,-1.0,c056,1.9950141906738281,0.37299060821533203
random_95,1.0,c041,2.1248159408569336,-0.06249713897705078
random_95,1.0,c006,1.9372882843017578,-0.4997100830078125
random_95,1.0,c039,1.375,0.06249427795410156
random_95,1.0,c017,4.874979019165039,-0.12499237060546875
random_95,1.0,c058,0.2499980926513672,-0.3750019073486328
random_95,1.0,c002,1.0000066757202148,-0.43747806549072266
random_95,1.0,c024,-0.3125448226928711,-0.37496280670166016
random_95,1.0,c023,1.8124027252197266,-0.5624217987060547
random_95,1.0,c022,2.500027656555176,-0.18735694885253906
random_95,1.0,c056,-0.31960391998291016,-1.0537405014038086
random_95,1.0,c029,-2.125,-0.3750009536743164
random_95,1.0,c025,-0.5625085830688477,0.1874408721923828
random_95,1.0,c000,2.062023162841797,-0.8741827011108398
random_95,1.0,c036,0.3123331069946289,-0.4372138977050781
random_95,1.0,c020,8.624698638916016,-0.4999885559082031
random_95,1.0,c011,4.37498664855957,-0.06242942810058594
random_95,1.0,c003,1.937474250793457,6.866455078125e-05
random_95,1.0,c045,7.562308311462402,-0.12491703033447266
random_95,1.0,c046,-1.1242790222167969,-0.1254730224609375
random_95,1.0,c044,9.749029159545898,-0.31210899353027344
random_95,1.0,c008,-1.75,-0.625
random_95,1.0,c049,4.1875,-0.18749618530273438
random_95,1.0,c013,10.124774932861328,-0.062343597412109375
random_95,1.0,c042,3.4999818801879883,-0.37499332427978516
random_95,1.0,c009,-1.000016212463379,-0.4374570846557617
random_95,1.0,c047,0.6246042251586914,-0.31250762939453125
random_95,1.0,c050,0.8746166229248047,-0.31191253662109375
random_95,1.0,c043,0.6247615814208984,-0.12508487701416016
random_95,1.0,c016,2.12496280670166,-0.37497615814208984
random_95,1.0,c014,1.4374885559082031,-0.375
random_95,1.0,c041,-2.687549591064453,2.86102294921875e-05
random_95,1.0,c006,0.687321662902832,-0.6245460510253906
random_95,1.0,c039,-2.3124465942382812,-0.2501401901245117
random_95,1.0,c017,3.3749618530273438,-0.06238079071044922
random_95,1.0,c058,-0.06249809265136719,-0.3750019073486328
random_95,1.0,c002,2.1249732971191406,-0.25000953674316406
random_95,1.0,c024,0.6872644424438477,-0.1874542236328125
random_95,1.0,c023,1.562483787536621,-0.31250667572021484
random_95,1.0,c022,-0.5624990463256836,-0.687504768371582
random_95,1.0,c056,1.4361677169799805,-0.18585586547851562
random_95,-4.0,c041,2.936825752258301,0.7495126724243164
random_95,-4.0,c006,2.9266347885131836,0.4896364212036133
random_95,-4.0,c039,1.3751487731933594,0.06264305114746094
random_95,-4.0,c017,4.9997053146362305,-0.00026607513427734375
random_95,-4.0,c058,2.1874704360961914,1.5624704360961914
random_95,-4.0,c002,2.3750267028808594,0.9375419616699219
random_95,-4.0,c024,0.8742561340332031,0.8118381500244141
random_95,-4.0,c023,2.4974117279052734,0.12258720397949219
random_95,-4.0,c022,3.185823440551758,0.49843883514404297
random_95,-4.0,c056,2.000741958618164,1.2666053771972656
random_95,-4.0,c029,-1.0623540878295898,0.6876449584960938
random_95,-4.0,c025,-0.0005846023559570312,0.7493648529052734
random_95,-4.0,c000,3.1754865646362305,0.23928070068359375
random_95,-4.0,c036,0.6786108016967773,-0.07093620300292969
random_95,-4.0,c020,8.87264633178711,-0.2520408630371094
random_95,-4.0,c011,4.249677658081055,-0.18773841857910156
random_95,-4.0,c003,2.186838150024414,0.24943256378173828
random_95,-4.0,c045,7.497919082641602,-0.18930625915527344
random_95,-4.0,c046,0.5735311508178711,1.5723371505737305
random_95,-4.0,c044,9.248104095458984,-0.8130340576171875
random_95,-4.0,c008,-1.5625,-0.4375
random_95,-4.0,c049,3.3124923706054688,-1.0625038146972656
random_95,-4.0,c013,9.436333656311035,-0.7507848739624023
random_95,-4.0,c042,3.123781204223633,-0.7511940002441406
random_95,-4.0,c009,-0.000331878662109375,0.5622272491455078
random_95,-4.0,c047,0.6751222610473633,-0.2619895935058594
random_95,-4.0,c050,1.368882179260254,0.18235301971435547
random_95,-4.0,c043,1.733963966369629,0.9841175079345703
random_95,-4.0,c016,2.8746538162231445,0.37471485137939453
random_95,-4.0,c014,2.062466621398926,0.24997806549072266
random_95,-4.0,c041,-2.000032424926758,0.6875457763671875
random_95,-4.0,c006,1.4943733215332031,0.18250560760498047
random_95,-4.0,c039,-1.495758056640625,0.5665483474731445
random_95,-4.0,c017,2.936880111694336,-0.500462532043457
random_95,-4.0,c058,0.8750028610229492,0.5624990463256836
random_95,-4.0,c002,2.624527931213379,0.24954509735107422
random_95,-4.0,c024,1.2493047714233398,0.3745861053466797
random_95,-4.0,c023,2.495417594909668,0.620427131652832
random_95,-4.0,c022,0.9998750686645508,0.8748693466186523
random_95,-4.0,c056,2.1525535583496094,0.5305299758911133
random_95,4.0,c041,0.4999542236328125,-1.6873588562011719
random_95,4.0,c006,0.24999237060546875,-2.1870059967041016
random_95,4.0,c039,-0.0625,-1.3750057220458984
random_95,4.0,c017,2.9374876022338867,-2.062483787536621
random_95,4.0,c058,-1.125,-1.75
random_95,4.0,c002,-0.1874980926513672,-1.6249828338623047
random_95,4.0,c024,-0.8750143051147461,-0.9374322891235352
random_95,4.0,c023,-0.687495231628418,-3.062319755554199
random_95,4.0,c022,1.1874761581420898,-1.499908447265625
random_95,4.0,c056,-0.25139427185058594,-0.9855308532714844
random_95,4.0,c029,-2.8125,-1.0625009536743164
random_95,4.0,c025,-1.25,-0.5000505447387695
random_95,4.0,c000,0.9999504089355469,-1.9362554550170898
random_95,4.0,c036,-1.0625686645507812,-1.8121156692504883
random_95,4.0,c020,7.812459945678711,-1.3122272491455078
random_95,4.0,c011,2.1249961853027344,-2.312419891357422
random_95,4.0,c003,-0.6249885559082031,-2.562394142150879
random_95,4.0,c045,6.124948501586914,-1.562276840209961
random_95,4.0,c046,-1.8125238418579102,-0.8137178421020508
random_95,4.0,c044,8.749750137329102,-1.3113880157470703
random_95,4.0,c008,-2.625,-1.5
random_95,4.0,c049,4.1875,-0.18749618530273438
random_95,4.0,c013,8.937407493591309,-1.249711036682129
random_95,4.0,c042,1.1249942779541016,-2.749980926513672
random_95,4.0,c009,-2.0,-1.4374408721923828
random_95,4.0,c047,-0.56256103515625,-1.4996728897094727
random_95,4.0,c050,-1.0000295639038086,-2.186558723449707
random_95,4.0,c043,-0.6249799728393555,-1.374826431274414
random_95,4.0,c016,0.4374837875366211,-2.062455177307129
random_95,4.0,c014,0.06250667572021484,-1.7499818801879883
random_95,4.0,c041,-2.3125152587890625,0.3750629425048828
random_95,4.0,c006,-0.18756580352783203,-1.4994335174560547
random_95,4.0,c039,-2.4374866485595703,-0.3751802444458008
random_95,4.0,c017,1.937490463256836,-1.499852180480957
random_95,4.0,c058,-0.8124980926513672,-1.1250019073486328
random_95,4.0,c002,0.0,-2.3749828338623047
random_95,4.0,c024,0.24996662139892578,-0.6247520446777344
random_95,4.0,c023,1.124990463256836,-0.75
random_95,4.0,c022,-1.6875019073486328,-1.8125076293945312
random_95,4.0,c056,0.6874580383300781,-0.934565544128418
random_96,-1.0,c041,2.561793327331543,0.3744802474975586
random_96,-1.0,c006,2.436070442199707,-0.0009279251098632812
random_96,-1.0,c039,1.2500123977661133,-0.062493324279785156
random_96,-1.0,c017,5.124790191650391,0.12481880187988281
random_96,-1.0,c058,0.4375,-0.1875
random_96,-1.0,c002,1.6249608993530273,0.18747615814208984
random_96,-1.0,c024,-0.0003833770751953125,-0.06280136108398438
random_96,-1.0,c023,2.2492942810058594,-0.12553024291992188
random_96,-1.0,c022,3.062114715576172,0.37473011016845703
random_96,-1.0,c056,0.28641319274902344,-0.447723388671875
random_96,-1.0,c029,-2.0624990463256836,-0.3125
random_96,-1.0,c025,-0.31231021881103516,0.4376392364501953
random_96,-1.0,c000,2.498586654663086,-0.4376192092895508
random_96,-1.0,c036,0.5618877410888672,-0.18765926361083984
random_96,-1.0,c020,8.937124252319336,-0.1875629425048828
random_96,-1.0,c011,4.187422752380371,-0.24999332427978516
random_96,-1.0,c003,2.1247243881225586,0.1873188018798828
random_96,-1.0,c045,7.811749458312988,0.12452411651611328
random_96,-1.0,c046,-0.6850471496582031,0.31375885009765625
random_96,-1.0,c044,9.747502326965332,-0.31363582611083984
random_96,-1.0,c008,-1.125,0.0
random_96,-1.0,c049,4.062494277954102,-0.3125019073486328
random_96,-1.0,c013,8.9992094039917,-1.1879091262817383
random_96,-1.0,c042,2.999910354614258,-0.8750648498535156
random_96,-1.0,c009,-0.4375753402709961,0.1249837875366211
random_96,-1.0,c047,0.8732614517211914,-0.06385040283203125
random_96,-1.0,c050,1.3118953704833984,0.1253662109375
random_96,-1.0,c043,0.8112449645996094,0.06139850616455078
random_96,-1.0,c016,2.874863624572754,0.3749246597290039
random_96,-1.0,c014,1.687490463256836,-0.12499809265136719
random_96,-1.0,c041,-2.9375104904174805,-0.24993228912353516
random_96,-1.0,c006,1.3113994598388672,-0.00046825408935546875
random_96,-1.0,c039,-2.187265396118164,-0.12495899200439453
random_96,-1.0,c017,3.3123273849487305,-0.1250152587890625
random_96,-1.0,c058,0.25,-0.06250381469726562
random_96,-1.0,c002,2.437392234802246,0.062409400939941406
random_96,-1.0,c024,1.249765396118164,0.3750467300415039
random_96,-1.0,c023,2.187318801879883,0.3123283386230469
random_96,-1.0,c022,-0.18746089935302734,-0.3124666213989258
random_96,-1.0,c056,1.8082513809204102,0.18622779846191406
random_96,1.0,c041,2.312419891357422,0.1251068115234375
random_96,1.0,c006,2.3120956420898438,-0.12490272521972656
random_96,1.0,c039,1.9375,0.6249942779541016
random_96,1.0,c017,5.124937057495117,0.12496566772460938
random_96,1.0,c058,0.7499980926513672,0.12499809265136719
random_96,1.0,c002,1.4999971389770508,0.06251239776611328
random_96,1.0,c024,0.062469482421875,5.14984130859375e-05
random_96,1.0,c023,2.812361717224121,0.43753719329833984
random_96,1.0,c022,2.8124265670776367,0.12504196166992188
random_96,1.0,c056,0.4301118850708008,-0.30402469635009766
random_96,1.0,c029,-1.7499980926513672,9.5367431640625e-07
random_96,1.0,c025,-0.8124589920043945,-0.06250953674316406
random_96,1.0,c000,2.5622777938842773,-0.3739280700683594
random_96,1.0,c036,0.49991512298583984,-0.2496318817138672
random_96,1.0,c020,9.06218433380127,-0.06250286102294922
random_96,1.0,c011,4.499958038330078,0.06254196166992188
random_96,1.0,c003,1.9999933242797852,0.06258773803710938
random_96,1.0,c045,7.874767303466797,0.18754196166992188
random_96,1.0,c046,-0.687169075012207,0.31163692474365234
random_96,1.0,c044,10.123896598815918,0.0627584457397461
random_96,1.0,c008,-1.4375,-0.3125
random_96,1.0,c049,5.124998092651367,0.7500019073486328
random_96,1.0,c013,9.999618530273438,-0.1875
random_96,1.0,c042,4.437479019165039,0.5625038146972656
random_96,1.0,c009,-0.3750333786010742,0.18752574920654297
random_96,1.0,c047,0.9372482299804688,0.00013637542724609375
random_96,1.0,c050,1.1870288848876953,0.000499725341796875
random_96,1.0,c043,1.062291145324707,0.31244468688964844
random_96,1.0,c016,2.062467575073242,-0.4374713897705078
random_96,1.0,c014,1.9999942779541016,0.18750572204589844
random_96,1.0,c041,-2.500016212463379,0.1875619888305664
random_96,1.0,c006,0.9373683929443359,-0.3744993209838867
random_96,1.0,c039,-1.8124494552612305,0.24985694885253906
random_96,1.0,c017,3.374959945678711,-0.06238269805908203
random_96,1.0,c058,-0.06249809265136719,-0.3750019073486328
random_96,1.0,c002,2.7499752044677734,0.37499237060546875
random_96,1.0,c024,1.124521255493164,0.2498025894165039
random_96,1.0,c023,2.062483787536621,0.18749332427978516
random_96,1.0,c022,-1.9073486328125e-06,-0.12500762939453125
random_96,1.0,c056,1.6244468688964844,0.0024232864379882812
random_96,-4.0,c041,2.8110580444335938,0.6237449645996094
random_96,-4.0,c006,2.9320173263549805,0.49501895904541016
random_96,-4.0,c039,0.6875715255737305,-0.624934196472168
random_96,-4.0,c017,5.060835838317871,0.06086444854736328
random_96,-4.0,c058,0.37500476837158203,-0.24999523162841797
random_96,-4.0,c002,1.2503843307495117,-0.18710041046142578
random_96,-4.0,c024,0.8109579086303711,0.748539924621582
random_96,-4.0,c023,1.9344587326049805,-0.4403657913208008
random_96,-4.0,c022,3.1286439895629883,0.44125938415527344
random_96,-4.0,c056,0.4121980667114258,-0.32193851470947266
random_96,-4.0,c029,-1.7499923706054688,6.67572021484375e-06
random_96,-4.0,c025,0.5623645782470703,1.3123140335083008
random_96,-4.0,c000,2.1230640411376953,-0.8131418228149414
random_96,-4.0,c036,-0.07110404968261719,-0.8206510543823242
random_96,-4.0,c020,7.686731338500977,-1.4379558563232422
random_96,-4.0,c011,3.437129020690918,-1.0002870559692383
random_96,-4.0,c003,1.8117895126342773,-0.12561607360839844
random_96,-4.0,c045,7.374439239501953,-0.3127861022949219
random_96,-4.0,c046,-0.3492279052734375,0.6495780944824219
random_96,-4.0,c044,9.060384750366211,-1.000753402709961
random_96,-4.0,c008,-1.1874980926513672,-0.06249809265136719
random_96,-4.0,c049,2.4999990463256836,-1.8749971389770508
random_96,-4.0,c013,9.436664581298828,-0.7504539489746094
random_96,-4.0,c042,2.874403953552246,-1.0005712509155273
random_96,-4.0,c009,-0.8129138946533203,-0.2503547668457031
random_96,-4.0,c047,1.0500783920288086,0.11296653747558594
random_96,-4.0,c050,1.8069496154785156,0.6204204559326172
random_96,-4.0,c043,1.06988525390625,0.3200387954711914
random_96,-4.0,c016,2.9980030059814453,0.4980640411376953
random_96,-4.0,c014,1.749922752380371,-0.06256580352783203
random_96,-4.0,c041,-2.000077247619629,0.6875009536743164
random_96,-4.0,c006,1.8697423934936523,0.5578746795654297
random_96,-4.0,c039,-1.9988889694213867,0.06341743469238281
random_96,-4.0,c017,3.374659538269043,-0.06268310546875
random_96,-4.0,c058,1.0625066757202148,0.7500028610229492
random_96,-4.0,c002,1.999673843383789,-0.3753089904785156
random_96,-4.0,c024,1.6308221817016602,0.756103515625
random_96,-4.0,c023,2.1254100799560547,0.25041961669921875
random_96,-4.0,c022,0.2514638900756836,0.12645816802978516
random_96,-4.0,c056,1.540431022644043,-0.08159255981445312
random_96,4.0,c041,1.1249723434448242,-1.0623407363891602
random_96,4.0,c006,1.374974250793457,-1.0620241165161133
random_96,4.0,c039,2.0625,0.7499942779541016
random_96,4.0,c017,3.9999923706054688,-0.9999790191650391
random_96,4.0,c058,0.4374980926513672,-0.1875019073486328
random_96,4.0,c002,1.6875,0.2500152587890625
random_96,4.0,c024,0.5625009536743164,0.5000829696655273
random_96,4.0,c023,2.9999465942382812,0.6251220703125
random_96,4.0,c022,1.9375038146972656,-0.7498807907104492
random_96,4.0,c056,0.9369840621948242,0.20284748077392578
random_96,4.0,c029,-1.0,0.7499990463256836
random_96,4.0,c025,-0.9374895095825195,-0.18754005432128906
random_96,4.0,c000,2.6874303817749023,-0.24877548217773438
random_96,4.0,c036,0.37497901916503906,-0.37456798553466797
random_96,4.0,c020,9.937360763549805,0.8126735687255859
random_96,4.0,c011,4.874990463256836,0.4375743865966797
random_96,4.0,c003,1.3124914169311523,-0.6249141693115234
random_96,4.0,c045,7.624818801879883,-0.06240653991699219
random_96,4.0,c046,-0.5623178482055664,0.43648815155029297
random_96,4.0,c044,10.812236785888672,0.7510986328125
random_96,4.0,c008,-2.4375,-1.3125
random_96,4.0,c049,7.312498092651367,2.937501907348633
random_96,4.0,c013,11.249837875366211,1.0627193450927734
random_96,4.0,c042,4.562496185302734,0.6875209808349609
random_96,4.0,c009,0.1249847412109375,0.6875438690185547
random_96,4.0,c047,0.7499713897705078,-0.18714046478271484
random_96,4.0,c050,0.37494659423828125,-0.8115825653076172
random_96,4.0,c043,1.1874828338623047,0.4376363754272461
random_96,4.0,c016,1.0624961853027344,-1.4374427795410156
random_96,4.0,c014,2.5625,0.7500114440917969
random_96,4.0,c041,-2.4374990463256836,0.2500791549682617
random_96,4.0,c006,0.8749818801879883,-0.4368858337402344
random_96,4.0,c039,-2.375027656555176,-0.31272125244140625
random_96,4.0,c017,3.3124866485595703,-0.12485599517822266
random_96,4.0,c058,-0.25,-0.5625038146972656
random_96,4.0,c002,1.9999914169311523,-0.37499141693115234
random_96,4.0,c024,0.24995899200439453,-0.6247596740722656
random_96,4.0,c023,1.8124990463256836,-0.062491416931152344
random_96,4.0,c022,0.5625,0.43749427795410156
random_96,4.0,c056,1.6874141693115234,0.06539058685302734
random_97,-1.0,c041,2.3122920989990234,0.12497901916503906
random_97,-1.0,c006,1.6245145797729492,-0.8124837875366211
random_97,-1.0,c039,1.125,-0.18750572204589844
random_97,-1.0,c017,5.062471389770508,0.0625
random_97,-1.0,c058,0.8749980926513672,0.2499980926513672
random_97,-1.0,c002,1.1249971389770508,-0.3124876022338867
random_97,-1.0,c024,-0.43762969970703125,-0.5000476837158203
random_97,-1.0,c023,1.8746833801269531,-0.5001411437988281
random_97,-1.0,c022,2.4374265670776367,-0.24995803833007812
random_97,-1.0,c056,0.43041324615478516,-0.3037233352661133
random_97,-1.0,c029,-2.0,-0.2500009536743164
random_97,-1.0,c025,-0.8750219345092773,-0.12507247924804688
random_97,-1.0,c000,2.3116703033447266,-0.6245355606079102
random_97,-1.0,c036,0.2496623992919922,-0.49988460540771484
random_97,-1.0,c020,8.874454498291016,-0.2502326965332031
random_97,-1.0,c011,4.1874847412109375,-0.24993133544921875
random_97,-1.0,c003,1.6874046325683594,-0.2500009536743164
random_97,-1.0,c045,7.562282562255859,-0.12494277954101562
random_97,-1.0,c046,-0.3769054412841797,0.6219005584716797
random_97,-1.0,c044,9.56110954284668,-0.5000286102294922
random_97,-1.0,c008,-1.5,-0.375
random_97,-1.0,c049,4.499998092651367,0.1250019073486328
random_97,-1.0,c013,9.999332427978516,-0.18778610229492188
random_97,-1.0,c042,3.6249618530273438,-0.2500133514404297
random_97,-1.0,c009,-0.5000505447387695,0.06250858306884766
random_97,-1.0,c047,0.9370059967041016,-0.00010585784912109375
random_97,-1.0,c050,1.2491731643676758,0.06264400482177734
random_97,-1.0,c043,0.9998311996459961,0.2499847412109375
random_97,-1.0,c016,1.9999895095825195,-0.49994945526123047
random_97,-1.0,c014,2.0624961853027344,0.25000762939453125
random_97,-1.0,c041,-2.8125228881835938,-0.12494468688964844
random_97,-1.0,c006,0.6870536804199219,-0.6248140335083008
random_97,-1.0,c039,-2.187255859375,-0.12494945526123047
random_97,-1.0,c017,3.4374427795410156,0.00010013580322265625
random_97,-1.0,c058,-0.2499980926513672,-0.5625019073486328
random_97,-1.0,c002,1.9999828338623047,-0.375
random_97,-1.0,c024,0.6873235702514648,-0.1873950958251953
random_97,-1.0,c023,1.4373836517333984,-0.4376068115234375
random_97,-1.0,c022,-0.18748188018798828,-0.3124876022338867
random_97,-1.0,c056,1.5607271194458008,-0.06129646301269531
random_97,1.0,c041,2.5618762969970703,0.37456321716308594
random_97,1.0,c006,2.6239404678344727,0.18694210052490234
random_97,1.0,c039,1.8125038146972656,0.4999980926513672
random_97,1.0,c017,5.437341690063477,0.43737030029296875
random_97,1.0,c058,0.7499961853027344,0.12499618530273438
random_97,1.0,c002,2.062497138977051,0.6250123977661133
random_97,1.0,c024,0.4998321533203125,0.43741416931152344
random_97,1.0,c023,3.187061309814453,0.8122367858886719
random_97,1.0,c022,2.8747310638427734,0.1873464584350586
random_97,1.0,c056,0.4807748794555664,-0.25336170196533203
random_97,1.0,c029,-1.6249971389770508,0.1250019073486328
random_97,1.0,c025,-0.24993133544921875,0.5000181198120117
random_97,1.0,c000,3.248833656311035,0.31262779235839844
random_97,1.0,c036,0.8116531372070312,0.06210613250732422
random_97,1.0,c020,9.37459659576416,0.2499094009399414
random_97,1.0,c011,4.687417984008789,0.2500019073486328
random_97,1.0,c003,2.062337875366211,0.12493228912353516
random_97,1.0,c045,7.8746442794799805,0.18741893768310547
random_97,1.0,c046,-0.8703956604003906,0.12841033935546875
random_97,1.0,c044,10.247977256774902,0.18683910369873047
random_97,1.0,c008,-1.0,0.125
random_97,1.0,c049,3.9999942779541016,-0.3750019073486328
random_97,1.0,c013,9.874513626098633,-0.3126049041748047
random_97,1.0,c042,3.8749217987060547,-5.340576171875e-05
random_97,1.0,c009,-0.2500438690185547,0.3125152587890625
random_97,1.0,c047,1.1241388320922852,0.1870269775390625
random_97,1.0,c050,1.4365615844726562,0.2500324249267578
random_97,1.0,c043,0.8746051788330078,0.12475872039794922
random_97,1.0,c016,2.812411308288574,0.3124723434448242
random_97,1.0,c014,1.812495231628418,6.67572021484375e-06
random_97,1.0,c041,-2.500027656555176,0.18755054473876953
random_97,1.0,c006,1.5618057250976562,0.2499380111694336
random_97,1.0,c039,-1.6870841979980469,0.37522220611572266
random_97,1.0,c017,3.874882698059082,0.43754005432128906
random_97,1.0,c058,0.6250038146972656,0.3125
random_97,1.0,c002,2.8749446868896484,0.49996185302734375
random_97,1.0,c024,1.437255859375,0.5625371932983398
random_97,1.0,c023,2.2498855590820312,0.3748950958251953
random_97,1.0,c022,0.06250858306884766,-0.06249713897705078
random_97,1.0,c056,1.6857271194458008,0.06370353698730469
random_97,-4.0,c041,0.6249494552612305,-1.562363624572754
random_97,-4.0,c006,-0.0003795623779296875,-2.4373779296875
random_97,-4.0,c039,0.5625066757202148,-0.7499990463256836
random_97,-4.0,c017,2.8124828338623047,-2.187488555908203
random_97,-4.0,c058,1.125,0.5
random_97,-4.0,c002,3.814697265625e-06,-1.4374809265136719
random_97,-4.0,c024,-1.5625419616699219,-1.624959945678711
random_97,-4.0,c023,-1.0001401901245117,-3.374964714050293
random_97,-4.0,c022,0.937373161315918,-1.7500114440917969
random_97,-4.0,c056,-0.13734149932861328,-0.8714780807495117
random_97,-4.0,c029,-3.0,-1.2500009536743164
random_97,-4.0,c025,-1.4374055862426758,-0.6874561309814453
random_97,-4.0,c000,0.49973201751708984,-2.436473846435547
random_97,-4.0,c036,-0.5628643035888672,-1.3124113082885742
random_97,-4.0,c020,5.749834060668945,-3.3748531341552734
random_97,-4.0,c011,2.562493324279785,-1.874922752380371
random_97,-4.0,c003,-1.811981201171875e-05,-1.9374237060546875
random_97,-4.0,c045,5.687192916870117,-2.000032424926758
random_97,-4.0,c046,-1.3142642974853516,-0.3154582977294922
random_97,-4.0,c044,6.435342788696289,-3.625795364379883
random_97,-4.0,c008,-2.25,-1.125
random_97,-4.0,c049,4.499996185302734,0.125
random_97,-4.0,c013,8.124815940856934,-2.062302589416504
random_97,-4.0,c042,1.6249513626098633,-2.25002384185791
random_97,-4.0,c009,-1.1876068115234375,-0.6250476837158203
random_97,-4.0,c047,0.12491035461425781,-0.8122014999389648
random_97,-4.0,c050,0.2496347427368164,-0.936894416809082
random_97,-4.0,c043,0.5599136352539062,-0.18993282318115234
random_97,-4.0,c016,0.5624885559082031,-1.9374504089355469
random_97,-4.0,c014,1.9999933242797852,0.18750476837158203
random_97,-4.0,c041,-2.6251096725463867,0.062468528747558594
random_97,-4.0,c006,-0.12518978118896484,-1.4370574951171875
random_97,-4.0,c039,-2.9372682571411133,-0.8749618530273438
random_97,-4.0,c017,2.0624828338623047,-1.3748598098754883
random_97,-4.0,c058,-1.375,-1.6875038146972656
random_97,-4.0,c002,0.06250572204589844,-2.3124771118164062
random_97,-4.0,c024,-0.7500057220458984,-1.6247243881225586
random_97,-4.0,c023,-0.5,-2.374990463256836
random_97,-4.0,c022,-0.3749980926513672,-0.5000038146972656
random_97,-4.0,c056,0.684687614440918,-0.9373359680175781
random_97,4.0,c041,2.5618085861206055,0.3744955062866211
random_97,4.0,c006,3.6870555877685547,1.2500572204589844
random_97,4.0,c039,2.1874828338623047,0.8749771118164062
random_97,4.0,c017,5.374811172485352,0.37483978271484375
random_97,4.0,c058,0.12500286102294922,-0.4999971389770508
random_97,4.0,c002,3.9374427795410156,2.499958038330078
random_97,4.0,c024,1.748830795288086,1.6864128112792969
random_97,4.0,c023,4.061954498291016,1.6871299743652344
random_97,4.0,c022,3.9993104934692383,1.3119258880615234
random_97,4.0,c056,0.43410682678222656,-0.3000297546386719
random_97,4.0,c029,-0.7499828338623047,1.000016212463379
random_97,4.0,c025,1.1252946853637695,1.875244140625
random_97,4.0,c000,3.373469352722168,0.43726348876953125
random_97,4.0,c036,0.9367971420288086,0.18725013732910156
random_97,4.0,c020,10.31218433380127,1.1874971389770508
random_97,4.0,c011,4.874844551086426,0.43742847442626953
random_97,4.0,c003,2.562211036682129,0.6248054504394531
random_97,4.0,c045,8.436812400817871,0.7495870590209961
random_97,4.0,c046,0.38113880157470703,1.3799448013305664
random_97,4.0,c044,10.186920166015625,0.12578201293945312
random_97,4.0,c008,-0.12499809265136719,1.0000019073486328
random_97,4.0,c049,3.1874961853027344,-1.1875
random_97,4.0,c013,9.81230354309082,-0.3748149871826172
random_97,4.0,c042,4.062419891357422,0.18744468688964844
random_97,4.0,c009,0.24986553192138672,0.8124246597290039
random_97,4.0,c047,1.3118925094604492,0.37478065490722656
random_97,4.0,c050,0.9993524551391602,-0.18717670440673828
random_97,4.0,c043,0.5012693405151367,-0.24857711791992188
random_97,4.0,c016,3.499889373779297,0.9999504089355469
random_97,4.0,c014,1.4375133514404297,-0.37497520446777344
random_97,4.0,c041,-1.312617301940918,1.3749608993530273
random_97,4.0,c006,2.5620861053466797,1.250218391418457
random_97,4.0,c039,-0.8741788864135742,1.1881275177001953
random_97,4.0,c017,3.687040328979492,0.24969768524169922
random_97,4.0,c058,0.6250066757202148,0.3125028610229492
random_97,4.0,c002,2.9997692108154297,0.624786376953125
random_97,4.0,c024,2.8116607666015625,1.9369421005249023
random_97,4.0,c023,3.937140464782715,2.062150001525879
random_97,4.0,c022,1.2498855590820312,1.1248798370361328
random_97,4.0,c056,2.0616703033447266,0.43964672088623047
random_98,-1.0,c041,2.3744773864746094,0.187164306640625
random_98,-1.0,c006,1.999241828918457,-0.4377565383911133
random_98,-1.0,c039,1.6250019073486328,0.3124961853027344
random_98,-1.0,c017,4.749968528747559,-0.2500028610229492
random_98,-1.0,c058,0.25,-0.375
random_98,-1.0,c002,2.1250009536743164,0.6875162124633789
random_98,-1.0,c024,-0.312591552734375,-0.37500953674316406
random_98,-1.0,c023,2.6871166229248047,0.31229209899902344
random_98,-1.0,c022,2.8748111724853516,0.18742656707763672
random_98,-1.0,c056,0.29784107208251953,-0.4362955093383789
random_98,-1.0,c029,-2.3749961853027344,-0.6249971389770508
random_98,-1.0,c025,-0.687469482421875,0.06247997283935547
random_98,-1.0,c000,2.87355899810791,-0.06264686584472656
random_98,-1.0,c036,0.1871776580810547,-0.5623693466186523
random_98,-1.0,c020,8.686627388000488,-0.43805980682373047
random_98,-1.0,c011,4.437457084655762,4.100799560546875e-05
random_98,-1.0,c003,1.6874303817749023,-0.24997520446777344
random_98,-1.0,c045,7.624638557434082,-0.06258678436279297
random_98,-1.0,c046,-0.8114509582519531,0.18735504150390625
random_98,-1.0,c044,9.12100887298584,-0.940129280090332
random_98,-1.0,c008,-1.375,-0.25
random_98,-1.0,c049,4.312496185302734,-0.0625
random_98,-1.0,c013,9.62387752532959,-0.5632410049438477
random_98,-1.0,c042,4.062431335449219,0.1874561309814453
random_98,-1.0,c009,-0.5626697540283203,-0.000110626220703125
random_98,-1.0,c047,1.1869382858276367,0.24982643127441406
random_98,-1.0,c050,1.3116626739501953,0.12513351440429688
random_98,-1.0,c043,0.8112726211547852,0.06142616271972656
random_98,-1.0,c016,2.7499752044677734,0.25003623962402344
random_98,-1.0,c014,1.812514305114746,2.574920654296875e-05
random_98,-1.0,c041,-3.437511444091797,-0.7499332427978516
random_98,-1.0,c006,1.499441146850586,0.18757343292236328
random_98,-1.0,c039,-2.062251091003418,5.53131103515625e-05
random_98,-1.0,c017,3.4998483657836914,0.06250572204589844
random_98,-1.0,c058,0.0625,-0.2500038146972656
random_98,-1.0,c002,2.9999780654907227,0.624995231628418
random_98,-1.0,c024,0.7492504119873047,-0.12546825408935547
random_98,-1.0,c023,1.9374198913574219,0.06242942810058594
random_98,-1.0,c022,-0.06250286102294922,-0.18750858306884766
random_98,-1.0,c056,1.8082313537597656,0.18620777130126953
random_98,1.0,c041,2.4373817443847656,0.25006866455078125
random_98,1.0,c006,2.1246585845947266,-0.31233978271484375
random_98,1.0,c039,1.9374990463256836,0.6249933242797852
random_98,1.0,c017,4.999982833862305,1.1444091796875e-05
random_98,1.0,c058,0.6249980926513672,-1.9073486328125e-06
random_98,1.0,c002,1.1874961853027344,-0.24998855590820312
random_98,1.0,c024,0.4999256134033203,0.43750762939453125
random_98,1.0,c023,1.9373769760131836,-0.43744754791259766
random_98,1.0,c022,2.6874332427978516,4.863739013671875e-05
random_98,1.0,c056,0.36970043182373047,-0.36443614959716797
random_98,1.0,c029,-1.6874961853027344,0.06250286102294922
random_98,1.0,c025,-0.5622005462646484,0.18774890899658203
random_98,1.0,c000,2.874566078186035,-0.06163978576660156
random_98,1.0,c036,0.8746156692504883,0.12506866455078125
random_98,1.0,c020,9.374765396118164,0.2500782012939453
random_98,1.0,c011,4.437420845031738,4.76837158203125e-06
random_98,1.0,c003,1.812459945678711,-0.12494564056396484
random_98,1.0,c045,8.187332153320312,0.5001068115234375
random_98,1.0,c046,-0.7495613098144531,0.24924468994140625
random_98,1.0,c044,9.874041557312012,-0.18709659576416016
random_98,1.0,c008,-1.6875,-0.5625
random_98,1.0,c049,4.937494277954102,0.5624980926513672
random_98,1.0,c013,10.249744415283203,0.06262588500976562
random_98,1.0,c042,3.624940872192383,-0.2500343322753906
random_98,1.0,c009,-0.3750333786010742,0.18752574920654297
random_98,1.0,c047,0.6242914199829102,-0.3128204345703125
random_98,1.0,c050,1.2494230270385742,0.06289386749267578
random_98,1.0,c043,1.1245174407958984,0.37467098236083984
random_98,1.0,c016,2.3749704360961914,-0.1249685287475586
random_98,1.0,c014,1.812490463256836,1.9073486328125e-06
random_98,1.0,c041,-2.25003719329834,0.43754100799560547
random_98,1.0,c006,1.3119468688964844,7.915496826171875e-05
random_98,1.0,c039,-1.9373254776000977,0.12498092651367188
random_98,1.0,c017,3.249929428100586,-0.18741321563720703
random_98,1.0,c058,0.875,0.5624961853027344
random_98,1.0,c002,2.0624914169311523,-0.31249141693115234
random_98,1.0,c024,1.3125543594360352,0.437835693359375
random_98,1.0,c023,1.9374818801879883,0.062491416931152344
random_98,1.0,c022,-9.5367431640625e-07,-0.12500667572021484
random_98,1.0,c056,2.3117570877075195,0.6897335052490234
random_98,-4.0,c041,1.749490737915039,-0.4378223419189453
random_98,-4.0,c006,1.6842384338378906,-0.7527599334716797
random_98,-4.0,c039,0.06251144409179688,-1.2499942779541016
random_98,-4.0,c017,3.812406539916992,-1.1875648498535156
random_98,-4.0,c058,-0.25,-0.875
random_98,-4.0,c002,2.249903678894043,0.8124189376831055
random_98,-4.0,c024,-0.8127250671386719,-0.8751430511474609
random_98,-4.0,c023,2.3123292922973633,-0.06249523162841797
random_98,-4.0,c022,2.4995250701904297,-0.18785953521728516
random_98,-4.0,c056,0.1919565200805664,-0.542180061340332
random_98,-4.0,c029,-2.687485694885254,-0.9374866485595703
random_98,-4.0,c025,-0.8750591278076172,-0.12510967254638672
random_98,-4.0,c000,2.68514347076416,-0.25106239318847656
random_98,-4.0,c036,-0.7504911422729492,-1.5000381469726562
random_98,-4.0,c020,8.434746742248535,-0.6899404525756836
random_98,-4.0,c011,3.5623626708984375,-0.8750534057617188
random_98,-4.0,c003,1.3119573593139648,-0.6254482269287109
random_98,-4.0,c045,7.1852216720581055,-0.5020036697387695
random_98,-4.0,c046,-0.3682737350463867,0.6305322647094727
random_98,-4.0,c044,8.738183975219727,-1.3229541778564453
random_98,-4.0,c008,-1.8125,-0.6875
random_98,-4.0,c049,3.4999923706054688,-0.8750038146972656
random_98,-4.0,c013,8.685247421264648,-1.501871109008789
random_98,-4.0,c042,3.999845504760742,0.12487030029296875
random_98,-4.0,c009,-1.187870979309082,-0.6253118515014648
random_98,-4.0,c047,2.061373710632324,1.1242618560791016
random_98,-4.0,c050,1.3109397888183594,0.12441062927246094
random_98,-4.0,c043,0.7479524612426758,-0.0018939971923828125
random_98,-4.0,c016,2.5620174407958984,0.06207847595214844
random_98,-4.0,c014,2.624758720397949,0.8122701644897461
random_98,-4.0,c041,-3.312680244445801,-0.6251020431518555
random_98,-4.0,c006,1.2482833862304688,-0.0635843276977539
random_98,-4.0,c039,-1.6868820190429688,0.3754243850708008
random_98,-4.0,c017,3.6873302459716797,0.24998760223388672
random_98,-4.0,c058,-1.5625,-1.8750038146972656
random_98,-4.0,c002,2.499866485595703,0.12488365173339844
random_98,-4.0,c024,0.8725490570068359,-0.0021696090698242188
random_98,-4.0,c023,2.186844825744629,0.31185436248779297
random_98,-4.0,c022,-0.3753194808959961,-0.5003252029418945
random_98,-4.0,c056,1.4294710159301758,-0.1925525665283203
random_98,4.0,c041,2.6249847412109375,0.4376716613769531
random_98,4.0,c006,2.8749914169311523,0.43799304962158203
random_98,4.0,c039,1.625,0.31249427795410156
random_98,4.0,c017,5.624973297119141,0.6250019073486328
random_98,4.0,c058,1.125,0.5
random_98,4.0,c002,0.9999980926513672,-0.4374866485595703
random_98,4.0,c024,1.8124866485595703,1.7500686645507812
random_98,4.0,c023,2.1874818801879883,-0.18734264373779297
random_98,4.0,c022,3.437497138977051,0.7501125335693359
random_98,4.0,c056,2.5623435974121094,1.828207015991211
random_98,4.0,c029,-0.5,1.2499990463256836
random_98,4.0,c025,0.8749942779541016,1.624943733215332
random_98,4.0,c000,3.6249704360961914,0.6887645721435547
random_98,4.0,c036,0.812342643737793,0.06279563903808594
random_98,4.0,c020,9.74996280670166,0.6252756118774414
random_98,4.0,c011,4.312496185302734,-0.12491989135742188
random_98,4.0,c003,1.9999923706054688,0.06258678436279297
random_98,4.0,c045,9.812363624572754,2.125138282775879
random_98,4.0,c046,0.5624914169311523,1.5612974166870117
random_98,4.0,c044,11.374913215637207,1.3137750625610352
random_98,4.0,c008,-1.5,-0.375
random_98,4.0,c049,5.000001907348633,0.6250057220458984
random_98,4.0,c013,11.562455177307129,1.3753366470336914
random_98,4.0,c042,2.7499923706054688,-1.1249828338623047
random_98,4.0,c009,-0.06249809265136719,0.50006103515625
random_98,4.0,c047,0.06241416931152344,-0.8746976852416992
random_98,4.0,c050,1.6248579025268555,0.43832874298095703
random_98,4.0,c043,1.5000076293945312,0.7501611709594727
random_98,4.0,c016,2.312498092651367,-0.1874408721923828
random_98,4.0,c014,1.375,-0.4374885559082031
random_98,4.0,c041,-0.7500104904174805,1.9375677108764648
random_98,4.0,c006,1.4999685287475586,0.18810081481933594
random_98,4.0,c039,-1.3749713897705078,0.6873350143432617
random_98,4.0,c017,3.2499923706054688,-0.18735027313232422
random_98,4.0,c058,1.8125019073486328,1.4999980926513672
random_98,4.0,c002,1.749995231628418,-0.6249876022338867
random_98,4.0,c024,1.7499589920043945,0.8752403259277344
random_98,4.0,c023,3.125014305114746,1.2500238418579102
random_98,4.0,c022,0.5624933242797852,0.4374876022338867
random_98,4.0,c056,2.874905586242676,1.2528820037841797
random_99,-1.0,c041,2.2494287490844727,0.06211566925048828
random_99,-1.0,c006,2.373250961303711,-0.06374740600585938
random_99,-1.0,c039,1.9999971389770508,0.6874914169311523
random_99,-1.0,c017,4.624819755554199,-0.3751516342163086
random_99,-1.0,c058,0.3750019073486328,-0.2499980926513672
random_99,-1.0,c002,1.4374809265136719,-3.814697265625e-06
random_99,-1.0,c024,0.1246957778930664,0.062277793884277344
random_99,-1.0,c023,2.4371414184570312,0.06231689453125
random_99,-1.0,c022,2.374831199645996,-0.31255340576171875
random_99,-1.0,c056,0.8678312301635742,0.13369464874267578
random_99,-1.0,c029,-1.6874990463256836,0.0625
random_99,-1.0,c025,-0.5622091293334961,0.18774032592773438
random_99,-1.0,c000,2.2479028701782227,-0.6883029937744141
random_99,-1.0,c036,0.6245346069335938,-0.12501239776611328
random_99,-1.0,c020,8.624258041381836,-0.5004291534423828
random_99,-1.0,c011,3.937344551086426,-0.5000715255737305
random_99,-1.0,c003,1.6873254776000977,-0.2500801086425781
random_99,-1.0,c045,7.249729156494141,-0.4374961853027344
random_99,-1.0,c046,-0.6861276626586914,0.31267833709716797
random_99,-1.0,c044,9.496811866760254,-0.564326286315918
random_99,-1.0,c008,-0.8125,0.3125
random_99,-1.0,c049,5.187494277954102,0.8124980926513672
random_99,-1.0,c013,9.624401092529297,-0.5627174377441406
random_99,-1.0,c042,3.3124074935913086,-0.5625677108764648
random_99,-1.0,c009,-0.37508583068847656,0.18747329711914062
random_99,-1.0,c047,0.43633556365966797,-0.5007762908935547
random_99,-1.0,c050,1.061528205871582,-0.1250009536743164
random_99,-1.0,c043,0.6862735748291016,-0.06357288360595703
random_99,-1.0,c016,2.4999074935913086,-3.147125244140625e-05
random_99,-1.0,c014,1.6875066757202148,-0.12498188018798828
random_99,-1.0,c041,-2.7500762939453125,-0.06249809265136719
random_99,-1.0,c006,1.1866331100463867,-0.12523460388183594
random_99,-1.0,c039,-1.687361717224121,0.37494468688964844
random_99,-1.0,c017,3.374757766723633,-0.06258487701416016
random_99,-1.0,c058,0.2500019073486328,-0.06250190734863281
random_99,-1.0,c002,1.9999542236328125,-0.3750286102294922
random_99,-1.0,c024,0.9369373321533203,0.062218666076660156
random_99,-1.0,c023,2.1248779296875,0.24988746643066406
random_99,-1.0,c022,1.811981201171875e-05,-0.12498760223388672
random_99,-1.0,c056,2.3709182739257812,0.7488946914672852
random_99,1.0,c041,2.624958038330078,0.43764495849609375
random_99,1.0,c006,2.999476432800293,0.5624780654907227
random_99,1.0,c039,1.0625038146972656,-0.2500019073486328
random_99,1.0,c017,5.749902725219727,0.7499313354492188
random_99,1.0,c058,0.875,0.25
random_99,1.0,c002,2.062502861022949,0.6250181198120117
random_99,1.0,c024,0.25002193450927734,0.18760395050048828
random_99,1.0,c023,2.9996824264526367,0.6248579025268555
random_99,1.0,c022,2.7499427795410156,0.06255817413330078
random_99,1.0,c056,0.24318218231201172,-0.4909543991088867
random_99,1.0,c029,-2.062498092651367,-0.3124990463256836
random_99,1.0,c025,-0.4374399185180664,0.31250953674316406
random_99,1.0,c000,2.749593734741211,-0.18661212921142578
random_99,1.0,c036,0.6871871948242188,-0.06235980987548828
random_99,1.0,c020,8.937200546264648,-0.1874866485595703
random_99,1.0,c011,5.12498664855957,0.6875705718994141
random_99,1.0,c003,2.12497615814209,0.18757057189941406
random_99,1.0,c045,7.874585151672363,0.18735980987548828
random_99,1.0,c046,-0.43726634979248047,0.5615396499633789
random_99,1.0,c044,9.99934196472168,-0.06179618835449219
random_99,1.0,c008,-1.4375,-0.3125
random_99,1.0,c049,3.312498092651367,-1.0624980926513672
random_99,1.0,c013,9.93721866607666,-0.24989986419677734
random_99,1.0,c042,4.812456130981445,0.9374809265136719
random_99,1.0,c009,-0.5625085830688477,5.054473876953125e-05
random_99,1.0,c047,1.1872882843017578,0.25017642974853516
random_99,1.0,c050,1.5620660781860352,0.3755369186401367
random_99,1.0,c043,0.7499179840087891,7.152557373046875e-05
random_99,1.0,c016,2.874979019165039,0.37504005432128906
random_99,1.0,c014,2.4374923706054688,0.6250038146972656
random_99,1.0,c041,-2.9375057220458984,-0.24992752075195312
random_99,1.0,c006,1.187276840209961,-0.12459087371826172
random_99,1.0,c039,-2.3123464584350586,-0.25004005432128906
random_99,1.0,c017,3.8124523162841797,0.3751096725463867
random_99,1.0,c058,0.1875019073486328,-0.1250019073486328
random_99,1.0,c002,2.749993324279785,0.37501049041748047
random_99,1.0,c024,1.312453269958496,0.43773460388183594
random_99,1.0,c023,1.9374475479125977,0.06245708465576172
random_99,1.0,c022,-0.2500019073486328,-0.37500762939453125
random_99,1.0,c056,1.749354362487793,0.12733078002929688
random_99,-4.0,c041,2.373366355895996,0.18605327606201172
random_99,-4.0,c006,2.4338626861572266,-0.00313568115234375
random_99,-4.0,c039,3.750016212463379,2.4375104904174805
random_99,-4.0,c017,4.561836242675781,-0.43813514709472656
random_99,-4.0,c058,1.6249561309814453,0.9999561309814453
random_99,-4.0,c002,1.6874799728393555,0.24999523162841797
random_99,-4.0,c024,0.8121137619018555,0.7496957778930664
random_99,-4.0,c023,2.62448787689209,0.2496633529663086
random_99,-4.0,c022,3.0000534057617188,0.3126688003540039
random_99,-4.0,c056,1.9894218444824219,1.2552852630615234
random_99,-4.0,c029,-0.6875190734863281,1.0624799728393555
random_99,-4.0,c025,0.0029306411743164062,0.7528800964355469
random_99,-4.0,c000,2.685110092163086,-0.2510957717895508
random_99,-4.0,c036,0.5616321563720703,-0.18791484832763672
random_99,-4.0,c020,8.498957633972168,-0.6257295608520508
random_99,-4.0,c011,3.686984062194824,-0.750432014465332
random_99,-4.0,c003,1.8118104934692383,-0.1255950927734375
random_99,-4.0,c045,6.874663352966309,-0.8125619888305664
random_99,-4.0,c046,0.08221912384033203,1.0810251235961914
random_99,-4.0,c044,8.743467330932617,-1.3176708221435547
random_99,-4.0,c008,0.0625,1.1875
random_99,-4.0,c049,6.249940872192383,1.8749446868896484
random_99,-4.0,c013,9.31187915802002,-0.875239372253418
random_99,-4.0,c042,2.374368667602539,-1.5006065368652344
random_99,-4.0,c009,0.3119049072265625,0.8744640350341797
random_99,-4.0,c047,0.36914730072021484,-0.5679645538330078
random_99,-4.0,c050,0.9959163665771484,-0.19061279296875
random_99,-4.0,c043,1.7435455322265625,0.9936990737915039
random_99,-4.0,c016,2.7493133544921875,0.2493743896484375
random_99,-4.0,c014,2.2499523162841797,0.43746376037597656
random_99,-4.0,c041,-1.1901922225952148,1.4973859786987305
random_99,-4.0,c006,1.561589241027832,0.24972152709960938
random_99,-4.0,c039,0.25108814239501953,2.313394546508789
random_99,-4.0,c017,3.312044143676758,-0.12529850006103516
random_99,-4.0,c058,0.3750019073486328,0.06249809265136719
random_99,-4.0,c002,2.4998035430908203,0.12482070922851562
random_99,-4.0,c024,0.9969291687011719,0.12221050262451172
random_99,-4.0,c023,2.5001182556152344,0.6251277923583984
random_99,-4.0,c022,1.3123226165771484,1.18731689453125
random_99,-4.0,c056,3.162713050842285,1.540689468383789
random_99,4.0,c041,3.6249866485595703,1.437673568725586
random_99,4.0,c006,2.8124828338623047,0.3754844665527344
random_99,4.0,c039,-0.8749961853027344,-2.187501907348633
random_99,4.0,c017,6.87498664855957,1.8750152587890625
random_99,4.0,c058,0.625,0.0
random_99,4.0,c002,2.25,0.8125152587890625
random_99,4.0,c024,0.8124990463256836,0.7500810623168945
random_99,4.0,c023,3.49993896484375,1.1251144409179688
random_99,4.0,c022,2.875004768371582,0.1876201629638672
random_99,4.0,c056,-2.288818359375e-05,-0.7341594696044922
random_99,4.0,c029,-1.8749980926513672,-0.1249990463256836
random_99,4.0,c025,-0.37499427795410156,0.3749551773071289
random_99,4.0,c000,3.437469482421875,0.5012636184692383
random_99,4.0,c036,0.8124780654907227,0.06293106079101562
random_99,4.0,c020,8.937483787536621,-0.18720340728759766
random_99,4.0,c011,6.0625,1.6250839233398438
random_99,4.0,c003,2.5624866485595703,0.6250810623168945
random_99,4.0,c045,8.374960899353027,0.6877355575561523
random_99,4.0,c046,0.18763351440429688,1.1864395141601562
random_99,4.0,c044,10.812480926513672,0.7513427734375
random_99,4.0,c008,-1.875,-0.75
random_99,4.0,c049,1.125,-3.2499961853027344
random_99,4.0,c013,9.249970436096191,-0.9371480941772461
random_99,4.0,c042,5.249988555908203,1.3750133514404297
random_99,4.0,c009,-1.7499980926513672,-1.18743896484375
random_99,4.0,c047,1.9999942779541016,1.062882423400879
random_99,4.0,c050,1.9374570846557617,0.7509279251098633
random_99,4.0,c043,0.1874980926513672,-0.5623483657836914
random_99,4.0,c016,3.687488555908203,1.1875495910644531
random_99,4.0,c014,2.374998092651367,0.5625095367431641
random_99,4.0,c041,-2.8124961853027344,-0.12491798400878906
random_99,4.0,c006,1.3749818801879883,0.06311416625976562
random_99,4.0,c039,-2.624892234802246,-0.5625858306884766
random_99,4.0,c017,3.999990463256836,0.562647819519043
random_99,4.0,c058,1.3125019073486328,0.9999980926513672
random_99,4.0,c002,3.7499961853027344,1.3750133514404297
random_99,4.0,c024,1.3125181198120117,0.43779945373535156
random_99,4.0,c023,1.6874961853027344,-0.18749427795410156
random_99,4.0,c022,-0.875,-1.0000057220458984
random_99,4.0,c056,0.3124847412109375,-1.3095388412475586
