alpha,framing,condition,layer,layer_tag,content_id,belief,delta,kl,entropy
-8.0,eval,d,12,best,c006,0.20433425903320312,0.18050003051757812,0.20715449750423431,0.8566702604293823
-8.0,eval,d,12,best,c017,0.22500038146972656,0.015871047973632812,0.20715449750423431,0.8566702604293823
-8.0,eval,d,12,best,c039,0.17072582244873047,0.15514183044433594,0.20715449750423431,0.8566702604293823
-8.0,eval,d,12,best,c036,0.11732673645019531,0.10093402862548828,0.20715449750423431,0.8566702604293823
-8.0,eval,d,12,best,c009,0.1477489471435547,0.2855691909790039,0.20715449750423431,0.8566702604293823
-8.0,eval,d,12,best,c000,0.22761917114257812,0.07073783874511719,0.20715449750423431,0.8566702604293823
-8.0,eval,d,12,best,c013,0.46601200103759766,-0.5167140960693359,0.20715449750423431,0.8566702604293823
-8.0,eval,d,12,best,c049,0.3641481399536133,-0.23535633087158203,0.20715449750423431,0.8566702604293823
-8.0,eval,d,12,best,c058,0.5036811828613281,0.0025768280029296875,0.20715449750423431,0.8566702604293823
-8.0,eval,d,12,best,c024,0.28012943267822266,-0.05027580261230469,0.20715449750423431,0.8566702604293823
-8.0,eval,d,12,best,c042,0.14030933380126953,-0.10140323638916016,0.20715449750423431,0.8566702604293823
-8.0,eval,d,12,best,c047,0.3436746597290039,-0.01256561279296875,0.20715449750423431,0.8566702604293823
-8.0,eval,d,12,best,c043,0.24973678588867188,-0.13478755950927734,0.20715449750423431,0.8566702604293823
-8.0,eval,d,12,best,c003,0.02583599090576172,0.3021087646484375,0.20715449750423431,0.8566702604293823
-8.0,eval,d,12,best,c041,0.32878589630126953,-0.059645652770996094,0.20715449750423431,0.8566702604293823
-8.0,eval,d,12,best,c008,-0.027489662170410156,0.14197444915771484,0.20715449750423431,0.8566702604293823
-8.0,eval,d,12,best,c045,0.3702239990234375,-0.3738412857055664,0.20715449750423431,0.8566702604293823
-8.0,eval,d,12,best,c011,0.08990955352783203,0.1505298614501953,0.20715449750423431,0.8566702604293823
-8.0,eval,d,12,best,c020,0.4277381896972656,-0.3444395065307617,0.20715449750423431,0.8566702604293823
-8.0,eval,d,12,best,c044,0.3993501663208008,-0.49268436431884766,0.20715449750423431,0.8566702604293823
-8.0,eval,d,12,best,c016,0.16109275817871094,0.2679004669189453,0.20715449750423431,0.8566702604293823
-8.0,eval,d,12,best,c056,0.3449983596801758,-0.07136344909667969,0.20715449750423431,0.8566702604293823
-8.0,eval,d,12,best,c025,0.3216094970703125,0.045528411865234375,0.20715449750423431,0.8566702604293823
-8.0,eval,d,12,best,c029,0.10700511932373047,0.25899791717529297,0.20715449750423431,0.8566702604293823
-8.0,eval,d,12,best,c014,0.15948009490966797,-0.2354288101196289,0.20715449750423431,0.8566702604293823
-8.0,eval,d,12,best,c002,0.2063455581665039,0.3446664810180664,0.20715449750423431,0.8566702604293823
-8.0,eval,d,12,best,c023,0.18869495391845703,0.19909000396728516,0.20715449750423431,0.8566702604293823
-8.0,eval,d,12,best,c046,0.2604970932006836,0.043341636657714844,0.20715449750423431,0.8566702604293823
-8.0,eval,d,12,best,c022,0.23304462432861328,0.19631671905517578,0.20715449750423431,0.8566702604293823
-8.0,eval,d,12,best,c050,0.30210304260253906,-0.14265060424804688,0.20715449750423431,0.8566702604293823
-8.0,eval,d,12,best,c006,0.12546920776367188,0.3778724670410156,0.20715449750423431,0.8566702604293823
-8.0,eval,d,12,best,c017,0.282989501953125,-0.12757587432861328,0.20715449750423431,0.8566702604293823
-8.0,eval,d,12,best,c039,0.13068771362304688,-0.1244516372680664,0.20715449750423431,0.8566702604293823
-8.0,eval,d,12,best,c036,0.20922279357910156,-0.22443294525146484,0.20715449750423431,0.8566702604293823
-8.0,eval,d,12,best,c009,0.06427860260009766,0.004818916320800781,0.20715449750423431,0.8566702604293823
-8.0,eval,d,12,best,c000,0.07944297790527344,0.3666696548461914,0.20715449750423431,0.8566702604293823
-8.0,eval,d,12,best,c013,0.13646984100341797,0.12610912322998047,0.20715449750423431,0.8566702604293823
-8.0,eval,d,12,best,c049,0.15764904022216797,0.3607473373413086,0.20715449750423431,0.8566702604293823
-8.0,eval,d,12,best,c058,0.18013477325439453,0.3809375762939453,0.20715449750423431,0.8566702604293823
-8.0,eval,d,12,best,c024,0.1931142807006836,0.16620635986328125,0.20715449750423431,0.8566702604293823
-8.0,eval,d,12,best,c042,0.07936573028564453,0.09667491912841797,0.20715449750423431,0.8566702604293823
-8.0,eval,d,12,best,c047,0.2010488510131836,-0.04950714111328125,0.20715449750423431,0.8566702604293823
-8.0,eval,d,12,best,c043,0.17717933654785156,0.09355640411376953,0.20715449750423431,0.8566702604293823
-8.0,eval,d,12,best,c003,0.014933586120605469,0.2789335250854492,0.20715449750423431,0.8566702604293823
-8.0,eval,d,12,best,c041,0.1782360076904297,-0.07894611358642578,0.20715449750423431,0.8566702604293823
-8.0,eval,d,12,best,c008,0.05043506622314453,-0.015204429626464844,0.20715449750423431,0.8566702604293823
-8.0,eval,d,12,best,c045,0.11676502227783203,0.2220907211303711,0.20715449750423431,0.8566702604293823
-8.0,eval,d,12,best,c011,0.038077354431152344,0.16012001037597656,0.20715449750423431,0.8566702604293823
-8.0,eval,d,12,best,c020,0.21721839904785156,0.37090301513671875,0.20715449750423431,0.8566702604293823
-8.0,eval,d,12,best,c044,0.0793771743774414,0.14937114715576172,0.20715449750423431,0.8566702604293823
-8.0,eval,d,12,best,c016,0.2486896514892578,0.06740188598632812,0.20715449750423431,0.8566702604293823
-8.0,eval,d,12,best,c056,0.2408313751220703,0.012783050537109375,0.20715449750423431,0.8566702604293823
-8.0,eval,d,12,best,c025,0.1837177276611328,0.015417098999023438,0.20715449750423431,0.8566702604293823
-8.0,eval,d,12,best,c029,0.46135807037353516,0.01778411865234375,0.20715449750423431,0.8566702604293823
-8.0,eval,d,12,best,c014,0.02219104766845703,0.14615917205810547,0.20715449750423431,0.8566702604293823
-8.0,eval,d,12,best,c002,0.15659236907958984,0.15181636810302734,0.20715449750423431,0.8566702604293823
-8.0,eval,d,12,best,c023,0.21463966369628906,0.0762777328491211,0.20715449750423431,0.8566702604293823
-8.0,eval,d,12,best,c046,0.19551372528076172,-0.021173477172851562,0.20715449750423431,0.8566702604293823
-8.0,eval,d,12,best,c022,0.139495849609375,0.03222942352294922,0.20715449750423431,0.8566702604293823
-8.0,eval,d,12,best,c050,0.21343326568603516,0.24367713928222656,0.20715449750423431,0.8566702604293823
-8.0,deploy,d,12,best,c006,0.05234050750732422,0.44878482818603516,0.1804482340812683,0.8364736437797546
-8.0,deploy,d,12,best,c017,0.015303611755371094,0.18915367126464844,0.1804482340812683,0.8364736437797546
-8.0,deploy,d,12,best,c039,0.028360366821289062,0.11763763427734375,0.1804482340812683,0.8364736437797546
-8.0,deploy,d,12,best,c036,0.07085323333740234,0.1066141128540039,0.1804482340812683,0.8364736437797546
-8.0,deploy,d,12,best,c009,0.0037593841552734375,0.5378227233886719,0.1804482340812683,0.8364736437797546
-8.0,deploy,d,12,best,c000,-0.0137939453125,0.37807369232177734,0.1804482340812683,0.8364736437797546
-8.0,deploy,d,12,best,c013,0.03198051452636719,0.11270523071289062,0.1804482340812683,0.8364736437797546
-8.0,deploy,d,12,best,c049,-0.20430850982666016,0.3572711944580078,0.1804482340812683,0.8364736437797546
-8.0,deploy,d,12,best,c058,0.03162860870361328,0.6330623626708984,0.1804482340812683,0.8364736437797546
-8.0,deploy,d,12,best,c024,0.01781463623046875,0.4143543243408203,0.1804482340812683,0.8364736437797546
-8.0,deploy,d,12,best,c042,-0.03621959686279297,0.5268669128417969,0.1804482340812683,0.8364736437797546
-8.0,deploy,d,12,best,c047,0.12966060638427734,0.16784286499023438,0.1804482340812683,0.8364736437797546
-8.0,deploy,d,12,best,c043,0.06541824340820312,0.38287925720214844,0.1804482340812683,0.8364736437797546
-8.0,deploy,d,12,best,c003,-0.10563087463378906,0.6584234237670898,0.1804482340812683,0.8364736437797546
-8.0,deploy,d,12,best,c041,0.20646953582763672,0.3002510070800781,0.1804482340812683,0.8364736437797546
-8.0,deploy,d,12,best,c008,-0.17317867279052734,0.16982078552246094,0.1804482340812683,0.8364736437797546
-8.0,deploy,d,12,best,c045,-0.0652914047241211,0.6077413558959961,0.1804482340812683,0.8364736437797546
-8.0,deploy,d,12,best,c011,0.041164398193359375,0.22325801849365234,0.1804482340812683,0.8364736437797546
-8.0,deploy,d,12,best,c020,0.047115325927734375,0.3056354522705078,0.1804482340812683,0.8364736437797546
-8.0,deploy,d,12,best,c044,-0.01684093475341797,0.32067012786865234,0.1804482340812683,0.8364736437797546
-8.0,deploy,d,12,best,c016,0.015320777893066406,0.10445690155029297,0.1804482340812683,0.8364736437797546
-8.0,deploy,d,12,best,c056,0.16167068481445312,0.14809417724609375,0.1804482340812683,0.8364736437797546
-8.0,deploy,d,12,best,c025,0.023436546325683594,0.2013864517211914,0.1804482340812683,0.8364736437797546
-8.0,deploy,d,12,best,c029,-0.0510711669921875,0.7109165191650391,0.1804482340812683,0.8364736437797546
-8.0,deploy,d,12,best,c014,-0.06113719940185547,0.18682098388671875,0.1804482340812683,0.8364736437797546
-8.0,deploy,d,12,best,c002,-0.060914039611816406,0.19814586639404297,0.1804482340812683,0.8364736437797546
-8.0,deploy,d,12,best,c023,0.035671234130859375,0.30535221099853516,0.1804482340812683,0.8364736437797546
-8.0,deploy,d,12,best,c046,0.21751689910888672,0.27989673614501953,0.1804482340812683,0.8364736437797546
-8.0,deploy,d,12,best,c022,0.05705547332763672,0.3315420150756836,0.1804482340812683,0.8364736437797546
-8.0,deploy,d,12,best,c050,0.13810157775878906,0.12590312957763672,0.1804482340812683,0.8364736437797546
-8.0,deploy,d,12,best,c006,-0.04628467559814453,0.4917125701904297,0.1804482340812683,0.8364736437797546
-8.0,deploy,d,12,best,c017,-0.0055084228515625,0.24950695037841797,0.1804482340812683,0.8364736437797546
-8.0,deploy,d,12,best,c039,0.10544776916503906,0.25188732147216797,0.1804482340812683,0.8364736437797546
-8.0,deploy,d,12,best,c036,0.10627365112304688,0.18686199188232422,0.1804482340812683,0.8364736437797546
-8.0,deploy,d,12,best,c009,-0.09084320068359375,0.3941364288330078,0.1804482340812683,0.8364736437797546
-8.0,deploy,d,12,best,c000,-0.03334331512451172,0.577418327331543,0.1804482340812683,0.8364736437797546
-8.0,deploy,d,12,best,c013,0.04572105407714844,0.13501930236816406,0.1804482340812683,0.8364736437797546
-8.0,deploy,d,12,best,c049,-0.1095733642578125,0.970707893371582,0.1804482340812683,0.8364736437797546
-8.0,deploy,d,12,best,c058,0.13623332977294922,0.7156667709350586,0.1804482340812683,0.8364736437797546
-8.0,deploy,d,12,best,c024,-0.011374473571777344,0.24032878875732422,0.1804482340812683,0.8364736437797546
-8.0,deploy,d,12,best,c042,0.006548881530761719,0.47988414764404297,0.1804482340812683,0.8364736437797546
-8.0,deploy,d,12,best,c047,0.009085655212402344,0.2108297348022461,0.1804482340812683,0.8364736437797546
-8.0,deploy,d,12,best,c043,0.20189666748046875,0.1816415786743164,0.1804482340812683,0.8364736437797546
-8.0,deploy,d,12,best,c003,-0.055449485778808594,0.4501352310180664,0.1804482340812683,0.8364736437797546
-8.0,deploy,d,12,best,c041,0.10699939727783203,0.5312728881835938,0.1804482340812683,0.8364736437797546
-8.0,deploy,d,12,best,c008,-0.06859683990478516,0.5391139984130859,0.1804482340812683,0.8364736437797546
-8.0,deploy,d,12,best,c045,0.15828418731689453,0.33449554443359375,0.1804482340812683,0.8364736437797546
-8.0,deploy,d,12,best,c011,-0.031220436096191406,0.18512821197509766,0.1804482340812683,0.8364736437797546
-8.0,deploy,d,12,best,c020,-0.0067005157470703125,0.2573881149291992,0.1804482340812683,0.8364736437797546
-8.0,deploy,d,12,best,c044,-0.06595420837402344,0.3903541564941406,0.1804482340812683,0.8364736437797546
-8.0,deploy,d,12,best,c016,0.05805683135986328,0.14543437957763672,0.1804482340812683,0.8364736437797546
-8.0,deploy,d,12,best,c056,0.23005008697509766,0.055031776428222656,0.1804482340812683,0.8364736437797546
-8.0,deploy,d,12,best,c025,0.11961078643798828,0.3439445495605469,0.1804482340812683,0.8364736437797546
-8.0,deploy,d,12,best,c029,-0.029539108276367188,0.3764801025390625,0.1804482340812683,0.8364736437797546
-8.0,deploy,d,12,best,c014,-0.12831497192382812,0.25731849670410156,0.1804482340812683,0.8364736437797546
-8.0,deploy,d,12,best,c002,0.03670978546142578,0.5457620620727539,0.1804482340812683,0.8364736437797546
-8.0,deploy,d,12,best,c023,-0.018880844116210938,0.6167402267456055,0.1804482340812683,0.8364736437797546
-8.0,deploy,d,12,best,c046,0.07484722137451172,0.34625720977783203,0.1804482340812683,0.8364736437797546
-8.0,deploy,d,12,best,c022,0.06705284118652344,0.3450746536254883,0.1804482340812683,0.8364736437797546
-8.0,deploy,d,12,best,c050,0.11965179443359375,0.20914745330810547,0.1804482340812683,0.8364736437797546
-8.0,eval,random,12,best,c006,-0.2830912272135417,-0.3069254557291667,0.17524291078249613,1.8124555746714275
-8.0,eval,random,12,best,c017,-0.3423360188802083,-0.551465352376302,0.17524291078249613,1.8124555746714275
-8.0,eval,random,12,best,c039,-0.5446322758992513,-0.5602162679036459,0.17524291078249613,1.8124555746714275
-8.0,eval,random,12,best,c036,-0.40004316965738934,-0.4164358774820964,0.17524291078249613,1.8124555746714275
-8.0,eval,random,12,best,c009,-0.4908440907796224,-0.35302384694417316,0.17524291078249613,1.8124555746714275
-8.0,eval,random,12,best,c000,-0.2967265446980794,-0.45360787709554035,0.17524291078249613,1.8124555746714275
-8.0,eval,random,12,best,c013,-0.026571273803710938,-1.0092973709106445,0.17524291078249613,1.8124555746714275
-8.0,eval,random,12,best,c049,-0.1973911921183268,-0.7968956629435221,0.17524291078249613,1.8124555746714275
-8.0,eval,random,12,best,c058,-0.11692587534586589,-0.6180302302042643,0.17524291078249613,1.8124555746714275
-8.0,eval,random,12,best,c024,-0.19348526000976562,-0.523890495300293,0.17524291078249613,1.8124555746714275
-8.0,eval,random,12,best,c042,-0.3752288818359375,-0.6169414520263672,0.17524291078249613,1.8124555746714275
-8.0,eval,random,12,best,c047,-0.23331419626871744,-0.5895544687906901,0.17524291078249613,1.8124555746714275
-8.0,eval,random,12,best,c043,-0.26271820068359375,-0.647242546081543,0.17524291078249613,1.8124555746714275
-8.0,eval,random,12,best,c003,-0.43169180552164715,-0.15541903177897137,0.17524291078249613,1.8124555746714275
-8.0,eval,random,12,best,c041,-0.23831844329833984,-0.6267499923706055,0.17524291078249613,1.8124555746714275
-8.0,eval,random,12,best,c008,-0.5561100641886393,-0.3866459528605143,0.17524291078249613,1.8124555746714275
-8.0,eval,random,12,best,c045,-0.06947708129882812,-0.813542366027832,0.17524291078249613,1.8124555746714275
-8.0,eval,random,12,best,c011,-0.402865727742513,-0.3422454198201497,0.17524291078249613,1.8124555746714275
-8.0,eval,random,12,best,c020,-0.04995250701904297,-0.8221302032470703,0.17524291078249613,1.8124555746714275
-8.0,eval,random,12,best,c044,-0.10077603658040364,-0.9928105672200521,0.17524291078249613,1.8124555746714275
-8.0,eval,random,12,best,c016,-0.4241596857706706,-0.3173519770304362,0.17524291078249613,1.8124555746714275
-8.0,eval,random,12,best,c056,-0.21429220835367838,-0.6306540171305338,0.17524291078249613,1.8124555746714275
-8.0,eval,random,12,best,c025,-0.22869046529134116,-0.5047715504964193,0.17524291078249613,1.8124555746714275
-8.0,eval,random,12,best,c029,-0.36742432912190753,-0.21543153127034503,0.17524291078249613,1.8124555746714275
-8.0,eval,random,12,best,c014,-0.34165000915527344,-0.7365589141845703,0.17524291078249613,1.8124555746714275
-8.0,eval,random,12,best,c002,-0.3730754852294922,-0.2347545623779297,0.17524291078249613,1.8124555746714275
-8.0,eval,random,12,best,c023,-0.30654430389404297,-0.29614925384521484,0.17524291078249613,1.8124555746714275
-8.0,eval,random,12,best,c046,-0.28580983479817706,-0.5029652913411458,0.17524291078249613,1.8124555746714275
-8.0,eval,random,12,best,c022,-0.2812143961588542,-0.3179423014322917,0.17524291078249613,1.8124555746714275
-8.0,eval,random,12,best,c050,-0.16021601359049478,-0.6049696604410807,0.17524291078249613,1.8124555746714275
-8.0,eval,random,12,best,c006,-0.3983367284138997,-0.14593346913655597,0.17524291078249613,1.8124555746714275
-8.0,eval,random,12,best,c017,-0.2288366953531901,-0.6394020716349283,0.17524291078249613,1.8124555746714275
-8.0,eval,random,12,best,c039,-0.39941851298014325,-0.6545578638712566,0.17524291078249613,1.8124555746714275
-8.0,eval,random,12,best,c036,-0.36254310607910156,-0.796198844909668,0.17524291078249613,1.8124555746714275
-8.0,eval,random,12,best,c009,-0.40775108337402344,-0.4672107696533203,0.17524291078249613,1.8124555746714275
-8.0,eval,random,12,best,c000,-0.45871130625406903,-0.17148462931315106,0.17524291078249613,1.8124555746714275
-8.0,eval,random,12,best,c013,-0.45253626505533856,-0.46289698282877606,0.17524291078249613,1.8124555746714275
-8.0,eval,random,12,best,c049,-0.43151601155598956,-0.22841771443684894,0.17524291078249613,1.8124555746714275
-8.0,eval,random,12,best,c058,-0.4236704508463542,-0.2228676478068034,0.17524291078249613,1.8124555746714275
-8.0,eval,random,12,best,c024,-0.30571524302164715,-0.3326231638590495,0.17524291078249613,1.8124555746714275
-8.0,eval,random,12,best,c042,-0.46854082743326825,-0.4512316385904948,0.17524291078249613,1.8124555746714275
-8.0,eval,random,12,best,c047,-0.30289045969645184,-0.5534464518229167,0.17524291078249613,1.8124555746714275
-8.0,eval,random,12,best,c043,-0.3003152211507161,-0.38393815358479816,0.17524291078249613,1.8124555746714275
-8.0,eval,random,12,best,c003,-0.4922065734863281,-0.22820663452148438,0.17524291078249613,1.8124555746714275
-8.0,eval,random,12,best,c041,-0.2605307896931966,-0.517712910970052,0.17524291078249613,1.8124555746714275
-8.0,eval,random,12,best,c008,-0.3630409240722656,-0.428680419921875,0.17524291078249613,1.8124555746714275
-8.0,eval,random,12,best,c045,-0.4277667999267578,-0.32244110107421875,0.17524291078249613,1.8124555746714275
-8.0,eval,random,12,best,c011,-0.4933433532714844,-0.37130069732666016,0.17524291078249613,1.8124555746714275
-8.0,eval,random,12,best,c020,-0.38338788350423175,-0.22970326741536456,0.17524291078249613,1.8124555746714275
-8.0,eval,random,12,best,c044,-0.4748423894246419,-0.4048484166463216,0.17524291078249613,1.8124555746714275
-8.0,eval,random,12,best,c016,-0.31868775685628253,-0.4999755223592122,0.17524291078249613,1.8124555746714275
-8.0,eval,random,12,best,c056,-0.4058971405029297,-0.6339454650878906,0.17524291078249613,1.8124555746714275
-8.0,eval,random,12,best,c025,-0.31947803497314453,-0.4877786636352539,0.17524291078249613,1.8124555746714275
-8.0,eval,random,12,best,c029,-0.23903624216715494,-0.6826101938883463,0.17524291078249613,1.8124555746714275
-8.0,eval,random,12,best,c014,-0.518574078877767,-0.3946059544881185,0.17524291078249613,1.8124555746714275
-8.0,eval,random,12,best,c002,-0.3047119776407878,-0.3094879786173503,0.17524291078249613,1.8124555746714275
-8.0,eval,random,12,best,c023,-0.2723490397135417,-0.41071097056070965,0.17524291078249613,1.8124555746714275
-8.0,eval,random,12,best,c046,-0.2955942153930664,-0.5122814178466797,0.17524291078249613,1.8124555746714275
-8.0,eval,random,12,best,c022,-0.23905563354492188,-0.34632205963134766,0.17524291078249613,1.8124555746714275
-8.0,eval,random,12,best,c050,-0.3446197509765625,-0.3143758773803711,0.17524291078249613,1.8124555746714275
-6.0,eval,d,12,best,c006,0.24251079559326172,0.21867656707763672,0.22339680790901184,0.7804136872291565
-6.0,eval,d,12,best,c017,0.327911376953125,0.11878204345703125,0.22339680790901184,0.7804136872291565
-6.0,eval,d,12,best,c039,0.05052661895751953,0.034942626953125,0.22339680790901184,0.7804136872291565
-6.0,eval,d,12,best,c036,0.09873676300048828,0.08234405517578125,0.22339680790901184,0.7804136872291565
-6.0,eval,d,12,best,c009,0.03770732879638672,0.17552757263183594,0.22339680790901184,0.7804136872291565
-6.0,eval,d,12,best,c000,0.28015613555908203,0.1232748031616211,0.22339680790901184,0.7804136872291565
-6.0,eval,d,12,best,c013,0.7873296737670898,-0.19539642333984375,0.22339680790901184,0.7804136872291565
-6.0,eval,d,12,best,c049,0.46501636505126953,-0.13448810577392578,0.22339680790901184,0.7804136872291565
-6.0,eval,d,12,best,c058,0.5995416641235352,0.09843730926513672,0.22339680790901184,0.7804136872291565
-6.0,eval,d,12,best,c024,0.37353992462158203,0.04313468933105469,0.22339680790901184,0.7804136872291565
-6.0,eval,d,12,best,c042,0.24649429321289062,0.0047817230224609375,0.22339680790901184,0.7804136872291565
-6.0,eval,d,12,best,c047,0.5143766403198242,0.15813636779785156,0.22339680790901184,0.7804136872291565
-6.0,eval,d,12,best,c043,0.3444232940673828,-0.040101051330566406,0.22339680790901184,0.7804136872291565
-6.0,eval,d,12,best,c003,-0.03476238250732422,0.24151039123535156,0.22339680790901184,0.7804136872291565
-6.0,eval,d,12,best,c041,0.45537662506103516,0.06694507598876953,0.22339680790901184,0.7804136872291565
-6.0,eval,d,12,best,c008,-0.15347957611083984,0.015984535217285156,0.22339680790901184,0.7804136872291565
-6.0,eval,d,12,best,c045,0.5550804138183594,-0.18898487091064453,0.22339680790901184,0.7804136872291565
-6.0,eval,d,12,best,c011,0.09389686584472656,0.15451717376708984,0.22339680790901184,0.7804136872291565
-6.0,eval,d,12,best,c020,0.6771211624145508,-0.09505653381347656,0.22339680790901184,0.7804136872291565
-6.0,eval,d,12,best,c044,0.6337947845458984,-0.25823974609375,0.22339680790901184,0.7804136872291565
-6.0,eval,d,12,best,c016,0.17238330841064453,0.2791910171508789,0.22339680790901184,0.7804136872291565
-6.0,eval,d,12,best,c056,0.46432018280029297,0.0479583740234375,0.22339680790901184,0.7804136872291565
-6.0,eval,d,12,best,c025,0.38721561431884766,0.11113452911376953,0.22339680790901184,0.7804136872291565
-6.0,eval,d,12,best,c029,-0.06609344482421875,0.08589935302734375,0.22339680790901184,0.7804136872291565
-6.0,eval,d,12,best,c014,0.25593090057373047,-0.1389780044555664,0.22339680790901184,0.7804136872291565
-6.0,eval,d,12,best,c002,0.2004404067993164,0.3387613296508789,0.22339680790901184,0.7804136872291565
-6.0,eval,d,12,best,c023,0.13895893096923828,0.1493539810180664,0.22339680790901184,0.7804136872291565
-6.0,eval,d,12,best,c046,0.3406496047973633,0.12349414825439453,0.22339680790901184,0.7804136872291565
-6.0,eval,d,12,best,c022,0.2830543518066406,0.24632644653320312,0.22339680790901184,0.7804136872291565
-6.0,eval,d,12,best,c050,0.4395875930786133,-0.005166053771972656,0.22339680790901184,0.7804136872291565
-6.0,eval,d,12,best,c006,0.09187507629394531,0.34427833557128906,0.22339680790901184,0.7804136872291565
-6.0,eval,d,12,best,c017,0.45142173767089844,0.040856361389160156,0.22339680790901184,0.7804136872291565
-6.0,eval,d,12,best,c039,-0.02325916290283203,-0.2783985137939453,0.22339680790901184,0.7804136872291565
-6.0,eval,d,12,best,c036,0.35343074798583984,-0.08022499084472656,0.22339680790901184,0.7804136872291565
-6.0,eval,d,12,best,c009,-0.016439437866210938,-0.07589912414550781,0.22339680790901184,0.7804136872291565
-6.0,eval,d,12,best,c000,0.029018402099609375,0.31624507904052734,0.22339680790901184,0.7804136872291565
-6.0,eval,d,12,best,c013,0.1698455810546875,0.15948486328125,0.22339680790901184,0.7804136872291565
-6.0,eval,d,12,best,c049,0.013127326965332031,0.21622562408447266,0.22339680790901184,0.7804136872291565
-6.0,eval,d,12,best,c058,0.05329322814941406,0.25409603118896484,0.22339680790901184,0.7804136872291565
-6.0,eval,d,12,best,c024,0.21347999572753906,0.18657207489013672,0.22339680790901184,0.7804136872291565
-6.0,eval,d,12,best,c042,0.08931636810302734,0.10662555694580078,0.22339680790901184,0.7804136872291565
-6.0,eval,d,12,best,c047,0.3078289031982422,0.057272911071777344,0.22339680790901184,0.7804136872291565
-6.0,eval,d,12,best,c043,0.16390609741210938,0.08028316497802734,0.22339680790901184,0.7804136872291565
-6.0,eval,d,12,best,c003,-0.026617050170898438,0.2373828887939453,0.22339680790901184,0.7804136872291565
-6.0,eval,d,12,best,c041,0.3063011169433594,0.049118995666503906,0.22339680790901184,0.7804136872291565
-6.0,eval,d,12,best,c008,-0.08934688568115234,-0.15498638153076172,0.22339680790901184,0.7804136872291565
-6.0,eval,d,12,best,c045,0.07664203643798828,0.18196773529052734,0.22339680790901184,0.7804136872291565
-6.0,eval,d,12,best,c011,-0.02164173126220703,0.10040092468261719,0.22339680790901184,0.7804136872291565
-6.0,eval,d,12,best,c020,0.2032318115234375,0.3569164276123047,0.22339680790901184,0.7804136872291565
-6.0,eval,d,12,best,c044,0.02440166473388672,0.09439563751220703,0.22339680790901184,0.7804136872291565
-6.0,eval,d,12,best,c016,0.32795143127441406,0.14666366577148438,0.22339680790901184,0.7804136872291565
-6.0,eval,d,12,best,c056,0.28511524200439453,0.057066917419433594,0.22339680790901184,0.7804136872291565
-6.0,eval,d,12,best,c025,0.25704479217529297,0.0887441635131836,0.22339680790901184,0.7804136872291565
-6.0,eval,d,12,best,c029,0.5795764923095703,0.1360025405883789,0.22339680790901184,0.7804136872291565
-6.0,eval,d,12,best,c014,0.015537261962890625,0.13950538635253906,0.22339680790901184,0.7804136872291565
-6.0,eval,d,12,best,c002,0.1474618911743164,0.1426858901977539,0.22339680790901184,0.7804136872291565
-6.0,eval,d,12,best,c023,0.25734710693359375,0.11898517608642578,0.22339680790901184,0.7804136872291565
-6.0,eval,d,12,best,c046,0.24532699584960938,0.028639793395996094,0.22339680790901184,0.7804136872291565
-6.0,eval,d,12,best,c022,0.14965438842773438,0.042387962341308594,0.22339680790901184,0.7804136872291565
-6.0,eval,d,12,best,c050,0.23650264739990234,0.26674652099609375,0.22339680790901184,0.7804136872291565
-6.0,deploy,d,12,best,c006,-0.0272979736328125,0.36914634704589844,0.2061816155910492,0.7219787836074829
-6.0,deploy,d,12,best,c017,-0.062409400939941406,0.11144065856933594,0.2061816155910492,0.7219787836074829
-6.0,deploy,d,12,best,c039,-0.13086318969726562,-0.04158592224121094,0.2061816155910492,0.7219787836074829
-6.0,deploy,d,12,best,c036,-4.863739013671875e-05,0.035712242126464844,0.2061816155910492,0.7219787836074829
-6.0,deploy,d,12,best,c009,-0.1932849884033203,0.3407783508300781,0.2061816155910492,0.7219787836074829
-6.0,deploy,d,12,best,c000,-0.12076091766357422,0.2711067199707031,0.2061816155910492,0.7219787836074829
-6.0,deploy,d,12,best,c013,0.02228832244873047,0.1030130386352539,0.2061816155910492,0.7219787836074829
-6.0,deploy,d,12,best,c049,-0.4997901916503906,0.061789512634277344,0.2061816155910492,0.7219787836074829
-6.0,deploy,d,12,best,c058,-0.17927265167236328,0.4221611022949219,0.2061816155910492,0.7219787836074829
-6.0,deploy,d,12,best,c024,-0.07157039642333984,0.3249692916870117,0.2061816155910492,0.7219787836074829
-6.0,deploy,d,12,best,c042,-0.174468994140625,0.38861751556396484,0.2061816155910492,0.7219787836074829
-6.0,deploy,d,12,best,c047,0.11188888549804688,0.1500711441040039,0.2061816155910492,0.7219787836074829
-6.0,deploy,d,12,best,c043,-0.051169395446777344,0.26629161834716797,0.2061816155910492,0.7219787836074829
-6.0,deploy,d,12,best,c003,-0.3334846496582031,0.4305696487426758,0.2061816155910492,0.7219787836074829
-6.0,deploy,d,12,best,c041,0.2415313720703125,0.3353128433227539,0.2061816155910492,0.7219787836074829
-6.0,deploy,d,12,best,c008,-0.3927297592163086,-0.04973030090332031,0.2061816155910492,0.7219787836074829
-6.0,deploy,d,12,best,c045,-0.28627586364746094,0.38675689697265625,0.2061816155910492,0.7219787836074829
-6.0,deploy,d,12,best,c011,-0.0019731521606445312,0.18012046813964844,0.2061816155910492,0.7219787836074829
-6.0,deploy,d,12,best,c020,-0.02469921112060547,0.23382091522216797,0.2061816155910492,0.7219787836074829
-6.0,deploy,d,12,best,c044,-0.1799631118774414,0.1575479507446289,0.2061816155910492,0.7219787836074829
-6.0,deploy,d,12,best,c016,-0.03864288330078125,0.05049324035644531,0.2061816155910492,0.7219787836074829
-6.0,deploy,d,12,best,c056,0.1279153823852539,0.11433887481689453,0.2061816155910492,0.7219787836074829
-6.0,deploy,d,12,best,c025,-0.031889915466308594,0.14605998992919922,0.2061816155910492,0.7219787836074829
-6.0,deploy,d,12,best,c029,-0.29398441314697266,0.4680032730102539,0.2061816155910492,0.7219787836074829
-6.0,deploy,d,12,best,c014,-0.13771820068359375,0.11023998260498047,0.2061816155910492,0.7219787836074829
-6.0,deploy,d,12,best,c002,-0.16671085357666016,0.09234905242919922,0.2061816155910492,0.7219787836074829
-6.0,deploy,d,12,best,c023,-0.04596996307373047,0.2237110137939453,0.2061816155910492,0.7219787836074829
-6.0,deploy,d,12,best,c046,0.22648143768310547,0.2888612747192383,0.2061816155910492,0.7219787836074829
-6.0,deploy,d,12,best,c022,-0.036866188049316406,0.23762035369873047,0.2061816155910492,0.7219787836074829
-6.0,deploy,d,12,best,c050,0.13325023651123047,0.12105178833007812,0.2061816155910492,0.7219787836074829
-6.0,deploy,d,12,best,c006,-0.20351505279541016,0.33448219299316406,0.2061816155910492,0.7219787836074829
-6.0,deploy,d,12,best,c017,-0.07012081146240234,0.18489456176757812,0.2061816155910492,0.7219787836074829
-6.0,deploy,d,12,best,c039,-0.029287338256835938,0.11715221405029297,0.2061816155910492,0.7219787836074829
-6.0,deploy,d,12,best,c036,0.08205509185791016,0.1626434326171875,0.2061816155910492,0.7219787836074829
-6.0,deploy,d,12,best,c009,-0.3053112030029297,0.17966842651367188,0.2061816155910492,0.7219787836074829
-6.0,deploy,d,12,best,c000,-0.19779300689697266,0.41296863555908203,0.2061816155910492,0.7219787836074829
-6.0,deploy,d,12,best,c013,0.031502723693847656,0.12080097198486328,0.2061816155910492,0.7219787836074829
-6.0,deploy,d,12,best,c049,-0.4512310028076172,0.6290502548217773,0.2061816155910492,0.7219787836074829
-6.0,deploy,d,12,best,c058,-0.03986072540283203,0.5395727157592773,0.2061816155910492,0.7219787836074829
-6.0,deploy,d,12,best,c024,-0.09468460083007812,0.15701866149902344,0.2061816155910492,0.7219787836074829
-6.0,deploy,d,12,best,c042,-0.11542320251464844,0.3579120635986328,0.2061816155910492,0.7219787836074829
-6.0,deploy,d,12,best,c047,-0.04604530334472656,0.1556987762451172,0.2061816155910492,0.7219787836074829
-6.0,deploy,d,12,best,c043,0.18172454833984375,0.1614694595336914,0.2061816155910492,0.7219787836074829
-6.0,deploy,d,12,best,c003,-0.19536399841308594,0.31022071838378906,0.2061816155910492,0.7219787836074829
-6.0,deploy,d,12,best,c041,0.06045246124267578,0.4847259521484375,0.2061816155910492,0.7219787836074829
-6.0,deploy,d,12,best,c008,-0.31638145446777344,0.29132938385009766,0.2061816155910492,0.7219787836074829
-6.0,deploy,d,12,best,c045,0.07608985900878906,0.2523012161254883,0.2061816155910492,0.7219787836074829
-6.0,deploy,d,12,best,c011,-0.10159778594970703,0.11475086212158203,0.2061816155910492,0.7219787836074829
-6.0,deploy,d,12,best,c020,-0.1077871322631836,0.15630149841308594,0.2061816155910492,0.7219787836074829
-6.0,deploy,d,12,best,c044,-0.2420825958251953,0.21422576904296875,0.2061816155910492,0.7219787836074829
-6.0,deploy,d,12,best,c016,0.02837657928466797,0.1157541275024414,0.2061816155910492,0.7219787836074829
-6.0,deploy,d,12,best,c056,0.2459278106689453,0.07090950012207031,0.2061816155910492,0.7219787836074829
-6.0,deploy,d,12,best,c025,0.05272865295410156,0.27706241607666016,0.2061816155910492,0.7219787836074829
-6.0,deploy,d,12,best,c029,-0.24028873443603516,0.16573047637939453,0.2061816155910492,0.7219787836074829
-6.0,deploy,d,12,best,c014,-0.26227760314941406,0.12335586547851562,0.2061816155910492,0.7219787836074829
-6.0,deploy,d,12,best,c002,-0.07924461364746094,0.4298076629638672,0.2061816155910492,0.7219787836074829
-6.0,deploy,d,12,best,c023,-0.2248706817626953,0.4107503890991211,0.2061816155910492,0.7219787836074829
-6.0,deploy,d,12,best,c046,0.014575958251953125,0.28598594665527344,0.2061816155910492,0.7219787836074829
-6.0,deploy,d,12,best,c022,-0.04913806915283203,0.2288837432861328,0.2061816155910492,0.7219787836074829
-6.0,deploy,d,12,best,c050,0.08936882019042969,0.1788644790649414,0.2061816155910492,0.7219787836074829
-6.0,eval,random,12,best,c006,-0.33479849497477215,-0.35863272349039715,0.10005189602573712,1.6607333819071453
-6.0,eval,random,12,best,c017,-0.3294359842936198,-0.5385653177897136,0.10005189602573712,1.6607333819071453
-6.0,eval,random,12,best,c039,-0.6052799224853516,-0.6208639144897461,0.10005189602573712,1.6607333819071453
-6.0,eval,random,12,best,c036,-0.4295508066813151,-0.44594351450602215,0.10005189602573712,1.6607333819071453
-6.0,eval,random,12,best,c009,-0.5835644404093424,-0.4457441965738932,0.10005189602573712,1.6607333819071453
-6.0,eval,random,12,best,c000,-0.27738062540690106,-0.434261957804362,0.10005189602573712,1.6607333819071453
-6.0,eval,random,12,best,c013,0.19912242889404297,-0.7836036682128906,0.10005189602573712,1.6607333819071453
-6.0,eval,random,12,best,c049,-0.09483973185221355,-0.6943442026774088,0.10005189602573712,1.6607333819071453
-6.0,eval,random,12,best,c058,-0.048432350158691406,-0.5495367050170898,0.10005189602573712,1.6607333819071453
-6.0,eval,random,12,best,c024,-0.14177163441975912,-0.4721768697102865,0.10005189602573712,1.6607333819071453
-6.0,eval,random,12,best,c042,-0.3720528284708659,-0.6137653986612956,0.10005189602573712,1.6607333819071453
-6.0,eval,random,12,best,c047,-0.20836893717447916,-0.5646092096964518,0.10005189602573712,1.6607333819071453
-6.0,eval,random,12,best,c043,-0.19793923695882162,-0.5824635823567709,0.10005189602573712,1.6607333819071453
-6.0,eval,random,12,best,c003,-0.5191243489583334,-0.2428515752156576,0.10005189602573712,1.6607333819071453
-6.0,eval,random,12,best,c041,-0.23283894856770834,-0.621270497639974,0.10005189602573712,1.6607333819071453
-6.0,eval,random,12,best,c008,-0.6076924006144205,-0.43822828928629554,0.10005189602573712,1.6607333819071453
-6.0,eval,random,12,best,c045,0.06661446889241536,-0.6774508158365885,0.10005189602573712,1.6607333819071453
-6.0,eval,random,12,best,c011,-0.461697260538737,-0.4010769526163737,0.10005189602573712,1.6607333819071453
-6.0,eval,random,12,best,c020,0.11345672607421875,-0.6587209701538086,0.10005189602573712,1.6607333819071453
-6.0,eval,random,12,best,c044,0.09058348337809245,-0.801451047261556,0.10005189602573712,1.6607333819071453
-6.0,eval,random,12,best,c016,-0.4857749938964844,-0.37896728515625,0.10005189602573712,1.6607333819071453
-6.0,eval,random,12,best,c056,-0.1307398478190104,-0.5471016565958658,0.10005189602573712,1.6607333819071453
-6.0,eval,random,12,best,c025,-0.1730616887410482,-0.44914277394612634,0.10005189602573712,1.6607333819071453
-6.0,eval,random,12,best,c029,-0.43300660451253253,-0.28101380666097003,0.10005189602573712,1.6607333819071453
-6.0,eval,random,12,best,c014,-0.31098047892252606,-0.705889383951823,0.10005189602573712,1.6607333819071453
-6.0,eval,random,12,best,c002,-0.44620005289713544,-0.30787913004557294,0.10005189602573712,1.6607333819071453
-6.0,eval,random,12,best,c023,-0.3515828450520833,-0.3411877950032552,0.10005189602573712,1.6607333819071453
-6.0,eval,random,12,best,c046,-0.25878175099690753,-0.4759372075398763,0.10005189602573712,1.6607333819071453
-6.0,eval,random,12,best,c022,-0.2824614842732747,-0.3191893895467122,0.10005189602573712,1.6607333819071453
-6.0,eval,random,12,best,c050,-0.07272020975748698,-0.5174738566080729,0.10005189602573712,1.6607333819071453
-6.0,eval,random,12,best,c006,-0.4923836390177409,-0.23998037974039715,0.10005189602573712,1.6607333819071453
-6.0,eval,random,12,best,c017,-0.19698143005371094,-0.6075468063354492,0.10005189602573712,1.6607333819071453
-6.0,eval,random,12,best,c039,-0.407745361328125,-0.6628847122192383,0.10005189602573712,1.6607333819071453
-6.0,eval,random,12,best,c036,-0.3149579366048177,-0.748613675435384,0.10005189602573712,1.6607333819071453
-6.0,eval,random,12,best,c009,-0.4798898696899414,-0.5393495559692383,0.10005189602573712,1.6607333819071453
-6.0,eval,random,12,best,c000,-0.5316677093505859,-0.24444103240966797,0.10005189602573712,1.6607333819071453
-6.0,eval,random,12,best,c013,-0.49943097432454425,-0.5097916920979817,0.10005189602573712,1.6607333819071453
-6.0,eval,random,12,best,c049,-0.5059846242268881,-0.30288632710774743,0.10005189602573712,1.6607333819071453
-6.0,eval,random,12,best,c058,-0.5018409093221029,-0.3010381062825521,0.10005189602573712,1.6607333819071453
-6.0,eval,random,12,best,c024,-0.3059295018513997,-0.33283742268880206,0.10005189602573712,1.6607333819071453
-6.0,eval,random,12,best,c042,-0.5114434560139974,-0.494134267171224,0.10005189602573712,1.6607333819071453
-6.0,eval,random,12,best,c047,-0.2991472880045573,-0.5497032801310222,0.10005189602573712,1.6607333819071453
-6.0,eval,random,12,best,c043,-0.31554381052652997,-0.399166742960612,0.10005189602573712,1.6607333819071453
-6.0,eval,random,12,best,c003,-0.5769907633463541,-0.3129908243815104,0.10005189602573712,1.6607333819071453
-6.0,eval,random,12,best,c041,-0.2592166264851888,-0.5163987477620442,0.10005189602573712,1.6607333819071453
-6.0,eval,random,12,best,c008,-0.39635372161865234,-0.4619932174682617,0.10005189602573712,1.6607333819071453
-6.0,eval,random,12,best,c045,-0.48266760508219403,-0.37734190622965497,0.10005189602573712,1.6607333819071453
-6.0,eval,random,12,best,c011,-0.5848496754964193,-0.4628070195515951,0.10005189602573712,1.6607333819071453
-6.0,eval,random,12,best,c020,-0.4472023646036784,-0.2935177485148112,0.10005189602573712,1.6607333819071453
-6.0,eval,random,12,best,c044,-0.5157626469930013,-0.445768674214681,0.10005189602573712,1.6607333819071453
-6.0,eval,random,12,best,c016,-0.29732481638590497,-0.47861258188883465,0.10005189602573712,1.6607333819071453
-6.0,eval,random,12,best,c056,-0.41362730662027997,-0.641675631205241,0.10005189602573712,1.6607333819071453
-6.0,eval,random,12,best,c025,-0.3008890151977539,-0.4691896438598633,0.10005189602573712,1.6607333819071453
-6.0,eval,random,12,best,c029,-0.18620014190673828,-0.6297740936279297,0.10005189602573712,1.6607333819071453
-6.0,eval,random,12,best,c014,-0.5811977386474609,-0.4572296142578125,0.10005189602573712,1.6607333819071453
-6.0,eval,random,12,best,c002,-0.3497632344563802,-0.3545392354329427,0.10005189602573712,1.6607333819071453
-6.0,eval,random,12,best,c023,-0.2722603480021159,-0.4106222788492839,0.10005189602573712,1.6607333819071453
-6.0,eval,random,12,best,c046,-0.2853027979532878,-0.5019900004069011,0.10005189602573712,1.6607333819071453
-6.0,eval,random,12,best,c022,-0.24931844075520834,-0.35658486684163415,0.10005189602573712,1.6607333819071453
-6.0,eval,random,12,best,c050,-0.3991444905598958,-0.3689006169637044,0.10005189602573712,1.6607333819071453
-4.0,eval,d,12,best,c006,0.2779808044433594,0.2541465759277344,0.16852273046970367,0.8766001462936401
-4.0,eval,d,12,best,c017,0.4600954055786133,0.25096607208251953,0.16852273046970367,0.8766001462936401
-4.0,eval,d,12,best,c039,-0.028369903564453125,-0.043953895568847656,0.16852273046970367,0.8766001462936401
-4.0,eval,d,12,best,c036,0.14095115661621094,0.1245584487915039,0.16852273046970367,0.8766001462936401
-4.0,eval,d,12,best,c009,-0.060950279235839844,0.07686996459960938,0.16852273046970367,0.8766001462936401
-4.0,eval,d,12,best,c000,0.3568611145019531,0.1999797821044922,0.16852273046970367,0.8766001462936401
-4.0,eval,d,12,best,c013,1.1743030548095703,0.19157695770263672,0.16852273046970367,0.8766001462936401
-4.0,eval,d,12,best,c049,0.5302600860595703,-0.069244384765625,0.16852273046970367,0.8766001462936401
-4.0,eval,d,12,best,c058,0.7062597274780273,0.2051553726196289,0.16852273046970367,0.8766001462936401
-4.0,eval,d,12,best,c024,0.4871959686279297,0.15679073333740234,0.16852273046970367,0.8766001462936401
-4.0,eval,d,12,best,c042,0.44019412994384766,0.19848155975341797,0.16852273046970367,0.8766001462936401
-4.0,eval,d,12,best,c047,0.7261800765991211,0.36993980407714844,0.16852273046970367,0.8766001462936401
-4.0,eval,d,12,best,c043,0.5376625061035156,0.1531381607055664,0.16852273046970367,0.8766001462936401
-4.0,eval,d,12,best,c003,-0.06793880462646484,0.20833396911621094,0.16852273046970367,0.8766001462936401
-4.0,eval,d,12,best,c041,0.571681022644043,0.18324947357177734,0.16852273046970367,0.8766001462936401
-4.0,eval,d,12,best,c008,-0.20772457122802734,-0.038260459899902344,0.16852273046970367,0.8766001462936401
-4.0,eval,d,12,best,c045,0.7962789535522461,0.05221366882324219,0.16852273046970367,0.8766001462936401
-4.0,eval,d,12,best,c011,0.13840198516845703,0.1990222930908203,0.16852273046970367,0.8766001462936401
-4.0,eval,d,12,best,c020,0.9399967193603516,0.16781902313232422,0.16852273046970367,0.8766001462936401
-4.0,eval,d,12,best,c044,0.9608993530273438,0.06886482238769531,0.16852273046970367,0.8766001462936401
-4.0,eval,d,12,best,c016,0.17998313903808594,0.2867908477783203,0.16852273046970367,0.8766001462936401
-4.0,eval,d,12,best,c056,0.6370925903320312,0.22073078155517578,0.16852273046970367,0.8766001462936401
-4.0,eval,d,12,best,c025,0.46068859100341797,0.18460750579833984,0.16852273046970367,0.8766001462936401
-4.0,eval,d,12,best,c029,-0.1716156005859375,-0.019622802734375,0.16852273046970367,0.8766001462936401
-4.0,eval,d,12,best,c014,0.4729623794555664,0.07805347442626953,0.16852273046970367,0.8766001462936401
-4.0,eval,d,12,best,c002,0.17771434783935547,0.31603527069091797,0.16852273046970367,0.8766001462936401
-4.0,eval,d,12,best,c023,0.10671329498291016,0.11710834503173828,0.16852273046970367,0.8766001462936401
-4.0,eval,d,12,best,c046,0.43058109283447266,0.2134256362915039,0.16852273046970367,0.8766001462936401
-4.0,eval,d,12,best,c022,0.3352203369140625,0.298492431640625,0.16852273046970367,0.8766001462936401
-4.0,eval,d,12,best,c050,0.6459369659423828,0.20118331909179688,0.16852273046970367,0.8766001462936401
-4.0,eval,d,12,best,c006,0.050495147705078125,0.3028984069824219,0.16852273046970367,0.8766001462936401
-4.0,eval,d,12,best,c017,0.6807985305786133,0.270233154296875,0.16852273046970367,0.8766001462936401
-4.0,eval,d,12,best,c039,-0.057869911193847656,-0.31300926208496094,0.16852273046970367,0.8766001462936401
-4.0,eval,d,12,best,c036,0.6340885162353516,0.20043277740478516,0.16852273046970367,0.8766001462936401
-4.0,eval,d,12,best,c009,-0.041863441467285156,-0.10132312774658203,0.16852273046970367,0.8766001462936401
-4.0,eval,d,12,best,c000,-0.013027191162109375,0.2741994857788086,0.16852273046970367,0.8766001462936401
-4.0,eval,d,12,best,c013,0.23458576202392578,0.22422504425048828,0.16852273046970367,0.8766001462936401
-4.0,eval,d,12,best,c049,-0.14658355712890625,0.056514739990234375,0.16852273046970367,0.8766001462936401
-4.0,eval,d,12,best,c058,-0.10199260711669922,0.09881019592285156,0.16852273046970367,0.8766001462936401
-4.0,eval,d,12,best,c024,0.2643852233886719,0.23747730255126953,0.16852273046970367,0.8766001462936401
-4.0,eval,d,12,best,c042,0.10574054718017578,0.12304973602294922,0.16852273046970367,0.8766001462936401
-4.0,eval,d,12,best,c047,0.5029373168945312,0.2523813247680664,0.16852273046970367,0.8766001462936401
-4.0,eval,d,12,best,c043,0.2084522247314453,0.12482929229736328,0.16852273046970367,0.8766001462936401
-4.0,eval,d,12,best,c003,-0.053436279296875,0.21056365966796875,0.16852273046970367,0.8766001462936401
-4.0,eval,d,12,best,c041,0.46681880950927734,0.20963668823242188,0.16852273046970367,0.8766001462936401
-4.0,eval,d,12,best,c008,-0.11890983581542969,-0.18454933166503906,0.16852273046970367,0.8766001462936401
-4.0,eval,d,12,best,c045,0.0687103271484375,0.17403602600097656,0.16852273046970367,0.8766001462936401
-4.0,eval,d,12,best,c011,-0.03944969177246094,0.08259296417236328,0.16852273046970367,0.8766001462936401
-4.0,eval,d,12,best,c020,0.16031551361083984,0.31400012969970703,0.16852273046970367,0.8766001462936401
-4.0,eval,d,12,best,c044,0.04221630096435547,0.11221027374267578,0.16852273046970367,0.8766001462936401
-4.0,eval,d,12,best,c016,0.4399728775024414,0.2586851119995117,0.16852273046970367,0.8766001462936401
-4.0,eval,d,12,best,c056,0.38372325897216797,0.15567493438720703,0.16852273046970367,0.8766001462936401
-4.0,eval,d,12,best,c025,0.39885807037353516,0.23055744171142578,0.16852273046970367,0.8766001462936401
-4.0,eval,d,12,best,c029,0.7046566009521484,0.26108264923095703,0.16852273046970367,0.8766001462936401
-4.0,eval,d,12,best,c014,0.0031442642211914062,0.12711238861083984,0.16852273046970367,0.8766001462936401
-4.0,eval,d,12,best,c002,0.1694011688232422,0.1646251678466797,0.16852273046970367,0.8766001462936401
-4.0,eval,d,12,best,c023,0.3160257339477539,0.17766380310058594,0.16852273046970367,0.8766001462936401
-4.0,eval,d,12,best,c046,0.3194131851196289,0.10272598266601562,0.16852273046970367,0.8766001462936401
-4.0,eval,d,12,best,c022,0.21652507781982422,0.10925865173339844,0.16852273046970367,0.8766001462936401
-4.0,eval,d,12,best,c050,0.2970256805419922,0.3272695541381836,0.16852273046970367,0.8766001462936401
-4.0,deploy,d,12,best,c006,-0.11432743072509766,0.2821168899536133,0.16717515885829926,0.791039764881134
-4.0,deploy,d,12,best,c017,-0.07573604583740234,0.098114013671875,0.16717515885829926,0.791039764881134
-4.0,deploy,d,12,best,c039,-0.23884868621826172,-0.14957141876220703,0.16717515885829926,0.791039764881134
-4.0,deploy,d,12,best,c036,0.003935813903808594,0.039696693420410156,0.16717515885829926,0.791039764881134
-4.0,deploy,d,12,best,c009,-0.3947486877441406,0.1393146514892578,0.16717515885829926,0.791039764881134
-4.0,deploy,d,12,best,c000,-0.18845272064208984,0.2034149169921875,0.16717515885829926,0.791039764881134
-4.0,deploy,d,12,best,c013,0.05988788604736328,0.14061260223388672,0.16717515885829926,0.791039764881134
-4.0,deploy,d,12,best,c049,-0.7097301483154297,-0.14815044403076172,0.16717515885829926,0.791039764881134
-4.0,deploy,d,12,best,c058,-0.47679996490478516,0.1246337890625,0.16717515885829926,0.791039764881134
-4.0,deploy,d,12,best,c024,-0.1418304443359375,0.25470924377441406,0.16717515885829926,0.791039764881134
-4.0,deploy,d,12,best,c042,-0.30298519134521484,0.260101318359375,0.16717515885829926,0.791039764881134
-4.0,deploy,d,12,best,c047,0.13892650604248047,0.1771087646484375,0.16717515885829926,0.791039764881134
-4.0,deploy,d,12,best,c043,-0.13091087341308594,0.18655014038085938,0.16717515885829926,0.791039764881134
-4.0,deploy,d,12,best,c003,-0.5758447647094727,0.18820953369140625,0.16717515885829926,0.791039764881134
-4.0,deploy,d,12,best,c041,0.21379566192626953,0.30757713317871094,0.16717515885829926,0.791039764881134
-4.0,deploy,d,12,best,c008,-0.4865751266479492,-0.14357566833496094,0.16717515885829926,0.791039764881134
-4.0,deploy,d,12,best,c045,-0.47520923614501953,0.19782352447509766,0.16717515885829926,0.791039764881134
-4.0,deploy,d,12,best,c011,-0.03831195831298828,0.1437816619873047,0.16717515885829926,0.791039764881134
-4.0,deploy,d,12,best,c020,-0.050965309143066406,0.20755481719970703,0.16717515885829926,0.791039764881134
-4.0,deploy,d,12,best,c044,-0.2660560607910156,0.07145500183105469,0.16717515885829926,0.791039764881134
-4.0,deploy,d,12,best,c016,-0.030832290649414062,0.0583038330078125,0.16717515885829926,0.791039764881134
-4.0,deploy,d,12,best,c056,0.1266183853149414,0.11304187774658203,0.16717515885829926,0.791039764881134
-4.0,deploy,d,12,best,c025,-0.03384208679199219,0.14410781860351562,0.16717515885829926,0.791039764881134
-4.0,deploy,d,12,best,c029,-0.5686721801757812,0.1933155059814453,0.16717515885829926,0.791039764881134
-4.0,deploy,d,12,best,c014,-0.17027854919433594,0.07767963409423828,0.16717515885829926,0.791039764881134
-4.0,deploy,d,12,best,c002,-0.189697265625,0.06936264038085938,0.16717515885829926,0.791039764881134
-4.0,deploy,d,12,best,c023,-0.09132575988769531,0.17835521697998047,0.16717515885829926,0.791039764881134
-4.0,deploy,d,12,best,c046,0.23212528228759766,0.29450511932373047,0.16717515885829926,0.791039764881134
-4.0,deploy,d,12,best,c022,-0.08554267883300781,0.18894386291503906,0.16717515885829926,0.791039764881134
-4.0,deploy,d,12,best,c050,0.1776905059814453,0.16549205780029297,0.16717515885829926,0.791039764881134
-4.0,deploy,d,12,best,c006,-0.3382377624511719,0.19975948333740234,0.16717515885829926,0.791039764881134
-4.0,deploy,d,12,best,c017,-0.09645748138427734,0.15855789184570312,0.16717515885829926,0.791039764881134
-4.0,deploy,d,12,best,c039,-0.16607093811035156,-0.019631385803222656,0.16717515885829926,0.791039764881134
-4.0,deploy,d,12,best,c036,0.12458324432373047,0.2051715850830078,0.16717515885829926,0.791039764881134
-4.0,deploy,d,12,best,c009,-0.5059480667114258,-0.02096843719482422,0.16717515885829926,0.791039764881134
-4.0,deploy,d,12,best,c000,-0.36945343017578125,0.24130821228027344,0.16717515885829926,0.791039764881134
-4.0,deploy,d,12,best,c013,0.044760704040527344,0.13405895233154297,0.16717515885829926,0.791039764881134
-4.0,deploy,d,12,best,c049,-0.8627452850341797,0.21753597259521484,0.16717515885829926,0.791039764881134
-4.0,deploy,d,12,best,c058,-0.34835052490234375,0.23108291625976562,0.16717515885829926,0.791039764881134
-4.0,deploy,d,12,best,c024,-0.13549041748046875,0.11621284484863281,0.16717515885829926,0.791039764881134
-4.0,deploy,d,12,best,c042,-0.23969268798828125,0.233642578125,0.16717515885829926,0.791039764881134
-4.0,deploy,d,12,best,c047,-0.055909156799316406,0.14583492279052734,0.16717515885829926,0.791039764881134
-4.0,deploy,d,12,best,c043,0.19084835052490234,0.17059326171875,0.16717515885829926,0.791039764881134
-4.0,deploy,d,12,best,c003,-0.2896089553833008,0.21597576141357422,0.16717515885829926,0.791039764881134
-4.0,deploy,d,12,best,c041,-0.12602615356445312,0.2982473373413086,0.16717515885829926,0.791039764881134
-4.0,deploy,d,12,best,c008,-0.5449380874633789,0.06277275085449219,0.16717515885829926,0.791039764881134
-4.0,deploy,d,12,best,c045,0.01348114013671875,0.18969249725341797,0.16717515885829926,0.791039764881134
-4.0,deploy,d,12,best,c011,-0.1447916030883789,0.07155704498291016,0.16717515885829926,0.791039764881134
-4.0,deploy,d,12,best,c020,-0.14940643310546875,0.11468219757080078,0.16717515885829926,0.791039764881134
-4.0,deploy,d,12,best,c044,-0.38265037536621094,0.07365798950195312,0.16717515885829926,0.791039764881134
-4.0,deploy,d,12,best,c016,0.018815994262695312,0.10619354248046875,0.16717515885829926,0.791039764881134
-4.0,deploy,d,12,best,c056,0.2900209426879883,0.11500263214111328,0.16717515885829926,0.791039764881134
-4.0,deploy,d,12,best,c025,0.015956878662109375,0.24029064178466797,0.16717515885829926,0.791039764881134
-4.0,deploy,d,12,best,c029,-0.4094686508178711,-0.0034494400024414062,0.16717515885829926,0.791039764881134
-4.0,deploy,d,12,best,c014,-0.3202934265136719,0.06534004211425781,0.16717515885829926,0.791039764881134
-4.0,deploy,d,12,best,c002,-0.2273273468017578,0.2817249298095703,0.16717515885829926,0.791039764881134
-4.0,deploy,d,12,best,c023,-0.45367908477783203,0.18194198608398438,0.16717515885829926,0.791039764881134
-4.0,deploy,d,12,best,c046,-0.033637046813964844,0.23777294158935547,0.16717515885829926,0.791039764881134
-4.0,deploy,d,12,best,c022,-0.09525108337402344,0.1827707290649414,0.16717515885829926,0.791039764881134
-4.0,deploy,d,12,best,c050,0.08377933502197266,0.17327499389648438,0.16717515885829926,0.791039764881134
-4.0,eval,random,12,best,c006,-0.26098887125651044,-0.28482309977213544,0.05613359653701385,1.5493277311325073
-4.0,eval,random,12,best,c017,-0.17159303029378256,-0.38072236378987634,0.05613359653701385,1.5493277311325073
-4.0,eval,random,12,best,c039,-0.4542849858601888,-0.4698689778645833,0.05613359653701385,1.5493277311325073
-4.0,eval,random,12,best,c036,-0.29614416758219403,-0.31253687540690106,0.05613359653701385,1.5493277311325073
-4.0,eval,random,12,best,c009,-0.5104621251424154,-0.3726418813069662,0.05613359653701385,1.5493277311325073
-4.0,eval,random,12,best,c000,-0.13205687204996744,-0.28893820444742835,0.05613359653701385,1.5493277311325073
-4.0,eval,random,12,best,c013,0.5469716389973959,-0.4357544581095377,0.05613359653701385,1.5493277311325073
-4.0,eval,random,12,best,c049,0.16359837849934897,-0.4359060923258463,0.05613359653701385,1.5493277311325073
-4.0,eval,random,12,best,c058,0.12649408976236978,-0.3746102650960287,0.05613359653701385,1.5493277311325073
-4.0,eval,random,12,best,c024,0.01666863759358724,-0.3137365976969401,0.05613359653701385,1.5493277311325073
-4.0,eval,random,12,best,c042,-0.17285569508870444,-0.41456826527913415,0.05613359653701385,1.5493277311325073
-4.0,eval,random,12,best,c047,-0.03626124064127604,-0.3925015131632487,0.05613359653701385,1.5493277311325073
-4.0,eval,random,12,best,c043,0.007795015970865886,-0.3767293294270833,0.05613359653701385,1.5493277311325073
-4.0,eval,random,12,best,c003,-0.495144526163737,-0.21887175242106122,0.05613359653701385,1.5493277311325073
-4.0,eval,random,12,best,c041,-0.06444867451985677,-0.4528802235921224,0.05613359653701385,1.5493277311325073
-4.0,eval,random,12,best,c008,-0.503668467203776,-0.334204355875651,0.05613359653701385,1.5493277311325073
-4.0,eval,random,12,best,c045,0.33590157826741535,-0.40816370646158856,0.05613359653701385,1.5493277311325073
-4.0,eval,random,12,best,c011,-0.35920874277750653,-0.29858843485514325,0.05613359653701385,1.5493277311325073
-4.0,eval,random,12,best,c020,0.38823827107747394,-0.3839394251505534,0.05613359653701385,1.5493277311325073
-4.0,eval,random,12,best,c044,0.4261786142985026,-0.4658559163411458,0.05613359653701385,1.5493277311325073
-4.0,eval,random,12,best,c016,-0.40242258707682294,-0.29561487833658856,0.05613359653701385,1.5493277311325073
-4.0,eval,random,12,best,c056,0.07417647043863933,-0.3421853383382161,0.05613359653701385,1.5493277311325073
-4.0,eval,random,12,best,c025,-0.010367711385091146,-0.28644879659016925,0.05613359653701385,1.5493277311325073
-4.0,eval,random,12,best,c029,-0.3741496404012044,-0.2221568425496419,0.05613359653701385,1.5493277311325073
-4.0,eval,random,12,best,c014,-0.0752245585123698,-0.4701334635416667,0.05613359653701385,1.5493277311325073
-4.0,eval,random,12,best,c002,-0.3765137990315755,-0.238192876180013,0.05613359653701385,1.5493277311325073
-4.0,eval,random,12,best,c023,-0.27449512481689453,-0.2641000747680664,0.05613359653701385,1.5493277311325073
-4.0,eval,random,12,best,c046,-0.10785675048828125,-0.32501220703125,0.05613359653701385,1.5493277311325073
-4.0,eval,random,12,best,c022,-0.19043413798014322,-0.22716204325358072,0.05613359653701385,1.5493277311325073
-4.0,eval,random,12,best,c050,0.13481744130452475,-0.30993620554606116,0.05613359653701385,1.5493277311325073
-4.0,eval,random,12,best,c006,-0.46016693115234375,-0.207763671875,0.05613359653701385,1.5493277311325073
-4.0,eval,random,12,best,c017,-0.019100507100423176,-0.42966588338216144,0.05613359653701385,1.5493277311325073
-4.0,eval,random,12,best,c039,-0.23009109497070312,-0.4852304458618164,0.05613359653701385,1.5493277311325073
-4.0,eval,random,12,best,c036,-0.05771064758300781,-0.4913663864135742,0.05613359653701385,1.5493277311325073
-4.0,eval,random,12,best,c009,-0.36255741119384766,-0.42201709747314453,0.05613359653701385,1.5493277311325073
-4.0,eval,random,12,best,c000,-0.48584334055582684,-0.19861666361490887,0.05613359653701385,1.5493277311325073
-4.0,eval,random,12,best,c013,-0.3816369374593099,-0.3919976552327474,0.05613359653701385,1.5493277311325073
-4.0,eval,random,12,best,c049,-0.44620386759440106,-0.24310557047526044,0.05613359653701385,1.5493277311325073
-4.0,eval,random,12,best,c058,-0.4577312469482422,-0.2569284439086914,0.05613359653701385,1.5493277311325073
-4.0,eval,random,12,best,c024,-0.19995339711507162,-0.22686131795247397,0.05613359653701385,1.5493277311325073
-4.0,eval,random,12,best,c042,-0.3869892756144206,-0.36968008677164715,0.05613359653701385,1.5493277311325073
-4.0,eval,random,12,best,c047,-0.1368112564086914,-0.38736724853515625,0.05613359653701385,1.5493277311325073
-4.0,eval,random,12,best,c043,-0.21443843841552734,-0.2980613708496094,0.05613359653701385,1.5493277311325073
-4.0,eval,random,12,best,c003,-0.5280386606852213,-0.26403872172037757,0.05613359653701385,1.5493277311325073
-4.0,eval,random,12,best,c041,-0.12040932973225911,-0.37759145100911456,0.05613359653701385,1.5493277311325073
-4.0,eval,random,12,best,c008,-0.27181371053059894,-0.3374532063802083,0.05613359653701385,1.5493277311325073
-4.0,eval,random,12,best,c045,-0.4016358057657878,-0.2963101069132487,0.05613359653701385,1.5493277311325073
-4.0,eval,random,12,best,c011,-0.5067119598388672,-0.38466930389404297,0.05613359653701385,1.5493277311325073
-4.0,eval,random,12,best,c020,-0.3707923889160156,-0.21710777282714844,0.05613359653701385,1.5493277311325073
-4.0,eval,random,12,best,c044,-0.40163834889729816,-0.33164437611897785,0.05613359653701385,1.5493277311325073
-4.0,eval,random,12,best,c016,-0.13959534962972006,-0.3208831151326498,0.05613359653701385,1.5493277311325073
-4.0,eval,random,12,best,c056,-0.23311074574788412,-0.4611590703328451,0.05613359653701385,1.5493277311325073
-4.0,eval,random,12,best,c025,-0.1363077163696289,-0.3046083450317383,0.05613359653701385,1.5493277311325073
-4.0,eval,random,12,best,c029,0.0050779978434244795,-0.4384959538777669,0.05613359653701385,1.5493277311325073
-4.0,eval,random,12,best,c014,-0.4872109095255534,-0.36324278513590497,0.05613359653701385,1.5493277311325073
-4.0,eval,random,12,best,c002,-0.2759205500284831,-0.2806965510050456,0.05613359653701385,1.5493277311325073
-4.0,eval,random,12,best,c023,-0.15846983591715494,-0.2968317667643229,0.05613359653701385,1.5493277311325073
-4.0,eval,random,12,best,c046,-0.13913440704345703,-0.3558216094970703,0.05613359653701385,1.5493277311325073
-4.0,eval,random,12,best,c022,-0.14432779947916666,-0.2515942255655924,0.05613359653701385,1.5493277311325073
-4.0,eval,random,12,best,c050,-0.2992238998413086,-0.2689800262451172,0.05613359653701385,1.5493277311325073
-2.0,eval,d,12,best,c006,0.1937255859375,0.169891357421875,0.0606907457113266,1.1335831880569458
-2.0,eval,d,12,best,c017,0.41732215881347656,0.2081928253173828,0.0606907457113266,1.1335831880569458
-2.0,eval,d,12,best,c039,-0.010944366455078125,-0.026528358459472656,0.0606907457113266,1.1335831880569458
-2.0,eval,d,12,best,c036,0.14366722106933594,0.1272745132446289,0.0606907457113266,1.1335831880569458
-2.0,eval,d,12,best,c009,-0.1071939468383789,0.030626296997070312,0.0606907457113266,1.1335831880569458
-2.0,eval,d,12,best,c000,0.31487560272216797,0.15799427032470703,0.0606907457113266,1.1335831880569458
-2.0,eval,d,12,best,c013,1.2558135986328125,0.2730875015258789,0.0606907457113266,1.1335831880569458
-2.0,eval,d,12,best,c049,0.585566520690918,-0.013937950134277344,0.0606907457113266,1.1335831880569458
-2.0,eval,d,12,best,c058,0.6847515106201172,0.18364715576171875,0.0606907457113266,1.1335831880569458
-2.0,eval,d,12,best,c024,0.48006534576416016,0.1496601104736328,0.0606907457113266,1.1335831880569458
-2.0,eval,d,12,best,c042,0.46028614044189453,0.21857357025146484,0.0606907457113266,1.1335831880569458
-2.0,eval,d,12,best,c047,0.6686019897460938,0.3123617172241211,0.0606907457113266,1.1335831880569458
-2.0,eval,d,12,best,c043,0.5982627868652344,0.21373844146728516,0.0606907457113266,1.1335831880569458
-2.0,eval,d,12,best,c003,-0.1423969268798828,0.13387584686279297,0.0606907457113266,1.1335831880569458
-2.0,eval,d,12,best,c041,0.5474920272827148,0.15906047821044922,0.0606907457113266,1.1335831880569458
-2.0,eval,d,12,best,c008,-0.19355201721191406,-0.024087905883789062,0.0606907457113266,1.1335831880569458
-2.0,eval,d,12,best,c045,0.8857574462890625,0.1416921615600586,0.0606907457113266,1.1335831880569458
-2.0,eval,d,12,best,c011,0.09978008270263672,0.160400390625,0.0606907457113266,1.1335831880569458
-2.0,eval,d,12,best,c020,0.9693078994750977,0.1971302032470703,0.0606907457113266,1.1335831880569458
-2.0,eval,d,12,best,c044,1.0774421691894531,0.1854076385498047,0.0606907457113266,1.1335831880569458
-2.0,eval,d,12,best,c016,0.07512664794921875,0.18193435668945312,0.0606907457113266,1.1335831880569458
-2.0,eval,d,12,best,c056,0.6328601837158203,0.21649837493896484,0.0606907457113266,1.1335831880569458
-2.0,eval,d,12,best,c025,0.4270954132080078,0.1510143280029297,0.0606907457113266,1.1335831880569458
-2.0,eval,d,12,best,c029,-0.17303752899169922,-0.02104473114013672,0.0606907457113266,1.1335831880569458
-2.0,eval,d,12,best,c014,0.5851554870605469,0.19024658203125,0.0606907457113266,1.1335831880569458
-2.0,eval,d,12,best,c002,0.06336593627929688,0.20168685913085938,0.0606907457113266,1.1335831880569458
-2.0,eval,d,12,best,c023,0.0721292495727539,0.08252429962158203,0.0606907457113266,1.1335831880569458
-2.0,eval,d,12,best,c046,0.3922243118286133,0.17506885528564453,0.0606907457113266,1.1335831880569458
-2.0,eval,d,12,best,c022,0.2354297637939453,0.1987018585205078,0.0606907457113266,1.1335831880569458
-2.0,eval,d,12,best,c050,0.6420660018920898,0.1973123550415039,0.0606907457113266,1.1335831880569458
-2.0,eval,d,12,best,c006,-0.06462764739990234,0.1877756118774414,0.0606907457113266,1.1335831880569458
-2.0,eval,d,12,best,c017,0.6685647964477539,0.2579994201660156,0.0606907457113266,1.1335831880569458
-2.0,eval,d,12,best,c039,0.09054088592529297,-0.1645984649658203,0.0606907457113266,1.1335831880569458
-2.0,eval,d,12,best,c036,0.7132673263549805,0.27961158752441406,0.0606907457113266,1.1335831880569458
-2.0,eval,d,12,best,c009,0.008733749389648438,-0.05072593688964844,0.0606907457113266,1.1335831880569458
-2.0,eval,d,12,best,c000,-0.13526439666748047,0.1519622802734375,0.0606907457113266,1.1335831880569458
-2.0,eval,d,12,best,c013,0.18036174774169922,0.17000102996826172,0.0606907457113266,1.1335831880569458
-2.0,eval,d,12,best,c049,-0.20732498168945312,-0.0042266845703125,0.0606907457113266,1.1335831880569458
-2.0,eval,d,12,best,c058,-0.1914682388305664,0.009334564208984375,0.0606907457113266,1.1335831880569458
-2.0,eval,d,12,best,c024,0.21730327606201172,0.19039535522460938,0.0606907457113266,1.1335831880569458
-2.0,eval,d,12,best,c042,0.07132816314697266,0.0886373519897461,0.0606907457113266,1.1335831880569458
-2.0,eval,d,12,best,c047,0.5079622268676758,0.25740623474121094,0.0606907457113266,1.1335831880569458
-2.0,eval,d,12,best,c043,0.2069072723388672,0.12328433990478516,0.0606907457113266,1.1335831880569458
-2.0,eval,d,12,best,c003,-0.12514019012451172,0.13885974884033203,0.0606907457113266,1.1335831880569458
-2.0,eval,d,12,best,c041,0.44182872772216797,0.1846466064453125,0.0606907457113266,1.1335831880569458
-2.0,eval,d,12,best,c008,-0.02353954315185547,-0.08917903900146484,0.0606907457113266,1.1335831880569458
-2.0,eval,d,12,best,c045,0.011503219604492188,0.11682891845703125,0.0606907457113266,1.1335831880569458
-2.0,eval,d,12,best,c011,-0.05149555206298828,0.07054710388183594,0.0606907457113266,1.1335831880569458
-2.0,eval,d,12,best,c020,0.03220939636230469,0.18589401245117188,0.0606907457113266,1.1335831880569458
-2.0,eval,d,12,best,c044,0.039160728454589844,0.10915470123291016,0.0606907457113266,1.1335831880569458
-2.0,eval,d,12,best,c016,0.40632057189941406,0.22503280639648438,0.0606907457113266,1.1335831880569458
-2.0,eval,d,12,best,c056,0.38764286041259766,0.15959453582763672,0.0606907457113266,1.1335831880569458
-2.0,eval,d,12,best,c025,0.38059234619140625,0.21229171752929688,0.0606907457113266,1.1335831880569458
-2.0,eval,d,12,best,c029,0.6475439071655273,0.20396995544433594,0.0606907457113266,1.1335831880569458
-2.0,eval,d,12,best,c014,-0.04917621612548828,0.07479190826416016,0.0606907457113266,1.1335831880569458
-2.0,eval,d,12,best,c002,0.1336841583251953,0.1289081573486328,0.0606907457113266,1.1335831880569458
-2.0,eval,d,12,best,c023,0.2752256393432617,0.13686370849609375,0.0606907457113266,1.1335831880569458
-2.0,eval,d,12,best,c046,0.34144020080566406,0.12475299835205078,0.0606907457113266,1.1335831880569458
-2.0,eval,d,12,best,c022,0.2297954559326172,0.1225290298461914,0.0606907457113266,1.1335831880569458
-2.0,eval,d,12,best,c050,0.20201778411865234,0.23226165771484375,0.0606907457113266,1.1335831880569458
-2.0,deploy,d,12,best,c006,-0.24384021759033203,0.1526041030883789,0.06400490552186966,1.0582301616668701
-2.0,deploy,d,12,best,c017,-0.06720829010009766,0.10664176940917969,0.06400490552186966,1.0582301616668701
-2.0,deploy,d,12,best,c039,-0.19577312469482422,-0.10649585723876953,0.06400490552186966,1.0582301616668701
-2.0,deploy,d,12,best,c036,0.03307056427001953,0.0688314437866211,0.06400490552186966,1.0582301616668701
-2.0,deploy,d,12,best,c009,-0.5183172225952148,0.015746116638183594,0.06400490552186966,1.0582301616668701
-2.0,deploy,d,12,best,c000,-0.2761259078979492,0.11574172973632812,0.06400490552186966,1.0582301616668701
-2.0,deploy,d,12,best,c013,0.039093017578125,0.11981773376464844,0.06400490552186966,1.0582301616668701
-2.0,deploy,d,12,best,c049,-0.7048816680908203,-0.14330196380615234,0.06400490552186966,1.0582301616668701
-2.0,deploy,d,12,best,c058,-0.6471719741821289,-0.04573822021484375,0.06400490552186966,1.0582301616668701
-2.0,deploy,d,12,best,c024,-0.2518157958984375,0.14472389221191406,0.06400490552186966,1.0582301616668701
-2.0,deploy,d,12,best,c042,-0.44211483001708984,0.1209716796875,0.06400490552186966,1.0582301616668701
-2.0,deploy,d,12,best,c047,0.11324405670166016,0.1514263153076172,0.06400490552186966,1.0582301616668701
-2.0,deploy,d,12,best,c043,-0.1870574951171875,0.1304035186767578,0.06400490552186966,1.0582301616668701
-2.0,deploy,d,12,best,c003,-0.7170438766479492,0.04701042175292969,0.06400490552186966,1.0582301616668701
-2.0,deploy,d,12,best,c041,0.09195613861083984,0.18573760986328125,0.06400490552186966,1.0582301616668701
-2.0,deploy,d,12,best,c008,-0.425262451171875,-0.08226299285888672,0.06400490552186966,1.0582301616668701
-2.0,deploy,d,12,best,c045,-0.5970926284790039,0.07594013214111328,0.06400490552186966,1.0582301616668701
-2.0,deploy,d,12,best,c011,-0.09100818634033203,0.09108543395996094,0.06400490552186966,1.0582301616668701
-2.0,deploy,d,12,best,c020,-0.1214437484741211,0.13707637786865234,0.06400490552186966,1.0582301616668701
-2.0,deploy,d,12,best,c044,-0.2605886459350586,0.07692241668701172,0.06400490552186966,1.0582301616668701
-2.0,deploy,d,12,best,c016,-0.0074024200439453125,0.08173370361328125,0.06400490552186966,1.0582301616668701
-2.0,deploy,d,12,best,c056,0.11425971984863281,0.10068321228027344,0.06400490552186966,1.0582301616668701
-2.0,deploy,d,12,best,c025,-0.07048606872558594,0.10746383666992188,0.06400490552186966,1.0582301616668701
-2.0,deploy,d,12,best,c029,-0.7456350326538086,0.01635265350341797,0.06400490552186966,1.0582301616668701
-2.0,deploy,d,12,best,c014,-0.19048213958740234,0.057476043701171875,0.06400490552186966,1.0582301616668701
-2.0,deploy,d,12,best,c002,-0.18690013885498047,0.0721597671508789,0.06400490552186966,1.0582301616668701
-2.0,deploy,d,12,best,c023,-0.15645694732666016,0.11322402954101562,0.06400490552186966,1.0582301616668701
-2.0,deploy,d,12,best,c046,0.15157508850097656,0.21395492553710938,0.06400490552186966,1.0582301616668701
-2.0,deploy,d,12,best,c022,-0.15962982177734375,0.11485671997070312,0.06400490552186966,1.0582301616668701
-2.0,deploy,d,12,best,c050,0.14467430114746094,0.1324758529663086,0.06400490552186966,1.0582301616668701
-2.0,deploy,d,12,best,c006,-0.43200111389160156,0.10599613189697266,0.06400490552186966,1.0582301616668701
-2.0,deploy,d,12,best,c017,-0.13796138763427734,0.11705398559570312,0.06400490552186966,1.0582301616668701
-2.0,deploy,d,12,best,c039,-0.19382762908935547,-0.04738807678222656,0.06400490552186966,1.0582301616668701
-2.0,deploy,d,12,best,c036,0.09069633483886719,0.17128467559814453,0.06400490552186966,1.0582301616668701
-2.0,deploy,d,12,best,c009,-0.5462074279785156,-0.06122779846191406,0.06400490552186966,1.0582301616668701
-2.0,deploy,d,12,best,c000,-0.5100612640380859,0.10070037841796875,0.06400490552186966,1.0582301616668701
-2.0,deploy,d,12,best,c013,0.015237808227539062,0.10453605651855469,0.06400490552186966,1.0582301616668701
-2.0,deploy,d,12,best,c049,-1.0894088745117188,-0.009127616882324219,0.06400490552186966,1.0582301616668701
-2.0,deploy,d,12,best,c058,-0.5740270614624023,0.005406379699707031,0.06400490552186966,1.0582301616668701
-2.0,deploy,d,12,best,c024,-0.16439533233642578,0.08730792999267578,0.06400490552186966,1.0582301616668701
-2.0,deploy,d,12,best,c042,-0.3608283996582031,0.11250686645507812,0.06400490552186966,1.0582301616668701
-2.0,deploy,d,12,best,c047,-0.07660961151123047,0.12513446807861328,0.06400490552186966,1.0582301616668701
-2.0,deploy,d,12,best,c043,0.16672897338867188,0.14647388458251953,0.06400490552186966,1.0582301616668701
-2.0,deploy,d,12,best,c003,-0.37458324432373047,0.13100147247314453,0.06400490552186966,1.0582301616668701
-2.0,deploy,d,12,best,c041,-0.3357248306274414,0.08854866027832031,0.06400490552186966,1.0582301616668701
-2.0,deploy,d,12,best,c008,-0.6329669952392578,-0.02525615692138672,0.06400490552186966,1.0582301616668701
-2.0,deploy,d,12,best,c045,-0.05677318572998047,0.11943817138671875,0.06400490552186966,1.0582301616668701
-2.0,deploy,d,12,best,c011,-0.1599559783935547,0.056392669677734375,0.06400490552186966,1.0582301616668701
-2.0,deploy,d,12,best,c020,-0.175445556640625,0.08864307403564453,0.06400490552186966,1.0582301616668701
-2.0,deploy,d,12,best,c044,-0.4363384246826172,0.019969940185546875,0.06400490552186966,1.0582301616668701
-2.0,deploy,d,12,best,c016,-0.006778717041015625,0.08059883117675781,0.06400490552186966,1.0582301616668701
-2.0,deploy,d,12,best,c056,0.28283119201660156,0.10781288146972656,0.06400490552186966,1.0582301616668701
-2.0,deploy,d,12,best,c025,-0.07039546966552734,0.15393829345703125,0.06400490552186966,1.0582301616668701
-2.0,deploy,d,12,best,c029,-0.4468841552734375,-0.04086494445800781,0.06400490552186966,1.0582301616668701
-2.0,deploy,d,12,best,c014,-0.31400108337402344,0.07163238525390625,0.06400490552186966,1.0582301616668701
-2.0,deploy,d,12,best,c002,-0.38880443572998047,0.12024784088134766,0.06400490552186966,1.0582301616668701
-2.0,deploy,d,12,best,c023,-0.588953971862793,0.04666709899902344,0.06400490552186966,1.0582301616668701
-2.0,deploy,d,12,best,c046,-0.12147045135498047,0.14993953704833984,0.06400490552186966,1.0582301616668701
-2.0,deploy,d,12,best,c022,-0.13262271881103516,0.1453990936279297,0.06400490552186966,1.0582301616668701
-2.0,deploy,d,12,best,c050,0.022876739501953125,0.11237239837646484,0.06400490552186966,1.0582301616668701
-2.0,eval,random,12,best,c006,-0.1102590560913086,-0.1340932846069336,0.018887253245338798,1.492012659708659
-2.0,eval,random,12,best,c017,0.04954210917154948,-0.15958722432454428,0.018887253245338798,1.492012659708659
-2.0,eval,random,12,best,c039,-0.2019033432006836,-0.21748733520507812,0.018887253245338798,1.492012659708659
-2.0,eval,random,12,best,c036,-0.10582955678304036,-0.12222226460774739,0.018887253245338798,1.492012659708659
-2.0,eval,random,12,best,c009,-0.33298683166503906,-0.19516658782958984,0.018887253245338798,1.492012659708659
-2.0,eval,random,12,best,c000,0.03854242960611979,-0.11833890279134116,0.018887253245338798,1.492012659708659
-2.0,eval,random,12,best,c013,0.8346106211344401,-0.14811547597249353,0.018887253245338798,1.492012659708659
-2.0,eval,random,12,best,c049,0.4267059961954753,-0.17279847462972003,0.018887253245338798,1.492012659708659
-2.0,eval,random,12,best,c058,0.33860238393147785,-0.1625019709269206,0.018887253245338798,1.492012659708659
-2.0,eval,random,12,best,c024,0.19870758056640625,-0.1316976547241211,0.018887253245338798,1.492012659708659
-2.0,eval,random,12,best,c042,0.08435281117757161,-0.1573597590128581,0.018887253245338798,1.492012659708659
-2.0,eval,random,12,best,c047,0.1937831242879232,-0.16245714823404947,0.018887253245338798,1.492012659708659
-2.0,eval,random,12,best,c043,0.2461074193318685,-0.13841692606608072,0.018887253245338798,1.492012659708659
-2.0,eval,random,12,best,c003,-0.3868427276611328,-0.11056995391845703,0.018887253245338798,1.492012659708659
-2.0,eval,random,12,best,c041,0.19092782338460287,-0.19750372568766275,0.018887253245338798,1.492012659708659
-2.0,eval,random,12,best,c008,-0.3377288182576497,-0.16826470692952472,0.018887253245338798,1.492012659708659
-2.0,eval,random,12,best,c045,0.6011699040730795,-0.14289538065592444,0.018887253245338798,1.492012659708659
-2.0,eval,random,12,best,c011,-0.18697102864583334,-0.12635072072347006,0.018887253245338798,1.492012659708659
-2.0,eval,random,12,best,c020,0.6391264597574869,-0.1330512364705404,0.018887253245338798,1.492012659708659
-2.0,eval,random,12,best,c044,0.7300564448038737,-0.16197808583577478,0.018887253245338798,1.492012659708659
-2.0,eval,random,12,best,c016,-0.24014409383138022,-0.13333638509114584,0.018887253245338798,1.492012659708659
-2.0,eval,random,12,best,c056,0.2873700459798177,-0.12899176279703778,0.018887253245338798,1.492012659708659
-2.0,eval,random,12,best,c025,0.15992514292399088,-0.11615594228108725,0.018887253245338798,1.492012659708659
-2.0,eval,random,12,best,c029,-0.2597497304280599,-0.10775693257649738,0.018887253245338798,1.492012659708659
-2.0,eval,random,12,best,c014,0.22698179880777994,-0.16792710622151694,0.018887253245338798,1.492012659708659
-2.0,eval,random,12,best,c002,-0.23869895935058594,-0.10037803649902344,0.018887253245338798,1.492012659708659
-2.0,eval,random,12,best,c023,-0.12961101531982422,-0.1192159652709961,0.018887253245338798,1.492012659708659
-2.0,eval,random,12,best,c046,0.07919979095458984,-0.1379556655883789,0.018887253245338798,1.492012659708659
-2.0,eval,random,12,best,c022,-0.06295363108317058,-0.09968153635660808,0.018887253245338798,1.492012659708659
-2.0,eval,random,12,best,c050,0.3308601379394531,-0.11389350891113281,0.018887253245338798,1.492012659708659
-2.0,eval,random,12,best,c006,-0.3512938817342122,-0.09889062245686847,0.018887253245338798,1.492012659708659
-2.0,eval,random,12,best,c017,0.22432835896809897,-0.1862370173136393,0.018887253245338798,1.492012659708659
-2.0,eval,random,12,best,c039,0.02998034159342448,-0.2251590092976888,0.018887253245338798,1.492012659708659
-2.0,eval,random,12,best,c036,0.24875895182291666,-0.18489678700764975,0.018887253245338798,1.492012659708659
-2.0,eval,random,12,best,c009,-0.14653841654459634,-0.20599810282389322,0.018887253245338798,1.492012659708659
-2.0,eval,random,12,best,c000,-0.38272666931152344,-0.09549999237060547,0.018887253245338798,1.492012659708659
-2.0,eval,random,12,best,c013,-0.1614987055460612,-0.1718594233194987,0.018887253245338798,1.492012659708659
-2.0,eval,random,12,best,c049,-0.32392628987630206,-0.12082799275716144,0.018887253245338798,1.492012659708659
-2.0,eval,random,12,best,c058,-0.33907508850097656,-0.13827228546142578,0.018887253245338798,1.492012659708659
-2.0,eval,random,12,best,c024,-0.06375344594319661,-0.09066136678059895,0.018887253245338798,1.492012659708659
-2.0,eval,random,12,best,c042,-0.1844482421875,-0.16713905334472656,0.018887253245338798,1.492012659708659
-2.0,eval,random,12,best,c047,0.09388160705566406,-0.15667438507080078,0.018887253245338798,1.492012659708659
-2.0,eval,random,12,best,c043,-0.05144818623860677,-0.1350711186726888,0.018887253245338798,1.492012659708659
-2.0,eval,random,12,best,c003,-0.390506108601888,-0.12650616963704425,0.018887253245338798,1.492012659708659
-2.0,eval,random,12,best,c041,0.0975796381632487,-0.15960248311360675,0.018887253245338798,1.492012659708659
-2.0,eval,random,12,best,c008,-0.08349291483561198,-0.14913241068522137,0.018887253245338798,1.492012659708659
-2.0,eval,random,12,best,c045,-0.2440048853556315,-0.13867918650309244,0.018887253245338798,1.492012659708659
-2.0,eval,random,12,best,c011,-0.309634526570638,-0.18759187062581378,0.018887253245338798,1.492012659708659
-2.0,eval,random,12,best,c020,-0.2373234430948893,-0.08363882700602213,0.018887253245338798,1.492012659708659
-2.0,eval,random,12,best,c044,-0.2179702123006185,-0.1479762395222982,0.018887253245338798,1.492012659708659
-2.0,eval,random,12,best,c016,0.052482287089029946,-0.12880547841389975,0.018887253245338798,1.492012659708659
-2.0,eval,random,12,best,c056,0.03378105163574219,-0.19426727294921875,0.018887253245338798,1.492012659708659
-2.0,eval,random,12,best,c025,0.05195776621500651,-0.11634286244710287,0.018887253245338798,1.492012659708659
-2.0,eval,random,12,best,c029,0.24634806315104166,-0.19722588857014975,0.018887253245338798,1.492012659708659
-2.0,eval,random,12,best,c014,-0.2974891662597656,-0.1735210418701172,0.018887253245338798,1.492012659708659
-2.0,eval,random,12,best,c002,-0.12636788686116537,-0.13114388783772787,0.018887253245338798,1.492012659708659
-2.0,eval,random,12,best,c023,0.008466402689615885,-0.1298955281575521,0.018887253245338798,1.492012659708659
-2.0,eval,random,12,best,c046,0.07057444254557292,-0.14611275990804035,0.018887253245338798,1.492012659708659
-2.0,eval,random,12,best,c022,0.008156140645345053,-0.09911028544108073,0.018887253245338798,1.492012659708659
-2.0,eval,random,12,best,c050,-0.13642438252766928,-0.10618050893147787,0.018887253245338798,1.492012659708659
-1.0,eval,d,12,best,c006,0.10487174987792969,0.08103752136230469,0.016567934304475784,1.2932722568511963
-1.0,eval,d,12,best,c017,0.3170280456542969,0.10789871215820312,0.016567934304475784,1.2932722568511963
-1.0,eval,d,12,best,c039,0.0030727386474609375,-0.012511253356933594,0.016567934304475784,1.2932722568511963
-1.0,eval,d,12,best,c036,0.08801841735839844,0.0716257095336914,0.016567934304475784,1.2932722568511963
-1.0,eval,d,12,best,c009,-0.12558555603027344,0.012234687805175781,0.016567934304475784,1.2932722568511963
-1.0,eval,d,12,best,c000,0.2350006103515625,0.07811927795410156,0.016567934304475784,1.2932722568511963
-1.0,eval,d,12,best,c013,1.1419925689697266,0.15926647186279297,0.016567934304475784,1.2932722568511963
-1.0,eval,d,12,best,c049,0.5968084335327148,-0.0026960372924804688,0.016567934304475784,1.2932722568511963
-1.0,eval,d,12,best,c058,0.6023931503295898,0.1012887954711914,0.016567934304475784,1.2932722568511963
-1.0,eval,d,12,best,c024,0.41228485107421875,0.0818796157836914,0.016567934304475784,1.2932722568511963
-1.0,eval,d,12,best,c042,0.3622150421142578,0.12050247192382812,0.016567934304475784,1.2932722568511963
-1.0,eval,d,12,best,c047,0.5191745758056641,0.1629343032836914,0.016567934304475784,1.2932722568511963
-1.0,eval,d,12,best,c043,0.5139875411987305,0.12946319580078125,0.016567934304475784,1.2932722568511963
-1.0,eval,d,12,best,c003,-0.20994186401367188,0.0663309097290039,0.016567934304475784,1.2932722568511963
-1.0,eval,d,12,best,c041,0.47277259826660156,0.08434104919433594,0.016567934304475784,1.2932722568511963
-1.0,eval,d,12,best,c008,-0.18476581573486328,-0.015301704406738281,0.016567934304475784,1.2932722568511963
-1.0,eval,d,12,best,c045,0.8312921524047852,0.08722686767578125,0.016567934304475784,1.2932722568511963
-1.0,eval,d,12,best,c011,0.017919540405273438,0.07853984832763672,0.016567934304475784,1.2932722568511963
-1.0,eval,d,12,best,c020,0.8822669982910156,0.11008930206298828,0.016567934304475784,1.2932722568511963
-1.0,eval,d,12,best,c044,1.0037870407104492,0.11175251007080078,0.016567934304475784,1.2932722568511963
-1.0,eval,d,12,best,c016,-0.019262313842773438,0.08754539489746094,0.016567934304475784,1.2932722568511963
-1.0,eval,d,12,best,c056,0.5348224639892578,0.11846065521240234,0.016567934304475784,1.2932722568511963
-1.0,eval,d,12,best,c025,0.3551197052001953,0.07903861999511719,0.016567934304475784,1.2932722568511963
-1.0,eval,d,12,best,c029,-0.1656665802001953,-0.013673782348632812,0.016567934304475784,1.2932722568511963
-1.0,eval,d,12,best,c014,0.5150957107543945,0.12018680572509766,0.016567934304475784,1.2932722568511963
-1.0,eval,d,12,best,c002,-0.03829383850097656,0.10002708435058594,0.016567934304475784,1.2932722568511963
-1.0,eval,d,12,best,c023,0.03187274932861328,0.042267799377441406,0.016567934304475784,1.2932722568511963
-1.0,eval,d,12,best,c046,0.3091850280761719,0.09202957153320312,0.016567934304475784,1.2932722568511963
-1.0,eval,d,12,best,c022,0.134063720703125,0.0973358154296875,0.016567934304475784,1.2932722568511963
-1.0,eval,d,12,best,c050,0.5500507354736328,0.10529708862304688,0.016567934304475784,1.2932722568511963
-1.0,eval,d,12,best,c006,-0.16216564178466797,0.09023761749267578,0.016567934304475784,1.2932722568511963
-1.0,eval,d,12,best,c017,0.5458307266235352,0.13526535034179688,0.016567934304475784,1.2932722568511963
-1.0,eval,d,12,best,c039,0.17884159088134766,-0.07629776000976562,0.016567934304475784,1.2932722568511963
-1.0,eval,d,12,best,c036,0.5977983474731445,0.16414260864257812,0.016567934304475784,1.2932722568511963
-1.0,eval,d,12,best,c009,0.036253929138183594,-0.02320575714111328,0.016567934304475784,1.2932722568511963
-1.0,eval,d,12,best,c000,-0.2200946807861328,0.06713199615478516,0.016567934304475784,1.2932722568511963
-1.0,eval,d,12,best,c013,0.09520912170410156,0.08484840393066406,0.016567934304475784,1.2932722568511963
-1.0,eval,d,12,best,c049,-0.21251201629638672,-0.009413719177246094,0.016567934304475784,1.2932722568511963
-1.0,eval,d,12,best,c058,-0.2048511505126953,-0.004048347473144531,0.016567934304475784,1.2932722568511963
-1.0,eval,d,12,best,c024,0.12811851501464844,0.1012105941772461,0.016567934304475784,1.2932722568511963
-1.0,eval,d,12,best,c042,0.026689529418945312,0.04399871826171875,0.016567934304475784,1.2932722568511963
-1.0,eval,d,12,best,c047,0.39224815368652344,0.1416921615600586,0.016567934304475784,1.2932722568511963
-1.0,eval,d,12,best,c043,0.15355968475341797,0.06993675231933594,0.016567934304475784,1.2932722568511963
-1.0,eval,d,12,best,c003,-0.1920795440673828,0.07192039489746094,0.016567934304475784,1.2932722568511963
-1.0,eval,d,12,best,c041,0.35710620880126953,0.09992408752441406,0.016567934304475784,1.2932722568511963
-1.0,eval,d,12,best,c008,0.02317333221435547,-0.042466163635253906,0.016567934304475784,1.2932722568511963
-1.0,eval,d,12,best,c045,-0.04967212677001953,0.05565357208251953,0.016567934304475784,1.2932722568511963
-1.0,eval,d,12,best,c011,-0.086029052734375,0.03601360321044922,0.016567934304475784,1.2932722568511963
-1.0,eval,d,12,best,c020,-0.06560707092285156,0.08807754516601562,0.016567934304475784,1.2932722568511963
-1.0,eval,d,12,best,c044,-0.011766433715820312,0.0582275390625,0.016567934304475784,1.2932722568511963
-1.0,eval,d,12,best,c016,0.3042745590209961,0.1229867935180664,0.016567934304475784,1.2932722568511963
-1.0,eval,d,12,best,c056,0.3179349899291992,0.08988666534423828,0.016567934304475784,1.2932722568511963
-1.0,eval,d,12,best,c025,0.2809457778930664,0.11264514923095703,0.016567934304475784,1.2932722568511963
-1.0,eval,d,12,best,c029,0.5485744476318359,0.10500049591064453,0.016567934304475784,1.2932722568511963
-1.0,eval,d,12,best,c014,-0.09192180633544922,0.03204631805419922,0.016567934304475784,1.2932722568511963
-1.0,eval,d,12,best,c002,0.07303619384765625,0.06826019287109375,0.016567934304475784,1.2932722568511963
-1.0,eval,d,12,best,c023,0.2071666717529297,0.06880474090576172,0.016567934304475784,1.2932722568511963
-1.0,eval,d,12,best,c046,0.29296016693115234,0.07627296447753906,0.016567934304475784,1.2932722568511963
-1.0,eval,d,12,best,c022,0.17554855346679688,0.0682821273803711,0.016567934304475784,1.2932722568511963
-1.0,eval,d,12,best,c050,0.08585929870605469,0.1161031723022461,0.016567934304475784,1.2932722568511963
-1.0,deploy,d,12,best,c006,-0.32636547088623047,0.07007884979248047,0.01805390603840351,1.2385880947113037
-1.0,deploy,d,12,best,c017,-0.11431217193603516,0.05953788757324219,0.01805390603840351,1.2385880947113037
-1.0,deploy,d,12,best,c039,-0.14496421813964844,-0.05568695068359375,0.01805390603840351,1.2385880947113037
-1.0,deploy,d,12,best,c036,0.007875442504882812,0.043636322021484375,0.01805390603840351,1.2385880947113037
-1.0,deploy,d,12,best,c009,-0.5417985916137695,-0.007735252380371094,0.01805390603840351,1.2385880947113037
-1.0,deploy,d,12,best,c000,-0.34122562408447266,0.05064201354980469,0.01805390603840351,1.2385880947113037
-1.0,deploy,d,12,best,c013,-0.019428253173828125,0.06129646301269531,0.01805390603840351,1.2385880947113037
-1.0,deploy,d,12,best,c049,-0.6464452743530273,-0.08486557006835938,0.01805390603840351,1.2385880947113037
-1.0,deploy,d,12,best,c058,-0.6471366882324219,-0.04570293426513672,0.01805390603840351,1.2385880947113037
-1.0,deploy,d,12,best,c024,-0.3288717269897461,0.06766796112060547,0.01805390603840351,1.2385880947113037
-1.0,deploy,d,12,best,c042,-0.515620231628418,0.047466278076171875,0.01805390603840351,1.2385880947113037
-1.0,deploy,d,12,best,c047,0.044661521911621094,0.08284378051757812,0.01805390603840351,1.2385880947113037
-1.0,deploy,d,12,best,c043,-0.24743366241455078,0.07002735137939453,0.01805390603840351,1.2385880947113037
-1.0,deploy,d,12,best,c003,-0.7520971298217773,0.011957168579101562,0.01805390603840351,1.2385880947113037
-1.0,deploy,d,12,best,c041,-0.0027742385864257812,0.09100723266601562,0.01805390603840351,1.2385880947113037
-1.0,deploy,d,12,best,c008,-0.3845558166503906,-0.041556358337402344,0.01805390603840351,1.2385880947113037
-1.0,deploy,d,12,best,c045,-0.6472501754760742,0.02578258514404297,0.01805390603840351,1.2385880947113037
-1.0,deploy,d,12,best,c011,-0.14097976684570312,0.041113853454589844,0.01805390603840351,1.2385880947113037
-1.0,deploy,d,12,best,c020,-0.1930103302001953,0.06550979614257812,0.01805390603840351,1.2385880947113037
-1.0,deploy,d,12,best,c044,-0.2927865982055664,0.044724464416503906,0.01805390603840351,1.2385880947113037
-1.0,deploy,d,12,best,c016,-0.039603233337402344,0.04953289031982422,0.01805390603840351,1.2385880947113037
-1.0,deploy,d,12,best,c056,0.06975078582763672,0.056174278259277344,0.01805390603840351,1.2385880947113037
-1.0,deploy,d,12,best,c025,-0.12394428253173828,0.05400562286376953,0.01805390603840351,1.2385880947113037
-1.0,deploy,d,12,best,c029,-0.7745819091796875,-0.012594223022460938,0.01805390603840351,1.2385880947113037
-1.0,deploy,d,12,best,c014,-0.22123336791992188,0.026724815368652344,0.01805390603840351,1.2385880947113037
-1.0,deploy,d,12,best,c002,-0.21613693237304688,0.0429229736328125,0.01805390603840351,1.2385880947113037
-1.0,deploy,d,12,best,c023,-0.21457767486572266,0.055103302001953125,0.01805390603840351,1.2385880947113037
-1.0,deploy,d,12,best,c046,0.049327850341796875,0.11170768737792969,0.01805390603840351,1.2385880947113037
-1.0,deploy,d,12,best,c022,-0.22156429290771484,0.05292224884033203,0.01805390603840351,1.2385880947113037
-1.0,deploy,d,12,best,c050,0.08028221130371094,0.0680837631225586,0.01805390603840351,1.2385880947113037
-1.0,deploy,d,12,best,c006,-0.48975276947021484,0.048244476318359375,0.01805390603840351,1.2385880947113037
-1.0,deploy,d,12,best,c017,-0.19812583923339844,0.05688953399658203,0.01805390603840351,1.2385880947113037
-1.0,deploy,d,12,best,c039,-0.17678260803222656,-0.030343055725097656,0.01805390603840351,1.2385880947113037
-1.0,deploy,d,12,best,c036,0.013310432434082031,0.09389877319335938,0.01805390603840351,1.2385880947113037
-1.0,deploy,d,12,best,c009,-0.5234308242797852,-0.038451194763183594,0.01805390603840351,1.2385880947113037
-1.0,deploy,d,12,best,c000,-0.5728988647460938,0.03786277770996094,0.01805390603840351,1.2385880947113037
-1.0,deploy,d,12,best,c013,-0.03878307342529297,0.050515174865722656,0.01805390603840351,1.2385880947113037
-1.0,deploy,d,12,best,c049,-1.1149559020996094,-0.034674644470214844,0.01805390603840351,1.2385880947113037
-1.0,deploy,d,12,best,c058,-0.6032180786132812,-0.023784637451171875,0.01805390603840351,1.2385880947113037
-1.0,deploy,d,12,best,c024,-0.20612812042236328,0.04557514190673828,0.01805390603840351,1.2385880947113037
-1.0,deploy,d,12,best,c042,-0.4275703430175781,0.045764923095703125,0.01805390603840351,1.2385880947113037
-1.0,deploy,d,12,best,c047,-0.13373661041259766,0.0680074691772461,0.01805390603840351,1.2385880947113037
-1.0,deploy,d,12,best,c043,0.1017618179321289,0.08150672912597656,0.01805390603840351,1.2385880947113037
-1.0,deploy,d,12,best,c003,-0.44205760955810547,0.06352710723876953,0.01805390603840351,1.2385880947113037
-1.0,deploy,d,12,best,c041,-0.39839649200439453,0.025876998901367188,0.01805390603840351,1.2385880947113037
-1.0,deploy,d,12,best,c008,-0.6342687606811523,-0.02655792236328125,0.01805390603840351,1.2385880947113037
-1.0,deploy,d,12,best,c045,-0.11879348754882812,0.057417869567871094,0.01805390603840351,1.2385880947113037
-1.0,deploy,d,12,best,c011,-0.19084548950195312,0.025503158569335938,0.01805390603840351,1.2385880947113037
-1.0,deploy,d,12,best,c020,-0.2164926528930664,0.047595977783203125,0.01805390603840351,1.2385880947113037
-1.0,deploy,d,12,best,c044,-0.45410823822021484,0.0022001266479492188,0.01805390603840351,1.2385880947113037
-1.0,deploy,d,12,best,c016,-0.04755401611328125,0.03982353210449219,0.01805390603840351,1.2385880947113037
-1.0,deploy,d,12,best,c056,0.23514270782470703,0.06012439727783203,0.01805390603840351,1.2385880947113037
-1.0,deploy,d,12,best,c025,-0.14925193786621094,0.07508182525634766,0.01805390603840351,1.2385880947113037
-1.0,deploy,d,12,best,c029,-0.43401432037353516,-0.02799510955810547,0.01805390603840351,1.2385880947113037
-1.0,deploy,d,12,best,c014,-0.34504127502441406,0.040592193603515625,0.01805390603840351,1.2385880947113037
-1.0,deploy,d,12,best,c002,-0.46089935302734375,0.048152923583984375,0.01805390603840351,1.2385880947113037
-1.0,deploy,d,12,best,c023,-0.6238269805908203,0.011794090270996094,0.01805390603840351,1.2385880947113037
-1.0,deploy,d,12,best,c046,-0.19894886016845703,0.07246112823486328,0.01805390603840351,1.2385880947113037
-1.0,deploy,d,12,best,c022,-0.20151424407958984,0.076507568359375,0.01805390603840351,1.2385880947113037
-1.0,deploy,d,12,best,c050,-0.03869819641113281,0.050797462463378906,0.01805390603840351,1.2385880947113037
-1.0,eval,random,12,best,c006,-0.03684552510579427,-0.06067975362141927,0.005366213348073264,1.4684974352518718
-1.0,eval,random,12,best,c017,0.14220142364501953,-0.06692790985107422,0.005366213348073264,1.4684974352518718
-1.0,eval,random,12,best,c039,-0.08367443084716797,-0.0992584228515625,0.005366213348073264,1.4684974352518718
-1.0,eval,random,12,best,c036,-0.03242810567220052,-0.048820813496907554,0.005366213348073264,1.4684974352518718
-1.0,eval,random,12,best,c009,-0.23394012451171875,-0.09611988067626953,0.005366213348073264,1.4684974352518718
-1.0,eval,random,12,best,c000,0.1070871353149414,-0.04979419708251953,0.005366213348073264,1.4684974352518718
-1.0,eval,random,12,best,c013,0.9271647135416666,-0.055561383565266964,0.005366213348073264,1.4684974352518718
-1.0,eval,random,12,best,c049,0.5278224945068359,-0.07168197631835938,0.005366213348073264,1.4684974352518718
-1.0,eval,random,12,best,c058,0.4300374984741211,-0.07106685638427734,0.005366213348073264,1.4684974352518718
-1.0,eval,random,12,best,c024,0.2730967203776042,-0.05730851491292316,0.005366213348073264,1.4684974352518718
-1.0,eval,random,12,best,c042,0.17979113260904947,-0.06192143758138022,0.005366213348073264,1.4684974352518718
-1.0,eval,random,12,best,c047,0.2880849838256836,-0.06815528869628906,0.005366213348073264,1.4684974352518718
-1.0,eval,random,12,best,c043,0.33179982503255206,-0.052724520365397154,0.005366213348073264,1.4684974352518718
-1.0,eval,random,12,best,c003,-0.3282162348429362,-0.051943461100260435,0.005366213348073264,1.4684974352518718
-1.0,eval,random,12,best,c041,0.3041206995646159,-0.08431084950764972,0.005366213348073264,1.4684974352518718
-1.0,eval,random,12,best,c008,-0.2524849573771159,-0.0830208460489909,0.005366213348073264,1.4684974352518718
-1.0,eval,random,12,best,c045,0.6926663716634115,-0.05139891306559241,0.005366213348073264,1.4684974352518718
-1.0,eval,random,12,best,c011,-0.11502710978190105,-0.054406801859537765,0.005366213348073264,1.4684974352518718
-1.0,eval,random,12,best,c020,0.7232637405395508,-0.04891395568847656,0.005366213348073264,1.4684974352518718
-1.0,eval,random,12,best,c044,0.8317772547403971,-0.06025727589925134,0.005366213348073264,1.4684974352518718
-1.0,eval,random,12,best,c016,-0.16656112670898438,-0.05975341796875,0.005366213348073264,1.4684974352518718
-1.0,eval,random,12,best,c056,0.3645744323730469,-0.051787376403808594,0.005366213348073264,1.4684974352518718
-1.0,eval,random,12,best,c025,0.22637430826822916,-0.04970677693684897,0.005366213348073264,1.4684974352518718
-1.0,eval,random,12,best,c029,-0.20363616943359375,-0.05164337158203125,0.005366213348073264,1.4684974352518718
-1.0,eval,random,12,best,c014,0.33440907796223956,-0.06049982706705731,0.005366213348073264,1.4684974352518718
-1.0,eval,random,12,best,c002,-0.18007882436116537,-0.041757901509602874,0.005366213348073264,1.4684974352518718
-1.0,eval,random,12,best,c023,-0.06308555603027344,-0.05269050598144531,0.005366213348073264,1.4684974352518718
-1.0,eval,random,12,best,c046,0.1561438242594401,-0.061011632283528655,0.005366213348073264,1.4684974352518718
-1.0,eval,random,12,best,c022,-0.008370081583658854,-0.04509798685709635,0.005366213348073264,1.4684974352518718
-1.0,eval,random,12,best,c050,0.3982992172241211,-0.046454429626464844,0.005366213348073264,1.4684974352518718
-1.0,eval,random,12,best,c006,-0.2969353993733724,-0.04453214009602863,0.005366213348073264,1.4684974352518718
-1.0,eval,random,12,best,c017,0.3296667734781901,-0.08089860280354816,0.005366213348073264,1.4684974352518718
-1.0,eval,random,12,best,c039,0.1521428426106771,-0.10299650828043619,0.005366213348073264,1.4684974352518718
-1.0,eval,random,12,best,c036,0.36211713155110675,-0.07153860727945965,0.005366213348073264,1.4684974352518718
-1.0,eval,random,12,best,c009,-0.03813521067301432,-0.09759489695231119,0.005366213348073264,1.4684974352518718
-1.0,eval,random,12,best,c000,-0.33331966400146484,-0.046092987060546875,0.005366213348073264,1.4684974352518718
-1.0,eval,random,12,best,c013,-0.06312084197998047,-0.07348155975341797,0.005366213348073264,1.4684974352518718
-1.0,eval,random,12,best,c049,-0.26230939229329425,-0.05921109517415363,0.005366213348073264,1.4684974352518718
-1.0,eval,random,12,best,c058,-0.27016035715738934,-0.06935755411783856,0.005366213348073264,1.4684974352518718
-1.0,eval,random,12,best,c024,-0.010164578755696615,-0.03707249959309896,0.005366213348073264,1.4684974352518718
-1.0,eval,random,12,best,c042,-0.0929120381673177,-0.07560284932454427,0.005366213348073264,1.4684974352518718
-1.0,eval,random,12,best,c047,0.18683179219563803,-0.06372419993082681,0.005366213348073264,1.4684974352518718
-1.0,eval,random,12,best,c043,0.023637135823567707,-0.05998579661051433,0.005366213348073264,1.4684974352518718
-1.0,eval,random,12,best,c003,-0.3220265706380208,-0.058026631673177065,0.005366213348073264,1.4684974352518718
-1.0,eval,random,12,best,c041,0.1918951670328776,-0.06528695424397787,0.005366213348073264,1.4684974352518718
-1.0,eval,random,12,best,c008,-0.0011688868204752605,-0.06680838267008464,0.005366213348073264,1.4684974352518718
-1.0,eval,random,12,best,c045,-0.16883150736490884,-0.06350580851236978,0.005366213348073264,1.4684974352518718
-1.0,eval,random,12,best,c011,-0.2081772486368815,-0.08613459269205728,0.005366213348073264,1.4684974352518718
-1.0,eval,random,12,best,c020,-0.18626181284586588,-0.03257719675699869,0.005366213348073264,1.4684974352518718
-1.0,eval,random,12,best,c044,-0.13693523406982422,-0.0669412612915039,0.005366213348073264,1.4684974352518718
-1.0,eval,random,12,best,c016,0.12805493672688803,-0.05323282877604166,0.005366213348073264,1.4684974352518718
-1.0,eval,random,12,best,c056,0.14539972941080728,-0.08264859517415366,0.005366213348073264,1.4684974352518718
-1.0,eval,random,12,best,c025,0.12093067169189453,-0.047369956970214844,0.005366213348073264,1.4684974352518718
-1.0,eval,random,12,best,c029,0.3534475962320964,-0.09012635548909503,0.005366213348073264,1.4684974352518718
-1.0,eval,random,12,best,c014,-0.20391527811686197,-0.07994715372721353,0.005366213348073264,1.4684974352518718
-1.0,eval,random,12,best,c002,-0.054005940755208336,-0.058781941731770836,0.005366213348073264,1.4684974352518718
-1.0,eval,random,12,best,c023,0.08175945281982422,-0.05660247802734375,0.005366213348073264,1.4684974352518718
-1.0,eval,random,12,best,c046,0.1566584904988607,-0.060028711954752595,0.005366213348073264,1.4684974352518718
-1.0,eval,random,12,best,c022,0.06725311279296875,-0.04001331329345703,0.005366213348073264,1.4684974352518718
-1.0,eval,random,12,best,c050,-0.07361475626627605,-0.04337088267008464,0.005366213348073264,1.4684974352518718
-0.5,eval,d,12,best,c006,0.06134605407714844,0.03751182556152344,0.004200897645205259,1.3700827360153198
-0.5,eval,d,12,best,c017,0.2618436813354492,0.05271434783935547,0.004200897645205259,1.3700827360153198
-0.5,eval,d,12,best,c039,0.009014129638671875,-0.006569862365722656,0.004200897645205259,1.3700827360153198
-0.5,eval,d,12,best,c036,0.05221271514892578,0.03582000732421875,0.004200897645205259,1.3700827360153198
-0.5,eval,d,12,best,c009,-0.13281726837158203,0.0050029754638671875,0.004200897645205259,1.3700827360153198
-0.5,eval,d,12,best,c000,0.19355297088623047,0.03667163848876953,0.004200897645205259,1.3700827360153198
-0.5,eval,d,12,best,c013,1.064610481262207,0.08188438415527344,0.004200897645205259,1.3700827360153198
-0.5,eval,d,12,best,c049,0.5987377166748047,-0.000766754150390625,0.004200897645205259,1.3700827360153198
-0.5,eval,d,12,best,c058,0.5521469116210938,0.05104255676269531,0.004200897645205259,1.3700827360153198
-0.5,eval,d,12,best,c024,0.37142086029052734,0.041015625,0.004200897645205259,1.3700827360153198
-0.5,eval,d,12,best,c042,0.3022480010986328,0.060535430908203125,0.004200897645205259,1.3700827360153198
-0.5,eval,d,12,best,c047,0.43601512908935547,0.07977485656738281,0.004200897645205259,1.3700827360153198
-0.5,eval,d,12,best,c043,0.45244693756103516,0.06792259216308594,0.004200897645205259,1.3700827360153198
-0.5,eval,d,12,best,c003,-0.24457454681396484,0.03169822692871094,0.004200897645205259,1.3700827360153198
-0.5,eval,d,12,best,c041,0.43010997772216797,0.041678428649902344,0.004200897645205259,1.3700827360153198
-0.5,eval,d,12,best,c008,-0.1786041259765625,-0.0091400146484375,0.004200897645205259,1.3700827360153198
-0.5,eval,d,12,best,c045,0.7895832061767578,0.045517921447753906,0.004200897645205259,1.3700827360153198
-0.5,eval,d,12,best,c011,-0.02444934844970703,0.03617095947265625,0.004200897645205259,1.3700827360153198
-0.5,eval,d,12,best,c020,0.8276071548461914,0.05542945861816406,0.004200897645205259,1.3700827360153198
-0.5,eval,d,12,best,c044,0.9497947692871094,0.05776023864746094,0.004200897645205259,1.3700827360153198
-0.5,eval,d,12,best,c016,-0.06560325622558594,0.04120445251464844,0.004200897645205259,1.3700827360153198
-0.5,eval,d,12,best,c056,0.47565746307373047,0.059295654296875,0.004200897645205259,1.3700827360153198
-0.5,eval,d,12,best,c025,0.3147592544555664,0.03867816925048828,0.004200897645205259,1.3700827360153198
-0.5,eval,d,12,best,c029,-0.1602306365966797,-0.008237838745117188,0.004200897645205259,1.3700827360153198
-0.5,eval,d,12,best,c014,0.4585886001586914,0.06367969512939453,0.004200897645205259,1.3700827360153198
-0.5,eval,d,12,best,c002,-0.0903778076171875,0.047943115234375,0.004200897645205259,1.3700827360153198
-0.5,eval,d,12,best,c023,0.009905815124511719,0.020300865173339844,0.004200897645205259,1.3700827360153198
-0.5,eval,d,12,best,c046,0.2624397277832031,0.045284271240234375,0.004200897645205259,1.3700827360153198
-0.5,eval,d,12,best,c022,0.0831747055053711,0.046446800231933594,0.004200897645205259,1.3700827360153198
-0.5,eval,d,12,best,c050,0.4966163635253906,0.05186271667480469,0.004200897645205259,1.3700827360153198
-0.5,eval,d,12,best,c006,-0.21021175384521484,0.042191505432128906,0.004200897645205259,1.3700827360153198
-0.5,eval,d,12,best,c017,0.4765176773071289,0.06595230102539062,0.004200897645205259,1.3700827360153198
-0.5,eval,d,12,best,c039,0.21872997283935547,-0.03640937805175781,0.004200897645205259,1.3700827360153198
-0.5,eval,d,12,best,c036,0.5183038711547852,0.08464813232421875,0.004200897645205259,1.3700827360153198
-0.5,eval,d,12,best,c009,0.04837512969970703,-0.011084556579589844,0.004200897645205259,1.3700827360153198
-0.5,eval,d,12,best,c000,-0.25739097595214844,0.02983570098876953,0.004200897645205259,1.3700827360153198
-0.5,eval,d,12,best,c013,0.050708770751953125,0.040348052978515625,0.004200897645205259,1.3700827360153198
-0.5,eval,d,12,best,c049,-0.20991992950439453,-0.006821632385253906,0.004200897645205259,1.3700827360153198
-0.5,eval,d,12,best,c058,-0.2049551010131836,-0.0041522979736328125,0.004200897645205259,1.3700827360153198
-0.5,eval,d,12,best,c024,0.07686424255371094,0.049956321716308594,0.004200897645205259,1.3700827360153198
-0.5,eval,d,12,best,c042,0.0036020278930664062,0.020911216735839844,0.004200897645205259,1.3700827360153198
-0.5,eval,d,12,best,c047,0.32176971435546875,0.0712137222290039,0.004200897645205259,1.3700827360153198
-0.5,eval,d,12,best,c043,0.1191110610961914,0.035488128662109375,0.004200897645205259,1.3700827360153198
-0.5,eval,d,12,best,c003,-0.22847652435302734,0.035523414611816406,0.004200897645205259,1.3700827360153198
-0.5,eval,d,12,best,c041,0.3077211380004883,0.05053901672363281,0.004200897645205259,1.3700827360153198
-0.5,eval,d,12,best,c008,0.04437446594238281,-0.021265029907226562,0.004200897645205259,1.3700827360153198
-0.5,eval,d,12,best,c045,-0.07981109619140625,0.025514602661132812,0.004200897645205259,1.3700827360153198
-0.5,eval,d,12,best,c011,-0.10517024993896484,0.016872406005859375,0.004200897645205259,1.3700827360153198
-0.5,eval,d,12,best,c020,-0.11272811889648438,0.04095649719238281,0.004200897645205259,1.3700827360153198
-0.5,eval,d,12,best,c044,-0.04163646697998047,0.028357505798339844,0.004200897645205259,1.3700827360153198
-0.5,eval,d,12,best,c016,0.24301815032958984,0.061730384826660156,0.004200897645205259,1.3700827360153198
-0.5,eval,d,12,best,c056,0.2737770080566406,0.04572868347167969,0.004200897645205259,1.3700827360153198
-0.5,eval,d,12,best,c025,0.22354602813720703,0.055245399475097656,0.004200897645205259,1.3700827360153198
-0.5,eval,d,12,best,c029,0.49466609954833984,0.05109214782714844,0.004200897645205259,1.3700827360153198
-0.5,eval,d,12,best,c014,-0.11020088195800781,0.013767242431640625,0.004200897645205259,1.3700827360153198
-0.5,eval,d,12,best,c002,0.038420677185058594,0.033644676208496094,0.004200897645205259,1.3700827360153198
-0.5,eval,d,12,best,c023,0.1713094711303711,0.032947540283203125,0.004200897645205259,1.3700827360153198
-0.5,eval,d,12,best,c046,0.2571754455566406,0.040488243103027344,0.004200897645205259,1.3700827360153198
-0.5,eval,d,12,best,c022,0.14143085479736328,0.0341644287109375,0.004200897645205259,1.3700827360153198
-0.5,eval,d,12,best,c050,0.02552509307861328,0.05576896667480469,0.004200897645205259,1.3700827360153198
-0.5,deploy,d,12,best,c006,-0.3641328811645508,0.032311439514160156,0.00464594503864646,1.3294538259506226
-0.5,deploy,d,12,best,c017,-0.14502429962158203,0.028825759887695312,0.00464594503864646,1.3294538259506226
-0.5,deploy,d,12,best,c039,-0.11757755279541016,-0.02830028533935547,0.00464594503864646,1.3294538259506226
-0.5,deploy,d,12,best,c036,-0.012864112854003906,0.022896766662597656,0.00464594503864646,1.3294538259506226
-0.5,deploy,d,12,best,c009,-0.5419282913208008,-0.007864952087402344,0.00464594503864646,1.3294538259506226
-0.5,deploy,d,12,best,c000,-0.36985015869140625,0.022017478942871094,0.00464594503864646,1.3294538259506226
-0.5,deploy,d,12,best,c013,-0.05179882049560547,0.02892589569091797,0.00464594503864646,1.3294538259506226
-0.5,deploy,d,12,best,c049,-0.607177734375,-0.04559803009033203,0.00464594503864646,1.3294538259506226
-0.5,deploy,d,12,best,c058,-0.6289920806884766,-0.027558326721191406,0.00464594503864646,1.3294538259506226
-0.5,deploy,d,12,best,c024,-0.36507320404052734,0.03146648406982422,0.00464594503864646,1.3294538259506226
-0.5,deploy,d,12,best,c042,-0.5438127517700195,0.019273757934570312,0.00464594503864646,1.3294538259506226
-0.5,deploy,d,12,best,c047,0.003299713134765625,0.041481971740722656,0.00464594503864646,1.3294538259506226
-0.5,deploy,d,12,best,c043,-0.28261756896972656,0.03484344482421875,0.00464594503864646,1.3294538259506226
-0.5,deploy,d,12,best,c003,-0.7610368728637695,0.003017425537109375,0.00464594503864646,1.3294538259506226
-0.5,deploy,d,12,best,c041,-0.05009937286376953,0.043682098388671875,0.00464594503864646,1.3294538259506226
-0.5,deploy,d,12,best,c008,-0.36441898345947266,-0.021419525146484375,0.00464594503864646,1.3294538259506226
-0.5,deploy,d,12,best,c045,-0.6641502380371094,0.008882522583007812,0.00464594503864646,1.3294538259506226
-0.5,deploy,d,12,best,c011,-0.16428184509277344,0.01781177520751953,0.00464594503864646,1.3294538259506226
-0.5,deploy,d,12,best,c020,-0.2282247543334961,0.030295372009277344,0.00464594503864646,1.3294538259506226
-0.5,deploy,d,12,best,c044,-0.31573486328125,0.021776199340820312,0.00464594503864646,1.3294538259506226
-0.5,deploy,d,12,best,c016,-0.06379318237304688,0.025342941284179688,0.00464594503864646,1.3294538259506226
-0.5,deploy,d,12,best,c056,0.041817665100097656,0.02824115753173828,0.00464594503864646,1.3294538259506226
-0.5,deploy,d,12,best,c025,-0.15212059020996094,0.025829315185546875,0.00464594503864646,1.3294538259506226
-0.5,deploy,d,12,best,c029,-0.7733955383300781,-0.011407852172851562,0.00464594503864646,1.3294538259506226
-0.5,deploy,d,12,best,c014,-0.23646259307861328,0.011495590209960938,0.00464594503864646,1.3294538259506226
-0.5,deploy,d,12,best,c002,-0.23692703247070312,0.02213287353515625,0.00464594503864646,1.3294538259506226
-0.5,deploy,d,12,best,c023,-0.24363327026367188,0.026047706604003906,0.00464594503864646,1.3294538259506226
-0.5,deploy,d,12,best,c046,-0.007248878479003906,0.055130958557128906,0.00464594503864646,1.3294538259506226
-0.5,deploy,d,12,best,c022,-0.2505912780761719,0.023895263671875,0.00464594503864646,1.3294538259506226
-0.5,deploy,d,12,best,c050,0.04500579833984375,0.032807350158691406,0.00464594503864646,1.3294538259506226
-0.5,deploy,d,12,best,c006,-0.5163908004760742,0.0216064453125,0.00464594503864646,1.3294538259506226
-0.5,deploy,d,12,best,c017,-0.22921180725097656,0.025803565979003906,0.00464594503864646,1.3294538259506226
-0.5,deploy,d,12,best,c039,-0.1632366180419922,-0.01679706573486328,0.00464594503864646,1.3294538259506226
-0.5,deploy,d,12,best,c036,-0.03304100036621094,0.047547340393066406,0.00464594503864646,1.3294538259506226
-0.5,deploy,d,12,best,c009,-0.5059242248535156,-0.020944595336914062,0.00464594503864646,1.3294538259506226
-0.5,deploy,d,12,best,c000,-0.5959129333496094,0.014848709106445312,0.00464594503864646,1.3294538259506226
-0.5,deploy,d,12,best,c013,-0.06634140014648438,0.02295684814453125,0.00464594503864646,1.3294538259506226
-0.5,deploy,d,12,best,c049,-1.1050958633422852,-0.024814605712890625,0.00464594503864646,1.3294538259506226
-0.5,deploy,d,12,best,c058,-0.5973987579345703,-0.017965316772460938,0.00464594503864646,1.3294538259506226
-0.5,deploy,d,12,best,c024,-0.22988128662109375,0.021821975708007812,0.00464594503864646,1.3294538259506226
-0.5,deploy,d,12,best,c042,-0.45435523986816406,0.018980026245117188,0.00464594503864646,1.3294538259506226
-0.5,deploy,d,12,best,c047,-0.16838455200195312,0.033359527587890625,0.00464594503864646,1.3294538259506226
-0.5,deploy,d,12,best,c043,0.06152820587158203,0.04127311706542969,0.00464594503864646,1.3294538259506226
-0.5,deploy,d,12,best,c003,-0.4757986068725586,0.029786109924316406,0.00464594503864646,1.3294538259506226
-0.5,deploy,d,12,best,c041,-0.4159984588623047,0.008275032043457031,0.00464594503864646,1.3294538259506226
-0.5,deploy,d,12,best,c008,-0.6247968673706055,-0.017086029052734375,0.00464594503864646,1.3294538259506226
-0.5,deploy,d,12,best,c045,-0.1493692398071289,0.026842117309570312,0.00464594503864646,1.3294538259506226
-0.5,deploy,d,12,best,c011,-0.2060070037841797,0.010341644287109375,0.00464594503864646,1.3294538259506226
-0.5,deploy,d,12,best,c020,-0.24083900451660156,0.02324962615966797,0.00464594503864646,1.3294538259506226
-0.5,deploy,d,12,best,c044,-0.4579753875732422,-0.001667022705078125,0.00464594503864646,1.3294538259506226
-0.5,deploy,d,12,best,c016,-0.0689382553100586,0.018439292907714844,0.00464594503864646,1.3294538259506226
-0.5,deploy,d,12,best,c056,0.20537471771240234,0.030356407165527344,0.00464594503864646,1.3294538259506226
-0.5,deploy,d,12,best,c025,-0.1887502670288086,0.03558349609375,0.00464594503864646,1.3294538259506226
-0.5,deploy,d,12,best,c029,-0.42197227478027344,-0.01595306396484375,0.00464594503864646,1.3294538259506226
-0.5,deploy,d,12,best,c014,-0.36596202850341797,0.01967144012451172,0.00464594503864646,1.3294538259506226
-0.5,deploy,d,12,best,c002,-0.4886760711669922,0.020376205444335938,0.00464594503864646,1.3294538259506226
-0.5,deploy,d,12,best,c023,-0.6327400207519531,0.0028810501098632812,0.00464594503864646,1.3294538259506226
-0.5,deploy,d,12,best,c046,-0.23746871948242188,0.03394126892089844,0.00464594503864646,1.3294538259506226
-0.5,deploy,d,12,best,c022,-0.24114131927490234,0.0368804931640625,0.00464594503864646,1.3294538259506226
-0.5,deploy,d,12,best,c050,-0.06682586669921875,0.02266979217529297,0.00464594503864646,1.3294538259506226
-0.5,eval,random,12,best,c006,-0.0047149658203125,-0.0285491943359375,0.0014245944233456005,1.4552891651789348
-0.5,eval,random,12,best,c017,0.17911275227864584,-0.030016581217447907,0.0014245944233456005,1.4552891651789348
-0.5,eval,random,12,best,c039,-0.031436920166015625,-0.047020912170410156,0.0014245944233456005,1.4552891651789348
-0.5,eval,random,12,best,c036,-0.004914283752441406,-0.021306991577148438,0.0014245944233456005,1.4552891651789348
-0.5,eval,random,12,best,c009,-0.18522103627522787,-0.047400792439778655,0.0014245944233456005,1.4552891651789348
-0.5,eval,random,12,best,c000,0.13440577189127603,-0.022475560506184905,0.0014245944233456005,1.4552891651789348
-0.5,eval,random,12,best,c013,0.9596602121988932,-0.0230658849080404,0.0014245944233456005,1.4552891651789348
-0.5,eval,random,12,best,c049,0.5676155090332031,-0.03188896179199219,0.0014245944233456005,1.4552891651789348
-0.5,eval,random,12,best,c058,0.46849791208902997,-0.03260644276936847,0.0014245944233456005,1.4552891651789348
-0.5,eval,random,12,best,c024,0.30408986409505206,-0.02631537119547528,0.0014245944233456005,1.4552891651789348
-0.5,eval,random,12,best,c042,0.21495882670084634,-0.026753743489583343,0.0014245944233456005,1.4552891651789348
-0.5,eval,random,12,best,c047,0.3256384531656901,-0.030601819356282534,0.0014245944233456005,1.4552891651789348
-0.5,eval,random,12,best,c043,0.3624083201090495,-0.02211602528889972,0.0014245944233456005,1.4552891651789348
-0.5,eval,random,12,best,c003,-0.3012402852376302,-0.02496751149495441,0.0014245944233456005,1.4552891651789348
-0.5,eval,random,12,best,c041,0.3503122329711914,-0.03811931610107422,0.0014245944233456005,1.4552891651789348
-0.5,eval,random,12,best,c008,-0.21063804626464844,-0.04117393493652344,0.0014245944233456005,1.4552891651789348
-0.5,eval,random,12,best,c045,0.7239001592000326,-0.020165125528971317,0.0014245944233456005,1.4552891651789348
-0.5,eval,random,12,best,c011,-0.08571561177571614,-0.02509530385335286,0.0014245944233456005,1.4552891651789348
-0.5,eval,random,12,best,c020,0.7523902257283529,-0.019787470499674442,0.0014245944233456005,1.4552891651789348
-0.5,eval,random,12,best,c044,0.8674313227335612,-0.024603207906087277,0.0014245944233456005,1.4552891651789348
-0.5,eval,random,12,best,c016,-0.13497098286946616,-0.02816327412923178,0.0014245944233456005,1.4552891651789348
-0.5,eval,random,12,best,c056,0.39362557729085285,-0.022736231486002623,0.0014245944233456005,1.4552891651789348
-0.5,eval,random,12,best,c025,0.25345643361409503,-0.02262465159098309,0.0014245944233456005,1.4552891651789348
-0.5,eval,random,12,best,c029,-0.17730204264322916,-0.025309244791666657,0.0014245944233456005,1.4552891651789348
-0.5,eval,random,12,best,c014,0.3705892562866211,-0.02431964874267578,0.0014245944233456005,1.4552891651789348
-0.5,eval,random,12,best,c002,-0.15711180369059244,-0.01879088083902994,0.0014245944233456005,1.4552891651789348
-0.5,eval,random,12,best,c023,-0.034745216369628906,-0.02435016632080078,0.0014245944233456005,1.4552891651789348
-0.5,eval,random,12,best,c046,0.18870004018147787,-0.028455416361490876,0.0014245944233456005,1.4552891651789348
-0.5,eval,random,12,best,c022,0.015347162882486979,-0.021380742390950523,0.0014245944233456005,1.4552891651789348
-0.5,eval,random,12,best,c050,0.4239714940388997,-0.020782152811686216,0.0014245944233456005,1.4552891651789348
-0.5,eval,random,12,best,c006,-0.2733132044474284,-0.020909945170084654,0.0014245944233456005,1.4552891651789348
-0.5,eval,random,12,best,c017,0.37342262268066406,-0.03714275360107422,0.0014245944233456005,1.4552891651789348
-0.5,eval,random,12,best,c039,0.206422487894694,-0.04871686299641928,0.0014245944233456005,1.4552891651789348
-0.5,eval,random,12,best,c036,0.4033956527709961,-0.030260086059570312,0.0014245944233456005,1.4552891651789348
-0.5,eval,random,12,best,c009,0.012276331583658854,-0.04718335469563802,0.0014245944233456005,1.4552891651789348
-0.5,eval,random,12,best,c000,-0.30999406178792316,-0.02276738484700519,0.0014245944233456005,1.4552891651789348
-0.5,eval,random,12,best,c013,-0.023131688435872395,-0.03349240620930989,0.0014245944233456005,1.4552891651789348
-0.5,eval,random,12,best,c049,-0.23240216573079428,-0.029303868611653655,0.0014245944233456005,1.4552891651789348
-0.5,eval,random,12,best,c058,-0.23537826538085938,-0.034575462341308594,0.0014245944233456005,1.4552891651789348
-0.5,eval,random,12,best,c024,0.01059563954671224,-0.016312281290690102,0.0014245944233456005,1.4552891651789348
-0.5,eval,random,12,best,c042,-0.053113301595052086,-0.03580411275227865,0.0014245944233456005,1.4552891651789348
-0.5,eval,random,12,best,c047,0.222505251566569,-0.028050740559895843,0.0014245944233456005,1.4552891651789348
-0.5,eval,random,12,best,c043,0.05589453379313151,-0.027728398640950523,0.0014245944233456005,1.4552891651789348
-0.5,eval,random,12,best,c003,-0.2915557225545247,-0.02755578358968097,0.0014245944233456005,1.4552891651789348
-0.5,eval,random,12,best,c041,0.2285633087158203,-0.028618812561035156,0.0014245944233456005,1.4552891651789348
-0.5,eval,random,12,best,c008,0.03406365712483724,-0.03157583872477213,0.0014245944233456005,1.4552891651789348
-0.5,eval,random,12,best,c045,-0.13549518585205078,-0.03016948699951172,0.0014245944233456005,1.4552891651789348
-0.5,eval,random,12,best,c011,-0.16275787353515625,-0.04071521759033203,0.0014245944233456005,1.4552891651789348
-0.5,eval,random,12,best,c020,-0.1678028106689453,-0.014118194580078125,0.0014245944233456005,1.4552891651789348
-0.5,eval,random,12,best,c044,-0.10178407033284505,-0.031790097554524735,0.0014245944233456005,1.4552891651789348
-0.5,eval,random,12,best,c016,0.15765158335367838,-0.02363618214925131,0.0014245944233456005,1.4552891651789348
-0.5,eval,random,12,best,c056,0.1904932657877604,-0.03755505879720053,0.0014245944233456005,1.4552891651789348
-0.5,eval,random,12,best,c025,0.14725589752197266,-0.02104473114013672,0.0014245944233456005,1.4552891651789348
-0.5,eval,random,12,best,c029,0.40078290303548175,-0.042791048685709654,0.0014245944233456005,1.4552891651789348
-0.5,eval,random,12,best,c014,-0.1620159149169922,-0.03804779052734375,0.0014245944233456005,1.4552891651789348
-0.5,eval,random,12,best,c002,-0.022536277770996094,-0.027312278747558594,0.0014245944233456005,1.4552891651789348
-0.5,eval,random,12,best,c023,0.11232852935791016,-0.026033401489257812,0.0014245944233456005,1.4552891651789348
-0.5,eval,random,12,best,c046,0.19019412994384766,-0.026493072509765625,0.0014245944233456005,1.4552891651789348
-0.5,eval,random,12,best,c022,0.08965301513671875,-0.01761341094970703,0.0014245944233456005,1.4552891651789348
-0.5,eval,random,12,best,c050,-0.04970232645670573,-0.01945845286051432,0.0014245944233456005,1.4552891651789348
0.0,eval,d,12,best,c006,0.023834228515625,0.0,0.0,1.4399968385696411
0.0,eval,d,12,best,c017,0.20912933349609375,0.0,0.0,1.4399968385696411
0.0,eval,d,12,best,c039,0.015583992004394531,0.0,0.0,1.4399968385696411
0.0,eval,d,12,best,c036,0.01639270782470703,0.0,0.0,1.4399968385696411
0.0,eval,d,12,best,c009,-0.13782024383544922,0.0,0.0,1.4399968385696411
0.0,eval,d,12,best,c000,0.15688133239746094,0.0,0.0,1.4399968385696411
0.0,eval,d,12,best,c013,0.9827260971069336,0.0,0.0,1.4399968385696411
0.0,eval,d,12,best,c049,0.5995044708251953,0.0,0.0,1.4399968385696411
0.0,eval,d,12,best,c058,0.5011043548583984,0.0,0.0,1.4399968385696411
0.0,eval,d,12,best,c024,0.33040523529052734,0.0,0.0,1.4399968385696411
0.0,eval,d,12,best,c042,0.2417125701904297,0.0,0.0,1.4399968385696411
0.0,eval,d,12,best,c047,0.35624027252197266,0.0,0.0,1.4399968385696411
0.0,eval,d,12,best,c043,0.3845243453979492,0.0,0.0,1.4399968385696411
0.0,eval,d,12,best,c003,-0.2762727737426758,0.0,0.0,1.4399968385696411
0.0,eval,d,12,best,c041,0.3884315490722656,0.0,0.0,1.4399968385696411
0.0,eval,d,12,best,c008,-0.169464111328125,0.0,0.0,1.4399968385696411
0.0,eval,d,12,best,c045,0.7440652847290039,0.0,0.0,1.4399968385696411
0.0,eval,d,12,best,c011,-0.06062030792236328,0.0,0.0,1.4399968385696411
0.0,eval,d,12,best,c020,0.7721776962280273,0.0,0.0,1.4399968385696411
0.0,eval,d,12,best,c044,0.8920345306396484,0.0,0.0,1.4399968385696411
0.0,eval,d,12,best,c016,-0.10680770874023438,0.0,0.0,1.4399968385696411
0.0,eval,d,12,best,c056,0.41636180877685547,0.0,0.0,1.4399968385696411
0.0,eval,d,12,best,c025,0.2760810852050781,0.0,0.0,1.4399968385696411
0.0,eval,d,12,best,c029,-0.1519927978515625,0.0,0.0,1.4399968385696411
0.0,eval,d,12,best,c014,0.3949089050292969,0.0,0.0,1.4399968385696411
0.0,eval,d,12,best,c002,-0.1383209228515625,0.0,0.0,1.4399968385696411
0.0,eval,d,12,best,c023,-0.010395050048828125,0.0,0.0,1.4399968385696411
0.0,eval,d,12,best,c046,0.21715545654296875,0.0,0.0,1.4399968385696411
0.0,eval,d,12,best,c022,0.0367279052734375,0.0,0.0,1.4399968385696411
0.0,eval,d,12,best,c050,0.44475364685058594,0.0,0.0,1.4399968385696411
0.0,eval,d,12,best,c006,-0.25240325927734375,0.0,0.0,1.4399968385696411
0.0,eval,d,12,best,c017,0.4105653762817383,0.0,0.0,1.4399968385696411
0.0,eval,d,12,best,c039,0.2551393508911133,0.0,0.0,1.4399968385696411
0.0,eval,d,12,best,c036,0.4336557388305664,0.0,0.0,1.4399968385696411
0.0,eval,d,12,best,c009,0.059459686279296875,0.0,0.0,1.4399968385696411
0.0,eval,d,12,best,c000,-0.28722667694091797,0.0,0.0,1.4399968385696411
0.0,eval,d,12,best,c013,0.0103607177734375,0.0,0.0,1.4399968385696411
0.0,eval,d,12,best,c049,-0.20309829711914062,0.0,0.0,1.4399968385696411
0.0,eval,d,12,best,c058,-0.20080280303955078,0.0,0.0,1.4399968385696411
0.0,eval,d,12,best,c024,0.026907920837402344,0.0,0.0,1.4399968385696411
0.0,eval,d,12,best,c042,-0.017309188842773438,0.0,0.0,1.4399968385696411
0.0,eval,d,12,best,c047,0.25055599212646484,0.0,0.0,1.4399968385696411
0.0,eval,d,12,best,c043,0.08362293243408203,0.0,0.0,1.4399968385696411
0.0,eval,d,12,best,c003,-0.26399993896484375,0.0,0.0,1.4399968385696411
0.0,eval,d,12,best,c041,0.25718212127685547,0.0,0.0,1.4399968385696411
0.0,eval,d,12,best,c008,0.06563949584960938,0.0,0.0,1.4399968385696411
0.0,eval,d,12,best,c045,-0.10532569885253906,0.0,0.0,1.4399968385696411
0.0,eval,d,12,best,c011,-0.12204265594482422,0.0,0.0,1.4399968385696411
0.0,eval,d,12,best,c020,-0.1536846160888672,0.0,0.0,1.4399968385696411
0.0,eval,d,12,best,c044,-0.06999397277832031,0.0,0.0,1.4399968385696411
0.0,eval,d,12,best,c016,0.1812877655029297,0.0,0.0,1.4399968385696411
0.0,eval,d,12,best,c056,0.22804832458496094,0.0,0.0,1.4399968385696411
0.0,eval,d,12,best,c025,0.16830062866210938,0.0,0.0,1.4399968385696411
0.0,eval,d,12,best,c029,0.4435739517211914,0.0,0.0,1.4399968385696411
0.0,eval,d,12,best,c014,-0.12396812438964844,0.0,0.0,1.4399968385696411
0.0,eval,d,12,best,c002,0.0047760009765625,0.0,0.0,1.4399968385696411
0.0,eval,d,12,best,c023,0.13836193084716797,0.0,0.0,1.4399968385696411
0.0,eval,d,12,best,c046,0.21668720245361328,0.0,0.0,1.4399968385696411
0.0,eval,d,12,best,c022,0.10726642608642578,0.0,0.0,1.4399968385696411
0.0,eval,d,12,best,c050,-0.030243873596191406,0.0,0.0,1.4399968385696411
0.0,deploy,d,12,best,c006,-0.39644432067871094,0.0,0.0,1.4150861501693726
0.0,deploy,d,12,best,c017,-0.17385005950927734,0.0,0.0,1.4150861501693726
0.0,deploy,d,12,best,c039,-0.08927726745605469,0.0,0.0,1.4150861501693726
0.0,deploy,d,12,best,c036,-0.03576087951660156,0.0,0.0,1.4150861501693726
0.0,deploy,d,12,best,c009,-0.5340633392333984,0.0,0.0,1.4150861501693726
0.0,deploy,d,12,best,c000,-0.39186763763427734,0.0,0.0,1.4150861501693726
0.0,deploy,d,12,best,c013,-0.08072471618652344,0.0,0.0,1.4150861501693726
0.0,deploy,d,12,best,c049,-0.561579704284668,0.0,0.0,1.4150861501693726
0.0,deploy,d,12,best,c058,-0.6014337539672852,0.0,0.0,1.4150861501693726
0.0,deploy,d,12,best,c024,-0.39653968811035156,0.0,0.0,1.4150861501693726
0.0,deploy,d,12,best,c042,-0.5630865097045898,0.0,0.0,1.4150861501693726
0.0,deploy,d,12,best,c047,-0.03818225860595703,0.0,0.0,1.4150861501693726
0.0,deploy,d,12,best,c043,-0.3174610137939453,0.0,0.0,1.4150861501693726
0.0,deploy,d,12,best,c003,-0.7640542984008789,0.0,0.0,1.4150861501693726
0.0,deploy,d,12,best,c041,-0.0937814712524414,0.0,0.0,1.4150861501693726
0.0,deploy,d,12,best,c008,-0.3429994583129883,0.0,0.0,1.4150861501693726
0.0,deploy,d,12,best,c045,-0.6730327606201172,0.0,0.0,1.4150861501693726
0.0,deploy,d,12,best,c011,-0.18209362030029297,0.0,0.0,1.4150861501693726
0.0,deploy,d,12,best,c020,-0.25852012634277344,0.0,0.0,1.4150861501693726
0.0,deploy,d,12,best,c044,-0.3375110626220703,0.0,0.0,1.4150861501693726
0.0,deploy,d,12,best,c016,-0.08913612365722656,0.0,0.0,1.4150861501693726
0.0,deploy,d,12,best,c056,0.013576507568359375,0.0,0.0,1.4150861501693726
0.0,deploy,d,12,best,c025,-0.1779499053955078,0.0,0.0,1.4150861501693726
0.0,deploy,d,12,best,c029,-0.7619876861572266,0.0,0.0,1.4150861501693726
0.0,deploy,d,12,best,c014,-0.24795818328857422,0.0,0.0,1.4150861501693726
0.0,deploy,d,12,best,c002,-0.2590599060058594,0.0,0.0,1.4150861501693726
0.0,deploy,d,12,best,c023,-0.2696809768676758,0.0,0.0,1.4150861501693726
0.0,deploy,d,12,best,c046,-0.06237983703613281,0.0,0.0,1.4150861501693726
0.0,deploy,d,12,best,c022,-0.2744865417480469,0.0,0.0,1.4150861501693726
0.0,deploy,d,12,best,c050,0.012198448181152344,0.0,0.0,1.4150861501693726
0.0,deploy,d,12,best,c006,-0.5379972457885742,0.0,0.0,1.4150861501693726
0.0,deploy,d,12,best,c017,-0.25501537322998047,0.0,0.0,1.4150861501693726
0.0,deploy,d,12,best,c039,-0.1464395523071289,0.0,0.0,1.4150861501693726
0.0,deploy,d,12,best,c036,-0.08058834075927734,0.0,0.0,1.4150861501693726
0.0,deploy,d,12,best,c009,-0.48497962951660156,0.0,0.0,1.4150861501693726
0.0,deploy,d,12,best,c000,-0.6107616424560547,0.0,0.0,1.4150861501693726
0.0,deploy,d,12,best,c013,-0.08929824829101562,0.0,0.0,1.4150861501693726
0.0,deploy,d,12,best,c049,-1.0802812576293945,0.0,0.0,1.4150861501693726
0.0,deploy,d,12,best,c058,-0.5794334411621094,0.0,0.0,1.4150861501693726
0.0,deploy,d,12,best,c024,-0.25170326232910156,0.0,0.0,1.4150861501693726
0.0,deploy,d,12,best,c042,-0.47333526611328125,0.0,0.0,1.4150861501693726
0.0,deploy,d,12,best,c047,-0.20174407958984375,0.0,0.0,1.4150861501693726
0.0,deploy,d,12,best,c043,0.020255088806152344,0.0,0.0,1.4150861501693726
0.0,deploy,d,12,best,c003,-0.505584716796875,0.0,0.0,1.4150861501693726
0.0,deploy,d,12,best,c041,-0.4242734909057617,0.0,0.0,1.4150861501693726
0.0,deploy,d,12,best,c008,-0.6077108383178711,0.0,0.0,1.4150861501693726
0.0,deploy,d,12,best,c045,-0.17621135711669922,0.0,0.0,1.4150861501693726
0.0,deploy,d,12,best,c011,-0.21634864807128906,0.0,0.0,1.4150861501693726
0.0,deploy,d,12,best,c020,-0.26408863067626953,0.0,0.0,1.4150861501693726
0.0,deploy,d,12,best,c044,-0.45630836486816406,0.0,0.0,1.4150861501693726
0.0,deploy,d,12,best,c016,-0.08737754821777344,0.0,0.0,1.4150861501693726
0.0,deploy,d,12,best,c056,0.175018310546875,0.0,0.0,1.4150861501693726
0.0,deploy,d,12,best,c025,-0.2243337631225586,0.0,0.0,1.4150861501693726
0.0,deploy,d,12,best,c029,-0.4060192108154297,0.0,0.0,1.4150861501693726
0.0,deploy,d,12,best,c014,-0.3856334686279297,0.0,0.0,1.4150861501693726
0.0,deploy,d,12,best,c002,-0.5090522766113281,0.0,0.0,1.4150861501693726
0.0,deploy,d,12,best,c023,-0.6356210708618164,0.0,0.0,1.4150861501693726
0.0,deploy,d,12,best,c046,-0.2714099884033203,0.0,0.0,1.4150861501693726
0.0,deploy,d,12,best,c022,-0.27802181243896484,0.0,0.0,1.4150861501693726
0.0,deploy,d,12,best,c050,-0.08949565887451172,0.0,0.0,1.4150861501693726
0.5,eval,d,12,best,c006,-0.004639625549316406,-0.028473854064941406,0.004092085175216198,1.5001513957977295
0.5,eval,d,12,best,c017,0.16205596923828125,-0.0470733642578125,0.004092085175216198,1.5001513957977295
0.5,eval,d,12,best,c039,0.024466514587402344,0.008882522583007812,0.004092085175216198,1.5001513957977295
0.5,eval,d,12,best,c036,-0.015439033508300781,-0.03183174133300781,0.004092085175216198,1.5001513957977295
0.5,eval,d,12,best,c009,-0.1396942138671875,-0.0018739700317382812,0.004092085175216198,1.5001513957977295
0.5,eval,d,12,best,c000,0.12822914123535156,-0.028652191162109375,0.004092085175216198,1.5001513957977295
0.5,eval,d,12,best,c013,0.9022035598754883,-0.08052253723144531,0.004092085175216198,1.5001513957977295
0.5,eval,d,12,best,c049,0.6000404357910156,0.0005359649658203125,0.004092085175216198,1.5001513957977295
0.5,eval,d,12,best,c058,0.45277976989746094,-0.0483245849609375,0.004092085175216198,1.5001513957977295
0.5,eval,d,12,best,c024,0.29227256774902344,-0.038132667541503906,0.004092085175216198,1.5001513957977295
0.5,eval,d,12,best,c042,0.1845102310180664,-0.05720233917236328,0.004092085175216198,1.5001513957977295
0.5,eval,d,12,best,c047,0.28525352478027344,-0.07098674774169922,0.004092085175216198,1.5001513957977295
0.5,eval,d,12,best,c043,0.31530284881591797,-0.06922149658203125,0.004092085175216198,1.5001513957977295
0.5,eval,d,12,best,c003,-0.3025178909301758,-0.0262451171875,0.004092085175216198,1.5001513957977295
0.5,eval,d,12,best,c041,0.3507251739501953,-0.03770637512207031,0.004092085175216198,1.5001513957977295
0.5,eval,d,12,best,c008,-0.15597057342529297,0.013493537902832031,0.004092085175216198,1.5001513957977295
0.5,eval,d,12,best,c045,0.6985073089599609,-0.04555797576904297,0.004092085175216198,1.5001513957977295
0.5,eval,d,12,best,c011,-0.08794021606445312,-0.027319908142089844,0.004092085175216198,1.5001513957977295
0.5,eval,d,12,best,c020,0.7199974060058594,-0.05218029022216797,0.004092085175216198,1.5001513957977295
0.5,eval,d,12,best,c044,0.8352251052856445,-0.056809425354003906,0.004092085175216198,1.5001513957977295
0.5,eval,d,12,best,c016,-0.1398477554321289,-0.03304004669189453,0.004092085175216198,1.5001513957977295
0.5,eval,d,12,best,c056,0.3615837097167969,-0.054778099060058594,0.004092085175216198,1.5001513957977295
0.5,eval,d,12,best,c025,0.24210643768310547,-0.033974647521972656,0.004092085175216198,1.5001513957977295
0.5,eval,d,12,best,c029,-0.1393871307373047,0.012605667114257812,0.004092085175216198,1.5001513957977295
0.5,eval,d,12,best,c014,0.3291339874267578,-0.06577491760253906,0.004092085175216198,1.5001513957977295
0.5,eval,d,12,best,c002,-0.1785449981689453,-0.04022407531738281,0.004092085175216198,1.5001513957977295
0.5,eval,d,12,best,c023,-0.026805877685546875,-0.01641082763671875,0.004092085175216198,1.5001513957977295
0.5,eval,d,12,best,c046,0.17664623260498047,-0.04050922393798828,0.004092085175216198,1.5001513957977295
0.5,eval,d,12,best,c022,-0.002410888671875,-0.0391387939453125,0.004092085175216198,1.5001513957977295
0.5,eval,d,12,best,c050,0.3987150192260742,-0.04603862762451172,0.004092085175216198,1.5001513957977295
0.5,eval,d,12,best,c006,-0.2854194641113281,-0.033016204833984375,0.004092085175216198,1.5001513957977295
0.5,eval,d,12,best,c017,0.3531351089477539,-0.057430267333984375,0.004092085175216198,1.5001513957977295
0.5,eval,d,12,best,c039,0.28887939453125,0.03374004364013672,0.004092085175216198,1.5001513957977295
0.5,eval,d,12,best,c036,0.3499031066894531,-0.08375263214111328,0.004092085175216198,1.5001513957977295
0.5,eval,d,12,best,c009,0.07000446319580078,0.010544776916503906,0.004092085175216198,1.5001513957977295
0.5,eval,d,12,best,c000,-0.30743885040283203,-0.020212173461914062,0.004092085175216198,1.5001513957977295
0.5,eval,d,12,best,c013,-0.022599220275878906,-0.032959938049316406,0.004092085175216198,1.5001513957977295
0.5,eval,d,12,best,c049,-0.19151973724365234,0.011578559875488281,0.004092085175216198,1.5001513957977295
0.5,eval,d,12,best,c058,-0.1920175552368164,0.008785247802734375,0.004092085175216198,1.5001513957977295
0.5,eval,d,12,best,c024,-0.01795196533203125,-0.044859886169433594,0.004092085175216198,1.5001513957977295
0.5,eval,d,12,best,c042,-0.034366607666015625,-0.017057418823242188,0.004092085175216198,1.5001513957977295
0.5,eval,d,12,best,c047,0.18332958221435547,-0.06722640991210938,0.004092085175216198,1.5001513957977295
0.5,eval,d,12,best,c043,0.050293922424316406,-0.033329010009765625,0.004092085175216198,1.5001513957977295
0.5,eval,d,12,best,c003,-0.2962684631347656,-0.032268524169921875,0.004092085175216198,1.5001513957977295
0.5,eval,d,12,best,c041,0.20757770538330078,-0.04960441589355469,0.004092085175216198,1.5001513957977295
0.5,eval,d,12,best,c008,0.08878326416015625,0.023143768310546875,0.004092085175216198,1.5001513957977295
0.5,eval,d,12,best,c045,-0.123809814453125,-0.018484115600585938,0.004092085175216198,1.5001513957977295
0.5,eval,d,12,best,c011,-0.13425731658935547,-0.01221466064453125,0.004092085175216198,1.5001513957977295
0.5,eval,d,12,best,c020,-0.18511676788330078,-0.031432151794433594,0.004092085175216198,1.5001513957977295
0.5,eval,d,12,best,c044,-0.09395408630371094,-0.023960113525390625,0.004092085175216198,1.5001513957977295
0.5,eval,d,12,best,c016,0.12359046936035156,-0.057697296142578125,0.004092085175216198,1.5001513957977295
0.5,eval,d,12,best,c056,0.1842060089111328,-0.043842315673828125,0.004092085175216198,1.5001513957977295
0.5,eval,d,12,best,c025,0.1197052001953125,-0.048595428466796875,0.004092085175216198,1.5001513957977295
0.5,eval,d,12,best,c029,0.39921092987060547,-0.04436302185058594,0.004092085175216198,1.5001513957977295
0.5,eval,d,12,best,c014,-0.13243484497070312,-0.008466720581054688,0.004092085175216198,1.5001513957977295
0.5,eval,d,12,best,c002,-0.025206565856933594,-0.029982566833496094,0.004092085175216198,1.5001513957977295
0.5,eval,d,12,best,c023,0.11071395874023438,-0.027647972106933594,0.004092085175216198,1.5001513957977295
0.5,eval,d,12,best,c046,0.1739215850830078,-0.04276561737060547,0.004092085175216198,1.5001513957977295
0.5,eval,d,12,best,c022,0.07577133178710938,-0.031495094299316406,0.004092085175216198,1.5001513957977295
0.5,eval,d,12,best,c050,-0.07730960845947266,-0.04706573486328125,0.004092085175216198,1.5001513957977295
0.5,deploy,d,12,best,c006,-0.4215059280395508,-0.025061607360839844,0.0046179285272955894,1.4916757345199585
0.5,deploy,d,12,best,c017,-0.19594955444335938,-0.02209949493408203,0.0046179285272955894,1.4916757345199585
0.5,deploy,d,12,best,c039,-0.059864044189453125,0.029413223266601562,0.0046179285272955894,1.4916757345199585
0.5,deploy,d,12,best,c036,-0.05782890319824219,-0.022068023681640625,0.0046179285272955894,1.4916757345199585
0.5,deploy,d,12,best,c009,-0.5182886123657227,0.01577472686767578,0.0046179285272955894,1.4916757345199585
0.5,deploy,d,12,best,c000,-0.40523338317871094,-0.013365745544433594,0.0046179285272955894,1.4916757345199585
0.5,deploy,d,12,best,c013,-0.10244274139404297,-0.02171802520751953,0.0046179285272955894,1.4916757345199585
0.5,deploy,d,12,best,c049,-0.5102090835571289,0.05137062072753906,0.0046179285272955894,1.4916757345199585
0.5,deploy,d,12,best,c058,-0.5661983489990234,0.03523540496826172,0.0046179285272955894,1.4916757345199585
0.5,deploy,d,12,best,c024,-0.42105579376220703,-0.02451610565185547,0.0046179285272955894,1.4916757345199585
0.5,deploy,d,12,best,c042,-0.5717802047729492,-0.008693695068359375,0.0046179285272955894,1.4916757345199585
0.5,deploy,d,12,best,c047,-0.07643985748291016,-0.038257598876953125,0.0046179285272955894,1.4916757345199585
0.5,deploy,d,12,best,c043,-0.34877872467041016,-0.031317710876464844,0.0046179285272955894,1.4916757345199585
0.5,deploy,d,12,best,c003,-0.7607383728027344,0.0033159255981445312,0.0046179285272955894,1.4916757345199585
0.5,deploy,d,12,best,c041,-0.1315011978149414,-0.0377197265625,0.0046179285272955894,1.4916757345199585
0.5,deploy,d,12,best,c008,-0.31873226165771484,0.024267196655273438,0.0046179285272955894,1.4916757345199585
0.5,deploy,d,12,best,c045,-0.6728734970092773,0.00015926361083984375,0.0046179285272955894,1.4916757345199585
0.5,deploy,d,12,best,c011,-0.19181442260742188,-0.009720802307128906,0.0046179285272955894,1.4916757345199585
0.5,deploy,d,12,best,c020,-0.28131580352783203,-0.022795677185058594,0.0046179285272955894,1.4916757345199585
0.5,deploy,d,12,best,c044,-0.35355377197265625,-0.016042709350585938,0.0046179285272955894,1.4916757345199585
0.5,deploy,d,12,best,c016,-0.11243247985839844,-0.023296356201171875,0.0046179285272955894,1.4916757345199585
0.5,deploy,d,12,best,c056,-0.011880874633789062,-0.025457382202148438,0.0046179285272955894,1.4916757345199585
0.5,deploy,d,12,best,c025,-0.19939231872558594,-0.021442413330078125,0.0046179285272955894,1.4916757345199585
0.5,deploy,d,12,best,c029,-0.7410202026367188,0.020967483520507812,0.0046179285272955894,1.4916757345199585
0.5,deploy,d,12,best,c014,-0.2532539367675781,-0.005295753479003906,0.0046179285272955894,1.4916757345199585
0.5,deploy,d,12,best,c002,-0.27988529205322266,-0.02082538604736328,0.0046179285272955894,1.4916757345199585
0.5,deploy,d,12,best,c023,-0.2906990051269531,-0.021018028259277344,0.0046179285272955894,1.4916757345199585
0.5,deploy,d,12,best,c046,-0.11283016204833984,-0.05045032501220703,0.0046179285272955894,1.4916757345199585
0.5,deploy,d,12,best,c022,-0.2908649444580078,-0.016378402709960938,0.0046179285272955894,1.4916757345199585
0.5,deploy,d,12,best,c050,-0.014984130859375,-0.027182579040527344,0.0046179285272955894,1.4916757345199585
0.5,deploy,d,12,best,c006,-0.5525407791137695,-0.014543533325195312,0.0046179285272955894,1.4916757345199585
0.5,deploy,d,12,best,c017,-0.27202510833740234,-0.017009735107421875,0.0046179285272955894,1.4916757345199585
0.5,deploy,d,12,best,c039,-0.1260395050048828,0.020400047302246094,0.0046179285272955894,1.4916757345199585
0.5,deploy,d,12,best,c036,-0.12656497955322266,-0.04597663879394531,0.0046179285272955894,1.4916757345199585
0.5,deploy,d,12,best,c009,-0.4606151580810547,0.024364471435546875,0.0046179285272955894,1.4916757345199585
0.5,deploy,d,12,best,c000,-0.6163120269775391,-0.005550384521484375,0.0046179285272955894,1.4916757345199585
0.5,deploy,d,12,best,c013,-0.10474300384521484,-0.015444755554199219,0.0046179285272955894,1.4916757345199585
0.5,deploy,d,12,best,c049,-1.0414276123046875,0.03885364532470703,0.0046179285272955894,1.4916757345199585
0.5,deploy,d,12,best,c058,-0.5503931045532227,0.02904033660888672,0.0046179285272955894,1.4916757345199585
0.5,deploy,d,12,best,c024,-0.26859569549560547,-0.016892433166503906,0.0046179285272955894,1.4916757345199585
0.5,deploy,d,12,best,c042,-0.4827594757080078,-0.009424209594726562,0.0046179285272955894,1.4916757345199585
0.5,deploy,d,12,best,c047,-0.22995471954345703,-0.02821063995361328,0.0046179285272955894,1.4916757345199585
0.5,deploy,d,12,best,c043,-0.019117355346679688,-0.03937244415283203,0.0046179285272955894,1.4916757345199585
0.5,deploy,d,12,best,c003,-0.5289716720581055,-0.02338695526123047,0.0046179285272955894,1.4916757345199585
0.5,deploy,d,12,best,c041,-0.42331600189208984,0.000957489013671875,0.0046179285272955894,1.4916757345199585
0.5,deploy,d,12,best,c008,-0.5822820663452148,0.02542877197265625,0.0046179285272955894,1.4916757345199585
0.5,deploy,d,12,best,c045,-0.19724464416503906,-0.021033287048339844,0.0046179285272955894,1.4916757345199585
0.5,deploy,d,12,best,c011,-0.2190227508544922,-0.002674102783203125,0.0046179285272955894,1.4916757345199585
0.5,deploy,d,12,best,c020,-0.2834644317626953,-0.01937580108642578,0.0046179285272955894,1.4916757345199585
0.5,deploy,d,12,best,c044,-0.4479646682739258,0.008343696594238281,0.0046179285272955894,1.4916757345199585
0.5,deploy,d,12,best,c016,-0.10054206848144531,-0.013164520263671875,0.0046179285272955894,1.4916757345199585
0.5,deploy,d,12,best,c056,0.1467151641845703,-0.028303146362304688,0.0046179285272955894,1.4916757345199585
0.5,deploy,d,12,best,c025,-0.2534961700439453,-0.02916240692138672,0.0046179285272955894,1.4916757345199585
0.5,deploy,d,12,best,c029,-0.385589599609375,0.020429611206054688,0.0046179285272955894,1.4916757345199585
0.5,deploy,d,12,best,c014,-0.4002819061279297,-0.0146484375,0.0046179285272955894,1.4916757345199585
0.5,deploy,d,12,best,c002,-0.5212078094482422,-0.012155532836914062,0.0046179285272955894,1.4916757345199585
0.5,deploy,d,12,best,c023,-0.631840705871582,0.003780364990234375,0.0046179285272955894,1.4916757345199585
0.5,deploy,d,12,best,c046,-0.2982206344604492,-0.026810646057128906,0.0046179285272955894,1.4916757345199585
0.5,deploy,d,12,best,c022,-0.3077201843261719,-0.02969837188720703,0.0046179285272955894,1.4916757345199585
0.5,deploy,d,12,best,c050,-0.10501670837402344,-0.015521049499511719,0.0046179285272955894,1.4916757345199585
0.5,eval,random,12,best,c006,0.04877471923828125,0.02494049072265625,0.0015966033970471472,1.4217222929000854
0.5,eval,random,12,best,c017,0.23240280151367188,0.023273468017578125,0.0015966033970471472,1.4217222929000854
0.5,eval,random,12,best,c039,0.05749638875325521,0.04191239674886068,0.0015966033970471472,1.4217222929000854
0.5,eval,random,12,best,c036,0.03195762634277344,0.015564918518066406,0.0015966033970471472,1.4217222929000854
0.5,eval,random,12,best,c009,-0.09223365783691406,0.045586585998535156,0.0015966033970471472,1.4217222929000854
0.5,eval,random,12,best,c000,0.17466290791829428,0.017781575520833343,0.0015966033970471472,1.4217222929000854
0.5,eval,random,12,best,c013,0.9960110982259115,0.013285001118977902,0.0015966033970471472,1.4217222929000854
0.5,eval,random,12,best,c049,0.6234327952067057,0.02392832438151038,0.0015966033970471472,1.4217222929000854
0.5,eval,random,12,best,c058,0.5273733139038086,0.026268959045410156,0.0015966033970471472,1.4217222929000854
0.5,eval,random,12,best,c024,0.3515510559082031,0.02114582061767578,0.0015966033970471472,1.4217222929000854
0.5,eval,random,12,best,c042,0.26024818420410156,0.018535614013671875,0.0015966033970471472,1.4217222929000854
0.5,eval,random,12,best,c047,0.3800363540649414,0.02379608154296875,0.0015966033970471472,1.4217222929000854
0.5,eval,random,12,best,c043,0.39814186096191406,0.013617515563964844,0.0015966033970471472,1.4217222929000854
0.5,eval,random,12,best,c003,-0.25353113810221356,0.02274163564046222,0.0015966033970471472,1.4217222929000854
0.5,eval,random,12,best,c041,0.4182761510213216,0.02984460194905597,0.0015966033970471472,1.4217222929000854
0.5,eval,random,12,best,c008,-0.12892023722330728,0.04054387410481772,0.0015966033970471472,1.4217222929000854
0.5,eval,random,12,best,c045,0.7523654301961263,0.008300145467122433,0.0015966033970471472,1.4217222929000854
0.5,eval,random,12,best,c011,-0.03911463419596354,0.021505673726399742,0.0015966033970471472,1.4217222929000854
0.5,eval,random,12,best,c020,0.7820863723754883,0.009908676147460938,0.0015966033970471472,1.4217222929000854
0.5,eval,random,12,best,c044,0.9048903783162435,0.012855847676595089,0.0015966033970471472,1.4217222929000854
0.5,eval,random,12,best,c016,-0.08176040649414062,0.02504730224609375,0.0015966033970471472,1.4217222929000854
0.5,eval,random,12,best,c056,0.4328762690226237,0.016514460245768248,0.0015966033970471472,1.4217222929000854
0.5,eval,random,12,best,c025,0.293948491414388,0.017867406209309877,0.0015966033970471472,1.4217222929000854
0.5,eval,random,12,best,c029,-0.12741978963216147,0.024573008219401032,0.0015966033970471472,1.4217222929000854
0.5,eval,random,12,best,c014,0.4080533981323242,0.013144493103027344,0.0015966033970471472,1.4217222929000854
0.5,eval,random,12,best,c002,-0.12304910024007161,0.01527182261149089,0.0015966033970471472,1.4217222929000854
0.5,eval,random,12,best,c023,0.009580612182617188,0.019975662231445312,0.0015966033970471472,1.4217222929000854
0.5,eval,random,12,best,c046,0.2413142522176107,0.024158795674641936,0.0015966033970471472,1.4217222929000854
0.5,eval,random,12,best,c022,0.05598322550455729,0.01925532023111979,0.0015966033970471472,1.4217222929000854
0.5,eval,random,12,best,c050,0.46085389455159503,0.016100247701009096,0.0015966033970471472,1.4217222929000854
0.5,eval,random,12,best,c006,-0.23401800791422525,0.0183852513631185,0.0015966033970471472,1.4217222929000854
0.5,eval,random,12,best,c017,0.4407539367675781,0.030188560485839844,0.0015966033970471472,1.4217222929000854
0.5,eval,random,12,best,c039,0.29801209767659503,0.04287274678548175,0.0015966033970471472,1.4217222929000854
0.5,eval,random,12,best,c036,0.4527921676635742,0.019136428833007812,0.0015966033970471472,1.4217222929000854
0.5,eval,random,12,best,c009,0.10311285654703777,0.04365317026774089,0.0015966033970471472,1.4217222929000854
0.5,eval,random,12,best,c000,-0.2646830876668294,0.02254358927408856,0.0015966033970471472,1.4217222929000854
0.5,eval,random,12,best,c013,0.03765551249186198,0.027294794718424477,0.0015966033970471472,1.4217222929000854
0.5,eval,random,12,best,c049,-0.17437108357747397,0.028727213541666657,0.0015966033970471472,1.4217222929000854
0.5,eval,random,12,best,c058,-0.1666431427001953,0.03415966033935547,0.0015966033970471472,1.4217222929000854
0.5,eval,random,12,best,c024,0.03874492645263672,0.011837005615234375,0.0015966033970471472,1.4217222929000854
0.5,eval,random,12,best,c042,0.014861424763997396,0.032170613606770836,0.0015966033970471472,1.4217222929000854
0.5,eval,random,12,best,c047,0.27121543884277344,0.020659446716308594,0.0015966033970471472,1.4217222929000854
0.5,eval,random,12,best,c043,0.10599358876546223,0.022370656331380204,0.0015966033970471472,1.4217222929000854
0.5,eval,random,12,best,c003,-0.23912334442138672,0.02487659454345703,0.0015966033970471472,1.4217222929000854
0.5,eval,random,12,best,c041,0.27744801839192706,0.020265897115071596,0.0015966033970471472,1.4217222929000854
0.5,eval,random,12,best,c008,0.09431648254394531,0.028676986694335938,0.0015966033970471472,1.4217222929000854
0.5,eval,random,12,best,c045,-0.07848612467447917,0.02683957417805989,0.0015966033970471472,1.4217222929000854
0.5,eval,random,12,best,c011,-0.08646265665690105,0.03557999928792317,0.0015966033970471472,1.4217222929000854
0.5,eval,random,12,best,c020,-0.14302539825439453,0.010659217834472656,0.0015966033970471472,1.4217222929000854
0.5,eval,random,12,best,c044,-0.04123274485270182,0.028761227925618492,0.0015966033970471472,1.4217222929000854
0.5,eval,random,12,best,c016,0.1988671620686849,0.017579396565755218,0.0015966033970471472,1.4217222929000854
0.5,eval,random,12,best,c056,0.2582143147786458,0.030165990193684877,0.0015966033970471472,1.4217222929000854
0.5,eval,random,12,best,c025,0.1841580073038737,0.015857378641764314,0.0015966033970471472,1.4217222929000854
0.5,eval,random,12,best,c029,0.48173364003499347,0.038159688313802065,0.0015966033970471472,1.4217222929000854
0.5,eval,random,12,best,c014,-0.08976332346598308,0.03420480092366536,0.0015966033970471472,1.4217222929000854
0.5,eval,random,12,best,c002,0.02749156951904297,0.02271556854248047,0.0015966033970471472,1.4217222929000854
0.5,eval,random,12,best,c023,0.159637451171875,0.02127552032470703,0.0015966033970471472,1.4217222929000854
0.5,eval,random,12,best,c046,0.23577404022216797,0.019086837768554688,0.0015966033970471472,1.4217222929000854
0.5,eval,random,12,best,c022,0.12014261881510417,0.01287619272867839,0.0015966033970471472,1.4217222929000854
0.5,eval,random,12,best,c050,-0.014437675476074219,0.015806198120117188,0.0015966033970471472,1.4217222929000854
1.0,eval,d,12,best,c006,-0.022420883178710938,-0.04625511169433594,0.015794925391674042,1.5486725568771362
1.0,eval,d,12,best,c017,0.12232685089111328,-0.08680248260498047,0.015794925391674042,1.5486725568771362
1.0,eval,d,12,best,c039,0.03708171844482422,0.021497726440429688,0.015794925391674042,1.5486725568771362
1.0,eval,d,12,best,c036,-0.03990459442138672,-0.05629730224609375,0.015794925391674042,1.5486725568771362
1.0,eval,d,12,best,c009,-0.13787460327148438,-5.435943603515625e-05,0.015794925391674042,1.5486725568771362
1.0,eval,d,12,best,c000,0.10949230194091797,-0.04738903045654297,0.015794925391674042,1.5486725568771362
1.0,eval,d,12,best,c013,0.8274965286254883,-0.1552295684814453,0.015794925391674042,1.5486725568771362
1.0,eval,d,12,best,c049,0.6010417938232422,0.001537322998046875,0.015794925391674042,1.5486725568771362
1.0,eval,d,12,best,c058,0.41033267974853516,-0.09077167510986328,0.015794925391674042,1.5486725568771362
1.0,eval,d,12,best,c024,0.25923824310302734,-0.0711669921875,0.015794925391674042,1.5486725568771362
1.0,eval,d,12,best,c042,0.1334667205810547,-0.108245849609375,0.015794925391674042,1.5486725568771362
1.0,eval,d,12,best,c047,0.22684097290039062,-0.12939929962158203,0.015794925391674042,1.5486725568771362
1.0,eval,d,12,best,c043,0.24932479858398438,-0.13519954681396484,0.015794925391674042,1.5486725568771362
1.0,eval,d,12,best,c003,-0.3213062286376953,-0.04503345489501953,0.015794925391674042,1.5486725568771362
1.0,eval,d,12,best,c041,0.31928443908691406,-0.06914710998535156,0.015794925391674042,1.5486725568771362
1.0,eval,d,12,best,c008,-0.1371288299560547,0.03233528137207031,0.015794925391674042,1.5486725568771362
1.0,eval,d,12,best,c045,0.6556253433227539,-0.08843994140625,0.015794925391674042,1.5486725568771362
1.0,eval,d,12,best,c011,-0.10595989227294922,-0.04533958435058594,0.015794925391674042,1.5486725568771362
1.0,eval,d,12,best,c020,0.6738395690917969,-0.09833812713623047,0.015794925391674042,1.5486725568771362
1.0,eval,d,12,best,c044,0.7823400497436523,-0.1096944808959961,0.015794925391674042,1.5486725568771362
1.0,eval,d,12,best,c016,-0.16257381439208984,-0.05576610565185547,0.015794925391674042,1.5486725568771362
1.0,eval,d,12,best,c056,0.31525611877441406,-0.1011056900024414,0.015794925391674042,1.5486725568771362
1.0,eval,d,12,best,c025,0.21519088745117188,-0.06089019775390625,0.015794925391674042,1.5486725568771362
1.0,eval,d,12,best,c029,-0.12103557586669922,0.03095722198486328,0.015794925391674042,1.5486725568771362
1.0,eval,d,12,best,c014,0.26543617248535156,-0.1294727325439453,0.015794925391674042,1.5486725568771362
1.0,eval,d,12,best,c002,-0.2084026336669922,-0.07008171081542969,0.015794925391674042,1.5486725568771362
1.0,eval,d,12,best,c023,-0.03764152526855469,-0.027246475219726562,0.015794925391674042,1.5486725568771362
1.0,eval,d,12,best,c046,0.14344024658203125,-0.0737152099609375,0.015794925391674042,1.5486725568771362
1.0,eval,d,12,best,c022,-0.032718658447265625,-0.06944656372070312,0.015794925391674042,1.5486725568771362
1.0,eval,d,12,best,c050,0.3614645004272461,-0.08328914642333984,0.015794925391674042,1.5486725568771362
1.0,eval,d,12,best,c006,-0.3069610595703125,-0.05455780029296875,0.015794925391674042,1.5486725568771362
1.0,eval,d,12,best,c017,0.30706119537353516,-0.10350418090820312,0.015794925391674042,1.5486725568771362
1.0,eval,d,12,best,c039,0.32098865509033203,0.06584930419921875,0.015794925391674042,1.5486725568771362
1.0,eval,d,12,best,c036,0.271759033203125,-0.1618967056274414,0.015794925391674042,1.5486725568771362
1.0,eval,d,12,best,c009,0.08073139190673828,0.021271705627441406,0.015794925391674042,1.5486725568771362
1.0,eval,d,12,best,c000,-0.31665992736816406,-0.029433250427246094,0.015794925391674042,1.5486725568771362
1.0,eval,d,12,best,c013,-0.046036720275878906,-0.056397438049316406,0.015794925391674042,1.5486725568771362
1.0,eval,d,12,best,c049,-0.1746845245361328,0.028413772583007812,0.015794925391674042,1.5486725568771362
1.0,eval,d,12,best,c058,-0.17833900451660156,0.02246379852294922,0.015794925391674042,1.5486725568771362
1.0,eval,d,12,best,c024,-0.054970741271972656,-0.081878662109375,0.015794925391674042,1.5486725568771362
1.0,eval,d,12,best,c042,-0.04668617248535156,-0.029376983642578125,0.015794925391674042,1.5486725568771362
1.0,eval,d,12,best,c047,0.12338447570800781,-0.12717151641845703,0.015794925391674042,1.5486725568771362
1.0,eval,d,12,best,c043,0.021984100341796875,-0.061638832092285156,0.015794925391674042,1.5486725568771362
1.0,eval,d,12,best,c003,-0.3230867385864258,-0.05908679962158203,0.015794925391674042,1.5486725568771362
1.0,eval,d,12,best,c041,0.1604785919189453,-0.09670352935791016,0.015794925391674042,1.5486725568771362
1.0,eval,d,12,best,c008,0.11551284790039062,0.04987335205078125,0.015794925391674042,1.5486725568771362
1.0,eval,d,12,best,c045,-0.13331031799316406,-0.027984619140625,0.015794925391674042,1.5486725568771362
1.0,eval,d,12,best,c011,-0.14014244079589844,-0.01809978485107422,0.015794925391674042,1.5486725568771362
1.0,eval,d,12,best,c020,-0.20458412170410156,-0.050899505615234375,0.015794925391674042,1.5486725568771362
1.0,eval,d,12,best,c044,-0.11161136627197266,-0.041617393493652344,0.015794925391674042,1.5486725568771362
1.0,eval,d,12,best,c016,0.07347869873046875,-0.10780906677246094,0.015794925391674042,1.5486725568771362
1.0,eval,d,12,best,c056,0.14515972137451172,-0.08288860321044922,0.015794925391674042,1.5486725568771362
1.0,eval,d,12,best,c025,0.0809793472290039,-0.08732128143310547,0.015794925391674042,1.5486725568771362
1.0,eval,d,12,best,c029,0.3642616271972656,-0.07931232452392578,0.015794925391674042,1.5486725568771362
1.0,eval,d,12,best,c014,-0.13564014434814453,-0.011672019958496094,0.015794925391674042,1.5486725568771362
1.0,eval,d,12,best,c002,-0.04948997497558594,-0.05426597595214844,0.015794925391674042,1.5486725568771362
1.0,eval,d,12,best,c023,0.08981704711914062,-0.048544883728027344,0.015794925391674042,1.5486725568771362
1.0,eval,d,12,best,c046,0.1311025619506836,-0.08558464050292969,0.015794925391674042,1.5486725568771362
1.0,eval,d,12,best,c022,0.048491477966308594,-0.05877494812011719,0.015794925391674042,1.5486725568771362
1.0,eval,d,12,best,c050,-0.1127176284790039,-0.0824737548828125,0.015794925391674042,1.5486725568771362
1.0,deploy,d,12,best,c006,-0.4381675720214844,-0.04172325134277344,0.01790173538029194,1.5564409494400024
1.0,deploy,d,12,best,c017,-0.20783329010009766,-0.03398323059082031,0.01790173538029194,1.5564409494400024
1.0,deploy,d,12,best,c039,-0.028799057006835938,0.06047821044921875,0.01790173538029194,1.5564409494400024
1.0,deploy,d,12,best,c036,-0.07644462585449219,-0.040683746337890625,0.01790173538029194,1.5564409494400024
1.0,deploy,d,12,best,c009,-0.49515724182128906,0.038906097412109375,0.01790173538029194,1.5564409494400024
1.0,deploy,d,12,best,c000,-0.4088878631591797,-0.017020225524902344,0.01790173538029194,1.5564409494400024
1.0,deploy,d,12,best,c013,-0.1143503189086914,-0.03362560272216797,0.01790173538029194,1.5564409494400024
1.0,deploy,d,12,best,c049,-0.4540557861328125,0.10752391815185547,0.01790173538029194,1.5564409494400024
1.0,deploy,d,12,best,c058,-0.524998664855957,0.07643508911132812,0.01790173538029194,1.5564409494400024
1.0,deploy,d,12,best,c024,-0.43703269958496094,-0.040493011474609375,0.01790173538029194,1.5564409494400024
1.0,deploy,d,12,best,c042,-0.5697698593139648,-0.006683349609375,0.01790173538029194,1.5564409494400024
1.0,deploy,d,12,best,c047,-0.10880279541015625,-0.07062053680419922,0.01790173538029194,1.5564409494400024
1.0,deploy,d,12,best,c043,-0.37407588958740234,-0.05661487579345703,0.01790173538029194,1.5564409494400024
1.0,deploy,d,12,best,c003,-0.7507715225219727,0.01328277587890625,0.01790173538029194,1.5564409494400024
1.0,deploy,d,12,best,c041,-0.16183185577392578,-0.06805038452148438,0.01790173538029194,1.5564409494400024
1.0,deploy,d,12,best,c008,-0.29013919830322266,0.052860260009765625,0.01790173538029194,1.5564409494400024
1.0,deploy,d,12,best,c045,-0.6632680892944336,0.009764671325683594,0.01790173538029194,1.5564409494400024
1.0,deploy,d,12,best,c011,-0.19214630126953125,-0.010052680969238281,0.01790173538029194,1.5564409494400024
1.0,deploy,d,12,best,c020,-0.29500293731689453,-0.036482810974121094,0.01790173538029194,1.5564409494400024
1.0,deploy,d,12,best,c044,-0.3602790832519531,-0.022768020629882812,0.01790173538029194,1.5564409494400024
1.0,deploy,d,12,best,c016,-0.1308574676513672,-0.041721343994140625,0.01790173538029194,1.5564409494400024
1.0,deploy,d,12,best,c056,-0.031749725341796875,-0.04532623291015625,0.01790173538029194,1.5564409494400024
1.0,deploy,d,12,best,c025,-0.21457386016845703,-0.03662395477294922,0.01790173538029194,1.5564409494400024
1.0,deploy,d,12,best,c029,-0.7111396789550781,0.05084800720214844,0.01790173538029194,1.5564409494400024
1.0,deploy,d,12,best,c014,-0.2509336471557617,-0.0029754638671875,0.01790173538029194,1.5564409494400024
1.0,deploy,d,12,best,c002,-0.2972221374511719,-0.0381622314453125,0.01790173538029194,1.5564409494400024
1.0,deploy,d,12,best,c023,-0.30492687225341797,-0.03524589538574219,0.01790173538029194,1.5564409494400024
1.0,deploy,d,12,best,c046,-0.15618133544921875,-0.09380149841308594,0.01790173538029194,1.5564409494400024
1.0,deploy,d,12,best,c022,-0.29825305938720703,-0.023766517639160156,0.01790173538029194,1.5564409494400024
1.0,deploy,d,12,best,c050,-0.03426551818847656,-0.046463966369628906,0.01790173538029194,1.5564409494400024
1.0,deploy,d,12,best,c006,-0.5588960647583008,-0.020898818969726562,0.01790173538029194,1.5564409494400024
1.0,deploy,d,12,best,c017,-0.27797698974609375,-0.02296161651611328,0.01790173538029194,1.5564409494400024
1.0,deploy,d,12,best,c039,-0.10165214538574219,0.04478740692138672,0.01790173538029194,1.5564409494400024
1.0,deploy,d,12,best,c036,-0.16804122924804688,-0.08745288848876953,0.01790173538029194,1.5564409494400024
1.0,deploy,d,12,best,c009,-0.43256473541259766,0.052414894104003906,0.01790173538029194,1.5564409494400024
1.0,deploy,d,12,best,c000,-0.6121406555175781,-0.0013790130615234375,0.01790173538029194,1.5564409494400024
1.0,deploy,d,12,best,c013,-0.1112823486328125,-0.021984100341796875,0.01790173538029194,1.5564409494400024
1.0,deploy,d,12,best,c049,-0.9902515411376953,0.09002971649169922,0.01790173538029194,1.5564409494400024
1.0,deploy,d,12,best,c058,-0.5115547180175781,0.06787872314453125,0.01790173538029194,1.5564409494400024
1.0,deploy,d,12,best,c024,-0.27826881408691406,-0.0265655517578125,0.01790173538029194,1.5564409494400024
1.0,deploy,d,12,best,c042,-0.48154354095458984,-0.008208274841308594,0.01790173538029194,1.5564409494400024
1.0,deploy,d,12,best,c047,-0.24968719482421875,-0.047943115234375,0.01790173538029194,1.5564409494400024
1.0,deploy,d,12,best,c043,-0.054062843322753906,-0.07431793212890625,0.01790173538029194,1.5564409494400024
1.0,deploy,d,12,best,c003,-0.5441074371337891,-0.03852272033691406,0.01790173538029194,1.5564409494400024
1.0,deploy,d,12,best,c041,-0.4134235382080078,0.010849952697753906,0.01790173538029194,1.5564409494400024
1.0,deploy,d,12,best,c008,-0.5480766296386719,0.05963420867919922,0.01790173538029194,1.5564409494400024
1.0,deploy,d,12,best,c045,-0.2113027572631836,-0.035091400146484375,0.01790173538029194,1.5564409494400024
1.0,deploy,d,12,best,c011,-0.2125692367553711,0.0037794113159179688,0.01790173538029194,1.5564409494400024
1.0,deploy,d,12,best,c020,-0.29650402069091797,-0.03241539001464844,0.01790173538029194,1.5564409494400024
1.0,deploy,d,12,best,c044,-0.4322490692138672,0.024059295654296875,0.01790173538029194,1.5564409494400024
1.0,deploy,d,12,best,c016,-0.10681724548339844,-0.019439697265625,0.01790173538029194,1.5564409494400024
1.0,deploy,d,12,best,c056,0.1228179931640625,-0.0522003173828125,0.01790173538029194,1.5564409494400024
1.0,deploy,d,12,best,c025,-0.27403831481933594,-0.049704551696777344,0.01790173538029194,1.5564409494400024
1.0,deploy,d,12,best,c029,-0.36029529571533203,0.045723915100097656,0.01790173538029194,1.5564409494400024
1.0,deploy,d,12,best,c014,-0.4071311950683594,-0.021497726440429688,0.01790173538029194,1.5564409494400024
1.0,deploy,d,12,best,c002,-0.5247116088867188,-0.015659332275390625,0.01790173538029194,1.5564409494400024
1.0,deploy,d,12,best,c023,-0.6211061477661133,0.014514923095703125,0.01790173538029194,1.5564409494400024
1.0,deploy,d,12,best,c046,-0.31624507904052734,-0.04483509063720703,0.01790173538029194,1.5564409494400024
1.0,deploy,d,12,best,c022,-0.32692432403564453,-0.04890251159667969,0.01790173538029194,1.5564409494400024
1.0,deploy,d,12,best,c050,-0.11258411407470703,-0.023088455200195312,0.01790173538029194,1.5564409494400024
1.0,eval,random,12,best,c006,0.07016372680664062,0.046329498291015625,0.006738790310919285,1.3995521068572998
1.0,eval,random,12,best,c017,0.24909496307373047,0.03996562957763672,0.006738790310919285,1.3995521068572998
1.0,eval,random,12,best,c039,0.09441566467285156,0.07883167266845703,0.006738790310919285,1.3995521068572998
1.0,eval,random,12,best,c036,0.042213757832845054,0.025821050008138023,0.006738790310919285,1.3995521068572998
1.0,eval,random,12,best,c009,-0.04880364735921224,0.08901659647623697,0.006738790310919285,1.3995521068572998
1.0,eval,random,12,best,c000,0.1877892812093099,0.030907948811848968,0.006738790310919285,1.3995521068572998
1.0,eval,random,12,best,c013,0.9989455540974935,0.016219456990559933,0.006738790310919285,1.3995521068572998
1.0,eval,random,12,best,c049,0.6394688288370768,0.03996435801188147,0.006738790310919285,1.3995521068572998
1.0,eval,random,12,best,c058,0.5471048355102539,0.04600048065185547,0.006738790310919285,1.3995521068572998
1.0,eval,random,12,best,c024,0.36695098876953125,0.036545753479003906,0.006738790310919285,1.3995521068572998
1.0,eval,random,12,best,c042,0.2710711161295573,0.029358545939127623,0.006738790310919285,1.3995521068572998
1.0,eval,random,12,best,c047,0.397186279296875,0.040946006774902344,0.006738790310919285,1.3995521068572998
1.0,eval,random,12,best,c043,0.4035269419352214,0.019002596537272154,0.006738790310919285,1.3995521068572998
1.0,eval,random,12,best,c003,-0.2330204645792643,0.04325230916341147,0.006738790310919285,1.3995521068572998
1.0,eval,random,12,best,c041,0.4397805531819661,0.0513490041097005,0.006738790310919285,1.3995521068572998
1.0,eval,random,12,best,c008,-0.08923689524332683,0.08022721608479817,0.006738790310919285,1.3995521068572998
1.0,eval,random,12,best,c045,0.7480373382568359,0.003972053527832031,0.006738790310919285,1.3995521068572998
1.0,eval,random,12,best,c011,-0.02060667673746745,0.04001363118489583,0.006738790310919285,1.3995521068572998
1.0,eval,random,12,best,c020,0.7817293802897135,0.009551684061686161,0.006738790310919285,1.3995521068572998
1.0,eval,random,12,best,c044,0.9051005045572916,0.013065973917643192,0.006738790310919285,1.3995521068572998
1.0,eval,random,12,best,c016,-0.05960623423258463,0.04720147450764974,0.006738790310919285,1.3995521068572998
1.0,eval,random,12,best,c056,0.44324398040771484,0.026882171630859375,0.006738790310919285,1.3995521068572998
1.0,eval,random,12,best,c025,0.3066323598225911,0.030551274617513002,0.006738790310919285,1.3995521068572998
1.0,eval,random,12,best,c029,-0.1034250259399414,0.048567771911621094,0.006738790310919285,1.3995521068572998
1.0,eval,random,12,best,c014,0.41106700897216797,0.016158103942871094,0.006738790310919285,1.3995521068572998
1.0,eval,random,12,best,c002,-0.11066563924153645,0.027655283610026046,0.006738790310919285,1.3995521068572998
1.0,eval,random,12,best,c023,0.024869918823242188,0.03526496887207031,0.006738790310919285,1.3995521068572998
1.0,eval,random,12,best,c046,0.2609415054321289,0.043786048889160156,0.006738790310919285,1.3995521068572998
1.0,eval,random,12,best,c022,0.07290458679199219,0.03617668151855469,0.006738790310919285,1.3995521068572998
1.0,eval,random,12,best,c050,0.4722436269124349,0.02748998006184894,0.006738790310919285,1.3995521068572998
1.0,eval,random,12,best,c006,-0.21780999501546225,0.0345932642618815,0.006738790310919285,1.3995521068572998
1.0,eval,random,12,best,c017,0.4638255437215169,0.05326016743977863,0.006738790310919285,1.3995521068572998
1.0,eval,random,12,best,c039,0.3349943161010742,0.07985496520996094,0.006738790310919285,1.3995521068572998
1.0,eval,random,12,best,c036,0.46091270446777344,0.02725696563720703,0.006738790310919285,1.3995521068572998
1.0,eval,random,12,best,c009,0.1433560053507487,0.08389631907145181,0.006738790310919285,1.3995521068572998
1.0,eval,random,12,best,c000,-0.24222469329833984,0.045001983642578125,0.006738790310919285,1.3995521068572998
1.0,eval,random,12,best,c013,0.059241930643717446,0.048881212870279946,0.006738790310919285,1.3995521068572998
1.0,eval,random,12,best,c049,-0.14644718170166016,0.05665111541748047,0.006738790310919285,1.3995521068572998
1.0,eval,random,12,best,c058,-0.1332667668660482,0.0675360361735026,0.006738790310919285,1.3995521068572998
1.0,eval,random,12,best,c024,0.04593086242675781,0.01902294158935547,0.006738790310919285,1.3995521068572998
1.0,eval,random,12,best,c042,0.04368782043457031,0.06099700927734375,0.006738790310919285,1.3995521068572998
1.0,eval,random,12,best,c047,0.28489049275716144,0.034334500630696596,0.006738790310919285,1.3995521068572998
1.0,eval,random,12,best,c043,0.1224966049194336,0.03887367248535156,0.006738790310919285,1.3995521068572998
1.0,eval,random,12,best,c003,-0.21683152516682944,0.047168413798014314,0.006738790310919285,1.3995521068572998
1.0,eval,random,12,best,c041,0.2893199920654297,0.03213787078857422,0.006738790310919285,1.3995521068572998
1.0,eval,random,12,best,c008,0.12092653910319011,0.055287043253580734,0.006738790310919285,1.3995521068572998
1.0,eval,random,12,best,c045,-0.054885546366373696,0.05044015248616537,0.006738790310919285,1.3995521068572998
1.0,eval,random,12,best,c011,-0.05611896514892578,0.06592369079589844,0.006738790310919285,1.3995521068572998
1.0,eval,random,12,best,c020,-0.13477611541748047,0.01890850067138672,0.006738790310919285,1.3995521068572998
1.0,eval,random,12,best,c044,-0.015095074971516928,0.05489889780680338,0.006738790310919285,1.3995521068572998
1.0,eval,random,12,best,c016,0.21016756693522134,0.028879801432291657,0.006738790310919285,1.3995521068572998
1.0,eval,random,12,best,c056,0.28130849202473956,0.05326016743977863,0.006738790310919285,1.3995521068572998
1.0,eval,random,12,best,c025,0.19500128428141275,0.026700655619303376,0.006738790310919285,1.3995521068572998
1.0,eval,random,12,best,c029,0.5152514775594076,0.07167752583821618,0.006738790310919285,1.3995521068572998
1.0,eval,random,12,best,c014,-0.05950228373209635,0.06446584065755209,0.006738790310919285,1.3995521068572998
1.0,eval,random,12,best,c002,0.045166015625,0.0403900146484375,0.006738790310919285,1.3995521068572998
1.0,eval,random,12,best,c023,0.1759192148844401,0.037557284037272126,0.006738790310919285,1.3995521068572998
1.0,eval,random,12,best,c046,0.24746831258138022,0.030781110127766936,0.006738790310919285,1.3995521068572998
1.0,eval,random,12,best,c022,0.12836647033691406,0.02110004425048828,0.006738790310919285,1.3995521068572998
1.0,eval,random,12,best,c050,-0.0017531712849934895,0.028490702311197918,0.006738790310919285,1.3995521068572998
2.0,eval,d,12,best,c006,-0.025473594665527344,-0.049307823181152344,0.056933823972940445,1.6083571910858154
2.0,eval,d,12,best,c017,0.0669565200805664,-0.14217281341552734,0.056933823972940445,1.6083571910858154
2.0,eval,d,12,best,c039,0.07691764831542969,0.061333656311035156,0.056933823972940445,1.6083571910858154
2.0,eval,d,12,best,c036,-0.06163597106933594,-0.07802867889404297,0.056933823972940445,1.6083571910858154
2.0,eval,d,12,best,c009,-0.12191200256347656,0.015908241271972656,0.056933823972940445,1.6083571910858154
2.0,eval,d,12,best,c000,0.10302734375,-0.05385398864746094,0.056933823972940445,1.6083571910858154
2.0,eval,d,12,best,c013,0.7042684555053711,-0.2784576416015625,0.056933823972940445,1.6083571910858154
2.0,eval,d,12,best,c049,0.6048765182495117,0.005372047424316406,0.056933823972940445,1.6083571910858154
2.0,eval,d,12,best,c058,0.3499889373779297,-0.15111541748046875,0.056933823972940445,1.6083571910858154
2.0,eval,d,12,best,c024,0.2120676040649414,-0.11833763122558594,0.056933823972940445,1.6083571910858154
2.0,eval,d,12,best,c042,0.05480766296386719,-0.1869049072265625,0.056933823972940445,1.6083571910858154
2.0,eval,d,12,best,c047,0.15251827239990234,-0.2037220001220703,0.056933823972940445,1.6083571910858154
2.0,eval,d,12,best,c043,0.13858509063720703,-0.2459392547607422,0.056933823972940445,1.6083571910858154
2.0,eval,d,12,best,c003,-0.33488941192626953,-0.05861663818359375,0.056933823972940445,1.6083571910858154
2.0,eval,d,12,best,c041,0.2780790328979492,-0.1103525161743164,0.056933823972940445,1.6083571910858154
2.0,eval,d,12,best,c008,-0.08252716064453125,0.08693695068359375,0.056933823972940445,1.6083571910858154
2.0,eval,d,12,best,c045,0.582859992980957,-0.16120529174804688,0.056933823972940445,1.6083571910858154
2.0,eval,d,12,best,c011,-0.11739158630371094,-0.056771278381347656,0.056933823972940445,1.6083571910858154
2.0,eval,d,12,best,c020,0.6036968231201172,-0.16848087310791016,0.056933823972940445,1.6083571910858154
2.0,eval,d,12,best,c044,0.6934404373168945,-0.1985940933227539,0.056933823972940445,1.6083571910858154
2.0,eval,d,12,best,c016,-0.17498111724853516,-0.06817340850830078,0.056933823972940445,1.6083571910858154
2.0,eval,d,12,best,c056,0.2566356658935547,-0.15972614288330078,0.056933823972940445,1.6083571910858154
2.0,eval,d,12,best,c025,0.1862173080444336,-0.08986377716064453,0.056933823972940445,1.6083571910858154
2.0,eval,d,12,best,c029,-0.06525135040283203,0.08674144744873047,0.056933823972940445,1.6083571910858154
2.0,eval,d,12,best,c014,0.15522193908691406,-0.2396869659423828,0.056933823972940445,1.6083571910858154
2.0,eval,d,12,best,c002,-0.23215293884277344,-0.09383201599121094,0.056933823972940445,1.6083571910858154
2.0,eval,d,12,best,c023,-0.040343284606933594,-0.02994823455810547,0.056933823972940445,1.6083571910858154
2.0,eval,d,12,best,c046,0.10204029083251953,-0.11511516571044922,0.056933823972940445,1.6083571910858154
2.0,eval,d,12,best,c022,-0.06534671783447266,-0.10207462310791016,0.056933823972940445,1.6083571910858154
2.0,eval,d,12,best,c050,0.3176593780517578,-0.12709426879882812,0.056933823972940445,1.6083571910858154
2.0,eval,d,12,best,c006,-0.3124980926513672,-0.06009483337402344,0.056933823972940445,1.6083571910858154
2.0,eval,d,12,best,c017,0.24874019622802734,-0.16182518005371094,0.056933823972940445,1.6083571910858154
2.0,eval,d,12,best,c039,0.3838367462158203,0.12869739532470703,0.056933823972940445,1.6083571910858154
2.0,eval,d,12,best,c036,0.14179611206054688,-0.29185962677001953,0.056933823972940445,1.6083571910858154
2.0,eval,d,12,best,c009,0.10476875305175781,0.04530906677246094,0.056933823972940445,1.6083571910858154
2.0,eval,d,12,best,c000,-0.3024568557739258,-0.015230178833007812,0.056933823972940445,1.6083571910858154
2.0,eval,d,12,best,c013,-0.06320476531982422,-0.07356548309326172,0.056933823972940445,1.6083571910858154
2.0,eval,d,12,best,c049,-0.12523365020751953,0.0778646469116211,0.056933823972940445,1.6083571910858154
2.0,eval,d,12,best,c058,-0.13710594177246094,0.06369686126708984,0.056933823972940445,1.6083571910858154
2.0,eval,d,12,best,c024,-0.10184669494628906,-0.1287546157836914,0.056933823972940445,1.6083571910858154
2.0,eval,d,12,best,c042,-0.05770587921142578,-0.040396690368652344,0.056933823972940445,1.6083571910858154
2.0,eval,d,12,best,c047,0.031479835510253906,-0.21907615661621094,0.056933823972940445,1.6083571910858154
2.0,eval,d,12,best,c043,-0.014399528503417969,-0.0980224609375,0.056933823972940445,1.6083571910858154
2.0,eval,d,12,best,c003,-0.3541421890258789,-0.09014225006103516,0.056933823972940445,1.6083571910858154
2.0,eval,d,12,best,c041,0.0757436752319336,-0.18143844604492188,0.056933823972940445,1.6083571910858154
2.0,eval,d,12,best,c008,0.18362808227539062,0.11798858642578125,0.056933823972940445,1.6083571910858154
2.0,eval,d,12,best,c045,-0.1248931884765625,-0.019567489624023438,0.056933823972940445,1.6083571910858154
2.0,eval,d,12,best,c011,-0.13254451751708984,-0.010501861572265625,0.056933823972940445,1.6083571910858154
2.0,eval,d,12,best,c020,-0.2049102783203125,-0.05122566223144531,0.056933823972940445,1.6083571910858154
2.0,eval,d,12,best,c044,-0.12573909759521484,-0.05574512481689453,0.056933823972940445,1.6083571910858154
2.0,eval,d,12,best,c016,0.0018243789672851562,-0.17946338653564453,0.056933823972940445,1.6083571910858154
2.0,eval,d,12,best,c056,0.08812808990478516,-0.13992023468017578,0.056933823972940445,1.6083571910858154
2.0,eval,d,12,best,c025,0.038596153259277344,-0.12970447540283203,0.056933823972940445,1.6083571910858154
2.0,eval,d,12,best,c029,0.3268709182739258,-0.11670303344726562,0.056933823972940445,1.6083571910858154
2.0,eval,d,12,best,c014,-0.1293954849243164,-0.005427360534667969,0.056933823972940445,1.6083571910858154
2.0,eval,d,12,best,c002,-0.07793712615966797,-0.08271312713623047,0.056933823972940445,1.6083571910858154
2.0,eval,d,12,best,c023,0.06849479675292969,-0.06986713409423828,0.056933823972940445,1.6083571910858154
2.0,eval,d,12,best,c046,0.05025959014892578,-0.1664276123046875,0.056933823972940445,1.6083571910858154
2.0,eval,d,12,best,c022,0.007302284240722656,-0.09996414184570312,0.056933823972940445,1.6083571910858154
2.0,eval,d,12,best,c050,-0.14314937591552734,-0.11290550231933594,0.056933823972940445,1.6083571910858154
2.0,deploy,d,12,best,c006,-0.4447317123413086,-0.048287391662597656,0.06450609862804413,1.6455683708190918
2.0,deploy,d,12,best,c017,-0.19579029083251953,-0.021940231323242188,0.06450609862804413,1.6455683708190918
2.0,deploy,d,12,best,c039,0.038875579833984375,0.12815284729003906,0.06450609862804413,1.6455683708190918
2.0,deploy,d,12,best,c036,-0.0973520278930664,-0.061591148376464844,0.06450609862804413,1.6455683708190918
2.0,deploy,d,12,best,c009,-0.4300689697265625,0.10399436950683594,0.06450609862804413,1.6455683708190918
2.0,deploy,d,12,best,c000,-0.38754940032958984,0.0043182373046875,0.06450609862804413,1.6455683708190918
2.0,deploy,d,12,best,c013,-0.10851860046386719,-0.02779388427734375,0.06450609862804413,1.6455683708190918
2.0,deploy,d,12,best,c049,-0.3341989517211914,0.22738075256347656,0.06450609862804413,1.6455683708190918
2.0,deploy,d,12,best,c058,-0.43033790588378906,0.1710958480834961,0.06450609862804413,1.6455683708190918
2.0,deploy,d,12,best,c024,-0.44066524505615234,-0.04412555694580078,0.06450609862804413,1.6455683708190918
2.0,deploy,d,12,best,c042,-0.537602424621582,0.025484085083007812,0.06450609862804413,1.6455683708190918
2.0,deploy,d,12,best,c047,-0.14966297149658203,-0.111480712890625,0.06450609862804413,1.6455683708190918
2.0,deploy,d,12,best,c043,-0.400787353515625,-0.08332633972167969,0.06450609862804413,1.6455683708190918
2.0,deploy,d,12,best,c003,-0.7104587554931641,0.053595542907714844,0.06450609862804413,1.6455683708190918
2.0,deploy,d,12,best,c041,-0.1992330551147461,-0.10545158386230469,0.06450609862804413,1.6455683708190918
2.0,deploy,d,12,best,c008,-0.2178802490234375,0.12511920928955078,0.06450609862804413,1.6455683708190918
2.0,deploy,d,12,best,c045,-0.6189985275268555,0.05403423309326172,0.06450609862804413,1.6455683708190918
2.0,deploy,d,12,best,c011,-0.16614437103271484,0.015949249267578125,0.06450609862804413,1.6455683708190918
2.0,deploy,d,12,best,c020,-0.2946195602416992,-0.03609943389892578,0.06450609862804413,1.6455683708190918
2.0,deploy,d,12,best,c044,-0.3400115966796875,-0.0025005340576171875,0.06450609862804413,1.6455683708190918
2.0,deploy,d,12,best,c016,-0.14804458618164062,-0.05890846252441406,0.06450609862804413,1.6455683708190918
2.0,deploy,d,12,best,c056,-0.04854297637939453,-0.062119483947753906,0.06450609862804413,1.6455683708190918
2.0,deploy,d,12,best,c025,-0.22257137298583984,-0.04462146759033203,0.06450609862804413,1.6455683708190918
2.0,deploy,d,12,best,c029,-0.6296987533569336,0.13228893280029297,0.06450609862804413,1.6455683708190918
2.0,deploy,d,12,best,c014,-0.2243518829345703,0.023606300354003906,0.06450609862804413,1.6455683708190918
2.0,deploy,d,12,best,c002,-0.31700897216796875,-0.057949066162109375,0.06450609862804413,1.6455683708190918
2.0,deploy,d,12,best,c023,-0.30991554260253906,-0.04023456573486328,0.06450609862804413,1.6455683708190918
2.0,deploy,d,12,best,c046,-0.2179737091064453,-0.1555938720703125,0.06450609862804413,1.6455683708190918
2.0,deploy,d,12,best,c022,-0.2859687805175781,-0.01148223876953125,0.06450609862804413,1.6455683708190918
2.0,deploy,d,12,best,c050,-0.04579448699951172,-0.05799293518066406,0.06450609862804413,1.6455683708190918
2.0,deploy,d,12,best,c006,-0.5467252731323242,-0.00872802734375,0.06450609862804413,1.6455683708190918
2.0,deploy,d,12,best,c017,-0.2573356628417969,-0.0023202896118164062,0.06450609862804413,1.6455683708190918
2.0,deploy,d,12,best,c039,-0.03976917266845703,0.10667037963867188,0.06450609862804413,1.6455683708190918
2.0,deploy,d,12,best,c036,-0.2300729751586914,-0.14948463439941406,0.06450609862804413,1.6455683708190918
2.0,deploy,d,12,best,c009,-0.3656444549560547,0.11933517456054688,0.06450609862804413,1.6455683708190918
2.0,deploy,d,12,best,c000,-0.5770025253295898,0.033759117126464844,0.06450609862804413,1.6455683708190918
2.0,deploy,d,12,best,c013,-0.09843826293945312,-0.0091400146484375,0.06450609862804413,1.6455683708190918
2.0,deploy,d,12,best,c049,-0.8604450225830078,0.21983623504638672,0.06450609862804413,1.6455683708190918
2.0,deploy,d,12,best,c058,-0.4101285934448242,0.16930484771728516,0.06450609862804413,1.6455683708190918
2.0,deploy,d,12,best,c024,-0.2732658386230469,-0.021562576293945312,0.06450609862804413,1.6455683708190918
2.0,deploy,d,12,best,c042,-0.44890880584716797,0.02442646026611328,0.06450609862804413,1.6455683708190918
2.0,deploy,d,12,best,c047,-0.2593097686767578,-0.05756568908691406,0.06450609862804413,1.6455683708190918
2.0,deploy,d,12,best,c043,-0.1063699722290039,-0.12662506103515625,0.06450609862804413,1.6455683708190918
2.0,deploy,d,12,best,c003,-0.5477437973022461,-0.042159080505371094,0.06450609862804413,1.6455683708190918
2.0,deploy,d,12,best,c041,-0.3715381622314453,0.052735328674316406,0.06450609862804413,1.6455683708190918
2.0,deploy,d,12,best,c008,-0.4552450180053711,0.1524658203125,0.06450609862804413,1.6455683708190918
2.0,deploy,d,12,best,c045,-0.21871566772460938,-0.042504310607910156,0.06450609862804413,1.6455683708190918
2.0,deploy,d,12,best,c011,-0.17441558837890625,0.04193305969238281,0.06450609862804413,1.6455683708190918
2.0,deploy,d,12,best,c020,-0.29979896545410156,-0.03571033477783203,0.06450609862804413,1.6455683708190918
2.0,deploy,d,12,best,c044,-0.3812704086303711,0.07503795623779297,0.06450609862804413,1.6455683708190918
2.0,deploy,d,12,best,c016,-0.09817981719970703,-0.010802268981933594,0.06450609862804413,1.6455683708190918
2.0,deploy,d,12,best,c056,0.09379196166992188,-0.08122634887695312,0.06450609862804413,1.6455683708190918
2.0,deploy,d,12,best,c025,-0.28578662872314453,-0.06145286560058594,0.06450609862804413,1.6455683708190918
2.0,deploy,d,12,best,c029,-0.2948942184448242,0.11112499237060547,0.06450609862804413,1.6455683708190918
2.0,deploy,d,12,best,c014,-0.3940296173095703,-0.008396148681640625,0.06450609862804413,1.6455683708190918
2.0,deploy,d,12,best,c002,-0.5075387954711914,0.0015134811401367188,0.06450609862804413,1.6455683708190918
2.0,deploy,d,12,best,c023,-0.579437255859375,0.056183815002441406,0.06450609862804413,1.6455683708190918
2.0,deploy,d,12,best,c046,-0.32491493225097656,-0.05350494384765625,0.06450609862804413,1.6455683708190918
2.0,deploy,d,12,best,c022,-0.32904911041259766,-0.05102729797363281,0.06450609862804413,1.6455683708190918
2.0,deploy,d,12,best,c050,-0.10394668579101562,-0.014451026916503906,0.06450609862804413,1.6455683708190918
2.0,eval,random,12,best,c006,0.10161399841308594,0.07777976989746094,0.02965822008748849,1.3402361472447712
2.0,eval,random,12,best,c017,0.2646786371866862,0.055549303690592466,0.02965822008748849,1.3402361472447712
2.0,eval,random,12,best,c039,0.15477116902669272,0.1391871770222982,0.02965822008748849,1.3402361472447712
2.0,eval,random,12,best,c036,0.049152374267578125,0.032759666442871094,0.02965822008748849,1.3402361472447712
2.0,eval,random,12,best,c009,0.03055286407470703,0.16837310791015625,0.02965822008748849,1.3402361472447712
2.0,eval,random,12,best,c000,0.1999476750691732,0.04306634267171225,0.02965822008748849,1.3402361472447712
2.0,eval,random,12,best,c013,0.971461296081543,-0.011264801025390625,0.02965822008748849,1.3402361472447712
2.0,eval,random,12,best,c049,0.6498346328735352,0.050330162048339844,0.02965822008748849,1.3402361472447712
2.0,eval,random,12,best,c058,0.5669349034627279,0.06583054860432946,0.02965822008748849,1.3402361472447712
2.0,eval,random,12,best,c024,0.3784160614013672,0.048010826110839844,0.02965822008748849,1.3402361472447712
2.0,eval,random,12,best,c042,0.27170435587565106,0.029991785685221373,0.02965822008748849,1.3402361472447712
2.0,eval,random,12,best,c047,0.4127349853515625,0.056494712829589844,0.02965822008748849,1.3402361472447712
2.0,eval,random,12,best,c043,0.39196014404296875,0.007435798645019531,0.02965822008748849,1.3402361472447712
2.0,eval,random,12,best,c003,-0.19905535380045572,0.07721741994222006,0.02965822008748849,1.3402361472447712
2.0,eval,random,12,best,c041,0.45806884765625,0.06963729858398438,0.02965822008748849,1.3402361472447712
2.0,eval,random,12,best,c008,-0.013412157694498697,0.1560519536336263,0.02965822008748849,1.3402361472447712
2.0,eval,random,12,best,c045,0.7015275955200195,-0.042537689208984375,0.02965822008748849,1.3402361472447712
2.0,eval,random,12,best,c011,0.007946332295735678,0.06856664021809895,0.02965822008748849,1.3402361472447712
2.0,eval,random,12,best,c020,0.7498906453450521,-0.022287050882975223,0.02965822008748849,1.3402361472447712
2.0,eval,random,12,best,c044,0.8660392761230469,-0.025995254516601562,0.02965822008748849,1.3402361472447712
2.0,eval,random,12,best,c016,-0.023897806803385418,0.08290990193684895,0.02965822008748849,1.3402361472447712
2.0,eval,random,12,best,c056,0.44542090098063153,0.02905909220377606,0.02965822008748849,1.3402361472447712
2.0,eval,random,12,best,c025,0.31578795115152997,0.03970686594645184,0.02965822008748849,1.3402361472447712
2.0,eval,random,12,best,c029,-0.057392120361328125,0.09460067749023438,0.02965822008748849,1.3402361472447712
2.0,eval,random,12,best,c014,0.3918650945027669,-0.0030438105265299664,0.02965822008748849,1.3402361472447712
2.0,eval,random,12,best,c002,-0.09146054585774739,0.04686037699381511,0.02965822008748849,1.3402361472447712
2.0,eval,random,12,best,c023,0.04067866007486979,0.051073710123697914,0.02965822008748849,1.3402361472447712
2.0,eval,random,12,best,c046,0.2855984369913737,0.06844298044840497,0.02965822008748849,1.3402361472447712
2.0,eval,random,12,best,c022,0.09941291809082031,0.06268501281738281,0.02965822008748849,1.3402361472447712
2.0,eval,random,12,best,c050,0.4786084493001302,0.03385480244954425,0.02965822008748849,1.3402361472447712
2.0,eval,random,12,best,c006,-0.19029966990152994,0.06210358937581381,0.02965822008748849,1.3402361472447712
2.0,eval,random,12,best,c017,0.4878641764322917,0.0772988001505534,0.02965822008748849,1.3402361472447712
2.0,eval,random,12,best,c039,0.39214134216308594,0.13700199127197266,0.02965822008748849,1.3402361472447712
2.0,eval,random,12,best,c036,0.44619178771972656,0.012536048889160156,0.02965822008748849,1.3402361472447712
2.0,eval,random,12,best,c009,0.21383094787597656,0.1543712615966797,0.02965822008748849,1.3402361472447712
2.0,eval,random,12,best,c000,-0.19747320810953775,0.08975346883138022,0.02965822008748849,1.3402361472447712
2.0,eval,random,12,best,c013,0.08751328786214192,0.07715257008870442,0.02965822008748849,1.3402361472447712
2.0,eval,random,12,best,c049,-0.09441343943277995,0.10868485768636067,0.02965822008748849,1.3402361472447712
2.0,eval,random,12,best,c058,-0.0701303482055664,0.13067245483398438,0.02965822008748849,1.3402361472447712
2.0,eval,random,12,best,c024,0.04661083221435547,0.019702911376953125,0.02965822008748849,1.3402361472447712
2.0,eval,random,12,best,c042,0.0919342041015625,0.10924339294433594,0.02965822008748849,1.3402361472447712
2.0,eval,random,12,best,c047,0.2940060297648112,0.04345003763834637,0.02965822008748849,1.3402361472447712
2.0,eval,random,12,best,c043,0.13684749603271484,0.05322456359863281,0.02965822008748849,1.3402361472447712
2.0,eval,random,12,best,c003,-0.1785434087117513,0.08545653025309244,0.02965822008748849,1.3402361472447712
2.0,eval,random,12,best,c041,0.28808752695719403,0.03090540568033856,0.02965822008748849,1.3402361472447712
2.0,eval,random,12,best,c008,0.1705052057902018,0.10486570994059244,0.02965822008748849,1.3402361472447712
2.0,eval,random,12,best,c045,-0.017777125040690105,0.08754857381184895,0.02965822008748849,1.3402361472447712
2.0,eval,random,12,best,c011,-0.011345863342285156,0.11069679260253906,0.02965822008748849,1.3402361472447712
2.0,eval,random,12,best,c020,-0.12162240346272786,0.03206221262613933,0.02965822008748849,1.3402361472447712
2.0,eval,random,12,best,c044,0.0303036371866862,0.10029760996500652,0.02965822008748849,1.3402361472447712
2.0,eval,random,12,best,c016,0.21393871307373047,0.03265094757080078,0.02965822008748849,1.3402361472447712
2.0,eval,random,12,best,c056,0.3081973393758138,0.08014901479085285,0.02965822008748849,1.3402361472447712
2.0,eval,random,12,best,c025,0.2022250493367513,0.033924420674641936,0.02965822008748849,1.3402361472447712
2.0,eval,random,12,best,c029,0.5686791737874349,0.12510522206624353,0.02965822008748849,1.3402361472447712
2.0,eval,random,12,best,c014,-0.010767936706542969,0.11320018768310547,0.02965822008748849,1.3402361472447712
2.0,eval,random,12,best,c002,0.06468931833902995,0.05991331736246745,0.02965822008748849,1.3402361472447712
2.0,eval,random,12,best,c023,0.19297313690185547,0.0546112060546875,0.02965822008748849,1.3402361472447712
2.0,eval,random,12,best,c046,0.24893824259440103,0.03225104014078775,0.02965822008748849,1.3402361472447712
2.0,eval,random,12,best,c022,0.1305828094482422,0.023316383361816406,0.02965822008748849,1.3402361472447712
2.0,eval,random,12,best,c050,0.01475683848063151,0.045000712076822914,0.02965822008748849,1.3402361472447712
4.0,eval,d,12,best,c006,0.043491363525390625,0.019657135009765625,0.16520144045352936,1.6082565784454346
4.0,eval,d,12,best,c017,0.02579784393310547,-0.18333148956298828,0.16520144045352936,1.6082565784454346
4.0,eval,d,12,best,c039,0.18925857543945312,0.1736745834350586,0.16520144045352936,1.6082565784454346
4.0,eval,d,12,best,c036,-0.05717277526855469,-0.07356548309326172,0.16520144045352936,1.6082565784454346
4.0,eval,d,12,best,c009,-0.05453968048095703,0.08328056335449219,0.16520144045352936,1.6082565784454346
4.0,eval,d,12,best,c000,0.15667057037353516,-0.00021076202392578125,0.16520144045352936,1.6082565784454346
4.0,eval,d,12,best,c013,0.5390653610229492,-0.4436607360839844,0.16520144045352936,1.6082565784454346
4.0,eval,d,12,best,c049,0.6055068969726562,0.0060024261474609375,0.16520144045352936,1.6082565784454346
4.0,eval,d,12,best,c058,0.30979156494140625,-0.1913127899169922,0.16520144045352936,1.6082565784454346
4.0,eval,d,12,best,c024,0.1610727310180664,-0.16933250427246094,0.16520144045352936,1.6082565784454346
4.0,eval,d,12,best,c042,-0.046695709228515625,-0.2884082794189453,0.16520144045352936,1.6082565784454346
4.0,eval,d,12,best,c047,0.10709285736083984,-0.2491474151611328,0.16520144045352936,1.6082565784454346
4.0,eval,d,12,best,c043,-0.0022754669189453125,-0.38679981231689453,0.16520144045352936,1.6082565784454346
4.0,eval,d,12,best,c003,-0.3097505569458008,-0.033477783203125,0.16520144045352936,1.6082565784454346
4.0,eval,d,12,best,c041,0.24510860443115234,-0.14332294464111328,0.16520144045352936,1.6082565784454346
4.0,eval,d,12,best,c008,0.05915546417236328,0.22861957550048828,0.16520144045352936,1.6082565784454346
4.0,eval,d,12,best,c045,0.4657707214355469,-0.27829456329345703,0.16520144045352936,1.6082565784454346
4.0,eval,d,12,best,c011,-0.10386943817138672,-0.04324913024902344,0.16520144045352936,1.6082565784454346
4.0,eval,d,12,best,c020,0.5074129104614258,-0.26476478576660156,0.16520144045352936,1.6082565784454346
4.0,eval,d,12,best,c044,0.5501794815063477,-0.3418550491333008,0.16520144045352936,1.6082565784454346
4.0,eval,d,12,best,c016,-0.1292581558227539,-0.02245044708251953,0.16520144045352936,1.6082565784454346
4.0,eval,d,12,best,c056,0.2423248291015625,-0.17403697967529297,0.16520144045352936,1.6082565784454346
4.0,eval,d,12,best,c025,0.18669795989990234,-0.08938312530517578,0.16520144045352936,1.6082565784454346
4.0,eval,d,12,best,c029,0.08948802947998047,0.24148082733154297,0.16520144045352936,1.6082565784454346
4.0,eval,d,12,best,c014,0.013919830322265625,-0.38098907470703125,0.16520144045352936,1.6082565784454346
4.0,eval,d,12,best,c002,-0.17168617248535156,-0.03336524963378906,0.16520144045352936,1.6082565784454346
4.0,eval,d,12,best,c023,-0.005297660827636719,0.005097389221191406,0.16520144045352936,1.6082565784454346
4.0,eval,d,12,best,c046,0.07722854614257812,-0.13992691040039062,0.16520144045352936,1.6082565784454346
4.0,eval,d,12,best,c022,-0.05975055694580078,-0.09647846221923828,0.16520144045352936,1.6082565784454346
4.0,eval,d,12,best,c050,0.30722713470458984,-0.1375265121459961,0.16520144045352936,1.6082565784454346
4.0,eval,d,12,best,c006,-0.2146778106689453,0.03772544860839844,0.16520144045352936,1.6082565784454346
4.0,eval,d,12,best,c017,0.2054452896118164,-0.20512008666992188,0.16520144045352936,1.6082565784454346
4.0,eval,d,12,best,c039,0.48880577087402344,0.23366641998291016,0.16520144045352936,1.6082565784454346
4.0,eval,d,12,best,c036,-0.03915977478027344,-0.47281551361083984,0.16520144045352936,1.6082565784454346
4.0,eval,d,12,best,c009,0.15625953674316406,0.09679985046386719,0.16520144045352936,1.6082565784454346
4.0,eval,d,12,best,c000,-0.20485210418701172,0.08237457275390625,0.16520144045352936,1.6082565784454346
4.0,eval,d,12,best,c013,-0.040289878845214844,-0.050650596618652344,0.16520144045352936,1.6082565784454346
4.0,eval,d,12,best,c049,0.007534980773925781,0.2106332778930664,0.16520144045352936,1.6082565784454346
4.0,eval,d,12,best,c058,-0.032227516174316406,0.16857528686523438,0.16520144045352936,1.6082565784454346
4.0,eval,d,12,best,c024,-0.1263570785522461,-0.15326499938964844,0.16520144045352936,1.6082565784454346
4.0,eval,d,12,best,c042,-0.07397937774658203,-0.056670188903808594,0.16520144045352936,1.6082565784454346
4.0,eval,d,12,best,c047,-0.06491279602050781,-0.31546878814697266,0.16520144045352936,1.6082565784454346
4.0,eval,d,12,best,c043,-0.04049968719482422,-0.12412261962890625,0.16520144045352936,1.6082565784454346
4.0,eval,d,12,best,c003,-0.35097217559814453,-0.08697223663330078,0.16520144045352936,1.6082565784454346
4.0,eval,d,12,best,c041,-0.07225990295410156,-0.32944202423095703,0.16520144045352936,1.6082565784454346
4.0,eval,d,12,best,c008,0.3491687774658203,0.28352928161621094,0.16520144045352936,1.6082565784454346
4.0,eval,d,12,best,c045,-0.05150604248046875,0.05381965637207031,0.16520144045352936,1.6082565784454346
4.0,eval,d,12,best,c011,-0.09025287628173828,0.03178977966308594,0.16520144045352936,1.6082565784454346
4.0,eval,d,12,best,c020,-0.1099853515625,0.04369926452636719,0.16520144045352936,1.6082565784454346
4.0,eval,d,12,best,c044,-0.1027374267578125,-0.03274345397949219,0.16520144045352936,1.6082565784454346
4.0,eval,d,12,best,c016,-0.07152462005615234,-0.25281238555908203,0.16520144045352936,1.6082565784454346
4.0,eval,d,12,best,c056,0.038295745849609375,-0.18975257873535156,0.16520144045352936,1.6082565784454346
4.0,eval,d,12,best,c025,0.057704925537109375,-0.110595703125,0.16520144045352936,1.6082565784454346
4.0,eval,d,12,best,c029,0.3428478240966797,-0.10072612762451172,0.16520144045352936,1.6082565784454346
4.0,eval,d,12,best,c014,-0.12005138397216797,0.003916740417480469,0.16520144045352936,1.6082565784454346
4.0,eval,d,12,best,c002,-0.08718109130859375,-0.09195709228515625,0.16520144045352936,1.6082565784454346
4.0,eval,d,12,best,c023,0.06621551513671875,-0.07214641571044922,0.16520144045352936,1.6082565784454346
4.0,eval,d,12,best,c046,-0.09668827056884766,-0.31337547302246094,0.16520144045352936,1.6082565784454346
4.0,eval,d,12,best,c022,-0.055129051208496094,-0.16239547729492188,0.16520144045352936,1.6082565784454346
4.0,eval,d,12,best,c050,-0.08985042572021484,-0.05960655212402344,0.16520144045352936,1.6082565784454346
4.0,deploy,d,12,best,c006,-0.3767824172973633,0.019661903381347656,0.18684044480323792,1.6842128038406372
4.0,deploy,d,12,best,c017,-0.08071613311767578,0.09313392639160156,0.18684044480323792,1.6842128038406372
4.0,deploy,d,12,best,c039,0.17058467864990234,0.25986194610595703,0.18684044480323792,1.6842128038406372
4.0,deploy,d,12,best,c036,-0.09913349151611328,-0.06337261199951172,0.18684044480323792,1.6842128038406372
4.0,deploy,d,12,best,c009,-0.26071643829345703,0.2733469009399414,0.18684044480323792,1.6842128038406372
4.0,deploy,d,12,best,c000,-0.28328800201416016,0.10857963562011719,0.18684044480323792,1.6842128038406372
4.0,deploy,d,12,best,c013,-0.04500102996826172,0.03572368621826172,0.18684044480323792,1.6842128038406372
4.0,deploy,d,12,best,c049,-0.12872600555419922,0.43285369873046875,0.18684044480323792,1.6842128038406372
4.0,deploy,d,12,best,c058,-0.23142242431640625,0.3700113296508789,0.18684044480323792,1.6842128038406372
4.0,deploy,d,12,best,c024,-0.3755474090576172,0.020992279052734375,0.18684044480323792,1.6842128038406372
4.0,deploy,d,12,best,c042,-0.41976165771484375,0.1433248519897461,0.18684044480323792,1.6842128038406372
4.0,deploy,d,12,best,c047,-0.15758323669433594,-0.1194009780883789,0.18684044480323792,1.6842128038406372
4.0,deploy,d,12,best,c043,-0.3890247344970703,-0.071563720703125,0.18684044480323792,1.6842128038406372
4.0,deploy,d,12,best,c003,-0.5844097137451172,0.17964458465576172,0.18684044480323792,1.6842128038406372
4.0,deploy,d,12,best,c041,-0.2257366180419922,-0.13195514678955078,0.18684044480323792,1.6842128038406372
4.0,deploy,d,12,best,c008,-0.050685882568359375,0.2923135757446289,0.18684044480323792,1.6842128038406372
4.0,deploy,d,12,best,c045,-0.4816913604736328,0.19134140014648438,0.18684044480323792,1.6842128038406372
4.0,deploy,d,12,best,c011,-0.07300472259521484,0.10908889770507812,0.18684044480323792,1.6842128038406372
4.0,deploy,d,12,best,c020,-0.23785686492919922,0.02066326141357422,0.18684044480323792,1.6842128038406372
4.0,deploy,d,12,best,c044,-0.21180248260498047,0.12570858001708984,0.18684044480323792,1.6842128038406372
4.0,deploy,d,12,best,c016,-0.1372852325439453,-0.04814910888671875,0.18684044480323792,1.6842128038406372
4.0,deploy,d,12,best,c056,-0.020677566528320312,-0.03425407409667969,0.18684044480323792,1.6842128038406372
4.0,deploy,d,12,best,c025,-0.17346572875976562,0.0044841766357421875,0.18684044480323792,1.6842128038406372
4.0,deploy,d,12,best,c029,-0.42914867401123047,0.3328390121459961,0.18684044480323792,1.6842128038406372
4.0,deploy,d,12,best,c014,-0.139617919921875,0.10834026336669922,0.18684044480323792,1.6842128038406372
4.0,deploy,d,12,best,c002,-0.3107614517211914,-0.05170154571533203,0.18684044480323792,1.6842128038406372
4.0,deploy,d,12,best,c023,-0.26042938232421875,0.009251594543457031,0.18684044480323792,1.6842128038406372
4.0,deploy,d,12,best,c046,-0.2833986282348633,-0.22101879119873047,0.18684044480323792,1.6842128038406372
4.0,deploy,d,12,best,c022,-0.20455169677734375,0.06993484497070312,0.18684044480323792,1.6842128038406372
4.0,deploy,d,12,best,c050,0.0056209564208984375,-0.006577491760253906,0.18684044480323792,1.6842128038406372
4.0,deploy,d,12,best,c006,-0.45616722106933594,0.08183002471923828,0.18684044480323792,1.6842128038406372
4.0,deploy,d,12,best,c017,-0.15340614318847656,0.1016092300415039,0.18684044480323792,1.6842128038406372
4.0,deploy,d,12,best,c039,0.12340164184570312,0.26984119415283203,0.18684044480323792,1.6842128038406372
4.0,deploy,d,12,best,c036,-0.2731351852416992,-0.19254684448242188,0.18684044480323792,1.6842128038406372
4.0,deploy,d,12,best,c009,-0.20915603637695312,0.27582359313964844,0.18684044480323792,1.6842128038406372
4.0,deploy,d,12,best,c000,-0.4520273208618164,0.15873432159423828,0.18684044480323792,1.6842128038406372
4.0,deploy,d,12,best,c013,-0.02610301971435547,0.06319522857666016,0.18684044480323792,1.6842128038406372
4.0,deploy,d,12,best,c049,-0.5649442672729492,0.5153369903564453,0.18684044480323792,1.6842128038406372
4.0,deploy,d,12,best,c058,-0.1690540313720703,0.41037940979003906,0.18684044480323792,1.6842128038406372
4.0,deploy,d,12,best,c024,-0.2129650115966797,0.038738250732421875,0.18684044480323792,1.6842128038406372
4.0,deploy,d,12,best,c042,-0.32798194885253906,0.1453533172607422,0.18684044480323792,1.6842128038406372
4.0,deploy,d,12,best,c047,-0.20490455627441406,-0.0031604766845703125,0.18684044480323792,1.6842128038406372
4.0,deploy,d,12,best,c043,-0.17380046844482422,-0.19405555725097656,0.18684044480323792,1.6842128038406372
4.0,deploy,d,12,best,c003,-0.48926353454589844,0.016321182250976562,0.18684044480323792,1.6842128038406372
4.0,deploy,d,12,best,c041,-0.26622772216796875,0.15804576873779297,0.18684044480323792,1.6842128038406372
4.0,deploy,d,12,best,c008,-0.2277393341064453,0.3799715042114258,0.18684044480323792,1.6842128038406372
4.0,deploy,d,12,best,c045,-0.20188331604003906,-0.025671958923339844,0.18684044480323792,1.6842128038406372
4.0,deploy,d,12,best,c011,-0.0630807876586914,0.15326786041259766,0.18684044480323792,1.6842128038406372
4.0,deploy,d,12,best,c020,-0.24967098236083984,0.014417648315429688,0.18684044480323792,1.6842128038406372
4.0,deploy,d,12,best,c044,-0.25560665130615234,0.20070171356201172,0.18684044480323792,1.6842128038406372
4.0,deploy,d,12,best,c016,-0.04197406768798828,0.045403480529785156,0.18684044480323792,1.6842128038406372
4.0,deploy,d,12,best,c056,0.09307861328125,-0.081939697265625,0.18684044480323792,1.6842128038406372
4.0,deploy,d,12,best,c025,-0.22960567474365234,-0.00527191162109375,0.18684044480323792,1.6842128038406372
4.0,deploy,d,12,best,c029,-0.1347980499267578,0.2712211608886719,0.18684044480323792,1.6842128038406372
4.0,deploy,d,12,best,c014,-0.30532073974609375,0.08031272888183594,0.18684044480323792,1.6842128038406372
4.0,deploy,d,12,best,c002,-0.42406368255615234,0.08498859405517578,0.18684044480323792,1.6842128038406372
4.0,deploy,d,12,best,c023,-0.45938682556152344,0.17623424530029297,0.18684044480323792,1.6842128038406372
4.0,deploy,d,12,best,c046,-0.2776613235473633,-0.006251335144042969,0.18684044480323792,1.6842128038406372
4.0,deploy,d,12,best,c022,-0.2325572967529297,0.045464515686035156,0.18684044480323792,1.6842128038406372
4.0,deploy,d,12,best,c050,-0.02439403533935547,0.06510162353515625,0.18684044480323792,1.6842128038406372
4.0,eval,random,12,best,c006,0.11150455474853516,0.08767032623291016,0.1328931637108326,1.1569533546765645
4.0,eval,random,12,best,c017,0.24312305450439453,0.03399372100830078,0.1328931637108326,1.1569533546765645
4.0,eval,random,12,best,c039,0.23918883005777994,0.2236048380533854,0.1328931637108326,1.1569533546765645
4.0,eval,random,12,best,c036,0.025536855061848957,0.009144147237141926,0.1328931637108326,1.1569533546765645
4.0,eval,random,12,best,c009,0.15215651194254556,0.28997675577799475,0.1328931637108326,1.1569533546765645
4.0,eval,random,12,best,c000,0.16452789306640625,0.0076465606689453125,0.1328931637108326,1.1569533546765645
4.0,eval,random,12,best,c013,0.7867164611816406,-0.19600963592529297,0.1328931637108326,1.1569533546765645
4.0,eval,random,12,best,c049,0.6016279856363932,0.0021235148111978797,0.1328931637108326,1.1569533546765645
4.0,eval,random,12,best,c058,0.5349108378092448,0.03380648295084632,0.1328931637108326,1.1569533546765645
4.0,eval,random,12,best,c024,0.32828426361083984,-0.0021209716796875,0.1328931637108326,1.1569533546765645
4.0,eval,random,12,best,c042,0.207517941792806,-0.03419462839762369,0.1328931637108326,1.1569533546765645
4.0,eval,random,12,best,c047,0.3850199381510417,0.02877966562906903,0.1328931637108326,1.1569533546765645
4.0,eval,random,12,best,c043,0.3195803960164388,-0.06494394938151044,0.1328931637108326,1.1569533546765645
4.0,eval,random,12,best,c003,-0.1527878443400065,0.12348492940266928,0.1328931637108326,1.1569533546765645
4.0,eval,random,12,best,c041,0.40238698323567706,0.01395543416341144,0.1328931637108326,1.1569533546765645
4.0,eval,random,12,best,c008,0.11116441090901692,0.2806285222371419,0.1328931637108326,1.1569533546765645
4.0,eval,random,12,best,c045,0.502905527750651,-0.2411597569783529,0.1328931637108326,1.1569533546765645
4.0,eval,random,12,best,c011,0.031249046325683594,0.09186935424804688,0.1328931637108326,1.1569533546765645
4.0,eval,random,12,best,c020,0.5895471572875977,-0.1826305389404297,0.1328931637108326,1.1569533546765645
4.0,eval,random,12,best,c044,0.6611798604329427,-0.2308546702067057,0.1328931637108326,1.1569533546765645
4.0,eval,random,12,best,c016,0.008151690165201822,0.1149593989054362,0.1328931637108326,1.1569533546765645
4.0,eval,random,12,best,c056,0.37819449106852215,-0.038167317708333315,0.1328931637108326,1.1569533546765645
4.0,eval,random,12,best,c025,0.28354930877685547,0.007468223571777344,0.1328931637108326,1.1569533546765645
4.0,eval,random,12,best,c029,0.022779146830240887,0.17477194468180338,0.1328931637108326,1.1569533546765645
4.0,eval,random,12,best,c014,0.3014367421468099,-0.093472162882487,0.1328931637108326,1.1569533546765645
4.0,eval,random,12,best,c002,-0.05913416544596354,0.07918675740559897,0.1328931637108326,1.1569533546765645
4.0,eval,random,12,best,c023,0.026206016540527344,0.03660106658935547,0.1328931637108326,1.1569533546765645
4.0,eval,random,12,best,c046,0.2835721969604492,0.06641674041748047,0.1328931637108326,1.1569533546765645
4.0,eval,random,12,best,c022,0.12877941131591797,0.09205150604248047,0.1328931637108326,1.1569533546765645
4.0,eval,random,12,best,c050,0.40749963124593097,-0.037254015604654966,0.1328931637108326,1.1569533546765645
4.0,eval,random,12,best,c006,-0.1391445795694987,0.11325867970784506,0.1328931637108326,1.1569533546765645
4.0,eval,random,12,best,c017,0.44583892822265625,0.03527355194091797,0.1328931637108326,1.1569533546765645
4.0,eval,random,12,best,c039,0.44942188262939453,0.19428253173828125,0.1328931637108326,1.1569533546765645
4.0,eval,random,12,best,c036,0.3253949483235677,-0.10826079050699872,0.1328931637108326,1.1569533546765645
4.0,eval,random,12,best,c009,0.3119214375813802,0.2524617513020833,0.1328931637108326,1.1569533546765645
4.0,eval,random,12,best,c000,-0.11471843719482422,0.17250823974609375,0.1328931637108326,1.1569533546765645
4.0,eval,random,12,best,c013,0.08629035949707031,0.07592964172363281,0.1328931637108326,1.1569533546765645
4.0,eval,random,12,best,c049,-0.019991556803385418,0.18310674031575522,0.1328931637108326,1.1569533546765645
4.0,eval,random,12,best,c058,0.03193314870198568,0.23273595174153647,0.1328931637108326,1.1569533546765645
4.0,eval,random,12,best,c024,0.004784584045410156,-0.022123336791992188,0.1328931637108326,1.1569533546765645
4.0,eval,random,12,best,c042,0.15284061431884766,0.1701498031616211,0.1328931637108326,1.1569533546765645
4.0,eval,random,12,best,c047,0.27016957600911456,0.01961358388264972,0.1328931637108326,1.1569533546765645
4.0,eval,random,12,best,c043,0.10973612467447917,0.02611319224039714,0.1328931637108326,1.1569533546765645
4.0,eval,random,12,best,c003,-0.11147435506184895,0.1525255839029948,0.1328931637108326,1.1569533546765645
4.0,eval,random,12,best,c041,0.1995077133178711,-0.057674407958984375,0.1328931637108326,1.1569533546765645
4.0,eval,random,12,best,c008,0.25662581125895184,0.19098631540934247,0.1328931637108326,1.1569533546765645
4.0,eval,random,12,best,c045,0.020089467366536457,0.12541516621907553,0.1328931637108326,1.1569533546765645
4.0,eval,random,12,best,c011,0.020985921223958332,0.14302857716878256,0.1328931637108326,1.1569533546765645
4.0,eval,random,12,best,c020,-0.08285935719807942,0.07082525889078777,0.1328931637108326,1.1569533546765645
4.0,eval,random,12,best,c044,0.0987701416015625,0.1687641143798828,0.1328931637108326,1.1569533546765645
4.0,eval,random,12,best,c016,0.15796438852945963,-0.02332337697347006,0.1328931637108326,1.1569533546765645
4.0,eval,random,12,best,c056,0.3095696767171224,0.08152135213216144,0.1328931637108326,1.1569533546765645
4.0,eval,random,12,best,c025,0.17769336700439453,0.009392738342285156,0.1328931637108326,1.1569533546765645
4.0,eval,random,12,best,c029,0.6197331746419271,0.17615922292073571,0.1328931637108326,1.1569533546765645
4.0,eval,random,12,best,c014,0.04334322611490885,0.16731135050455728,0.1328931637108326,1.1569533546765645
4.0,eval,random,12,best,c002,0.049057324727376304,0.044281323750813804,0.1328931637108326,1.1569533546765645
4.0,eval,random,12,best,c023,0.1741161346435547,0.03575420379638672,0.1328931637108326,1.1569533546765645
4.0,eval,random,12,best,c046,0.1828317642211914,-0.033855438232421875,0.1328931637108326,1.1569533546765645
4.0,eval,random,12,best,c022,0.08121999104817708,-0.026046435038248703,0.1328931637108326,1.1569533546765645
4.0,eval,random,12,best,c050,0.013002395629882812,0.04324626922607422,0.1328931637108326,1.1569533546765645
6.0,eval,d,12,best,c006,0.08886051177978516,0.06502628326416016,0.24093975126743317,1.5616881847381592
6.0,eval,d,12,best,c017,0.003734588623046875,-0.20539474487304688,0.24093975126743317,1.5616881847381592
6.0,eval,d,12,best,c039,0.2441244125366211,0.22854042053222656,0.24093975126743317,1.5616881847381592
6.0,eval,d,12,best,c036,-0.15354347229003906,-0.1699361801147461,0.24093975126743317,1.5616881847381592
6.0,eval,d,12,best,c009,0.006625175476074219,0.14444541931152344,0.24093975126743317,1.5616881847381592
6.0,eval,d,12,best,c000,0.1500225067138672,-0.00685882568359375,0.24093975126743317,1.5616881847381592
6.0,eval,d,12,best,c013,0.3800697326660156,-0.602656364440918,0.24093975126743317,1.5616881847381592
6.0,eval,d,12,best,c049,0.5577335357666016,-0.04177093505859375,0.24093975126743317,1.5616881847381592
6.0,eval,d,12,best,c058,0.26268863677978516,-0.23841571807861328,0.24093975126743317,1.5616881847381592
6.0,eval,d,12,best,c024,0.03880119323730469,-0.29160404205322266,0.24093975126743317,1.5616881847381592
6.0,eval,d,12,best,c042,-0.2006826400756836,-0.4423952102661133,0.24093975126743317,1.5616881847381592
6.0,eval,d,12,best,c047,0.010855674743652344,-0.3453845977783203,0.24093975126743317,1.5616881847381592
6.0,eval,d,12,best,c043,-0.1369304656982422,-0.5214548110961914,0.24093975126743317,1.5616881847381592
6.0,eval,d,12,best,c003,-0.3023519515991211,-0.026079177856445312,0.24093975126743317,1.5616881847381592
6.0,eval,d,12,best,c041,0.1784954071044922,-0.20993614196777344,0.24093975126743317,1.5616881847381592
6.0,eval,d,12,best,c008,0.14258766174316406,0.31205177307128906,0.24093975126743317,1.5616881847381592
6.0,eval,d,12,best,c045,0.3007631301879883,-0.4433021545410156,0.24093975126743317,1.5616881847381592
6.0,eval,d,12,best,c011,-0.12206363677978516,-0.061443328857421875,0.24093975126743317,1.5616881847381592
6.0,eval,d,12,best,c020,0.33508872985839844,-0.4370889663696289,0.24093975126743317,1.5616881847381592
6.0,eval,d,12,best,c044,0.33606719970703125,-0.5559673309326172,0.24093975126743317,1.5616881847381592
6.0,eval,d,12,best,c016,-0.1354837417602539,-0.02867603302001953,0.24093975126743317,1.5616881847381592
6.0,eval,d,12,best,c056,0.1847848892211914,-0.23157691955566406,0.24093975126743317,1.5616881847381592
6.0,eval,d,12,best,c025,0.09162521362304688,-0.18445587158203125,0.24093975126743317,1.5616881847381592
6.0,eval,d,12,best,c029,0.19033145904541016,0.34232425689697266,0.24093975126743317,1.5616881847381592
6.0,eval,d,12,best,c014,-0.0849618911743164,-0.4798707962036133,0.24093975126743317,1.5616881847381592
6.0,eval,d,12,best,c002,-0.09888172149658203,0.03943920135498047,0.24093975126743317,1.5616881847381592
6.0,eval,d,12,best,c023,-0.019170761108398438,-0.008775711059570312,0.24093975126743317,1.5616881847381592
6.0,eval,d,12,best,c046,0.006237030029296875,-0.21091842651367188,0.24093975126743317,1.5616881847381592
6.0,eval,d,12,best,c022,-0.09269142150878906,-0.12941932678222656,0.24093975126743317,1.5616881847381592
6.0,eval,d,12,best,c050,0.26883411407470703,-0.1759195327758789,0.24093975126743317,1.5616881847381592
6.0,eval,d,12,best,c006,-0.09754657745361328,0.15485668182373047,0.24093975126743317,1.5616881847381592
6.0,eval,d,12,best,c017,0.1494436264038086,-0.2611217498779297,0.24093975126743317,1.5616881847381592
6.0,eval,d,12,best,c039,0.4736356735229492,0.21849632263183594,0.24093975126743317,1.5616881847381592
6.0,eval,d,12,best,c036,-0.23711013793945312,-0.6707658767700195,0.24093975126743317,1.5616881847381592
6.0,eval,d,12,best,c009,0.1555166244506836,0.09605693817138672,0.24093975126743317,1.5616881847381592
6.0,eval,d,12,best,c000,-0.1534709930419922,0.13375568389892578,0.24093975126743317,1.5616881847381592
6.0,eval,d,12,best,c013,-0.043290138244628906,-0.053650856018066406,0.24093975126743317,1.5616881847381592
6.0,eval,d,12,best,c049,0.0881500244140625,0.2912483215332031,0.24093975126743317,1.5616881847381592
6.0,eval,d,12,best,c058,0.02351856231689453,0.2243213653564453,0.24093975126743317,1.5616881847381592
6.0,eval,d,12,best,c024,-0.16983413696289062,-0.19674205780029297,0.24093975126743317,1.5616881847381592
6.0,eval,d,12,best,c042,-0.16522693634033203,-0.1479177474975586,0.24093975126743317,1.5616881847381592
6.0,eval,d,12,best,c047,-0.16721439361572266,-0.4177703857421875,0.24093975126743317,1.5616881847381592
6.0,eval,d,12,best,c043,-0.12526416778564453,-0.20888710021972656,0.24093975126743317,1.5616881847381592
6.0,eval,d,12,best,c003,-0.36785411834716797,-0.10385417938232422,0.24093975126743317,1.5616881847381592
6.0,eval,d,12,best,c041,-0.2260599136352539,-0.4832420349121094,0.24093975126743317,1.5616881847381592
6.0,eval,d,12,best,c008,0.4411487579345703,0.37550926208496094,0.24093975126743317,1.5616881847381592
6.0,eval,d,12,best,c045,-0.023967742919921875,0.08135795593261719,0.24093975126743317,1.5616881847381592
6.0,eval,d,12,best,c011,-0.09175777435302734,0.030284881591796875,0.24093975126743317,1.5616881847381592
6.0,eval,d,12,best,c020,-0.051036834716796875,0.10264778137207031,0.24093975126743317,1.5616881847381592
6.0,eval,d,12,best,c044,-0.1081094741821289,-0.038115501403808594,0.24093975126743317,1.5616881847381592
6.0,eval,d,12,best,c016,-0.16861534118652344,-0.3499031066894531,0.24093975126743317,1.5616881847381592
6.0,eval,d,12,best,c056,-0.05176734924316406,-0.279815673828125,0.24093975126743317,1.5616881847381592
6.0,eval,d,12,best,c025,0.06988811492919922,-0.09841251373291016,0.24093975126743317,1.5616881847381592
6.0,eval,d,12,best,c029,0.3395957946777344,-0.10397815704345703,0.24093975126743317,1.5616881847381592
6.0,eval,d,12,best,c014,-0.18739032745361328,-0.06342220306396484,0.24093975126743317,1.5616881847381592
6.0,eval,d,12,best,c002,-0.1165304183959961,-0.1213064193725586,0.24093975126743317,1.5616881847381592
6.0,eval,d,12,best,c023,0.00225067138671875,-0.13611125946044922,0.24093975126743317,1.5616881847381592
6.0,eval,d,12,best,c046,-0.2571744918823242,-0.4738616943359375,0.24093975126743317,1.5616881847381592
6.0,eval,d,12,best,c022,-0.1622142791748047,-0.26948070526123047,0.24093975126743317,1.5616881847381592
6.0,eval,d,12,best,c050,-0.04107189178466797,-0.010828018188476562,0.24093975126743317,1.5616881847381592
6.0,deploy,d,12,best,c006,-0.31233787536621094,0.0841064453125,0.277971088886261,1.6530402898788452
6.0,deploy,d,12,best,c017,0.018342971801757812,0.19219303131103516,0.277971088886261,1.6530402898788452
6.0,deploy,d,12,best,c039,0.19959545135498047,0.28887271881103516,0.277971088886261,1.6530402898788452
6.0,deploy,d,12,best,c036,-0.15554428100585938,-0.11978340148925781,0.277971088886261,1.6530402898788452
6.0,deploy,d,12,best,c009,-0.12620258331298828,0.40786075592041016,0.277971088886261,1.6530402898788452
6.0,deploy,d,12,best,c000,-0.21707439422607422,0.17479324340820312,0.277971088886261,1.6530402898788452
6.0,deploy,d,12,best,c013,-0.037062644958496094,0.043662071228027344,0.277971088886261,1.6530402898788452
6.0,deploy,d,12,best,c049,-0.06065654754638672,0.5009231567382812,0.277971088886261,1.6530402898788452
6.0,deploy,d,12,best,c058,-0.07712554931640625,0.5243082046508789,0.277971088886261,1.6530402898788452
6.0,deploy,d,12,best,c024,-0.3348665237426758,0.06167316436767578,0.277971088886261,1.6530402898788452
6.0,deploy,d,12,best,c042,-0.32630062103271484,0.236785888671875,0.277971088886261,1.6530402898788452
6.0,deploy,d,12,best,c047,-0.18094921112060547,-0.14276695251464844,0.277971088886261,1.6530402898788452
6.0,deploy,d,12,best,c043,-0.3949422836303711,-0.07748126983642578,0.277971088886261,1.6530402898788452
6.0,deploy,d,12,best,c003,-0.5212726593017578,0.2427816390991211,0.277971088886261,1.6530402898788452
6.0,deploy,d,12,best,c041,-0.2889118194580078,-0.1951303482055664,0.277971088886261,1.6530402898788452
6.0,deploy,d,12,best,c008,0.029935836791992188,0.37293529510498047,0.277971088886261,1.6530402898788452
6.0,deploy,d,12,best,c045,-0.3682241439819336,0.3048086166381836,0.277971088886261,1.6530402898788452
6.0,deploy,d,12,best,c011,-0.04582405090332031,0.13626956939697266,0.277971088886261,1.6530402898788452
6.0,deploy,d,12,best,c020,-0.22890567779541016,0.02961444854736328,0.277971088886261,1.6530402898788452
6.0,deploy,d,12,best,c044,-0.10504531860351562,0.2324657440185547,0.277971088886261,1.6530402898788452
6.0,deploy,d,12,best,c016,-0.15739154815673828,-0.06825542449951172,0.277971088886261,1.6530402898788452
6.0,deploy,d,12,best,c056,-0.05885505676269531,-0.07243156433105469,0.277971088886261,1.6530402898788452
6.0,deploy,d,12,best,c025,-0.17362594604492188,0.0043239593505859375,0.277971088886261,1.6530402898788452
6.0,deploy,d,12,best,c029,-0.26587963104248047,0.4961080551147461,0.277971088886261,1.6530402898788452
6.0,deploy,d,12,best,c014,-0.10789203643798828,0.14006614685058594,0.277971088886261,1.6530402898788452
6.0,deploy,d,12,best,c002,-0.2983436584472656,-0.03928375244140625,0.277971088886261,1.6530402898788452
6.0,deploy,d,12,best,c023,-0.27394771575927734,-0.0042667388916015625,0.277971088886261,1.6530402898788452
6.0,deploy,d,12,best,c046,-0.37526798248291016,-0.31288814544677734,0.277971088886261,1.6530402898788452
6.0,deploy,d,12,best,c022,-0.16834354400634766,0.10614299774169922,0.277971088886261,1.6530402898788452
6.0,deploy,d,12,best,c050,0.040627479553222656,0.028429031372070312,0.277971088886261,1.6530402898788452
6.0,deploy,d,12,best,c006,-0.3586874008178711,0.17930984497070312,0.277971088886261,1.6530402898788452
6.0,deploy,d,12,best,c017,-0.07876968383789062,0.17624568939208984,0.277971088886261,1.6530402898788452
6.0,deploy,d,12,best,c039,0.2426624298095703,0.3891019821166992,0.277971088886261,1.6530402898788452
6.0,deploy,d,12,best,c036,-0.3070707321166992,-0.22648239135742188,0.277971088886261,1.6530402898788452
6.0,deploy,d,12,best,c009,-0.11418533325195312,0.37079429626464844,0.277971088886261,1.6530402898788452
6.0,deploy,d,12,best,c000,-0.3640937805175781,0.24666786193847656,0.277971088886261,1.6530402898788452
6.0,deploy,d,12,best,c013,0.0015668869018554688,0.0908651351928711,0.277971088886261,1.6530402898788452
6.0,deploy,d,12,best,c049,-0.33308887481689453,0.7471923828125,0.277971088886261,1.6530402898788452
6.0,deploy,d,12,best,c058,0.008790016174316406,0.5882234573364258,0.277971088886261,1.6530402898788452
6.0,deploy,d,12,best,c024,-0.2021942138671875,0.04950904846191406,0.277971088886261,1.6530402898788452
6.0,deploy,d,12,best,c042,-0.2558135986328125,0.21752166748046875,0.277971088886261,1.6530402898788452
6.0,deploy,d,12,best,c047,-0.17639827728271484,0.025345802307128906,0.277971088886261,1.6530402898788452
6.0,deploy,d,12,best,c043,-0.2987213134765625,-0.31897640228271484,0.277971088886261,1.6530402898788452
6.0,deploy,d,12,best,c003,-0.45053577423095703,0.05504894256591797,0.277971088886261,1.6530402898788452
6.0,deploy,d,12,best,c041,-0.24265003204345703,0.1816234588623047,0.277971088886261,1.6530402898788452
6.0,deploy,d,12,best,c008,-0.07549571990966797,0.5322151184082031,0.277971088886261,1.6530402898788452
6.0,deploy,d,12,best,c045,-0.24451923370361328,-0.06830787658691406,0.277971088886261,1.6530402898788452
6.0,deploy,d,12,best,c011,-0.010407447814941406,0.20594120025634766,0.277971088886261,1.6530402898788452
6.0,deploy,d,12,best,c020,-0.22771549224853516,0.036373138427734375,0.277971088886261,1.6530402898788452
6.0,deploy,d,12,best,c044,-0.20259475708007812,0.25371360778808594,0.277971088886261,1.6530402898788452
6.0,deploy,d,12,best,c016,-0.04231452941894531,0.045063018798828125,0.277971088886261,1.6530402898788452
6.0,deploy,d,12,best,c056,0.059264183044433594,-0.1157541275024414,0.277971088886261,1.6530402898788452
6.0,deploy,d,12,best,c025,-0.21999168395996094,0.004342079162597656,0.277971088886261,1.6530402898788452
6.0,deploy,d,12,best,c029,-0.03289318084716797,0.3731260299682617,0.277971088886261,1.6530402898788452
6.0,deploy,d,12,best,c014,-0.22809982299804688,0.1575336456298828,0.277971088886261,1.6530402898788452
6.0,deploy,d,12,best,c002,-0.3703031539916992,0.1387491226196289,0.277971088886261,1.6530402898788452
6.0,deploy,d,12,best,c023,-0.41225528717041016,0.22336578369140625,0.277971088886261,1.6530402898788452
6.0,deploy,d,12,best,c046,-0.25416088104248047,0.017249107360839844,0.277971088886261,1.6530402898788452
6.0,deploy,d,12,best,c022,-0.14096355438232422,0.13705825805664062,0.277971088886261,1.6530402898788452
6.0,deploy,d,12,best,c050,0.025582313537597656,0.11507797241210938,0.277971088886261,1.6530402898788452
6.0,eval,random,12,best,c006,0.0592505137125651,0.0354162851969401,0.2733933279911677,0.9616599082946777
6.0,eval,random,12,best,c017,0.19681739807128906,-0.012311935424804688,0.2733933279911677,0.9616599082946777
6.0,eval,random,12,best,c039,0.3074502944946289,0.2918663024902344,0.2733933279911677,0.9616599082946777
6.0,eval,random,12,best,c036,-0.008888880411783854,-0.025281588236490883,0.2733933279911677,0.9616599082946777
6.0,eval,random,12,best,c009,0.1915308634440104,0.3293511072794596,0.2733933279911677,0.9616599082946777
6.0,eval,random,12,best,c000,0.08336766560872395,-0.07351366678873698,0.2733933279911677,0.9616599082946777
6.0,eval,random,12,best,c013,0.4863014221191406,-0.49642467498779297,0.2733933279911677,0.9616599082946777
6.0,eval,random,12,best,c049,0.4687334696451823,-0.130771001180013,0.2733933279911677,0.9616599082946777
6.0,eval,random,12,best,c058,0.4320068359375,-0.06909751892089844,0.2733933279911677,0.9616599082946777
6.0,eval,random,12,best,c024,0.2212864557902018,-0.10911877950032553,0.2733933279911677,0.9616599082946777
6.0,eval,random,12,best,c042,0.09022204081217448,-0.1514905293782552,0.2733933279911677,0.9616599082946777
6.0,eval,random,12,best,c047,0.3201211293538411,-0.03611914316813153,0.2733933279911677,0.9616599082946777
6.0,eval,random,12,best,c043,0.2684205373128255,-0.11610380808512372,0.2733933279911677,0.9616599082946777
6.0,eval,random,12,best,c003,-0.11399205525716145,0.16228071848551434,0.2733933279911677,0.9616599082946777
6.0,eval,random,12,best,c041,0.2774391174316406,-0.110992431640625,0.2733933279911677,0.9616599082946777
6.0,eval,random,12,best,c008,0.16952069600423178,0.3389848073323568,0.2733933279911677,0.9616599082946777
6.0,eval,random,12,best,c045,0.2864564259847005,-0.4576088587443034,0.2733933279911677,0.9616599082946777
6.0,eval,random,12,best,c011,0.025654157002766926,0.0862744649251302,0.2733933279911677,0.9616599082946777
6.0,eval,random,12,best,c020,0.3841094970703125,-0.38806819915771484,0.2733933279911677,0.9616599082946777
6.0,eval,random,12,best,c044,0.4218905766805013,-0.47014395395914715,0.2733933279911677,0.9616599082946777
6.0,eval,random,12,best,c016,0.0003414154052734375,0.10714912414550781,0.2733933279911677,0.9616599082946777
6.0,eval,random,12,best,c056,0.2644640604654948,-0.15189774831136066,0.2733933279911677,0.9616599082946777
6.0,eval,random,12,best,c025,0.22239240010579428,-0.053688685099283845,0.2733933279911677,0.9616599082946777
6.0,eval,random,12,best,c029,0.07982412974039714,0.23181692759195965,0.2733933279911677,0.9616599082946777
6.0,eval,random,12,best,c014,0.21996943155924478,-0.1749394734700521,0.2733933279911677,0.9616599082946777
6.0,eval,random,12,best,c002,-0.026600201924641926,0.11172072092692058,0.2733933279911677,0.9616599082946777
6.0,eval,random,12,best,c023,0.006702740987141927,0.01709779103597005,0.2733933279911677,0.9616599082946777
6.0,eval,random,12,best,c046,0.23312091827392578,0.01596546173095703,0.2733933279911677,0.9616599082946777
6.0,eval,random,12,best,c022,0.1253474553426107,0.08861955006917319,0.2733933279911677,0.9616599082946777
6.0,eval,random,12,best,c050,0.26406192779541016,-0.18069171905517578,0.2733933279911677,0.9616599082946777
6.0,eval,random,12,best,c006,-0.08984597524007161,0.16255728403727215,0.2733933279911677,0.9616599082946777
6.0,eval,random,12,best,c017,0.3290913899739583,-0.08147398630777997,0.2733933279911677,0.9616599082946777
6.0,eval,random,12,best,c039,0.4350852966308594,0.1799459457397461,0.2733933279911677,0.9616599082946777
6.0,eval,random,12,best,c036,0.16129589080810547,-0.27235984802246094,0.2733933279911677,0.9616599082946777
6.0,eval,random,12,best,c009,0.3072961171468099,0.247836430867513,0.2733933279911677,0.9616599082946777
6.0,eval,random,12,best,c000,-0.05259990692138672,0.23462677001953125,0.2733933279911677,0.9616599082946777
6.0,eval,random,12,best,c013,0.030272801717122395,0.019912083943684895,0.2733933279911677,0.9616599082946777
6.0,eval,random,12,best,c049,0.0017731984456380208,0.20487149556477866,0.2733933279911677,0.9616599082946777
6.0,eval,random,12,best,c058,0.08138974507649739,0.28219254811604816,0.2733933279911677,0.9616599082946777
6.0,eval,random,12,best,c024,-0.05736700693766276,-0.0842749277750651,0.2733933279911677,0.9616599082946777
6.0,eval,random,12,best,c042,0.1716925303141276,0.18900171915690103,0.2733933279911677,0.9616599082946777
6.0,eval,random,12,best,c047,0.2505515416463216,-4.45048014324767e-06,0.2733933279911677,0.9616599082946777
6.0,eval,random,12,best,c043,0.0802157719930013,-0.003407160441080734,0.2733933279911677,0.9616599082946777
6.0,eval,random,12,best,c003,-0.03896617889404297,0.22503376007080078,0.2733933279911677,0.9616599082946777
6.0,eval,random,12,best,c041,0.09283002217610677,-0.16435209910074872,0.2733933279911677,0.9616599082946777
6.0,eval,random,12,best,c008,0.27608172098795575,0.21044222513834637,0.2733933279911677,0.9616599082946777
6.0,eval,random,12,best,c045,0.02110608418782552,0.1264317830403646,0.2733933279911677,0.9616599082946777
6.0,eval,random,12,best,c011,0.03208382924397787,0.1541264851888021,0.2733933279911677,0.9616599082946777
6.0,eval,random,12,best,c020,-0.014801661173502604,0.1388829549153646,0.2733933279911677,0.9616599082946777
6.0,eval,random,12,best,c044,0.13444995880126953,0.20444393157958984,0.2733933279911677,0.9616599082946777
6.0,eval,random,12,best,c016,0.056419690450032554,-0.12486807505289713,0.2733933279911677,0.9616599082946777
6.0,eval,random,12,best,c056,0.25776322682698566,0.02971490224202472,0.2733933279911677,0.9616599082946777
6.0,eval,random,12,best,c025,0.12743568420410156,-0.04086494445800781,0.2733933279911677,0.9616599082946777
6.0,eval,random,12,best,c029,0.5703125,0.1267385482788086,0.2733933279911677,0.9616599082946777
6.0,eval,random,12,best,c014,0.05031013488769531,0.17427825927734375,0.2733933279911677,0.9616599082946777
6.0,eval,random,12,best,c002,0.012935320536295572,0.008159319559733072,0.2733933279911677,0.9616599082946777
6.0,eval,random,12,best,c023,0.12691052754720053,-0.011451403299967439,0.2733933279911677,0.9616599082946777
6.0,eval,random,12,best,c046,0.09734280904134114,-0.11934439341227214,0.2733933279911677,0.9616599082946777
6.0,eval,random,12,best,c022,-0.008446693420410156,-0.11571311950683594,0.2733933279911677,0.9616599082946777
6.0,eval,random,12,best,c050,0.00023937225341796875,0.030483245849609375,0.2733933279911677,0.9616599082946777
8.0,eval,d,12,best,c006,0.09335994720458984,0.06952571868896484,0.2933834195137024,1.5538556575775146
8.0,eval,d,12,best,c017,-0.04308032989501953,-0.2522096633911133,0.2933834195137024,1.5538556575775146
8.0,eval,d,12,best,c039,0.1703968048095703,0.15481281280517578,0.2933834195137024,1.5538556575775146
8.0,eval,d,12,best,c036,-0.3684864044189453,-0.38487911224365234,0.2933834195137024,1.5538556575775146
8.0,eval,d,12,best,c009,0.009637832641601562,0.14745807647705078,0.2933834195137024,1.5538556575775146
8.0,eval,d,12,best,c000,0.05718040466308594,-0.099700927734375,0.2933834195137024,1.5538556575775146
8.0,eval,d,12,best,c013,0.20244407653808594,-0.7802820205688477,0.2933834195137024,1.5538556575775146
8.0,eval,d,12,best,c049,0.4486722946166992,-0.1508321762084961,0.2933834195137024,1.5538556575775146
8.0,eval,d,12,best,c058,0.15417766571044922,-0.3469266891479492,0.2933834195137024,1.5538556575775146
8.0,eval,d,12,best,c024,-0.24053192138671875,-0.5709371566772461,0.2933834195137024,1.5538556575775146
8.0,eval,d,12,best,c042,-0.399688720703125,-0.6414012908935547,0.2933834195137024,1.5538556575775146
8.0,eval,d,12,best,c047,-0.1739034652709961,-0.5301437377929688,0.2933834195137024,1.5538556575775146
8.0,eval,d,12,best,c043,-0.3055562973022461,-0.6900806427001953,0.2933834195137024,1.5538556575775146
8.0,eval,d,12,best,c003,-0.30803871154785156,-0.03176593780517578,0.2933834195137024,1.5538556575775146
8.0,eval,d,12,best,c041,0.08092403411865234,-0.3075075149536133,0.2933834195137024,1.5538556575775146
8.0,eval,d,12,best,c008,0.09696102142333984,0.26642513275146484,0.2933834195137024,1.5538556575775146
8.0,eval,d,12,best,c045,0.0966949462890625,-0.6473703384399414,0.2933834195137024,1.5538556575775146
8.0,eval,d,12,best,c011,-0.12293624877929688,-0.062315940856933594,0.2933834195137024,1.5538556575775146
8.0,eval,d,12,best,c020,0.06251049041748047,-0.7096672058105469,0.2933834195137024,1.5538556575775146
8.0,eval,d,12,best,c044,0.05261802673339844,-0.83941650390625,0.2933834195137024,1.5538556575775146
8.0,eval,d,12,best,c016,-0.20958423614501953,-0.10277652740478516,0.2933834195137024,1.5538556575775146
8.0,eval,d,12,best,c056,-0.014426231384277344,-0.4307880401611328,0.2933834195137024,1.5538556575775146
8.0,eval,d,12,best,c025,-0.2035665512084961,-0.4796476364135742,0.2933834195137024,1.5538556575775146
8.0,eval,d,12,best,c029,0.17897796630859375,0.33097076416015625,0.2933834195137024,1.5538556575775146
8.0,eval,d,12,best,c014,-0.19349002838134766,-0.5883989334106445,0.2933834195137024,1.5538556575775146
8.0,eval,d,12,best,c002,-0.10221195220947266,0.036108970642089844,0.2933834195137024,1.5538556575775146
8.0,eval,d,12,best,c023,-0.12977981567382812,-0.119384765625,0.2933834195137024,1.5538556575775146
8.0,eval,d,12,best,c046,-0.1462411880493164,-0.36339664459228516,0.2933834195137024,1.5538556575775146
8.0,eval,d,12,best,c022,-0.24133872985839844,-0.27806663513183594,0.2933834195137024,1.5538556575775146
8.0,eval,d,12,best,c050,0.11136054992675781,-0.3333930969238281,0.2933834195137024,1.5538556575775146
8.0,eval,d,12,best,c006,-0.023479461669921875,0.22892379760742188,0.2933834195137024,1.5538556575775146
8.0,eval,d,12,best,c017,0.07345867156982422,-0.33710670471191406,0.2933834195137024,1.5538556575775146
8.0,eval,d,12,best,c039,0.28183937072753906,0.02670001983642578,0.2933834195137024,1.5538556575775146
8.0,eval,d,12,best,c036,-0.4673166275024414,-0.9009723663330078,0.2933834195137024,1.5538556575775146
8.0,eval,d,12,best,c009,0.08124160766601562,0.02178192138671875,0.2933834195137024,1.5538556575775146
8.0,eval,d,12,best,c000,-0.1947793960571289,0.09244728088378906,0.2933834195137024,1.5538556575775146
8.0,eval,d,12,best,c013,-0.05773735046386719,-0.06809806823730469,0.2933834195137024,1.5538556575775146
8.0,eval,d,12,best,c049,0.04390525817871094,0.24700355529785156,0.2933834195137024,1.5538556575775146
8.0,eval,d,12,best,c058,-0.00025844573974609375,0.2005443572998047,0.2933834195137024,1.5538556575775146
8.0,eval,d,12,best,c024,-0.2672872543334961,-0.29419517517089844,0.2933834195137024,1.5538556575775146
8.0,eval,d,12,best,c042,-0.31493377685546875,-0.2976245880126953,0.2933834195137024,1.5538556575775146
8.0,eval,d,12,best,c047,-0.3589506149291992,-0.6095066070556641,0.2933834195137024,1.5538556575775146
8.0,eval,d,12,best,c043,-0.28368568420410156,-0.3673086166381836,0.2933834195137024,1.5538556575775146
8.0,eval,d,12,best,c003,-0.41306304931640625,-0.1490631103515625,0.2933834195137024,1.5538556575775146
8.0,eval,d,12,best,c041,-0.37422943115234375,-0.6314115524291992,0.2933834195137024,1.5538556575775146
8.0,eval,d,12,best,c008,0.3664569854736328,0.30081748962402344,0.2933834195137024,1.5538556575775146
8.0,eval,d,12,best,c045,-0.07565116882324219,0.029674530029296875,0.2933834195137024,1.5538556575775146
8.0,eval,d,12,best,c011,-0.09379100799560547,0.02825164794921875,0.2933834195137024,1.5538556575775146
8.0,eval,d,12,best,c020,-0.10526275634765625,0.04842185974121094,0.2933834195137024,1.5538556575775146
8.0,eval,d,12,best,c044,-0.18369579315185547,-0.11370182037353516,0.2933834195137024,1.5538556575775146
8.0,eval,d,12,best,c016,-0.28987979888916016,-0.47116756439208984,0.2933834195137024,1.5538556575775146
8.0,eval,d,12,best,c056,-0.2431650161743164,-0.47121334075927734,0.2933834195137024,1.5538556575775146
8.0,eval,d,12,best,c025,-0.019765853881835938,-0.1880664825439453,0.2933834195137024,1.5538556575775146
8.0,eval,d,12,best,c029,0.22733688354492188,-0.21623706817626953,0.2933834195137024,1.5538556575775146
8.0,eval,d,12,best,c014,-0.2968769073486328,-0.17290878295898438,0.2933834195137024,1.5538556575775146
8.0,eval,d,12,best,c002,-0.20149803161621094,-0.20627403259277344,0.2933834195137024,1.5538556575775146
8.0,eval,d,12,best,c023,-0.19304466247558594,-0.3314065933227539,0.2933834195137024,1.5538556575775146
8.0,eval,d,12,best,c046,-0.42957592010498047,-0.6462631225585938,0.2933834195137024,1.5538556575775146
8.0,eval,d,12,best,c022,-0.34960365295410156,-0.45687007904052734,0.2933834195137024,1.5538556575775146
8.0,eval,d,12,best,c050,-0.049221038818359375,-0.01897716522216797,0.2933834195137024,1.5538556575775146
8.0,deploy,d,12,best,c006,-0.2939128875732422,0.10253143310546875,0.3558599650859833,1.6546262502670288
8.0,deploy,d,12,best,c017,0.07551383972167969,0.24936389923095703,0.3558599650859833,1.6546262502670288
8.0,deploy,d,12,best,c039,0.061740875244140625,0.1510181427001953,0.3558599650859833,1.6546262502670288
8.0,deploy,d,12,best,c036,-0.2812662124633789,-0.24550533294677734,0.3558599650859833,1.6546262502670288
8.0,deploy,d,12,best,c009,-0.08503532409667969,0.44902801513671875,0.3558599650859833,1.6546262502670288
8.0,deploy,d,12,best,c000,-0.19785404205322266,0.1940135955810547,0.3558599650859833,1.6546262502670288
8.0,deploy,d,12,best,c013,-0.08216190338134766,-0.0014371871948242188,0.3558599650859833,1.6546262502670288
8.0,deploy,d,12,best,c049,-0.1234292984008789,0.43815040588378906,0.3558599650859833,1.6546262502670288
8.0,deploy,d,12,best,c058,0.004715919494628906,0.6061496734619141,0.3558599650859833,1.6546262502670288
8.0,deploy,d,12,best,c024,-0.34708499908447266,0.049454689025878906,0.3558599650859833,1.6546262502670288
8.0,deploy,d,12,best,c042,-0.2579383850097656,0.3051481246948242,0.3558599650859833,1.6546262502670288
8.0,deploy,d,12,best,c047,-0.26032447814941406,-0.22214221954345703,0.3558599650859833,1.6546262502670288
8.0,deploy,d,12,best,c043,-0.40021228790283203,-0.08275127410888672,0.3558599650859833,1.6546262502670288
8.0,deploy,d,12,best,c003,-0.5367965698242188,0.22725772857666016,0.3558599650859833,1.6546262502670288
8.0,deploy,d,12,best,c041,-0.3680858612060547,-0.2743043899536133,0.3558599650859833,1.6546262502670288
8.0,deploy,d,12,best,c008,-0.04976463317871094,0.29323482513427734,0.3558599650859833,1.6546262502670288
8.0,deploy,d,12,best,c045,-0.2826862335205078,0.3903465270996094,0.3558599650859833,1.6546262502670288
8.0,deploy,d,12,best,c011,-0.052458763122558594,0.12963485717773438,0.3558599650859833,1.6546262502670288
8.0,deploy,d,12,best,c020,-0.26584529876708984,-0.007325172424316406,0.3558599650859833,1.6546262502670288
8.0,deploy,d,12,best,c044,-0.07709598541259766,0.26041507720947266,0.3558599650859833,1.6546262502670288
8.0,deploy,d,12,best,c016,-0.19659423828125,-0.10745811462402344,0.3558599650859833,1.6546262502670288
8.0,deploy,d,12,best,c056,-0.19243431091308594,-0.2060108184814453,0.3558599650859833,1.6546262502670288
8.0,deploy,d,12,best,c025,-0.2848396301269531,-0.10688972473144531,0.3558599650859833,1.6546262502670288
8.0,deploy,d,12,best,c029,-0.1750783920288086,0.586909294128418,0.3558599650859833,1.6546262502670288
8.0,deploy,d,12,best,c014,-0.1188650131225586,0.12909317016601562,0.3558599650859833,1.6546262502670288
8.0,deploy,d,12,best,c002,-0.3112611770629883,-0.052201271057128906,0.3558599650859833,1.6546262502670288
8.0,deploy,d,12,best,c023,-0.39351654052734375,-0.12383556365966797,0.3558599650859833,1.6546262502670288
8.0,deploy,d,12,best,c046,-0.4628334045410156,-0.4004535675048828,0.3558599650859833,1.6546262502670288
8.0,deploy,d,12,best,c022,-0.21543407440185547,0.059052467346191406,0.3558599650859833,1.6546262502670288
8.0,deploy,d,12,best,c050,0.009705543518066406,-0.0024929046630859375,0.3558599650859833,1.6546262502670288
8.0,deploy,d,12,best,c006,-0.2665271759033203,0.2714700698852539,0.3558599650859833,1.6546262502670288
8.0,deploy,d,12,best,c017,-0.011762619018554688,0.24325275421142578,0.3558599650859833,1.6546262502670288
8.0,deploy,d,12,best,c039,0.22435665130615234,0.37079620361328125,0.3558599650859833,1.6546262502670288
8.0,deploy,d,12,best,c036,-0.3777751922607422,-0.29718685150146484,0.3558599650859833,1.6546262502670288
8.0,deploy,d,12,best,c009,-0.15671825408935547,0.3282613754272461,0.3558599650859833,1.6546262502670288
8.0,deploy,d,12,best,c000,-0.33318233489990234,0.27757930755615234,0.3558599650859833,1.6546262502670288
8.0,deploy,d,12,best,c013,0.0032567977905273438,0.09255504608154297,0.3558599650859833,1.6546262502670288
8.0,deploy,d,12,best,c049,-0.23079204559326172,0.8494892120361328,0.3558599650859833,1.6546262502670288
8.0,deploy,d,12,best,c058,0.06909656524658203,0.6485300064086914,0.3558599650859833,1.6546262502670288
8.0,deploy,d,12,best,c024,-0.2639026641845703,-0.01219940185546875,0.3558599650859833,1.6546262502670288
8.0,deploy,d,12,best,c042,-0.2261972427368164,0.24713802337646484,0.3558599650859833,1.6546262502670288
8.0,deploy,d,12,best,c047,-0.2139873504638672,-0.012243270874023438,0.3558599650859833,1.6546262502670288
8.0,deploy,d,12,best,c043,-0.43261051177978516,-0.4528656005859375,0.3558599650859833,1.6546262502670288
8.0,deploy,d,12,best,c003,-0.4181356430053711,0.0874490737915039,0.3558599650859833,1.6546262502670288
8.0,deploy,d,12,best,c041,-0.28707122802734375,0.13720226287841797,0.3558599650859833,1.6546262502670288
8.0,deploy,d,12,best,c008,-0.05068206787109375,0.5570287704467773,0.3558599650859833,1.6546262502670288
8.0,deploy,d,12,best,c045,-0.31212711334228516,-0.13591575622558594,0.3558599650859833,1.6546262502670288
8.0,deploy,d,12,best,c011,0.013815879821777344,0.2301645278930664,0.3558599650859833,1.6546262502670288
8.0,deploy,d,12,best,c020,-0.27440929412841797,-0.010320663452148438,0.3558599650859833,1.6546262502670288
8.0,deploy,d,12,best,c044,-0.2333087921142578,0.22299957275390625,0.3558599650859833,1.6546262502670288
8.0,deploy,d,12,best,c016,-0.09442901611328125,-0.0070514678955078125,0.3558599650859833,1.6546262502670288
8.0,deploy,d,12,best,c056,-0.04703521728515625,-0.22205352783203125,0.3558599650859833,1.6546262502670288
8.0,deploy,d,12,best,c025,-0.31622791290283203,-0.09189414978027344,0.3558599650859833,1.6546262502670288
8.0,deploy,d,12,best,c029,-0.05325508117675781,0.3527641296386719,0.3558599650859833,1.6546262502670288
8.0,deploy,d,12,best,c014,-0.16061878204345703,0.22501468658447266,0.3558599650859833,1.6546262502670288
8.0,deploy,d,12,best,c002,-0.3497323989868164,0.15931987762451172,0.3558599650859833,1.6546262502670288
8.0,deploy,d,12,best,c023,-0.47014427185058594,0.16547679901123047,0.3558599650859833,1.6546262502670288
8.0,deploy,d,12,best,c046,-0.25998878479003906,0.01142120361328125,0.3558599650859833,1.6546262502670288
8.0,deploy,d,12,best,c022,-0.11471366882324219,0.16330814361572266,0.3558599650859833,1.6546262502670288
8.0,deploy,d,12,best,c050,0.020300865173339844,0.10979652404785156,0.3558599650859833,1.6546262502670288
8.0,eval,random,12,best,c006,0.0151519775390625,-0.0086822509765625,0.3515587200721105,0.9015197157859802
8.0,eval,random,12,best,c017,0.1497961680094401,-0.059333165486653655,0.3515587200721105,0.9015197157859802
8.0,eval,random,12,best,c039,0.31490421295166016,0.2993202209472656,0.3515587200721105,0.9015197157859802
8.0,eval,random,12,best,c036,-0.02627118428548177,-0.0426638921101888,0.3515587200721105,0.9015197157859802
8.0,eval,random,12,best,c009,0.12474822998046875,0.26256847381591797,0.3515587200721105,0.9015197157859802
8.0,eval,random,12,best,c000,0.047499656677246094,-0.10938167572021484,0.3515587200721105,0.9015197157859802
8.0,eval,random,12,best,c013,0.219908078511556,-0.7628180185953776,0.3515587200721105,0.9015197157859802
8.0,eval,random,12,best,c049,0.3147106170654297,-0.2847938537597656,0.3515587200721105,0.9015197157859802
8.0,eval,random,12,best,c058,0.28528277079264325,-0.2158215840657552,0.3515587200721105,0.9015197157859802
8.0,eval,random,12,best,c024,0.1142129898071289,-0.21619224548339844,0.3515587200721105,0.9015197157859802
8.0,eval,random,12,best,c042,0.005853970845540364,-0.2358585993448893,0.3515587200721105,0.9015197157859802
8.0,eval,random,12,best,c047,0.24332141876220703,-0.11291885375976562,0.3515587200721105,0.9015197157859802
8.0,eval,random,12,best,c043,0.22043673197428384,-0.16408761342366537,0.3515587200721105,0.9015197157859802
8.0,eval,random,12,best,c003,-0.08113924662272136,0.1951335271199544,0.3515587200721105,0.9015197157859802
8.0,eval,random,12,best,c041,0.20465946197509766,-0.18377208709716797,0.3515587200721105,0.9015197157859802
8.0,eval,random,12,best,c008,0.13096110026041666,0.30042521158854163,0.3515587200721105,0.9015197157859802
8.0,eval,random,12,best,c045,0.15070533752441406,-0.5933599472045898,0.3515587200721105,0.9015197157859802
8.0,eval,random,12,best,c011,0.03868548075358073,0.099305788675944,0.3515587200721105,0.9015197157859802
8.0,eval,random,12,best,c020,0.2231868108113607,-0.5489908854166666,0.3515587200721105,0.9015197157859802
8.0,eval,random,12,best,c044,0.2714977264404297,-0.6205368041992188,0.3515587200721105,0.9015197157859802
8.0,eval,random,12,best,c016,0.0005655288696289062,0.10737323760986328,0.3515587200721105,0.9015197157859802
8.0,eval,random,12,best,c056,0.1959848403930664,-0.22037696838378906,0.3515587200721105,0.9015197157859802
8.0,eval,random,12,best,c025,0.13784344991048178,-0.13823763529459634,0.3515587200721105,0.9015197157859802
8.0,eval,random,12,best,c029,0.08555030822753906,0.23754310607910156,0.3515587200721105,0.9015197157859802
8.0,eval,random,12,best,c014,0.13288338979085287,-0.262025515238444,0.3515587200721105,0.9015197157859802
8.0,eval,random,12,best,c002,0.005267779032389323,0.1435887018839518,0.3515587200721105,0.9015197157859802
8.0,eval,random,12,best,c023,0.020560264587402344,0.03095531463623047,0.3515587200721105,0.9015197157859802
8.0,eval,random,12,best,c046,0.12994925181070963,-0.08720620473225912,0.3515587200721105,0.9015197157859802
8.0,eval,random,12,best,c022,0.07988135019938152,0.043153444925944015,0.3515587200721105,0.9015197157859802
8.0,eval,random,12,best,c050,0.17595609029134116,-0.26879755655924475,0.3515587200721105,0.9015197157859802
8.0,eval,random,12,best,c006,-0.0559991200764974,0.19640413920084634,0.3515587200721105,0.9015197157859802
8.0,eval,random,12,best,c017,0.23068555196126303,-0.17987982432047525,0.3515587200721105,0.9015197157859802
8.0,eval,random,12,best,c039,0.32355785369873047,0.06841850280761719,0.3515587200721105,0.9015197157859802
8.0,eval,random,12,best,c036,0.037212371826171875,-0.39644336700439453,0.3515587200721105,0.9015197157859802
8.0,eval,random,12,best,c009,0.19102605183919272,0.13156636555989584,0.3515587200721105,0.9015197157859802
8.0,eval,random,12,best,c000,-0.017167091369628906,0.27005958557128906,0.3515587200721105,0.9015197157859802
8.0,eval,random,12,best,c013,0.008661905924479166,-0.001698811848958334,0.3515587200721105,0.9015197157859802
8.0,eval,random,12,best,c049,0.015049298604329428,0.21814759572347006,0.3515587200721105,0.9015197157859802
8.0,eval,random,12,best,c058,0.06075414021809896,0.2615569432576497,0.3515587200721105,0.9015197157859802
8.0,eval,random,12,best,c024,-0.0669393539428711,-0.09384727478027344,0.3515587200721105,0.9015197157859802
8.0,eval,random,12,best,c042,0.13483651479085287,0.1521457036336263,0.3515587200721105,0.9015197157859802
8.0,eval,random,12,best,c047,0.21743265787760416,-0.033123334248860686,0.3515587200721105,0.9015197157859802
8.0,eval,random,12,best,c043,0.10068702697753906,0.01706409454345703,0.3515587200721105,0.9015197157859802
8.0,eval,random,12,best,c003,0.004211743672688802,0.26821168263753253,0.3515587200721105,0.9015197157859802
8.0,eval,random,12,best,c041,0.058324178059895836,-0.19885794321695963,0.3515587200721105,0.9015197157859802
8.0,eval,random,12,best,c008,0.1793346405029297,0.11369514465332031,0.3515587200721105,0.9015197157859802
8.0,eval,random,12,best,c045,0.01513067881266276,0.12045637766520183,0.3515587200721105,0.9015197157859802
8.0,eval,random,12,best,c011,0.0729509989420573,0.19499365488688153,0.3515587200721105,0.9015197157859802
8.0,eval,random,12,best,c020,0.03258736928304037,0.18627198537190756,0.3515587200721105,0.9015197157859802
8.0,eval,random,12,best,c044,0.11487770080566406,0.18487167358398438,0.3515587200721105,0.9015197157859802
8.0,eval,random,12,best,c016,-0.004065195719401042,-0.18535296122233072,0.3515587200721105,0.9015197157859802
8.0,eval,random,12,best,c056,0.15015411376953125,-0.07789421081542969,0.3515587200721105,0.9015197157859802
8.0,eval,random,12,best,c025,0.04883130391438802,-0.11946932474772134,0.3515587200721105,0.9015197157859802
8.0,eval,random,12,best,c029,0.3931887944539388,-0.05038515726725262,0.3515587200721105,0.9015197157859802
8.0,eval,random,12,best,c014,0.028641700744628906,0.15260982513427734,0.3515587200721105,0.9015197157859802
8.0,eval,random,12,best,c002,0.0033369064331054688,-0.0014390945434570312,0.3515587200721105,0.9015197157859802
8.0,eval,random,12,best,c023,0.082366943359375,-0.05599498748779297,0.3515587200721105,0.9015197157859802
8.0,eval,random,12,best,c046,0.045300801595052086,-0.1713864008585612,0.3515587200721105,0.9015197157859802
8.0,eval,random,12,best,c022,-0.0547478993733724,-0.1620143254597982,0.3515587200721105,0.9015197157859802
8.0,eval,random,12,best,c050,0.018270174662272137,0.048514048258463546,0.3515587200721105,0.9015197157859802
-8.0,eval,d,10,net,c006,-0.07381820678710938,-0.09765243530273438,0.20847788453102112,0.9843597412109375
-8.0,eval,d,10,net,c017,-0.047199249267578125,-0.2563285827636719,0.20847788453102112,0.9843597412109375
-8.0,eval,d,10,net,c039,-0.056624412536621094,-0.07220840454101562,0.20847788453102112,0.9843597412109375
-8.0,eval,d,10,net,c036,-0.05452537536621094,-0.07091808319091797,0.20847788453102112,0.9843597412109375
-8.0,eval,d,10,net,c009,-0.16573143005371094,-0.02791118621826172,0.20847788453102112,0.9843597412109375
-8.0,eval,d,10,net,c000,-0.1375284194946289,-0.29440975189208984,0.20847788453102112,0.9843597412109375
-8.0,eval,d,10,net,c013,0.2141895294189453,-0.7685365676879883,0.20847788453102112,0.9843597412109375
-8.0,eval,d,10,net,c049,0.1515340805053711,-0.4479703903198242,0.20847788453102112,0.9843597412109375
-8.0,eval,d,10,net,c058,0.18687152862548828,-0.31423282623291016,0.20847788453102112,0.9843597412109375
-8.0,eval,d,10,net,c024,0.05283164978027344,-0.2775735855102539,0.20847788453102112,0.9843597412109375
-8.0,eval,d,10,net,c042,-0.2656536102294922,-0.5073661804199219,0.20847788453102112,0.9843597412109375
-8.0,eval,d,10,net,c047,0.10593032836914062,-0.25030994415283203,0.20847788453102112,0.9843597412109375
-8.0,eval,d,10,net,c043,-0.26568126678466797,-0.6502056121826172,0.20847788453102112,0.9843597412109375
-8.0,eval,d,10,net,c003,-0.39732837677001953,-0.12105560302734375,0.20847788453102112,0.9843597412109375
-8.0,eval,d,10,net,c041,0.014310836791992188,-0.37412071228027344,0.20847788453102112,0.9843597412109375
-8.0,eval,d,10,net,c008,-0.30628013610839844,-0.13681602478027344,0.20847788453102112,0.9843597412109375
-8.0,eval,d,10,net,c045,0.05760383605957031,-0.6864614486694336,0.20847788453102112,0.9843597412109375
-8.0,eval,d,10,net,c011,-0.44560909271240234,-0.38498878479003906,0.20847788453102112,0.9843597412109375
-8.0,eval,d,10,net,c020,0.20794296264648438,-0.564234733581543,0.20847788453102112,0.9843597412109375
-8.0,eval,d,10,net,c044,0.0033416748046875,-0.8886928558349609,0.20847788453102112,0.9843597412109375
-8.0,eval,d,10,net,c016,-0.12199115753173828,-0.015183448791503906,0.20847788453102112,0.9843597412109375
-8.0,eval,d,10,net,c056,0.27229881286621094,-0.14406299591064453,0.20847788453102112,0.9843597412109375
-8.0,eval,d,10,net,c025,5.340576171875e-05,-0.2760276794433594,0.20847788453102112,0.9843597412109375
-8.0,eval,d,10,net,c029,-0.06345176696777344,0.08854103088378906,0.20847788453102112,0.9843597412109375
-8.0,eval,d,10,net,c014,-0.28326416015625,-0.6781730651855469,0.20847788453102112,0.9843597412109375
-8.0,eval,d,10,net,c002,-0.11168289184570312,0.026638031005859375,0.20847788453102112,0.9843597412109375
-8.0,eval,d,10,net,c023,-0.058409690856933594,-0.04801464080810547,0.20847788453102112,0.9843597412109375
-8.0,eval,d,10,net,c046,-0.0627603530883789,-0.27991580963134766,0.20847788453102112,0.9843597412109375
-8.0,eval,d,10,net,c022,-0.0689535140991211,-0.1056814193725586,0.20847788453102112,0.9843597412109375
-8.0,eval,d,10,net,c050,0.1880626678466797,-0.25669097900390625,0.20847788453102112,0.9843597412109375
-8.0,eval,d,10,net,c006,-0.09509086608886719,0.15731239318847656,0.20847788453102112,0.9843597412109375
-8.0,eval,d,10,net,c017,0.08936405181884766,-0.3212013244628906,0.20847788453102112,0.9843597412109375
-8.0,eval,d,10,net,c039,-0.02194690704345703,-0.2770862579345703,0.20847788453102112,0.9843597412109375
-8.0,eval,d,10,net,c036,-0.24676799774169922,-0.6804237365722656,0.20847788453102112,0.9843597412109375
-8.0,eval,d,10,net,c009,-0.06121826171875,-0.12067794799804688,0.20847788453102112,0.9843597412109375
-8.0,eval,d,10,net,c000,-0.16991138458251953,0.11731529235839844,0.20847788453102112,0.9843597412109375
-8.0,eval,d,10,net,c013,-0.1665182113647461,-0.1768789291381836,0.20847788453102112,0.9843597412109375
-8.0,eval,d,10,net,c049,0.03229236602783203,0.23539066314697266,0.20847788453102112,0.9843597412109375
-8.0,eval,d,10,net,c058,-0.15267372131347656,0.04812908172607422,0.20847788453102112,0.9843597412109375
-8.0,eval,d,10,net,c024,-0.00946044921875,-0.036368370056152344,0.20847788453102112,0.9843597412109375
-8.0,eval,d,10,net,c042,-0.3862142562866211,-0.36890506744384766,0.20847788453102112,0.9843597412109375
-8.0,eval,d,10,net,c047,0.012998580932617188,-0.23755741119384766,0.20847788453102112,0.9843597412109375
-8.0,eval,d,10,net,c043,-0.05404090881347656,-0.1376638412475586,0.20847788453102112,0.9843597412109375
-8.0,eval,d,10,net,c003,-0.24492263793945312,0.019077301025390625,0.20847788453102112,0.9843597412109375
-8.0,eval,d,10,net,c041,-0.06450080871582031,-0.3216829299926758,0.20847788453102112,0.9843597412109375
-8.0,eval,d,10,net,c008,0.054261207580566406,-0.011378288269042969,0.20847788453102112,0.9843597412109375
-8.0,eval,d,10,net,c045,-0.14628887176513672,-0.040963172912597656,0.20847788453102112,0.9843597412109375
-8.0,eval,d,10,net,c011,-0.5052404403686523,-0.3831977844238281,0.20847788453102112,0.9843597412109375
-8.0,eval,d,10,net,c020,0.037138938903808594,0.19082355499267578,0.20847788453102112,0.9843597412109375
-8.0,eval,d,10,net,c044,-0.3454732894897461,-0.2754793167114258,0.20847788453102112,0.9843597412109375
-8.0,eval,d,10,net,c016,-0.011095046997070312,-0.1923828125,0.20847788453102112,0.9843597412109375
-8.0,eval,d,10,net,c056,-0.06859970092773438,-0.2966480255126953,0.20847788453102112,0.9843597412109375
-8.0,eval,d,10,net,c025,-0.3554849624633789,-0.5237855911254883,0.20847788453102112,0.9843597412109375
-8.0,eval,d,10,net,c029,0.03102588653564453,-0.4125480651855469,0.20847788453102112,0.9843597412109375
-8.0,eval,d,10,net,c014,-0.4733905792236328,-0.3494224548339844,0.20847788453102112,0.9843597412109375
-8.0,eval,d,10,net,c002,-0.12263870239257812,-0.12741470336914062,0.20847788453102112,0.9843597412109375
-8.0,eval,d,10,net,c023,0.0634775161743164,-0.07488441467285156,0.20847788453102112,0.9843597412109375
-8.0,eval,d,10,net,c046,-0.02627849578857422,-0.2429656982421875,0.20847788453102112,0.9843597412109375
-8.0,eval,d,10,net,c022,-0.028038978576660156,-0.13530540466308594,0.20847788453102112,0.9843597412109375
-8.0,eval,d,10,net,c050,0.07500934600830078,0.10525321960449219,0.20847788453102112,0.9843597412109375
-8.0,deploy,d,10,net,c006,-0.48876094818115234,-0.0923166275024414,0.19138488173484802,0.9714165329933167
-8.0,deploy,d,10,net,c017,-0.2856416702270508,-0.11179161071777344,0.19138488173484802,0.9714165329933167
-8.0,deploy,d,10,net,c039,-0.24350833892822266,-0.15423107147216797,0.19138488173484802,0.9714165329933167
-8.0,deploy,d,10,net,c036,-0.30191707611083984,-0.2661561965942383,0.19138488173484802,0.9714165329933167
-8.0,deploy,d,10,net,c009,-0.4016132354736328,0.13245010375976562,0.19138488173484802,0.9714165329933167
-8.0,deploy,d,10,net,c000,-0.3051929473876953,0.08667469024658203,0.19138488173484802,0.9714165329933167
-8.0,deploy,d,10,net,c013,-0.3251485824584961,-0.24442386627197266,0.19138488173484802,0.9714165329933167
-8.0,deploy,d,10,net,c049,-0.2736377716064453,0.28794193267822266,0.19138488173484802,0.9714165329933167
-8.0,deploy,d,10,net,c058,-0.37607669830322266,0.2253570556640625,0.19138488173484802,0.9714165329933167
-8.0,deploy,d,10,net,c024,-0.5016136169433594,-0.10507392883300781,0.19138488173484802,0.9714165329933167
-8.0,deploy,d,10,net,c042,-0.5483798980712891,0.014706611633300781,0.19138488173484802,0.9714165329933167
-8.0,deploy,d,10,net,c047,-0.5004177093505859,-0.4622354507446289,0.19138488173484802,0.9714165329933167
-8.0,deploy,d,10,net,c043,-0.4193382263183594,-0.10187721252441406,0.19138488173484802,0.9714165329933167
-8.0,deploy,d,10,net,c003,-0.5080127716064453,0.2560415267944336,0.19138488173484802,0.9714165329933167
-8.0,deploy,d,10,net,c041,-0.34635257720947266,-0.25257110595703125,0.19138488173484802,0.9714165329933167
-8.0,deploy,d,10,net,c008,-0.4028739929199219,-0.059874534606933594,0.19138488173484802,0.9714165329933167
-8.0,deploy,d,10,net,c045,-0.5637168884277344,0.10931587219238281,0.19138488173484802,0.9714165329933167
-8.0,deploy,d,10,net,c011,-0.3831291198730469,-0.2010354995727539,0.19138488173484802,0.9714165329933167
-8.0,deploy,d,10,net,c020,-0.14331531524658203,0.1152048110961914,0.19138488173484802,0.9714165329933167
-8.0,deploy,d,10,net,c044,-0.40972423553466797,-0.07221317291259766,0.19138488173484802,0.9714165329933167
-8.0,deploy,d,10,net,c016,-0.3449535369873047,-0.2558174133300781,0.19138488173484802,0.9714165329933167
-8.0,deploy,d,10,net,c056,-0.07998371124267578,-0.09356021881103516,0.19138488173484802,0.9714165329933167
-8.0,deploy,d,10,net,c025,-0.3298025131225586,-0.15185260772705078,0.19138488173484802,0.9714165329933167
-8.0,deploy,d,10,net,c029,-0.6156005859375,0.14638710021972656,0.19138488173484802,0.9714165329933167
-8.0,deploy,d,10,net,c014,-0.41965675354003906,-0.17169857025146484,0.19138488173484802,0.9714165329933167
-8.0,deploy,d,10,net,c002,-0.3869476318359375,-0.12788772583007812,0.19138488173484802,0.9714165329933167
-8.0,deploy,d,10,net,c023,-0.33623218536376953,-0.06655120849609375,0.19138488173484802,0.9714165329933167
-8.0,deploy,d,10,net,c046,-0.35057926177978516,-0.28819942474365234,0.19138488173484802,0.9714165329933167
-8.0,deploy,d,10,net,c022,-0.2444171905517578,0.030069351196289062,0.19138488173484802,0.9714165329933167
-8.0,deploy,d,10,net,c050,-0.024753570556640625,-0.03695201873779297,0.19138488173484802,0.9714165329933167
-8.0,deploy,d,10,net,c006,-0.4282808303833008,0.10971641540527344,0.19138488173484802,0.9714165329933167
-8.0,deploy,d,10,net,c017,-0.4078340530395508,-0.1528186798095703,0.19138488173484802,0.9714165329933167
-8.0,deploy,d,10,net,c039,-0.12298774719238281,0.023451805114746094,0.19138488173484802,0.9714165329933167
-8.0,deploy,d,10,net,c036,-0.40854930877685547,-0.3279609680175781,0.19138488173484802,0.9714165329933167
-8.0,deploy,d,10,net,c009,-0.3650474548339844,0.11993217468261719,0.19138488173484802,0.9714165329933167
-8.0,deploy,d,10,net,c000,-0.48871326446533203,0.12204837799072266,0.19138488173484802,0.9714165329933167
-8.0,deploy,d,10,net,c013,-0.2769031524658203,-0.1876049041748047,0.19138488173484802,0.9714165329933167
-8.0,deploy,d,10,net,c049,-0.5102672576904297,0.5700139999389648,0.19138488173484802,0.9714165329933167
-8.0,deploy,d,10,net,c058,-0.1952037811279297,0.3842296600341797,0.19138488173484802,0.9714165329933167
-8.0,deploy,d,10,net,c024,-0.31690311431884766,-0.0651998519897461,0.19138488173484802,0.9714165329933167
-8.0,deploy,d,10,net,c042,-0.45092105865478516,0.022414207458496094,0.19138488173484802,0.9714165329933167
-8.0,deploy,d,10,net,c047,-0.3150491714477539,-0.11330509185791016,0.19138488173484802,0.9714165329933167
-8.0,deploy,d,10,net,c043,-0.3291139602661133,-0.3493690490722656,0.19138488173484802,0.9714165329933167
-8.0,deploy,d,10,net,c003,-0.4915294647216797,0.014055252075195312,0.19138488173484802,0.9714165329933167
-8.0,deploy,d,10,net,c041,-0.3175973892211914,0.10667610168457031,0.19138488173484802,0.9714165329933167
-8.0,deploy,d,10,net,c008,-0.5304527282714844,0.07725811004638672,0.19138488173484802,0.9714165329933167
-8.0,deploy,d,10,net,c045,-0.43752002716064453,-0.2613086700439453,0.19138488173484802,0.9714165329933167
-8.0,deploy,d,10,net,c011,-0.3990144729614258,-0.18266582489013672,0.19138488173484802,0.9714165329933167
-8.0,deploy,d,10,net,c020,-0.2205209732055664,0.043567657470703125,0.19138488173484802,0.9714165329933167
-8.0,deploy,d,10,net,c044,-0.45996761322021484,-0.0036592483520507812,0.19138488173484802,0.9714165329933167
-8.0,deploy,d,10,net,c016,-0.2821941375732422,-0.19481658935546875,0.19138488173484802,0.9714165329933167
-8.0,deploy,d,10,net,c056,-0.010955810546875,-0.18597412109375,0.19138488173484802,0.9714165329933167
-8.0,deploy,d,10,net,c025,-0.44138240814208984,-0.21704864501953125,0.19138488173484802,0.9714165329933167
-8.0,deploy,d,10,net,c029,-0.4365358352661133,-0.030516624450683594,0.19138488173484802,0.9714165329933167
-8.0,deploy,d,10,net,c014,-0.4770021438598633,-0.0913686752319336,0.19138488173484802,0.9714165329933167
-8.0,deploy,d,10,net,c002,-0.4472475051879883,0.061804771423339844,0.19138488173484802,0.9714165329933167
-8.0,deploy,d,10,net,c023,-0.3981666564941406,0.23745441436767578,0.19138488173484802,0.9714165329933167
-8.0,deploy,d,10,net,c046,-0.19988059997558594,0.07152938842773438,0.19138488173484802,0.9714165329933167
-8.0,deploy,d,10,net,c022,-0.2172698974609375,0.060751914978027344,0.19138488173484802,0.9714165329933167
-8.0,deploy,d,10,net,c050,-0.114837646484375,-0.02534198760986328,0.19138488173484802,0.9714165329933167
-8.0,eval,random,10,net,c006,-0.1494267781575521,-0.1732610066731771,0.1868190417687098,1.4461442232131958
-8.0,eval,random,10,net,c017,-0.1925525665283203,-0.40168190002441406,0.1868190417687098,1.4461442232131958
-8.0,eval,random,10,net,c039,-0.32228565216064453,-0.33786964416503906,0.1868190417687098,1.4461442232131958
-8.0,eval,random,10,net,c036,-0.15564505259195963,-0.17203776041666666,0.1868190417687098,1.4461442232131958
-8.0,eval,random,10,net,c009,-0.3551727930704753,-0.21735254923502606,0.1868190417687098,1.4461442232131958
-8.0,eval,random,10,net,c000,-0.08675765991210938,-0.2436389923095703,0.1868190417687098,1.4461442232131958
-8.0,eval,random,10,net,c013,0.3862158457438151,-0.5965102513631184,0.1868190417687098,1.4461442232131958
-8.0,eval,random,10,net,c049,0.08829307556152344,-0.5112113952636719,0.1868190417687098,1.4461442232131958
-8.0,eval,random,10,net,c058,0.08108043670654297,-0.42002391815185547,0.1868190417687098,1.4461442232131958
-8.0,eval,random,10,net,c024,-0.05608940124511719,-0.38649463653564453,0.1868190417687098,1.4461442232131958
-8.0,eval,random,10,net,c042,-0.25496164957682294,-0.4966742197672526,0.1868190417687098,1.4461442232131958
-8.0,eval,random,10,net,c047,-0.08908144632975261,-0.4453217188517253,0.1868190417687098,1.4461442232131958
-8.0,eval,random,10,net,c043,0.008419672648111979,-0.3761046727498372,0.1868190417687098,1.4461442232131958
-8.0,eval,random,10,net,c003,-0.2183688481648763,0.05790392557779947,0.1868190417687098,1.4461442232131958
-8.0,eval,random,10,net,c041,-0.03227710723876953,-0.42070865631103516,0.1868190417687098,1.4461442232131958
-8.0,eval,random,10,net,c008,-0.3844197591145833,-0.21495564778645831,0.1868190417687098,1.4461442232131958
-8.0,eval,random,10,net,c045,0.2207183837890625,-0.5233469009399414,0.1868190417687098,1.4461442232131958
-8.0,eval,random,10,net,c011,-0.241853396097819,-0.18123308817545572,0.1868190417687098,1.4461442232131958
-8.0,eval,random,10,net,c020,0.20072428385416666,-0.5714534123738607,0.1868190417687098,1.4461442232131958
-8.0,eval,random,10,net,c044,0.2892570495605469,-0.6027774810791016,0.1868190417687098,1.4461442232131958
-8.0,eval,random,10,net,c016,-0.26823870340983075,-0.16143099466959637,0.1868190417687098,1.4461442232131958
-8.0,eval,random,10,net,c056,-0.09723377227783203,-0.5135955810546875,0.1868190417687098,1.4461442232131958
-8.0,eval,random,10,net,c025,-0.03801949818929037,-0.31410058339436847,0.1868190417687098,1.4461442232131958
-8.0,eval,random,10,net,c029,-0.1794884999593099,-0.027495702107747405,0.1868190417687098,1.4461442232131958
-8.0,eval,random,10,net,c014,-0.13758246103922525,-0.5324913660685221,0.1868190417687098,1.4461442232131958
-8.0,eval,random,10,net,c002,-0.2693055470784505,-0.130984624226888,0.1868190417687098,1.4461442232131958
-8.0,eval,random,10,net,c023,-0.17618211110432944,-0.1657870610555013,0.1868190417687098,1.4461442232131958
-8.0,eval,random,10,net,c046,-0.21220811208089194,-0.4293635686238607,0.1868190417687098,1.4461442232131958
-8.0,eval,random,10,net,c022,-0.22185071309407553,-0.25857861836751306,0.1868190417687098,1.4461442232131958
-8.0,eval,random,10,net,c050,0.035324414571126304,-0.40942923227945965,0.1868190417687098,1.4461442232131958
-8.0,eval,random,10,net,c006,-0.2832498550415039,-0.030846595764160156,0.1868190417687098,1.4461442232131958
-8.0,eval,random,10,net,c017,-0.054741859436035156,-0.46530723571777344,0.1868190417687098,1.4461442232131958
-8.0,eval,random,10,net,c039,-0.08548609415690105,-0.34062544504801434,0.1868190417687098,1.4461442232131958
-8.0,eval,random,10,net,c036,-0.21456686655680338,-0.6482226053873698,0.1868190417687098,1.4461442232131958
-8.0,eval,random,10,net,c009,-0.28446197509765625,-0.3439216613769531,0.1868190417687098,1.4461442232131958
-8.0,eval,random,10,net,c000,-0.32865015665690106,-0.04142347971598309,0.1868190417687098,1.4461442232131958
-8.0,eval,random,10,net,c013,-0.18471527099609375,-0.19507598876953125,0.1868190417687098,1.4461442232131958
-8.0,eval,random,10,net,c049,-0.2507651646931966,-0.04766686757405597,0.1868190417687098,1.4461442232131958
-8.0,eval,random,10,net,c058,-0.20998827616373697,-0.009185473124186189,0.1868190417687098,1.4461442232131958
-8.0,eval,random,10,net,c024,-0.20064322153727213,-0.22755114237467447,0.1868190417687098,1.4461442232131958
-8.0,eval,random,10,net,c042,-0.3332468668619792,-0.31593767801920575,0.1868190417687098,1.4461442232131958
-8.0,eval,random,10,net,c047,-0.18584156036376953,-0.4363975524902344,0.1868190417687098,1.4461442232131958
-8.0,eval,random,10,net,c043,-0.07764116923014323,-0.16126410166422528,0.1868190417687098,1.4461442232131958
-8.0,eval,random,10,net,c003,-0.30473899841308594,-0.04073905944824219,0.1868190417687098,1.4461442232131958
-8.0,eval,random,10,net,c041,-0.14226627349853516,-0.3994483947753906,0.1868190417687098,1.4461442232131958
-8.0,eval,random,10,net,c008,-0.21305179595947266,-0.27869129180908203,0.1868190417687098,1.4461442232131958
-8.0,eval,random,10,net,c045,-0.26443227132161456,-0.1591065724690755,0.1868190417687098,1.4461442232131958
-8.0,eval,random,10,net,c011,-0.2286850611368815,-0.10664240519205728,0.1868190417687098,1.4461442232131958
-8.0,eval,random,10,net,c020,-0.3148043950398763,-0.1611197789510091,0.1868190417687098,1.4461442232131958
-8.0,eval,random,10,net,c044,-0.3376108805338542,-0.2676169077555339,0.1868190417687098,1.4461442232131958
-8.0,eval,random,10,net,c016,-0.14395872751871744,-0.3252464930216471,0.1868190417687098,1.4461442232131958
-8.0,eval,random,10,net,c056,-0.31471824645996094,-0.5427665710449219,0.1868190417687098,1.4461442232131958
-8.0,eval,random,10,net,c025,-0.20712661743164062,-0.37542724609375,0.1868190417687098,1.4461442232131958
-8.0,eval,random,10,net,c029,-0.0660098393758138,-0.5095837910970052,0.1868190417687098,1.4461442232131958
-8.0,eval,random,10,net,c014,-0.3659404118855794,-0.24197228749593097,0.1868190417687098,1.4461442232131958
-8.0,eval,random,10,net,c002,-0.1629479726155599,-0.1677239735921224,0.1868190417687098,1.4461442232131958
-8.0,eval,random,10,net,c023,-0.1659428278605143,-0.30430475870768225,0.1868190417687098,1.4461442232131958
-8.0,eval,random,10,net,c046,-0.19727611541748047,-0.41396331787109375,0.1868190417687098,1.4461442232131958
-8.0,eval,random,10,net,c022,-0.19043254852294922,-0.297698974609375,0.1868190417687098,1.4461442232131958
-8.0,eval,random,10,net,c050,-0.19449583689371744,-0.16425196329752603,0.1868190417687098,1.4461442232131958
-6.0,eval,d,10,net,c006,0.12873554229736328,0.10490131378173828,0.12157499045133591,1.1277832984924316
-6.0,eval,d,10,net,c017,0.13657665252685547,-0.07255268096923828,0.12157499045133591,1.1277832984924316
-6.0,eval,d,10,net,c039,0.13712787628173828,0.12154388427734375,0.12157499045133591,1.1277832984924316
-6.0,eval,d,10,net,c036,0.26792430877685547,0.25153160095214844,0.12157499045133591,1.1277832984924316
-6.0,eval,d,10,net,c009,-0.04906177520751953,0.08875846862792969,0.12157499045133591,1.1277832984924316
-6.0,eval,d,10,net,c000,0.1341228485107422,-0.02275848388671875,0.12157499045133591,1.1277832984924316
-6.0,eval,d,10,net,c013,0.6112785339355469,-0.3714475631713867,0.12157499045133591,1.1277832984924316
-6.0,eval,d,10,net,c049,0.46174049377441406,-0.13776397705078125,0.12157499045133591,1.1277832984924316
-6.0,eval,d,10,net,c058,0.4887208938598633,-0.012383460998535156,0.12157499045133591,1.1277832984924316
-6.0,eval,d,10,net,c024,0.1986379623413086,-0.13176727294921875,0.12157499045133591,1.1277832984924316
-6.0,eval,d,10,net,c042,-0.023779869079589844,-0.26549243927001953,0.12157499045133591,1.1277832984924316
-6.0,eval,d,10,net,c047,0.44301700592041016,0.0867767333984375,0.12157499045133591,1.1277832984924316
-6.0,eval,d,10,net,c043,0.10563278198242188,-0.27889156341552734,0.12157499045133591,1.1277832984924316
-6.0,eval,d,10,net,c003,-0.28667640686035156,-0.010403633117675781,0.12157499045133591,1.1277832984924316
-6.0,eval,d,10,net,c041,0.3483915328979492,-0.040040016174316406,0.12157499045133591,1.1277832984924316
-6.0,eval,d,10,net,c008,-0.15537261962890625,0.01409149169921875,0.12157499045133591,1.1277832984924316
-6.0,eval,d,10,net,c045,0.42266178131103516,-0.32140350341796875,0.12157499045133591,1.1277832984924316
-6.0,eval,d,10,net,c011,-0.20360279083251953,-0.14298248291015625,0.12157499045133591,1.1277832984924316
-6.0,eval,d,10,net,c020,0.6154842376708984,-0.1566934585571289,0.12157499045133591,1.1277832984924316
-6.0,eval,d,10,net,c044,0.40012168884277344,-0.491912841796875,0.12157499045133591,1.1277832984924316
-6.0,eval,d,10,net,c016,0.06563663482666016,0.17244434356689453,0.12157499045133591,1.1277832984924316
-6.0,eval,d,10,net,c056,0.6598539352416992,0.24349212646484375,0.12157499045133591,1.1277832984924316
-6.0,eval,d,10,net,c025,0.15545368194580078,-0.12062740325927734,0.12157499045133591,1.1277832984924316
-6.0,eval,d,10,net,c029,0.048534393310546875,0.20052719116210938,0.12157499045133591,1.1277832984924316
-6.0,eval,d,10,net,c014,0.1592388153076172,-0.2356700897216797,0.12157499045133591,1.1277832984924316
-6.0,eval,d,10,net,c002,0.15342426300048828,0.2917451858520508,0.12157499045133591,1.1277832984924316
-6.0,eval,d,10,net,c023,0.06676006317138672,0.07715511322021484,0.12157499045133591,1.1277832984924316
-6.0,eval,d,10,net,c046,0.21141338348388672,-0.005742073059082031,0.12157499045133591,1.1277832984924316
-6.0,eval,d,10,net,c022,0.07435035705566406,0.03762245178222656,0.12157499045133591,1.1277832984924316
-6.0,eval,d,10,net,c050,0.6153631210327148,0.1706094741821289,0.12157499045133591,1.1277832984924316
-6.0,eval,d,10,net,c006,0.08281421661376953,0.3352174758911133,0.12157499045133591,1.1277832984924316
-6.0,eval,d,10,net,c017,0.3818531036376953,-0.02871227264404297,0.12157499045133591,1.1277832984924316
-6.0,eval,d,10,net,c039,0.19476318359375,-0.06037616729736328,0.12157499045133591,1.1277832984924316
-6.0,eval,d,10,net,c036,-0.008175849914550781,-0.4418315887451172,0.12157499045133591,1.1277832984924316
-6.0,eval,d,10,net,c009,0.11580848693847656,0.05634880065917969,0.12157499045133591,1.1277832984924316
-6.0,eval,d,10,net,c000,-0.08644866943359375,0.20077800750732422,0.12157499045133591,1.1277832984924316
-6.0,eval,d,10,net,c013,-0.016798019409179688,-0.027158737182617188,0.12157499045133591,1.1277832984924316
-6.0,eval,d,10,net,c049,0.15612030029296875,0.3592185974121094,0.12157499045133591,1.1277832984924316
-6.0,eval,d,10,net,c058,-0.03657245635986328,0.1642303466796875,0.12157499045133591,1.1277832984924316
-6.0,eval,d,10,net,c024,0.20710086822509766,0.1801929473876953,0.12157499045133591,1.1277832984924316
-6.0,eval,d,10,net,c042,-0.18524456024169922,-0.16793537139892578,0.12157499045133591,1.1277832984924316
-6.0,eval,d,10,net,c047,0.36165618896484375,0.1111001968383789,0.12157499045133591,1.1277832984924316
-6.0,eval,d,10,net,c043,0.14334964752197266,0.059726715087890625,0.12157499045133591,1.1277832984924316
-6.0,eval,d,10,net,c003,-0.07573127746582031,0.18826866149902344,0.12157499045133591,1.1277832984924316
-6.0,eval,d,10,net,c041,0.24741649627685547,-0.009765625,0.12157499045133591,1.1277832984924316
-6.0,eval,d,10,net,c008,0.22585391998291016,0.16021442413330078,0.12157499045133591,1.1277832984924316
-6.0,eval,d,10,net,c045,-0.021470069885253906,0.08385562896728516,0.12157499045133591,1.1277832984924316
-6.0,eval,d,10,net,c011,-0.3338890075683594,-0.21184635162353516,0.12157499045133591,1.1277832984924316
-6.0,eval,d,10,net,c020,0.3250274658203125,0.4787120819091797,0.12157499045133591,1.1277832984924316
-6.0,eval,d,10,net,c044,-0.1619586944580078,-0.0919647216796875,0.12157499045133591,1.1277832984924316
-6.0,eval,d,10,net,c016,0.3456888198852539,0.16440105438232422,0.12157499045133591,1.1277832984924316
-6.0,eval,d,10,net,c056,0.20250701904296875,-0.025541305541992188,0.12157499045133591,1.1277832984924316
-6.0,eval,d,10,net,c025,-0.07181739807128906,-0.24011802673339844,0.12157499045133591,1.1277832984924316
-6.0,eval,d,10,net,c029,0.27231884002685547,-0.17125511169433594,0.12157499045133591,1.1277832984924316
-6.0,eval,d,10,net,c014,-0.3006734848022461,-0.17670536041259766,0.12157499045133591,1.1277832984924316
-6.0,eval,d,10,net,c002,-0.009756088256835938,-0.014532089233398438,0.12157499045133591,1.1277832984924316
-6.0,eval,d,10,net,c023,0.2623271942138672,0.12396526336669922,0.12157499045133591,1.1277832984924316
-6.0,eval,d,10,net,c046,0.26567840576171875,0.04899120330810547,0.12157499045133591,1.1277832984924316
-6.0,eval,d,10,net,c022,0.19640731811523438,0.0891408920288086,0.12157499045133591,1.1277832984924316
-6.0,eval,d,10,net,c050,0.4165763854980469,0.4468202590942383,0.12157499045133591,1.1277832984924316
-6.0,deploy,d,10,net,c006,-0.47238922119140625,-0.07594490051269531,0.11452179402112961,1.0676325559616089
-6.0,deploy,d,10,net,c017,0.025468826293945312,0.19931888580322266,0.11452179402112961,1.0676325559616089
-6.0,deploy,d,10,net,c039,-0.09958267211914062,-0.010305404663085938,0.11452179402112961,1.0676325559616089
-6.0,deploy,d,10,net,c036,-0.028075218200683594,0.007685661315917969,0.11452179402112961,1.0676325559616089
-6.0,deploy,d,10,net,c009,-0.3594169616699219,0.17464637756347656,0.11452179402112961,1.0676325559616089
-6.0,deploy,d,10,net,c000,-0.19250869750976562,0.19935894012451172,0.11452179402112961,1.0676325559616089
-6.0,deploy,d,10,net,c013,-0.08335399627685547,-0.0026292800903320312,0.11452179402112961,1.0676325559616089
-6.0,deploy,d,10,net,c049,-0.19670963287353516,0.3648700714111328,0.11452179402112961,1.0676325559616089
-6.0,deploy,d,10,net,c058,-0.46109962463378906,0.1403341293334961,0.11452179402112961,1.0676325559616089
-6.0,deploy,d,10,net,c024,-0.3298063278198242,0.06673336029052734,0.11452179402112961,1.0676325559616089
-6.0,deploy,d,10,net,c042,-0.4351511001586914,0.12793540954589844,0.11452179402112961,1.0676325559616089
-6.0,deploy,d,10,net,c047,-0.27147388458251953,-0.2332916259765625,0.11452179402112961,1.0676325559616089
-6.0,deploy,d,10,net,c043,-0.2141733169555664,0.1032876968383789,0.11452179402112961,1.0676325559616089
-6.0,deploy,d,10,net,c003,-0.49662303924560547,0.26743125915527344,0.11452179402112961,1.0676325559616089
-6.0,deploy,d,10,net,c041,-0.18393898010253906,-0.09015750885009766,0.11452179402112961,1.0676325559616089
-6.0,deploy,d,10,net,c008,-0.34523963928222656,-0.0022401809692382812,0.11452179402112961,1.0676325559616089
-6.0,deploy,d,10,net,c045,-0.530242919921875,0.1427898406982422,0.11452179402112961,1.0676325559616089
-6.0,deploy,d,10,net,c011,-0.12543678283691406,0.056656837463378906,0.11452179402112961,1.0676325559616089
-6.0,deploy,d,10,net,c020,0.08542442321777344,0.3439445495605469,0.11452179402112961,1.0676325559616089
-6.0,deploy,d,10,net,c044,-0.224884033203125,0.11262702941894531,0.11452179402112961,1.0676325559616089
-6.0,deploy,d,10,net,c016,-0.04594707489013672,0.043189048767089844,0.11452179402112961,1.0676325559616089
-6.0,deploy,d,10,net,c056,0.1011362075805664,0.08755970001220703,0.11452179402112961,1.0676325559616089
-6.0,deploy,d,10,net,c025,-0.10691547393798828,0.07103443145751953,0.11452179402112961,1.0676325559616089
-6.0,deploy,d,10,net,c029,-0.6922750473022461,0.06971263885498047,0.11452179402112961,1.0676325559616089
-6.0,deploy,d,10,net,c014,-0.24521827697753906,0.0027399063110351562,0.11452179402112961,1.0676325559616089
-6.0,deploy,d,10,net,c002,-0.2381439208984375,0.020915985107421875,0.11452179402112961,1.0676325559616089
-6.0,deploy,d,10,net,c023,-0.1291675567626953,0.14051342010498047,0.11452179402112961,1.0676325559616089
-6.0,deploy,d,10,net,c046,-0.15656471252441406,-0.09418487548828125,0.11452179402112961,1.0676325559616089
-6.0,deploy,d,10,net,c022,-0.1259021759033203,0.14858436584472656,0.11452179402112961,1.0676325559616089
-6.0,deploy,d,10,net,c050,0.22079944610595703,0.2086009979248047,0.11452179402112961,1.0676325559616089
-6.0,deploy,d,10,net,c006,-0.4098672866821289,0.1281299591064453,0.11452179402112961,1.0676325559616089
-6.0,deploy,d,10,net,c017,-0.1519002914428711,0.10311508178710938,0.11452179402112961,1.0676325559616089
-6.0,deploy,d,10,net,c039,-0.03381919860839844,0.11262035369873047,0.11452179402112961,1.0676325559616089
-6.0,deploy,d,10,net,c036,-0.1921377182006836,-0.11154937744140625,0.11452179402112961,1.0676325559616089
-6.0,deploy,d,10,net,c009,-0.37404727935791016,0.1109323501586914,0.11452179402112961,1.0676325559616089
-6.0,deploy,d,10,net,c000,-0.4655494689941406,0.14521217346191406,0.11452179402112961,1.0676325559616089
-6.0,deploy,d,10,net,c013,-0.10590648651123047,-0.016608238220214844,0.11452179402112961,1.0676325559616089
-6.0,deploy,d,10,net,c049,-0.6631793975830078,0.4171018600463867,0.11452179402112961,1.0676325559616089
-6.0,deploy,d,10,net,c058,-0.24322032928466797,0.3362131118774414,0.11452179402112961,1.0676325559616089
-6.0,deploy,d,10,net,c024,-0.13674354553222656,0.114959716796875,0.11452179402112961,1.0676325559616089
-6.0,deploy,d,10,net,c042,-0.28051185607910156,0.1928234100341797,0.11452179402112961,1.0676325559616089
-6.0,deploy,d,10,net,c047,-0.09053516387939453,0.11120891571044922,0.11452179402112961,1.0676325559616089
-6.0,deploy,d,10,net,c043,-0.07551193237304688,-0.09576702117919922,0.11452179402112961,1.0676325559616089
-6.0,deploy,d,10,net,c003,-0.34236812591552734,0.16321659088134766,0.11452179402112961,1.0676325559616089
-6.0,deploy,d,10,net,c041,-0.22854137420654297,0.19573211669921875,0.11452179402112961,1.0676325559616089
-6.0,deploy,d,10,net,c008,-0.5294599533081055,0.07825088500976562,0.11452179402112961,1.0676325559616089
-6.0,deploy,d,10,net,c045,-0.2763223648071289,-0.10011100769042969,0.11452179402112961,1.0676325559616089
-6.0,deploy,d,10,net,c011,-0.22437667846679688,-0.008028030395507812,0.11452179402112961,1.0676325559616089
-6.0,deploy,d,10,net,c020,-0.044002532958984375,0.22008609771728516,0.11452179402112961,1.0676325559616089
-6.0,deploy,d,10,net,c044,-0.35894775390625,0.09736061096191406,0.11452179402112961,1.0676325559616089
-6.0,deploy,d,10,net,c016,-0.05023479461669922,0.03714275360107422,0.11452179402112961,1.0676325559616089
-6.0,deploy,d,10,net,c056,0.2464885711669922,0.07147026062011719,0.11452179402112961,1.0676325559616089
-6.0,deploy,d,10,net,c025,-0.3021507263183594,-0.07781696319580078,0.11452179402112961,1.0676325559616089
-6.0,deploy,d,10,net,c029,-0.35848140716552734,0.047537803649902344,0.11452179402112961,1.0676325559616089
-6.0,deploy,d,10,net,c014,-0.36039161682128906,0.025241851806640625,0.11452179402112961,1.0676325559616089
-6.0,deploy,d,10,net,c002,-0.38926124572753906,0.11979103088378906,0.11452179402112961,1.0676325559616089
-6.0,deploy,d,10,net,c023,-0.35650634765625,0.2791147232055664,0.11452179402112961,1.0676325559616089
-6.0,deploy,d,10,net,c046,-0.05033302307128906,0.22107696533203125,0.11452179402112961,1.0676325559616089
-6.0,deploy,d,10,net,c022,0.11243820190429688,0.3904600143432617,0.11452179402112961,1.0676325559616089
-6.0,deploy,d,10,net,c050,0.09767532348632812,0.18717098236083984,0.11452179402112961,1.0676325559616089
-6.0,eval,random,10,net,c006,-0.07054297129313152,-0.09437719980875652,0.08390997722744942,1.3758043050765991
-6.0,eval,random,10,net,c017,-0.11372661590576172,-0.32285594940185547,0.08390997722744942,1.3758043050765991
-6.0,eval,random,10,net,c039,-0.29456742604573566,-0.3101514180501302,0.08390997722744942,1.3758043050765991
-6.0,eval,random,10,net,c036,-0.08530171712239583,-0.10169442494710286,0.08390997722744942,1.3758043050765991
-6.0,eval,random,10,net,c009,-0.4051268895467122,-0.267306645711263,0.08390997722744942,1.3758043050765991
-6.0,eval,random,10,net,c000,0.02538585662841797,-0.13149547576904297,0.08390997722744942,1.3758043050765991
-6.0,eval,random,10,net,c013,0.6165135701497396,-0.366212526957194,0.08390997722744942,1.3758043050765991
-6.0,eval,random,10,net,c049,0.22453435262044272,-0.37497011820475257,0.08390997722744942,1.3758043050765991
-6.0,eval,random,10,net,c058,0.2062845230102539,-0.29481983184814453,0.08390997722744942,1.3758043050765991
-6.0,eval,random,10,net,c024,-0.013740857442220053,-0.3441460927327474,0.08390997722744942,1.3758043050765991
-6.0,eval,random,10,net,c042,-0.1753536860148112,-0.41706625620524085,0.08390997722744942,1.3758043050765991
-6.0,eval,random,10,net,c047,-0.02558739980061849,-0.3818276723225911,0.08390997722744942,1.3758043050765991
-6.0,eval,random,10,net,c043,0.15869871775309244,-0.22582562764485678,0.08390997722744942,1.3758043050765991
-6.0,eval,random,10,net,c003,-0.2788429260253906,-0.0025701522827148438,0.08390997722744942,1.3758043050765991
-6.0,eval,random,10,net,c041,0.10119406382242839,-0.2872374852498372,0.08390997722744942,1.3758043050765991
-6.0,eval,random,10,net,c008,-0.3657655715942383,-0.19630146026611328,0.08390997722744942,1.3758043050765991
-6.0,eval,random,10,net,c045,0.36546166737874347,-0.37860361735026044,0.08390997722744942,1.3758043050765991
-6.0,eval,random,10,net,c011,-0.2478491465250651,-0.1872288386027018,0.08390997722744942,1.3758043050765991
-6.0,eval,random,10,net,c020,0.40786170959472656,-0.3643159866333008,0.08390997722744942,1.3758043050765991
-6.0,eval,random,10,net,c044,0.4945789972941081,-0.39745553334554035,0.08390997722744942,1.3758043050765991
-6.0,eval,random,10,net,c016,-0.2528114318847656,-0.14600372314453125,0.08390997722744942,1.3758043050765991
-6.0,eval,random,10,net,c056,0.07203070322672527,-0.3443311055501302,0.08390997722744942,1.3758043050765991
-6.0,eval,random,10,net,c025,0.023359298706054688,-0.25272178649902344,0.08390997722744942,1.3758043050765991
-6.0,eval,random,10,net,c029,-0.16684786478678384,-0.014855066935221345,0.08390997722744942,1.3758043050765991
-6.0,eval,random,10,net,c014,0.03945732116699219,-0.3554515838623047,0.08390997722744942,1.3758043050765991
-6.0,eval,random,10,net,c002,-0.26997725168863934,-0.13165632883707684,0.08390997722744942,1.3758043050765991
-6.0,eval,random,10,net,c023,-0.12230078379313152,-0.11190573374430339,0.08390997722744942,1.3758043050765991
-6.0,eval,random,10,net,c046,-0.08698336283365886,-0.3041388193766276,0.08390997722744942,1.3758043050765991
-6.0,eval,random,10,net,c022,-0.22428258260091147,-0.261010487874349,0.08390997722744942,1.3758043050765991
-6.0,eval,random,10,net,c050,0.20638179779052734,-0.2383718490600586,0.08390997722744942,1.3758043050765991
-6.0,eval,random,10,net,c006,-0.29456933339436847,-0.04216607411702472,0.08390997722744942,1.3758043050765991
-6.0,eval,random,10,net,c017,0.039902051289876304,-0.370663324991862,0.08390997722744942,1.3758043050765991
-6.0,eval,random,10,net,c039,0.017465591430664062,-0.23767375946044922,0.08390997722744942,1.3758043050765991
-6.0,eval,random,10,net,c036,-0.10228220621744792,-0.5359379450480143,0.08390997722744942,1.3758043050765991
-6.0,eval,random,10,net,c009,-0.2615165710449219,-0.32097625732421875,0.08390997722744942,1.3758043050765991
-6.0,eval,random,10,net,c000,-0.3571128845214844,-0.0698862075805664,0.08390997722744942,1.3758043050765991
-6.0,eval,random,10,net,c013,-0.14269701639811197,-0.15305773417154947,0.08390997722744942,1.3758043050765991
-6.0,eval,random,10,net,c049,-0.23105939229329428,-0.027961095174153655,0.08390997722744942,1.3758043050765991
-6.0,eval,random,10,net,c058,-0.19641399383544922,0.0043888092041015625,0.08390997722744942,1.3758043050765991
-6.0,eval,random,10,net,c024,-0.15947532653808594,-0.18638324737548828,0.08390997722744942,1.3758043050765991
-6.0,eval,random,10,net,c042,-0.33996232350667316,-0.3226531346638997,0.08390997722744942,1.3758043050765991
-6.0,eval,random,10,net,c047,-0.08096059163411458,-0.3315165837605794,0.08390997722744942,1.3758043050765991
-6.0,eval,random,10,net,c043,-0.03140417734781901,-0.11502710978190103,0.08390997722744942,1.3758043050765991
-6.0,eval,random,10,net,c003,-0.3525441487630208,-0.08854420979817706,0.08390997722744942,1.3758043050765991
-6.0,eval,random,10,net,c041,-0.0021880467732747397,-0.2593701680501302,0.08390997722744942,1.3758043050765991
-6.0,eval,random,10,net,c008,-0.12943744659423828,-0.19507694244384766,0.08390997722744942,1.3758043050765991
-6.0,eval,random,10,net,c045,-0.2663434346516927,-0.16101773579915363,0.08390997722744942,1.3758043050765991
-6.0,eval,random,10,net,c011,-0.2086353302001953,-0.0865926742553711,0.08390997722744942,1.3758043050765991
-6.0,eval,random,10,net,c020,-0.3171710968017578,-0.16348648071289062,0.08390997722744942,1.3758043050765991
-6.0,eval,random,10,net,c044,-0.3430655797322591,-0.2730716069539388,0.08390997722744942,1.3758043050765991
-6.0,eval,random,10,net,c016,-0.04575284322102865,-0.22704060872395834,0.08390997722744942,1.3758043050765991
-6.0,eval,random,10,net,c056,-0.26614920298258465,-0.4941975275675456,0.08390997722744942,1.3758043050765991
-6.0,eval,random,10,net,c025,-0.13075701395670572,-0.29905764261881507,0.08390997722744942,1.3758043050765991
-6.0,eval,random,10,net,c029,0.030837059020996094,-0.4127368927001953,0.08390997722744942,1.3758043050765991
-6.0,eval,random,10,net,c014,-0.38579432169596356,-0.2618261973063151,0.08390997722744942,1.3758043050765991
-6.0,eval,random,10,net,c002,-0.10107994079589844,-0.10585594177246094,0.08390997722744942,1.3758043050765991
-6.0,eval,random,10,net,c023,-0.07750193277994792,-0.2158638636271159,0.08390997722744942,1.3758043050765991
-6.0,eval,random,10,net,c046,-0.06341298421223958,-0.28010018666585285,0.08390997722744942,1.3758043050765991
-6.0,eval,random,10,net,c022,-0.08897940317789714,-0.19624582926432294,0.08390997722744942,1.3758043050765991
-6.0,eval,random,10,net,c050,-0.1573146184285482,-0.12707074483235678,0.08390997722744942,1.3758043050765991
-4.0,eval,d,10,net,c006,0.23627281188964844,0.21243858337402344,0.042603500187397,1.3040354251861572
-4.0,eval,d,10,net,c017,0.32085418701171875,0.111724853515625,0.042603500187397,1.3040354251861572
-4.0,eval,d,10,net,c039,0.3718442916870117,0.3562602996826172,0.042603500187397,1.3040354251861572
-4.0,eval,d,10,net,c036,0.4207944869995117,0.4044017791748047,0.042603500187397,1.3040354251861572
-4.0,eval,d,10,net,c009,0.10567283630371094,0.24349308013916016,0.042603500187397,1.3040354251861572
-4.0,eval,d,10,net,c000,0.3119363784790039,0.15505504608154297,0.042603500187397,1.3040354251861572
-4.0,eval,d,10,net,c013,1.0043439865112305,0.021617889404296875,0.042603500187397,1.3040354251861572
-4.0,eval,d,10,net,c049,0.7594528198242188,0.15994834899902344,0.042603500187397,1.3040354251861572
-4.0,eval,d,10,net,c058,0.6599054336547852,0.15880107879638672,0.042603500187397,1.3040354251861572
-4.0,eval,d,10,net,c024,0.35472583770751953,0.024320602416992188,0.042603500187397,1.3040354251861572
-4.0,eval,d,10,net,c042,0.2575368881225586,0.015824317932128906,0.042603500187397,1.3040354251861572
-4.0,eval,d,10,net,c047,0.5768680572509766,0.2206277847290039,0.042603500187397,1.3040354251861572
-4.0,eval,d,10,net,c043,0.4473123550415039,0.06278800964355469,0.042603500187397,1.3040354251861572
-4.0,eval,d,10,net,c003,-0.17827701568603516,0.09799575805664062,0.042603500187397,1.3040354251861572
-4.0,eval,d,10,net,c041,0.5505437850952148,0.16211223602294922,0.042603500187397,1.3040354251861572
-4.0,eval,d,10,net,c008,-0.017763137817382812,0.1517009735107422,0.042603500187397,1.3040354251861572
-4.0,eval,d,10,net,c045,0.8083324432373047,0.06426715850830078,0.042603500187397,1.3040354251861572
-4.0,eval,d,10,net,c011,0.009569168090820312,0.0701894760131836,0.042603500187397,1.3040354251861572
-4.0,eval,d,10,net,c020,0.8986797332763672,0.12650203704833984,0.042603500187397,1.3040354251861572
-4.0,eval,d,10,net,c044,0.898991584777832,0.006957054138183594,0.042603500187397,1.3040354251861572
-4.0,eval,d,10,net,c016,0.1781625747680664,0.2849702835083008,0.042603500187397,1.3040354251861572
-4.0,eval,d,10,net,c056,0.8398361206054688,0.4234743118286133,0.042603500187397,1.3040354251861572
-4.0,eval,d,10,net,c025,0.36086273193359375,0.08478164672851562,0.042603500187397,1.3040354251861572
-4.0,eval,d,10,net,c029,0.1306924819946289,0.2826852798461914,0.042603500187397,1.3040354251861572
-4.0,eval,d,10,net,c014,0.5353879928588867,0.14047908782958984,0.042603500187397,1.3040354251861572
-4.0,eval,d,10,net,c002,0.2616405487060547,0.3999614715576172,0.042603500187397,1.3040354251861572
-4.0,eval,d,10,net,c023,0.13063907623291016,0.14103412628173828,0.042603500187397,1.3040354251861572
-4.0,eval,d,10,net,c046,0.39365673065185547,0.17650127410888672,0.042603500187397,1.3040354251861572
-4.0,eval,d,10,net,c022,0.19440269470214844,0.15767478942871094,0.042603500187397,1.3040354251861572
-4.0,eval,d,10,net,c050,0.7980575561523438,0.3533039093017578,0.042603500187397,1.3040354251861572
-4.0,eval,d,10,net,c006,0.15259552001953125,0.404998779296875,0.042603500187397,1.3040354251861572
-4.0,eval,d,10,net,c017,0.5694570541381836,0.1588916778564453,0.042603500187397,1.3040354251861572
-4.0,eval,d,10,net,c039,0.43805503845214844,0.18291568756103516,0.042603500187397,1.3040354251861572
-4.0,eval,d,10,net,c036,0.29593467712402344,-0.13772106170654297,0.042603500187397,1.3040354251861572
-4.0,eval,d,10,net,c009,0.32128334045410156,0.2618236541748047,0.042603500187397,1.3040354251861572
-4.0,eval,d,10,net,c000,-0.05392265319824219,0.23330402374267578,0.042603500187397,1.3040354251861572
-4.0,eval,d,10,net,c013,0.11939430236816406,0.10903358459472656,0.042603500187397,1.3040354251861572
-4.0,eval,d,10,net,c049,0.20887184143066406,0.4119701385498047,0.042603500187397,1.3040354251861572
-4.0,eval,d,10,net,c058,0.010578155517578125,0.2113809585571289,0.042603500187397,1.3040354251861572
-4.0,eval,d,10,net,c024,0.2762784957885742,0.24937057495117188,0.042603500187397,1.3040354251861572
-4.0,eval,d,10,net,c042,0.028960227966308594,0.04626941680908203,0.042603500187397,1.3040354251861572
-4.0,eval,d,10,net,c047,0.5094947814941406,0.2589387893676758,0.042603500187397,1.3040354251861572
-4.0,eval,d,10,net,c043,0.2632455825805664,0.17962265014648438,0.042603500187397,1.3040354251861572
-4.0,eval,d,10,net,c003,-0.00414276123046875,0.259857177734375,0.042603500187397,1.3040354251861572
-4.0,eval,d,10,net,c041,0.44235706329345703,0.18517494201660156,0.042603500187397,1.3040354251861572
-4.0,eval,d,10,net,c008,0.3249073028564453,0.25926780700683594,0.042603500187397,1.3040354251861572
-4.0,eval,d,10,net,c045,0.06966018676757812,0.1749858856201172,0.042603500187397,1.3040354251861572
-4.0,eval,d,10,net,c011,-0.11150455474853516,0.010538101196289062,0.042603500187397,1.3040354251861572
-4.0,eval,d,10,net,c020,0.3786754608154297,0.5323600769042969,0.042603500187397,1.3040354251861572
-4.0,eval,d,10,net,c044,0.0745697021484375,0.1445636749267578,0.042603500187397,1.3040354251861572
-4.0,eval,d,10,net,c016,0.5103654861450195,0.32907772064208984,0.042603500187397,1.3040354251861572
-4.0,eval,d,10,net,c056,0.43309497833251953,0.2050466537475586,0.042603500187397,1.3040354251861572
-4.0,eval,d,10,net,c025,0.23561573028564453,0.06731510162353516,0.042603500187397,1.3040354251861572
-4.0,eval,d,10,net,c029,0.47611045837402344,0.03253650665283203,0.042603500187397,1.3040354251861572
-4.0,eval,d,10,net,c014,-0.1201944351196289,0.0037736892700195312,0.042603500187397,1.3040354251861572
-4.0,eval,d,10,net,c002,0.08717536926269531,0.08239936828613281,0.042603500187397,1.3040354251861572
-4.0,eval,d,10,net,c023,0.3675098419189453,0.22914791107177734,0.042603500187397,1.3040354251861572
-4.0,eval,d,10,net,c046,0.3947019577026367,0.17801475524902344,0.042603500187397,1.3040354251861572
-4.0,eval,d,10,net,c022,0.31526660919189453,0.20800018310546875,0.042603500187397,1.3040354251861572
-4.0,eval,d,10,net,c050,0.5227241516113281,0.5529680252075195,0.042603500187397,1.3040354251861572
-4.0,deploy,d,10,net,c006,-0.37169933319091797,0.02474498748779297,0.04544130712747574,1.2246497869491577
-4.0,deploy,d,10,net,c017,0.24962806701660156,0.4234781265258789,0.04544130712747574,1.2246497869491577
-4.0,deploy,d,10,net,c039,0.045230865478515625,0.1345081329345703,0.04544130712747574,1.2246497869491577
-4.0,deploy,d,10,net,c036,0.17891788482666016,0.21467876434326172,0.04544130712747574,1.2246497869491577
-4.0,deploy,d,10,net,c009,-0.2625570297241211,0.27150630950927734,0.04544130712747574,1.2246497869491577
-4.0,deploy,d,10,net,c000,-0.14127254486083984,0.2505950927734375,0.04544130712747574,1.2246497869491577
-4.0,deploy,d,10,net,c013,0.06502628326416016,0.1457509994506836,0.04544130712747574,1.2246497869491577
-4.0,deploy,d,10,net,c049,-0.20987796783447266,0.3517017364501953,0.04544130712747574,1.2246497869491577
-4.0,deploy,d,10,net,c058,-0.5240907669067383,0.07734298706054688,0.04544130712747574,1.2246497869491577
-4.0,deploy,d,10,net,c024,-0.19802379608154297,0.1985158920288086,0.04544130712747574,1.2246497869491577
-4.0,deploy,d,10,net,c042,-0.34586524963378906,0.21722126007080078,0.04544130712747574,1.2246497869491577
-4.0,deploy,d,10,net,c047,0.013288497924804688,0.05147075653076172,0.04544130712747574,1.2246497869491577
-4.0,deploy,d,10,net,c043,-0.04461193084716797,0.27284908294677734,0.04544130712747574,1.2246497869491577
-4.0,deploy,d,10,net,c003,-0.5107364654541016,0.25331783294677734,0.04544130712747574,1.2246497869491577
-4.0,deploy,d,10,net,c041,0.06795024871826172,0.16173171997070312,0.04544130712747574,1.2246497869491577
-4.0,deploy,d,10,net,c008,-0.2404012680053711,0.10259819030761719,0.04544130712747574,1.2246497869491577
-4.0,deploy,d,10,net,c045,-0.4777240753173828,0.19530868530273438,0.04544130712747574,1.2246497869491577
-4.0,deploy,d,10,net,c011,0.028061866760253906,0.21015548706054688,0.04544130712747574,1.2246497869491577
-4.0,deploy,d,10,net,c020,0.1328601837158203,0.39138031005859375,0.04544130712747574,1.2246497869491577
-4.0,deploy,d,10,net,c044,-0.04248809814453125,0.29502296447753906,0.04544130712747574,1.2246497869491577
-4.0,deploy,d,10,net,c016,0.21663761138916016,0.3057737350463867,0.04544130712747574,1.2246497869491577
-4.0,deploy,d,10,net,c056,0.2443981170654297,0.2308216094970703,0.04544130712747574,1.2246497869491577
-4.0,deploy,d,10,net,c025,0.027679443359375,0.2056293487548828,0.04544130712747574,1.2246497869491577
-4.0,deploy,d,10,net,c029,-0.6691923141479492,0.09279537200927734,0.04544130712747574,1.2246497869491577
-4.0,deploy,d,10,net,c014,-0.09731292724609375,0.15064525604248047,0.04544130712747574,1.2246497869491577
-4.0,deploy,d,10,net,c002,-0.07623672485351562,0.18282318115234375,0.04544130712747574,1.2246497869491577
-4.0,deploy,d,10,net,c023,-0.027332305908203125,0.24234867095947266,0.04544130712747574,1.2246497869491577
-4.0,deploy,d,10,net,c046,0.03328132629394531,0.09566116333007812,0.04544130712747574,1.2246497869491577
-4.0,deploy,d,10,net,c022,-0.03395843505859375,0.24052810668945312,0.04544130712747574,1.2246497869491577
-4.0,deploy,d,10,net,c050,0.2723960876464844,0.26019763946533203,0.04544130712747574,1.2246497869491577
-4.0,deploy,d,10,net,c006,-0.3611793518066406,0.1768178939819336,0.04544130712747574,1.2246497869491577
-4.0,deploy,d,10,net,c017,0.0708761215209961,0.32589149475097656,0.04544130712747574,1.2246497869491577
-4.0,deploy,d,10,net,c039,0.04378986358642578,0.1902294158935547,0.04544130712747574,1.2246497869491577
-4.0,deploy,d,10,net,c036,0.03457832336425781,0.11516666412353516,0.04544130712747574,1.2246497869491577
-4.0,deploy,d,10,net,c009,-0.29408931732177734,0.19089031219482422,0.04544130712747574,1.2246497869491577
-4.0,deploy,d,10,net,c000,-0.43082237243652344,0.17993927001953125,0.04544130712747574,1.2246497869491577
-4.0,deploy,d,10,net,c013,0.019443511962890625,0.10874176025390625,0.04544130712747574,1.2246497869491577
-4.0,deploy,d,10,net,c049,-0.8520221710205078,0.22825908660888672,0.04544130712747574,1.2246497869491577
-4.0,deploy,d,10,net,c058,-0.3217506408691406,0.25768280029296875,0.04544130712747574,1.2246497869491577
-4.0,deploy,d,10,net,c024,-0.030237197875976562,0.221466064453125,0.04544130712747574,1.2246497869491577
-4.0,deploy,d,10,net,c042,-0.15749263763427734,0.3158426284790039,0.04544130712747574,1.2246497869491577
-4.0,deploy,d,10,net,c047,0.09316253662109375,0.2949066162109375,0.04544130712747574,1.2246497869491577
-4.0,deploy,d,10,net,c043,0.16854381561279297,0.14828872680664062,0.04544130712747574,1.2246497869491577
-4.0,deploy,d,10,net,c003,-0.25330448150634766,0.25228023529052734,0.04544130712747574,1.2246497869491577
-4.0,deploy,d,10,net,c041,-0.14475154876708984,0.2795219421386719,0.04544130712747574,1.2246497869491577
-4.0,deploy,d,10,net,c008,-0.4824981689453125,0.1252126693725586,0.04544130712747574,1.2246497869491577
-4.0,deploy,d,10,net,c045,-0.04952049255371094,0.12669086456298828,0.04544130712747574,1.2246497869491577
-4.0,deploy,d,10,net,c011,-0.09387969970703125,0.12246894836425781,0.04544130712747574,1.2246497869491577
-4.0,deploy,d,10,net,c020,0.06701946258544922,0.33110809326171875,0.04544130712747574,1.2246497869491577
-4.0,deploy,d,10,net,c044,-0.29722118377685547,0.1590871810913086,0.04544130712747574,1.2246497869491577
-4.0,deploy,d,10,net,c016,0.1174764633178711,0.20485401153564453,0.04544130712747574,1.2246497869491577
-4.0,deploy,d,10,net,c056,0.4028787612915039,0.2278604507446289,0.04544130712747574,1.2246497869491577
-4.0,deploy,d,10,net,c025,-0.15981769561767578,0.06451606750488281,0.04544130712747574,1.2246497869491577
-4.0,deploy,d,10,net,c029,-0.24285602569580078,0.1631631851196289,0.04544130712747574,1.2246497869491577
-4.0,deploy,d,10,net,c014,-0.23138809204101562,0.15424537658691406,0.04544130712747574,1.2246497869491577
-4.0,deploy,d,10,net,c002,-0.3209705352783203,0.1880817413330078,0.04544130712747574,1.2246497869491577
-4.0,deploy,d,10,net,c023,-0.35939693450927734,0.27622413635253906,0.04544130712747574,1.2246497869491577
-4.0,deploy,d,10,net,c046,-0.0033826828002929688,0.26802730560302734,0.04544130712747574,1.2246497869491577
-4.0,deploy,d,10,net,c022,0.2334756851196289,0.5114974975585938,0.04544130712747574,1.2246497869491577
-4.0,deploy,d,10,net,c050,0.20511531829833984,0.29461097717285156,0.04544130712747574,1.2246497869491577
-4.0,eval,random,10,net,c006,-0.0024693806966145835,-0.026303609212239582,0.03158743679523468,1.4059438308080037
-4.0,eval,random,10,net,c017,0.04624462127685547,-0.16288471221923828,0.03158743679523468,1.4059438308080037
-4.0,eval,random,10,net,c039,-0.175019900004069,-0.19060389200846353,0.03158743679523468,1.4059438308080037
-4.0,eval,random,10,net,c036,0.0504913330078125,0.03409862518310547,0.03158743679523468,1.4059438308080037
-4.0,eval,random,10,net,c009,-0.3355948130289714,-0.19777456919352215,0.03158743679523468,1.4059438308080037
-4.0,eval,random,10,net,c000,0.12034225463867188,-0.03653907775878906,0.03158743679523468,1.4059438308080037
-4.0,eval,random,10,net,c013,0.8638010025024414,-0.11892509460449219,0.03158743679523468,1.4059438308080037
-4.0,eval,random,10,net,c049,0.38311926523844403,-0.21638520558675128,0.03158743679523468,1.4059438308080037
-4.0,eval,random,10,net,c058,0.33098697662353516,-0.17011737823486328,0.03158743679523468,1.4059438308080037
-4.0,eval,random,10,net,c024,0.1622168223063151,-0.16818841298421225,0.03158743679523468,1.4059438308080037
-4.0,eval,random,10,net,c042,0.03784783681233724,-0.20386473337809244,0.03158743679523468,1.4059438308080037
-4.0,eval,random,10,net,c047,0.16299120585123697,-0.1932490666707357,0.03158743679523468,1.4059438308080037
-4.0,eval,random,10,net,c043,0.3532826105753581,-0.031241734822591127,0.03158743679523468,1.4059438308080037
-4.0,eval,random,10,net,c003,-0.28251298268636066,-0.006240208943684877,0.03158743679523468,1.4059438308080037
-4.0,eval,random,10,net,c041,0.24367586771647134,-0.14475568135579428,0.03158743679523468,1.4059438308080037
-4.0,eval,random,10,net,c008,-0.26735909779866535,-0.09789498647054035,0.03158743679523468,1.4059438308080037
-4.0,eval,random,10,net,c045,0.5743525822957357,-0.1697127024332682,0.03158743679523468,1.4059438308080037
-4.0,eval,random,10,net,c011,-0.15677897135416666,-0.09615866343180338,0.03158743679523468,1.4059438308080037
-4.0,eval,random,10,net,c020,0.6474488576253256,-0.12472883860270179,0.03158743679523468,1.4059438308080037
-4.0,eval,random,10,net,c044,0.7271401087443033,-0.1648944218953451,0.03158743679523468,1.4059438308080037
-4.0,eval,random,10,net,c016,-0.16292349497477213,-0.05611578623453775,0.03158743679523468,1.4059438308080037
-4.0,eval,random,10,net,c056,0.3008321126302083,-0.11552969614664715,0.03158743679523468,1.4059438308080037
-4.0,eval,random,10,net,c025,0.17739200592041016,-0.09868907928466797,0.03158743679523468,1.4059438308080037
-4.0,eval,random,10,net,c029,-0.10473155975341797,0.04726123809814453,0.03158743679523468,1.4059438308080037
-4.0,eval,random,10,net,c014,0.2984310785929362,-0.09647782643636066,0.03158743679523468,1.4059438308080037
-4.0,eval,random,10,net,c002,-0.20244248708089194,-0.06412156422932944,0.03158743679523468,1.4059438308080037
-4.0,eval,random,10,net,c023,-0.03356107076009115,-0.023166020711263023,0.03158743679523468,1.4059438308080037
-4.0,eval,random,10,net,c046,0.1049661636352539,-0.11218929290771484,0.03158743679523468,1.4059438308080037
-4.0,eval,random,10,net,c022,-0.10312652587890625,-0.13985443115234375,0.03158743679523468,1.4059438308080037
-4.0,eval,random,10,net,c050,0.40126387278238934,-0.043489774068196596,0.03158743679523468,1.4059438308080037
-4.0,eval,random,10,net,c006,-0.25040149688720703,0.0020017623901367188,0.03158743679523468,1.4059438308080037
-4.0,eval,random,10,net,c017,0.2159109115600586,-0.1946544647216797,0.03158743679523468,1.4059438308080037
-4.0,eval,random,10,net,c039,0.1604477564493815,-0.09469159444173178,0.03158743679523468,1.4059438308080037
-4.0,eval,random,10,net,c036,0.17564773559570312,-0.2580080032348633,0.03158743679523468,1.4059438308080037
-4.0,eval,random,10,net,c009,-0.13053576151529947,-0.18999544779459634,0.03158743679523468,1.4059438308080037
-4.0,eval,random,10,net,c000,-0.31683349609375,-0.02960681915283203,0.03158743679523468,1.4059438308080037
-4.0,eval,random,10,net,c013,-0.03975963592529297,-0.05012035369873047,0.03158743679523468,1.4059438308080037
-4.0,eval,random,10,net,c049,-0.17819499969482422,0.024903297424316406,0.03158743679523468,1.4059438308080037
-4.0,eval,random,10,net,c058,-0.18634446461995444,0.014458338419596345,0.03158743679523468,1.4059438308080037
-4.0,eval,random,10,net,c024,-0.0531622568766276,-0.08007017771402994,0.03158743679523468,1.4059438308080037
-4.0,eval,random,10,net,c042,-0.2018407185872396,-0.18453152974446616,0.03158743679523468,1.4059438308080037
-4.0,eval,random,10,net,c047,0.1213839848836263,-0.12917200724283856,0.03158743679523468,1.4059438308080037
-4.0,eval,random,10,net,c043,0.06407388051350911,-0.01954905192057292,0.03158743679523468,1.4059438308080037
-4.0,eval,random,10,net,c003,-0.3108539581298828,-0.04685401916503906,0.03158743679523468,1.4059438308080037
-4.0,eval,random,10,net,c041,0.20189476013183594,-0.05528736114501953,0.03158743679523468,1.4059438308080037
-4.0,eval,random,10,net,c008,0.016021092732747395,-0.049618403116861984,0.03158743679523468,1.4059438308080037
-4.0,eval,random,10,net,c045,-0.18466059366861978,-0.07933489481608072,0.03158743679523468,1.4059438308080037
-4.0,eval,random,10,net,c011,-0.15913804372151694,-0.03709538777669272,0.03158743679523468,1.4059438308080037
-4.0,eval,random,10,net,c020,-0.22032833099365234,-0.06664371490478516,0.03158743679523468,1.4059438308080037
-4.0,eval,random,10,net,c044,-0.23343118031819662,-0.1634372075398763,0.03158743679523468,1.4059438308080037
-4.0,eval,random,10,net,c016,0.12654940287272134,-0.05473836263020834,0.03158743679523468,1.4059438308080037
-4.0,eval,random,10,net,c056,-0.055222511291503906,-0.28327083587646484,0.03158743679523468,1.4059438308080037
-4.0,eval,random,10,net,c025,0.018899281819661457,-0.1494013468424479,0.03158743679523468,1.4059438308080037
-4.0,eval,random,10,net,c029,0.20965194702148438,-0.23392200469970703,0.03158743679523468,1.4059438308080037
-4.0,eval,random,10,net,c014,-0.26120630900065106,-0.13723818461100262,0.03158743679523468,1.4059438308080037
-4.0,eval,random,10,net,c002,-0.011433601379394531,-0.01620960235595703,0.03158743679523468,1.4059438308080037
-4.0,eval,random,10,net,c023,0.04520225524902344,-0.09315967559814453,0.03158743679523468,1.4059438308080037
-4.0,eval,random,10,net,c046,0.1356328328450521,-0.08105436960856119,0.03158743679523468,1.4059438308080037
-4.0,eval,random,10,net,c022,0.07354164123535156,-0.03372478485107422,0.03158743679523468,1.4059438308080037
-4.0,eval,random,10,net,c050,-0.06725629170735677,-0.03701241811116536,0.03158743679523468,1.4059438308080037
-2.0,eval,d,10,net,c006,0.13590526580810547,0.11207103729248047,0.0080488296225667,1.4081288576126099
-2.0,eval,d,10,net,c017,0.3324565887451172,0.12332725524902344,0.0080488296225667,1.4081288576126099
-2.0,eval,d,10,net,c039,0.30547428131103516,0.2898902893066406,0.0080488296225667,1.4081288576126099
-2.0,eval,d,10,net,c036,0.2359790802001953,0.21958637237548828,0.0080488296225667,1.4081288576126099
-2.0,eval,d,10,net,c009,0.0775289535522461,0.2153491973876953,0.0080488296225667,1.4081288576126099
-2.0,eval,d,10,net,c000,0.25189971923828125,0.09501838684082031,0.0080488296225667,1.4081288576126099
-2.0,eval,d,10,net,c013,1.037445068359375,0.054718971252441406,0.0080488296225667,1.4081288576126099
-2.0,eval,d,10,net,c049,0.7393789291381836,0.13987445831298828,0.0080488296225667,1.4081288576126099
-2.0,eval,d,10,net,c058,0.6373004913330078,0.13619613647460938,0.0080488296225667,1.4081288576126099
-2.0,eval,d,10,net,c024,0.36322021484375,0.032814979553222656,0.0080488296225667,1.4081288576126099
-2.0,eval,d,10,net,c042,0.34807300567626953,0.10636043548583984,0.0080488296225667,1.4081288576126099
-2.0,eval,d,10,net,c047,0.5008964538574219,0.14465618133544922,0.0080488296225667,1.4081288576126099
-2.0,eval,d,10,net,c043,0.4846162796020508,0.10009193420410156,0.0080488296225667,1.4081288576126099
-2.0,eval,d,10,net,c003,-0.18858718872070312,0.08768558502197266,0.0080488296225667,1.4081288576126099
-2.0,eval,d,10,net,c041,0.5164794921875,0.12804794311523438,0.0080488296225667,1.4081288576126099
-2.0,eval,d,10,net,c008,-0.03279685974121094,0.13666725158691406,0.0080488296225667,1.4081288576126099
-2.0,eval,d,10,net,c045,0.8226566314697266,0.07859134674072266,0.0080488296225667,1.4081288576126099
-2.0,eval,d,10,net,c011,0.04604530334472656,0.10666561126708984,0.0080488296225667,1.4081288576126099
-2.0,eval,d,10,net,c020,0.8503894805908203,0.07821178436279297,0.0080488296225667,1.4081288576126099
-2.0,eval,d,10,net,c044,0.9628705978393555,0.07083606719970703,0.0080488296225667,1.4081288576126099
-2.0,eval,d,10,net,c016,0.08223342895507812,0.1890411376953125,0.0080488296225667,1.4081288576126099
-2.0,eval,d,10,net,c056,0.6561164855957031,0.23975467681884766,0.0080488296225667,1.4081288576126099
-2.0,eval,d,10,net,c025,0.3545999526977539,0.07851886749267578,0.0080488296225667,1.4081288576126099
-2.0,eval,d,10,net,c029,0.03692626953125,0.1889190673828125,0.0080488296225667,1.4081288576126099
-2.0,eval,d,10,net,c014,0.5427570343017578,0.14784812927246094,0.0080488296225667,1.4081288576126099
-2.0,eval,d,10,net,c002,0.0998239517211914,0.2381448745727539,0.0080488296225667,1.4081288576126099
-2.0,eval,d,10,net,c023,0.06721687316894531,0.07761192321777344,0.0080488296225667,1.4081288576126099
-2.0,eval,d,10,net,c046,0.3326559066772461,0.11550045013427734,0.0080488296225667,1.4081288576126099
-2.0,eval,d,10,net,c022,0.17174625396728516,0.13501834869384766,0.0080488296225667,1.4081288576126099
-2.0,eval,d,10,net,c050,0.6251621246337891,0.18040847778320312,0.0080488296225667,1.4081288576126099
-2.0,eval,d,10,net,c006,-0.031853675842285156,0.2205495834350586,0.0080488296225667,1.4081288576126099
-2.0,eval,d,10,net,c017,0.5413064956665039,0.13074111938476562,0.0080488296225667,1.4081288576126099
-2.0,eval,d,10,net,c039,0.4380159378051758,0.1828765869140625,0.0080488296225667,1.4081288576126099
-2.0,eval,d,10,net,c036,0.46158790588378906,0.027932167053222656,0.0080488296225667,1.4081288576126099
-2.0,eval,d,10,net,c009,0.2838401794433594,0.2243804931640625,0.0080488296225667,1.4081288576126099
-2.0,eval,d,10,net,c000,-0.14163875579833984,0.14558792114257812,0.0080488296225667,1.4081288576126099
-2.0,eval,d,10,net,c013,0.10601043701171875,0.09564971923828125,0.0080488296225667,1.4081288576126099
-2.0,eval,d,10,net,c049,0.05793476104736328,0.2610330581665039,0.0080488296225667,1.4081288576126099
-2.0,eval,d,10,net,c058,-0.0623016357421875,0.13850116729736328,0.0080488296225667,1.4081288576126099
-2.0,eval,d,10,net,c024,0.17299842834472656,0.14609050750732422,0.0080488296225667,1.4081288576126099
-2.0,eval,d,10,net,c042,0.0832509994506836,0.10056018829345703,0.0080488296225667,1.4081288576126099
-2.0,eval,d,10,net,c047,0.40265560150146484,0.152099609375,0.0080488296225667,1.4081288576126099
-2.0,eval,d,10,net,c043,0.18648242950439453,0.1028594970703125,0.0080488296225667,1.4081288576126099
-2.0,eval,d,10,net,c003,-0.07007503509521484,0.1939249038696289,0.0080488296225667,1.4081288576126099
-2.0,eval,d,10,net,c041,0.40497875213623047,0.147796630859375,0.0080488296225667,1.4081288576126099
-2.0,eval,d,10,net,c008,0.24284744262695312,0.17720794677734375,0.0080488296225667,1.4081288576126099
-2.0,eval,d,10,net,c045,0.022248268127441406,0.12757396697998047,0.0080488296225667,1.4081288576126099
-2.0,eval,d,10,net,c011,-0.07032585144042969,0.05171680450439453,0.0080488296225667,1.4081288576126099
-2.0,eval,d,10,net,c020,0.14446544647216797,0.29815006256103516,0.0080488296225667,1.4081288576126099
-2.0,eval,d,10,net,c044,0.08126068115234375,0.15125465393066406,0.0080488296225667,1.4081288576126099
-2.0,eval,d,10,net,c016,0.3766336441040039,0.19534587860107422,0.0080488296225667,1.4081288576126099
-2.0,eval,d,10,net,c056,0.4109668731689453,0.18291854858398438,0.0080488296225667,1.4081288576126099
-2.0,eval,d,10,net,c025,0.277557373046875,0.10925674438476562,0.0080488296225667,1.4081288576126099
-2.0,eval,d,10,net,c029,0.5282783508300781,0.08470439910888672,0.0080488296225667,1.4081288576126099
-2.0,eval,d,10,net,c014,-0.09566593170166016,0.02830219268798828,0.0080488296225667,1.4081288576126099
-2.0,eval,d,10,net,c002,0.06420230865478516,0.059426307678222656,0.0080488296225667,1.4081288576126099
-2.0,eval,d,10,net,c023,0.28393077850341797,0.14556884765625,0.0080488296225667,1.4081288576126099
-2.0,eval,d,10,net,c046,0.34273433685302734,0.12604713439941406,0.0080488296225667,1.4081288576126099
-2.0,eval,d,10,net,c022,0.23839569091796875,0.13112926483154297,0.0080488296225667,1.4081288576126099
-2.0,eval,d,10,net,c050,0.2578620910644531,0.28810596466064453,0.0080488296225667,1.4081288576126099
-2.0,deploy,d,10,net,c006,-0.3443431854248047,0.05210113525390625,0.00934924092143774,1.344894289970398
-2.0,deploy,d,10,net,c017,0.11023616790771484,0.2840862274169922,0.00934924092143774,1.344894289970398
-2.0,deploy,d,10,net,c039,0.047481536865234375,0.13675880432128906,0.00934924092143774,1.344894289970398
-2.0,deploy,d,10,net,c036,0.11678409576416016,0.15254497528076172,0.00934924092143774,1.344894289970398
-2.0,deploy,d,10,net,c009,-0.3160877227783203,0.21797561645507812,0.00934924092143774,1.344894289970398
-2.0,deploy,d,10,net,c000,-0.2256908416748047,0.16617679595947266,0.00934924092143774,1.344894289970398
-2.0,deploy,d,10,net,c013,0.008492469787597656,0.0892171859741211,0.00934924092143774,1.344894289970398
-2.0,deploy,d,10,net,c049,-0.3650064468383789,0.19657325744628906,0.00934924092143774,1.344894289970398
-2.0,deploy,d,10,net,c058,-0.5449647903442383,0.056468963623046875,0.00934924092143774,1.344894289970398
-2.0,deploy,d,10,net,c024,-0.23933887481689453,0.15720081329345703,0.00934924092143774,1.344894289970398
-2.0,deploy,d,10,net,c042,-0.4122467041015625,0.15083980560302734,0.00934924092143774,1.344894289970398
-2.0,deploy,d,10,net,c047,0.06740570068359375,0.10558795928955078,0.00934924092143774,1.344894289970398
-2.0,deploy,d,10,net,c043,-0.13716602325439453,0.18029499053955078,0.00934924092143774,1.344894289970398
-2.0,deploy,d,10,net,c003,-0.6127786636352539,0.151275634765625,0.00934924092143774,1.344894289970398
-2.0,deploy,d,10,net,c041,0.08907508850097656,0.18285655975341797,0.00934924092143774,1.344894289970398
-2.0,deploy,d,10,net,c008,-0.22942638397216797,0.11357307434082031,0.00934924092143774,1.344894289970398
-2.0,deploy,d,10,net,c045,-0.5422163009643555,0.13081645965576172,0.00934924092143774,1.344894289970398
-2.0,deploy,d,10,net,c011,-0.026872634887695312,0.15522098541259766,0.00934924092143774,1.344894289970398
-2.0,deploy,d,10,net,c020,-0.034149169921875,0.22437095642089844,0.00934924092143774,1.344894289970398
-2.0,deploy,d,10,net,c044,-0.11684036254882812,0.2206707000732422,0.00934924092143774,1.344894289970398
-2.0,deploy,d,10,net,c016,0.1238546371459961,0.21299076080322266,0.00934924092143774,1.344894289970398
-2.0,deploy,d,10,net,c056,0.1822195053100586,0.16864299774169922,0.00934924092143774,1.344894289970398
-2.0,deploy,d,10,net,c025,-0.03250885009765625,0.14544105529785156,0.00934924092143774,1.344894289970398
-2.0,deploy,d,10,net,c029,-0.6788816452026367,0.08310604095458984,0.00934924092143774,1.344894289970398
-2.0,deploy,d,10,net,c014,-0.14418697357177734,0.10377120971679688,0.00934924092143774,1.344894289970398
-2.0,deploy,d,10,net,c002,-0.114105224609375,0.14495468139648438,0.00934924092143774,1.344894289970398
-2.0,deploy,d,10,net,c023,-0.10998916625976562,0.15969181060791016,0.00934924092143774,1.344894289970398
-2.0,deploy,d,10,net,c046,0.050108909606933594,0.1124887466430664,0.00934924092143774,1.344894289970398
-2.0,deploy,d,10,net,c022,-0.11741065979003906,0.1570758819580078,0.00934924092143774,1.344894289970398
-2.0,deploy,d,10,net,c050,0.1416482925415039,0.12944984436035156,0.00934924092143774,1.344894289970398
-2.0,deploy,d,10,net,c006,-0.42070865631103516,0.11728858947753906,0.00934924092143774,1.344894289970398
-2.0,deploy,d,10,net,c017,-0.040902137756347656,0.2141132354736328,0.00934924092143774,1.344894289970398
-2.0,deploy,d,10,net,c039,-0.0001544952392578125,0.1462850570678711,0.00934924092143774,1.344894289970398
-2.0,deploy,d,10,net,c036,0.07914543151855469,0.15973377227783203,0.00934924092143774,1.344894289970398
-2.0,deploy,d,10,net,c009,-0.31488990783691406,0.1700897216796875,0.00934924092143774,1.344894289970398
-2.0,deploy,d,10,net,c000,-0.48719024658203125,0.12357139587402344,0.00934924092143774,1.344894289970398
-2.0,deploy,d,10,net,c013,-0.016000747680664062,0.07329750061035156,0.00934924092143774,1.344894289970398
-2.0,deploy,d,10,net,c049,-0.9893608093261719,0.09092044830322266,0.00934924092143774,1.344894289970398
-2.0,deploy,d,10,net,c058,-0.44521045684814453,0.13422298431396484,0.00934924092143774,1.344894289970398
-2.0,deploy,d,10,net,c024,-0.12168502807617188,0.1300182342529297,0.00934924092143774,1.344894289970398
-2.0,deploy,d,10,net,c042,-0.25595664978027344,0.2173786163330078,0.00934924092143774,1.344894289970398
-2.0,deploy,d,10,net,c047,-0.029970169067382812,0.17177391052246094,0.00934924092143774,1.344894289970398
-2.0,deploy,d,10,net,c043,0.15439987182617188,0.13414478302001953,0.00934924092143774,1.344894289970398
-2.0,deploy,d,10,net,c003,-0.3440666198730469,0.16151809692382812,0.00934924092143774,1.344894289970398
-2.0,deploy,d,10,net,c041,-0.2280712127685547,0.19620227813720703,0.00934924092143774,1.344894289970398
-2.0,deploy,d,10,net,c008,-0.5117721557617188,0.09593868255615234,0.00934924092143774,1.344894289970398
-2.0,deploy,d,10,net,c045,-0.029024124145507812,0.1471872329711914,0.00934924092143774,1.344894289970398
-2.0,deploy,d,10,net,c011,-0.13075637817382812,0.08559226989746094,0.00934924092143774,1.344894289970398
-2.0,deploy,d,10,net,c020,-0.05711555480957031,0.20697307586669922,0.00934924092143774,1.344894289970398
-2.0,deploy,d,10,net,c044,-0.3571195602416992,0.09918880462646484,0.00934924092143774,1.344894289970398
-2.0,deploy,d,10,net,c016,0.06459999084472656,0.1519775390625,0.00934924092143774,1.344894289970398
-2.0,deploy,d,10,net,c056,0.3533058166503906,0.17828750610351562,0.00934924092143774,1.344894289970398
-2.0,deploy,d,10,net,c025,-0.15290451049804688,0.07142925262451172,0.00934924092143774,1.344894289970398
-2.0,deploy,d,10,net,c029,-0.25366973876953125,0.15234947204589844,0.00934924092143774,1.344894289970398
-2.0,deploy,d,10,net,c014,-0.24652481079101562,0.13910865783691406,0.00934924092143774,1.344894289970398
-2.0,deploy,d,10,net,c002,-0.36843395233154297,0.14061832427978516,0.00934924092143774,1.344894289970398
-2.0,deploy,d,10,net,c023,-0.4764404296875,0.1591806411743164,0.00934924092143774,1.344894289970398
-2.0,deploy,d,10,net,c046,-0.10094738006591797,0.17046260833740234,0.00934924092143774,1.344894289970398
-2.0,deploy,d,10,net,c022,0.02897930145263672,0.30700111389160156,0.00934924092143774,1.344894289970398
-2.0,deploy,d,10,net,c050,0.10544204711914062,0.19493770599365234,0.00934924092143774,1.344894289970398
-2.0,eval,random,10,net,c006,0.04427178700764974,0.020437558492024742,0.00892460842927297,1.44356636206309
-2.0,eval,random,10,net,c017,0.1833950678507487,-0.02573426564534506,0.00892460842927297,1.44356636206309
-2.0,eval,random,10,net,c039,-0.04858620961507162,-0.06417020161946616,0.00892460842927297,1.44356636206309
-2.0,eval,random,10,net,c036,0.1011962890625,0.08480358123779297,0.00892460842927297,1.44356636206309
-2.0,eval,random,10,net,c009,-0.21541913350423178,-0.07759888966878256,0.00892460842927297,1.44356636206309
-2.0,eval,random,10,net,c000,0.18312931060791016,0.02624797821044922,0.00892460842927297,1.44356636206309
-2.0,eval,random,10,net,c013,1.008944829305013,0.026218732198079353,0.00892460842927297,1.44356636206309
-2.0,eval,random,10,net,c049,0.5382855733235677,-0.06121889750162757,0.00892460842927297,1.44356636206309
-2.0,eval,random,10,net,c058,0.4655659993489583,-0.03553835550944012,0.00892460842927297,1.44356636206309
-2.0,eval,random,10,net,c024,0.31026554107666016,-0.020139694213867188,0.00892460842927297,1.44356636206309
-2.0,eval,random,10,net,c042,0.2227344512939453,-0.018978118896484375,0.00892460842927297,1.44356636206309
-2.0,eval,random,10,net,c047,0.3265921274820964,-0.029648145039876284,0.00892460842927297,1.44356636206309
-2.0,eval,random,10,net,c043,0.46229012807210285,0.07776578267415363,0.00892460842927297,1.44356636206309
-2.0,eval,random,10,net,c003,-0.2605435053507487,0.015729268391927065,0.00892460842927297,1.44356636206309
-2.0,eval,random,10,net,c041,0.3828468322753906,-0.005584716796875,0.00892460842927297,1.44356636206309
-2.0,eval,random,10,net,c008,-0.17525927225748697,-0.00579516092936197,0.00892460842927297,1.44356636206309
-2.0,eval,random,10,net,c045,0.7462876637776693,0.0022223790486654016,0.00892460842927297,1.44356636206309
-2.0,eval,random,10,net,c011,-0.06798108418782552,-0.007360776265462235,0.00892460842927297,1.44356636206309
-2.0,eval,random,10,net,c020,0.8039442698160807,0.03176657358805335,0.00892460842927297,1.44356636206309
-2.0,eval,random,10,net,c044,0.8986380894978842,0.006603558858235714,0.00892460842927297,1.44356636206309
-2.0,eval,random,10,net,c016,-0.09335581461588542,0.013451894124348954,0.00892460842927297,1.44356636206309
-2.0,eval,random,10,net,c056,0.44149144490559894,0.02512963612874347,0.00892460842927297,1.44356636206309
-2.0,eval,random,10,net,c025,0.28909842173258465,0.013017336527506529,0.00892460842927297,1.44356636206309
-2.0,eval,random,10,net,c029,-0.09373728434244792,0.05825551350911458,0.00892460842927297,1.44356636206309
-2.0,eval,random,10,net,c014,0.46433448791503906,0.06942558288574219,0.00892460842927297,1.44356636206309
-2.0,eval,random,10,net,c002,-0.13393243153889975,0.004388491312662751,0.00892460842927297,1.44356636206309
-2.0,eval,random,10,net,c023,0.022591908772786457,0.03298695882161458,0.00892460842927297,1.44356636206309
-2.0,eval,random,10,net,c046,0.22801971435546875,0.0108642578125,0.00892460842927297,1.44356636206309
-2.0,eval,random,10,net,c022,0.021818796793619793,-0.014909108479817707,0.00892460842927297,1.44356636206309
-2.0,eval,random,10,net,c050,0.4896027247111003,0.04484907786051434,0.00892460842927297,1.44356636206309
-2.0,eval,random,10,net,c006,-0.22022247314453125,0.0321807861328125,0.00892460842927297,1.44356636206309
-2.0,eval,random,10,net,c017,0.3782968521118164,-0.032268524169921875,0.00892460842927297,1.44356636206309
-2.0,eval,random,10,net,c039,0.2607126235961914,0.005573272705078125,0.00892460842927297,1.44356636206309
-2.0,eval,random,10,net,c036,0.40958118438720703,-0.024074554443359375,0.00892460842927297,1.44356636206309
-2.0,eval,random,10,net,c009,0.01607195536295573,-0.04338773091634114,0.00892460842927297,1.44356636206309
-2.0,eval,random,10,net,c000,-0.2769114176432292,0.010315259297688784,0.00892460842927297,1.44356636206309
-2.0,eval,random,10,net,c013,0.030694961547851562,0.020334243774414062,0.00892460842927297,1.44356636206309
-2.0,eval,random,10,net,c049,-0.16190719604492188,0.04119110107421875,0.00892460842927297,1.44356636206309
-2.0,eval,random,10,net,c058,-0.17392857869466147,0.026874224344889314,0.00892460842927297,1.44356636206309
-2.0,eval,random,10,net,c024,0.036543846130371094,0.00963592529296875,0.00892460842927297,1.44356636206309
-2.0,eval,random,10,net,c042,-0.0496978759765625,-0.03238868713378906,0.00892460842927297,1.44356636206309
-2.0,eval,random,10,net,c047,0.25430552164713544,0.0037495295206705914,0.00892460842927297,1.44356636206309
-2.0,eval,random,10,net,c043,0.13030211130777994,0.04667917887369791,0.00892460842927297,1.44356636206309
-2.0,eval,random,10,net,c003,-0.25282541910807294,0.011174519856770815,0.00892460842927297,1.44356636206309
-2.0,eval,random,10,net,c041,0.31418514251708984,0.057003021240234375,0.00892460842927297,1.44356636206309
-2.0,eval,random,10,net,c008,0.10224533081054688,0.0366058349609375,0.00892460842927297,1.44356636206309
-2.0,eval,random,10,net,c045,-0.10204283396402995,0.00328286488850911,0.00892460842927297,1.44356636206309
-2.0,eval,random,10,net,c011,-0.10498968760172527,0.017052968343098954,0.00892460842927297,1.44356636206309
-2.0,eval,random,10,net,c020,-0.13332430521647134,0.020360310872395843,0.00892460842927297,1.44356636206309
-2.0,eval,random,10,net,c044,-0.10276381174723308,-0.032769838968912765,0.00892460842927297,1.44356636206309
-2.0,eval,random,10,net,c016,0.2282247543334961,0.046936988830566406,0.00892460842927297,1.44356636206309
-2.0,eval,random,10,net,c056,0.16709009806315103,-0.060958226521809905,0.00892460842927297,1.44356636206309
-2.0,eval,random,10,net,c025,0.16219552357991537,-0.006105105082194001,0.00892460842927297,1.44356636206309
-2.0,eval,random,10,net,c029,0.38203907012939453,-0.061534881591796875,0.00892460842927297,1.44356636206309
-2.0,eval,random,10,net,c014,-0.13285319010416666,-0.00888506571451822,0.00892460842927297,1.44356636206309
-2.0,eval,random,10,net,c002,0.03848965962727865,0.03371365865071615,0.00892460842927297,1.44356636206309
-2.0,eval,random,10,net,c023,0.13452784220377603,-0.0038340886433919363,0.00892460842927297,1.44356636206309
-2.0,eval,random,10,net,c046,0.25728098551432294,0.040593783060709654,0.00892460842927297,1.44356636206309
-2.0,eval,random,10,net,c022,0.15796120961507162,0.05069478352864584,0.00892460842927297,1.44356636206309
-2.0,eval,random,10,net,c050,-0.008338610331217447,0.02190526326497396,0.00892460842927297,1.44356636206309
-1.0,eval,d,10,net,c006,0.07726287841796875,0.05342864990234375,0.0019881995394825935,1.43069589138031
-1.0,eval,d,10,net,c017,0.28313541412353516,0.0740060806274414,0.0019881995394825935,1.43069589138031
-1.0,eval,d,10,net,c039,0.17186546325683594,0.1562814712524414,0.0019881995394825935,1.43069589138031
-1.0,eval,d,10,net,c036,0.11604595184326172,0.09965324401855469,0.0019881995394825935,1.43069589138031
-1.0,eval,d,10,net,c009,-0.0164337158203125,0.12138652801513672,0.0019881995394825935,1.43069589138031
-1.0,eval,d,10,net,c000,0.20541095733642578,0.048529624938964844,0.0019881995394825935,1.43069589138031
-1.0,eval,d,10,net,c013,1.0181922912597656,0.03546619415283203,0.0019881995394825935,1.43069589138031
-1.0,eval,d,10,net,c049,0.6791744232177734,0.07966995239257812,0.0019881995394825935,1.43069589138031
-1.0,eval,d,10,net,c058,0.5757350921630859,0.0746307373046875,0.0019881995394825935,1.43069589138031
-1.0,eval,d,10,net,c024,0.34617042541503906,0.01576519012451172,0.0019881995394825935,1.43069589138031
-1.0,eval,d,10,net,c042,0.3117179870605469,0.07000541687011719,0.0019881995394825935,1.43069589138031
-1.0,eval,d,10,net,c047,0.43329524993896484,0.07705497741699219,0.0019881995394825935,1.43069589138031
-1.0,eval,d,10,net,c043,0.4445047378540039,0.05998039245605469,0.0019881995394825935,1.43069589138031
-1.0,eval,d,10,net,c003,-0.22722911834716797,0.04904365539550781,0.0019881995394825935,1.43069589138031
-1.0,eval,d,10,net,c041,0.4593210220336914,0.07088947296142578,0.0019881995394825935,1.43069589138031
-1.0,eval,d,10,net,c008,-0.09282875061035156,0.07663536071777344,0.0019881995394825935,1.43069589138031
-1.0,eval,d,10,net,c045,0.7861976623535156,0.04213237762451172,0.0019881995394825935,1.43069589138031
-1.0,eval,d,10,net,c011,0.005688667297363281,0.06630897521972656,0.0019881995394825935,1.43069589138031
-1.0,eval,d,10,net,c020,0.8090753555297852,0.03689765930175781,0.0019881995394825935,1.43069589138031
-1.0,eval,d,10,net,c044,0.9348077774047852,0.04277324676513672,0.0019881995394825935,1.43069589138031
-1.0,eval,d,10,net,c016,-0.010707855224609375,0.096099853515625,0.0019881995394825935,1.43069589138031
-1.0,eval,d,10,net,c056,0.5345945358276367,0.11823272705078125,0.0019881995394825935,1.43069589138031
-1.0,eval,d,10,net,c025,0.31526756286621094,0.03918647766113281,0.0019881995394825935,1.43069589138031
-1.0,eval,d,10,net,c029,-0.05973243713378906,0.09226036071777344,0.0019881995394825935,1.43069589138031
-1.0,eval,d,10,net,c014,0.48145484924316406,0.08654594421386719,0.0019881995394825935,1.43069589138031
-1.0,eval,d,10,net,c002,-0.016037940979003906,0.1222829818725586,0.0019881995394825935,1.43069589138031
-1.0,eval,d,10,net,c023,0.02627086639404297,0.036665916442871094,0.0019881995394825935,1.43069589138031
-1.0,eval,d,10,net,c046,0.273590087890625,0.05643463134765625,0.0019881995394825935,1.43069589138031
-1.0,eval,d,10,net,c022,0.11505603790283203,0.07832813262939453,0.0019881995394825935,1.43069589138031
-1.0,eval,d,10,net,c050,0.5287313461303711,0.08397769927978516,0.0019881995394825935,1.43069589138031
-1.0,eval,d,10,net,c006,-0.14839839935302734,0.1040048599243164,0.0019881995394825935,1.43069589138031
-1.0,eval,d,10,net,c017,0.4812469482421875,0.07068157196044922,0.0019881995394825935,1.43069589138031
-1.0,eval,d,10,net,c039,0.3545494079589844,0.0994100570678711,0.0019881995394825935,1.43069589138031
-1.0,eval,d,10,net,c036,0.4697456359863281,0.03608989715576172,0.0019881995394825935,1.43069589138031
-1.0,eval,d,10,net,c009,0.18005084991455078,0.1205911636352539,0.0019881995394825935,1.43069589138031
-1.0,eval,d,10,net,c000,-0.21398544311523438,0.0732412338256836,0.0019881995394825935,1.43069589138031
-1.0,eval,d,10,net,c013,0.060916900634765625,0.050556182861328125,0.0019881995394825935,1.43069589138031
-1.0,eval,d,10,net,c049,-0.06863021850585938,0.13446807861328125,0.0019881995394825935,1.43069589138031
-1.0,eval,d,10,net,c058,-0.12935829162597656,0.07144451141357422,0.0019881995394825935,1.43069589138031
-1.0,eval,d,10,net,c024,0.10039043426513672,0.07348251342773438,0.0019881995394825935,1.43069589138031
-1.0,eval,d,10,net,c042,0.04342842102050781,0.06073760986328125,0.0019881995394825935,1.43069589138031
-1.0,eval,d,10,net,c047,0.3263530731201172,0.07579708099365234,0.0019881995394825935,1.43069589138031
-1.0,eval,d,10,net,c043,0.13214874267578125,0.04852581024169922,0.0019881995394825935,1.43069589138031
-1.0,eval,d,10,net,c003,-0.1526956558227539,0.11130428314208984,0.0019881995394825935,1.43069589138031
-1.0,eval,d,10,net,c041,0.3362150192260742,0.07903289794921875,0.0019881995394825935,1.43069589138031
-1.0,eval,d,10,net,c008,0.1556539535522461,0.09001445770263672,0.0019881995394825935,1.43069589138031
-1.0,eval,d,10,net,c045,-0.03900432586669922,0.06632137298583984,0.0019881995394825935,1.43069589138031
-1.0,eval,d,10,net,c011,-0.08807849884033203,0.03396415710449219,0.0019881995394825935,1.43069589138031
-1.0,eval,d,10,net,c020,-0.0061054229736328125,0.14757919311523438,0.0019881995394825935,1.43069589138031
-1.0,eval,d,10,net,c044,0.014780998229980469,0.08477497100830078,0.0019881995394825935,1.43069589138031
-1.0,eval,d,10,net,c016,0.2800941467285156,0.09880638122558594,0.0019881995394825935,1.43069589138031
-1.0,eval,d,10,net,c056,0.33373546600341797,0.10568714141845703,0.0019881995394825935,1.43069589138031
-1.0,eval,d,10,net,c025,0.23304462432861328,0.0647439956665039,0.0019881995394825935,1.43069589138031
-1.0,eval,d,10,net,c029,0.4967498779296875,0.053175926208496094,0.0019881995394825935,1.43069589138031
-1.0,eval,d,10,net,c014,-0.10936737060546875,0.014600753784179688,0.0019881995394825935,1.43069589138031
-1.0,eval,d,10,net,c002,0.036376953125,0.0316009521484375,0.0019881995394825935,1.43069589138031
-1.0,eval,d,10,net,c023,0.21051692962646484,0.07215499877929688,0.0019881995394825935,1.43069589138031
-1.0,eval,d,10,net,c046,0.2880878448486328,0.07140064239501953,0.0019881995394825935,1.43069589138031
-1.0,eval,d,10,net,c022,0.17360591888427734,0.06633949279785156,0.0019881995394825935,1.43069589138031
-1.0,eval,d,10,net,c050,0.10850143432617188,0.13874530792236328,0.0019881995394825935,1.43069589138031
-1.0,deploy,d,10,net,c006,-0.3653087615966797,0.03113555908203125,0.0022024698555469513,1.3852334022521973
-1.0,deploy,d,10,net,c017,-0.02931690216064453,0.1445331573486328,0.0022024698555469513,1.3852334022521973
-1.0,deploy,d,10,net,c039,-0.00955963134765625,0.07971763610839844,0.0022024698555469513,1.3852334022521973
-1.0,deploy,d,10,net,c036,0.041675567626953125,0.07743644714355469,0.0022024698555469513,1.3852334022521973
-1.0,deploy,d,10,net,c009,-0.41310882568359375,0.12095451354980469,0.0022024698555469513,1.3852334022521973
-1.0,deploy,d,10,net,c000,-0.30476856231689453,0.08709907531738281,0.0022024698555469513,1.3852334022521973
-1.0,deploy,d,10,net,c013,-0.03463935852050781,0.046085357666015625,0.0022024698555469513,1.3852334022521973
-1.0,deploy,d,10,net,c049,-0.4647026062011719,0.0968770980834961,0.0022024698555469513,1.3852334022521973
-1.0,deploy,d,10,net,c058,-0.5657482147216797,0.03568553924560547,0.0022024698555469513,1.3852334022521973
-1.0,deploy,d,10,net,c024,-0.3110170364379883,0.08552265167236328,0.0022024698555469513,1.3852334022521973
-1.0,deploy,d,10,net,c042,-0.4870452880859375,0.07604122161865234,0.0022024698555469513,1.3852334022521973
-1.0,deploy,d,10,net,c047,0.027906417846679688,0.06608867645263672,0.0022024698555469513,1.3852334022521973
-1.0,deploy,d,10,net,c043,-0.22572612762451172,0.0917348861694336,0.0022024698555469513,1.3852334022521973
-1.0,deploy,d,10,net,c003,-0.6904354095458984,0.07361888885498047,0.0022024698555469513,1.3852334022521973
-1.0,deploy,d,10,net,c041,0.010565757751464844,0.10434722900390625,0.0022024698555469513,1.3852334022521973
-1.0,deploy,d,10,net,c008,-0.2759742736816406,0.06702518463134766,0.0022024698555469513,1.3852334022521973
-1.0,deploy,d,10,net,c045,-0.6080131530761719,0.06501960754394531,0.0022024698555469513,1.3852334022521973
-1.0,deploy,d,10,net,c011,-0.0967245101928711,0.08536911010742188,0.0022024698555469513,1.3852334022521973
-1.0,deploy,d,10,net,c020,-0.149078369140625,0.10944175720214844,0.0022024698555469513,1.3852334022521973
-1.0,deploy,d,10,net,c044,-0.22299575805664062,0.11451530456542969,0.0022024698555469513,1.3852334022521973
-1.0,deploy,d,10,net,c016,0.018283843994140625,0.10741996765136719,0.0022024698555469513,1.3852334022521973
-1.0,deploy,d,10,net,c056,0.10539054870605469,0.09181404113769531,0.0022024698555469513,1.3852334022521973
-1.0,deploy,d,10,net,c025,-0.10093402862548828,0.07701587677001953,0.0022024698555469513,1.3852334022521973
-1.0,deploy,d,10,net,c029,-0.7165670394897461,0.04542064666748047,0.0022024698555469513,1.3852334022521973
-1.0,deploy,d,10,net,c014,-0.1957378387451172,0.05222034454345703,0.0022024698555469513,1.3852334022521973
-1.0,deploy,d,10,net,c002,-0.18097496032714844,0.07808494567871094,0.0022024698555469513,1.3852334022521973
-1.0,deploy,d,10,net,c023,-0.18720340728759766,0.08247756958007812,0.0022024698555469513,1.3852334022521973
-1.0,deploy,d,10,net,c046,0.0065174102783203125,0.06889724731445312,0.0022024698555469513,1.3852334022521973
-1.0,deploy,d,10,net,c022,-0.19643020629882812,0.07805633544921875,0.0022024698555469513,1.3852334022521973
-1.0,deploy,d,10,net,c050,0.07234477996826172,0.060146331787109375,0.0022024698555469513,1.3852334022521973
-1.0,deploy,d,10,net,c006,-0.47907161712646484,0.058925628662109375,0.0022024698555469513,1.3852334022521973
-1.0,deploy,d,10,net,c017,-0.1494007110595703,0.10561466217041016,0.0022024698555469513,1.3852334022521973
-1.0,deploy,d,10,net,c039,-0.06858253479003906,0.07785701751708984,0.0022024698555469513,1.3852334022521973
-1.0,deploy,d,10,net,c036,0.017446517944335938,0.09803485870361328,0.0022024698555469513,1.3852334022521973
-1.0,deploy,d,10,net,c009,-0.3894767761230469,0.09550285339355469,0.0022024698555469513,1.3852334022521973
-1.0,deploy,d,10,net,c000,-0.5472497940063477,0.06351184844970703,0.0022024698555469513,1.3852334022521973
-1.0,deploy,d,10,net,c013,-0.052237510681152344,0.03706073760986328,0.0022024698555469513,1.3852334022521973
-1.0,deploy,d,10,net,c049,-1.0364904403686523,0.04379081726074219,0.0022024698555469513,1.3852334022521973
-1.0,deploy,d,10,net,c058,-0.5150318145751953,0.06440162658691406,0.0022024698555469513,1.3852334022521973
-1.0,deploy,d,10,net,c024,-0.1892843246459961,0.06241893768310547,0.0022024698555469513,1.3852334022521973
-1.0,deploy,d,10,net,c042,-0.359710693359375,0.11362457275390625,0.0022024698555469513,1.3852334022521973
-1.0,deploy,d,10,net,c047,-0.12089157104492188,0.08085250854492188,0.0022024698555469513,1.3852334022521973
-1.0,deploy,d,10,net,c043,0.09339523315429688,0.07314014434814453,0.0022024698555469513,1.3852334022521973
-1.0,deploy,d,10,net,c003,-0.4229860305786133,0.08259868621826172,0.0022024698555469513,1.3852334022521973
-1.0,deploy,d,10,net,c041,-0.32598876953125,0.09828472137451172,0.0022024698555469513,1.3852334022521973
-1.0,deploy,d,10,net,c008,-0.5580644607543945,0.04964637756347656,0.0022024698555469513,1.3852334022521973
-1.0,deploy,d,10,net,c045,-0.09330081939697266,0.08291053771972656,0.0022024698555469513,1.3852334022521973
-1.0,deploy,d,10,net,c011,-0.17162704467773438,0.04472160339355469,0.0022024698555469513,1.3852334022521973
-1.0,deploy,d,10,net,c020,-0.16012191772460938,0.10396671295166016,0.0022024698555469513,1.3852334022521973
-1.0,deploy,d,10,net,c044,-0.4097747802734375,0.04653358459472656,0.0022024698555469513,1.3852334022521973
-1.0,deploy,d,10,net,c016,-0.006253242492675781,0.08112430572509766,0.0022024698555469513,1.3852334022521973
-1.0,deploy,d,10,net,c056,0.27883243560791016,0.10381412506103516,0.0022024698555469513,1.3852334022521973
-1.0,deploy,d,10,net,c025,-0.1839466094970703,0.04038715362548828,0.0022024698555469513,1.3852334022521973
-1.0,deploy,d,10,net,c029,-0.3208274841308594,0.08519172668457031,0.0022024698555469513,1.3852334022521973
-1.0,deploy,d,10,net,c014,-0.30594825744628906,0.07968521118164062,0.0022024698555469513,1.3852334022521973
-1.0,deploy,d,10,net,c002,-0.4331531524658203,0.07589912414550781,0.0022024698555469513,1.3852334022521973
-1.0,deploy,d,10,net,c023,-0.5602445602416992,0.07537651062011719,0.0022024698555469513,1.3852334022521973
-1.0,deploy,d,10,net,c046,-0.18352413177490234,0.08788585662841797,0.0022024698555469513,1.3852334022521973
-1.0,deploy,d,10,net,c022,-0.1284618377685547,0.14955997467041016,0.0022024698555469513,1.3852334022521973
-1.0,deploy,d,10,net,c050,0.013446807861328125,0.10294246673583984,0.0022024698555469513,1.3852334022521973
-1.0,eval,random,10,net,c006,0.04517141977945963,0.021337191263834633,0.002577138366177678,1.4500096638997395
-1.0,eval,random,10,net,c017,0.20983378092447916,0.0007044474283854074,0.002577138366177678,1.4500096638997395
-1.0,eval,random,10,net,c039,-0.00327301025390625,-0.01885700225830078,0.002577138366177678,1.4500096638997395
-1.0,eval,random,10,net,c036,0.07385476430257161,0.05746205647786458,0.002577138366177678,1.4500096638997395
-1.0,eval,random,10,net,c009,-0.16669019063313803,-0.02886994679768881,0.002577138366177678,1.4500096638997395
-1.0,eval,random,10,net,c000,0.1855808893839518,0.028699556986490876,0.002577138366177678,1.4500096638997395
-1.0,eval,random,10,net,c013,1.0171257654825847,0.034399668375651116,0.002577138366177678,1.4500096638997395
-1.0,eval,random,10,net,c049,0.5900710423787435,-0.009433428446451786,0.002577138366177678,1.4500096638997395
-1.0,eval,random,10,net,c058,0.501440684000651,0.00033632914225256716,0.002577138366177678,1.4500096638997395
-1.0,eval,random,10,net,c024,0.3369159698486328,0.006510734558105469,0.002577138366177678,1.4500096638997395
-1.0,eval,random,10,net,c042,0.2555564244588216,0.013843854268391909,0.002577138366177678,1.4500096638997395
-1.0,eval,random,10,net,c047,0.3583313624064128,0.0020910898844401227,0.002577138366177678,1.4500096638997395
-1.0,eval,random,10,net,c043,0.44652652740478516,0.06200218200683594,0.002577138366177678,1.4500096638997395
-1.0,eval,random,10,net,c003,-0.26037851969401044,0.015894254048665346,0.002577138366177678,1.4500096638997395
-1.0,eval,random,10,net,c041,0.40963109334309894,0.021199544270833315,0.002577138366177678,1.4500096638997395
-1.0,eval,random,10,net,c008,-0.15844504038492838,0.011019070943196624,0.002577138366177678,1.4500096638997395
-1.0,eval,random,10,net,c045,0.7709693908691406,0.02690410614013672,0.002577138366177678,1.4500096638997395
-1.0,eval,random,10,net,c011,-0.054832776387532554,0.005787531534830727,0.002577138366177678,1.4500096638997395
-1.0,eval,random,10,net,c020,0.8135843276977539,0.04140663146972656,0.002577138366177678,1.4500096638997395
-1.0,eval,random,10,net,c044,0.9230267206827799,0.030992190043131473,0.002577138366177678,1.4500096638997395
-1.0,eval,random,10,net,c016,-0.08965047200520833,0.017157236735026046,0.002577138366177678,1.4500096638997395
-1.0,eval,random,10,net,c056,0.4493420918782552,0.03298028310139972,0.002577138366177678,1.4500096638997395
-1.0,eval,random,10,net,c025,0.2972892125447591,0.02120812733968097,0.002577138366177678,1.4500096638997395
-1.0,eval,random,10,net,c029,-0.11735725402832031,0.03463554382324219,0.002577138366177678,1.4500096638997395
-1.0,eval,random,10,net,c014,0.45517508188883465,0.06026617685953778,0.002577138366177678,1.4500096638997395
-1.0,eval,random,10,net,c002,-0.12299029032389323,0.015330632527669266,0.002577138366177678,1.4500096638997395
-1.0,eval,random,10,net,c023,0.018987337748209637,0.02938238779703776,0.002577138366177678,1.4500096638997395
-1.0,eval,random,10,net,c046,0.238494873046875,0.02133941650390625,0.002577138366177678,1.4500096638997395
-1.0,eval,random,10,net,c022,0.045127550760904946,0.008399645487467446,0.002577138366177678,1.4500096638997395
-1.0,eval,random,10,net,c050,0.48054854075113934,0.035794893900553404,0.002577138366177678,1.4500096638997395
-1.0,eval,random,10,net,c006,-0.2280559539794922,0.024347305297851562,0.002577138366177678,1.4500096638997395
-1.0,eval,random,10,net,c017,0.41187095642089844,0.0013055801391601562,0.002577138366177678,1.4500096638997395
-1.0,eval,random,10,net,c039,0.273464838663737,0.018325487772623716,0.002577138366177678,1.4500096638997395
-1.0,eval,random,10,net,c036,0.4493233362833659,0.015667597452799498,0.002577138366177678,1.4500096638997395
-1.0,eval,random,10,net,c009,0.055063883463541664,-0.004395802815755211,0.002577138366177678,1.4500096638997395
-1.0,eval,random,10,net,c000,-0.27507781982421875,0.012148857116699219,0.002577138366177678,1.4500096638997395
-1.0,eval,random,10,net,c013,0.030152002970377605,0.019791285196940105,0.002577138366177678,1.4500096638997395
-1.0,eval,random,10,net,c049,-0.17464065551757812,0.0284576416015625,0.002577138366177678,1.4500096638997395
-1.0,eval,random,10,net,c058,-0.1806513468424479,0.020151456197102874,0.002577138366177678,1.4500096638997395
-1.0,eval,random,10,net,c024,0.04724566141764323,0.020337740580240883,0.002577138366177678,1.4500096638997395
-1.0,eval,random,10,net,c042,-0.01611646016438802,0.0011927286783854178,0.002577138366177678,1.4500096638997395
-1.0,eval,random,10,net,c047,0.2659034729003906,0.015347480773925781,0.002577138366177678,1.4500096638997395
-1.0,eval,random,10,net,c043,0.12346871693929036,0.03984578450520833,0.002577138366177678,1.4500096638997395
-1.0,eval,random,10,net,c003,-0.24658997853597006,0.01740996042887369,0.002577138366177678,1.4500096638997395
-1.0,eval,random,10,net,c041,0.3066072463989258,0.04942512512207031,0.002577138366177678,1.4500096638997395
-1.0,eval,random,10,net,c008,0.09885915120442708,0.033219655354817704,0.002577138366177678,1.4500096638997395
-1.0,eval,random,10,net,c045,-0.09104251861572266,0.014283180236816406,0.002577138366177678,1.4500096638997395
-1.0,eval,random,10,net,c011,-0.10359764099121094,0.01844501495361328,0.002577138366177678,1.4500096638997395
-1.0,eval,random,10,net,c020,-0.12677129109700522,0.02691332499186197,0.002577138366177678,1.4500096638997395
-1.0,eval,random,10,net,c044,-0.07145500183105469,-0.001461029052734375,0.002577138366177678,1.4500096638997395
-1.0,eval,random,10,net,c016,0.2223240534464518,0.041036287943522126,0.002577138366177678,1.4500096638997395
-1.0,eval,random,10,net,c056,0.22179762522379556,-0.006250699361165374,0.002577138366177678,1.4500096638997395
-1.0,eval,random,10,net,c025,0.1853176752726237,0.017017046610514314,0.002577138366177678,1.4500096638997395
-1.0,eval,random,10,net,c029,0.4302349090576172,-0.013339042663574219,0.002577138366177678,1.4500096638997395
-1.0,eval,random,10,net,c014,-0.11461098988850911,0.009357134501139328,0.002577138366177678,1.4500096638997395
-1.0,eval,random,10,net,c002,0.03293418884277344,0.028158187866210938,0.002577138366177678,1.4500096638997395
-1.0,eval,random,10,net,c023,0.14736143747965494,0.00899950663248697,0.002577138366177678,1.4500096638997395
-1.0,eval,random,10,net,c046,0.2564363479614258,0.0397491455078125,0.002577138366177678,1.4500096638997395
-1.0,eval,random,10,net,c022,0.14887491861979166,0.041608492533365876,0.002577138366177678,1.4500096638997395
-1.0,eval,random,10,net,c050,-0.009430567423502604,0.020813306172688804,0.002577138366177678,1.4500096638997395
-0.5,eval,d,10,net,c006,0.05032157897949219,0.026487350463867188,0.0005133406957611442,1.4367951154708862
-0.5,eval,d,10,net,c017,0.24866008758544922,0.03953075408935547,0.0005133406957611442,1.4367951154708862
-0.5,eval,d,10,net,c039,0.09486770629882812,0.0792837142944336,0.0005133406957611442,1.4367951154708862
-0.5,eval,d,10,net,c036,0.0629730224609375,0.04658031463623047,0.0005133406957611442,1.4367951154708862
-0.5,eval,d,10,net,c009,-0.07516193389892578,0.06265830993652344,0.0005133406957611442,1.4367951154708862
-0.5,eval,d,10,net,c000,0.18197345733642578,0.025092124938964844,0.0005133406957611442,1.4367951154708862
-0.5,eval,d,10,net,c013,1.0030717849731445,0.020345687866210938,0.0005133406957611442,1.4367951154708862
-0.5,eval,d,10,net,c049,0.6420097351074219,0.04250526428222656,0.0005133406957611442,1.4367951154708862
-0.5,eval,d,10,net,c058,0.5392637252807617,0.03815937042236328,0.0005133406957611442,1.4367951154708862
-0.5,eval,d,10,net,c024,0.33846378326416016,0.008058547973632812,0.0005133406957611442,1.4367951154708862
-0.5,eval,d,10,net,c042,0.28018760681152344,0.03847503662109375,0.0005133406957611442,1.4367951154708862
-0.5,eval,d,10,net,c047,0.39565467834472656,0.039414405822753906,0.0005133406957611442,1.4367951154708862
-0.5,eval,d,10,net,c043,0.41651439666748047,0.03199005126953125,0.0005133406957611442,1.4367951154708862
-0.5,eval,d,10,net,c003,-0.2508201599121094,0.025452613830566406,0.0005133406957611442,1.4367951154708862
-0.5,eval,d,10,net,c041,0.4256610870361328,0.03722953796386719,0.0005133406957611442,1.4367951154708862
-0.5,eval,d,10,net,c008,-0.12987422943115234,0.039589881896972656,0.0005133406957611442,1.4367951154708862
-0.5,eval,d,10,net,c045,0.7661952972412109,0.02213001251220703,0.0005133406957611442,1.4367951154708862
-0.5,eval,d,10,net,c011,-0.024993896484375,0.03562641143798828,0.0005133406957611442,1.4367951154708862
-0.5,eval,d,10,net,c020,0.7908763885498047,0.018698692321777344,0.0005133406957611442,1.4367951154708862
-0.5,eval,d,10,net,c044,0.9154462814331055,0.02341175079345703,0.0005133406957611442,1.4367951154708862
-0.5,eval,d,10,net,c016,-0.059238433837890625,0.04756927490234375,0.0005133406957611442,1.4367951154708862
-0.5,eval,d,10,net,c056,0.4749412536621094,0.058579444885253906,0.0005133406957611442,1.4367951154708862
-0.5,eval,d,10,net,c025,0.2955436706542969,0.01946258544921875,0.0005133406957611442,1.4367951154708862
-0.5,eval,d,10,net,c029,-0.10794544219970703,0.04404735565185547,0.0005133406957611442,1.4367951154708862
-0.5,eval,d,10,net,c014,0.44097137451171875,0.046062469482421875,0.0005133406957611442,1.4367951154708862
-0.5,eval,d,10,net,c002,-0.07680034637451172,0.06152057647705078,0.0005133406957611442,1.4367951154708862
-0.5,eval,d,10,net,c023,0.0075435638427734375,0.017938613891601562,0.0005133406957611442,1.4367951154708862
-0.5,eval,d,10,net,c046,0.24499225616455078,0.02783679962158203,0.0005133406957611442,1.4367951154708862
-0.5,eval,d,10,net,c022,0.07830619812011719,0.04157829284667969,0.0005133406957611442,1.4367951154708862
-0.5,eval,d,10,net,c050,0.48505687713623047,0.04030323028564453,0.0005133406957611442,1.4367951154708862
-0.5,eval,d,10,net,c006,-0.20234203338623047,0.05006122589111328,0.0005133406957611442,1.4367951154708862
-0.5,eval,d,10,net,c017,0.4463825225830078,0.03581714630126953,0.0005133406957611442,1.4367951154708862
-0.5,eval,d,10,net,c039,0.30490589141845703,0.04976654052734375,0.0005133406957611442,1.4367951154708862
-0.5,eval,d,10,net,c036,0.45693302154541016,0.02327728271484375,0.0005133406957611442,1.4367951154708862
-0.5,eval,d,10,net,c009,0.12001228332519531,0.06055259704589844,0.0005133406957611442,1.4367951154708862
-0.5,eval,d,10,net,c000,-0.25105762481689453,0.03616905212402344,0.0005133406957611442,1.4367951154708862
-0.5,eval,d,10,net,c013,0.03591728210449219,0.025556564331054688,0.0005133406957611442,1.4367951154708862
-0.5,eval,d,10,net,c049,-0.13576698303222656,0.06733131408691406,0.0005133406957611442,1.4367951154708862
-0.5,eval,d,10,net,c058,-0.1650857925415039,0.035717010498046875,0.0005133406957611442,1.4367951154708862
-0.5,eval,d,10,net,c024,0.06372451782226562,0.03681659698486328,0.0005133406957611442,1.4367951154708862
-0.5,eval,d,10,net,c042,0.014780998229980469,0.032090187072753906,0.0005133406957611442,1.4367951154708862
-0.5,eval,d,10,net,c047,0.28809261322021484,0.03753662109375,0.0005133406957611442,1.4367951154708862
-0.5,eval,d,10,net,c043,0.10711383819580078,0.02349090576171875,0.0005133406957611442,1.4367951154708862
-0.5,eval,d,10,net,c003,-0.20528411865234375,0.0587158203125,0.0005133406957611442,1.4367951154708862
-0.5,eval,d,10,net,c041,0.29729175567626953,0.04010963439941406,0.0005133406957611442,1.4367951154708862
-0.5,eval,d,10,net,c008,0.10982322692871094,0.04418373107910156,0.0005133406957611442,1.4367951154708862
-0.5,eval,d,10,net,c045,-0.07224178314208984,0.03308391571044922,0.0005133406957611442,1.4367951154708862
-0.5,eval,d,10,net,c011,-0.10308265686035156,0.018959999084472656,0.0005133406957611442,1.4367951154708862
-0.5,eval,d,10,net,c020,-0.08071041107177734,0.07297420501708984,0.0005133406957611442,1.4367951154708862
-0.5,eval,d,10,net,c044,-0.02635955810546875,0.04363441467285156,0.0005133406957611442,1.4367951154708862
-0.5,eval,d,10,net,c016,0.23072242736816406,0.049434661865234375,0.0005133406957611442,1.4367951154708862
-0.5,eval,d,10,net,c056,0.2841768264770508,0.056128501892089844,0.0005133406957611442,1.4367951154708862
-0.5,eval,d,10,net,c025,0.20275115966796875,0.034450531005859375,0.0005133406957611442,1.4367951154708862
-0.5,eval,d,10,net,c029,0.4720926284790039,0.0285186767578125,0.0005133406957611442,1.4367951154708862
-0.5,eval,d,10,net,c014,-0.11656665802001953,0.007401466369628906,0.0005133406957611442,1.4367951154708862
-0.5,eval,d,10,net,c002,0.021068572998046875,0.016292572021484375,0.0005133406957611442,1.4367951154708862
-0.5,eval,d,10,net,c023,0.1736917495727539,0.03532981872558594,0.0005133406957611442,1.4367951154708862
-0.5,eval,d,10,net,c046,0.2544698715209961,0.03778266906738281,0.0005133406957611442,1.4367951154708862
-0.5,eval,d,10,net,c022,0.1406269073486328,0.03336048126220703,0.0005133406957611442,1.4367951154708862
-0.5,eval,d,10,net,c050,0.037932395935058594,0.06817626953125,0.0005133406957611442,1.4367951154708862
-0.5,deploy,d,10,net,c006,-0.3799600601196289,0.01648426055908203,0.0005420102970674634,1.4014217853546143
-0.5,deploy,d,10,net,c017,-0.10277652740478516,0.07107353210449219,0.0005420102970674634,1.4014217853546143
-0.5,deploy,d,10,net,c039,-0.04730987548828125,0.04196739196777344,0.0005420102970674634,1.4014217853546143
-0.5,deploy,d,10,net,c036,0.0030689239501953125,0.038829803466796875,0.0005420102970674634,1.4014217853546143
-0.5,deploy,d,10,net,c009,-0.47190093994140625,0.06216239929199219,0.0005420102970674634,1.4014217853546143
-0.5,deploy,d,10,net,c000,-0.3480825424194336,0.04378509521484375,0.0005420102970674634,1.4014217853546143
-0.5,deploy,d,10,net,c013,-0.056809425354003906,0.02391529083251953,0.0005420102970674634,1.4014217853546143
-0.5,deploy,d,10,net,c049,-0.5138578414916992,0.04772186279296875,0.0005420102970674634,1.4014217853546143
-0.5,deploy,d,10,net,c058,-0.581939697265625,0.019494056701660156,0.0005420102970674634,1.4014217853546143
-0.5,deploy,d,10,net,c024,-0.35264015197753906,0.0438995361328125,0.0005420102970674634,1.4014217853546143
-0.5,deploy,d,10,net,c042,-0.5258750915527344,0.03721141815185547,0.0005420102970674634,1.4014217853546143
-0.5,deploy,d,10,net,c047,-0.0023031234741210938,0.03587913513183594,0.0005420102970674634,1.4014217853546143
-0.5,deploy,d,10,net,c043,-0.2718839645385742,0.045577049255371094,0.0005420102970674634,1.4014217853546143
-0.5,deploy,d,10,net,c003,-0.7286520004272461,0.03540229797363281,0.0005420102970674634,1.4014217853546143
-0.5,deploy,d,10,net,c041,-0.03990745544433594,0.05387401580810547,0.0005420102970674634,1.4014217853546143
-0.5,deploy,d,10,net,c008,-0.3078298568725586,0.03516960144042969,0.0005420102970674634,1.4014217853546143
-0.5,deploy,d,10,net,c045,-0.6414785385131836,0.031554222106933594,0.0005420102970674634,1.4014217853546143
-0.5,deploy,d,10,net,c011,-0.13787364959716797,0.044219970703125,0.0005420102970674634,1.4014217853546143
-0.5,deploy,d,10,net,c020,-0.2051677703857422,0.05335235595703125,0.0005420102970674634,1.4014217853546143
-0.5,deploy,d,10,net,c044,-0.2808246612548828,0.0566864013671875,0.0005420102970674634,1.4014217853546143
-0.5,deploy,d,10,net,c016,-0.03594779968261719,0.053188323974609375,0.0005420102970674634,1.4014217853546143
-0.5,deploy,d,10,net,c056,0.06122875213623047,0.047652244567871094,0.0005420102970674634,1.4014217853546143
-0.5,deploy,d,10,net,c025,-0.13871288299560547,0.039237022399902344,0.0005420102970674634,1.4014217853546143
-0.5,deploy,d,10,net,c029,-0.7391042709350586,0.02288341522216797,0.0005420102970674634,1.4014217853546143
-0.5,deploy,d,10,net,c014,-0.2220630645751953,0.025895118713378906,0.0005420102970674634,1.4014217853546143
-0.5,deploy,d,10,net,c002,-0.21892356872558594,0.04013633728027344,0.0005420102970674634,1.4014217853546143
-0.5,deploy,d,10,net,c023,-0.22812938690185547,0.04155158996582031,0.0005420102970674634,1.4014217853546143
-0.5,deploy,d,10,net,c046,-0.025330543518066406,0.037049293518066406,0.0005420102970674634,1.4014217853546143
-0.5,deploy,d,10,net,c022,-0.2361917495727539,0.03829479217529297,0.0005420102970674634,1.4014217853546143
-0.5,deploy,d,10,net,c050,0.04108619689941406,0.02888774871826172,0.0005420102970674634,1.4014217853546143
-0.5,deploy,d,10,net,c006,-0.5091495513916016,0.028847694396972656,0.0005420102970674634,1.4014217853546143
-0.5,deploy,d,10,net,c017,-0.2037067413330078,0.051308631896972656,0.0005420102970674634,1.4014217853546143
-0.5,deploy,d,10,net,c039,-0.10722923278808594,0.03921031951904297,0.0005420102970674634,1.4014217853546143
-0.5,deploy,d,10,net,c036,-0.028097152709960938,0.052491188049316406,0.0005420102970674634,1.4014217853546143
-0.5,deploy,d,10,net,c009,-0.4358510971069336,0.04912853240966797,0.0005420102970674634,1.4014217853546143
-0.5,deploy,d,10,net,c000,-0.5793676376342773,0.031394004821777344,0.0005420102970674634,1.4014217853546143
-0.5,deploy,d,10,net,c013,-0.07023334503173828,0.019064903259277344,0.0005420102970674634,1.4014217853546143
-0.5,deploy,d,10,net,c049,-1.0584583282470703,0.02182292938232422,0.0005420102970674634,1.4014217853546143
-0.5,deploy,d,10,net,c058,-0.5482854843139648,0.03114795684814453,0.0005420102970674634,1.4014217853546143
-0.5,deploy,d,10,net,c024,-0.221160888671875,0.030542373657226562,0.0005420102970674634,1.4014217853546143
-0.5,deploy,d,10,net,c042,-0.41599273681640625,0.057342529296875,0.0005420102970674634,1.4014217853546143
-0.5,deploy,d,10,net,c047,-0.1628589630126953,0.03888511657714844,0.0005420102970674634,1.4014217853546143
-0.5,deploy,d,10,net,c043,0.05767250061035156,0.03741741180419922,0.0005420102970674634,1.4014217853546143
-0.5,deploy,d,10,net,c003,-0.4643716812133789,0.041213035583496094,0.0005420102970674634,1.4014217853546143
-0.5,deploy,d,10,net,c041,-0.3767261505126953,0.047547340393066406,0.0005420102970674634,1.4014217853546143
-0.5,deploy,d,10,net,c008,-0.5832672119140625,0.024443626403808594,0.0005420102970674634,1.4014217853546143
-0.5,deploy,d,10,net,c045,-0.13373088836669922,0.04248046875,0.0005420102970674634,1.4014217853546143
-0.5,deploy,d,10,net,c011,-0.19385910034179688,0.022489547729492188,0.0005420102970674634,1.4014217853546143
-0.5,deploy,d,10,net,c020,-0.2123575210571289,0.051731109619140625,0.0005420102970674634,1.4014217853546143
-0.5,deploy,d,10,net,c044,-0.43448543548583984,0.02182292938232422,0.0005420102970674634,1.4014217853546143
-0.5,deploy,d,10,net,c016,-0.04606151580810547,0.04131603240966797,0.0005420102970674634,1.4014217853546143
-0.5,deploy,d,10,net,c056,0.23062992095947266,0.055611610412597656,0.0005420102970674634,1.4014217853546143
-0.5,deploy,d,10,net,c025,-0.20308208465576172,0.021251678466796875,0.0005420102970674634,1.4014217853546143
-0.5,deploy,d,10,net,c029,-0.362396240234375,0.04362297058105469,0.0005420102970674634,1.4014217853546143
-0.5,deploy,d,10,net,c014,-0.34390926361083984,0.041724205017089844,0.0005420102970674634,1.4014217853546143
-0.5,deploy,d,10,net,c002,-0.47043704986572266,0.03861522674560547,0.0005420102970674634,1.4014217853546143
-0.5,deploy,d,10,net,c023,-0.5997066497802734,0.03591442108154297,0.0005420102970674634,1.4014217853546143
-0.5,deploy,d,10,net,c046,-0.22749805450439453,0.04391193389892578,0.0005420102970674634,1.4014217853546143
-0.5,deploy,d,10,net,c022,-0.20581722259521484,0.07220458984375,0.0005420102970674634,1.4014217853546143
-0.5,deploy,d,10,net,c050,-0.03724861145019531,0.052247047424316406,0.0005420102970674634,1.4014217853546143
-0.5,eval,random,10,net,c006,0.03720410664876302,0.013369878133138023,0.0007006404339335859,1.4473220507303874
-0.5,eval,random,10,net,c017,0.21252886454264322,0.00339953104654947,0.0007006404339335859,1.4473220507303874
-0.5,eval,random,10,net,c039,0.010005315144856771,-0.00557867685953776,0.0007006404339335859,1.4473220507303874
-0.5,eval,random,10,net,c036,0.04828643798828125,0.03189373016357422,0.0007006404339335859,1.4473220507303874
-0.5,eval,random,10,net,c009,-0.1494938532511393,-0.011673609415690095,0.0007006404339335859,1.4473220507303874
-0.5,eval,random,10,net,c000,0.1753362019856771,0.018454869588216155,0.0007006404339335859,1.4473220507303874
-0.5,eval,random,10,net,c013,1.0051212310791016,0.02239513397216797,0.0007006404339335859,1.4473220507303874
-0.5,eval,random,10,net,c049,0.601006825764974,0.0015023549397786828,0.0007006404339335859,1.4473220507303874
-0.5,eval,random,10,net,c058,0.5059146881103516,0.004810333251953125,0.0007006404339335859,1.4473220507303874
-0.5,eval,random,10,net,c024,0.33733177185058594,0.006926536560058594,0.0007006404339335859,1.4473220507303874
-0.5,eval,random,10,net,c042,0.2542730967203776,0.012560526529947935,0.0007006404339335859,1.4473220507303874
-0.5,eval,random,10,net,c047,0.36119524637858075,0.004954973856608091,0.0007006404339335859,1.4473220507303874
-0.5,eval,random,10,net,c043,0.42066001892089844,0.03613567352294922,0.0007006404339335859,1.4473220507303874
-0.5,eval,random,10,net,c003,-0.26631832122802734,0.009954452514648438,0.0007006404339335859,1.4473220507303874
-0.5,eval,random,10,net,c041,0.40526707967122394,0.016835530598958315,0.0007006404339335859,1.4473220507303874
-0.5,eval,random,10,net,c008,-0.16052691141764322,0.00893719991048178,0.0007006404339335859,1.4473220507303874
-0.5,eval,random,10,net,c045,0.7638069788614908,0.019741694132486942,0.0007006404339335859,1.4473220507303874
-0.5,eval,random,10,net,c011,-0.05563704172770182,0.004983266194661461,0.0007006404339335859,1.4473220507303874
-0.5,eval,random,10,net,c020,0.7988821665445963,0.026704470316568973,0.0007006404339335859,1.4473220507303874
-0.5,eval,random,10,net,c044,0.9147408803304037,0.022706349690755245,0.0007006404339335859,1.4473220507303874
-0.5,eval,random,10,net,c016,-0.09590498606363933,0.010902722676595047,0.0007006404339335859,1.4473220507303874
-0.5,eval,random,10,net,c056,0.43747488657633465,0.021113077799479185,0.0007006404339335859,1.4473220507303874
-0.5,eval,random,10,net,c025,0.2897704442342122,0.013689359029134096,0.0007006404339335859,1.4473220507303874
-0.5,eval,random,10,net,c029,-0.13392416636149088,0.018068631490071624,0.0007006404339335859,1.4473220507303874
-0.5,eval,random,10,net,c014,0.4300292332967122,0.035120328267415346,0.0007006404339335859,1.4473220507303874
-0.5,eval,random,10,net,c002,-0.1274264653523763,0.010894457499186189,0.0007006404339335859,1.4473220507303874
-0.5,eval,random,10,net,c023,0.007306098937988281,0.017701148986816406,0.0007006404339335859,1.4473220507303874
-0.5,eval,random,10,net,c046,0.23121070861816406,0.014055252075195312,0.0007006404339335859,1.4473220507303874
-0.5,eval,random,10,net,c022,0.04468409220377604,0.00795618693033854,0.0007006404339335859,1.4473220507303874
-0.5,eval,random,10,net,c050,0.4653155008951823,0.020561854044596373,0.0007006404339335859,1.4473220507303874
-0.5,eval,random,10,net,c006,-0.23862552642822266,0.013777732849121094,0.0007006404339335859,1.4473220507303874
-0.5,eval,random,10,net,c017,0.41519959767659503,0.004634221394856752,0.0007006404339335859,1.4473220507303874
-0.5,eval,random,10,net,c039,0.2682679494222005,0.013128598531087221,0.0007006404339335859,1.4473220507303874
-0.5,eval,random,10,net,c036,0.4479897816975911,0.014334042867024721,0.0007006404339335859,1.4473220507303874
-0.5,eval,random,10,net,c009,0.061584154764811196,0.0021244684855143206,0.0007006404339335859,1.4473220507303874
-0.5,eval,random,10,net,c000,-0.27958234151204425,0.007644335428873716,0.0007006404339335859,1.4473220507303874
-0.5,eval,random,10,net,c013,0.02225494384765625,0.01189422607421875,0.0007006404339335859,1.4473220507303874
-0.5,eval,random,10,net,c049,-0.18686580657958984,0.01623249053955078,0.0007006404339335859,1.4473220507303874
-0.5,eval,random,10,net,c058,-0.1892277399698893,0.011575063069661468,0.0007006404339335859,1.4473220507303874
-0.5,eval,random,10,net,c024,0.040816307067871094,0.01390838623046875,0.0007006404339335859,1.4473220507303874
-0.5,eval,random,10,net,c042,-0.012547492980957031,0.004761695861816406,0.0007006404339335859,1.4473220507303874
-0.5,eval,random,10,net,c047,0.2608175277709961,0.01026153564453125,0.0007006404339335859,1.4473220507303874
-0.5,eval,random,10,net,c043,0.10753218332926433,0.023909250895182296,0.0007006404339335859,1.4473220507303874
-0.5,eval,random,10,net,c003,-0.2524089813232422,0.011590957641601562,0.0007006404339335859,1.4473220507303874
-0.5,eval,random,10,net,c041,0.2864240010579427,0.02924187978108722,0.0007006404339335859,1.4473220507303874
-0.5,eval,random,10,net,c008,0.08553218841552734,0.01989269256591797,0.0007006404339335859,1.4473220507303874
-0.5,eval,random,10,net,c045,-0.0952463150024414,0.010079383850097656,0.0007006404339335859,1.4473220507303874
-0.5,eval,random,10,net,c011,-0.11060905456542969,0.011433601379394531,0.0007006404339335859,1.4473220507303874
-0.5,eval,random,10,net,c020,-0.13633060455322266,0.01735401153564453,0.0007006404339335859,1.4473220507303874
-0.5,eval,random,10,net,c044,-0.06713072458902995,0.00286324818929036,0.0007006404339335859,1.4473220507303874
-0.5,eval,random,10,net,c016,0.20556259155273438,0.024274826049804688,0.0007006404339335859,1.4473220507303874
-0.5,eval,random,10,net,c056,0.2307901382446289,0.0027418136596679688,0.0007006404339335859,1.4473220507303874
-0.5,eval,random,10,net,c025,0.1816549301147461,0.013354301452636719,0.0007006404339335859,1.4473220507303874
-0.5,eval,random,10,net,c029,0.4412412643432617,-0.0023326873779296875,0.0007006404339335859,1.4473220507303874
-0.5,eval,random,10,net,c014,-0.1164560317993164,0.007512092590332031,0.0007006404339335859,1.4473220507303874
-0.5,eval,random,10,net,c002,0.021408716837565105,0.016632715861002605,0.0007006404339335859,1.4473220507303874
-0.5,eval,random,10,net,c023,0.14535204569498697,0.006990114847819001,0.0007006404339335859,1.4473220507303874
-0.5,eval,random,10,net,c046,0.24067274729410806,0.023985544840494782,0.0007006404339335859,1.4473220507303874
-0.5,eval,random,10,net,c022,0.13169415791829428,0.0244277318318685,0.0007006404339335859,1.4473220507303874
-0.5,eval,random,10,net,c050,-0.017749468485514324,0.012494405110677082,0.0007006404339335859,1.4473220507303874
0.0,eval,d,10,net,c006,0.023834228515625,0.0,0.0,1.4399968385696411
0.0,eval,d,10,net,c017,0.20912933349609375,0.0,0.0,1.4399968385696411
0.0,eval,d,10,net,c039,0.015583992004394531,0.0,0.0,1.4399968385696411
0.0,eval,d,10,net,c036,0.01639270782470703,0.0,0.0,1.4399968385696411
0.0,eval,d,10,net,c009,-0.13782024383544922,0.0,0.0,1.4399968385696411
0.0,eval,d,10,net,c000,0.15688133239746094,0.0,0.0,1.4399968385696411
0.0,eval,d,10,net,c013,0.9827260971069336,0.0,0.0,1.4399968385696411
0.0,eval,d,10,net,c049,0.5995044708251953,0.0,0.0,1.4399968385696411
0.0,eval,d,10,net,c058,0.5011043548583984,0.0,0.0,1.4399968385696411
0.0,eval,d,10,net,c024,0.33040523529052734,0.0,0.0,1.4399968385696411
0.0,eval,d,10,net,c042,0.2417125701904297,0.0,0.0,1.4399968385696411
0.0,eval,d,10,net,c047,0.35624027252197266,0.0,0.0,1.4399968385696411
0.0,eval,d,10,net,c043,0.3845243453979492,0.0,0.0,1.4399968385696411
0.0,eval,d,10,net,c003,-0.2762727737426758,0.0,0.0,1.4399968385696411
0.0,eval,d,10,net,c041,0.3884315490722656,0.0,0.0,1.4399968385696411
0.0,eval,d,10,net,c008,-0.169464111328125,0.0,0.0,1.4399968385696411
0.0,eval,d,10,net,c045,0.7440652847290039,0.0,0.0,1.4399968385696411
0.0,eval,d,10,net,c011,-0.06062030792236328,0.0,0.0,1.4399968385696411
0.0,eval,d,10,net,c020,0.7721776962280273,0.0,0.0,1.4399968385696411
0.0,eval,d,10,net,c044,0.8920345306396484,0.0,0.0,1.4399968385696411
0.0,eval,d,10,net,c016,-0.10680770874023438,0.0,0.0,1.4399968385696411
0.0,eval,d,10,net,c056,0.41636180877685547,0.0,0.0,1.4399968385696411
0.0,eval,d,10,net,c025,0.2760810852050781,0.0,0.0,1.4399968385696411
0.0,eval,d,10,net,c029,-0.1519927978515625,0.0,0.0,1.4399968385696411
0.0,eval,d,10,net,c014,0.3949089050292969,0.0,0.0,1.4399968385696411
0.0,eval,d,10,net,c002,-0.1383209228515625,0.0,0.0,1.4399968385696411
0.0,eval,d,10,net,c023,-0.010395050048828125,0.0,0.0,1.4399968385696411
0.0,eval,d,10,net,c046,0.21715545654296875,0.0,0.0,1.4399968385696411
0.0,eval,d,10,net,c022,0.0367279052734375,0.0,0.0,1.4399968385696411
0.0,eval,d,10,net,c050,0.44475364685058594,0.0,0.0,1.4399968385696411
0.0,eval,d,10,net,c006,-0.25240325927734375,0.0,0.0,1.4399968385696411
0.0,eval,d,10,net,c017,0.4105653762817383,0.0,0.0,1.4399968385696411
0.0,eval,d,10,net,c039,0.2551393508911133,0.0,0.0,1.4399968385696411
0.0,eval,d,10,net,c036,0.4336557388305664,0.0,0.0,1.4399968385696411
0.0,eval,d,10,net,c009,0.059459686279296875,0.0,0.0,1.4399968385696411
0.0,eval,d,10,net,c000,-0.28722667694091797,0.0,0.0,1.4399968385696411
0.0,eval,d,10,net,c013,0.0103607177734375,0.0,0.0,1.4399968385696411
0.0,eval,d,10,net,c049,-0.20309829711914062,0.0,0.0,1.4399968385696411
0.0,eval,d,10,net,c058,-0.20080280303955078,0.0,0.0,1.4399968385696411
0.0,eval,d,10,net,c024,0.026907920837402344,0.0,0.0,1.4399968385696411
0.0,eval,d,10,net,c042,-0.017309188842773438,0.0,0.0,1.4399968385696411
0.0,eval,d,10,net,c047,0.25055599212646484,0.0,0.0,1.4399968385696411
0.0,eval,d,10,net,c043,0.08362293243408203,0.0,0.0,1.4399968385696411
0.0,eval,d,10,net,c003,-0.26399993896484375,0.0,0.0,1.4399968385696411
0.0,eval,d,10,net,c041,0.25718212127685547,0.0,0.0,1.4399968385696411
0.0,eval,d,10,net,c008,0.06563949584960938,0.0,0.0,1.4399968385696411
0.0,eval,d,10,net,c045,-0.10532569885253906,0.0,0.0,1.4399968385696411
0.0,eval,d,10,net,c011,-0.12204265594482422,0.0,0.0,1.4399968385696411
0.0,eval,d,10,net,c020,-0.1536846160888672,0.0,0.0,1.4399968385696411
0.0,eval,d,10,net,c044,-0.06999397277832031,0.0,0.0,1.4399968385696411
0.0,eval,d,10,net,c016,0.1812877655029297,0.0,0.0,1.4399968385696411
0.0,eval,d,10,net,c056,0.22804832458496094,0.0,0.0,1.4399968385696411
0.0,eval,d,10,net,c025,0.16830062866210938,0.0,0.0,1.4399968385696411
0.0,eval,d,10,net,c029,0.4435739517211914,0.0,0.0,1.4399968385696411
0.0,eval,d,10,net,c014,-0.12396812438964844,0.0,0.0,1.4399968385696411
0.0,eval,d,10,net,c002,0.0047760009765625,0.0,0.0,1.4399968385696411
0.0,eval,d,10,net,c023,0.13836193084716797,0.0,0.0,1.4399968385696411
0.0,eval,d,10,net,c046,0.21668720245361328,0.0,0.0,1.4399968385696411
0.0,eval,d,10,net,c022,0.10726642608642578,0.0,0.0,1.4399968385696411
0.0,eval,d,10,net,c050,-0.030243873596191406,0.0,0.0,1.4399968385696411
0.0,deploy,d,10,net,c006,-0.39644432067871094,0.0,0.0,1.4150861501693726
0.0,deploy,d,10,net,c017,-0.17385005950927734,0.0,0.0,1.4150861501693726
0.0,deploy,d,10,net,c039,-0.08927726745605469,0.0,0.0,1.4150861501693726
0.0,deploy,d,10,net,c036,-0.03576087951660156,0.0,0.0,1.4150861501693726
0.0,deploy,d,10,net,c009,-0.5340633392333984,0.0,0.0,1.4150861501693726
0.0,deploy,d,10,net,c000,-0.39186763763427734,0.0,0.0,1.4150861501693726
0.0,deploy,d,10,net,c013,-0.08072471618652344,0.0,0.0,1.4150861501693726
0.0,deploy,d,10,net,c049,-0.561579704284668,0.0,0.0,1.4150861501693726
0.0,deploy,d,10,net,c058,-0.6014337539672852,0.0,0.0,1.4150861501693726
0.0,deploy,d,10,net,c024,-0.39653968811035156,0.0,0.0,1.4150861501693726
0.0,deploy,d,10,net,c042,-0.5630865097045898,0.0,0.0,1.4150861501693726
0.0,deploy,d,10,net,c047,-0.03818225860595703,0.0,0.0,1.4150861501693726
0.0,deploy,d,10,net,c043,-0.3174610137939453,0.0,0.0,1.4150861501693726
0.0,deploy,d,10,net,c003,-0.7640542984008789,0.0,0.0,1.4150861501693726
0.0,deploy,d,10,net,c041,-0.0937814712524414,0.0,0.0,1.4150861501693726
0.0,deploy,d,10,net,c008,-0.3429994583129883,0.0,0.0,1.4150861501693726
0.0,deploy,d,10,net,c045,-0.6730327606201172,0.0,0.0,1.4150861501693726
0.0,deploy,d,10,net,c011,-0.18209362030029297,0.0,0.0,1.4150861501693726
0.0,deploy,d,10,net,c020,-0.25852012634277344,0.0,0.0,1.4150861501693726
0.0,deploy,d,10,net,c044,-0.3375110626220703,0.0,0.0,1.4150861501693726
0.0,deploy,d,10,net,c016,-0.08913612365722656,0.0,0.0,1.4150861501693726
0.0,deploy,d,10,net,c056,0.013576507568359375,0.0,0.0,1.4150861501693726
0.0,deploy,d,10,net,c025,-0.1779499053955078,0.0,0.0,1.4150861501693726
0.0,deploy,d,10,net,c029,-0.7619876861572266,0.0,0.0,1.4150861501693726
0.0,deploy,d,10,net,c014,-0.24795818328857422,0.0,0.0,1.4150861501693726
0.0,deploy,d,10,net,c002,-0.2590599060058594,0.0,0.0,1.4150861501693726
0.0,deploy,d,10,net,c023,-0.2696809768676758,0.0,0.0,1.4150861501693726
0.0,deploy,d,10,net,c046,-0.06237983703613281,0.0,0.0,1.4150861501693726
0.0,deploy,d,10,net,c022,-0.2744865417480469,0.0,0.0,1.4150861501693726
0.0,deploy,d,10,net,c050,0.012198448181152344,0.0,0.0,1.4150861501693726
0.0,deploy,d,10,net,c006,-0.5379972457885742,0.0,0.0,1.4150861501693726
0.0,deploy,d,10,net,c017,-0.25501537322998047,0.0,0.0,1.4150861501693726
0.0,deploy,d,10,net,c039,-0.1464395523071289,0.0,0.0,1.4150861501693726
0.0,deploy,d,10,net,c036,-0.08058834075927734,0.0,0.0,1.4150861501693726
0.0,deploy,d,10,net,c009,-0.48497962951660156,0.0,0.0,1.4150861501693726
0.0,deploy,d,10,net,c000,-0.6107616424560547,0.0,0.0,1.4150861501693726
0.0,deploy,d,10,net,c013,-0.08929824829101562,0.0,0.0,1.4150861501693726
0.0,deploy,d,10,net,c049,-1.0802812576293945,0.0,0.0,1.4150861501693726
0.0,deploy,d,10,net,c058,-0.5794334411621094,0.0,0.0,1.4150861501693726
0.0,deploy,d,10,net,c024,-0.25170326232910156,0.0,0.0,1.4150861501693726
0.0,deploy,d,10,net,c042,-0.47333526611328125,0.0,0.0,1.4150861501693726
0.0,deploy,d,10,net,c047,-0.20174407958984375,0.0,0.0,1.4150861501693726
0.0,deploy,d,10,net,c043,0.020255088806152344,0.0,0.0,1.4150861501693726
0.0,deploy,d,10,net,c003,-0.505584716796875,0.0,0.0,1.4150861501693726
0.0,deploy,d,10,net,c041,-0.4242734909057617,0.0,0.0,1.4150861501693726
0.0,deploy,d,10,net,c008,-0.6077108383178711,0.0,0.0,1.4150861501693726
0.0,deploy,d,10,net,c045,-0.17621135711669922,0.0,0.0,1.4150861501693726
0.0,deploy,d,10,net,c011,-0.21634864807128906,0.0,0.0,1.4150861501693726
0.0,deploy,d,10,net,c020,-0.26408863067626953,0.0,0.0,1.4150861501693726
0.0,deploy,d,10,net,c044,-0.45630836486816406,0.0,0.0,1.4150861501693726
0.0,deploy,d,10,net,c016,-0.08737754821777344,0.0,0.0,1.4150861501693726
0.0,deploy,d,10,net,c056,0.175018310546875,0.0,0.0,1.4150861501693726
0.0,deploy,d,10,net,c025,-0.2243337631225586,0.0,0.0,1.4150861501693726
0.0,deploy,d,10,net,c029,-0.4060192108154297,0.0,0.0,1.4150861501693726
0.0,deploy,d,10,net,c014,-0.3856334686279297,0.0,0.0,1.4150861501693726
0.0,deploy,d,10,net,c002,-0.5090522766113281,0.0,0.0,1.4150861501693726
0.0,deploy,d,10,net,c023,-0.6356210708618164,0.0,0.0,1.4150861501693726
0.0,deploy,d,10,net,c046,-0.2714099884033203,0.0,0.0,1.4150861501693726
0.0,deploy,d,10,net,c022,-0.27802181243896484,0.0,0.0,1.4150861501693726
0.0,deploy,d,10,net,c050,-0.08949565887451172,0.0,0.0,1.4150861501693726
0.5,eval,d,10,net,c006,-0.0033025741577148438,-0.027136802673339844,0.0005821297527290881,1.4403315782546997
0.5,eval,d,10,net,c017,0.16647720336914062,-0.042652130126953125,0.0005821297527290881,1.4403315782546997
0.5,eval,d,10,net,c039,-0.0633859634399414,-0.07896995544433594,0.0005821297527290881,1.4403315782546997
0.5,eval,d,10,net,c036,-0.023229598999023438,-0.03962230682373047,0.0005821297527290881,1.4403315782546997
0.5,eval,d,10,net,c009,-0.20185279846191406,-0.06403255462646484,0.0005821297527290881,1.4403315782546997
0.5,eval,d,10,net,c000,0.12898731231689453,-0.027894020080566406,0.0005821297527290881,1.4403315782546997
0.5,eval,d,10,net,c013,0.9565896987915039,-0.026136398315429688,0.0005821297527290881,1.4403315782546997
0.5,eval,d,10,net,c049,0.5520343780517578,-0.0474700927734375,0.0005821297527290881,1.4403315782546997
0.5,eval,d,10,net,c058,0.4621772766113281,-0.03892707824707031,0.0005821297527290881,1.4403315782546997
0.5,eval,d,10,net,c024,0.3204231262207031,-0.009982109069824219,0.0005821297527290881,1.4403315782546997
0.5,eval,d,10,net,c042,0.1973724365234375,-0.04434013366699219,0.0005821297527290881,1.4403315782546997
0.5,eval,d,10,net,c047,0.3156929016113281,-0.04054737091064453,0.0005821297527290881,1.4403315782546997
0.5,eval,d,10,net,c043,0.3490476608276367,-0.0354766845703125,0.0005821297527290881,1.4403315782546997
0.5,eval,d,10,net,c003,-0.30295562744140625,-0.02668285369873047,0.0005821297527290881,1.4403315782546997
0.5,eval,d,10,net,c041,0.34713077545166016,-0.04130077362060547,0.0005821297527290881,1.4403315782546997
0.5,eval,d,10,net,c008,-0.2101755142211914,-0.040711402893066406,0.0005821297527290881,1.4403315782546997
0.5,eval,d,10,net,c045,0.7184562683105469,-0.02560901641845703,0.0005821297527290881,1.4403315782546997
0.5,eval,d,10,net,c011,-0.0992116928100586,-0.03859138488769531,0.0005821297527290881,1.4403315782546997
0.5,eval,d,10,net,c020,0.7510881423950195,-0.021089553833007812,0.0005821297527290881,1.4403315782546997
0.5,eval,d,10,net,c044,0.8645439147949219,-0.027490615844726562,0.0005821297527290881,1.4403315782546997
0.5,eval,d,10,net,c016,-0.15213966369628906,-0.04533195495605469,0.0005821297527290881,1.4403315782546997
0.5,eval,d,10,net,c056,0.3585481643676758,-0.05781364440917969,0.0005821297527290881,1.4403315782546997
0.5,eval,d,10,net,c025,0.25589466094970703,-0.020186424255371094,0.0005821297527290881,1.4403315782546997
0.5,eval,d,10,net,c029,-0.1897125244140625,-0.0377197265625,0.0005821297527290881,1.4403315782546997
0.5,eval,d,10,net,c014,0.34372997283935547,-0.051178932189941406,0.0005821297527290881,1.4403315782546997
0.5,eval,d,10,net,c002,-0.19968891143798828,-0.06136798858642578,0.0005821297527290881,1.4403315782546997
0.5,eval,d,10,net,c023,-0.02830028533935547,-0.017905235290527344,0.0005821297527290881,1.4403315782546997
0.5,eval,d,10,net,c046,0.1898059844970703,-0.027349472045898438,0.0005821297527290881,1.4403315782546997
0.5,eval,d,10,net,c022,-0.008512496948242188,-0.04524040222167969,0.0005821297527290881,1.4403315782546997
0.5,eval,d,10,net,c050,0.4076213836669922,-0.03713226318359375,0.0005821297527290881,1.4403315782546997
0.5,eval,d,10,net,c006,-0.29843711853027344,-0.04603385925292969,0.0005821297527290881,1.4403315782546997
0.5,eval,d,10,net,c017,0.37566184997558594,-0.034903526306152344,0.0005821297527290881,1.4403315782546997
0.5,eval,d,10,net,c039,0.20835018157958984,-0.04678916931152344,0.0005821297527290881,1.4403315782546997
0.5,eval,d,10,net,c036,0.40065479278564453,-0.033000946044921875,0.0005821297527290881,1.4403315782546997
0.5,eval,d,10,net,c009,0.0009250640869140625,-0.05853462219238281,0.0005821297527290881,1.4403315782546997
0.5,eval,d,10,net,c000,-0.32160091400146484,-0.034374237060546875,0.0005821297527290881,1.4403315782546997
0.5,eval,d,10,net,c013,-0.015345573425292969,-0.02570629119873047,0.0005821297527290881,1.4403315782546997
0.5,eval,d,10,net,c049,-0.26929569244384766,-0.06619739532470703,0.0005821297527290881,1.4403315782546997
0.5,eval,d,10,net,c058,-0.23584556579589844,-0.035042762756347656,0.0005821297527290881,1.4403315782546997
0.5,eval,d,10,net,c024,-0.010359764099121094,-0.03726768493652344,0.0005821297527290881,1.4403315782546997
0.5,eval,d,10,net,c042,-0.051627159118652344,-0.034317970275878906,0.0005821297527290881,1.4403315782546997
0.5,eval,d,10,net,c047,0.21401691436767578,-0.03653907775878906,0.0005821297527290881,1.4403315782546997
0.5,eval,d,10,net,c043,0.0615234375,-0.02209949493408203,0.0005821297527290881,1.4403315782546997
0.5,eval,d,10,net,c003,-0.3265399932861328,-0.06254005432128906,0.0005821297527290881,1.4403315782546997
0.5,eval,d,10,net,c041,0.21690940856933594,-0.04027271270751953,0.0005821297527290881,1.4403315782546997
0.5,eval,d,10,net,c008,0.0248870849609375,-0.040752410888671875,0.0005821297527290881,1.4403315782546997
0.5,eval,d,10,net,c045,-0.1373910903930664,-0.032065391540527344,0.0005821297527290881,1.4403315782546997
0.5,eval,d,10,net,c011,-0.1447467803955078,-0.022704124450683594,0.0005821297527290881,1.4403315782546997
0.5,eval,d,10,net,c020,-0.22448348999023438,-0.07079887390136719,0.0005821297527290881,1.4403315782546997
0.5,eval,d,10,net,c044,-0.1143960952758789,-0.044402122497558594,0.0005821297527290881,1.4403315782546997
0.5,eval,d,10,net,c016,0.1320810317993164,-0.04920673370361328,0.0005821297527290881,1.4403315782546997
0.5,eval,d,10,net,c056,0.16558456420898438,-0.06246376037597656,0.0005821297527290881,1.4403315782546997
0.5,eval,d,10,net,c025,0.13065338134765625,-0.037647247314453125,0.0005821297527290881,1.4403315782546997
0.5,eval,d,10,net,c029,0.4122438430786133,-0.031330108642578125,0.0005821297527290881,1.4403315782546997
0.5,eval,d,10,net,c014,-0.13184261322021484,-0.007874488830566406,0.0005821297527290881,1.4403315782546997
0.5,eval,d,10,net,c002,-0.012872695922851562,-0.017648696899414062,0.0005821297527290881,1.4403315782546997
0.5,eval,d,10,net,c023,0.10518932342529297,-0.033172607421875,0.0005821297527290881,1.4403315782546997
0.5,eval,d,10,net,c046,0.1753377914428711,-0.04134941101074219,0.0005821297527290881,1.4403315782546997
0.5,eval,d,10,net,c022,0.07309341430664062,-0.034173011779785156,0.0005821297527290881,1.4403315782546997
0.5,eval,d,10,net,c050,-0.09532928466796875,-0.06508541107177734,0.0005821297527290881,1.4403315782546997
0.5,deploy,d,10,net,c006,-0.41418933868408203,-0.017745018005371094,0.0005459164385683835,1.4260202646255493
0.5,deploy,d,10,net,c017,-0.23948287963867188,-0.06563282012939453,0.0005459164385683835,1.4260202646255493
0.5,deploy,d,10,net,c039,-0.1344003677368164,-0.04512310028076172,0.0005459164385683835,1.4260202646255493
0.5,deploy,d,10,net,c036,-0.07532405853271484,-0.03956317901611328,0.0005459164385683835,1.4260202646255493
0.5,deploy,d,10,net,c009,-0.5970726013183594,-0.06300926208496094,0.0005459164385683835,1.4260202646255493
0.5,deploy,d,10,net,c000,-0.43439197540283203,-0.04252433776855469,0.0005459164385683835,1.4260202646255493
0.5,deploy,d,10,net,c013,-0.10718154907226562,-0.026456832885742188,0.0005459164385683835,1.4260202646255493
0.5,deploy,d,10,net,c049,-0.6076879501342773,-0.046108245849609375,0.0005459164385683835,1.4260202646255493
0.5,deploy,d,10,net,c058,-0.6232261657714844,-0.02179241180419922,0.0005459164385683835,1.4260202646255493
0.5,deploy,d,10,net,c024,-0.44176483154296875,-0.04522514343261719,0.0005459164385683835,1.4260202646255493
0.5,deploy,d,10,net,c042,-0.5974540710449219,-0.03436756134033203,0.0005459164385683835,1.4260202646255493
0.5,deploy,d,10,net,c047,-0.07874584197998047,-0.04056358337402344,0.0005459164385683835,1.4260202646255493
0.5,deploy,d,10,net,c043,-0.3609304428100586,-0.04346942901611328,0.0005459164385683835,1.4260202646255493
0.5,deploy,d,10,net,c003,-0.7950210571289062,-0.030966758728027344,0.0005459164385683835,1.4260202646255493
0.5,deploy,d,10,net,c041,-0.1481771469116211,-0.05439567565917969,0.0005459164385683835,1.4260202646255493
0.5,deploy,d,10,net,c008,-0.3800506591796875,-0.03705120086669922,0.0005459164385683835,1.4260202646255493
0.5,deploy,d,10,net,c045,-0.7017431259155273,-0.028710365295410156,0.0005459164385683835,1.4260202646255493
0.5,deploy,d,10,net,c011,-0.2279510498046875,-0.04585742950439453,0.0005459164385683835,1.4260202646255493
0.5,deploy,d,10,net,c020,-0.30851078033447266,-0.04999065399169922,0.0005459164385683835,1.4260202646255493
0.5,deploy,d,10,net,c044,-0.3904857635498047,-0.052974700927734375,0.0005459164385683835,1.4260202646255493
0.5,deploy,d,10,net,c016,-0.1404743194580078,-0.05133819580078125,0.0005459164385683835,1.4260202646255493
0.5,deploy,d,10,net,c056,-0.03757762908935547,-0.051154136657714844,0.0005459164385683835,1.4260202646255493
0.5,deploy,d,10,net,c025,-0.21831989288330078,-0.04036998748779297,0.0005459164385683835,1.4260202646255493
0.5,deploy,d,10,net,c029,-0.7839517593383789,-0.021964073181152344,0.0005459164385683835,1.4260202646255493
0.5,deploy,d,10,net,c014,-0.27297019958496094,-0.02501201629638672,0.0005459164385683835,1.4260202646255493
0.5,deploy,d,10,net,c002,-0.3010845184326172,-0.04202461242675781,0.0005459164385683835,1.4260202646255493
0.5,deploy,d,10,net,c023,-0.3114948272705078,-0.04181385040283203,0.0005459164385683835,1.4260202646255493
0.5,deploy,d,10,net,c046,-0.10287189483642578,-0.04049205780029297,0.0005459164385683835,1.4260202646255493
0.5,deploy,d,10,net,c022,-0.3108062744140625,-0.036319732666015625,0.0005459164385683835,1.4260202646255493
0.5,deploy,d,10,net,c050,-0.014560699462890625,-0.02675914764404297,0.0005459164385683835,1.4260202646255493
0.5,deploy,d,10,net,c006,-0.5646743774414062,-0.02667713165283203,0.0005459164385683835,1.4260202646255493
0.5,deploy,d,10,net,c017,-0.30171680450439453,-0.04670143127441406,0.0005459164385683835,1.4260202646255493
0.5,deploy,d,10,net,c039,-0.18489456176757812,-0.03845500946044922,0.0005459164385683835,1.4260202646255493
0.5,deploy,d,10,net,c036,-0.13801860809326172,-0.057430267333984375,0.0005459164385683835,1.4260202646255493
0.5,deploy,d,10,net,c009,-0.5348138809204102,-0.049834251403808594,0.0005459164385683835,1.4260202646255493
0.5,deploy,d,10,net,c000,-0.6400842666625977,-0.02932262420654297,0.0005459164385683835,1.4260202646255493
0.5,deploy,d,10,net,c013,-0.11059188842773438,-0.02129364013671875,0.0005459164385683835,1.4260202646255493
0.5,deploy,d,10,net,c049,-1.101877212524414,-0.02159595489501953,0.0005459164385683835,1.4260202646255493
0.5,deploy,d,10,net,c058,-0.6079940795898438,-0.028560638427734375,0.0005459164385683835,1.4260202646255493
0.5,deploy,d,10,net,c024,-0.28170204162597656,-0.029998779296875,0.0005459164385683835,1.4260202646255493
0.5,deploy,d,10,net,c042,-0.5308151245117188,-0.0574798583984375,0.0005459164385683835,1.4260202646255493
0.5,deploy,d,10,net,c047,-0.2374267578125,-0.03568267822265625,0.0005459164385683835,1.4260202646255493
0.5,deploy,d,10,net,c043,-0.01754283905029297,-0.03779792785644531,0.0005459164385683835,1.4260202646255493
0.5,deploy,d,10,net,c003,-0.5458087921142578,-0.04022407531738281,0.0005459164385683835,1.4260202646255493
0.5,deploy,d,10,net,c041,-0.46608924865722656,-0.041815757751464844,0.0005459164385683835,1.4260202646255493
0.5,deploy,d,10,net,c008,-0.6303472518920898,-0.02263641357421875,0.0005459164385683835,1.4260202646255493
0.5,deploy,d,10,net,c045,-0.21868228912353516,-0.04247093200683594,0.0005459164385683835,1.4260202646255493
0.5,deploy,d,10,net,c011,-0.2380962371826172,-0.021747589111328125,0.0005459164385683835,1.4260202646255493
0.5,deploy,d,10,net,c020,-0.3153963088989258,-0.05130767822265625,0.0005459164385683835,1.4260202646255493
0.5,deploy,d,10,net,c044,-0.47456836700439453,-0.01826000213623047,0.0005459164385683835,1.4260202646255493
0.5,deploy,d,10,net,c016,-0.1289806365966797,-0.04160308837890625,0.0005459164385683835,1.4260202646255493
0.5,deploy,d,10,net,c056,0.11222362518310547,-0.06279468536376953,0.0005459164385683835,1.4260202646255493
0.5,deploy,d,10,net,c025,-0.24775123596191406,-0.02341747283935547,0.0005459164385683835,1.4260202646255493
0.5,deploy,d,10,net,c029,-0.45000553131103516,-0.04398632049560547,0.0005459164385683835,1.4260202646255493
0.5,deploy,d,10,net,c014,-0.42971038818359375,-0.04407691955566406,0.0005459164385683835,1.4260202646255493
0.5,deploy,d,10,net,c002,-0.5478239059448242,-0.038771629333496094,0.0005459164385683835,1.4260202646255493
0.5,deploy,d,10,net,c023,-0.6671323776245117,-0.03151130676269531,0.0005459164385683835,1.4260202646255493
0.5,deploy,d,10,net,c046,-0.3137321472167969,-0.04232215881347656,0.0005459164385683835,1.4260202646255493
0.5,deploy,d,10,net,c022,-0.3428077697753906,-0.06478595733642578,0.0005459164385683835,1.4260202646255493
0.5,deploy,d,10,net,c050,-0.14199066162109375,-0.05249500274658203,0.0005459164385683835,1.4260202646255493
0.5,eval,random,10,net,c006,0.006033897399902344,-0.017800331115722656,0.0008381738443858922,1.4277604420979817
0.5,eval,random,10,net,c017,0.20073413848876953,-0.008395195007324219,0.0008381738443858922,1.4277604420979817
0.5,eval,random,10,net,c039,0.013163248697916666,-0.002420743306477865,0.0008381738443858922,1.4277604420979817
0.5,eval,random,10,net,c036,-0.02001476287841797,-0.036407470703125,0.0008381738443858922,1.4277604420979817
0.5,eval,random,10,net,c009,-0.13142840067545572,0.006391843159993499,0.0008381738443858922,1.4277604420979817
0.5,eval,random,10,net,c000,0.1310281753540039,-0.02585315704345703,0.0008381738443858922,1.4277604420979817
0.5,eval,random,10,net,c013,0.9502655665079752,-0.03246053059895837,0.0008381738443858922,1.4277604420979817
0.5,eval,random,10,net,c049,0.585142453511556,-0.014362017313639286,0.0008381738443858922,1.4277604420979817
0.5,eval,random,10,net,c058,0.4874703089396159,-0.013634045918782534,0.0008381738443858922,1.4277604420979817
0.5,eval,random,10,net,c024,0.31753094991048175,-0.012874285380045591,0.0008381738443858922,1.4277604420979817
0.5,eval,random,10,net,c042,0.21893946329752603,-0.022773106892903655,0.0008381738443858922,1.4277604420979817
0.5,eval,random,10,net,c047,0.34410730997721356,-0.012132962544759096,0.0008381738443858922,1.4277604420979817
0.5,eval,random,10,net,c043,0.3398313522338867,-0.0446929931640625,0.0008381738443858922,1.4277604420979817
0.5,eval,random,10,net,c003,-0.28952662150065106,-0.013253847757975279,0.0008381738443858922,1.4277604420979817
0.5,eval,random,10,net,c041,0.3598950703938802,-0.028536478678385435,0.0008381738443858922,1.4277604420979817
0.5,eval,random,10,net,c008,-0.18436654408772787,-0.014902432759602874,0.0008381738443858922,1.4277604420979817
0.5,eval,random,10,net,c045,0.7131522496541342,-0.030913035074869755,0.0008381738443858922,1.4277604420979817
0.5,eval,random,10,net,c011,-0.06942303975423177,-0.008802731831868485,0.0008381738443858922,1.4277604420979817
0.5,eval,random,10,net,c020,0.7350908915201823,-0.03708680470784509,0.0008381738443858922,1.4277604420979817
0.5,eval,random,10,net,c044,0.8553260167439779,-0.036708513895670536,0.0008381738443858922,1.4277604420979817
0.5,eval,random,10,net,c016,-0.12137031555175781,-0.014562606811523438,0.0008381738443858922,1.4277604420979817
0.5,eval,random,10,net,c056,0.3875439961751302,-0.02881781260172528,0.0008381738443858922,1.4277604420979817
0.5,eval,random,10,net,c025,0.2576764424641927,-0.018404642740885435,0.0008381738443858922,1.4277604420979817
0.5,eval,random,10,net,c029,-0.17026074727376303,-0.01826794942220053,0.0008381738443858922,1.4277604420979817
0.5,eval,random,10,net,c014,0.3528248469034831,-0.042084058125813784,0.0008381738443858922,1.4277604420979817
0.5,eval,random,10,net,c002,-0.15453275044759116,-0.016211827596028655,0.0008381738443858922,1.4277604420979817
0.5,eval,random,10,net,c023,-0.03307501475016276,-0.022679964701334633,0.0008381738443858922,1.4277604420979817
0.5,eval,random,10,net,c046,0.19774341583251953,-0.01941204071044922,0.0008381738443858922,1.4277604420979817
0.5,eval,random,10,net,c022,0.02248700459798177,-0.01424090067545573,0.0008381738443858922,1.4277604420979817
0.5,eval,random,10,net,c050,0.4205131530761719,-0.024240493774414062,0.0008381738443858922,1.4277604420979817
0.5,eval,random,10,net,c006,-0.2678976058959961,-0.015494346618652344,0.0008381738443858922,1.4277604420979817
0.5,eval,random,10,net,c017,0.39878177642822266,-0.011783599853515625,0.0008381738443858922,1.4277604420979817
0.5,eval,random,10,net,c039,0.234468142191569,-0.02067120869954428,0.0008381738443858922,1.4277604420979817
0.5,eval,random,10,net,c036,0.4077736536661784,-0.025882085164388002,0.0008381738443858922,1.4277604420979817
0.5,eval,random,10,net,c009,0.04950300852457682,-0.009956677754720054,0.0008381738443858922,1.4277604420979817
0.5,eval,random,10,net,c000,-0.2975219090779622,-0.010295232137044252,0.0008381738443858922,1.4277604420979817
0.5,eval,random,10,net,c013,-0.004575093587239583,-0.014935811360677082,0.0008381738443858922,1.4277604420979817
0.5,eval,random,10,net,c049,-0.223298708597819,-0.020200411478678376,0.0008381738443858922,1.4277604420979817
0.5,eval,random,10,net,c058,-0.2143834431966146,-0.013580640157063811,0.0008381738443858922,1.4277604420979817
0.5,eval,random,10,net,c024,0.0066814422607421875,-0.020226478576660156,0.0008381738443858922,1.4277604420979817
0.5,eval,random,10,net,c042,-0.02937761942545573,-0.012068430582682293,0.0008381738443858922,1.4277604420979817
0.5,eval,random,10,net,c047,0.2365229924519857,-0.014032999674479157,0.0008381738443858922,1.4277604420979817
0.5,eval,random,10,net,c043,0.05252997080485026,-0.031092961629231773,0.0008381738443858922,1.4277604420979817
0.5,eval,random,10,net,c003,-0.2803834279378255,-0.016383488972981752,0.0008381738443858922,1.4277604420979817
0.5,eval,random,10,net,c041,0.22097110748291016,-0.03621101379394531,0.0008381738443858922,1.4277604420979817
0.5,eval,random,10,net,c008,0.040546417236328125,-0.02509307861328125,0.0008381738443858922,1.4277604420979817
0.5,eval,random,10,net,c045,-0.12048053741455078,-0.015154838562011719,0.0008381738443858922,1.4277604420979817
0.5,eval,random,10,net,c011,-0.13698546091715494,-0.01494280497233072,0.0008381738443858922,1.4277604420979817
0.5,eval,random,10,net,c020,-0.17725594838460287,-0.023571332295735686,0.0008381738443858922,1.4277604420979817
0.5,eval,random,10,net,c044,-0.0795888900756836,-0.009594917297363281,0.0008381738443858922,1.4277604420979817
0.5,eval,random,10,net,c016,0.15139230092366537,-0.029895464579264314,0.0008381738443858922,1.4277604420979817
0.5,eval,random,10,net,c056,0.21447626749674478,-0.013572057088216155,0.0008381738443858922,1.4277604420979817
0.5,eval,random,10,net,c025,0.14622942606608072,-0.022071202596028655,0.0008381738443858922,1.4277604420979817
0.5,eval,random,10,net,c029,0.4377371470133464,-0.005836804707845034,0.0008381738443858922,1.4277604420979817
0.5,eval,random,10,net,c014,-0.13568973541259766,-0.011721611022949219,0.0008381738443858922,1.4277604420979817
0.5,eval,random,10,net,c002,-0.01590251922607422,-0.02067852020263672,0.0008381738443858922,1.4277604420979817
0.5,eval,random,10,net,c023,0.12710984547932944,-0.011252085367838532,0.0008381738443858922,1.4277604420979817
0.5,eval,random,10,net,c046,0.18646971384684244,-0.030217488606770843,0.0008381738443858922,1.4277604420979817
0.5,eval,random,10,net,c022,0.07699139912923177,-0.030275026957194015,0.0008381738443858922,1.4277604420979817
0.5,eval,random,10,net,c050,-0.045907020568847656,-0.01566314697265625,0.0008381738443858922,1.4277604420979817
1.0,eval,d,10,net,c006,-0.032024383544921875,-0.055858612060546875,0.0025494289584457874,1.437498927116394
1.0,eval,d,10,net,c017,0.12329769134521484,-0.0858316421508789,0.0025494289584457874,1.437498927116394
1.0,eval,d,10,net,c039,-0.14026260375976562,-0.15584659576416016,0.0025494289584457874,1.437498927116394
1.0,eval,d,10,net,c036,-0.05602550506591797,-0.072418212890625,0.0025494289584457874,1.437498927116394
1.0,eval,d,10,net,c009,-0.26503753662109375,-0.12721729278564453,0.0025494289584457874,1.437498927116394
1.0,eval,d,10,net,c000,0.09725666046142578,-0.059624671936035156,0.0025494289584457874,1.437498927116394
1.0,eval,d,10,net,c013,0.9248971939086914,-0.05782890319824219,0.0025494289584457874,1.437498927116394
1.0,eval,d,10,net,c049,0.5003824234008789,-0.0991220474243164,0.0025494289584457874,1.437498927116394
1.0,eval,d,10,net,c058,0.4231452941894531,-0.07795906066894531,0.0025494289584457874,1.437498927116394
1.0,eval,d,10,net,c024,0.30678462982177734,-0.02362060546875,0.0025494289584457874,1.437498927116394
1.0,eval,d,10,net,c042,0.14811420440673828,-0.0935983657836914,0.0025494289584457874,1.437498927116394
1.0,eval,d,10,net,c047,0.2745628356933594,-0.08167743682861328,0.0025494289584457874,1.437498927116394
1.0,eval,d,10,net,c043,0.31075096130371094,-0.07377338409423828,0.0025494289584457874,1.437498927116394
1.0,eval,d,10,net,c003,-0.3299999237060547,-0.053727149963378906,0.0025494289584457874,1.437498927116394
1.0,eval,d,10,net,c041,0.30156803131103516,-0.08686351776123047,0.0025494289584457874,1.437498927116394
1.0,eval,d,10,net,c008,-0.2511911392211914,-0.0817270278930664,0.0025494289584457874,1.437498927116394
1.0,eval,d,10,net,c045,0.6881036758422852,-0.05596160888671875,0.0025494289584457874,1.437498927116394
1.0,eval,d,10,net,c011,-0.13779163360595703,-0.07717132568359375,0.0025494289584457874,1.437498927116394
1.0,eval,d,10,net,c020,0.7258749008178711,-0.04630279541015625,0.0025494289584457874,1.437498927116394
1.0,eval,d,10,net,c044,0.8330078125,-0.05902671813964844,0.0025494289584457874,1.437498927116394
1.0,eval,d,10,net,c016,-0.19385337829589844,-0.08704566955566406,0.0025494289584457874,1.437498927116394
1.0,eval,d,10,net,c056,0.30107975006103516,-0.11528205871582031,0.0025494289584457874,1.437498927116394
1.0,eval,d,10,net,c025,0.2339334487915039,-0.04214763641357422,0.0025494289584457874,1.437498927116394
1.0,eval,d,10,net,c029,-0.22005367279052734,-0.06806087493896484,0.0025494289584457874,1.437498927116394
1.0,eval,d,10,net,c014,0.28830432891845703,-0.10660457611083984,0.0025494289584457874,1.437498927116394
1.0,eval,d,10,net,c002,-0.25969791412353516,-0.12137699127197266,0.0025494289584457874,1.437498927116394
1.0,eval,d,10,net,c023,-0.04700756072998047,-0.036612510681152344,0.0025494289584457874,1.437498927116394
1.0,eval,d,10,net,c046,0.1627054214477539,-0.054450035095214844,0.0025494289584457874,1.437498927116394
1.0,eval,d,10,net,c022,-0.05623054504394531,-0.09295845031738281,0.0025494289584457874,1.437498927116394
1.0,eval,d,10,net,c050,0.3731651306152344,-0.07158851623535156,0.0025494289584457874,1.437498927116394
1.0,eval,d,10,net,c006,-0.3405284881591797,-0.08812522888183594,0.0025494289584457874,1.437498927116394
1.0,eval,d,10,net,c017,0.34314727783203125,-0.06741809844970703,0.0025494289584457874,1.437498927116394
1.0,eval,d,10,net,c039,0.16669082641601562,-0.08844852447509766,0.0025494289584457874,1.437498927116394
1.0,eval,d,10,net,c036,0.35886573791503906,-0.07479000091552734,0.0025494289584457874,1.437498927116394
1.0,eval,d,10,net,c009,-0.053803443908691406,-0.11326313018798828,0.0025494289584457874,1.437498927116394
1.0,eval,d,10,net,c000,-0.35315513610839844,-0.06592845916748047,0.0025494289584457874,1.437498927116394
1.0,eval,d,10,net,c013,-0.040676116943359375,-0.051036834716796875,0.0025494289584457874,1.437498927116394
1.0,eval,d,10,net,c049,-0.33356380462646484,-0.13046550750732422,0.0025494289584457874,1.437498927116394
1.0,eval,d,10,net,c058,-0.27002906799316406,-0.06922626495361328,0.0025494289584457874,1.437498927116394
1.0,eval,d,10,net,c024,-0.048699378967285156,-0.0756072998046875,0.0025494289584457874,1.437498927116394
1.0,eval,d,10,net,c042,-0.08732795715332031,-0.07001876831054688,0.0025494289584457874,1.437498927116394
1.0,eval,d,10,net,c047,0.17845535278320312,-0.07210063934326172,0.0025494289584457874,1.437498927116394
1.0,eval,d,10,net,c043,0.04088783264160156,-0.04273509979248047,0.0025494289584457874,1.437498927116394
1.0,eval,d,10,net,c003,-0.3898277282714844,-0.12582778930664062,0.0025494289584457874,1.437498927116394
1.0,eval,d,10,net,c041,0.17719554901123047,-0.079986572265625,0.0025494289584457874,1.437498927116394
1.0,eval,d,10,net,c008,-0.011114120483398438,-0.07675361633300781,0.0025494289584457874,1.437498927116394
1.0,eval,d,10,net,c045,-0.16731929779052734,-0.06199359893798828,0.0025494289584457874,1.437498927116394
1.0,eval,d,10,net,c011,-0.1704387664794922,-0.04839611053466797,0.0025494289584457874,1.437498927116394
1.0,eval,d,10,net,c020,-0.2924318313598633,-0.1387472152709961,0.0025494289584457874,1.437498927116394
1.0,eval,d,10,net,c044,-0.1580638885498047,-0.08806991577148438,0.0025494289584457874,1.437498927116394
1.0,eval,d,10,net,c016,0.08319377899169922,-0.09809398651123047,0.0025494289584457874,1.437498927116394
1.0,eval,d,10,net,c056,0.09779167175292969,-0.13025665283203125,0.0025494289584457874,1.437498927116394
1.0,eval,d,10,net,c025,0.0907135009765625,-0.07758712768554688,0.0025494289584457874,1.437498927116394
1.0,eval,d,10,net,c029,0.3788280487060547,-0.06474590301513672,0.0025494289584457874,1.437498927116394
1.0,eval,d,10,net,c014,-0.1403970718383789,-0.01642894744873047,0.0025494289584457874,1.437498927116394
1.0,eval,d,10,net,c002,-0.03238105773925781,-0.03715705871582031,0.0025494289584457874,1.437498927116394
1.0,eval,d,10,net,c023,0.0742654800415039,-0.06409645080566406,0.0025494289584457874,1.437498927116394
1.0,eval,d,10,net,c046,0.13147258758544922,-0.08521461486816406,0.0025494289584457874,1.437498927116394
1.0,eval,d,10,net,c022,0.037512779235839844,-0.06975364685058594,0.0025494289584457874,1.437498927116394
1.0,eval,d,10,net,c050,-0.1565723419189453,-0.1263284683227539,0.0025494289584457874,1.437498927116394
1.0,deploy,d,10,net,c006,-0.43270111083984375,-0.03625679016113281,0.0022430741228163242,1.4337400197982788
1.0,deploy,d,10,net,c017,-0.29731178283691406,-0.12346172332763672,0.0022430741228163242,1.4337400197982788
1.0,deploy,d,10,net,c039,-0.1817035675048828,-0.09242630004882812,0.0022430741228163242,1.4337400197982788
1.0,deploy,d,10,net,c036,-0.11613750457763672,-0.08037662506103516,0.0022430741228163242,1.4337400197982788
1.0,deploy,d,10,net,c009,-0.6587238311767578,-0.12466049194335938,0.0022430741228163242,1.4337400197982788
1.0,deploy,d,10,net,c000,-0.4738903045654297,-0.08202266693115234,0.0022430741228163242,1.4337400197982788
1.0,deploy,d,10,net,c013,-0.1360931396484375,-0.05536842346191406,0.0022430741228163242,1.4337400197982788
1.0,deploy,d,10,net,c049,-0.6520900726318359,-0.09051036834716797,0.0022430741228163242,1.4337400197982788
1.0,deploy,d,10,net,c058,-0.6459407806396484,-0.04450702667236328,0.0022430741228163242,1.4337400197982788
1.0,deploy,d,10,net,c024,-0.48735523223876953,-0.09081554412841797,0.0022430741228163242,1.4337400197982788
1.0,deploy,d,10,net,c042,-0.6287040710449219,-0.06561756134033203,0.0022430741228163242,1.4337400197982788
1.0,deploy,d,10,net,c047,-0.12273502349853516,-0.08455276489257812,0.0022430741228163242,1.4337400197982788
1.0,deploy,d,10,net,c043,-0.40115928649902344,-0.08369827270507812,0.0022430741228163242,1.4337400197982788
1.0,deploy,d,10,net,c003,-0.8204030990600586,-0.05634880065917969,0.0022430741228163242,1.4337400197982788
1.0,deploy,d,10,net,c041,-0.2000865936279297,-0.10630512237548828,0.0022430741228163242,1.4337400197982788
1.0,deploy,d,10,net,c008,-0.4178733825683594,-0.0748739242553711,0.0022430741228163242,1.4337400197982788
1.0,deploy,d,10,net,c045,-0.7268610000610352,-0.05382823944091797,0.0022430741228163242,1.4337400197982788
1.0,deploy,d,10,net,c011,-0.2738046646118164,-0.09171104431152344,0.0022430741228163242,1.4337400197982788
1.0,deploy,d,10,net,c020,-0.35432910919189453,-0.0958089828491211,0.0022430741228163242,1.4337400197982788
1.0,deploy,d,10,net,c044,-0.4378519058227539,-0.1003408432006836,0.0022430741228163242,1.4337400197982788
1.0,deploy,d,10,net,c016,-0.18909454345703125,-0.09995841979980469,0.0022430741228163242,1.4337400197982788
1.0,deploy,d,10,net,c056,-0.0920257568359375,-0.10560226440429688,0.0022430741228163242,1.4337400197982788
1.0,deploy,d,10,net,c025,-0.25923824310302734,-0.08128833770751953,0.0022430741228163242,1.4337400197982788
1.0,deploy,d,10,net,c029,-0.803741455078125,-0.04175376892089844,0.0022430741228163242,1.4337400197982788
1.0,deploy,d,10,net,c014,-0.2964344024658203,-0.048476219177246094,0.0022430741228163242,1.4337400197982788
1.0,deploy,d,10,net,c002,-0.3447446823120117,-0.08568477630615234,0.0022430741228163242,1.4337400197982788
1.0,deploy,d,10,net,c023,-0.3532066345214844,-0.0835256576538086,0.0022430741228163242,1.4337400197982788
1.0,deploy,d,10,net,c046,-0.14415550231933594,-0.08177566528320312,0.0022430741228163242,1.4337400197982788
1.0,deploy,d,10,net,c022,-0.3449516296386719,-0.070465087890625,0.0022430741228163242,1.4337400197982788
1.0,deploy,d,10,net,c050,-0.03961658477783203,-0.051815032958984375,0.0022430741228163242,1.4337400197982788
1.0,deploy,d,10,net,c006,-0.5883960723876953,-0.050398826599121094,0.0022430741228163242,1.4337400197982788
1.0,deploy,d,10,net,c017,-0.3424720764160156,-0.08745670318603516,0.0022430741228163242,1.4337400197982788
1.0,deploy,d,10,net,c039,-0.22177791595458984,-0.07533836364746094,0.0022430741228163242,1.4337400197982788
1.0,deploy,d,10,net,c036,-0.19835758209228516,-0.11776924133300781,0.0022430741228163242,1.4337400197982788
1.0,deploy,d,10,net,c009,-0.5838251113891602,-0.0988454818725586,0.0022430741228163242,1.4337400197982788
1.0,deploy,d,10,net,c000,-0.6659698486328125,-0.05520820617675781,0.0022430741228163242,1.4337400197982788
1.0,deploy,d,10,net,c013,-0.13515377044677734,-0.04585552215576172,0.0022430741228163242,1.4337400197982788
1.0,deploy,d,10,net,c049,-1.122654914855957,-0.0423736572265625,0.0022430741228163242,1.4337400197982788
1.0,deploy,d,10,net,c058,-0.6339006423950195,-0.054467201232910156,0.0022430741228163242,1.4337400197982788
1.0,deploy,d,10,net,c024,-0.31185436248779297,-0.060151100158691406,0.0022430741228163242,1.4337400197982788
1.0,deploy,d,10,net,c042,-0.5870294570922852,-0.1136941909790039,0.0022430741228163242,1.4337400197982788
1.0,deploy,d,10,net,c047,-0.26988792419433594,-0.06814384460449219,0.0022430741228163242,1.4337400197982788
1.0,deploy,d,10,net,c043,-0.054164886474609375,-0.07441997528076172,0.0022430741228163242,1.4337400197982788
1.0,deploy,d,10,net,c003,-0.5841426849365234,-0.07855796813964844,0.0022430741228163242,1.4337400197982788
1.0,deploy,d,10,net,c041,-0.5003013610839844,-0.07602787017822266,0.0022430741228163242,1.4337400197982788
1.0,deploy,d,10,net,c008,-0.6502361297607422,-0.042525291442871094,0.0022430741228163242,1.4337400197982788
1.0,deploy,d,10,net,c045,-0.2594327926635742,-0.083221435546875,0.0022430741228163242,1.4337400197982788
1.0,deploy,d,10,net,c011,-0.2580070495605469,-0.04165840148925781,0.0022430741228163242,1.4337400197982788
1.0,deploy,d,10,net,c020,-0.3658885955810547,-0.10179996490478516,0.0022430741228163242,1.4337400197982788
1.0,deploy,d,10,net,c044,-0.48891353607177734,-0.03260517120361328,0.0022430741228163242,1.4337400197982788
1.0,deploy,d,10,net,c016,-0.16983318328857422,-0.08245563507080078,0.0022430741228163242,1.4337400197982788
1.0,deploy,d,10,net,c056,0.04310417175292969,-0.1319141387939453,0.0022430741228163242,1.4337400197982788
1.0,deploy,d,10,net,c025,-0.27285289764404297,-0.048519134521484375,0.0022430741228163242,1.4337400197982788
1.0,deploy,d,10,net,c029,-0.49339866638183594,-0.08737945556640625,0.0022430741228163242,1.4337400197982788
1.0,deploy,d,10,net,c014,-0.47466468811035156,-0.08903121948242188,0.0022430741228163242,1.4337400197982788
1.0,deploy,d,10,net,c002,-0.5853166580200195,-0.0762643814086914,0.0022430741228163242,1.4337400197982788
1.0,deploy,d,10,net,c023,-0.6935415267944336,-0.05792045593261719,0.0022430741228163242,1.4337400197982788
1.0,deploy,d,10,net,c046,-0.35319995880126953,-0.08178997039794922,0.0022430741228163242,1.4337400197982788
1.0,deploy,d,10,net,c022,-0.3989410400390625,-0.12091922760009766,0.0022430741228163242,1.4337400197982788
1.0,deploy,d,10,net,c050,-0.19330978393554688,-0.10381412506103516,0.0022430741228163242,1.4337400197982788
1.0,eval,random,10,net,c006,-0.014985084533691406,-0.038819313049316406,0.003663177446772655,1.410540024439494
1.0,eval,random,10,net,c017,0.18835163116455078,-0.02077770233154297,0.003663177446772655,1.410540024439494
1.0,eval,random,10,net,c039,0.002968470255533854,-0.012615521748860678,0.003663177446772655,1.410540024439494
1.0,eval,random,10,net,c036,-0.058863321940104164,-0.07525602976481119,0.003663177446772655,1.410540024439494
1.0,eval,random,10,net,c009,-0.1299610137939453,0.007859230041503906,0.003663177446772655,1.410540024439494
1.0,eval,random,10,net,c000,0.09904861450195312,-0.05783271789550781,0.003663177446772655,1.410540024439494
1.0,eval,random,10,net,c013,0.9083611170450846,-0.074364980061849,0.003663177446772655,1.410540024439494
1.0,eval,random,10,net,c049,0.5587333043416342,-0.04077116648356116,0.003663177446772655,1.410540024439494
1.0,eval,random,10,net,c058,0.4658654530843099,-0.03523890177408856,0.003663177446772655,1.410540024439494
1.0,eval,random,10,net,c024,0.3000427881876628,-0.030362447102864565,0.003663177446772655,1.410540024439494
1.0,eval,random,10,net,c042,0.18751653035481772,-0.05419603983561197,0.003663177446772655,1.410540024439494
1.0,eval,random,10,net,c047,0.32523345947265625,-0.031006813049316406,0.003663177446772655,1.410540024439494
1.0,eval,random,10,net,c043,0.2885284423828125,-0.09599590301513672,0.003663177446772655,1.410540024439494
1.0,eval,random,10,net,c003,-0.3049093882242839,-0.02863661448160809,0.003663177446772655,1.410540024439494
1.0,eval,random,10,net,c041,0.32105445861816406,-0.06737709045410156,0.003663177446772655,1.410540024439494
1.0,eval,random,10,net,c008,-0.20407390594482422,-0.03460979461669922,0.003663177446772655,1.410540024439494
1.0,eval,random,10,net,c045,0.6728477478027344,-0.07121753692626953,0.003663177446772655,1.410540024439494
1.0,eval,random,10,net,c011,-0.08152421315511067,-0.02090390523274739,0.003663177446772655,1.410540024439494
1.0,eval,random,10,net,c020,0.6897732416788737,-0.08240445454915368,0.003663177446772655,1.410540024439494
1.0,eval,random,10,net,c044,0.8057292302449545,-0.08630530039469397,0.003663177446772655,1.410540024439494
1.0,eval,random,10,net,c016,-0.13836065928141275,-0.031552950541178376,0.003663177446772655,1.410540024439494
1.0,eval,random,10,net,c056,0.35310904184977215,-0.06325276692708331,0.003663177446772655,1.410540024439494
1.0,eval,random,10,net,c025,0.23592694600423178,-0.040154139200846345,0.003663177446772655,1.410540024439494
1.0,eval,random,10,net,c029,-0.1876675287882487,-0.03567473093668619,0.003663177446772655,1.410540024439494
1.0,eval,random,10,net,c014,0.306606928507487,-0.08830197652180988,0.003663177446772655,1.410540024439494
1.0,eval,random,10,net,c002,-0.17452112833658853,-0.03620020548502603,0.003663177446772655,1.410540024439494
1.0,eval,random,10,net,c023,-0.059463183085123696,-0.04906813303629557,0.003663177446772655,1.410540024439494
1.0,eval,random,10,net,c046,0.1743768056233724,-0.042778650919596345,0.003663177446772655,1.410540024439494
1.0,eval,random,10,net,c022,0.0031576156616210938,-0.033570289611816406,0.003663177446772655,1.410540024439494
1.0,eval,random,10,net,c050,0.39410050710042316,-0.05065313975016278,0.003663177446772655,1.410540024439494
1.0,eval,random,10,net,c006,-0.28351561228434247,-0.031112353006998716,0.003663177446772655,1.410540024439494
1.0,eval,random,10,net,c017,0.3806114196777344,-0.029953956604003906,0.003663177446772655,1.410540024439494
1.0,eval,random,10,net,c039,0.20679314931233725,-0.04834620157877603,0.003663177446772655,1.410540024439494
1.0,eval,random,10,net,c036,0.3719189961751302,-0.061736742655436216,0.003663177446772655,1.410540024439494
1.0,eval,random,10,net,c009,0.03312142690022787,-0.026338259379069008,0.003663177446772655,1.410540024439494
1.0,eval,random,10,net,c000,-0.30964406331380206,-0.022417386372884096,0.003663177446772655,1.410540024439494
1.0,eval,random,10,net,c013,-0.02152856190999349,-0.031889279683430985,0.003663177446772655,1.410540024439494
1.0,eval,random,10,net,c049,-0.24724674224853516,-0.04414844512939453,0.003663177446772655,1.410540024439494
1.0,eval,random,10,net,c058,-0.22896671295166016,-0.028163909912109375,0.003663177446772655,1.410540024439494
1.0,eval,random,10,net,c024,-0.018396695454915363,-0.045304616292317704,0.003663177446772655,1.410540024439494
1.0,eval,random,10,net,c042,-0.04747358957926432,-0.030164400736490883,0.003663177446772655,1.410540024439494
1.0,eval,random,10,net,c047,0.21971352895100912,-0.03084246317545572,0.003663177446772655,1.410540024439494
1.0,eval,random,10,net,c043,0.015748023986816406,-0.06787490844726562,0.003663177446772655,1.410540024439494
1.0,eval,random,10,net,c003,-0.30011717478434247,-0.036117235819498716,0.003663177446772655,1.410540024439494
1.0,eval,random,10,net,c041,0.18012428283691406,-0.0770578384399414,0.003663177446772655,1.410540024439494
1.0,eval,random,10,net,c008,0.011655489603678385,-0.05398400624593099,0.003663177446772655,1.410540024439494
1.0,eval,random,10,net,c045,-0.13944594065348306,-0.034120241800944,0.003663177446772655,1.410540024439494
1.0,eval,random,10,net,c011,-0.15417067209879556,-0.032128016153971345,0.003663177446772655,1.410540024439494
1.0,eval,random,10,net,c020,-0.20485941569010416,-0.05117479960123697,0.003663177446772655,1.410540024439494
1.0,eval,random,10,net,c044,-0.09520022074381511,-0.025206247965494796,0.003663177446772655,1.410540024439494
1.0,eval,random,10,net,c016,0.1177686055501302,-0.06351915995279948,0.003663177446772655,1.410540024439494
1.0,eval,random,10,net,c056,0.1912206013997396,-0.036827723185221345,0.003663177446772655,1.410540024439494
1.0,eval,random,10,net,c025,0.11663659413655598,-0.05166403452555339,0.003663177446772655,1.410540024439494
1.0,eval,random,10,net,c029,0.4244426091512044,-0.019131342569986998,0.003663177446772655,1.410540024439494
1.0,eval,random,10,net,c014,-0.15018145243326822,-0.026213328043619782,0.003663177446772655,1.410540024439494
1.0,eval,random,10,net,c002,-0.039414405822753906,-0.044190406799316406,0.003663177446772655,1.410540024439494
1.0,eval,random,10,net,c023,0.11240069071451823,-0.025961240132649735,0.003663177446772655,1.410540024439494
1.0,eval,random,10,net,c046,0.1522353490193685,-0.06445185343424478,0.003663177446772655,1.410540024439494
1.0,eval,random,10,net,c022,0.042391459147135414,-0.06487496693929037,0.003663177446772655,1.410540024439494
1.0,eval,random,10,net,c050,-0.06379063924153645,-0.03354676564534505,0.003663177446772655,1.410540024439494
2.0,eval,d,10,net,c006,-0.0948648452758789,-0.1186990737915039,0.01274507213383913,1.4197012186050415
2.0,eval,d,10,net,c017,0.045014381408691406,-0.16411495208740234,0.01274507213383913,1.4197012186050415
2.0,eval,d,10,net,c039,-0.28062915802001953,-0.29621315002441406,0.01274507213383913,1.4197012186050415
2.0,eval,d,10,net,c036,-0.10323524475097656,-0.1196279525756836,0.01274507213383913,1.4197012186050415
2.0,eval,d,10,net,c009,-0.38209056854248047,-0.24427032470703125,0.01274507213383913,1.4197012186050415
2.0,eval,d,10,net,c000,0.021636009216308594,-0.13524532318115234,0.01274507213383913,1.4197012186050415
2.0,eval,d,10,net,c013,0.8459138870239258,-0.1368122100830078,0.01274507213383913,1.4197012186050415
2.0,eval,d,10,net,c049,0.3887777328491211,-0.21072673797607422,0.01274507213383913,1.4197012186050415
2.0,eval,d,10,net,c058,0.345458984375,-0.15564537048339844,0.01274507213383913,1.4197012186050415
2.0,eval,d,10,net,c024,0.26234912872314453,-0.06805610656738281,0.01274507213383913,1.4197012186050415
2.0,eval,d,10,net,c042,0.0388946533203125,-0.2028179168701172,0.01274507213383913,1.4197012186050415
2.0,eval,d,10,net,c047,0.1906280517578125,-0.16561222076416016,0.01274507213383913,1.4197012186050415
2.0,eval,d,10,net,c043,0.2277851104736328,-0.1567392349243164,0.01274507213383913,1.4197012186050415
2.0,eval,d,10,net,c003,-0.3815584182739258,-0.10528564453125,0.01274507213383913,1.4197012186050415
2.0,eval,d,10,net,c041,0.19980430603027344,-0.1886272430419922,0.01274507213383913,1.4197012186050415
2.0,eval,d,10,net,c008,-0.33065223693847656,-0.16118812561035156,0.01274507213383913,1.4197012186050415
2.0,eval,d,10,net,c045,0.6096363067626953,-0.1344289779663086,0.01274507213383913,1.4197012186050415
2.0,eval,d,10,net,c011,-0.20205402374267578,-0.1414337158203125,0.01274507213383913,1.4197012186050415
2.0,eval,d,10,net,c020,0.6572418212890625,-0.11493587493896484,0.01274507213383913,1.4197012186050415
2.0,eval,d,10,net,c044,0.7584285736083984,-0.13360595703125,0.01274507213383913,1.4197012186050415
2.0,eval,d,10,net,c016,-0.2610292434692383,-0.1542215347290039,0.01274507213383913,1.4197012186050415
2.0,eval,d,10,net,c056,0.1850109100341797,-0.23135089874267578,0.01274507213383913,1.4197012186050415
2.0,eval,d,10,net,c025,0.18102264404296875,-0.09505844116210938,0.01274507213383913,1.4197012186050415
2.0,eval,d,10,net,c029,-0.2575101852416992,-0.10551738739013672,0.01274507213383913,1.4197012186050415
2.0,eval,d,10,net,c014,0.1681499481201172,-0.2267589569091797,0.01274507213383913,1.4197012186050415
2.0,eval,d,10,net,c002,-0.37082958221435547,-0.23250865936279297,0.01274507213383913,1.4197012186050415
2.0,eval,d,10,net,c023,-0.0898904800415039,-0.07949542999267578,0.01274507213383913,1.4197012186050415
2.0,eval,d,10,net,c046,0.10769081115722656,-0.10946464538574219,0.01274507213383913,1.4197012186050415
2.0,eval,d,10,net,c022,-0.1525897979736328,-0.1893177032470703,0.01274507213383913,1.4197012186050415
2.0,eval,d,10,net,c050,0.30762672424316406,-0.13712692260742188,0.01274507213383913,1.4197012186050415
2.0,eval,d,10,net,c006,-0.41180419921875,-0.15940093994140625,0.01274507213383913,1.4197012186050415
2.0,eval,d,10,net,c017,0.28642749786376953,-0.12413787841796875,0.01274507213383913,1.4197012186050415
2.0,eval,d,10,net,c039,0.10432147979736328,-0.15081787109375,0.01274507213383913,1.4197012186050415
2.0,eval,d,10,net,c036,0.25492286682128906,-0.17873287200927734,0.01274507213383913,1.4197012186050415
2.0,eval,d,10,net,c009,-0.1476573944091797,-0.20711708068847656,0.01274507213383913,1.4197012186050415
2.0,eval,d,10,net,c000,-0.40407848358154297,-0.116851806640625,0.01274507213383913,1.4197012186050415
2.0,eval,d,10,net,c013,-0.08502674102783203,-0.09538745880126953,0.01274507213383913,1.4197012186050415
2.0,eval,d,10,net,c049,-0.4559316635131836,-0.25283336639404297,0.01274507213383913,1.4197012186050415
2.0,eval,d,10,net,c058,-0.3344449996948242,-0.13364219665527344,0.01274507213383913,1.4197012186050415
2.0,eval,d,10,net,c024,-0.13243961334228516,-0.1593475341796875,0.01274507213383913,1.4197012186050415
2.0,eval,d,10,net,c042,-0.15914344787597656,-0.14183425903320312,0.01274507213383913,1.4197012186050415
2.0,eval,d,10,net,c047,0.10894203186035156,-0.14161396026611328,0.01274507213383913,1.4197012186050415
2.0,eval,d,10,net,c043,0.0031900405883789062,-0.08043289184570312,0.01274507213383913,1.4197012186050415
2.0,eval,d,10,net,c003,-0.5042018890380859,-0.2402019500732422,0.01274507213383913,1.4197012186050415
2.0,eval,d,10,net,c041,0.1009531021118164,-0.15622901916503906,0.01274507213383913,1.4197012186050415
2.0,eval,d,10,net,c008,-0.06477737426757812,-0.1304168701171875,0.01274507213383913,1.4197012186050415
2.0,eval,d,10,net,c045,-0.21720027923583984,-0.11187458038330078,0.01274507213383913,1.4197012186050415
2.0,eval,d,10,net,c011,-0.225799560546875,-0.10375690460205078,0.01274507213383913,1.4197012186050415
2.0,eval,d,10,net,c020,-0.41530895233154297,-0.2616243362426758,0.01274507213383913,1.4197012186050415
2.0,eval,d,10,net,c044,-0.23791027069091797,-0.16791629791259766,0.01274507213383913,1.4197012186050415
2.0,eval,d,10,net,c016,-0.014774322509765625,-0.1960620880126953,0.01274507213383913,1.4197012186050415
2.0,eval,d,10,net,c056,-0.04772472381591797,-0.2757730484008789,0.01274507213383913,1.4197012186050415
2.0,eval,d,10,net,c025,0.007213592529296875,-0.1610870361328125,0.01274507213383913,1.4197012186050415
2.0,eval,d,10,net,c029,0.3069906234741211,-0.1365833282470703,0.01274507213383913,1.4197012186050415
2.0,eval,d,10,net,c014,-0.1605091094970703,-0.036540985107421875,0.01274507213383913,1.4197012186050415
2.0,eval,d,10,net,c002,-0.07833194732666016,-0.08310794830322266,0.01274507213383913,1.4197012186050415
2.0,eval,d,10,net,c023,0.018024444580078125,-0.12033748626708984,0.01274507213383913,1.4197012186050415
2.0,eval,d,10,net,c046,0.04011821746826172,-0.17656898498535156,0.01274507213383913,1.4197012186050415
2.0,eval,d,10,net,c022,-0.040543556213378906,-0.1478099822998047,0.01274507213383913,1.4197012186050415
2.0,eval,d,10,net,c050,-0.2637653350830078,-0.2335214614868164,0.01274507213383913,1.4197012186050415
2.0,deploy,d,10,net,c006,-0.46880435943603516,-0.07236003875732422,0.009929581545293331,1.4364765882492065
2.0,deploy,d,10,net,c017,-0.38542652130126953,-0.2115764617919922,0.009929581545293331,1.4364765882492065
2.0,deploy,d,10,net,c039,-0.2777090072631836,-0.1884317398071289,0.009929581545293331,1.4364765882492065
2.0,deploy,d,10,net,c036,-0.20284557342529297,-0.1670846939086914,0.009929581545293331,1.4364765882492065
2.0,deploy,d,10,net,c009,-0.7697725296020508,-0.23570919036865234,0.009929581545293331,1.4364765882492065
2.0,deploy,d,10,net,c000,-0.5368146896362305,-0.14494705200195312,0.009929581545293331,1.4364765882492065
2.0,deploy,d,10,net,c013,-0.1985940933227539,-0.11786937713623047,0.009929581545293331,1.4364765882492065
2.0,deploy,d,10,net,c049,-0.735569953918457,-0.17399024963378906,0.009929581545293331,1.4364765882492065
2.0,deploy,d,10,net,c058,-0.6897783279418945,-0.08834457397460938,0.009929581545293331,1.4364765882492065
2.0,deploy,d,10,net,c024,-0.5737543106079102,-0.1772146224975586,0.009929581545293331,1.4364765882492065
2.0,deploy,d,10,net,c042,-0.6817893981933594,-0.11870288848876953,0.009929581545293331,1.4364765882492065
2.0,deploy,d,10,net,c047,-0.21449947357177734,-0.1763172149658203,0.009929581545293331,1.4364765882492065
2.0,deploy,d,10,net,c043,-0.46759033203125,-0.1501293182373047,0.009929581545293331,1.4364765882492065
2.0,deploy,d,10,net,c003,-0.8492040634155273,-0.08514976501464844,0.009929581545293331,1.4364765882492065
2.0,deploy,d,10,net,c041,-0.2871389389038086,-0.1933574676513672,0.009929581545293331,1.4364765882492065
2.0,deploy,d,10,net,c008,-0.4931621551513672,-0.1501626968383789,0.009929581545293331,1.4364765882492065
2.0,deploy,d,10,net,c045,-0.7639884948730469,-0.09095573425292969,0.009929581545293331,1.4364765882492065
2.0,deploy,d,10,net,c011,-0.3574066162109375,-0.17531299591064453,0.009929581545293331,1.4364765882492065
2.0,deploy,d,10,net,c020,-0.43082141876220703,-0.1723012924194336,0.009929581545293331,1.4364765882492065
2.0,deploy,d,10,net,c044,-0.5123300552368164,-0.1748189926147461,0.009929581545293331,1.4364765882492065
2.0,deploy,d,10,net,c016,-0.2751808166503906,-0.18604469299316406,0.009929581545293331,1.4364765882492065
2.0,deploy,d,10,net,c056,-0.2090282440185547,-0.22260475158691406,0.009929581545293331,1.4364765882492065
2.0,deploy,d,10,net,c025,-0.33901309967041016,-0.16106319427490234,0.009929581545293331,1.4364765882492065
2.0,deploy,d,10,net,c029,-0.8341464996337891,-0.0721588134765625,0.009929581545293331,1.4364765882492065
2.0,deploy,d,10,net,c014,-0.3357257843017578,-0.0877676010131836,0.009929581545293331,1.4364765882492065
2.0,deploy,d,10,net,c002,-0.4344806671142578,-0.17542076110839844,0.009929581545293331,1.4364765882492065
2.0,deploy,d,10,net,c023,-0.43362998962402344,-0.16394901275634766,0.009929581545293331,1.4364765882492065
2.0,deploy,d,10,net,c046,-0.2184772491455078,-0.156097412109375,0.009929581545293331,1.4364765882492065
2.0,deploy,d,10,net,c022,-0.40687084197998047,-0.1323843002319336,0.009929581545293331,1.4364765882492065
2.0,deploy,d,10,net,c050,-0.08560848236083984,-0.09780693054199219,0.009929581545293331,1.4364765882492065
2.0,deploy,d,10,net,c006,-0.6249866485595703,-0.0869894027709961,0.009929581545293331,1.4364765882492065
2.0,deploy,d,10,net,c017,-0.4032869338989258,-0.1482715606689453,0.009929581545293331,1.4364765882492065
2.0,deploy,d,10,net,c039,-0.2875661849975586,-0.1411266326904297,0.009929581545293331,1.4364765882492065
2.0,deploy,d,10,net,c036,-0.3192930221557617,-0.23870468139648438,0.009929581545293331,1.4364765882492065
2.0,deploy,d,10,net,c009,-0.6746883392333984,-0.18970870971679688,0.009929581545293331,1.4364765882492065
2.0,deploy,d,10,net,c000,-0.7032461166381836,-0.0924844741821289,0.009929581545293331,1.4364765882492065
2.0,deploy,d,10,net,c013,-0.19226837158203125,-0.10297012329101562,0.009929581545293331,1.4364765882492065
2.0,deploy,d,10,net,c049,-1.1580047607421875,-0.07772350311279297,0.009929581545293331,1.4364765882492065
2.0,deploy,d,10,net,c058,-0.6777305603027344,-0.098297119140625,0.009929581545293331,1.4364765882492065
2.0,deploy,d,10,net,c024,-0.3753652572631836,-0.12366199493408203,0.009929581545293331,1.4364765882492065
2.0,deploy,d,10,net,c042,-0.6878881454467773,-0.2145528793334961,0.009929581545293331,1.4364765882492065
2.0,deploy,d,10,net,c047,-0.3245086669921875,-0.12276458740234375,0.009929581545293331,1.4364765882492065
2.0,deploy,d,10,net,c043,-0.11771678924560547,-0.1379718780517578,0.009929581545293331,1.4364765882492065
2.0,deploy,d,10,net,c003,-0.6504030227661133,-0.14481830596923828,0.009929581545293331,1.4364765882492065
2.0,deploy,d,10,net,c041,-0.5426359176635742,-0.1183624267578125,0.009929581545293331,1.4364765882492065
2.0,deploy,d,10,net,c008,-0.6804580688476562,-0.07274723052978516,0.009929581545293331,1.4364765882492065
2.0,deploy,d,10,net,c045,-0.32962512969970703,-0.1534137725830078,0.009929581545293331,1.4364765882492065
2.0,deploy,d,10,net,c011,-0.2900419235229492,-0.07369327545166016,0.009929581545293331,1.4364765882492065
2.0,deploy,d,10,net,c020,-0.4635648727416992,-0.1994762420654297,0.009929581545293331,1.4364765882492065
2.0,deploy,d,10,net,c044,-0.5058364868164062,-0.04952812194824219,0.009929581545293331,1.4364765882492065
2.0,deploy,d,10,net,c016,-0.2454824447631836,-0.15810489654541016,0.009929581545293331,1.4364765882492065
2.0,deploy,d,10,net,c056,-0.10837459564208984,-0.28339290618896484,0.009929581545293331,1.4364765882492065
2.0,deploy,d,10,net,c025,-0.32575225830078125,-0.10141849517822266,0.009929581545293331,1.4364765882492065
2.0,deploy,d,10,net,c029,-0.5769262313842773,-0.17090702056884766,0.009929581545293331,1.4364765882492065
2.0,deploy,d,10,net,c014,-0.5596647262573242,-0.17403125762939453,0.009929581545293331,1.4364765882492065
2.0,deploy,d,10,net,c002,-0.6511201858520508,-0.14206790924072266,0.009929581545293331,1.4364765882492065
2.0,deploy,d,10,net,c023,-0.7276020050048828,-0.0919809341430664,0.009929581545293331,1.4364765882492065
2.0,deploy,d,10,net,c046,-0.4174308776855469,-0.14602088928222656,0.009929581545293331,1.4364765882492065
2.0,deploy,d,10,net,c022,-0.4845285415649414,-0.20650672912597656,0.009929581545293331,1.4364765882492065
2.0,deploy,d,10,net,c050,-0.2864246368408203,-0.1969289779663086,0.009929581545293331,1.4364765882492065
2.0,eval,random,10,net,c006,-0.06081740061442057,-0.08465162913004556,0.01709736076494058,1.3619705041249592
2.0,eval,random,10,net,c017,0.15716139475504556,-0.051967938741048186,0.01709736076494058,1.3619705041249592
2.0,eval,random,10,net,c039,-0.037215232849121094,-0.052799224853515625,0.01709736076494058,1.3619705041249592
2.0,eval,random,10,net,c036,-0.1347802480061849,-0.15117295583089194,0.01709736076494058,1.3619705041249592
2.0,eval,random,10,net,c009,-0.13858477274576822,-0.0007645289103190012,0.01709736076494058,1.3619705041249592
2.0,eval,random,10,net,c000,0.024609883626302082,-0.13227144877115884,0.01709736076494058,1.3619705041249592
2.0,eval,random,10,net,c013,0.8018089930216471,-0.1809171040852865,0.01709736076494058,1.3619705041249592
2.0,eval,random,10,net,c049,0.47737979888916016,-0.12212467193603516,0.01709736076494058,1.3619705041249592
2.0,eval,random,10,net,c058,0.40390268961588544,-0.097201665242513,0.01709736076494058,1.3619705041249592
2.0,eval,random,10,net,c024,0.2560965220133464,-0.07430871327718097,0.01709736076494058,1.3619705041249592
2.0,eval,random,10,net,c042,0.10740947723388672,-0.13430309295654297,0.01709736076494058,1.3619705041249592
2.0,eval,random,10,net,c047,0.26961517333984375,-0.0866250991821289,0.01709736076494058,1.3619705041249592
2.0,eval,random,10,net,c043,0.17395846048990884,-0.21056588490804037,0.01709736076494058,1.3619705041249592
2.0,eval,random,10,net,c003,-0.3365713755289714,-0.06029860178629559,0.01709736076494058,1.3619705041249592
2.0,eval,random,10,net,c041,0.22095584869384766,-0.16747570037841797,0.01709736076494058,1.3619705041249592
2.0,eval,random,10,net,c008,-0.2511444091796875,-0.0816802978515625,0.01709736076494058,1.3619705041249592
2.0,eval,random,10,net,c045,0.5739386876424154,-0.1701265970865885,0.01709736076494058,1.3619705041249592
2.0,eval,random,10,net,c011,-0.1139211654663086,-0.05330085754394531,0.01709736076494058,1.3619705041249592
2.0,eval,random,10,net,c020,0.5845066706339518,-0.18767102559407556,0.01709736076494058,1.3619705041249592
2.0,eval,random,10,net,c044,0.6778834660847982,-0.21415106455485022,0.01709736076494058,1.3619705041249592
2.0,eval,random,10,net,c016,-0.17441463470458984,-0.06760692596435547,0.01709736076494058,1.3619705041249592
2.0,eval,random,10,net,c056,0.2761665980021159,-0.14019521077473956,0.01709736076494058,1.3619705041249592
2.0,eval,random,10,net,c025,0.18700281778971353,-0.08907826741536459,0.01709736076494058,1.3619705041249592
2.0,eval,random,10,net,c029,-0.21701463063557944,-0.06502183278401694,0.01709736076494058,1.3619705041249592
2.0,eval,random,10,net,c014,0.21141974131266275,-0.18348916371663412,0.01709736076494058,1.3619705041249592
2.0,eval,random,10,net,c002,-0.21854654947916666,-0.08022562662760416,0.01709736076494058,1.3619705041249592
2.0,eval,random,10,net,c023,-0.11767292022705078,-0.10727787017822266,0.01709736076494058,1.3619705041249592
2.0,eval,random,10,net,c046,0.11954943339029948,-0.09760602315266927,0.01709736076494058,1.3619705041249592
2.0,eval,random,10,net,c022,-0.044665018717447914,-0.08139292399088541,0.01709736076494058,1.3619705041249592
2.0,eval,random,10,net,c050,0.3399801254272461,-0.10477352142333984,0.01709736076494058,1.3619705041249592
2.0,eval,random,10,net,c006,-0.3095375696818034,-0.057134310404459654,0.01709736076494058,1.3619705041249592
2.0,eval,random,10,net,c017,0.3302923838297526,-0.08027299245198566,0.01709736076494058,1.3619705041249592
2.0,eval,random,10,net,c039,0.1345663070678711,-0.12057304382324219,0.01709736076494058,1.3619705041249592
2.0,eval,random,10,net,c036,0.2779563268025716,-0.1556994120279948,0.01709736076494058,1.3619705041249592
2.0,eval,random,10,net,c009,-0.012097040812174479,-0.07155672709147136,0.01709736076494058,1.3619705041249592
2.0,eval,random,10,net,c000,-0.3353137969970703,-0.048087120056152344,0.01709736076494058,1.3619705041249592
2.0,eval,random,10,net,c013,-0.056833902994791664,-0.06719462076822916,0.01709736076494058,1.3619705041249592
2.0,eval,random,10,net,c049,-0.3045279184977214,-0.10142962137858075,0.01709736076494058,1.3619705041249592
2.0,eval,random,10,net,c058,-0.2569224039713542,-0.056119600931803404,0.01709736076494058,1.3619705041249592
2.0,eval,random,10,net,c024,-0.07687664031982422,-0.10378456115722656,0.01709736076494058,1.3619705041249592
2.0,eval,random,10,net,c042,-0.0957654317220052,-0.07845624287923177,0.01709736076494058,1.3619705041249592
2.0,eval,random,10,net,c047,0.17984994252522787,-0.07070604960123697,0.01709736076494058,1.3619705041249592
2.0,eval,random,10,net,c043,-0.06871382395426433,-0.15233675638834637,0.01709736076494058,1.3619705041249592
2.0,eval,random,10,net,c003,-0.34169991811116535,-0.0776999791463216,0.01709736076494058,1.3619705041249592
2.0,eval,random,10,net,c041,0.09366830190022786,-0.16351381937662762,0.01709736076494058,1.3619705041249592
2.0,eval,random,10,net,c008,-0.05176734924316406,-0.11740684509277344,0.01709736076494058,1.3619705041249592
2.0,eval,random,10,net,c045,-0.18371200561523438,-0.07838630676269531,0.01709736076494058,1.3619705041249592
2.0,eval,random,10,net,c011,-0.19010035196940103,-0.06805769602457681,0.01709736076494058,1.3619705041249592
2.0,eval,random,10,net,c020,-0.26196956634521484,-0.10828495025634766,0.01709736076494058,1.3619705041249592
2.0,eval,random,10,net,c044,-0.14142131805419922,-0.0714273452758789,0.01709736076494058,1.3619705041249592
2.0,eval,random,10,net,c016,0.04742018381754557,-0.13386758168538412,0.01709736076494058,1.3619705041249592
2.0,eval,random,10,net,c056,0.1210794448852539,-0.10696887969970703,0.01709736076494058,1.3619705041249592
2.0,eval,random,10,net,c025,0.04168065388997396,-0.1266199747721354,0.01709736076494058,1.3619705041249592
2.0,eval,random,10,net,c029,0.37932554880777997,-0.06424840291341144,0.01709736076494058,1.3619705041249592
2.0,eval,random,10,net,c014,-0.18160120646158853,-0.057633082071940095,0.01709736076494058,1.3619705041249592
2.0,eval,random,10,net,c002,-0.0897073745727539,-0.0944833755493164,0.01709736076494058,1.3619705041249592
2.0,eval,random,10,net,c023,0.07555834452311198,-0.06280358632405598,0.01709736076494058,1.3619705041249592
2.0,eval,random,10,net,c046,0.07918294270833333,-0.13750425974527997,0.01709736076494058,1.3619705041249592
2.0,eval,random,10,net,c022,-0.03289222717285156,-0.14015865325927734,0.01709736076494058,1.3619705041249592
2.0,eval,random,10,net,c050,-0.10098044077555339,-0.07073656717936198,0.01709736076494058,1.3619705041249592
4.0,eval,d,10,net,c006,-0.24140262603759766,-0.26523685455322266,0.07822677493095398,1.313847303390503
4.0,eval,d,10,net,c017,-0.07895088195800781,-0.28808021545410156,0.07822677493095398,1.313847303390503
4.0,eval,d,10,net,c039,-0.4693260192871094,-0.4849100112915039,0.07822677493095398,1.313847303390503
4.0,eval,d,10,net,c036,-0.16748046875,-0.18387317657470703,0.07822677493095398,1.313847303390503
4.0,eval,d,10,net,c009,-0.5479679107666016,-0.41014766693115234,0.07822677493095398,1.313847303390503
4.0,eval,d,10,net,c000,-0.1727437973022461,-0.32962512969970703,0.07822677493095398,1.313847303390503
4.0,eval,d,10,net,c013,0.6073579788208008,-0.3753681182861328,0.07822677493095398,1.313847303390503
4.0,eval,d,10,net,c049,0.14984893798828125,-0.44965553283691406,0.07822677493095398,1.313847303390503
4.0,eval,d,10,net,c058,0.19197559356689453,-0.3091287612915039,0.07822677493095398,1.313847303390503
4.0,eval,d,10,net,c024,0.07027912139892578,-0.26012611389160156,0.07822677493095398,1.313847303390503
4.0,eval,d,10,net,c042,-0.21839141845703125,-0.46010398864746094,0.07822677493095398,1.313847303390503
4.0,eval,d,10,net,c047,-0.021857261657714844,-0.3780975341796875,0.07822677493095398,1.313847303390503
4.0,eval,d,10,net,c043,0.04946613311767578,-0.33505821228027344,0.07822677493095398,1.313847303390503
4.0,eval,d,10,net,c003,-0.4727191925048828,-0.19644641876220703,0.07822677493095398,1.313847303390503
4.0,eval,d,10,net,c041,-0.0188751220703125,-0.4073066711425781,0.07822677493095398,1.313847303390503
4.0,eval,d,10,net,c008,-0.4668006896972656,-0.2973365783691406,0.07822677493095398,1.313847303390503
4.0,eval,d,10,net,c045,0.3600740432739258,-0.3839912414550781,0.07822677493095398,1.313847303390503
4.0,eval,d,10,net,c011,-0.30396080017089844,-0.24334049224853516,0.07822677493095398,1.313847303390503
4.0,eval,d,10,net,c020,0.4085121154785156,-0.3636655807495117,0.07822677493095398,1.313847303390503
4.0,eval,d,10,net,c044,0.5291547775268555,-0.36287975311279297,0.07822677493095398,1.313847303390503
4.0,eval,d,10,net,c016,-0.3371906280517578,-0.23038291931152344,0.07822677493095398,1.313847303390503
4.0,eval,d,10,net,c056,-0.06607627868652344,-0.4824380874633789,0.07822677493095398,1.313847303390503
4.0,eval,d,10,net,c025,0.011031150817871094,-0.26504993438720703,0.07822677493095398,1.313847303390503
4.0,eval,d,10,net,c029,-0.2656698226928711,-0.1136770248413086,0.07822677493095398,1.313847303390503
4.0,eval,d,10,net,c014,-0.09173297882080078,-0.48664188385009766,0.07822677493095398,1.313847303390503
4.0,eval,d,10,net,c002,-0.5540447235107422,-0.4157238006591797,0.07822677493095398,1.313847303390503
4.0,eval,d,10,net,c023,-0.2211008071899414,-0.21070575714111328,0.07822677493095398,1.313847303390503
4.0,eval,d,10,net,c046,-0.03609466552734375,-0.2532501220703125,0.07822677493095398,1.313847303390503
4.0,eval,d,10,net,c022,-0.34485435485839844,-0.38158226013183594,0.07822677493095398,1.313847303390503
4.0,eval,d,10,net,c050,0.13051795959472656,-0.3142356872558594,0.07822677493095398,1.313847303390503
4.0,eval,d,10,net,c006,-0.5133142471313477,-0.2609109878540039,0.07822677493095398,1.313847303390503
4.0,eval,d,10,net,c017,0.163055419921875,-0.24750995635986328,0.07822677493095398,1.313847303390503
4.0,eval,d,10,net,c039,0.07271766662597656,-0.18242168426513672,0.07822677493095398,1.313847303390503
4.0,eval,d,10,net,c036,-0.004467010498046875,-0.4381227493286133,0.07822677493095398,1.313847303390503
4.0,eval,d,10,net,c009,-0.26558589935302734,-0.3250455856323242,0.07822677493095398,1.313847303390503
4.0,eval,d,10,net,c000,-0.4636650085449219,-0.1764383316040039,0.07822677493095398,1.313847303390503
4.0,eval,d,10,net,c013,-0.1417102813720703,-0.1520709991455078,0.07822677493095398,1.313847303390503
4.0,eval,d,10,net,c049,-0.6861886978149414,-0.4830904006958008,0.07822677493095398,1.313847303390503
4.0,eval,d,10,net,c058,-0.4369821548461914,-0.23617935180664062,0.07822677493095398,1.313847303390503
4.0,eval,d,10,net,c024,-0.36363792419433594,-0.3905458450317383,0.07822677493095398,1.313847303390503
4.0,eval,d,10,net,c042,-0.30792236328125,-0.29061317443847656,0.07822677493095398,1.313847303390503
4.0,eval,d,10,net,c047,-0.06144142150878906,-0.3119974136352539,0.07822677493095398,1.313847303390503
4.0,eval,d,10,net,c043,-0.07123947143554688,-0.1548624038696289,0.07822677493095398,1.313847303390503
4.0,eval,d,10,net,c003,-0.6448230743408203,-0.38082313537597656,0.07822677493095398,1.313847303390503
4.0,eval,d,10,net,c041,-0.06072425842285156,-0.31790637969970703,0.07822677493095398,1.313847303390503
4.0,eval,d,10,net,c008,-0.082794189453125,-0.14843368530273438,0.07822677493095398,1.313847303390503
4.0,eval,d,10,net,c045,-0.28481101989746094,-0.17948532104492188,0.07822677493095398,1.313847303390503
4.0,eval,d,10,net,c011,-0.32769203186035156,-0.20564937591552734,0.07822677493095398,1.313847303390503
4.0,eval,d,10,net,c020,-0.6070108413696289,-0.4533262252807617,0.07822677493095398,1.313847303390503
4.0,eval,d,10,net,c044,-0.36511802673339844,-0.2951240539550781,0.07822677493095398,1.313847303390503
4.0,eval,d,10,net,c016,-0.2413921356201172,-0.4226799011230469,0.07822677493095398,1.313847303390503
4.0,eval,d,10,net,c056,-0.31785106658935547,-0.5458993911743164,0.07822677493095398,1.313847303390503
4.0,eval,d,10,net,c025,-0.1751852035522461,-0.34348583221435547,0.07822677493095398,1.313847303390503
4.0,eval,d,10,net,c029,0.14029788970947266,-0.30327606201171875,0.07822677493095398,1.313847303390503
4.0,eval,d,10,net,c014,-0.24309635162353516,-0.11912822723388672,0.07822677493095398,1.313847303390503
4.0,eval,d,10,net,c002,-0.21194171905517578,-0.21671772003173828,0.07822677493095398,1.313847303390503
4.0,eval,d,10,net,c023,-0.1054220199584961,-0.24378395080566406,0.07822677493095398,1.313847303390503
4.0,eval,d,10,net,c046,-0.14971542358398438,-0.36640262603759766,0.07822677493095398,1.313847303390503
4.0,eval,d,10,net,c022,-0.23784637451171875,-0.34511280059814453,0.07822677493095398,1.313847303390503
4.0,eval,d,10,net,c050,-0.4273872375488281,-0.3971433639526367,0.07822677493095398,1.313847303390503
4.0,deploy,d,10,net,c006,-0.5227746963500977,-0.12633037567138672,0.05303983390331268,1.3669732809066772
4.0,deploy,d,10,net,c017,-0.4795675277709961,-0.30571746826171875,0.05303983390331268,1.3669732809066772
4.0,deploy,d,10,net,c039,-0.42572498321533203,-0.33644771575927734,0.05303983390331268,1.3669732809066772
4.0,deploy,d,10,net,c036,-0.3942699432373047,-0.3585090637207031,0.05303983390331268,1.3669732809066772
4.0,deploy,d,10,net,c009,-0.8955001831054688,-0.3614368438720703,0.05303983390331268,1.3669732809066772
4.0,deploy,d,10,net,c000,-0.588531494140625,-0.19666385650634766,0.05303983390331268,1.3669732809066772
4.0,deploy,d,10,net,c013,-0.3365011215209961,-0.25577640533447266,0.05303983390331268,1.3669732809066772
4.0,deploy,d,10,net,c049,-0.8792390823364258,-0.3176593780517578,0.05303983390331268,1.3669732809066772
4.0,deploy,d,10,net,c058,-0.7590160369873047,-0.15758228302001953,0.05303983390331268,1.3669732809066772
4.0,deploy,d,10,net,c024,-0.705291748046875,-0.30875205993652344,0.05303983390331268,1.3669732809066772
4.0,deploy,d,10,net,c042,-0.7649679183959961,-0.20188140869140625,0.05303983390331268,1.3669732809066772
4.0,deploy,d,10,net,c047,-0.3823976516723633,-0.34421539306640625,0.05303983390331268,1.3669732809066772
4.0,deploy,d,10,net,c043,-0.5394840240478516,-0.22202301025390625,0.05303983390331268,1.3669732809066772
4.0,deploy,d,10,net,c003,-0.8232183456420898,-0.05916404724121094,0.05303983390331268,1.3669732809066772
4.0,deploy,d,10,net,c041,-0.3779258728027344,-0.28414440155029297,0.05303983390331268,1.3669732809066772
4.0,deploy,d,10,net,c008,-0.6380996704101562,-0.29510021209716797,0.05303983390331268,1.3669732809066772
4.0,deploy,d,10,net,c045,-0.7944307327270508,-0.1213979721069336,0.05303983390331268,1.3669732809066772
4.0,deploy,d,10,net,c011,-0.4827899932861328,-0.30069637298583984,0.05303983390331268,1.3669732809066772
4.0,deploy,d,10,net,c020,-0.5268335342407227,-0.2683134078979492,0.05303983390331268,1.3669732809066772
4.0,deploy,d,10,net,c044,-0.6022891998291016,-0.26477813720703125,0.05303983390331268,1.3669732809066772
4.0,deploy,d,10,net,c016,-0.4042539596557617,-0.31511783599853516,0.05303983390331268,1.3669732809066772
4.0,deploy,d,10,net,c056,-0.4504241943359375,-0.4640007019042969,0.05303983390331268,1.3669732809066772
4.0,deploy,d,10,net,c025,-0.47431373596191406,-0.29636383056640625,0.05303983390331268,1.3669732809066772
4.0,deploy,d,10,net,c029,-0.8648128509521484,-0.10282516479492188,0.05303983390331268,1.3669732809066772
4.0,deploy,d,10,net,c014,-0.39620208740234375,-0.14824390411376953,0.05303983390331268,1.3669732809066772
4.0,deploy,d,10,net,c002,-0.6145524978637695,-0.35549259185791016,0.05303983390331268,1.3669732809066772
4.0,deploy,d,10,net,c023,-0.5732669830322266,-0.3035860061645508,0.05303983390331268,1.3669732809066772
4.0,deploy,d,10,net,c046,-0.2974576950073242,-0.2350778579711914,0.05303983390331268,1.3669732809066772
4.0,deploy,d,10,net,c022,-0.5261688232421875,-0.2516822814941406,0.05303983390331268,1.3669732809066772
4.0,deploy,d,10,net,c050,-0.1920299530029297,-0.20422840118408203,0.05303983390331268,1.3669732809066772
4.0,deploy,d,10,net,c006,-0.657196044921875,-0.11919879913330078,0.05303983390331268,1.3669732809066772
4.0,deploy,d,10,net,c017,-0.4653816223144531,-0.21036624908447266,0.05303983390331268,1.3669732809066772
4.0,deploy,d,10,net,c039,-0.3631467819213867,-0.2167072296142578,0.05303983390331268,1.3669732809066772
4.0,deploy,d,10,net,c036,-0.5155267715454102,-0.4349384307861328,0.05303983390331268,1.3669732809066772
4.0,deploy,d,10,net,c009,-0.7937707901000977,-0.3087911605834961,0.05303983390331268,1.3669732809066772
4.0,deploy,d,10,net,c000,-0.7267169952392578,-0.11595535278320312,0.05303983390331268,1.3669732809066772
4.0,deploy,d,10,net,c013,-0.30963993072509766,-0.22034168243408203,0.05303983390331268,1.3669732809066772
4.0,deploy,d,10,net,c049,-1.1918315887451172,-0.11155033111572266,0.05303983390331268,1.3669732809066772
4.0,deploy,d,10,net,c058,-0.7348003387451172,-0.1553668975830078,0.05303983390331268,1.3669732809066772
4.0,deploy,d,10,net,c024,-0.5380687713623047,-0.2863655090332031,0.05303983390331268,1.3669732809066772
4.0,deploy,d,10,net,c042,-0.8171300888061523,-0.3437948226928711,0.05303983390331268,1.3669732809066772
4.0,deploy,d,10,net,c047,-0.40752124786376953,-0.20577716827392578,0.05303983390331268,1.3669732809066772
4.0,deploy,d,10,net,c043,-0.19809627532958984,-0.2183513641357422,0.05303983390331268,1.3669732809066772
4.0,deploy,d,10,net,c003,-0.7271318435668945,-0.22154712677001953,0.05303983390331268,1.3669732809066772
4.0,deploy,d,10,net,c041,-0.5449686050415039,-0.12069511413574219,0.05303983390331268,1.3669732809066772
4.0,deploy,d,10,net,c008,-0.7001075744628906,-0.09239673614501953,0.05303983390331268,1.3669732809066772
4.0,deploy,d,10,net,c045,-0.4139413833618164,-0.2377300262451172,0.05303983390331268,1.3669732809066772
4.0,deploy,d,10,net,c011,-0.34904956817626953,-0.13270092010498047,0.05303983390331268,1.3669732809066772
4.0,deploy,d,10,net,c020,-0.6444721221923828,-0.3803834915161133,0.05303983390331268,1.3669732809066772
4.0,deploy,d,10,net,c044,-0.514134407043457,-0.05782604217529297,0.05303983390331268,1.3669732809066772
4.0,deploy,d,10,net,c016,-0.3686513900756836,-0.28127384185791016,0.05303983390331268,1.3669732809066772
4.0,deploy,d,10,net,c056,-0.4149055480957031,-0.5899238586425781,0.05303983390331268,1.3669732809066772
4.0,deploy,d,10,net,c025,-0.4318866729736328,-0.20755290985107422,0.05303983390331268,1.3669732809066772
4.0,deploy,d,10,net,c029,-0.7347707748413086,-0.3287515640258789,0.05303983390331268,1.3669732809066772
4.0,deploy,d,10,net,c014,-0.6898775100708008,-0.3042440414428711,0.05303983390331268,1.3669732809066772
4.0,deploy,d,10,net,c002,-0.7363910675048828,-0.2273387908935547,0.05303983390331268,1.3669732809066772
4.0,deploy,d,10,net,c023,-0.727086067199707,-0.09146499633789062,0.05303983390331268,1.3669732809066772
4.0,deploy,d,10,net,c046,-0.4696378707885742,-0.1982278823852539,0.05303983390331268,1.3669732809066772
4.0,deploy,d,10,net,c022,-0.593205451965332,-0.3151836395263672,0.05303983390331268,1.3669732809066772
4.0,deploy,d,10,net,c050,-0.4243354797363281,-0.3348398208618164,0.05303983390331268,1.3669732809066772
4.0,eval,random,10,net,c006,-0.13733736673990884,-0.16117159525553384,0.08067521080374718,1.2275319894154866
4.0,eval,random,10,net,c017,0.10420481363932292,-0.10492451985677083,0.08067521080374718,1.2275319894154866
4.0,eval,random,10,net,c039,-0.15159988403320312,-0.16718387603759766,0.08067521080374718,1.2275319894154866
4.0,eval,random,10,net,c036,-0.22783915201822916,-0.2442318598429362,0.08067521080374718,1.2275319894154866
4.0,eval,random,10,net,c009,-0.17492548624674478,-0.037105242411295564,0.08067521080374718,1.2275319894154866
4.0,eval,random,10,net,c000,-0.11094506581624348,-0.2678263982137044,0.08067521080374718,1.2275319894154866
4.0,eval,random,10,net,c013,0.5758822758992513,-0.40684382120768225,0.08067521080374718,1.2275319894154866
4.0,eval,random,10,net,c049,0.273922602335612,-0.3255818684895833,0.08067521080374718,1.2275319894154866
4.0,eval,random,10,net,c058,0.2661291758219401,-0.23497517903645831,0.08067521080374718,1.2275319894154866
4.0,eval,random,10,net,c024,0.1566155751546224,-0.17378966013590494,0.08067521080374718,1.2275319894154866
4.0,eval,random,10,net,c042,-0.04325230916341146,-0.2849648793538411,0.08067521080374718,1.2275319894154866
4.0,eval,random,10,net,c047,0.13482952117919922,-0.22141075134277344,0.08067521080374718,1.2275319894154866
4.0,eval,random,10,net,c043,-0.04779052734375,-0.4323148727416992,0.08067521080374718,1.2275319894154866
4.0,eval,random,10,net,c003,-0.3640270233154297,-0.0877542495727539,0.08067521080374718,1.2275319894154866
4.0,eval,random,10,net,c041,0.0009539922078450521,-0.3874775568644206,0.08067521080374718,1.2275319894154866
4.0,eval,random,10,net,c008,-0.32549095153808594,-0.15602684020996094,0.08067521080374718,1.2275319894154866
4.0,eval,random,10,net,c045,0.3810596466064453,-0.3630056381225586,0.08067521080374718,1.2275319894154866
4.0,eval,random,10,net,c011,-0.1835479736328125,-0.12292766571044922,0.08067521080374718,1.2275319894154866
4.0,eval,random,10,net,c020,0.38453833262125653,-0.3876393636067708,0.08067521080374718,1.2275319894154866
4.0,eval,random,10,net,c044,0.4111998875935872,-0.4808346430460612,0.08067521080374718,1.2275319894154866
4.0,eval,random,10,net,c016,-0.21448802947998047,-0.1076803207397461,0.08067521080374718,1.2275319894154866
4.0,eval,random,10,net,c056,0.15602747599283853,-0.26033433278401696,0.08067521080374718,1.2275319894154866
4.0,eval,random,10,net,c025,0.09850533803304036,-0.17757574717203778,0.08067521080374718,1.2275319894154866
4.0,eval,random,10,net,c029,-0.23827584584554037,-0.08628304799397787,0.08067521080374718,1.2275319894154866
4.0,eval,random,10,net,c014,0.06644217173258464,-0.3284667332967122,0.08067521080374718,1.2275319894154866
4.0,eval,random,10,net,c002,-0.2712558110555013,-0.13293488820393878,0.08067521080374718,1.2275319894154866
4.0,eval,random,10,net,c023,-0.21201133728027344,-0.2016162872314453,0.08067521080374718,1.2275319894154866
4.0,eval,random,10,net,c046,0.006352424621582031,-0.21080303192138672,0.08067521080374718,1.2275319894154866
4.0,eval,random,10,net,c022,-0.1299428939819336,-0.1666707992553711,0.08067521080374718,1.2275319894154866
4.0,eval,random,10,net,c050,0.255709966023763,-0.18904368082682294,0.08067521080374718,1.2275319894154866
4.0,eval,random,10,net,c006,-0.31378173828125,-0.06137847900390625,0.08067521080374718,1.2275319894154866
4.0,eval,random,10,net,c017,0.22699832916259766,-0.18356704711914062,0.08067521080374718,1.2275319894154866
4.0,eval,random,10,net,c039,-0.027975082397460938,-0.2831144332885742,0.08067521080374718,1.2275319894154866
4.0,eval,random,10,net,c036,0.07158724466959636,-0.36206849416097003,0.08067521080374718,1.2275319894154866
4.0,eval,random,10,net,c009,-0.10592714945475261,-0.1653868357340495,0.08067521080374718,1.2275319894154866
4.0,eval,random,10,net,c000,-0.35762882232666016,-0.07040214538574219,0.08067521080374718,1.2275319894154866
4.0,eval,random,10,net,c013,-0.0928958257039388,-0.1032565434773763,0.08067521080374718,1.2275319894154866
4.0,eval,random,10,net,c049,-0.4202273686726888,-0.21712907155354816,0.08067521080374718,1.2275319894154866
4.0,eval,random,10,net,c058,-0.28110090891520184,-0.08029810587565106,0.08067521080374718,1.2275319894154866
4.0,eval,random,10,net,c024,-0.18456204732259116,-0.2114699681599935,0.08067521080374718,1.2275319894154866
4.0,eval,random,10,net,c042,-0.19674046834309897,-0.17943127950032553,0.08067521080374718,1.2275319894154866
4.0,eval,random,10,net,c047,0.08947531382242839,-0.16108067830403644,0.08067521080374718,1.2275319894154866
4.0,eval,random,10,net,c043,-0.22828356424967447,-0.3119064966837565,0.08067521080374718,1.2275319894154866
4.0,eval,random,10,net,c003,-0.3845602671305339,-0.12056032816569012,0.08067521080374718,1.2275319894154866
4.0,eval,random,10,net,c041,-0.05110327402750651,-0.308285395304362,0.08067521080374718,1.2275319894154866
4.0,eval,random,10,net,c008,-0.15978686014811197,-0.22542635599772134,0.08067521080374718,1.2275319894154866
4.0,eval,random,10,net,c045,-0.2555135091145833,-0.15018781026204425,0.08067521080374718,1.2275319894154866
4.0,eval,random,10,net,c011,-0.23486868540445963,-0.11282602945963541,0.08067521080374718,1.2275319894154866
4.0,eval,random,10,net,c020,-0.3216428756713867,-0.16795825958251953,0.08067521080374718,1.2275319894154866
4.0,eval,random,10,net,c044,-0.25355180104573566,-0.18355782826741535,0.08067521080374718,1.2275319894154866
4.0,eval,random,10,net,c016,-0.053306261698404946,-0.23459402720133463,0.08067521080374718,1.2275319894154866
4.0,eval,random,10,net,c056,-0.053286234537760414,-0.2813345591227214,0.08067521080374718,1.2275319894154866
4.0,eval,random,10,net,c025,-0.10123952229817708,-0.26954015096028644,0.08067521080374718,1.2275319894154866
4.0,eval,random,10,net,c029,0.2582435607910156,-0.18533039093017578,0.08067521080374718,1.2275319894154866
4.0,eval,random,10,net,c014,-0.21399148305257162,-0.09002335866292319,0.08067521080374718,1.2275319894154866
4.0,eval,random,10,net,c002,-0.16622638702392578,-0.17100238800048828,0.08067521080374718,1.2275319894154866
4.0,eval,random,10,net,c023,0.006412188212076823,-0.13194974263509116,0.08067521080374718,1.2275319894154866
4.0,eval,random,10,net,c046,-0.03939628601074219,-0.25608348846435547,0.08067521080374718,1.2275319894154866
4.0,eval,random,10,net,c022,-0.15091896057128906,-0.25818538665771484,0.08067521080374718,1.2275319894154866
4.0,eval,random,10,net,c050,-0.14166800181070963,-0.11142412821451822,0.08067521080374718,1.2275319894154866
6.0,eval,d,10,net,c006,-0.46849632263183594,-0.49233055114746094,0.1938815712928772,1.1260370016098022
6.0,eval,d,10,net,c017,-0.3135089874267578,-0.5226383209228516,0.1938815712928772,1.1260370016098022
6.0,eval,d,10,net,c039,-0.6000738143920898,-0.6156578063964844,0.1938815712928772,1.1260370016098022
6.0,eval,d,10,net,c036,-0.3883342742919922,-0.4047269821166992,0.1938815712928772,1.1260370016098022
6.0,eval,d,10,net,c009,-0.6651935577392578,-0.5273733139038086,0.1938815712928772,1.1260370016098022
6.0,eval,d,10,net,c000,-0.43979835510253906,-0.5966796875,0.1938815712928772,1.1260370016098022
6.0,eval,d,10,net,c013,0.2190084457397461,-0.7637176513671875,0.1938815712928772,1.1260370016098022
6.0,eval,d,10,net,c049,-0.11828327178955078,-0.7177877426147461,0.1938815712928772,1.1260370016098022
6.0,eval,d,10,net,c058,0.00038242340087890625,-0.5007219314575195,0.1938815712928772,1.1260370016098022
6.0,eval,d,10,net,c024,-0.2961874008178711,-0.6265926361083984,0.1938815712928772,1.1260370016098022
6.0,eval,d,10,net,c042,-0.5937385559082031,-0.8354511260986328,0.1938815712928772,1.1260370016098022
6.0,eval,d,10,net,c047,-0.36821746826171875,-0.7244577407836914,0.1938815712928772,1.1260370016098022
6.0,eval,d,10,net,c043,-0.16403961181640625,-0.5485639572143555,0.1938815712928772,1.1260370016098022
6.0,eval,d,10,net,c003,-0.6386489868164062,-0.36237621307373047,0.1938815712928772,1.1260370016098022
6.0,eval,d,10,net,c041,-0.26305198669433594,-0.6514835357666016,0.1938815712928772,1.1260370016098022
6.0,eval,d,10,net,c008,-0.645756721496582,-0.47629261016845703,0.1938815712928772,1.1260370016098022
6.0,eval,d,10,net,c045,-0.034877777099609375,-0.7789430618286133,0.1938815712928772,1.1260370016098022
6.0,eval,d,10,net,c011,-0.5007038116455078,-0.44008350372314453,0.1938815712928772,1.1260370016098022
6.0,eval,d,10,net,c020,0.010256767272949219,-0.7619209289550781,0.1938815712928772,1.1260370016098022
6.0,eval,d,10,net,c044,0.10862445831298828,-0.7834100723266602,0.1938815712928772,1.1260370016098022
6.0,eval,d,10,net,c016,-0.47307586669921875,-0.3662681579589844,0.1938815712928772,1.1260370016098022
6.0,eval,d,10,net,c056,-0.4117889404296875,-0.828150749206543,0.1938815712928772,1.1260370016098022
6.0,eval,d,10,net,c025,-0.29193782806396484,-0.568018913269043,0.1938815712928772,1.1260370016098022
6.0,eval,d,10,net,c029,-0.325927734375,-0.1739349365234375,0.1938815712928772,1.1260370016098022
6.0,eval,d,10,net,c014,-0.4059114456176758,-0.8008203506469727,0.1938815712928772,1.1260370016098022
6.0,eval,d,10,net,c002,-0.7649087905883789,-0.6265878677368164,0.1938815712928772,1.1260370016098022
6.0,eval,d,10,net,c023,-0.45293235778808594,-0.4425373077392578,0.1938815712928772,1.1260370016098022
6.0,eval,d,10,net,c046,-0.3013734817504883,-0.518528938293457,0.1938815712928772,1.1260370016098022
6.0,eval,d,10,net,c022,-0.6123991012573242,-0.6491270065307617,0.1938815712928772,1.1260370016098022
6.0,eval,d,10,net,c050,-0.25344085693359375,-0.6981945037841797,0.1938815712928772,1.1260370016098022
6.0,eval,d,10,net,c006,-0.6880159378051758,-0.43561267852783203,0.1938815712928772,1.1260370016098022
6.0,eval,d,10,net,c017,-0.11777973175048828,-0.5283451080322266,0.1938815712928772,1.1260370016098022
6.0,eval,d,10,net,c039,0.060339927673339844,-0.19479942321777344,0.1938815712928772,1.1260370016098022
6.0,eval,d,10,net,c036,-0.3939056396484375,-0.8275613784790039,0.1938815712928772,1.1260370016098022
6.0,eval,d,10,net,c009,-0.3722200393676758,-0.43167972564697266,0.1938815712928772,1.1260370016098022
6.0,eval,d,10,net,c000,-0.5957250595092773,-0.3084983825683594,0.1938815712928772,1.1260370016098022
6.0,eval,d,10,net,c013,-0.2714252471923828,-0.2817859649658203,0.1938815712928772,1.1260370016098022
6.0,eval,d,10,net,c049,-0.9136428833007812,-0.7105445861816406,0.1938815712928772,1.1260370016098022
6.0,eval,d,10,net,c058,-0.5615434646606445,-0.36074066162109375,0.1938815712928772,1.1260370016098022
6.0,eval,d,10,net,c024,-0.7196168899536133,-0.7465248107910156,0.1938815712928772,1.1260370016098022
6.0,eval,d,10,net,c042,-0.5664272308349609,-0.5491180419921875,0.1938815712928772,1.1260370016098022
6.0,eval,d,10,net,c047,-0.38202381134033203,-0.6325798034667969,0.1938815712928772,1.1260370016098022
6.0,eval,d,10,net,c043,-0.20264530181884766,-0.2862682342529297,0.1938815712928772,1.1260370016098022
6.0,eval,d,10,net,c003,-0.8162527084350586,-0.5522527694702148,0.1938815712928772,1.1260370016098022
6.0,eval,d,10,net,c041,-0.31610774993896484,-0.5732898712158203,0.1938815712928772,1.1260370016098022
6.0,eval,d,10,net,c008,-0.0977630615234375,-0.16340255737304688,0.1938815712928772,1.1260370016098022
6.0,eval,d,10,net,c045,-0.4315910339355469,-0.3262653350830078,0.1938815712928772,1.1260370016098022
6.0,eval,d,10,net,c011,-0.5039768218994141,-0.38193416595458984,0.1938815712928772,1.1260370016098022
6.0,eval,d,10,net,c020,-0.8020124435424805,-0.6483278274536133,0.1938815712928772,1.1260370016098022
6.0,eval,d,10,net,c044,-0.5467739105224609,-0.4767799377441406,0.1938815712928772,1.1260370016098022
6.0,eval,d,10,net,c016,-0.5706787109375,-0.7519664764404297,0.1938815712928772,1.1260370016098022
6.0,eval,d,10,net,c056,-0.6077661514282227,-0.8358144760131836,0.1938815712928772,1.1260370016098022
6.0,eval,d,10,net,c025,-0.4551067352294922,-0.6234073638916016,0.1938815712928772,1.1260370016098022
6.0,eval,d,10,net,c029,-0.09300804138183594,-0.5365819931030273,0.1938815712928772,1.1260370016098022
6.0,eval,d,10,net,c014,-0.5070648193359375,-0.38309669494628906,0.1938815712928772,1.1260370016098022
6.0,eval,d,10,net,c002,-0.4466705322265625,-0.451446533203125,0.1938815712928772,1.1260370016098022
6.0,eval,d,10,net,c023,-0.34830284118652344,-0.4866647720336914,0.1938815712928772,1.1260370016098022
6.0,eval,d,10,net,c046,-0.3882455825805664,-0.6049327850341797,0.1938815712928772,1.1260370016098022
6.0,eval,d,10,net,c022,-0.4991645812988281,-0.6064310073852539,0.1938815712928772,1.1260370016098022
6.0,eval,d,10,net,c050,-0.6675119400024414,-0.63726806640625,0.1938815712928772,1.1260370016098022
6.0,deploy,d,10,net,c006,-0.6300792694091797,-0.23363494873046875,0.13657641410827637,1.188812017440796
6.0,deploy,d,10,net,c017,-0.6036195755004883,-0.42976951599121094,0.13657641410827637,1.188812017440796
6.0,deploy,d,10,net,c039,-0.5108394622802734,-0.42156219482421875,0.13657641410827637,1.188812017440796
6.0,deploy,d,10,net,c036,-0.6397275924682617,-0.6039667129516602,0.13657641410827637,1.188812017440796
6.0,deploy,d,10,net,c009,-0.8956880569458008,-0.36162471771240234,0.13657641410827637,1.188812017440796
6.0,deploy,d,10,net,c000,-0.648350715637207,-0.2564830780029297,0.13657641410827637,1.188812017440796
6.0,deploy,d,10,net,c013,-0.5410346984863281,-0.4603099822998047,0.13657641410827637,1.188812017440796
6.0,deploy,d,10,net,c049,-1.0119733810424805,-0.4503936767578125,0.13657641410827637,1.188812017440796
6.0,deploy,d,10,net,c058,-0.8569126129150391,-0.2554788589477539,0.13657641410827637,1.188812017440796
6.0,deploy,d,10,net,c024,-0.8465919494628906,-0.45005226135253906,0.13657641410827637,1.188812017440796
6.0,deploy,d,10,net,c042,-0.8844194412231445,-0.3213329315185547,0.13657641410827637,1.188812017440796
6.0,deploy,d,10,net,c047,-0.5860786437988281,-0.5478963851928711,0.13657641410827637,1.188812017440796
6.0,deploy,d,10,net,c043,-0.6023025512695312,-0.28484153747558594,0.13657641410827637,1.188812017440796
6.0,deploy,d,10,net,c003,-0.8222837448120117,-0.05822944641113281,0.13657641410827637,1.188812017440796
6.0,deploy,d,10,net,c041,-0.45888233184814453,-0.3651008605957031,0.13657641410827637,1.188812017440796
6.0,deploy,d,10,net,c008,-0.8062610626220703,-0.46326160430908203,0.13657641410827637,1.188812017440796
6.0,deploy,d,10,net,c045,-0.862339973449707,-0.18930721282958984,0.13657641410827637,1.188812017440796
6.0,deploy,d,10,net,c011,-0.6260299682617188,-0.4439363479614258,0.13657641410827637,1.188812017440796
6.0,deploy,d,10,net,c020,-0.6324195861816406,-0.3738994598388672,0.13657641410827637,1.188812017440796
6.0,deploy,d,10,net,c044,-0.7116327285766602,-0.37412166595458984,0.13657641410827637,1.188812017440796
6.0,deploy,d,10,net,c016,-0.5356941223144531,-0.44655799865722656,0.13657641410827637,1.188812017440796
6.0,deploy,d,10,net,c056,-0.7182350158691406,-0.7318115234375,0.13657641410827637,1.188812017440796
6.0,deploy,d,10,net,c025,-0.6275177001953125,-0.4495677947998047,0.13657641410827637,1.188812017440796
6.0,deploy,d,10,net,c029,-0.9110679626464844,-0.1490802764892578,0.13657641410827637,1.188812017440796
6.0,deploy,d,10,net,c014,-0.5401430130004883,-0.29218482971191406,0.13657641410827637,1.188812017440796
6.0,deploy,d,10,net,c002,-0.8198375701904297,-0.5607776641845703,0.13657641410827637,1.188812017440796
6.0,deploy,d,10,net,c023,-0.7302894592285156,-0.46060848236083984,0.13657641410827637,1.188812017440796
6.0,deploy,d,10,net,c046,-0.35883045196533203,-0.2964506149291992,0.13657641410827637,1.188812017440796
6.0,deploy,d,10,net,c022,-0.7069263458251953,-0.43243980407714844,0.13657641410827637,1.188812017440796
6.0,deploy,d,10,net,c050,-0.4430379867553711,-0.45523643493652344,0.13657641410827637,1.188812017440796
6.0,deploy,d,10,net,c006,-0.7096366882324219,-0.17163944244384766,0.13657641410827637,1.188812017440796
6.0,deploy,d,10,net,c017,-0.5623493194580078,-0.30733394622802734,0.13657641410827637,1.188812017440796
6.0,deploy,d,10,net,c039,-0.3770723342895508,-0.23063278198242188,0.13657641410827637,1.188812017440796
6.0,deploy,d,10,net,c036,-0.6766109466552734,-0.5960226058959961,0.13657641410827637,1.188812017440796
6.0,deploy,d,10,net,c009,-0.8489475250244141,-0.3639678955078125,0.13657641410827637,1.188812017440796
6.0,deploy,d,10,net,c000,-0.7694578170776367,-0.15869617462158203,0.13657641410827637,1.188812017440796
6.0,deploy,d,10,net,c013,-0.4351692199707031,-0.3458709716796875,0.13657641410827637,1.188812017440796
6.0,deploy,d,10,net,c049,-1.2010116577148438,-0.12073040008544922,0.13657641410827637,1.188812017440796
6.0,deploy,d,10,net,c058,-0.7929906845092773,-0.21355724334716797,0.13657641410827637,1.188812017440796
6.0,deploy,d,10,net,c024,-0.7848958969116211,-0.5331926345825195,0.13657641410827637,1.188812017440796
6.0,deploy,d,10,net,c042,-0.9191865921020508,-0.44585132598876953,0.13657641410827637,1.188812017440796
6.0,deploy,d,10,net,c047,-0.5434379577636719,-0.3416938781738281,0.13657641410827637,1.188812017440796
6.0,deploy,d,10,net,c043,-0.3122386932373047,-0.33249378204345703,0.13657641410827637,1.188812017440796
6.0,deploy,d,10,net,c003,-0.8045015335083008,-0.2989168167114258,0.13657641410827637,1.188812017440796
6.0,deploy,d,10,net,c041,-0.5596466064453125,-0.13537311553955078,0.13657641410827637,1.188812017440796
6.0,deploy,d,10,net,c008,-0.714512825012207,-0.10680198669433594,0.13657641410827637,1.188812017440796
6.0,deploy,d,10,net,c045,-0.5183372497558594,-0.34212589263916016,0.13657641410827637,1.188812017440796
6.0,deploy,d,10,net,c011,-0.4940776824951172,-0.2777290344238281,0.13657641410827637,1.188812017440796
6.0,deploy,d,10,net,c020,-0.827610969543457,-0.5635223388671875,0.13657641410827637,1.188812017440796
6.0,deploy,d,10,net,c044,-0.57745361328125,-0.12114524841308594,0.13657641410827637,1.188812017440796
6.0,deploy,d,10,net,c016,-0.5068206787109375,-0.41944313049316406,0.13657641410827637,1.188812017440796
6.0,deploy,d,10,net,c056,-0.6878671646118164,-0.8628854751586914,0.13657641410827637,1.188812017440796
6.0,deploy,d,10,net,c025,-0.5878362655639648,-0.36350250244140625,0.13657641410827637,1.188812017440796
6.0,deploy,d,10,net,c029,-0.9095621109008789,-0.5035429000854492,0.13657641410827637,1.188812017440796
6.0,deploy,d,10,net,c014,-0.8348159790039062,-0.44918251037597656,0.13657641410827637,1.188812017440796
6.0,deploy,d,10,net,c002,-0.8169651031494141,-0.30791282653808594,0.13657641410827637,1.188812017440796
6.0,deploy,d,10,net,c023,-0.7407073974609375,-0.1050863265991211,0.13657641410827637,1.188812017440796
6.0,deploy,d,10,net,c046,-0.4935035705566406,-0.2220935821533203,0.13657641410827637,1.188812017440796
6.0,deploy,d,10,net,c022,-0.7366867065429688,-0.4586648941040039,0.13657641410827637,1.188812017440796
6.0,deploy,d,10,net,c050,-0.588104248046875,-0.4986085891723633,0.13657641410827637,1.188812017440796
6.0,eval,random,10,net,c006,-0.17447598775227866,-0.19831021626790366,0.1862119808793068,1.087788740793864
6.0,eval,random,10,net,c017,0.11414559682210286,-0.09498373667399089,0.1862119808793068,1.087788740793864
6.0,eval,random,10,net,c039,-0.16447957356770834,-0.18006356557210287,0.1862119808793068,1.087788740793864
6.0,eval,random,10,net,c036,-0.20173136393229166,-0.2181240717569987,0.1862119808793068,1.087788740793864
6.0,eval,random,10,net,c009,-0.16010252634684244,-0.02228228251139322,0.1862119808793068,1.087788740793864
6.0,eval,random,10,net,c000,-0.17548052469889322,-0.33236185709635413,0.1862119808793068,1.087788740793864
6.0,eval,random,10,net,c013,0.4419291814168294,-0.5407969156901042,0.1862119808793068,1.087788740793864
6.0,eval,random,10,net,c049,0.15307903289794922,-0.4464254379272461,0.1862119808793068,1.087788740793864
6.0,eval,random,10,net,c058,0.23784605662027994,-0.2632582982381185,0.1862119808793068,1.087788740793864
6.0,eval,random,10,net,c024,0.0901028315226237,-0.24030240376790363,0.1862119808793068,1.087788740793864
6.0,eval,random,10,net,c042,-0.08010387420654297,-0.32181644439697266,0.1862119808793068,1.087788740793864
6.0,eval,random,10,net,c047,0.09591261545817058,-0.26032765706380206,0.1862119808793068,1.087788740793864
6.0,eval,random,10,net,c043,-0.167326291402181,-0.5518506368001302,0.1862119808793068,1.087788740793864
6.0,eval,random,10,net,c003,-0.30744298299153644,-0.03117020924886066,0.1862119808793068,1.087788740793864
6.0,eval,random,10,net,c041,-0.14001337687174478,-0.5284449259440104,0.1862119808793068,1.087788740793864
6.0,eval,random,10,net,c008,-0.2765963872273763,-0.10713227589925128,0.1862119808793068,1.087788740793864
6.0,eval,random,10,net,c045,0.27170530954996747,-0.47235997517903644,0.1862119808793068,1.087788740793864
6.0,eval,random,10,net,c011,-0.17899290720621744,-0.11837259928385416,0.1862119808793068,1.087788740793864
6.0,eval,random,10,net,c020,0.2682641347249349,-0.5039135615030925,0.1862119808793068,1.087788740793864
6.0,eval,random,10,net,c044,0.2528047561645508,-0.6392297744750977,0.1862119808793068,1.087788740793864
6.0,eval,random,10,net,c016,-0.15460713704427084,-0.04779942830403647,0.1862119808793068,1.087788740793864
6.0,eval,random,10,net,c056,0.14426740010579428,-0.27209440867106116,0.1862119808793068,1.087788740793864
6.0,eval,random,10,net,c025,0.07349872589111328,-0.20258235931396484,0.1862119808793068,1.087788740793864
6.0,eval,random,10,net,c029,-0.16926129659016928,-0.01726849873860678,0.1862119808793068,1.087788740793864
6.0,eval,random,10,net,c014,0.027941068013509113,-0.3669678370157878,0.1862119808793068,1.087788740793864
6.0,eval,random,10,net,c002,-0.22915935516357422,-0.09083843231201172,0.1862119808793068,1.087788740793864
6.0,eval,random,10,net,c023,-0.21163018544514975,-0.20123513539632162,0.1862119808793068,1.087788740793864
6.0,eval,random,10,net,c046,-0.022938092549641926,-0.2400935490926107,0.1862119808793068,1.087788740793864
6.0,eval,random,10,net,c022,-0.12949721018473306,-0.16622511545817056,0.1862119808793068,1.087788740793864
6.0,eval,random,10,net,c050,0.23876476287841797,-0.20598888397216797,0.1862119808793068,1.087788740793864
6.0,eval,random,10,net,c006,-0.24772326151529947,0.00467999776204428,0.1862119808793068,1.087788740793864
6.0,eval,random,10,net,c017,0.21365038553873697,-0.1969149907430013,0.1862119808793068,1.087788740793864
6.0,eval,random,10,net,c039,-0.07481543223063152,-0.3299547831217448,0.1862119808793068,1.087788740793864
6.0,eval,random,10,net,c036,-0.03458563486735026,-0.4682413736979167,0.1862119808793068,1.087788740793864
6.0,eval,random,10,net,c009,-0.12326717376708984,-0.18272686004638672,0.1862119808793068,1.087788740793864
6.0,eval,random,10,net,c000,-0.28659598032633465,0.0006306966145833148,0.1862119808793068,1.087788740793864
6.0,eval,random,10,net,c013,-0.02847766876220703,-0.03883838653564453,0.1862119808793068,1.087788740793864
6.0,eval,random,10,net,c049,-0.41550159454345703,-0.2124032974243164,0.1862119808793068,1.087788740793864
6.0,eval,random,10,net,c058,-0.20990816752115884,-0.009105364481608064,0.1862119808793068,1.087788740793864
6.0,eval,random,10,net,c024,-0.21363067626953125,-0.2405385971069336,0.1862119808793068,1.087788740793864
6.0,eval,random,10,net,c042,-0.22590223948160806,-0.20859305063883463,0.1862119808793068,1.087788740793864
6.0,eval,random,10,net,c047,0.060507774353027344,-0.1900482177734375,0.1862119808793068,1.087788740793864
6.0,eval,random,10,net,c043,-0.27837403615315753,-0.36199696858723956,0.1862119808793068,1.087788740793864
6.0,eval,random,10,net,c003,-0.3311106363932292,-0.06711069742838544,0.1862119808793068,1.087788740793864
6.0,eval,random,10,net,c041,-0.10404396057128906,-0.36122608184814453,0.1862119808793068,1.087788740793864
6.0,eval,random,10,net,c008,-0.13883177439371744,-0.2044712702433268,0.1862119808793068,1.087788740793864
6.0,eval,random,10,net,c045,-0.2263031005859375,-0.12097740173339844,0.1862119808793068,1.087788740793864
6.0,eval,random,10,net,c011,-0.19079367319742838,-0.06875101725260416,0.1862119808793068,1.087788740793864
6.0,eval,random,10,net,c020,-0.2715209325154622,-0.11783631642659503,0.1862119808793068,1.087788740793864
6.0,eval,random,10,net,c044,-0.2774492899576823,-0.207455317179362,0.1862119808793068,1.087788740793864
6.0,eval,random,10,net,c016,-0.05473486582438151,-0.2360226313273112,0.1862119808793068,1.087788740793864
6.0,eval,random,10,net,c056,-0.12218062082926433,-0.3502289454142253,0.1862119808793068,1.087788740793864
6.0,eval,random,10,net,c025,-0.1284325917561849,-0.2967332204182943,0.1862119808793068,1.087788740793864
6.0,eval,random,10,net,c029,0.2028369903564453,-0.2407369613647461,0.1862119808793068,1.087788740793864
6.0,eval,random,10,net,c014,-0.16507752736409506,-0.041109402974446624,0.1862119808793068,1.087788740793864
6.0,eval,random,10,net,c002,-0.1587975819905599,-0.1635735829671224,0.1862119808793068,1.087788740793864
6.0,eval,random,10,net,c023,0.0156399408976237,-0.12272198994954427,0.1862119808793068,1.087788740793864
6.0,eval,random,10,net,c046,-0.07103570302327473,-0.287722905476888,0.1862119808793068,1.087788740793864
6.0,eval,random,10,net,c022,-0.14262866973876953,-0.2498950958251953,0.1862119808793068,1.087788740793864
6.0,eval,random,10,net,c050,-0.10698858896891277,-0.07674471537272136,0.1862119808793068,1.087788740793864
8.0,eval,d,10,net,c006,-0.8628940582275391,-0.8867282867431641,0.24633075296878815,0.9685922265052795
8.0,eval,d,10,net,c017,-0.7679996490478516,-0.9771289825439453,0.24633075296878815,0.9685922265052795
8.0,eval,d,10,net,c039,-0.8757114410400391,-0.8912954330444336,0.24633075296878815,0.9685922265052795
8.0,eval,d,10,net,c036,-0.9391822814941406,-0.9555749893188477,0.24633075296878815,0.9685922265052795
8.0,eval,d,10,net,c009,-0.8715744018554688,-0.7337541580200195,0.24633075296878815,0.9685922265052795
8.0,eval,d,10,net,c000,-0.8093461990356445,-0.9662275314331055,0.24633075296878815,0.9685922265052795
8.0,eval,d,10,net,c013,-0.2921018600463867,-1.2748279571533203,0.24633075296878815,0.9685922265052795
8.0,eval,d,10,net,c049,-0.3449983596801758,-0.9445028305053711,0.24633075296878815,0.9685922265052795
8.0,eval,d,10,net,c058,-0.42510414123535156,-0.92620849609375,0.24633075296878815,0.9685922265052795
8.0,eval,d,10,net,c024,-0.8376197814941406,-1.168025016784668,0.24633075296878815,0.9685922265052795
8.0,eval,d,10,net,c042,-1.0572690963745117,-1.2989816665649414,0.24633075296878815,0.9685922265052795
8.0,eval,d,10,net,c047,-0.8193931579589844,-1.175633430480957,0.24633075296878815,0.9685922265052795
8.0,eval,d,10,net,c043,-0.5037956237792969,-0.8883199691772461,0.24633075296878815,0.9685922265052795
8.0,eval,d,10,net,c003,-0.9760513305664062,-0.6997785568237305,0.24633075296878815,0.9685922265052795
8.0,eval,d,10,net,c041,-0.6331510543823242,-1.0215826034545898,0.24633075296878815,0.9685922265052795
8.0,eval,d,10,net,c008,-0.9380388259887695,-0.7685747146606445,0.24633075296878815,0.9685922265052795
8.0,eval,d,10,net,c045,-0.5534152984619141,-1.297480583190918,0.24633075296878815,0.9685922265052795
8.0,eval,d,10,net,c011,-0.8095645904541016,-0.7489442825317383,0.24633075296878815,0.9685922265052795
8.0,eval,d,10,net,c020,-0.48442554473876953,-1.2566032409667969,0.24633075296878815,0.9685922265052795
8.0,eval,d,10,net,c044,-0.4456453323364258,-1.3376798629760742,0.24633075296878815,0.9685922265052795
8.0,eval,d,10,net,c016,-0.8193731307983398,-0.7125654220581055,0.24633075296878815,0.9685922265052795
8.0,eval,d,10,net,c056,-0.9449281692504883,-1.3612899780273438,0.24633075296878815,0.9685922265052795
8.0,eval,d,10,net,c025,-0.7759466171264648,-1.052027702331543,0.24633075296878815,0.9685922265052795
8.0,eval,d,10,net,c029,-0.626582145690918,-0.47458934783935547,0.24633075296878815,0.9685922265052795
8.0,eval,d,10,net,c014,-0.8197231292724609,-1.2146320343017578,0.24633075296878815,0.9685922265052795
8.0,eval,d,10,net,c002,-1.067758560180664,-0.9294376373291016,0.24633075296878815,0.9685922265052795
8.0,eval,d,10,net,c023,-0.7776269912719727,-0.7672319412231445,0.24633075296878815,0.9685922265052795
8.0,eval,d,10,net,c046,-0.6970138549804688,-0.9141693115234375,0.24633075296878815,0.9685922265052795
8.0,eval,d,10,net,c022,-0.945343017578125,-0.9820709228515625,0.24633075296878815,0.9685922265052795
8.0,eval,d,10,net,c050,-0.8536491394042969,-1.2984027862548828,0.24633075296878815,0.9685922265052795
8.0,eval,d,10,net,c006,-1.0771703720092773,-0.8247671127319336,0.24633075296878815,0.9685922265052795
8.0,eval,d,10,net,c017,-0.6080551147460938,-1.018620491027832,0.24633075296878815,0.9685922265052795
8.0,eval,d,10,net,c039,-0.27419281005859375,-0.529332160949707,0.24633075296878815,0.9685922265052795
8.0,eval,d,10,net,c036,-0.9878301620483398,-1.4214859008789062,0.24633075296878815,0.9685922265052795
8.0,eval,d,10,net,c009,-0.6802272796630859,-0.7396869659423828,0.24633075296878815,0.9685922265052795
8.0,eval,d,10,net,c000,-0.9238777160644531,-0.6366510391235352,0.24633075296878815,0.9685922265052795
8.0,eval,d,10,net,c013,-0.6171684265136719,-0.6275291442871094,0.24633075296878815,0.9685922265052795
8.0,eval,d,10,net,c049,-1.106222152709961,-0.9031238555908203,0.24633075296878815,0.9685922265052795
8.0,eval,d,10,net,c058,-0.9123964309692383,-0.7115936279296875,0.24633075296878815,0.9685922265052795
8.0,eval,d,10,net,c024,-1.1773033142089844,-1.2042112350463867,0.24633075296878815,0.9685922265052795
8.0,eval,d,10,net,c042,-0.9606962203979492,-0.9433870315551758,0.24633075296878815,0.9685922265052795
8.0,eval,d,10,net,c047,-0.8668279647827148,-1.1173839569091797,0.24633075296878815,0.9685922265052795
8.0,eval,d,10,net,c043,-0.4998817443847656,-0.5835046768188477,0.24633075296878815,0.9685922265052795
8.0,eval,d,10,net,c003,-1.1381797790527344,-0.8741798400878906,0.24633075296878815,0.9685922265052795
8.0,eval,d,10,net,c041,-0.6942205429077148,-0.9514026641845703,0.24633075296878815,0.9685922265052795
8.0,eval,d,10,net,c008,-0.4113893508911133,-0.47702884674072266,0.24633075296878815,0.9685922265052795
8.0,eval,d,10,net,c045,-0.7888803482055664,-0.6835546493530273,0.24633075296878815,0.9685922265052795
8.0,eval,d,10,net,c011,-0.7998495101928711,-0.6778068542480469,0.24633075296878815,0.9685922265052795
8.0,eval,d,10,net,c020,-1.073044776916504,-0.9193601608276367,0.24633075296878815,0.9685922265052795
8.0,eval,d,10,net,c044,-0.8714570999145508,-0.8014631271362305,0.24633075296878815,0.9685922265052795
8.0,eval,d,10,net,c016,-1.0172767639160156,-1.1985645294189453,0.24633075296878815,0.9685922265052795
8.0,eval,d,10,net,c056,-1.1219244003295898,-1.3499727249145508,0.24633075296878815,0.9685922265052795
8.0,eval,d,10,net,c025,-0.8628149032592773,-1.0311155319213867,0.24633075296878815,0.9685922265052795
8.0,eval,d,10,net,c029,-0.48619556427001953,-0.9297695159912109,0.24633075296878815,0.9685922265052795
8.0,eval,d,10,net,c014,-0.9790201187133789,-0.8550519943237305,0.24633075296878815,0.9685922265052795
8.0,eval,d,10,net,c002,-0.8137245178222656,-0.8185005187988281,0.24633075296878815,0.9685922265052795
8.0,eval,d,10,net,c023,-0.7642040252685547,-0.9025659561157227,0.24633075296878815,0.9685922265052795
8.0,eval,d,10,net,c046,-0.7259225845336914,-0.9426097869873047,0.24633075296878815,0.9685922265052795
8.0,eval,d,10,net,c022,-0.8223981857299805,-0.9296646118164062,0.24633075296878815,0.9685922265052795
8.0,eval,d,10,net,c050,-1.1030550003051758,-1.0728111267089844,0.24633075296878815,0.9685922265052795
8.0,deploy,d,10,net,c006,-0.9360580444335938,-0.5396137237548828,0.2026207596063614,0.9948241114616394
8.0,deploy,d,10,net,c017,-0.8609886169433594,-0.687138557434082,0.2026207596063614,0.9948241114616394
8.0,deploy,d,10,net,c039,-0.7516031265258789,-0.6623258590698242,0.2026207596063614,0.9948241114616394
8.0,deploy,d,10,net,c036,-0.9971437454223633,-0.9613828659057617,0.2026207596063614,0.9948241114616394
8.0,deploy,d,10,net,c009,-0.9276332855224609,-0.3935699462890625,0.2026207596063614,0.9948241114616394
8.0,deploy,d,10,net,c000,-0.8260507583618164,-0.43418312072753906,0.2026207596063614,0.9948241114616394
8.0,deploy,d,10,net,c013,-0.8514909744262695,-0.7707662582397461,0.2026207596063614,0.9948241114616394
8.0,deploy,d,10,net,c049,-1.0892267227172852,-0.5276470184326172,0.2026207596063614,0.9948241114616394
8.0,deploy,d,10,net,c058,-1.0257091522216797,-0.42427539825439453,0.2026207596063614,0.9948241114616394
8.0,deploy,d,10,net,c024,-1.0613689422607422,-0.6648292541503906,0.2026207596063614,0.9948241114616394
8.0,deploy,d,10,net,c042,-1.0631589889526367,-0.5000724792480469,0.2026207596063614,0.9948241114616394
8.0,deploy,d,10,net,c047,-0.9144325256347656,-0.8762502670288086,0.2026207596063614,0.9948241114616394
8.0,deploy,d,10,net,c043,-0.7452583312988281,-0.4277973175048828,0.2026207596063614,0.9948241114616394
8.0,deploy,d,10,net,c003,-0.9617433547973633,-0.19768905639648438,0.2026207596063614,0.9948241114616394
8.0,deploy,d,10,net,c041,-0.6594419479370117,-0.5656604766845703,0.2026207596063614,0.9948241114616394
8.0,deploy,d,10,net,c008,-1.0486621856689453,-0.705662727355957,0.2026207596063614,0.9948241114616394
8.0,deploy,d,10,net,c045,-1.0381507873535156,-0.36511802673339844,0.2026207596063614,0.9948241114616394
8.0,deploy,d,10,net,c011,-0.8533287048339844,-0.6712350845336914,0.2026207596063614,0.9948241114616394
8.0,deploy,d,10,net,c020,-0.8327007293701172,-0.5741806030273438,0.2026207596063614,0.9948241114616394
8.0,deploy,d,10,net,c044,-0.9109907150268555,-0.5734796524047852,0.2026207596063614,0.9948241114616394
8.0,deploy,d,10,net,c016,-0.7468576431274414,-0.6577215194702148,0.2026207596063614,0.9948241114616394
8.0,deploy,d,10,net,c056,-1.138075828552246,-1.1516523361206055,0.2026207596063614,0.9948241114616394
8.0,deploy,d,10,net,c025,-0.8564510345458984,-0.6785011291503906,0.2026207596063614,0.9948241114616394
8.0,deploy,d,10,net,c029,-1.0072660446166992,-0.24527835845947266,0.2026207596063614,0.9948241114616394
8.0,deploy,d,10,net,c014,-0.8819370269775391,-0.6339788436889648,0.2026207596063614,0.9948241114616394
8.0,deploy,d,10,net,c002,-1.0672845840454102,-0.8082246780395508,0.2026207596063614,0.9948241114616394
8.0,deploy,d,10,net,c023,-0.9378461837768555,-0.6681652069091797,0.2026207596063614,0.9948241114616394
8.0,deploy,d,10,net,c046,-0.5265903472900391,-0.46421051025390625,0.2026207596063614,0.9948241114616394
8.0,deploy,d,10,net,c022,-0.9628229141235352,-0.6883363723754883,0.2026207596063614,0.9948241114616394
8.0,deploy,d,10,net,c050,-0.908848762512207,-0.9210472106933594,0.2026207596063614,0.9948241114616394
8.0,deploy,d,10,net,c006,-0.9159164428710938,-0.37791919708251953,0.2026207596063614,0.9948241114616394
8.0,deploy,d,10,net,c017,-0.7876758575439453,-0.5326604843139648,0.2026207596063614,0.9948241114616394
8.0,deploy,d,10,net,c039,-0.5046291351318359,-0.35818958282470703,0.2026207596063614,0.9948241114616394
8.0,deploy,d,10,net,c036,-0.9222421646118164,-0.8416538238525391,0.2026207596063614,0.9948241114616394
8.0,deploy,d,10,net,c009,-0.9921598434448242,-0.5071802139282227,0.2026207596063614,0.9948241114616394
8.0,deploy,d,10,net,c000,-0.8820219039916992,-0.27126026153564453,0.2026207596063614,0.9948241114616394
8.0,deploy,d,10,net,c013,-0.6960592269897461,-0.6067609786987305,0.2026207596063614,0.9948241114616394
8.0,deploy,d,10,net,c049,-1.1633501052856445,-0.08306884765625,0.2026207596063614,0.9948241114616394
8.0,deploy,d,10,net,c058,-0.8859653472900391,-0.3065319061279297,0.2026207596063614,0.9948241114616394
8.0,deploy,d,10,net,c024,-1.0840167999267578,-0.8323135375976562,0.2026207596063614,0.9948241114616394
8.0,deploy,d,10,net,c042,-1.047593116760254,-0.5742578506469727,0.2026207596063614,0.9948241114616394
8.0,deploy,d,10,net,c047,-0.8409452438354492,-0.6392011642456055,0.2026207596063614,0.9948241114616394
8.0,deploy,d,10,net,c043,-0.5448942184448242,-0.5651493072509766,0.2026207596063614,0.9948241114616394
8.0,deploy,d,10,net,c003,-0.9820184707641602,-0.47643375396728516,0.2026207596063614,0.9948241114616394
8.0,deploy,d,10,net,c041,-0.7170038223266602,-0.29273033142089844,0.2026207596063614,0.9948241114616394
8.0,deploy,d,10,net,c008,-0.8101835250854492,-0.20247268676757812,0.2026207596063614,0.9948241114616394
8.0,deploy,d,10,net,c045,-0.7242164611816406,-0.5480051040649414,0.2026207596063614,0.9948241114616394
8.0,deploy,d,10,net,c011,-0.7764930725097656,-0.5601444244384766,0.2026207596063614,0.9948241114616394
8.0,deploy,d,10,net,c020,-1.0356941223144531,-0.7716054916381836,0.2026207596063614,0.9948241114616394
8.0,deploy,d,10,net,c044,-0.78118896484375,-0.32488059997558594,0.2026207596063614,0.9948241114616394
8.0,deploy,d,10,net,c016,-0.7567176818847656,-0.6693401336669922,0.2026207596063614,0.9948241114616394
8.0,deploy,d,10,net,c056,-1.0107269287109375,-1.1857452392578125,0.2026207596063614,0.9948241114616394
8.0,deploy,d,10,net,c025,-0.8425683975219727,-0.6182346343994141,0.2026207596063614,0.9948241114616394
8.0,deploy,d,10,net,c029,-1.1143007278442383,-0.7082815170288086,0.2026207596063614,0.9948241114616394
8.0,deploy,d,10,net,c014,-1.0846986770629883,-0.6990652084350586,0.2026207596063614,0.9948241114616394
8.0,deploy,d,10,net,c002,-0.9153985977172852,-0.40634632110595703,0.2026207596063614,0.9948241114616394
8.0,deploy,d,10,net,c023,-0.8368587493896484,-0.20123767852783203,0.2026207596063614,0.9948241114616394
8.0,deploy,d,10,net,c046,-0.6189432144165039,-0.3475332260131836,0.2026207596063614,0.9948241114616394
8.0,deploy,d,10,net,c022,-0.9359512329101562,-0.6579294204711914,0.2026207596063614,0.9948241114616394
8.0,deploy,d,10,net,c050,-0.883570671081543,-0.7940750122070312,0.2026207596063614,0.9948241114616394
8.0,eval,random,10,net,c006,-0.2087376912434896,-0.2325719197591146,0.2943827509880066,1.009166161219279
8.0,eval,random,10,net,c017,0.11551380157470703,-0.09361553192138672,0.2943827509880066,1.009166161219279
8.0,eval,random,10,net,c039,-0.023914655049641926,-0.039498647054036454,0.2943827509880066,1.009166161219279
8.0,eval,random,10,net,c036,-0.14236863454182944,-0.15876134236653647,0.2943827509880066,1.009166161219279
8.0,eval,random,10,net,c009,-0.07809670766194661,0.05972353617350261,0.2943827509880066,1.009166161219279
8.0,eval,random,10,net,c000,-0.21779346466064453,-0.37467479705810547,0.2943827509880066,1.009166161219279
8.0,eval,random,10,net,c013,0.3237517674763997,-0.6589743296305339,0.2943827509880066,1.009166161219279
8.0,eval,random,10,net,c049,0.1156918207804362,-0.4838126500447591,0.2943827509880066,1.009166161219279
8.0,eval,random,10,net,c058,0.2571175893147786,-0.2439867655436198,0.2943827509880066,1.009166161219279
8.0,eval,random,10,net,c024,0.058357556660970054,-0.2720476786295573,0.2943827509880066,1.009166161219279
8.0,eval,random,10,net,c042,-0.1055450439453125,-0.3472576141357422,0.2943827509880066,1.009166161219279
8.0,eval,random,10,net,c047,0.10653273264567058,-0.24970753987630206,0.2943827509880066,1.009166161219279
8.0,eval,random,10,net,c043,-0.2052755355834961,-0.5897998809814453,0.2943827509880066,1.009166161219279
8.0,eval,random,10,net,c003,-0.2343142827351888,0.04195849100748697,0.2943827509880066,1.009166161219279
8.0,eval,random,10,net,c041,-0.20169385274251303,-0.5901254018147787,0.2943827509880066,1.009166161219279
8.0,eval,random,10,net,c008,-0.1150194803873698,0.054444630940755204,0.2943827509880066,1.009166161219279
8.0,eval,random,10,net,c045,0.16402180989583334,-0.5800434748331705,0.2943827509880066,1.009166161219279
8.0,eval,random,10,net,c011,-0.13699722290039062,-0.07637691497802734,0.2943827509880066,1.009166161219279
8.0,eval,random,10,net,c020,0.16307767232259116,-0.6091000239054362,0.2943827509880066,1.009166161219279
8.0,eval,random,10,net,c044,0.13020006815592447,-0.761834462483724,0.2943827509880066,1.009166161219279
8.0,eval,random,10,net,c016,-0.05752690633138021,0.049280802408854164,0.2943827509880066,1.009166161219279
8.0,eval,random,10,net,c056,0.14149030049641928,-0.27487150828043616,0.2943827509880066,1.009166161219279
8.0,eval,random,10,net,c025,0.07575925191243489,-0.20032183329264325,0.2943827509880066,1.009166161219279
8.0,eval,random,10,net,c029,-0.021402994791666668,0.13058980305989584,0.2943827509880066,1.009166161219279
8.0,eval,random,10,net,c014,0.0019480387369791667,-0.3929608662923177,0.2943827509880066,1.009166161219279
8.0,eval,random,10,net,c002,-0.21007061004638672,-0.07174968719482422,0.2943827509880066,1.009166161219279
8.0,eval,random,10,net,c023,-0.16846529642740884,-0.15807024637858072,0.2943827509880066,1.009166161219279
8.0,eval,random,10,net,c046,0.0066534678141276045,-0.21050198872884116,0.2943827509880066,1.009166161219279
8.0,eval,random,10,net,c022,-0.08361212412516277,-0.12034002939860027,0.2943827509880066,1.009166161219279
8.0,eval,random,10,net,c050,0.22183831532796225,-0.2229153315226237,0.2943827509880066,1.009166161219279
8.0,eval,random,10,net,c006,-0.20803610483805338,0.044367154439290374,0.2943827509880066,1.009166161219279
8.0,eval,random,10,net,c017,0.20546976725260416,-0.20509560902913412,0.2943827509880066,1.009166161219279
8.0,eval,random,10,net,c039,0.05172157287597656,-0.20341777801513672,0.2943827509880066,1.009166161219279
8.0,eval,random,10,net,c036,-0.09323978424072266,-0.5268955230712891,0.2943827509880066,1.009166161219279
8.0,eval,random,10,net,c009,-0.06329568227132161,-0.12275536855061848,0.2943827509880066,1.009166161219279
8.0,eval,random,10,net,c000,-0.17934417724609375,0.10788249969482422,0.2943827509880066,1.009166161219279
8.0,eval,random,10,net,c013,0.057847023010253906,0.047486305236816406,0.2943827509880066,1.009166161219279
8.0,eval,random,10,net,c049,-0.2880220413208008,-0.08492374420166016,0.2943827509880066,1.009166161219279
8.0,eval,random,10,net,c058,-0.0796365737915039,0.12116622924804688,0.2943827509880066,1.009166161219279
8.0,eval,random,10,net,c024,-0.20848623911539713,-0.23539415995279947,0.2943827509880066,1.009166161219279
8.0,eval,random,10,net,c042,-0.17842833201090494,-0.1611191431681315,0.2943827509880066,1.009166161219279
8.0,eval,random,10,net,c047,0.08623250325520833,-0.16432348887125653,0.2943827509880066,1.009166161219279
8.0,eval,random,10,net,c043,-0.25097815195719403,-0.33460108439127606,0.2943827509880066,1.009166161219279
8.0,eval,random,10,net,c003,-0.23464266459147134,0.029357274373372405,0.2943827509880066,1.009166161219279
8.0,eval,random,10,net,c041,-0.11666615804036458,-0.37384827931722003,0.2943827509880066,1.009166161219279
8.0,eval,random,10,net,c008,0.047261555989583336,-0.01837793986002604,0.2943827509880066,1.009166161219279
8.0,eval,random,10,net,c045,-0.13665135701497397,-0.031325658162434905,0.2943827509880066,1.009166161219279
8.0,eval,random,10,net,c011,-0.09457206726074219,0.02747058868408203,0.2943827509880066,1.009166161219279
8.0,eval,random,10,net,c020,-0.23772112528483072,-0.08403650919596353,0.2943827509880066,1.009166161219279
8.0,eval,random,10,net,c044,-0.2168105443318685,-0.1468165715535482,0.2943827509880066,1.009166161219279
8.0,eval,random,10,net,c016,-0.05613390604654948,-0.23742167154947916,0.2943827509880066,1.009166161219279
8.0,eval,random,10,net,c056,-0.12204488118489583,-0.35009320576985675,0.2943827509880066,1.009166161219279
8.0,eval,random,10,net,c025,-0.11983426411946614,-0.2881348927815755,0.2943827509880066,1.009166161219279
8.0,eval,random,10,net,c029,0.22227891286214194,-0.22129503885904947,0.2943827509880066,1.009166161219279
8.0,eval,random,10,net,c014,-0.10296948750813802,0.02099863688151042,0.2943827509880066,1.009166161219279
8.0,eval,random,10,net,c002,-0.12796338399251303,-0.13273938496907553,0.2943827509880066,1.009166161219279
8.0,eval,random,10,net,c023,0.07292970021565755,-0.06543223063151042,0.2943827509880066,1.009166161219279
8.0,eval,random,10,net,c046,-0.08892313639322917,-0.30561033884684247,0.2943827509880066,1.009166161219279
8.0,eval,random,10,net,c022,-0.12077013651529948,-0.22803656260172528,0.2943827509880066,1.009166161219279
8.0,eval,random,10,net,c050,-0.1053911844889323,-0.07514731089274089,0.2943827509880066,1.009166161219279
-8.0,eval,d,16,steer,c006,0.3142099380493164,0.2903757095336914,0.28262859582901,1.1112217903137207
-8.0,eval,d,16,steer,c017,0.5691795349121094,0.3600502014160156,0.28262859582901,1.1112217903137207
-8.0,eval,d,16,steer,c039,0.20273971557617188,0.18715572357177734,0.28262859582901,1.1112217903137207
-8.0,eval,d,16,steer,c036,0.41904735565185547,0.40265464782714844,0.28262859582901,1.1112217903137207
-8.0,eval,d,16,steer,c009,0.0054302215576171875,0.1432504653930664,0.28262859582901,1.1112217903137207
-8.0,eval,d,16,steer,c000,0.4935474395751953,0.3366661071777344,0.28262859582901,1.1112217903137207
-8.0,eval,d,16,steer,c013,1.4139366149902344,0.4312105178833008,0.28262859582901,1.1112217903137207
-8.0,eval,d,16,steer,c049,0.7549962997436523,0.15549182891845703,0.28262859582901,1.1112217903137207
-8.0,eval,d,16,steer,c058,0.9392929077148438,0.4381885528564453,0.28262859582901,1.1112217903137207
-8.0,eval,d,16,steer,c024,0.7225799560546875,0.39217472076416016,0.28262859582901,1.1112217903137207
-8.0,eval,d,16,steer,c042,0.581507682800293,0.3397951126098633,0.28262859582901,1.1112217903137207
-8.0,eval,d,16,steer,c047,0.6782941818237305,0.3220539093017578,0.28262859582901,1.1112217903137207
-8.0,eval,d,16,steer,c043,0.6897678375244141,0.30524349212646484,0.28262859582901,1.1112217903137207
-8.0,eval,d,16,steer,c003,0.060741424560546875,0.33701419830322266,0.28262859582901,1.1112217903137207
-8.0,eval,d,16,steer,c041,0.5832710266113281,0.1948394775390625,0.28262859582901,1.1112217903137207
-8.0,eval,d,16,steer,c008,0.03236675262451172,0.20183086395263672,0.28262859582901,1.1112217903137207
-8.0,eval,d,16,steer,c045,1.1388568878173828,0.3947916030883789,0.28262859582901,1.1112217903137207
-8.0,eval,d,16,steer,c011,0.16283226013183594,0.22345256805419922,0.28262859582901,1.1112217903137207
-8.0,eval,d,16,steer,c020,1.2178325653076172,0.44565486907958984,0.28262859582901,1.1112217903137207
-8.0,eval,d,16,steer,c044,1.2426624298095703,0.3506278991699219,0.28262859582901,1.1112217903137207
-8.0,eval,d,16,steer,c016,0.2175426483154297,0.32435035705566406,0.28262859582901,1.1112217903137207
-8.0,eval,d,16,steer,c056,0.7558650970458984,0.33950328826904297,0.28262859582901,1.1112217903137207
-8.0,eval,d,16,steer,c025,0.7226886749267578,0.4466075897216797,0.28262859582901,1.1112217903137207
-8.0,eval,d,16,steer,c029,0.08717823028564453,0.23917102813720703,0.28262859582901,1.1112217903137207
-8.0,eval,d,16,steer,c014,0.7362756729125977,0.3413667678833008,0.28262859582901,1.1112217903137207
-8.0,eval,d,16,steer,c002,0.28736400604248047,0.42568492889404297,0.28262859582901,1.1112217903137207
-8.0,eval,d,16,steer,c023,0.3528099060058594,0.3632049560546875,0.28262859582901,1.1112217903137207
-8.0,eval,d,16,steer,c046,0.5859928131103516,0.3688373565673828,0.28262859582901,1.1112217903137207
-8.0,eval,d,16,steer,c022,0.3841705322265625,0.347442626953125,0.28262859582901,1.1112217903137207
-8.0,eval,d,16,steer,c050,0.8055868148803711,0.36083316802978516,0.28262859582901,1.1112217903137207
-8.0,eval,d,16,steer,c006,0.1211557388305664,0.37355899810791016,0.28262859582901,1.1112217903137207
-8.0,eval,d,16,steer,c017,0.6449270248413086,0.2343616485595703,0.28262859582901,1.1112217903137207
-8.0,eval,d,16,steer,c039,0.44896793365478516,0.19382858276367188,0.28262859582901,1.1112217903137207
-8.0,eval,d,16,steer,c036,0.7330961227416992,0.2994403839111328,0.28262859582901,1.1112217903137207
-8.0,eval,d,16,steer,c009,0.1933307647705078,0.13387107849121094,0.28262859582901,1.1112217903137207
-8.0,eval,d,16,steer,c000,0.036316871643066406,0.3235435485839844,0.28262859582901,1.1112217903137207
-8.0,eval,d,16,steer,c013,0.24939537048339844,0.23903465270996094,0.28262859582901,1.1112217903137207
-8.0,eval,d,16,steer,c049,-0.021411895751953125,0.1816864013671875,0.28262859582901,1.1112217903137207
-8.0,eval,d,16,steer,c058,0.1520395278930664,0.3528423309326172,0.28262859582901,1.1112217903137207
-8.0,eval,d,16,steer,c024,0.40045928955078125,0.3735513687133789,0.28262859582901,1.1112217903137207
-8.0,eval,d,16,steer,c042,0.2209300994873047,0.23823928833007812,0.28262859582901,1.1112217903137207
-8.0,eval,d,16,steer,c047,0.5453500747680664,0.29479408264160156,0.28262859582901,1.1112217903137207
-8.0,eval,d,16,steer,c043,0.37622833251953125,0.2926054000854492,0.28262859582901,1.1112217903137207
-8.0,eval,d,16,steer,c003,0.10061359405517578,0.36461353302001953,0.28262859582901,1.1112217903137207
-8.0,eval,d,16,steer,c041,0.5810279846191406,0.32384586334228516,0.28262859582901,1.1112217903137207
-8.0,eval,d,16,steer,c008,0.41620731353759766,0.3505678176879883,0.28262859582901,1.1112217903137207
-8.0,eval,d,16,steer,c045,0.16621971130371094,0.27154541015625,0.28262859582901,1.1112217903137207
-8.0,eval,d,16,steer,c011,0.08833694458007812,0.21037960052490234,0.28262859582901,1.1112217903137207
-8.0,eval,d,16,steer,c020,0.30083560943603516,0.45452022552490234,0.28262859582901,1.1112217903137207
-8.0,eval,d,16,steer,c044,0.23030853271484375,0.30030250549316406,0.28262859582901,1.1112217903137207
-8.0,eval,d,16,steer,c016,0.5815896987915039,0.4003019332885742,0.28262859582901,1.1112217903137207
-8.0,eval,d,16,steer,c056,0.5426692962646484,0.3146209716796875,0.28262859582901,1.1112217903137207
-8.0,eval,d,16,steer,c025,0.4274740219116211,0.2591733932495117,0.28262859582901,1.1112217903137207
-8.0,eval,d,16,steer,c029,0.6503791809082031,0.20680522918701172,0.28262859582901,1.1112217903137207
-8.0,eval,d,16,steer,c014,0.08651542663574219,0.21048355102539062,0.28262859582901,1.1112217903137207
-8.0,eval,d,16,steer,c002,0.33337879180908203,0.32860279083251953,0.28262859582901,1.1112217903137207
-8.0,eval,d,16,steer,c023,0.4549903869628906,0.31662845611572266,0.28262859582901,1.1112217903137207
-8.0,eval,d,16,steer,c046,0.6155815124511719,0.3988943099975586,0.28262859582901,1.1112217903137207
-8.0,eval,d,16,steer,c022,0.4978761672973633,0.3906097412109375,0.28262859582901,1.1112217903137207
-8.0,eval,d,16,steer,c050,0.35770606994628906,0.38794994354248047,0.28262859582901,1.1112217903137207
-8.0,deploy,d,16,steer,c006,-0.11468696594238281,0.2817573547363281,0.25017133355140686,1.1757676601409912
-8.0,deploy,d,16,steer,c017,0.1590585708618164,0.33290863037109375,0.25017133355140686,1.1757676601409912
-8.0,deploy,d,16,steer,c039,0.1080484390258789,0.1973257064819336,0.25017133355140686,1.1757676601409912
-8.0,deploy,d,16,steer,c036,0.41080474853515625,0.4465656280517578,0.25017133355140686,1.1757676601409912
-8.0,deploy,d,16,steer,c009,-0.4516162872314453,0.08244705200195312,0.25017133355140686,1.1757676601409912
-8.0,deploy,d,16,steer,c000,-0.0966033935546875,0.29526424407958984,0.25017133355140686,1.1757676601409912
-8.0,deploy,d,16,steer,c013,0.2227497100830078,0.30347442626953125,0.25017133355140686,1.1757676601409912
-8.0,deploy,d,16,steer,c049,-0.5665044784545898,-0.004924774169921875,0.25017133355140686,1.1757676601409912
-8.0,deploy,d,16,steer,c058,-0.3679771423339844,0.23345661163330078,0.25017133355140686,1.1757676601409912
-8.0,deploy,d,16,steer,c024,-0.10181427001953125,0.2947254180908203,0.25017133355140686,1.1757676601409912
-8.0,deploy,d,16,steer,c042,-0.2238473892211914,0.33923912048339844,0.25017133355140686,1.1757676601409912
-8.0,deploy,d,16,steer,c047,0.24268531799316406,0.2808675765991211,0.25017133355140686,1.1757676601409912
-8.0,deploy,d,16,steer,c043,-0.09546756744384766,0.22199344635009766,0.25017133355140686,1.1757676601409912
-8.0,deploy,d,16,steer,c003,-0.40766334533691406,0.35639095306396484,0.25017133355140686,1.1757676601409912
-8.0,deploy,d,16,steer,c041,0.18423175811767578,0.2780132293701172,0.25017133355140686,1.1757676601409912
-8.0,deploy,d,16,steer,c008,-0.0653066635131836,0.2776927947998047,0.25017133355140686,1.1757676601409912
-8.0,deploy,d,16,steer,c045,-0.3980884552001953,0.2749443054199219,0.25017133355140686,1.1757676601409912
-8.0,deploy,d,16,steer,c011,0.08690071105957031,0.2689943313598633,0.25017133355140686,1.1757676601409912
-8.0,deploy,d,16,steer,c020,0.08540058135986328,0.3439207077026367,0.25017133355140686,1.1757676601409912
-8.0,deploy,d,16,steer,c044,-0.010868072509765625,0.3266429901123047,0.25017133355140686,1.1757676601409912
-8.0,deploy,d,16,steer,c016,0.35069942474365234,0.4398355484008789,0.25017133355140686,1.1757676601409912
-8.0,deploy,d,16,steer,c056,0.43441295623779297,0.4208364486694336,0.25017133355140686,1.1757676601409912
-8.0,deploy,d,16,steer,c025,0.08927345275878906,0.2672233581542969,0.25017133355140686,1.1757676601409912
-8.0,deploy,d,16,steer,c029,-0.6312503814697266,0.1307373046875,0.25017133355140686,1.1757676601409912
-8.0,deploy,d,16,steer,c014,0.07756614685058594,0.32552433013916016,0.25017133355140686,1.1757676601409912
-8.0,deploy,d,16,steer,c002,0.172882080078125,0.4319419860839844,0.25017133355140686,1.1757676601409912
-8.0,deploy,d,16,steer,c023,0.06223297119140625,0.33191394805908203,0.25017133355140686,1.1757676601409912
-8.0,deploy,d,16,steer,c046,0.26424598693847656,0.3266258239746094,0.25017133355140686,1.1757676601409912
-8.0,deploy,d,16,steer,c022,0.12810516357421875,0.4025917053222656,0.25017133355140686,1.1757676601409912
-8.0,deploy,d,16,steer,c050,0.36184024810791016,0.3496417999267578,0.25017133355140686,1.1757676601409912
-8.0,deploy,d,16,steer,c006,-0.30704402923583984,0.23095321655273438,0.25017133355140686,1.1757676601409912
-8.0,deploy,d,16,steer,c017,-0.014252662658691406,0.24076271057128906,0.25017133355140686,1.1757676601409912
-8.0,deploy,d,16,steer,c039,-0.08572101593017578,0.060718536376953125,0.25017133355140686,1.1757676601409912
-8.0,deploy,d,16,steer,c036,0.2109203338623047,0.29150867462158203,0.25017133355140686,1.1757676601409912
-8.0,deploy,d,16,steer,c009,-0.33261680603027344,0.15236282348632812,0.25017133355140686,1.1757676601409912
-8.0,deploy,d,16,steer,c000,-0.30910301208496094,0.30165863037109375,0.25017133355140686,1.1757676601409912
-8.0,deploy,d,16,steer,c013,0.13184165954589844,0.22113990783691406,0.25017133355140686,1.1757676601409912
-8.0,deploy,d,16,steer,c049,-1.1749744415283203,-0.09469318389892578,0.25017133355140686,1.1757676601409912
-8.0,deploy,d,16,steer,c058,-0.31331348419189453,0.26611995697021484,0.25017133355140686,1.1757676601409912
-8.0,deploy,d,16,steer,c024,0.16246891021728516,0.4141721725463867,0.25017133355140686,1.1757676601409912
-8.0,deploy,d,16,steer,c042,-0.11681079864501953,0.3565244674682617,0.25017133355140686,1.1757676601409912
-8.0,deploy,d,16,steer,c047,0.17735671997070312,0.3791007995605469,0.25017133355140686,1.1757676601409912
-8.0,deploy,d,16,steer,c043,0.2900724411010742,0.2698173522949219,0.25017133355140686,1.1757676601409912
-8.0,deploy,d,16,steer,c003,-0.21485042572021484,0.29073429107666016,0.25017133355140686,1.1757676601409912
-8.0,deploy,d,16,steer,c041,-0.12437915802001953,0.2998943328857422,0.25017133355140686,1.1757676601409912
-8.0,deploy,d,16,steer,c008,-0.4883394241333008,0.11937141418457031,0.25017133355140686,1.1757676601409912
-8.0,deploy,d,16,steer,c045,0.09355449676513672,0.26976585388183594,0.25017133355140686,1.1757676601409912
-8.0,deploy,d,16,steer,c011,0.07487106323242188,0.29121971130371094,0.25017133355140686,1.1757676601409912
-8.0,deploy,d,16,steer,c020,0.17903518676757812,0.44312381744384766,0.25017133355140686,1.1757676601409912
-8.0,deploy,d,16,steer,c044,-0.15042972564697266,0.3058786392211914,0.25017133355140686,1.1757676601409912
-8.0,deploy,d,16,steer,c016,0.2392730712890625,0.32665061950683594,0.25017133355140686,1.1757676601409912
-8.0,deploy,d,16,steer,c056,0.469146728515625,0.29412841796875,0.25017133355140686,1.1757676601409912
-8.0,deploy,d,16,steer,c025,0.061130523681640625,0.2854642868041992,0.25017133355140686,1.1757676601409912
-8.0,deploy,d,16,steer,c029,-0.16155624389648438,0.2444629669189453,0.25017133355140686,1.1757676601409912
-8.0,deploy,d,16,steer,c014,-0.023298263549804688,0.362335205078125,0.25017133355140686,1.1757676601409912
-8.0,deploy,d,16,steer,c002,-0.17662429809570312,0.332427978515625,0.25017133355140686,1.1757676601409912
-8.0,deploy,d,16,steer,c023,-0.24824810028076172,0.3873729705810547,0.25017133355140686,1.1757676601409912
-8.0,deploy,d,16,steer,c046,0.03362083435058594,0.30503082275390625,0.25017133355140686,1.1757676601409912
-8.0,deploy,d,16,steer,c022,0.0910501480102539,0.36907196044921875,0.25017133355140686,1.1757676601409912
-8.0,deploy,d,16,steer,c050,0.19521045684814453,0.28470611572265625,0.25017133355140686,1.1757676601409912
-8.0,eval,random,16,steer,c006,-0.2346029281616211,-0.2584371566772461,0.14492157598336539,1.5060523351033528
-8.0,eval,random,16,steer,c017,-0.1280705134073893,-0.33719984690348304,0.14492157598336539,1.5060523351033528
-8.0,eval,random,16,steer,c039,-0.3195149103800456,-0.3350989023844401,0.14492157598336539,1.5060523351033528
-8.0,eval,random,16,steer,c036,-0.32239437103271484,-0.3387870788574219,0.14492157598336539,1.5060523351033528
-8.0,eval,random,16,steer,c009,-0.3790254592895508,-0.24120521545410156,0.14492157598336539,1.5060523351033528
-8.0,eval,random,16,steer,c000,-0.1248311996459961,-0.28171253204345703,0.14492157598336539,1.5060523351033528
-8.0,eval,random,16,steer,c013,0.4230397542317708,-0.5596863428751628,0.14492157598336539,1.5060523351033528
-8.0,eval,random,16,steer,c049,0.15360800425211588,-0.44589646657307946,0.14492157598336539,1.5060523351033528
-8.0,eval,random,16,steer,c058,0.0892651875813802,-0.41183916727701825,0.14492157598336539,1.5060523351033528
-8.0,eval,random,16,steer,c024,0.03955078125,-0.29085445404052734,0.14492157598336539,1.5060523351033528
-8.0,eval,random,16,steer,c042,-0.035198211669921875,-0.27691078186035156,0.14492157598336539,1.5060523351033528
-8.0,eval,random,16,steer,c047,-0.047729174296061196,-0.4039694468180339,0.14492157598336539,1.5060523351033528
-8.0,eval,random,16,steer,c043,0.04379908243815104,-0.34072526295979816,0.14492157598336539,1.5060523351033528
-8.0,eval,random,16,steer,c003,-0.4190775553385417,-0.1428047815958659,0.14492157598336539,1.5060523351033528
-8.0,eval,random,16,steer,c041,-0.04811541239420573,-0.4365469614664714,0.14492157598336539,1.5060523351033528
-8.0,eval,random,16,steer,c008,-0.4594586690266927,-0.2899945576985677,0.14492157598336539,1.5060523351033528
-8.0,eval,random,16,steer,c045,0.2520755132039388,-0.4919897715250651,0.14492157598336539,1.5060523351033528
-8.0,eval,random,16,steer,c011,-0.2626930872599284,-0.20207277933756512,0.14492157598336539,1.5060523351033528
-8.0,eval,random,16,steer,c020,0.3197638193766276,-0.4524138768513997,0.14492157598336539,1.5060523351033528
-8.0,eval,random,16,steer,c044,0.3570992151896159,-0.5349353154500325,0.14492157598336539,1.5060523351033528
-8.0,eval,random,16,steer,c016,-0.31486034393310547,-0.2080526351928711,0.14492157598336539,1.5060523351033528
-8.0,eval,random,16,steer,c056,0.009103775024414062,-0.4072580337524414,0.14492157598336539,1.5060523351033528
-8.0,eval,random,16,steer,c025,-0.0005165735880533854,-0.27659765879313153,0.14492157598336539,1.5060523351033528
-8.0,eval,random,16,steer,c029,-0.34793949127197266,-0.19594669342041016,0.14492157598336539,1.5060523351033528
-8.0,eval,random,16,steer,c014,-0.005826314290364583,-0.40073521931966144,0.14492157598336539,1.5060523351033528
-8.0,eval,random,16,steer,c002,-0.2734902699788411,-0.13516934712727863,0.14492157598336539,1.5060523351033528
-8.0,eval,random,16,steer,c023,-0.20190938313802084,-0.19151433308919272,0.14492157598336539,1.5060523351033528
-8.0,eval,random,16,steer,c046,-0.05883089701334635,-0.2759863535563151,0.14492157598336539,1.5060523351033528
-8.0,eval,random,16,steer,c022,-0.1734126408894857,-0.2101405461629232,0.14492157598336539,1.5060523351033528
-8.0,eval,random,16,steer,c050,0.040022850036621094,-0.40473079681396484,0.14492157598336539,1.5060523351033528
-8.0,eval,random,16,steer,c006,-0.3882722854614258,-0.13586902618408203,0.14492157598336539,1.5060523351033528
-8.0,eval,random,16,steer,c017,-0.021758397420247395,-0.43232377370198566,0.14492157598336539,1.5060523351033528
-8.0,eval,random,16,steer,c039,-0.15065288543701172,-0.405792236328125,0.14492157598336539,1.5060523351033528
-8.0,eval,random,16,steer,c036,0.020029067993164062,-0.41362667083740234,0.14492157598336539,1.5060523351033528
-8.0,eval,random,16,steer,c009,-0.33868153889973956,-0.39814122517903644,0.14492157598336539,1.5060523351033528
-8.0,eval,random,16,steer,c000,-0.4287017186482747,-0.14147504170735675,0.14492157598336539,1.5060523351033528
-8.0,eval,random,16,steer,c013,-0.2947816848754883,-0.3051424026489258,0.14492157598336539,1.5060523351033528
-8.0,eval,random,16,steer,c049,-0.4022849400838216,-0.19918664296468097,0.14492157598336539,1.5060523351033528
-8.0,eval,random,16,steer,c058,-0.40157826741536456,-0.20077546437581378,0.14492157598336539,1.5060523351033528
-8.0,eval,random,16,steer,c024,-0.15478070576985678,-0.18168862660725912,0.14492157598336539,1.5060523351033528
-8.0,eval,random,16,steer,c042,-0.3172340393066406,-0.2999248504638672,0.14492157598336539,1.5060523351033528
-8.0,eval,random,16,steer,c047,-0.02106952667236328,-0.2716255187988281,0.14492157598336539,1.5060523351033528
-8.0,eval,random,16,steer,c043,-0.1897090276082357,-0.27333196004231775,0.14492157598336539,1.5060523351033528
-8.0,eval,random,16,steer,c003,-0.47205956776936847,-0.20805962880452472,0.14492157598336539,1.5060523351033528
-8.0,eval,random,16,steer,c041,-0.08527596791585286,-0.3424580891927083,0.14492157598336539,1.5060523351033528
-8.0,eval,random,16,steer,c008,-0.1858348846435547,-0.25147438049316406,0.14492157598336539,1.5060523351033528
-8.0,eval,random,16,steer,c045,-0.3687143325805664,-0.26338863372802734,0.14492157598336539,1.5060523351033528
-8.0,eval,random,16,steer,c011,-0.38310909271240234,-0.2610664367675781,0.14492157598336539,1.5060523351033528
-8.0,eval,random,16,steer,c020,-0.27837181091308594,-0.12468719482421875,0.14492157598336539,1.5060523351033528
-8.0,eval,random,16,steer,c044,-0.275540033976237,-0.20554606119791669,0.14492157598336539,1.5060523351033528
-8.0,eval,random,16,steer,c016,-0.07384840647379558,-0.2551361719767253,0.14492157598336539,1.5060523351033528
-8.0,eval,random,16,steer,c056,-0.0871721903483073,-0.31522051493326825,0.14492157598336539,1.5060523351033528
-8.0,eval,random,16,steer,c025,-0.07022380828857422,-0.2385244369506836,0.14492157598336539,1.5060523351033528
-8.0,eval,random,16,steer,c029,0.019254048665364582,-0.42431990305582684,0.14492157598336539,1.5060523351033528
-8.0,eval,random,16,steer,c014,-0.40106773376464844,-0.277099609375,0.14492157598336539,1.5060523351033528
-8.0,eval,random,16,steer,c002,-0.18034871419270834,-0.18512471516927084,0.14492157598336539,1.5060523351033528
-8.0,eval,random,16,steer,c023,-0.04854869842529297,-0.18691062927246094,0.14492157598336539,1.5060523351033528
-8.0,eval,random,16,steer,c046,-0.045482635498046875,-0.26216983795166016,0.14492157598336539,1.5060523351033528
-8.0,eval,random,16,steer,c022,-0.10887749989827473,-0.2161439259847005,0.14492157598336539,1.5060523351033528
-8.0,eval,random,16,steer,c050,-0.24994309743245444,-0.21969922383626303,0.14492157598336539,1.5060523351033528
-6.0,eval,d,16,steer,c006,0.3577280044555664,0.3338937759399414,0.1890709102153778,1.1597856283187866
-6.0,eval,d,16,steer,c017,0.6585063934326172,0.44937705993652344,0.1890709102153778,1.1597856283187866
-6.0,eval,d,16,steer,c039,0.27054595947265625,0.2549619674682617,0.1890709102153778,1.1597856283187866
-6.0,eval,d,16,steer,c036,0.4533414840698242,0.4369487762451172,0.1890709102153778,1.1597856283187866
-6.0,eval,d,16,steer,c009,0.07130146026611328,0.2091217041015625,0.1890709102153778,1.1597856283187866
-6.0,eval,d,16,steer,c000,0.5262422561645508,0.36936092376708984,0.1890709102153778,1.1597856283187866
-6.0,eval,d,16,steer,c013,1.548807144165039,0.5660810470581055,0.1890709102153778,1.1597856283187866
-6.0,eval,d,16,steer,c049,0.8887186050415039,0.2892141342163086,0.1890709102153778,1.1597856283187866
-6.0,eval,d,16,steer,c058,1.0302610397338867,0.5291566848754883,0.1890709102153778,1.1597856283187866
-6.0,eval,d,16,steer,c024,0.7667312622070312,0.4363260269165039,0.1890709102153778,1.1597856283187866
-6.0,eval,d,16,steer,c042,0.6508464813232422,0.4091339111328125,0.1890709102153778,1.1597856283187866
-6.0,eval,d,16,steer,c047,0.7480411529541016,0.3918008804321289,0.1890709102153778,1.1597856283187866
-6.0,eval,d,16,steer,c043,0.7942514419555664,0.4097270965576172,0.1890709102153778,1.1597856283187866
-6.0,eval,d,16,steer,c003,0.0678558349609375,0.3441286087036133,0.1890709102153778,1.1597856283187866
-6.0,eval,d,16,steer,c041,0.6652803421020508,0.27684879302978516,0.1890709102153778,1.1597856283187866
-6.0,eval,d,16,steer,c008,0.08909893035888672,0.2585630416870117,0.1890709102153778,1.1597856283187866
-6.0,eval,d,16,steer,c045,1.2596654891967773,0.5156002044677734,0.1890709102153778,1.1597856283187866
-6.0,eval,d,16,steer,c011,0.2377176284790039,0.2983379364013672,0.1890709102153778,1.1597856283187866
-6.0,eval,d,16,steer,c020,1.3412017822265625,0.5690240859985352,0.1890709102153778,1.1597856283187866
-6.0,eval,d,16,steer,c044,1.3812227249145508,0.48918819427490234,0.1890709102153778,1.1597856283187866
-6.0,eval,d,16,steer,c016,0.24817180633544922,0.3549795150756836,0.1890709102153778,1.1597856283187866
-6.0,eval,d,16,steer,c056,0.8336191177368164,0.41725730895996094,0.1890709102153778,1.1597856283187866
-6.0,eval,d,16,steer,c025,0.7667064666748047,0.49062538146972656,0.1890709102153778,1.1597856283187866
-6.0,eval,d,16,steer,c029,0.10653400421142578,0.2585268020629883,0.1890709102153778,1.1597856283187866
-6.0,eval,d,16,steer,c014,0.8352346420288086,0.4403257369995117,0.1890709102153778,1.1597856283187866
-6.0,eval,d,16,steer,c002,0.28307151794433594,0.42139244079589844,0.1890709102153778,1.1597856283187866
-6.0,eval,d,16,steer,c023,0.3735065460205078,0.38390159606933594,0.1890709102153778,1.1597856283187866
-6.0,eval,d,16,steer,c046,0.6374015808105469,0.4202461242675781,0.1890709102153778,1.1597856283187866
-6.0,eval,d,16,steer,c022,0.41627979278564453,0.37955188751220703,0.1890709102153778,1.1597856283187866
-6.0,eval,d,16,steer,c050,0.8556413650512695,0.4108877182006836,0.1890709102153778,1.1597856283187866
-6.0,eval,d,16,steer,c006,0.1309957504272461,0.38339900970458984,0.1890709102153778,1.1597856283187866
-6.0,eval,d,16,steer,c017,0.7500209808349609,0.33945560455322266,0.1890709102153778,1.1597856283187866
-6.0,eval,d,16,steer,c039,0.5319843292236328,0.27684497833251953,0.1890709102153778,1.1597856283187866
-6.0,eval,d,16,steer,c036,0.8234262466430664,0.3897705078125,0.1890709102153778,1.1597856283187866
-6.0,eval,d,16,steer,c009,0.2918281555175781,0.23236846923828125,0.1890709102153778,1.1597856283187866
-6.0,eval,d,16,steer,c000,0.039173126220703125,0.3263998031616211,0.1890709102153778,1.1597856283187866
-6.0,eval,d,16,steer,c013,0.31950950622558594,0.30914878845214844,0.1890709102153778,1.1597856283187866
-6.0,eval,d,16,steer,c049,0.013950347900390625,0.21704864501953125,0.1890709102153778,1.1597856283187866
-6.0,eval,d,16,steer,c058,0.17930126190185547,0.38010406494140625,0.1890709102153778,1.1597856283187866
-6.0,eval,d,16,steer,c024,0.43597888946533203,0.4090709686279297,0.1890709102153778,1.1597856283187866
-6.0,eval,d,16,steer,c042,0.2744426727294922,0.2917518615722656,0.1890709102153778,1.1597856283187866
-6.0,eval,d,16,steer,c047,0.6096401214599609,0.3590841293334961,0.1890709102153778,1.1597856283187866
-6.0,eval,d,16,steer,c043,0.4286537170410156,0.3450307846069336,0.1890709102153778,1.1597856283187866
-6.0,eval,d,16,steer,c003,0.11681842803955078,0.38081836700439453,0.1890709102153778,1.1597856283187866
-6.0,eval,d,16,steer,c041,0.6566762924194336,0.3994941711425781,0.1890709102153778,1.1597856283187866
-6.0,eval,d,16,steer,c008,0.4553337097167969,0.3896942138671875,0.1890709102153778,1.1597856283187866
-6.0,eval,d,16,steer,c045,0.2129058837890625,0.31823158264160156,0.1890709102153778,1.1597856283187866
-6.0,eval,d,16,steer,c011,0.16989898681640625,0.29194164276123047,0.1890709102153778,1.1597856283187866
-6.0,eval,d,16,steer,c020,0.2926759719848633,0.44636058807373047,0.1890709102153778,1.1597856283187866
-6.0,eval,d,16,steer,c044,0.27288150787353516,0.34287548065185547,0.1890709102153778,1.1597856283187866
-6.0,eval,d,16,steer,c016,0.6259031295776367,0.44461536407470703,0.1890709102153778,1.1597856283187866
-6.0,eval,d,16,steer,c056,0.6154851913452148,0.3874368667602539,0.1890709102153778,1.1597856283187866
-6.0,eval,d,16,steer,c025,0.4802370071411133,0.3119363784790039,0.1890709102153778,1.1597856283187866
-6.0,eval,d,16,steer,c029,0.7566099166870117,0.3130359649658203,0.1890709102153778,1.1597856283187866
-6.0,eval,d,16,steer,c014,0.14055442810058594,0.2645225524902344,0.1890709102153778,1.1597856283187866
-6.0,eval,d,16,steer,c002,0.3528175354003906,0.3480415344238281,0.1890709102153778,1.1597856283187866
-6.0,eval,d,16,steer,c023,0.5087471008300781,0.37038516998291016,0.1890709102153778,1.1597856283187866
-6.0,eval,d,16,steer,c046,0.6586627960205078,0.44197559356689453,0.1890709102153778,1.1597856283187866
-6.0,eval,d,16,steer,c022,0.5347261428833008,0.427459716796875,0.1890709102153778,1.1597856283187866
-6.0,eval,d,16,steer,c050,0.3566265106201172,0.3868703842163086,0.1890709102153778,1.1597856283187866
-6.0,deploy,d,16,steer,c006,-0.10072803497314453,0.2957162857055664,0.1655537635087967,1.1996805667877197
-6.0,deploy,d,16,steer,c017,0.20922470092773438,0.3830747604370117,0.1655537635087967,1.1996805667877197
-6.0,deploy,d,16,steer,c039,0.16656494140625,0.2558422088623047,0.1655537635087967,1.1996805667877197
-6.0,deploy,d,16,steer,c036,0.43351078033447266,0.4692716598510742,0.1655537635087967,1.1996805667877197
-6.0,deploy,d,16,steer,c009,-0.42840099334716797,0.10566234588623047,0.1655537635087967,1.1996805667877197
-6.0,deploy,d,16,steer,c000,-0.09714317321777344,0.2947244644165039,0.1655537635087967,1.1996805667877197
-6.0,deploy,d,16,steer,c013,0.25356578826904297,0.3342905044555664,0.1655537635087967,1.1996805667877197
-6.0,deploy,d,16,steer,c049,-0.5797414779663086,-0.018161773681640625,0.1655537635087967,1.1996805667877197
-6.0,deploy,d,16,steer,c058,-0.38228702545166016,0.219146728515625,0.1655537635087967,1.1996805667877197
-6.0,deploy,d,16,steer,c024,-0.09173583984375,0.30480384826660156,0.1655537635087967,1.1996805667877197
-6.0,deploy,d,16,steer,c042,-0.22719287872314453,0.3358936309814453,0.1655537635087967,1.1996805667877197
-6.0,deploy,d,16,steer,c047,0.2952718734741211,0.3334541320800781,0.1655537635087967,1.1996805667877197
-6.0,deploy,d,16,steer,c043,-0.0657796859741211,0.2516813278198242,0.1655537635087967,1.1996805667877197
-6.0,deploy,d,16,steer,c003,-0.45990657806396484,0.30414772033691406,0.1655537635087967,1.1996805667877197
-6.0,deploy,d,16,steer,c041,0.24756813049316406,0.34134960174560547,0.1655537635087967,1.1996805667877197
-6.0,deploy,d,16,steer,c008,-0.05750751495361328,0.285491943359375,0.1655537635087967,1.1996805667877197
-6.0,deploy,d,16,steer,c045,-0.3965892791748047,0.2764434814453125,0.1655537635087967,1.1996805667877197
-6.0,deploy,d,16,steer,c011,0.14269638061523438,0.32479000091552734,0.1655537635087967,1.1996805667877197
-6.0,deploy,d,16,steer,c020,0.1009378433227539,0.35945796966552734,0.1655537635087967,1.1996805667877197
-6.0,deploy,d,16,steer,c044,0.023817062377929688,0.361328125,0.1655537635087967,1.1996805667877197
-6.0,deploy,d,16,steer,c016,0.35431480407714844,0.443450927734375,0.1655537635087967,1.1996805667877197
-6.0,deploy,d,16,steer,c056,0.4739265441894531,0.46035003662109375,0.1655537635087967,1.1996805667877197
-6.0,deploy,d,16,steer,c025,0.11575508117675781,0.2937049865722656,0.1655537635087967,1.1996805667877197
-6.0,deploy,d,16,steer,c029,-0.6417818069458008,0.12020587921142578,0.1655537635087967,1.1996805667877197
-6.0,deploy,d,16,steer,c014,0.09438419342041016,0.3423423767089844,0.1655537635087967,1.1996805667877197
-6.0,deploy,d,16,steer,c002,0.15927410125732422,0.4183340072631836,0.1655537635087967,1.1996805667877197
-6.0,deploy,d,16,steer,c023,0.0807809829711914,0.3504619598388672,0.1655537635087967,1.1996805667877197
-6.0,deploy,d,16,steer,c046,0.3099050521850586,0.3722848892211914,0.1655537635087967,1.1996805667877197
-6.0,deploy,d,16,steer,c022,0.12629318237304688,0.40077972412109375,0.1655537635087967,1.1996805667877197
-6.0,deploy,d,16,steer,c050,0.38426971435546875,0.3720712661743164,0.1655537635087967,1.1996805667877197
-6.0,deploy,d,16,steer,c006,-0.3005867004394531,0.2374105453491211,0.1655537635087967,1.1996805667877197
-6.0,deploy,d,16,steer,c017,0.02127361297607422,0.2762889862060547,0.1655537635087967,1.1996805667877197
-6.0,deploy,d,16,steer,c039,-0.014176368713378906,0.13226318359375,0.1655537635087967,1.1996805667877197
-6.0,deploy,d,16,steer,c036,0.2563323974609375,0.33692073822021484,0.1655537635087967,1.1996805667877197
-6.0,deploy,d,16,steer,c009,-0.3185415267944336,0.16643810272216797,0.1655537635087967,1.1996805667877197
-6.0,deploy,d,16,steer,c000,-0.32597827911376953,0.28478336334228516,0.1655537635087967,1.1996805667877197
-6.0,deploy,d,16,steer,c013,0.18532371520996094,0.27462196350097656,0.1655537635087967,1.1996805667877197
-6.0,deploy,d,16,steer,c049,-1.244338035583496,-0.16405677795410156,0.1655537635087967,1.1996805667877197
-6.0,deploy,d,16,steer,c058,-0.3236989974975586,0.2557344436645508,0.1655537635087967,1.1996805667877197
-6.0,deploy,d,16,steer,c024,0.1604022979736328,0.4121055603027344,0.1655537635087967,1.1996805667877197
-6.0,deploy,d,16,steer,c042,-0.10878181457519531,0.36455345153808594,0.1655537635087967,1.1996805667877197
-6.0,deploy,d,16,steer,c047,0.19280624389648438,0.3945503234863281,0.1655537635087967,1.1996805667877197
-6.0,deploy,d,16,steer,c043,0.3576850891113281,0.3374300003051758,0.1655537635087967,1.1996805667877197
-6.0,deploy,d,16,steer,c003,-0.21076107025146484,0.29482364654541016,0.1655537635087967,1.1996805667877197
-6.0,deploy,d,16,steer,c041,-0.12687969207763672,0.297393798828125,0.1655537635087967,1.1996805667877197
-6.0,deploy,d,16,steer,c008,-0.4698925018310547,0.1378183364868164,0.1655537635087967,1.1996805667877197
-6.0,deploy,d,16,steer,c045,0.14758968353271484,0.32380104064941406,0.1655537635087967,1.1996805667877197
-6.0,deploy,d,16,steer,c011,0.10968875885009766,0.3260374069213867,0.1655537635087967,1.1996805667877197
-6.0,deploy,d,16,steer,c020,0.17088794708251953,0.43497657775878906,0.1655537635087967,1.1996805667877197
-6.0,deploy,d,16,steer,c044,-0.14394283294677734,0.3123655319213867,0.1655537635087967,1.1996805667877197
-6.0,deploy,d,16,steer,c016,0.27101612091064453,0.35839366912841797,0.1655537635087967,1.1996805667877197
-6.0,deploy,d,16,steer,c056,0.5444450378417969,0.3694267272949219,0.1655537635087967,1.1996805667877197
-6.0,deploy,d,16,steer,c025,0.08532333374023438,0.30965709686279297,0.1655537635087967,1.1996805667877197
-6.0,deploy,d,16,steer,c029,-0.15313434600830078,0.2528848648071289,0.1655537635087967,1.1996805667877197
-6.0,deploy,d,16,steer,c014,0.004923820495605469,0.39055728912353516,0.1655537635087967,1.1996805667877197
-6.0,deploy,d,16,steer,c002,-0.19198894500732422,0.3170633316040039,0.1655537635087967,1.1996805667877197
-6.0,deploy,d,16,steer,c023,-0.2861948013305664,0.34942626953125,0.1655537635087967,1.1996805667877197
-6.0,deploy,d,16,steer,c046,0.03924083709716797,0.3106508255004883,0.1655537635087967,1.1996805667877197
-6.0,deploy,d,16,steer,c022,0.1064615249633789,0.38448333740234375,0.1655537635087967,1.1996805667877197
-6.0,deploy,d,16,steer,c050,0.22440147399902344,0.31389713287353516,0.1655537635087967,1.1996805667877197
-6.0,eval,random,16,steer,c006,-0.24429448445638022,-0.26812871297200525,0.08696942652265231,1.4642589489618938
-6.0,eval,random,16,steer,c017,-0.10589218139648438,-0.3150215148925781,0.08696942652265231,1.4642589489618938
-6.0,eval,random,16,steer,c039,-0.3252461751302083,-0.34083016713460285,0.08696942652265231,1.4642589489618938
-6.0,eval,random,16,steer,c036,-0.3311859766642253,-0.3475786844889323,0.08696942652265231,1.4642589489618938
-6.0,eval,random,16,steer,c009,-0.38451067606608075,-0.24669043223063153,0.08696942652265231,1.4642589489618938
-6.0,eval,random,16,steer,c000,-0.12284533182779948,-0.27972666422526044,0.08696942652265231,1.4642589489618938
-6.0,eval,random,16,steer,c013,0.5446720123291016,-0.43805408477783203,0.08696942652265231,1.4642589489618938
-6.0,eval,random,16,steer,c049,0.23738733927408853,-0.3621171315511068,0.08696942652265231,1.4642589489618938
-6.0,eval,random,16,steer,c058,0.14383697509765625,-0.3572673797607422,0.08696942652265231,1.4642589489618938
-6.0,eval,random,16,steer,c024,0.060554822285970054,-0.2698504130045573,0.08696942652265231,1.4642589489618938
-6.0,eval,random,16,steer,c042,-0.015224774678548178,-0.25693734486897785,0.08696942652265231,1.4642589489618938
-6.0,eval,random,16,steer,c047,-0.011999130249023438,-0.3682394027709961,0.08696942652265231,1.4642589489618938
-6.0,eval,random,16,steer,c043,0.09310245513916016,-0.29142189025878906,0.08696942652265231,1.4642589489618938
-6.0,eval,random,16,steer,c003,-0.4704081217447917,-0.1941353480021159,0.08696942652265231,1.4642589489618938
-6.0,eval,random,16,steer,c041,0.002513249715169271,-0.3859182993570964,0.08696942652265231,1.4642589489618938
-6.0,eval,random,16,steer,c008,-0.4664115905761719,-0.2969474792480469,0.08696942652265231,1.4642589489618938
-6.0,eval,random,16,steer,c045,0.3403940200805664,-0.4036712646484375,0.08696942652265231,1.4642589489618938
-6.0,eval,random,16,steer,c011,-0.2745555241902669,-0.21393521626790363,0.08696942652265231,1.4642589489618938
-6.0,eval,random,16,steer,c020,0.41324488321940106,-0.3589328130086263,0.08696942652265231,1.4642589489618938
-6.0,eval,random,16,steer,c044,0.4810088475545247,-0.4110256830851237,0.08696942652265231,1.4642589489618938
-6.0,eval,random,16,steer,c016,-0.34569136301676434,-0.23888365427652997,0.08696942652265231,1.4642589489618938
-6.0,eval,random,16,steer,c056,0.030085245768229168,-0.3862765630086263,0.08696942652265231,1.4642589489618938
-6.0,eval,random,16,steer,c025,0.018361409505208332,-0.2577196756998698,0.08696942652265231,1.4642589489618938
-6.0,eval,random,16,steer,c029,-0.36841805775960285,-0.21642525990804035,0.08696942652265231,1.4642589489618938
-6.0,eval,random,16,steer,c014,0.04809919993082682,-0.34680970509847003,0.08696942652265231,1.4642589489618938
-6.0,eval,random,16,steer,c002,-0.3261273701985677,-0.1878064473470052,0.08696942652265231,1.4642589489618938
-6.0,eval,random,16,steer,c023,-0.22090943654378256,-0.21051438649495444,0.08696942652265231,1.4642589489618938
-6.0,eval,random,16,steer,c046,-0.04584026336669922,-0.26299571990966797,0.08696942652265231,1.4642589489618938
-6.0,eval,random,16,steer,c022,-0.1703968048095703,-0.2071247100830078,0.08696942652265231,1.4642589489618938
-6.0,eval,random,16,steer,c050,0.0769650141398112,-0.3677886327107747,0.08696942652265231,1.4642589489618938
-6.0,eval,random,16,steer,c006,-0.4400291442871094,-0.18762588500976562,0.08696942652265231,1.4642589489618938
-6.0,eval,random,16,steer,c017,0.02683417002360026,-0.383731206258138,0.08696942652265231,1.4642589489618938
-6.0,eval,random,16,steer,c039,-0.11971886952718098,-0.37485822041829425,0.08696942652265231,1.4642589489618938
-6.0,eval,random,16,steer,c036,0.06806786855061848,-0.36558787027994794,0.08696942652265231,1.4642589489618938
-6.0,eval,random,16,steer,c009,-0.3257910410563151,-0.385250727335612,0.08696942652265231,1.4642589489618938
-6.0,eval,random,16,steer,c000,-0.4801489512125651,-0.19292227427164715,0.08696942652265231,1.4642589489618938
-6.0,eval,random,16,steer,c013,-0.29717572530110675,-0.30753644307454425,0.08696942652265231,1.4642589489618938
-6.0,eval,random,16,steer,c049,-0.4288320541381836,-0.22573375701904297,0.08696942652265231,1.4642589489618938
-6.0,eval,random,16,steer,c058,-0.42673301696777344,-0.22593021392822266,0.08696942652265231,1.4642589489618938
-6.0,eval,random,16,steer,c024,-0.18430550893147787,-0.21121342976888022,0.08696942652265231,1.4642589489618938
-6.0,eval,random,16,steer,c042,-0.3165740966796875,-0.29926490783691406,0.08696942652265231,1.4642589489618938
-6.0,eval,random,16,steer,c047,-0.001861572265625,-0.25241756439208984,0.08696942652265231,1.4642589489618938
-6.0,eval,random,16,steer,c043,-0.1918827692667643,-0.2755057017008463,0.08696942652265231,1.4642589489618938
-6.0,eval,random,16,steer,c003,-0.5101820627848307,-0.24618212381998694,0.08696942652265231,1.4642589489618938
-6.0,eval,random,16,steer,c041,-0.04654916127522787,-0.3037312825520833,0.08696942652265231,1.4642589489618938
-6.0,eval,random,16,steer,c008,-0.19160143534342447,-0.2572409311930338,0.08696942652265231,1.4642589489618938
-6.0,eval,random,16,steer,c045,-0.3804677327473958,-0.27514203389485675,0.08696942652265231,1.4642589489618938
-6.0,eval,random,16,steer,c011,-0.3980264663696289,-0.2759838104248047,0.08696942652265231,1.4642589489618938
-6.0,eval,random,16,steer,c020,-0.3383064270019531,-0.18462181091308594,0.08696942652265231,1.4642589489618938
-6.0,eval,random,16,steer,c044,-0.2851448059082031,-0.2151508331298828,0.08696942652265231,1.4642589489618938
-6.0,eval,random,16,steer,c016,-0.08400694529215495,-0.26529471079508465,0.08696942652265231,1.4642589489618938
-6.0,eval,random,16,steer,c056,-0.07081031799316406,-0.298858642578125,0.08696942652265231,1.4642589489618938
-6.0,eval,random,16,steer,c025,-0.05578899383544922,-0.2240896224975586,0.08696942652265231,1.4642589489618938
-6.0,eval,random,16,steer,c029,0.07949097951253255,-0.3640829722086589,0.08696942652265231,1.4642589489618938
-6.0,eval,random,16,steer,c014,-0.4090280532836914,-0.28505992889404297,0.08696942652265231,1.4642589489618938
-6.0,eval,random,16,steer,c002,-0.2016137440999349,-0.2063897450764974,0.08696942652265231,1.4642589489618938
-6.0,eval,random,16,steer,c023,-0.039850870768229164,-0.17821280161539713,0.08696942652265231,1.4642589489618938
-6.0,eval,random,16,steer,c046,-0.02987988789876302,-0.2465670903523763,0.08696942652265231,1.4642589489618938
-6.0,eval,random,16,steer,c022,-0.11006768544514973,-0.2173341115315755,0.08696942652265231,1.4642589489618938
-6.0,eval,random,16,steer,c050,-0.2724221547444661,-0.24217828114827472,0.08696942652265231,1.4642589489618938
-4.0,eval,d,16,steer,c006,0.3221883773803711,0.2983541488647461,0.09002307057380676,1.244666337966919
-4.0,eval,d,16,steer,c017,0.5945491790771484,0.3854198455810547,0.09002307057380676,1.244666337966919
-4.0,eval,d,16,steer,c039,0.2559986114501953,0.24041461944580078,0.09002307057380676,1.244666337966919
-4.0,eval,d,16,steer,c036,0.3991842269897461,0.38279151916503906,0.09002307057380676,1.244666337966919
-4.0,eval,d,16,steer,c009,0.07538890838623047,0.2132091522216797,0.09002307057380676,1.244666337966919
-4.0,eval,d,16,steer,c000,0.4714174270629883,0.31453609466552734,0.09002307057380676,1.244666337966919
-4.0,eval,d,16,steer,c013,1.4599180221557617,0.4771919250488281,0.09002307057380676,1.244666337966919
-4.0,eval,d,16,steer,c049,0.8898868560791016,0.29038238525390625,0.09002307057380676,1.244666337966919
-4.0,eval,d,16,steer,c058,0.9454717636108398,0.4443674087524414,0.09002307057380676,1.244666337966919
-4.0,eval,d,16,steer,c024,0.7023096084594727,0.3719043731689453,0.09002307057380676,1.244666337966919
-4.0,eval,d,16,steer,c042,0.6062536239624023,0.36454105377197266,0.09002307057380676,1.244666337966919
-4.0,eval,d,16,steer,c047,0.7030725479125977,0.346832275390625,0.09002307057380676,1.244666337966919
-4.0,eval,d,16,steer,c043,0.7658700942993164,0.3813457489013672,0.09002307057380676,1.244666337966919
-4.0,eval,d,16,steer,c003,0.015366554260253906,0.2916393280029297,0.09002307057380676,1.244666337966919
-4.0,eval,d,16,steer,c041,0.6591901779174805,0.27075862884521484,0.09002307057380676,1.244666337966919
-4.0,eval,d,16,steer,c008,0.06769943237304688,0.23716354370117188,0.09002307057380676,1.244666337966919
-4.0,eval,d,16,steer,c045,1.1953239440917969,0.45125865936279297,0.09002307057380676,1.244666337966919
-4.0,eval,d,16,steer,c011,0.22284317016601562,0.2834634780883789,0.09002307057380676,1.244666337966919
-4.0,eval,d,16,steer,c020,1.262049674987793,0.4898719787597656,0.09002307057380676,1.244666337966919
-4.0,eval,d,16,steer,c044,1.335585594177246,0.44355106353759766,0.09002307057380676,1.244666337966919
-4.0,eval,d,16,steer,c016,0.20022296905517578,0.30703067779541016,0.09002307057380676,1.244666337966919
-4.0,eval,d,16,steer,c056,0.7998790740966797,0.3835172653198242,0.09002307057380676,1.244666337966919
-4.0,eval,d,16,steer,c025,0.6896600723266602,0.41357898712158203,0.09002307057380676,1.244666337966919
-4.0,eval,d,16,steer,c029,0.07699012756347656,0.22898292541503906,0.09002307057380676,1.244666337966919
-4.0,eval,d,16,steer,c014,0.7918367385864258,0.3969278335571289,0.09002307057380676,1.244666337966919
-4.0,eval,d,16,steer,c002,0.20400619506835938,0.3423271179199219,0.09002307057380676,1.244666337966919
-4.0,eval,d,16,steer,c023,0.30941295623779297,0.3198080062866211,0.09002307057380676,1.244666337966919
-4.0,eval,d,16,steer,c046,0.5747251510620117,0.35756969451904297,0.09002307057380676,1.244666337966919
-4.0,eval,d,16,steer,c022,0.3517284393310547,0.3150005340576172,0.09002307057380676,1.244666337966919
-4.0,eval,d,16,steer,c050,0.7944536209106445,0.3496999740600586,0.09002307057380676,1.244666337966919
-4.0,eval,d,16,steer,c006,0.0690317153930664,0.32143497467041016,0.09002307057380676,1.244666337966919
-4.0,eval,d,16,steer,c017,0.7259140014648438,0.31534862518310547,0.09002307057380676,1.244666337966919
-4.0,eval,d,16,steer,c039,0.5163068771362305,0.2611675262451172,0.09002307057380676,1.244666337966919
-4.0,eval,d,16,steer,c036,0.7976551055908203,0.3639993667602539,0.09002307057380676,1.244666337966919
-4.0,eval,d,16,steer,c009,0.30528926849365234,0.24582958221435547,0.09002307057380676,1.244666337966919
-4.0,eval,d,16,steer,c000,-0.015119552612304688,0.2721071243286133,0.09002307057380676,1.244666337966919
-4.0,eval,d,16,steer,c013,0.2966184616088867,0.2862577438354492,0.09002307057380676,1.244666337966919
-4.0,eval,d,16,steer,c049,0.0040740966796875,0.20717239379882812,0.09002307057380676,1.244666337966919
-4.0,eval,d,16,steer,c058,0.11743927001953125,0.31824207305908203,0.09002307057380676,1.244666337966919
-4.0,eval,d,16,steer,c024,0.38562870025634766,0.3587207794189453,0.09002307057380676,1.244666337966919
-4.0,eval,d,16,steer,c042,0.2497396469116211,0.26704883575439453,0.09002307057380676,1.244666337966919
-4.0,eval,d,16,steer,c047,0.5755281448364258,0.32497215270996094,0.09002307057380676,1.244666337966919
-4.0,eval,d,16,steer,c043,0.398590087890625,0.31496715545654297,0.09002307057380676,1.244666337966919
-4.0,eval,d,16,steer,c003,0.057229042053222656,0.3212289810180664,0.09002307057380676,1.244666337966919
-4.0,eval,d,16,steer,c041,0.6087942123413086,0.3516120910644531,0.09002307057380676,1.244666337966919
-4.0,eval,d,16,steer,c008,0.3910408020019531,0.32540130615234375,0.09002307057380676,1.244666337966919
-4.0,eval,d,16,steer,c045,0.18597888946533203,0.2913045883178711,0.09002307057380676,1.244666337966919
-4.0,eval,d,16,steer,c011,0.1597452163696289,0.2817878723144531,0.09002307057380676,1.244666337966919
-4.0,eval,d,16,steer,c020,0.20835304260253906,0.36203765869140625,0.09002307057380676,1.244666337966919
-4.0,eval,d,16,steer,c044,0.23601055145263672,0.30600452423095703,0.09002307057380676,1.244666337966919
-4.0,eval,d,16,steer,c016,0.5656471252441406,0.38435935974121094,0.09002307057380676,1.244666337966919
-4.0,eval,d,16,steer,c056,0.5854129791259766,0.3573646545410156,0.09002307057380676,1.244666337966919
-4.0,eval,d,16,steer,c025,0.4506959915161133,0.2823953628540039,0.09002307057380676,1.244666337966919
-4.0,eval,d,16,steer,c029,0.7403125762939453,0.2967386245727539,0.09002307057380676,1.244666337966919
-4.0,eval,d,16,steer,c014,0.11943721771240234,0.24340534210205078,0.09002307057380676,1.244666337966919
-4.0,eval,d,16,steer,c002,0.29527950286865234,0.29050350189208984,0.09002307057380676,1.244666337966919
-4.0,eval,d,16,steer,c023,0.46475887298583984,0.3263969421386719,0.09002307057380676,1.244666337966919
-4.0,eval,d,16,steer,c046,0.5892601013183594,0.3725728988647461,0.09002307057380676,1.244666337966919
-4.0,eval,d,16,steer,c022,0.46674537658691406,0.3594789505004883,0.09002307057380676,1.244666337966919
-4.0,eval,d,16,steer,c050,0.2820301055908203,0.3122739791870117,0.09002307057380676,1.244666337966919
-4.0,deploy,d,16,steer,c006,-0.13742351531982422,0.2590208053588867,0.07963383942842484,1.25455904006958
-4.0,deploy,d,16,steer,c017,0.16375160217285156,0.3376016616821289,0.07963383942842484,1.25455904006958
-4.0,deploy,d,16,steer,c039,0.14813709259033203,0.23741436004638672,0.07963383942842484,1.25455904006958
-4.0,deploy,d,16,steer,c036,0.35680580139160156,0.3925666809082031,0.07963383942842484,1.25455904006958
-4.0,deploy,d,16,steer,c009,-0.4164762496948242,0.11758708953857422,0.07963383942842484,1.25455904006958
-4.0,deploy,d,16,steer,c000,-0.14509296417236328,0.24677467346191406,0.07963383942842484,1.25455904006958
-4.0,deploy,d,16,steer,c013,0.20433807373046875,0.2850627899169922,0.07963383942842484,1.25455904006958
-4.0,deploy,d,16,steer,c049,-0.5513210296630859,0.010258674621582031,0.07963383942842484,1.25455904006958
-4.0,deploy,d,16,steer,c058,-0.423095703125,0.17833805084228516,0.07963383942842484,1.25455904006958
-4.0,deploy,d,16,steer,c024,-0.12934494018554688,0.2671947479248047,0.07963383942842484,1.25455904006958
-4.0,deploy,d,16,steer,c042,-0.2824440002441406,0.2806425094604492,0.07963383942842484,1.25455904006958
-4.0,deploy,d,16,steer,c047,0.26878833770751953,0.30697059631347656,0.07963383942842484,1.25455904006958
-4.0,deploy,d,16,steer,c043,-0.08647537231445312,0.2309856414794922,0.07963383942842484,1.25455904006958
-4.0,deploy,d,16,steer,c003,-0.5312471389770508,0.23280715942382812,0.07963383942842484,1.25455904006958
-4.0,deploy,d,16,steer,c041,0.22003650665283203,0.31381797790527344,0.07963383942842484,1.25455904006958
-4.0,deploy,d,16,steer,c008,-0.10060596466064453,0.24239349365234375,0.07963383942842484,1.25455904006958
-4.0,deploy,d,16,steer,c045,-0.4299182891845703,0.24311447143554688,0.07963383942842484,1.25455904006958
-4.0,deploy,d,16,steer,c011,0.11483001708984375,0.2969236373901367,0.07963383942842484,1.25455904006958
-4.0,deploy,d,16,steer,c020,0.04741096496582031,0.30593109130859375,0.07963383942842484,1.25455904006958
-4.0,deploy,d,16,steer,c044,-0.015564918518066406,0.3219461441040039,0.07963383942842484,1.25455904006958
-4.0,deploy,d,16,steer,c016,0.26576900482177734,0.3549051284790039,0.07963383942842484,1.25455904006958
-4.0,deploy,d,16,steer,c056,0.4098224639892578,0.39624595642089844,0.07963383942842484,1.25455904006958
-4.0,deploy,d,16,steer,c025,0.080474853515625,0.2584247589111328,0.07963383942842484,1.25455904006958
-4.0,deploy,d,16,steer,c029,-0.6466503143310547,0.11533737182617188,0.07963383942842484,1.25455904006958
-4.0,deploy,d,16,steer,c014,0.04466819763183594,0.29262638092041016,0.07963383942842484,1.25455904006958
-4.0,deploy,d,16,steer,c002,0.06949901580810547,0.32855892181396484,0.07963383942842484,1.25455904006958
-4.0,deploy,d,16,steer,c023,0.031365394592285156,0.30104637145996094,0.07963383942842484,1.25455904006958
-4.0,deploy,d,16,steer,c046,0.2681560516357422,0.330535888671875,0.07963383942842484,1.25455904006958
-4.0,deploy,d,16,steer,c022,0.055450439453125,0.3299369812011719,0.07963383942842484,1.25455904006958
-4.0,deploy,d,16,steer,c050,0.3212299346923828,0.30903148651123047,0.07963383942842484,1.25455904006958
-4.0,deploy,d,16,steer,c006,-0.32504749298095703,0.2129497528076172,0.07963383942842484,1.25455904006958
-4.0,deploy,d,16,steer,c017,-0.005321502685546875,0.2496938705444336,0.07963383942842484,1.25455904006958
-4.0,deploy,d,16,steer,c039,0.00296783447265625,0.14940738677978516,0.07963383942842484,1.25455904006958
-4.0,deploy,d,16,steer,c036,0.22522354125976562,0.30581188201904297,0.07963383942842484,1.25455904006958
-4.0,deploy,d,16,steer,c009,-0.3192119598388672,0.16576766967773438,0.07963383942842484,1.25455904006958
-4.0,deploy,d,16,steer,c000,-0.3722658157348633,0.2384958267211914,0.07963383942842484,1.25455904006958
-4.0,deploy,d,16,steer,c013,0.16656112670898438,0.255859375,0.07963383942842484,1.25455904006958
-4.0,deploy,d,16,steer,c049,-1.1868658065795898,-0.10658454895019531,0.07963383942842484,1.25455904006958
-4.0,deploy,d,16,steer,c058,-0.36440372467041016,0.21502971649169922,0.07963383942842484,1.25455904006958
-4.0,deploy,d,16,steer,c024,0.08740234375,0.33910560607910156,0.07963383942842484,1.25455904006958
-4.0,deploy,d,16,steer,c042,-0.1636981964111328,0.30963706970214844,0.07963383942842484,1.25455904006958
-4.0,deploy,d,16,steer,c047,0.13092899322509766,0.3326730728149414,0.07963383942842484,1.25455904006958
-4.0,deploy,d,16,steer,c043,0.33679676055908203,0.3165416717529297,0.07963383942842484,1.25455904006958
-4.0,deploy,d,16,steer,c003,-0.25171756744384766,0.25386714935302734,0.07963383942842484,1.25455904006958
-4.0,deploy,d,16,steer,c041,-0.17726993560791016,0.24700355529785156,0.07963383942842484,1.25455904006958
-4.0,deploy,d,16,steer,c008,-0.46492576599121094,0.14278507232666016,0.07963383942842484,1.25455904006958
-4.0,deploy,d,16,steer,c045,0.12691020965576172,0.30312156677246094,0.07963383942842484,1.25455904006958
-4.0,deploy,d,16,steer,c011,0.07091236114501953,0.2872610092163086,0.07963383942842484,1.25455904006958
-4.0,deploy,d,16,steer,c020,0.08465385437011719,0.3487424850463867,0.07963383942842484,1.25455904006958
-4.0,deploy,d,16,steer,c044,-0.1834115982055664,0.27289676666259766,0.07963383942842484,1.25455904006958
-4.0,deploy,d,16,steer,c016,0.22346019744873047,0.3108377456665039,0.07963383942842484,1.25455904006958
-4.0,deploy,d,16,steer,c056,0.5212516784667969,0.3462333679199219,0.07963383942842484,1.25455904006958
-4.0,deploy,d,16,steer,c025,0.0497894287109375,0.2741231918334961,0.07963383942842484,1.25455904006958
-4.0,deploy,d,16,steer,c029,-0.1818704605102539,0.22414875030517578,0.07963383942842484,1.25455904006958
-4.0,deploy,d,16,steer,c014,-0.04492759704589844,0.34070587158203125,0.07963383942842484,1.25455904006958
-4.0,deploy,d,16,steer,c002,-0.24707698822021484,0.2619752883911133,0.07963383942842484,1.25455904006958
-4.0,deploy,d,16,steer,c023,-0.36018943786621094,0.27543163299560547,0.07963383942842484,1.25455904006958
-4.0,deploy,d,16,steer,c046,-0.013094902038574219,0.2583150863647461,0.07963383942842484,1.25455904006958
-4.0,deploy,d,16,steer,c022,0.047034263610839844,0.3250560760498047,0.07963383942842484,1.25455904006958
-4.0,deploy,d,16,steer,c050,0.1809835433959961,0.2704792022705078,0.07963383942842484,1.25455904006958
-4.0,eval,random,16,steer,c006,-0.20113817850748697,-0.22497240702311197,0.04663485040267309,1.4491920073827107
-4.0,eval,random,16,steer,c017,-0.03576246897379557,-0.2448918024698893,0.04663485040267309,1.4491920073827107
-4.0,eval,random,16,steer,c039,-0.2611382802327474,-0.2767222722371419,0.04663485040267309,1.4491920073827107
-4.0,eval,random,16,steer,c036,-0.2725528081258138,-0.2889455159505208,0.04663485040267309,1.4491920073827107
-4.0,eval,random,16,steer,c009,-0.3350350062052409,-0.19721476236979169,0.04663485040267309,1.4491920073827107
-4.0,eval,random,16,steer,c000,-0.07254536946614583,-0.22942670186360675,0.04663485040267309,1.4491920073827107
-4.0,eval,random,16,steer,c013,0.6860844294230143,-0.2966416676839193,0.04663485040267309,1.4491920073827107
-4.0,eval,random,16,steer,c049,0.3428646723429362,-0.2566397984822591,0.04663485040267309,1.4491920073827107
-4.0,eval,random,16,steer,c058,0.2439441680908203,-0.2571601867675781,0.04663485040267309,1.4491920073827107
-4.0,eval,random,16,steer,c024,0.11708990732828777,-0.21331532796223956,0.04663485040267309,1.4491920073827107
-4.0,eval,random,16,steer,c042,0.03370984395345052,-0.20800272623697916,0.04663485040267309,1.4491920073827107
-4.0,eval,random,16,steer,c047,0.07861677805582683,-0.2776234944661458,0.04663485040267309,1.4491920073827107
-4.0,eval,random,16,steer,c043,0.17436758677164713,-0.2101567586263021,0.04663485040267309,1.4491920073827107
-4.0,eval,random,16,steer,c003,-0.4647785822550456,-0.1885058085123698,0.04663485040267309,1.4491920073827107
-4.0,eval,random,16,steer,c041,0.10367457071940105,-0.28475697835286456,0.04663485040267309,1.4491920073827107
-4.0,eval,random,16,steer,c008,-0.4077037175496419,-0.2382396062215169,0.04663485040267309,1.4491920073827107
-4.0,eval,random,16,steer,c045,0.45614051818847656,-0.28792476654052734,0.04663485040267309,1.4491920073827107
-4.0,eval,random,16,steer,c011,-0.23823229471842447,-0.1776119867960612,0.04663485040267309,1.4491920073827107
-4.0,eval,random,16,steer,c020,0.5191485087076823,-0.2530291875203451,0.04663485040267309,1.4491920073827107
-4.0,eval,random,16,steer,c044,0.6205517450968424,-0.271482785542806,0.04663485040267309,1.4491920073827107
-4.0,eval,random,16,steer,c016,-0.3196217219034831,-0.21281401316324872,0.04663485040267309,1.4491920073827107
-4.0,eval,random,16,steer,c056,0.1108843485514323,-0.30547746022542316,0.04663485040267309,1.4491920073827107
-4.0,eval,random,16,steer,c025,0.06825923919677734,-0.20782184600830078,0.04663485040267309,1.4491920073827107
-4.0,eval,random,16,steer,c029,-0.33284473419189453,-0.18085193634033203,0.04663485040267309,1.4491920073827107
-4.0,eval,random,16,steer,c014,0.14487679799397787,-0.250032107035319,0.04663485040267309,1.4491920073827107
-4.0,eval,random,16,steer,c002,-0.32776228586832684,-0.18944136301676434,0.04663485040267309,1.4491920073827107
-4.0,eval,random,16,steer,c023,-0.1939264933268229,-0.18353144327799478,0.04663485040267309,1.4491920073827107
-4.0,eval,random,16,steer,c046,0.0054925282796223955,-0.21166292826334634,0.04663485040267309,1.4491920073827107
-4.0,eval,random,16,steer,c022,-0.13184611002604166,-0.16857401529947916,0.04663485040267309,1.4491920073827107
-4.0,eval,random,16,steer,c050,0.16442203521728516,-0.2803316116333008,0.04663485040267309,1.4491920073827107
-4.0,eval,random,16,steer,c006,-0.43920167287190753,-0.18679841359456378,0.04663485040267309,1.4491920073827107
-4.0,eval,random,16,steer,c017,0.12868213653564453,-0.28188323974609375,0.04663485040267309,1.4491920073827107
-4.0,eval,random,16,steer,c039,-0.026925404866536457,-0.2820647557576497,0.04663485040267309,1.4491920073827107
-4.0,eval,random,16,steer,c036,0.15533860524495444,-0.27831713358561194,0.04663485040267309,1.4491920073827107
-4.0,eval,random,16,steer,c009,-0.2365261713663737,-0.29598585764567054,0.04663485040267309,1.4491920073827107
-4.0,eval,random,16,steer,c000,-0.47290611267089844,-0.18567943572998047,0.04663485040267309,1.4491920073827107
-4.0,eval,random,16,steer,c013,-0.23858133951822916,-0.24894205729166666,0.04663485040267309,1.4491920073827107
-4.0,eval,random,16,steer,c049,-0.3961404164632161,-0.1930421193440755,0.04663485040267309,1.4491920073827107
-4.0,eval,random,16,steer,c058,-0.39417680104573566,-0.19337399800618488,0.04663485040267309,1.4491920073827107
-4.0,eval,random,16,steer,c024,-0.16329415639241537,-0.19020207722981772,0.04663485040267309,1.4491920073827107
-4.0,eval,random,16,steer,c042,-0.2517191569010417,-0.23440996805826825,0.04663485040267309,1.4491920073827107
-4.0,eval,random,16,steer,c047,0.055611610412597656,-0.1949443817138672,0.04663485040267309,1.4491920073827107
-4.0,eval,random,16,steer,c043,-0.13892046610514322,-0.22254339853922525,0.04663485040267309,1.4491920073827107
-4.0,eval,random,16,steer,c003,-0.48451805114746094,-0.2205181121826172,0.04663485040267309,1.4491920073827107
-4.0,eval,random,16,steer,c041,0.03212579091389974,-0.22505633036295572,0.04663485040267309,1.4491920073827107
-4.0,eval,random,16,steer,c008,-0.1455876032511393,-0.2112270991007487,0.04663485040267309,1.4491920073827107
-4.0,eval,random,16,steer,c045,-0.33614635467529297,-0.2308206558227539,0.04663485040267309,1.4491920073827107
-4.0,eval,random,16,steer,c011,-0.3522011439005534,-0.23015848795572919,0.04663485040267309,1.4491920073827107
-4.0,eval,random,16,steer,c020,-0.34513378143310547,-0.19144916534423828,0.04663485040267309,1.4491920073827107
-4.0,eval,random,16,steer,c044,-0.25038305918375653,-0.18038908640543622,0.04663485040267309,1.4491920073827107
-4.0,eval,random,16,steer,c016,-0.04532845815022787,-0.22661622365315756,0.04663485040267309,1.4491920073827107
-4.0,eval,random,16,steer,c056,-0.011467933654785156,-0.2395162582397461,0.04663485040267309,1.4491920073827107
-4.0,eval,random,16,steer,c025,-0.010759353637695312,-0.1790599822998047,0.04663485040267309,1.4491920073827107
-4.0,eval,random,16,steer,c029,0.18411636352539062,-0.2594575881958008,0.04663485040267309,1.4491920073827107
-4.0,eval,random,16,steer,c014,-0.3528277079264323,-0.22885958353678387,0.04663485040267309,1.4491920073827107
-4.0,eval,random,16,steer,c002,-0.18062210083007812,-0.18539810180664062,0.04663485040267309,1.4491920073827107
-4.0,eval,random,16,steer,c023,-0.004542986551920573,-0.14290491739908853,0.04663485040267309,1.4491920073827107
-4.0,eval,random,16,steer,c046,0.020003000895182293,-0.196684201558431,0.04663485040267309,1.4491920073827107
-4.0,eval,random,16,steer,c022,-0.0751787821451823,-0.1824452082316081,0.04663485040267309,1.4491920073827107
-4.0,eval,random,16,steer,c050,-0.24251492818196616,-0.21227105458577475,0.04663485040267309,1.4491920073827107
-2.0,eval,d,16,steer,c006,0.2022562026977539,0.1784219741821289,0.021927451714873314,1.344472050666809
-2.0,eval,d,16,steer,c017,0.4169626235961914,0.20783329010009766,0.021927451714873314,1.344472050666809
-2.0,eval,d,16,steer,c039,0.16054439544677734,0.1449604034423828,0.021927451714873314,1.344472050666809
-2.0,eval,d,16,steer,c036,0.24384784698486328,0.22745513916015625,0.021927451714873314,1.344472050666809
-2.0,eval,d,16,steer,c009,-0.005343437194824219,0.132476806640625,0.021927451714873314,1.344472050666809
-2.0,eval,d,16,steer,c000,0.33904361724853516,0.18216228485107422,0.021927451714873314,1.344472050666809
-2.0,eval,d,16,steer,c013,1.2370595932006836,0.25433349609375,0.021927451714873314,1.344472050666809
-2.0,eval,d,16,steer,c049,0.7735147476196289,0.1740102767944336,0.021927451714873314,1.344472050666809
-2.0,eval,d,16,steer,c058,0.7414369583129883,0.24033260345458984,0.021927451714873314,1.344472050666809
-2.0,eval,d,16,steer,c024,0.5426902770996094,0.21228504180908203,0.021927451714873314,1.344472050666809
-2.0,eval,d,16,steer,c042,0.45252513885498047,0.21081256866455078,0.021927451714873314,1.344472050666809
-2.0,eval,d,16,steer,c047,0.559138298034668,0.2028980255126953,0.021927451714873314,1.344472050666809
-2.0,eval,d,16,steer,c043,0.6150655746459961,0.23054122924804688,0.021927451714873314,1.344472050666809
-2.0,eval,d,16,steer,c003,-0.10812759399414062,0.16814517974853516,0.021927451714873314,1.344472050666809
-2.0,eval,d,16,steer,c041,0.561070442199707,0.1726388931274414,0.021927451714873314,1.344472050666809
-2.0,eval,d,16,steer,c008,-0.03263378143310547,0.13683032989501953,0.021927451714873314,1.344472050666809
-2.0,eval,d,16,steer,c045,0.9962177276611328,0.2521524429321289,0.021927451714873314,1.344472050666809
-2.0,eval,d,16,steer,c011,0.10710620880126953,0.1677265167236328,0.021927451714873314,1.344472050666809
-2.0,eval,d,16,steer,c020,1.0381498336791992,0.2659721374511719,0.021927451714873314,1.344472050666809
-2.0,eval,d,16,steer,c044,1.1473140716552734,0.255279541015625,0.021927451714873314,1.344472050666809
-2.0,eval,d,16,steer,c016,0.07089519500732422,0.1777029037475586,0.021927451714873314,1.344472050666809
-2.0,eval,d,16,steer,c056,0.6502103805541992,0.23384857177734375,0.021927451714873314,1.344472050666809
-2.0,eval,d,16,steer,c025,0.5100536346435547,0.23397254943847656,0.021927451714873314,1.344472050666809
-2.0,eval,d,16,steer,c029,-0.014916419982910156,0.13707637786865234,0.021927451714873314,1.344472050666809
-2.0,eval,d,16,steer,c014,0.6268510818481445,0.23194217681884766,0.021927451714873314,1.344472050666809
-2.0,eval,d,16,steer,c002,0.05340766906738281,0.1917285919189453,0.021927451714873314,1.344472050666809
-2.0,eval,d,16,steer,c023,0.17049026489257812,0.18088531494140625,0.021927451714873314,1.344472050666809
-2.0,eval,d,16,steer,c046,0.41724395751953125,0.2000885009765625,0.021927451714873314,1.344472050666809
-2.0,eval,d,16,steer,c022,0.20956993103027344,0.17284202575683594,0.021927451714873314,1.344472050666809
-2.0,eval,d,16,steer,c050,0.644963264465332,0.2002096176147461,0.021927451714873314,1.344472050666809
-2.0,eval,d,16,steer,c006,-0.07076263427734375,0.181640625,0.021927451714873314,1.344472050666809
-2.0,eval,d,16,steer,c017,0.5943317413330078,0.18376636505126953,0.021927451714873314,1.344472050666809
-2.0,eval,d,16,steer,c039,0.4146881103515625,0.15954875946044922,0.021927451714873314,1.344472050666809
-2.0,eval,d,16,steer,c036,0.653472900390625,0.2198171615600586,0.021927451714873314,1.344472050666809
-2.0,eval,d,16,steer,c009,0.21759605407714844,0.15813636779785156,0.021927451714873314,1.344472050666809
-2.0,eval,d,16,steer,c000,-0.13161849975585938,0.1556081771850586,0.021927451714873314,1.344472050666809
-2.0,eval,d,16,steer,c013,0.1799945831298828,0.1696338653564453,0.021927451714873314,1.344472050666809
-2.0,eval,d,16,steer,c049,-0.07299613952636719,0.13010215759277344,0.021927451714873314,1.344472050666809
-2.0,eval,d,16,steer,c058,-0.024347305297851562,0.17645549774169922,0.021927451714873314,1.344472050666809
-2.0,eval,d,16,steer,c024,0.2389993667602539,0.21209144592285156,0.021927451714873314,1.344472050666809
-2.0,eval,d,16,steer,c042,0.14403820037841797,0.1613473892211914,0.021927451714873314,1.344472050666809
-2.0,eval,d,16,steer,c047,0.44298648834228516,0.1924304962158203,0.021927451714873314,1.344472050666809
-2.0,eval,d,16,steer,c043,0.2760162353515625,0.19239330291748047,0.021927451714873314,1.344472050666809
-2.0,eval,d,16,steer,c003,-0.0800180435180664,0.18398189544677734,0.021927451714873314,1.344472050666809
-2.0,eval,d,16,steer,c041,0.4614267349243164,0.20424461364746094,0.021927451714873314,1.344472050666809
-2.0,eval,d,16,steer,c008,0.24479961395263672,0.17916011810302734,0.021927451714873314,1.344472050666809
-2.0,eval,d,16,steer,c045,0.07137489318847656,0.17670059204101562,0.021927451714873314,1.344472050666809
-2.0,eval,d,16,steer,c011,0.04635906219482422,0.16840171813964844,0.021927451714873314,1.344472050666809
-2.0,eval,d,16,steer,c020,0.04839897155761719,0.20208358764648438,0.021927451714873314,1.344472050666809
-2.0,eval,d,16,steer,c044,0.10997676849365234,0.17997074127197266,0.021927451714873314,1.344472050666809
-2.0,eval,d,16,steer,c016,0.4033393859863281,0.22205162048339844,0.021927451714873314,1.344472050666809
-2.0,eval,d,16,steer,c056,0.44348621368408203,0.2154378890991211,0.021927451714873314,1.344472050666809
-2.0,eval,d,16,steer,c025,0.33681392669677734,0.16851329803466797,0.021927451714873314,1.344472050666809
-2.0,eval,d,16,steer,c029,0.6196861267089844,0.17611217498779297,0.021927451714873314,1.344472050666809
-2.0,eval,d,16,steer,c014,0.020966529846191406,0.14493465423583984,0.021927451714873314,1.344472050666809
-2.0,eval,d,16,steer,c002,0.1690521240234375,0.164276123046875,0.021927451714873314,1.344472050666809
-2.0,eval,d,16,steer,c023,0.3270692825317383,0.1887073516845703,0.021927451714873314,1.344472050666809
-2.0,eval,d,16,steer,c046,0.4259452819824219,0.2092580795288086,0.021927451714873314,1.344472050666809
-2.0,eval,d,16,steer,c022,0.30905628204345703,0.20178985595703125,0.021927451714873314,1.344472050666809
-2.0,eval,d,16,steer,c050,0.14255619049072266,0.17280006408691406,0.021927451714873314,1.344472050666809
-2.0,deploy,d,16,steer,c006,-0.2437887191772461,0.15265560150146484,0.01979249157011509,1.330354928970337
-2.0,deploy,d,16,steer,c017,0.01980304718017578,0.19365310668945312,0.01979249157011509,1.330354928970337
-2.0,deploy,d,16,steer,c039,0.055461883544921875,0.14473915100097656,0.01979249157011509,1.330354928970337
-2.0,deploy,d,16,steer,c036,0.1885852813720703,0.22434616088867188,0.01979249157011509,1.330354928970337
-2.0,deploy,d,16,steer,c009,-0.4554100036621094,0.07865333557128906,0.01979249157011509,1.330354928970337
-2.0,deploy,d,16,steer,c000,-0.25167274475097656,0.14019489288330078,0.01979249157011509,1.330354928970337
-2.0,deploy,d,16,steer,c013,0.08090972900390625,0.1616344451904297,0.01979249157011509,1.330354928970337
-2.0,deploy,d,16,steer,c049,-0.5399799346923828,0.021599769592285156,0.01979249157011509,1.330354928970337
-2.0,deploy,d,16,steer,c058,-0.5044584274291992,0.09697532653808594,0.01979249157011509,1.330354928970337
-2.0,deploy,d,16,steer,c024,-0.2362384796142578,0.16030120849609375,0.01979249157011509,1.330354928970337
-2.0,deploy,d,16,steer,c042,-0.40520668029785156,0.15787982940673828,0.01979249157011509,1.330354928970337
-2.0,deploy,d,16,steer,c047,0.14763450622558594,0.18581676483154297,0.01979249157011509,1.330354928970337
-2.0,deploy,d,16,steer,c043,-0.174468994140625,0.1429920196533203,0.01979249157011509,1.330354928970337
-2.0,deploy,d,16,steer,c003,-0.6361665725708008,0.12788772583007812,0.01979249157011509,1.330354928970337
-2.0,deploy,d,16,steer,c041,0.09348011016845703,0.18726158142089844,0.01979249157011509,1.330354928970337
-2.0,deploy,d,16,steer,c008,-0.20238399505615234,0.14061546325683594,0.01979249157011509,1.330354928970337
-2.0,deploy,d,16,steer,c045,-0.5293388366699219,0.1436939239501953,0.01979249157011509,1.330354928970337
-2.0,deploy,d,16,steer,c011,-0.0077056884765625,0.17438793182373047,0.01979249157011509,1.330354928970337
-2.0,deploy,d,16,steer,c020,-0.0845184326171875,0.17400169372558594,0.01979249157011509,1.330354928970337
-2.0,deploy,d,16,steer,c044,-0.14757633209228516,0.18993473052978516,0.01979249157011509,1.330354928970337
-2.0,deploy,d,16,steer,c016,0.10387897491455078,0.19301509857177734,0.01979249157011509,1.330354928970337
-2.0,deploy,d,16,steer,c056,0.24485301971435547,0.2312765121459961,0.01979249157011509,1.330354928970337
-2.0,deploy,d,16,steer,c025,-0.025259971618652344,0.15268993377685547,0.01979249157011509,1.330354928970337
-2.0,deploy,d,16,steer,c029,-0.6891088485717773,0.07287883758544922,0.01979249157011509,1.330354928970337
-2.0,deploy,d,16,steer,c014,-0.0787191390991211,0.16923904418945312,0.01979249157011509,1.330354928970337
-2.0,deploy,d,16,steer,c002,-0.08130264282226562,0.17775726318359375,0.01979249157011509,1.330354928970337
-2.0,deploy,d,16,steer,c023,-0.0944681167602539,0.17521286010742188,0.01979249157011509,1.330354928970337
-2.0,deploy,d,16,steer,c046,0.13197898864746094,0.19435882568359375,0.01979249157011509,1.330354928970337
-2.0,deploy,d,16,steer,c022,-0.0882425308227539,0.18624401092529297,0.01979249157011509,1.330354928970337
-2.0,deploy,d,16,steer,c050,0.1851339340209961,0.17293548583984375,0.01979249157011509,1.330354928970337
-2.0,deploy,d,16,steer,c006,-0.40911102294921875,0.12888622283935547,0.01979249157011509,1.330354928970337
-2.0,deploy,d,16,steer,c017,-0.10774803161621094,0.14726734161376953,0.01979249157011509,1.330354928970337
-2.0,deploy,d,16,steer,c039,-0.04621696472167969,0.10022258758544922,0.01979249157011509,1.330354928970337
-2.0,deploy,d,16,steer,c036,0.10522270202636719,0.18581104278564453,0.01979249157011509,1.330354928970337
-2.0,deploy,d,16,steer,c009,-0.3770771026611328,0.10790252685546875,0.01979249157011509,1.330354928970337
-2.0,deploy,d,16,steer,c000,-0.4732170104980469,0.1375446319580078,0.01979249157011509,1.330354928970337
-2.0,deploy,d,16,steer,c013,0.06376361846923828,0.1530618667602539,0.01979249157011509,1.330354928970337
-2.0,deploy,d,16,steer,c049,-1.1105594635009766,-0.03027820587158203,0.01979249157011509,1.330354928970337
-2.0,deploy,d,16,steer,c058,-0.45729732513427734,0.12213611602783203,0.01979249157011509,1.330354928970337
-2.0,deploy,d,16,steer,c024,-0.05991172790527344,0.19179153442382812,0.01979249157011509,1.330354928970337
-2.0,deploy,d,16,steer,c042,-0.2953357696533203,0.17799949645996094,0.01979249157011509,1.330354928970337
-2.0,deploy,d,16,steer,c047,-0.011466026306152344,0.1902780532836914,0.01979249157011509,1.330354928970337
-2.0,deploy,d,16,steer,c043,0.21651554107666016,0.1962604522705078,0.01979249157011509,1.330354928970337
-2.0,deploy,d,16,steer,c003,-0.35690784454345703,0.14867687225341797,0.01979249157011509,1.330354928970337
-2.0,deploy,d,16,steer,c041,-0.2836332321166992,0.1406402587890625,0.01979249157011509,1.330354928970337
-2.0,deploy,d,16,steer,c008,-0.5161933898925781,0.09151744842529297,0.01979249157011509,1.330354928970337
-2.0,deploy,d,16,steer,c045,0.009789466857910156,0.18600082397460938,0.01979249157011509,1.330354928970337
-2.0,deploy,d,16,steer,c011,-0.050004005432128906,0.16634464263916016,0.01979249157011509,1.330354928970337
-2.0,deploy,d,16,steer,c020,-0.07252216339111328,0.19156646728515625,0.01979249157011509,1.330354928970337
-2.0,deploy,d,16,steer,c044,-0.2941875457763672,0.16212081909179688,0.01979249157011509,1.330354928970337
-2.0,deploy,d,16,steer,c016,0.0920858383178711,0.17946338653564453,0.01979249157011509,1.330354928970337
-2.0,deploy,d,16,steer,c056,0.38826847076416016,0.21325016021728516,0.01979249157011509,1.330354928970337
-2.0,deploy,d,16,steer,c025,-0.06171703338623047,0.16261672973632812,0.01979249157011509,1.330354928970337
-2.0,deploy,d,16,steer,c029,-0.2701740264892578,0.13584518432617188,0.01979249157011509,1.330354928970337
-2.0,deploy,d,16,steer,c014,-0.18696308135986328,0.1986703872680664,0.01979249157011509,1.330354928970337
-2.0,deploy,d,16,steer,c002,-0.3598623275756836,0.14918994903564453,0.01979249157011509,1.330354928970337
-2.0,deploy,d,16,steer,c023,-0.48235416412353516,0.15326690673828125,0.01979249157011509,1.330354928970337
-2.0,deploy,d,16,steer,c046,-0.1275472640991211,0.14386272430419922,0.01979249157011509,1.330354928970337
-2.0,deploy,d,16,steer,c022,-0.09479618072509766,0.1832256317138672,0.01979249157011509,1.330354928970337
-2.0,deploy,d,16,steer,c050,0.0648946762084961,0.1543903350830078,0.01979249157011509,1.330354928970337
-2.0,eval,random,16,steer,c006,-0.10566647847493489,-0.12950070699055988,0.01498357206583023,1.4468721946080525
-2.0,eval,random,16,steer,c017,0.07441647847493489,-0.13471285502115887,0.01498357206583023,1.4468721946080525
-2.0,eval,random,16,steer,c039,-0.1372509002685547,-0.15283489227294922,0.01498357206583023,1.4468721946080525
-2.0,eval,random,16,steer,c036,-0.14923508961995444,-0.16562779744466147,0.01498357206583023,1.4468721946080525
-2.0,eval,random,16,steer,c009,-0.24747943878173828,-0.10965919494628906,0.01498357206583023,1.4468721946080525
-2.0,eval,random,16,steer,c000,0.025604883829752605,-0.13127644856770834,0.01498357206583023,1.4468721946080525
-2.0,eval,random,16,steer,c013,0.8338743845621744,-0.14885171254475915,0.01498357206583023,1.4468721946080525
-2.0,eval,random,16,steer,c049,0.46406110127766925,-0.13544336954752606,0.01498357206583023,1.4468721946080525
-2.0,eval,random,16,steer,c058,0.36835257212320965,-0.13275178273518878,0.01498357206583023,1.4468721946080525
-2.0,eval,random,16,steer,c024,0.20916620890299478,-0.12123902638753256,0.01498357206583023,1.4468721946080525
-2.0,eval,random,16,steer,c042,0.1199642817179362,-0.12174828847249348,0.01498357206583023,1.4468721946080525
-2.0,eval,random,16,steer,c047,0.20672480265299478,-0.14951546986897787,0.01498357206583023,1.4468721946080525
-2.0,eval,random,16,steer,c043,0.2736705144246419,-0.11085383097330731,0.01498357206583023,1.4468721946080525
-2.0,eval,random,16,steer,c003,-0.3952480951944987,-0.11897532145182294,0.01498357206583023,1.4468721946080525
-2.0,eval,random,16,steer,c041,0.24019336700439453,-0.1482381820678711,0.01498357206583023,1.4468721946080525
-2.0,eval,random,16,steer,c008,-0.30118465423583984,-0.13172054290771484,0.01498357206583023,1.4468721946080525
-2.0,eval,random,16,steer,c045,0.5933399200439453,-0.1507253646850586,0.01498357206583023,1.4468721946080525
-2.0,eval,random,16,steer,c011,-0.1613581975301107,-0.1007378896077474,0.01498357206583023,1.4468721946080525
-2.0,eval,random,16,steer,c020,0.6371603012084961,-0.13501739501953125,0.01498357206583023,1.4468721946080525
-2.0,eval,random,16,steer,c044,0.7580127716064453,-0.13402175903320312,0.01498357206583023,1.4468721946080525
-2.0,eval,random,16,steer,c016,-0.23578993479410806,-0.1289822260538737,0.01498357206583023,1.4468721946080525
-2.0,eval,random,16,steer,c056,0.24691136678059897,-0.1694504419962565,0.01498357206583023,1.4468721946080525
-2.0,eval,random,16,steer,c025,0.15247726440429688,-0.12360382080078125,0.01498357206583023,1.4468721946080525
-2.0,eval,random,16,steer,c029,-0.25469493865966797,-0.10270214080810547,0.01498357206583023,1.4468721946080525
-2.0,eval,random,16,steer,c014,0.2675110499064128,-0.1273978551228841,0.01498357206583023,1.4468721946080525
-2.0,eval,random,16,steer,c002,-0.2610270182291667,-0.12270609537760419,0.01498357206583023,1.4468721946080525
-2.0,eval,random,16,steer,c023,-0.12031491597493489,-0.10991986592610677,0.01498357206583023,1.4468721946080525
-2.0,eval,random,16,steer,c046,0.09539286295572917,-0.12176259358723958,0.01498357206583023,1.4468721946080525
-2.0,eval,random,16,steer,c022,-0.06263287862141927,-0.09936078389485677,0.01498357206583023,1.4468721946080525
-2.0,eval,random,16,steer,c050,0.29206371307373047,-0.15268993377685547,0.01498357206583023,1.4468721946080525
-2.0,eval,random,16,steer,c006,-0.37342103322347003,-0.12101777394612628,0.01498357206583023,1.4468721946080525
-2.0,eval,random,16,steer,c017,0.26279131571451825,-0.14777406056722003,0.01498357206583023,1.4468721946080525
-2.0,eval,random,16,steer,c039,0.10605971018473308,-0.1490796407063802,0.01498357206583023,1.4468721946080525
-2.0,eval,random,16,steer,c036,0.281802495320638,-0.1518532435099284,0.01498357206583023,1.4468721946080525
-2.0,eval,random,16,steer,c009,-0.09807745615641277,-0.15753714243570965,0.01498357206583023,1.4468721946080525
-2.0,eval,random,16,steer,c000,-0.40399837493896484,-0.11677169799804688,0.01498357206583023,1.4468721946080525
-2.0,eval,random,16,steer,c013,-0.12765630086263022,-0.13801701863606772,0.01498357206583023,1.4468721946080525
-2.0,eval,random,16,steer,c049,-0.31568749745686847,-0.11258920033772785,0.01498357206583023,1.4468721946080525
-2.0,eval,random,16,steer,c058,-0.3124834696451823,-0.11168066660563153,0.01498357206583023,1.4468721946080525
-2.0,eval,random,16,steer,c024,-0.08875179290771484,-0.11565971374511719,0.01498357206583023,1.4468721946080525
-2.0,eval,random,16,steer,c042,-0.14303048451741537,-0.12572129567464194,0.01498357206583023,1.4468721946080525
-2.0,eval,random,16,steer,c047,0.14245923360188803,-0.10809675852457681,0.01498357206583023,1.4468721946080525
-2.0,eval,random,16,steer,c043,-0.04144922892252604,-0.12507216135660806,0.01498357206583023,1.4468721946080525
-2.0,eval,random,16,steer,c003,-0.39779090881347656,-0.1337909698486328,0.01498357206583023,1.4468721946080525
-2.0,eval,random,16,steer,c041,0.13573074340820312,-0.12145137786865234,0.01498357206583023,1.4468721946080525
-2.0,eval,random,16,steer,c008,-0.05469576517740885,-0.12033526102701822,0.01498357206583023,1.4468721946080525
-2.0,eval,random,16,steer,c045,-0.24030749003092447,-0.1349817911783854,0.01498357206583023,1.4468721946080525
-2.0,eval,random,16,steer,c011,-0.2527472178141276,-0.1307045618693034,0.01498357206583023,1.4468721946080525
-2.0,eval,random,16,steer,c020,-0.27993615468343097,-0.12625153859456378,0.01498357206583023,1.4468721946080525
-2.0,eval,random,16,steer,c044,-0.17614523569742838,-0.10615126291910806,0.01498357206583023,1.4468721946080525
-2.0,eval,random,16,steer,c016,0.04540252685546875,-0.13588523864746094,0.01498357206583023,1.4468721946080525
-2.0,eval,random,16,steer,c056,0.09134705861409505,-0.1367012659708659,0.01498357206583023,1.4468721946080525
-2.0,eval,random,16,steer,c025,0.0646677017211914,-0.10363292694091797,0.01498357206583023,1.4468721946080525
-2.0,eval,random,16,steer,c029,0.3097553253173828,-0.1338186264038086,0.01498357206583023,1.4468721946080525
-2.0,eval,random,16,steer,c014,-0.24849065144856772,-0.12452252705891928,0.01498357206583023,1.4468721946080525
-2.0,eval,random,16,steer,c002,-0.10886160532633464,-0.11363760630289714,0.01498357206583023,1.4468721946080525
-2.0,eval,random,16,steer,c023,0.053650220235188804,-0.08471171061197916,0.01498357206583023,1.4468721946080525
-2.0,eval,random,16,steer,c046,0.10304991404215495,-0.11363728841145833,0.01498357206583023,1.4468721946080525
-2.0,eval,random,16,steer,c022,-0.0026721954345703125,-0.1099386215209961,0.01498357206583023,1.4468721946080525
-2.0,eval,random,16,steer,c050,-0.15677007039388022,-0.1265261967976888,0.01498357206583023,1.4468721946080525
-1.0,eval,d,16,steer,c006,0.11809921264648438,0.09426498413085938,0.005274058319628239,1.3940221071243286
-1.0,eval,d,16,steer,c017,0.31241798400878906,0.10328865051269531,0.005274058319628239,1.3940221071243286
-1.0,eval,d,16,steer,c039,0.0925912857055664,0.07700729370117188,0.005274058319628239,1.3940221071243286
-1.0,eval,d,16,steer,c036,0.13579368591308594,0.1194009780883789,0.005274058319628239,1.3940221071243286
-1.0,eval,d,16,steer,c009,-0.06773853302001953,0.07008171081542969,0.005274058319628239,1.3940221071243286
-1.0,eval,d,16,steer,c000,0.25232982635498047,0.09544849395751953,0.005274058319628239,1.3940221071243286
-1.0,eval,d,16,steer,c013,1.1101579666137695,0.12743186950683594,0.005274058319628239,1.3940221071243286
-1.0,eval,d,16,steer,c049,0.6904258728027344,0.09092140197753906,0.005274058319628239,1.3940221071243286
-1.0,eval,d,16,steer,c058,0.6222925186157227,0.12118816375732422,0.005274058319628239,1.3940221071243286
-1.0,eval,d,16,steer,c024,0.4405097961425781,0.11010456085205078,0.005274058319628239,1.3940221071243286
-1.0,eval,d,16,steer,c042,0.3506603240966797,0.10894775390625,0.005274058319628239,1.3940221071243286
-1.0,eval,d,16,steer,c047,0.46269989013671875,0.1064596176147461,0.005274058319628239,1.3940221071243286
-1.0,eval,d,16,steer,c043,0.5067768096923828,0.1222524642944336,0.005274058319628239,1.3940221071243286
-1.0,eval,d,16,steer,c003,-0.18923568725585938,0.0870370864868164,0.005274058319628239,1.3940221071243286
-1.0,eval,d,16,steer,c041,0.4826841354370117,0.0942525863647461,0.005274058319628239,1.3940221071243286
-1.0,eval,d,16,steer,c008,-0.09887981414794922,0.07058429718017578,0.005274058319628239,1.3940221071243286
-1.0,eval,d,16,steer,c045,0.8730249404907227,0.12895965576171875,0.005274058319628239,1.3940221071243286
-1.0,eval,d,16,steer,c011,0.02567005157470703,0.08629035949707031,0.005274058319628239,1.3940221071243286
-1.0,eval,d,16,steer,c020,0.9056539535522461,0.13347625732421875,0.005274058319628239,1.3940221071243286
-1.0,eval,d,16,steer,c044,1.0240583419799805,0.13202381134033203,0.005274058319628239,1.3940221071243286
-1.0,eval,d,16,steer,c016,-0.014509201049804688,0.09229850769042969,0.005274058319628239,1.3940221071243286
-1.0,eval,d,16,steer,c056,0.5410375595092773,0.12467575073242188,0.005274058319628239,1.3940221071243286
-1.0,eval,d,16,steer,c025,0.3967561721801758,0.12067508697509766,0.005274058319628239,1.3940221071243286
-1.0,eval,d,16,steer,c029,-0.07971858978271484,0.07227420806884766,0.005274058319628239,1.3940221071243286
-1.0,eval,d,16,steer,c014,0.5161619186401367,0.12125301361083984,0.005274058319628239,1.3940221071243286
-1.0,eval,d,16,steer,c002,-0.039913177490234375,0.09840774536132812,0.005274058319628239,1.3940221071243286
-1.0,eval,d,16,steer,c023,0.08289813995361328,0.0932931900024414,0.005274058319628239,1.3940221071243286
-1.0,eval,d,16,steer,c046,0.3192739486694336,0.10211849212646484,0.005274058319628239,1.3940221071243286
-1.0,eval,d,16,steer,c022,0.12430095672607422,0.08757305145263672,0.005274058319628239,1.3940221071243286
-1.0,eval,d,16,steer,c050,0.5490522384643555,0.10429859161376953,0.005274058319628239,1.3940221071243286
-1.0,eval,d,16,steer,c006,-0.15939903259277344,0.09300422668457031,0.005274058319628239,1.3940221071243286
-1.0,eval,d,16,steer,c017,0.5057954788208008,0.0952301025390625,0.005274058319628239,1.3940221071243286
-1.0,eval,d,16,steer,c039,0.34082794189453125,0.08568859100341797,0.005274058319628239,1.3940221071243286
-1.0,eval,d,16,steer,c036,0.5496730804443359,0.11601734161376953,0.005274058319628239,1.3940221071243286
-1.0,eval,d,16,steer,c009,0.14495372772216797,0.0854940414428711,0.005274058319628239,1.3940221071243286
-1.0,eval,d,16,steer,c000,-0.20654869079589844,0.08067798614501953,0.005274058319628239,1.3940221071243286
-1.0,eval,d,16,steer,c013,0.09910297393798828,0.08874225616455078,0.005274058319628239,1.3940221071243286
-1.0,eval,d,16,steer,c049,-0.1332693099975586,0.06982898712158203,0.005274058319628239,1.3940221071243286
-1.0,eval,d,16,steer,c058,-0.11093997955322266,0.08986282348632812,0.005274058319628239,1.3940221071243286
-1.0,eval,d,16,steer,c024,0.1381664276123047,0.11125850677490234,0.005274058319628239,1.3940221071243286
-1.0,eval,d,16,steer,c042,0.06857967376708984,0.08588886260986328,0.005274058319628239,1.3940221071243286
-1.0,eval,d,16,steer,c047,0.35131263732910156,0.10075664520263672,0.005274058319628239,1.3940221071243286
-1.0,eval,d,16,steer,c043,0.18638992309570312,0.1027669906616211,0.005274058319628239,1.3940221071243286
-1.0,eval,d,16,steer,c003,-0.1687030792236328,0.09529685974121094,0.005274058319628239,1.3940221071243286
-1.0,eval,d,16,steer,c041,0.36452579498291016,0.10734367370605469,0.005274058319628239,1.3940221071243286
-1.0,eval,d,16,steer,c008,0.15659141540527344,0.09095191955566406,0.005274058319628239,1.3940221071243286
-1.0,eval,d,16,steer,c045,-0.011722564697265625,0.09360313415527344,0.005274058319628239,1.3940221071243286
-1.0,eval,d,16,steer,c011,-0.034404754638671875,0.08763790130615234,0.005274058319628239,1.3940221071243286
-1.0,eval,d,16,steer,c020,-0.050269126892089844,0.10341548919677734,0.005274058319628239,1.3940221071243286
-1.0,eval,d,16,steer,c044,0.02384662628173828,0.0938405990600586,0.005274058319628239,1.3940221071243286
-1.0,eval,d,16,steer,c016,0.2964792251586914,0.11519145965576172,0.005274058319628239,1.3940221071243286
-1.0,eval,d,16,steer,c056,0.3419618606567383,0.11391353607177734,0.005274058319628239,1.3940221071243286
-1.0,eval,d,16,steer,c025,0.2568626403808594,0.08856201171875,0.005274058319628239,1.3940221071243286
-1.0,eval,d,16,steer,c029,0.5359182357788086,0.09234428405761719,0.005274058319628239,1.3940221071243286
-1.0,eval,d,16,steer,c014,-0.048018455505371094,0.07594966888427734,0.005274058319628239,1.3940221071243286
-1.0,eval,d,16,steer,c002,0.0894317626953125,0.08465576171875,0.005274058319628239,1.3940221071243286
-1.0,eval,d,16,steer,c023,0.23604106903076172,0.09767913818359375,0.005274058319628239,1.3940221071243286
-1.0,eval,d,16,steer,c046,0.3243408203125,0.10765361785888672,0.005274058319628239,1.3940221071243286
-1.0,eval,d,16,steer,c022,0.21093177795410156,0.10366535186767578,0.005274058319628239,1.3940221071243286
-1.0,eval,d,16,steer,c050,0.058068275451660156,0.08831214904785156,0.005274058319628239,1.3940221071243286
-1.0,deploy,d,16,steer,c006,-0.3168325424194336,0.07961177825927734,0.0048029450699687,1.3728349208831787
-1.0,deploy,d,16,steer,c017,-0.07449722290039062,0.09935283660888672,0.0048029450699687,1.3728349208831787
-1.0,deploy,d,16,steer,c039,-0.011681556701660156,0.07759571075439453,0.0048029450699687,1.3728349208831787
-1.0,deploy,d,16,steer,c036,0.08089065551757812,0.11665153503417969,0.0048029450699687,1.3728349208831787
-1.0,deploy,d,16,steer,c009,-0.4913063049316406,0.04275703430175781,0.0048029450699687,1.3728349208831787
-1.0,deploy,d,16,steer,c000,-0.3198871612548828,0.07198047637939453,0.0048029450699687,1.3728349208831787
-1.0,deploy,d,16,steer,c013,0.002475738525390625,0.08320045471191406,0.0048029450699687,1.3728349208831787
-1.0,deploy,d,16,steer,c049,-0.5470037460327148,0.014575958251953125,0.0048029450699687,1.3728349208831787
-1.0,deploy,d,16,steer,c058,-0.5527877807617188,0.048645973205566406,0.0048029450699687,1.3728349208831787
-1.0,deploy,d,16,steer,c024,-0.3118009567260742,0.08473873138427734,0.0048029450699687,1.3728349208831787
-1.0,deploy,d,16,steer,c042,-0.4826192855834961,0.08046722412109375,0.0048029450699687,1.3728349208831787
-1.0,deploy,d,16,steer,c047,0.059891700744628906,0.09807395935058594,0.0048029450699687,1.3728349208831787
-1.0,deploy,d,16,steer,c043,-0.24036026000976562,0.07710075378417969,0.0048029450699687,1.3728349208831787
-1.0,deploy,d,16,steer,c003,-0.698420524597168,0.06563377380371094,0.0048029450699687,1.3728349208831787
-1.0,deploy,d,16,steer,c041,0.0045757293701171875,0.0983572006225586,0.0048029450699687,1.3728349208831787
-1.0,deploy,d,16,steer,c008,-0.26914024353027344,0.07385921478271484,0.0048029450699687,1.3728349208831787
-1.0,deploy,d,16,steer,c045,-0.5979738235473633,0.0750589370727539,0.0048029450699687,1.3728349208831787
-1.0,deploy,d,16,steer,c011,-0.09211254119873047,0.0899810791015625,0.0048029450699687,1.3728349208831787
-1.0,deploy,d,16,steer,c020,-0.16936492919921875,0.08915519714355469,0.0048029450699687,1.3728349208831787
-1.0,deploy,d,16,steer,c044,-0.23845291137695312,0.09905815124511719,0.0048029450699687,1.3728349208831787
-1.0,deploy,d,16,steer,c016,0.008629798889160156,0.09776592254638672,0.0048029450699687,1.3728349208831787
-1.0,deploy,d,16,steer,c056,0.13464736938476562,0.12107086181640625,0.0048029450699687,1.3728349208831787
-1.0,deploy,d,16,steer,c025,-0.0979318618774414,0.0800180435180664,0.0048029450699687,1.3728349208831787
-1.0,deploy,d,16,steer,c029,-0.723362922668457,0.03862476348876953,0.0048029450699687,1.3728349208831787
-1.0,deploy,d,16,steer,c014,-0.15975666046142578,0.08820152282714844,0.0048029450699687,1.3728349208831787
-1.0,deploy,d,16,steer,c002,-0.16889381408691406,0.09016609191894531,0.0048029450699687,1.3728349208831787
-1.0,deploy,d,16,steer,c023,-0.17830657958984375,0.09137439727783203,0.0048029450699687,1.3728349208831787
-1.0,deploy,d,16,steer,c046,0.039084434509277344,0.10146427154541016,0.0048029450699687,1.3728349208831787
-1.0,deploy,d,16,steer,c022,-0.17850875854492188,0.095977783203125,0.0048029450699687,1.3728349208831787
-1.0,deploy,d,16,steer,c050,0.10095691680908203,0.08875846862792969,0.0048029450699687,1.3728349208831787
-1.0,deploy,d,16,steer,c006,-0.4700155258178711,0.06798171997070312,0.0048029450699687,1.3728349208831787
-1.0,deploy,d,16,steer,c017,-0.17847633361816406,0.0765390396118164,0.0048029450699687,1.3728349208831787
-1.0,deploy,d,16,steer,c039,-0.09101104736328125,0.055428504943847656,0.0048029450699687,1.3728349208831787
-1.0,deploy,d,16,steer,c036,0.01814746856689453,0.09873580932617188,0.0048029450699687,1.3728349208831787
-1.0,deploy,d,16,steer,c009,-0.42630958557128906,0.0586700439453125,0.0048029450699687,1.3728349208831787
-1.0,deploy,d,16,steer,c000,-0.5395364761352539,0.07122516632080078,0.0048029450699687,1.3728349208831787
-1.0,deploy,d,16,steer,c013,-0.00948333740234375,0.07981491088867188,0.0048029450699687,1.3728349208831787
-1.0,deploy,d,16,steer,c049,-1.0890674591064453,-0.008786201477050781,0.0048029450699687,1.3728349208831787
-1.0,deploy,d,16,steer,c058,-0.5168046951293945,0.06262874603271484,0.0048029450699687,1.3728349208831787
-1.0,deploy,d,16,steer,c024,-0.15284252166748047,0.0988607406616211,0.0048029450699687,1.3728349208831787
-1.0,deploy,d,16,steer,c042,-0.38129520416259766,0.0920400619506836,0.0048029450699687,1.3728349208831787
-1.0,deploy,d,16,steer,c047,-0.10325813293457031,0.09848594665527344,0.0048029450699687,1.3728349208831787
-1.0,deploy,d,16,steer,c043,0.12588024139404297,0.10562515258789062,0.0048029450699687,1.3728349208831787
-1.0,deploy,d,16,steer,c003,-0.42807865142822266,0.07750606536865234,0.0048029450699687,1.3728349208831787
-1.0,deploy,d,16,steer,c041,-0.35141658782958984,0.07285690307617188,0.0048029450699687,1.3728349208831787
-1.0,deploy,d,16,steer,c008,-0.5586423873901367,0.049068450927734375,0.0048029450699687,1.3728349208831787
-1.0,deploy,d,16,steer,c045,-0.07722663879394531,0.0989847183227539,0.0048029450699687,1.3728349208831787
-1.0,deploy,d,16,steer,c011,-0.13054943084716797,0.0857992172241211,0.0048029450699687,1.3728349208831787
-1.0,deploy,d,16,steer,c020,-0.16631698608398438,0.09777164459228516,0.0048029450699687,1.3728349208831787
-1.0,deploy,d,16,steer,c044,-0.3712034225463867,0.08510494232177734,0.0048029450699687,1.3728349208831787
-1.0,deploy,d,16,steer,c016,0.0052337646484375,0.09261131286621094,0.0048029450699687,1.3728349208831787
-1.0,deploy,d,16,steer,c056,0.2891426086425781,0.11412429809570312,0.0048029450699687,1.3728349208831787
-1.0,deploy,d,16,steer,c025,-0.13938426971435547,0.08494949340820312,0.0048029450699687,1.3728349208831787
-1.0,deploy,d,16,steer,c029,-0.3337726593017578,0.07224655151367188,0.0048029450699687,1.3728349208831787
-1.0,deploy,d,16,steer,c014,-0.2822723388671875,0.10336112976074219,0.0048029450699687,1.3728349208831787
-1.0,deploy,d,16,steer,c002,-0.4320392608642578,0.07701301574707031,0.0048029450699687,1.3728349208831787
-1.0,deploy,d,16,steer,c023,-0.5567874908447266,0.07883358001708984,0.0048029450699687,1.3728349208831787
-1.0,deploy,d,16,steer,c046,-0.19828033447265625,0.07312965393066406,0.0048029450699687,1.3728349208831787
-1.0,deploy,d,16,steer,c022,-0.18436813354492188,0.09365367889404297,0.0048029450699687,1.3728349208831787
-1.0,deploy,d,16,steer,c050,-0.009928703308105469,0.07956695556640625,0.0048029450699687,1.3728349208831787
-1.0,eval,random,16,steer,c006,-0.04353777567545573,-0.06737200419108072,0.004250940711547931,1.4449456930160522
-1.0,eval,random,16,steer,c017,0.1397670110066732,-0.06936232248942056,0.004250940711547931,1.4449456930160522
-1.0,eval,random,16,steer,c039,-0.062389373779296875,-0.0779733657836914,0.004250940711547931,1.4449456930160522
-1.0,eval,random,16,steer,c036,-0.06983153025309245,-0.08622423807779948,0.004250940711547931,1.4449456930160522
-1.0,eval,random,16,steer,c009,-0.19471041361490884,-0.056890169779459626,0.004250940711547931,1.4449456930160522
-1.0,eval,random,16,steer,c000,0.08864243825276692,-0.06823889414469402,0.004250940711547931,1.4449456930160522
-1.0,eval,random,16,steer,c013,0.9085251490275065,-0.07420094807942712,0.004250940711547931,1.4449456930160522
-1.0,eval,random,16,steer,c049,0.5307916005452474,-0.06871287027994788,0.004250940711547931,1.4449456930160522
-1.0,eval,random,16,steer,c058,0.4345661799112956,-0.06653817494710285,0.004250940711547931,1.4449456930160522
-1.0,eval,random,16,steer,c024,0.2667961120605469,-0.06360912322998047,0.004250940711547931,1.4449456930160522
-1.0,eval,random,16,steer,c042,0.1771663029988607,-0.064546267191569,0.004250940711547931,1.4449456930160522
-1.0,eval,random,16,steer,c047,0.27991676330566406,-0.0763235092163086,0.004250940711547931,1.4449456930160522
-1.0,eval,random,16,steer,c043,0.3282998402913411,-0.05622450510660809,0.004250940711547931,1.4449456930160522
-1.0,eval,random,16,steer,c003,-0.340267817179362,-0.06399504343668622,0.004250940711547931,1.4449456930160522
-1.0,eval,random,16,steer,c041,0.3145300547281901,-0.0739014943440755,0.004250940711547931,1.4449456930160522
-1.0,eval,random,16,steer,c008,-0.23713016510009766,-0.06766605377197266,0.004250940711547931,1.4449456930160522
-1.0,eval,random,16,steer,c045,0.6682523091634115,-0.07581297556559241,0.004250940711547931,1.4449456930160522
-1.0,eval,random,16,steer,c011,-0.11287593841552734,-0.05225563049316406,0.004250940711547931,1.4449456930160522
-1.0,eval,random,16,steer,c020,0.7028649648030599,-0.06931273142496741,0.004250940711547931,1.4449456930160522
-1.0,eval,random,16,steer,c044,0.8257548014322916,-0.06627972920735681,0.004250940711547931,1.4449456930160522
-1.0,eval,random,16,steer,c016,-0.17598342895507812,-0.06917572021484375,0.004250940711547931,1.4449456930160522
-1.0,eval,random,16,steer,c056,0.3292624155680339,-0.0870993932088216,0.004250940711547931,1.4449456930160522
-1.0,eval,random,16,steer,c025,0.20961475372314453,-0.0664663314819336,0.004250940711547931,1.4449456930160522
-1.0,eval,random,16,steer,c029,-0.205415407816569,-0.0534226099650065,0.004250940711547931,1.4449456930160522
-1.0,eval,random,16,steer,c014,0.33206526438395184,-0.06284364064534503,0.004250940711547931,1.4449456930160522
-1.0,eval,random,16,steer,c002,-0.2048180898030599,-0.0664971669514974,0.004250940711547931,1.4449456930160522
-1.0,eval,random,16,steer,c023,-0.06884956359863281,-0.05845451354980469,0.004250940711547931,1.4449456930160522
-1.0,eval,random,16,steer,c046,0.15306377410888672,-0.06409168243408203,0.004250940711547931,1.4449456930160522
-1.0,eval,random,16,steer,c022,-0.01672808329264323,-0.053455988566080734,0.004250940711547931,1.4449456930160522
-1.0,eval,random,16,steer,c050,0.36646080017089844,-0.0782928466796875,0.004250940711547931,1.4449456930160522
-1.0,eval,random,16,steer,c006,-0.31835174560546875,-0.065948486328125,0.004250940711547931,1.4449456930160522
-1.0,eval,random,16,steer,c017,0.33596356709798175,-0.07460180918375653,0.004250940711547931,1.4449456930160522
-1.0,eval,random,16,steer,c039,0.17971293131510416,-0.07542641957600912,0.004250940711547931,1.4449456930160522
-1.0,eval,random,16,steer,c036,0.35590871175130206,-0.07774702707926434,0.004250940711547931,1.4449456930160522
-1.0,eval,random,16,steer,c009,-0.02015972137451172,-0.0796194076538086,0.004250940711547931,1.4449456930160522
-1.0,eval,random,16,steer,c000,-0.35033416748046875,-0.06310749053955078,0.004250940711547931,1.4449456930160522
-1.0,eval,random,16,steer,c013,-0.060386339823404946,-0.07074705759684244,0.004250940711547931,1.4449456930160522
-1.0,eval,random,16,steer,c049,-0.26219622294108075,-0.05909792582194012,0.004250940711547931,1.4449456930160522
-1.0,eval,random,16,steer,c058,-0.2590185801188151,-0.05821577707926434,0.004250940711547931,1.4449456930160522
-1.0,eval,random,16,steer,c024,-0.03463522593180338,-0.06154314676920573,0.004250940711547931,1.4449456930160522
-1.0,eval,random,16,steer,c042,-0.08103338877360027,-0.06372419993082683,0.004250940711547931,1.4449456930160522
-1.0,eval,random,16,steer,c047,0.19429397583007812,-0.05626201629638672,0.004250940711547931,1.4449456930160522
-1.0,eval,random,16,steer,c043,0.01891009012858073,-0.0647128423055013,0.004250940711547931,1.4449456930160522
-1.0,eval,random,16,steer,c003,-0.33513863881429035,-0.0711386998494466,0.004250940711547931,1.4449456930160522
-1.0,eval,random,16,steer,c041,0.19484933217366537,-0.062332789103190095,0.004250940711547931,1.4449456930160522
-1.0,eval,random,16,steer,c008,0.0025920867919921875,-0.06304740905761719,0.004250940711547931,1.4449456930160522
-1.0,eval,random,16,steer,c045,-0.17662429809570312,-0.07129859924316406,0.004250940711547931,1.4449456930160522
-1.0,eval,random,16,steer,c011,-0.1895106633504232,-0.06746800740559897,0.004250940711547931,1.4449456930160522
-1.0,eval,random,16,steer,c020,-0.2227055231730143,-0.06902090708414713,0.004250940711547931,1.4449456930160522
-1.0,eval,random,16,steer,c044,-0.1265099843343099,-0.05651601155598959,0.004250940711547931,1.4449456930160522
-1.0,eval,random,16,steer,c016,0.10870806376139323,-0.07257970174153645,0.004250940711547931,1.4449456930160522
-1.0,eval,random,16,steer,c056,0.15648778279622397,-0.07156054178873697,0.004250940711547931,1.4449456930160522
-1.0,eval,random,16,steer,c025,0.11346626281738281,-0.05483436584472656,0.004250940711547931,1.4449456930160522
-1.0,eval,random,16,steer,c029,0.37610530853271484,-0.06746864318847656,0.004250940711547931,1.4449456930160522
-1.0,eval,random,16,steer,c014,-0.1872415542602539,-0.06327342987060547,0.004250940711547931,1.4449456930160522
-1.0,eval,random,16,steer,c002,-0.05595620473225912,-0.06073220570882162,0.004250940711547931,1.4449456930160522
-1.0,eval,random,16,steer,c023,0.09251944224039714,-0.04584248860677083,0.004250940711547931,1.4449456930160522
-1.0,eval,random,16,steer,c046,0.1568911870320638,-0.05979601542154947,0.004250940711547931,1.4449456930160522
-1.0,eval,random,16,steer,c022,0.04800065358479818,-0.0592657725016276,0.004250940711547931,1.4449456930160522
-1.0,eval,random,16,steer,c050,-0.09706179300944011,-0.0668179194132487,0.004250940711547931,1.4449456930160522
-0.5,eval,d,16,steer,c006,0.07187557220458984,0.048041343688964844,0.001286405953578651,1.417610764503479
-0.5,eval,d,16,steer,c017,0.26023197174072266,0.051102638244628906,0.001286405953578651,1.417610764503479
-0.5,eval,d,16,steer,c039,0.05504035949707031,0.03945636749267578,0.001286405953578651,1.417610764503479
-0.5,eval,d,16,steer,c036,0.07699775695800781,0.06060504913330078,0.001286405953578651,1.417610764503479
-0.5,eval,d,16,steer,c009,-0.10213375091552734,0.035686492919921875,0.001286405953578651,1.417610764503479
-0.5,eval,d,16,steer,c000,0.20549488067626953,0.048613548278808594,0.001286405953578651,1.417610764503479
-0.5,eval,d,16,steer,c013,1.0462684631347656,0.06354236602783203,0.001286405953578651,1.417610764503479
-0.5,eval,d,16,steer,c049,0.6456527709960938,0.04614830017089844,0.001286405953578651,1.417610764503479
-0.5,eval,d,16,steer,c058,0.5616674423217773,0.060563087463378906,0.001286405953578651,1.417610764503479
-0.5,eval,d,16,steer,c024,0.3861112594604492,0.055706024169921875,0.001286405953578651,1.417610764503479
-0.5,eval,d,16,steer,c042,0.2967061996459961,0.054993629455566406,0.001286405953578651,1.417610764503479
-0.5,eval,d,16,steer,c047,0.4104585647583008,0.054218292236328125,0.001286405953578651,1.417610764503479
-0.5,eval,d,16,steer,c043,0.44704151153564453,0.06251716613769531,0.001286405953578651,1.417610764503479
-0.5,eval,d,16,steer,c003,-0.23235607147216797,0.04391670227050781,0.001286405953578651,1.417610764503479
-0.5,eval,d,16,steer,c041,0.43728065490722656,0.04884910583496094,0.001286405953578651,1.417610764503479
-0.5,eval,d,16,steer,c008,-0.13382530212402344,0.03563880920410156,0.001286405953578651,1.417610764503479
-0.5,eval,d,16,steer,c045,0.8089485168457031,0.06488323211669922,0.001286405953578651,1.417610764503479
-0.5,eval,d,16,steer,c011,-0.017255783081054688,0.043364524841308594,0.001286405953578651,1.417610764503479
-0.5,eval,d,16,steer,c020,0.83868408203125,0.06650638580322266,0.001286405953578651,1.417610764503479
-0.5,eval,d,16,steer,c044,0.9587717056274414,0.06673717498779297,0.001286405953578651,1.417610764503479
-0.5,eval,d,16,steer,c016,-0.06010246276855469,0.04670524597167969,0.001286405953578651,1.417610764503479
-0.5,eval,d,16,steer,c056,0.48026466369628906,0.0639028549194336,0.001286405953578651,1.417610764503479
-0.5,eval,d,16,steer,c025,0.33696651458740234,0.06088542938232422,0.001286405953578651,1.417610764503479
-0.5,eval,d,16,steer,c029,-0.11517715454101562,0.036815643310546875,0.001286405953578651,1.417610764503479
-0.5,eval,d,16,steer,c014,0.4565153121948242,0.061606407165527344,0.001286405953578651,1.417610764503479
-0.5,eval,d,16,steer,c002,-0.08887004852294922,0.04945087432861328,0.001286405953578651,1.417610764503479
-0.5,eval,d,16,steer,c023,0.03663825988769531,0.04703330993652344,0.001286405953578651,1.417610764503479
-0.5,eval,d,16,steer,c046,0.26843929290771484,0.051283836364746094,0.001286405953578651,1.417610764503479
-0.5,eval,d,16,steer,c022,0.08054161071777344,0.04381370544433594,0.001286405953578651,1.417610764503479
-0.5,eval,d,16,steer,c050,0.49771785736083984,0.052964210510253906,0.001286405953578651,1.417610764503479
-0.5,eval,d,16,steer,c006,-0.20579147338867188,0.046611785888671875,0.001286405953578651,1.417610764503479
-0.5,eval,d,16,steer,c017,0.45867919921875,0.04811382293701172,0.001286405953578651,1.417610764503479
-0.5,eval,d,16,steer,c039,0.2993021011352539,0.044162750244140625,0.001286405953578651,1.417610764503479
-0.5,eval,d,16,steer,c036,0.4928140640258789,0.0591583251953125,0.001286405953578651,1.417610764503479
-0.5,eval,d,16,steer,c009,0.10347366333007812,0.04401397705078125,0.001286405953578651,1.417610764503479
-0.5,eval,d,16,steer,c000,-0.24646663665771484,0.040760040283203125,0.001286405953578651,1.417610764503479
-0.5,eval,d,16,steer,c013,0.055388450622558594,0.045027732849121094,0.001286405953578651,1.417610764503479
-0.5,eval,d,16,steer,c049,-0.16727924346923828,0.035819053649902344,0.001286405953578651,1.417610764503479
-0.5,eval,d,16,steer,c058,-0.15570640563964844,0.045096397399902344,0.001286405953578651,1.417610764503479
-0.5,eval,d,16,steer,c024,0.08342933654785156,0.05652141571044922,0.001286405953578651,1.417610764503479
-0.5,eval,d,16,steer,c042,0.02668285369873047,0.043992042541503906,0.001286405953578651,1.417610764503479
-0.5,eval,d,16,steer,c047,0.3017749786376953,0.05121898651123047,0.001286405953578651,1.417610764503479
-0.5,eval,d,16,steer,c043,0.1363201141357422,0.052697181701660156,0.001286405953578651,1.417610764503479
-0.5,eval,d,16,steer,c003,-0.2159271240234375,0.04807281494140625,0.001286405953578651,1.417610764503479
-0.5,eval,d,16,steer,c041,0.31197452545166016,0.05479240417480469,0.001286405953578651,1.417610764503479
-0.5,eval,d,16,steer,c008,0.11115550994873047,0.045516014099121094,0.001286405953578651,1.417610764503479
-0.5,eval,d,16,steer,c045,-0.057567596435546875,0.04775810241699219,0.001286405953578651,1.417610764503479
-0.5,eval,d,16,steer,c011,-0.07776927947998047,0.04427337646484375,0.001286405953578651,1.417610764503479
-0.5,eval,d,16,steer,c020,-0.10175037384033203,0.051934242248535156,0.001286405953578651,1.417610764503479
-0.5,eval,d,16,steer,c044,-0.022447586059570312,0.04754638671875,0.001286405953578651,1.417610764503479
-0.5,eval,d,16,steer,c016,0.23949146270751953,0.058203697204589844,0.001286405953578651,1.417610764503479
-0.5,eval,d,16,steer,c056,0.2861442565917969,0.05809593200683594,0.001286405953578651,1.417610764503479
-0.5,eval,d,16,steer,c025,0.2133502960205078,0.04504966735839844,0.001286405953578651,1.417610764503479
-0.5,eval,d,16,steer,c029,0.49054622650146484,0.04697227478027344,0.001286405953578651,1.417610764503479
-0.5,eval,d,16,steer,c014,-0.08539390563964844,0.03857421875,0.001286405953578651,1.417610764503479
-0.5,eval,d,16,steer,c002,0.04744148254394531,0.04266548156738281,0.001286405953578651,1.417610764503479
-0.5,eval,d,16,steer,c023,0.18767833709716797,0.04931640625,0.001286405953578651,1.417610764503479
-0.5,eval,d,16,steer,c046,0.27098751068115234,0.05430030822753906,0.001286405953578651,1.417610764503479
-0.5,eval,d,16,steer,c022,0.15948200225830078,0.052215576171875,0.001286405953578651,1.417610764503479
-0.5,eval,d,16,steer,c050,0.014142036437988281,0.04438591003417969,0.001286405953578651,1.417610764503479
-0.5,deploy,d,16,steer,c006,-0.35616016387939453,0.040284156799316406,0.001175461569800973,1.3941706418991089
-0.5,deploy,d,16,steer,c017,-0.12395668029785156,0.04989337921142578,0.001175461569800973,1.3941706418991089
-0.5,deploy,d,16,steer,c039,-0.04935455322265625,0.03992271423339844,0.001175461569800973,1.3941706418991089
-0.5,deploy,d,16,steer,c036,0.02332305908203125,0.05908393859863281,0.001175461569800973,1.3941706418991089
-0.5,deploy,d,16,steer,c009,-0.5119991302490234,0.022064208984375,0.001175461569800973,1.3941706418991089
-0.5,deploy,d,16,steer,c000,-0.3557119369506836,0.03615570068359375,0.001175461569800973,1.3941706418991089
-0.5,deploy,d,16,steer,c013,-0.03883934020996094,0.0418853759765625,0.001175461569800973,1.3941706418991089
-0.5,deploy,d,16,steer,c049,-0.5534610748291016,0.008118629455566406,0.001175461569800973,1.3941706418991089
-0.5,deploy,d,16,steer,c058,-0.5772542953491211,0.024179458618164062,0.001175461569800973,1.3941706418991089
-0.5,deploy,d,16,steer,c024,-0.3533954620361328,0.04314422607421875,0.001175461569800973,1.3941706418991089
-0.5,deploy,d,16,steer,c042,-0.5228004455566406,0.04028606414794922,0.001175461569800973,1.3941706418991089
-0.5,deploy,d,16,steer,c047,0.011702537536621094,0.049884796142578125,0.001175461569800973,1.3941706418991089
-0.5,deploy,d,16,steer,c043,-0.27771472930908203,0.03974628448486328,0.001175461569800973,1.3941706418991089
-0.5,deploy,d,16,steer,c003,-0.7310361862182617,0.03301811218261719,0.001175461569800973,1.3941706418991089
-0.5,deploy,d,16,steer,c041,-0.043807029724121094,0.04997444152832031,0.001175461569800973,1.3941706418991089
-0.5,deploy,d,16,steer,c008,-0.30535221099853516,0.037647247314453125,0.001175461569800973,1.3941706418991089
-0.5,deploy,d,16,steer,c045,-0.6350078582763672,0.03802490234375,0.001175461569800973,1.3941706418991089
-0.5,deploy,d,16,steer,c011,-0.13686370849609375,0.04522991180419922,0.001175461569800973,1.3941706418991089
-0.5,deploy,d,16,steer,c020,-0.21378326416015625,0.04473686218261719,0.001175461569800973,1.3941706418991089
-0.5,deploy,d,16,steer,c044,-0.2874174118041992,0.050093650817871094,0.001175461569800973,1.3941706418991089
-0.5,deploy,d,16,steer,c016,-0.04025840759277344,0.048877716064453125,0.001175461569800973,1.3941706418991089
-0.5,deploy,d,16,steer,c056,0.07504463195800781,0.06146812438964844,0.001175461569800973,1.3941706418991089
-0.5,deploy,d,16,steer,c025,-0.1373310089111328,0.040618896484375,0.001175461569800973,1.3941706418991089
-0.5,deploy,d,16,steer,c029,-0.742375373840332,0.01961231231689453,0.001175461569800973,1.3941706418991089
-0.5,deploy,d,16,steer,c014,-0.20323848724365234,0.044719696044921875,0.001175461569800973,1.3941706418991089
-0.5,deploy,d,16,steer,c002,-0.2139148712158203,0.04514503479003906,0.001175461569800973,1.3941706418991089
-0.5,deploy,d,16,steer,c023,-0.22333145141601562,0.046349525451660156,0.001175461569800973,1.3941706418991089
-0.5,deploy,d,16,steer,c046,-0.010959625244140625,0.05142021179199219,0.001175461569800973,1.3941706418991089
-0.5,deploy,d,16,steer,c022,-0.2260904312133789,0.04839611053466797,0.001175461569800973,1.3941706418991089
-0.5,deploy,d,16,steer,c050,0.056946754455566406,0.04474830627441406,0.001175461569800973,1.3941706418991089
-0.5,deploy,d,16,steer,c006,-0.5034580230712891,0.034539222717285156,0.001175461569800973,1.3941706418991089
-0.5,deploy,d,16,steer,c017,-0.21639633178710938,0.038619041442871094,0.001175461569800973,1.3941706418991089
-0.5,deploy,d,16,steer,c039,-0.11752986907958984,0.028909683227539062,0.001175461569800973,1.3941706418991089
-0.5,deploy,d,16,steer,c036,-0.03011798858642578,0.05047035217285156,0.001175461569800973,1.3941706418991089
-0.5,deploy,d,16,steer,c009,-0.4547433853149414,0.030236244201660156,0.001175461569800973,1.3941706418991089
-0.5,deploy,d,16,steer,c000,-0.5748052597045898,0.035956382751464844,0.001175461569800973,1.3941706418991089
-0.5,deploy,d,16,steer,c013,-0.04893302917480469,0.04036521911621094,0.001175461569800973,1.3941706418991089
-0.5,deploy,d,16,steer,c049,-1.0832366943359375,-0.0029554367065429688,0.001175461569800973,1.3941706418991089
-0.5,deploy,d,16,steer,c058,-0.5479259490966797,0.03150749206542969,0.001175461569800973,1.3941706418991089
-0.5,deploy,d,16,steer,c024,-0.2018594741821289,0.049843788146972656,0.001175461569800973,1.3941706418991089
-0.5,deploy,d,16,steer,c042,-0.4269266128540039,0.046408653259277344,0.001175461569800973,1.3941706418991089
-0.5,deploy,d,16,steer,c047,-0.1520214080810547,0.04972267150878906,0.001175461569800973,1.3941706418991089
-0.5,deploy,d,16,steer,c043,0.0745840072631836,0.05432891845703125,0.001175461569800973,1.3941706418991089
-0.5,deploy,d,16,steer,c003,-0.4663410186767578,0.03924369812011719,0.001175461569800973,1.3941706418991089
-0.5,deploy,d,16,steer,c041,-0.3874349594116211,0.036838531494140625,0.001175461569800973,1.3941706418991089
-0.5,deploy,d,16,steer,c008,-0.5825815200805664,0.025129318237304688,0.001175461569800973,1.3941706418991089
-0.5,deploy,d,16,steer,c045,-0.1255664825439453,0.050644874572753906,0.001175461569800973,1.3941706418991089
-0.5,deploy,d,16,steer,c011,-0.17316532135009766,0.043183326721191406,0.001175461569800973,1.3941706418991089
-0.5,deploy,d,16,steer,c020,-0.21498680114746094,0.049101829528808594,0.001175461569800973,1.3941706418991089
-0.5,deploy,d,16,steer,c044,-0.4131355285644531,0.04317283630371094,0.001175461569800973,1.3941706418991089
-0.5,deploy,d,16,steer,c016,-0.040762901306152344,0.046614646911621094,0.001175461569800973,1.3941706418991089
-0.5,deploy,d,16,steer,c056,0.23351764678955078,0.05849933624267578,0.001175461569800973,1.3941706418991089
-0.5,deploy,d,16,steer,c025,-0.18137073516845703,0.04296302795410156,0.001175461569800973,1.3941706418991089
-0.5,deploy,d,16,steer,c029,-0.36905574798583984,0.036963462829589844,0.001175461569800973,1.3941706418991089
-0.5,deploy,d,16,steer,c014,-0.3333568572998047,0.052276611328125,0.001175461569800973,1.3941706418991089
-0.5,deploy,d,16,steer,c002,-0.47023773193359375,0.038814544677734375,0.001175461569800973,1.3941706418991089
-0.5,deploy,d,16,steer,c023,-0.5958805084228516,0.039740562438964844,0.001175461569800973,1.3941706418991089
-0.5,deploy,d,16,steer,c046,-0.2348308563232422,0.036579132080078125,0.001175461569800973,1.3941706418991089
-0.5,deploy,d,16,steer,c022,-0.23104476928710938,0.04697704315185547,0.001175461569800973,1.3941706418991089
-0.5,deploy,d,16,steer,c050,-0.049381256103515625,0.040114402770996094,0.001175461569800973,1.3941706418991089
-0.5,eval,random,16,steer,c006,-0.010279019673665365,-0.03411324818929037,0.001128370116930455,1.4429652690887451
-0.5,eval,random,16,steer,c017,0.17411041259765625,-0.0350189208984375,0.001128370116930455,1.4429652690887451
-0.5,eval,random,16,steer,c039,-0.02351220448811849,-0.039096196492513016,0.001128370116930455,1.4429652690887451
-0.5,eval,random,16,steer,c036,-0.02730401357014974,-0.043696721394856766,0.001128370116930455,1.4429652690887451
-0.5,eval,random,16,steer,c009,-0.16669082641601562,-0.028870582580566406,0.001128370116930455,1.4429652690887451
-0.5,eval,random,16,steer,c000,0.12235768636067708,-0.03452364603678386,0.001128370116930455,1.4429652690887451
-0.5,eval,random,16,steer,c013,0.9458325703938802,-0.03689352671305335,0.001128370116930455,1.4429652690887451
-0.5,eval,random,16,steer,c049,0.5650459925333658,-0.034458478291829464,0.001128370116930455,1.4429652690887451
-0.5,eval,random,16,steer,c058,0.46793142954508465,-0.033172925313313784,0.001128370116930455,1.4429652690887451
-0.5,eval,random,16,steer,c024,0.2979911168416341,-0.03241411844889325,0.001128370116930455,1.4429652690887451
-0.5,eval,random,16,steer,c042,0.20869986216227213,-0.03301270802815756,0.001128370116930455,1.4429652690887451
-0.5,eval,random,16,steer,c047,0.3178860346476237,-0.03835423787434894,0.001128370116930455,1.4429652690887451
-0.5,eval,random,16,steer,c043,0.3563435872395833,-0.028180758158365904,0.001128370116930455,1.4429652690887451
-0.5,eval,random,16,steer,c003,-0.3091112772623698,-0.03283850351969403,0.001128370116930455,1.4429652690887451
-0.5,eval,random,16,steer,c041,0.35178883870442706,-0.03664271036783856,0.001128370116930455,1.4429652690887451
-0.5,eval,random,16,steer,c008,-0.20356178283691406,-0.03409767150878906,0.001128370116930455,1.4429652690887451
-0.5,eval,random,16,steer,c045,0.7062689463297526,-0.03779633839925134,0.001128370116930455,1.4429652690887451
-0.5,eval,random,16,steer,c011,-0.08707110087076823,-0.026450792948404953,0.001128370116930455,1.4429652690887451
-0.5,eval,random,16,steer,c020,0.7372058232625326,-0.034971872965494755,0.001128370116930455,1.4429652690887451
-0.5,eval,random,16,steer,c044,0.8591944376627604,-0.03284009297688806,0.001128370116930455,1.4429652690887451
-0.5,eval,random,16,steer,c016,-0.14238643646240234,-0.03557872772216797,0.001128370116930455,1.4429652690887451
-0.5,eval,random,16,steer,c056,0.3724660873413086,-0.043895721435546875,0.001128370116930455,1.4429652690887451
-0.5,eval,random,16,steer,c025,0.24182923634847006,-0.034251848856608064,0.001128370116930455,1.4429652690887451
-0.5,eval,random,16,steer,c029,-0.17908636728922525,-0.02709356943766275,0.001128370116930455,1.4429652690887451
-0.5,eval,random,16,steer,c014,0.36391258239746094,-0.030996322631835938,0.001128370116930455,1.4429652690887451
-0.5,eval,random,16,steer,c002,-0.17254193623860678,-0.03422101338704428,0.001128370116930455,1.4429652690887451
-0.5,eval,random,16,steer,c023,-0.04034900665283203,-0.029953956604003906,0.001128370116930455,1.4429652690887451
-0.5,eval,random,16,steer,c046,0.18444538116455078,-0.03271007537841797,0.001128370116930455,1.4429652690887451
-0.5,eval,random,16,steer,c022,0.009121259053548178,-0.02760664621988932,0.001128370116930455,1.4429652690887451
-0.5,eval,random,16,steer,c050,0.4052511850992839,-0.039502461751302065,0.001128370116930455,1.4429652690887451
-0.5,eval,random,16,steer,c006,-0.28644975026448566,-0.03404649098714191,0.001128370116930455,1.4429652690887451
-0.5,eval,random,16,steer,c017,0.37326304117838544,-0.037302335103352846,0.001128370116930455,1.4429652690887451
-0.5,eval,random,16,steer,c039,0.2173639933268229,-0.037775357564290374,0.001128370116930455,1.4429652690887451
-0.5,eval,random,16,steer,c036,0.3945611317952474,-0.03909460703531903,0.001128370116930455,1.4429652690887451
-0.5,eval,random,16,steer,c009,0.019633928934733074,-0.0398257573445638,0.001128370116930455,1.4429652690887451
-0.5,eval,random,16,steer,c000,-0.3197339375813802,-0.03250726064046222,0.001128370116930455,1.4429652690887451
-0.5,eval,random,16,steer,c013,-0.025210062662760418,-0.03557078043619792,0.001128370116930455,1.4429652690887451
-0.5,eval,random,16,steer,c049,-0.23315874735514322,-0.030060450236002595,0.001128370116930455,1.4429652690887451
-0.5,eval,random,16,steer,c058,-0.2303142547607422,-0.029511451721191406,0.001128370116930455,1.4429652690887451
-0.5,eval,random,16,steer,c024,-0.004549980163574219,-0.03145790100097656,0.001128370116930455,1.4429652690887451
-0.5,eval,random,16,steer,c042,-0.04924996693929037,-0.03194077809651693,0.001128370116930455,1.4429652690887451
-0.5,eval,random,16,steer,c047,0.22194417317708334,-0.0286118189493815,0.001128370116930455,1.4429652690887451
-0.5,eval,random,16,steer,c043,0.050905863444010414,-0.03271706899007162,0.001128370116930455,1.4429652690887451
-0.5,eval,random,16,steer,c003,-0.30031903584798175,-0.036319096883138,0.001128370116930455,1.4429652690887451
-0.5,eval,random,16,steer,c041,0.22575155893961588,-0.03143056233723959,0.001128370116930455,1.4429652690887451
-0.5,eval,random,16,steer,c008,0.03351179758707682,-0.032127698262532554,0.001128370116930455,1.4429652690887451
-0.5,eval,random,16,steer,c045,-0.1417506535847982,-0.036424954732259124,0.001128370116930455,1.4429652690887451
-0.5,eval,random,16,steer,c011,-0.1560633977254232,-0.03402074178059897,0.001128370116930455,1.4429652690887451
-0.5,eval,random,16,steer,c020,-0.18937969207763672,-0.03569507598876953,0.001128370116930455,1.4429652690887451
-0.5,eval,random,16,steer,c044,-0.09900887807210286,-0.029014905293782547,0.001128370116930455,1.4429652690887451
-0.5,eval,random,16,steer,c016,0.14406967163085938,-0.03721809387207031,0.001128370116930455,1.4429652690887451
-0.5,eval,random,16,steer,c056,0.19164562225341797,-0.03640270233154297,0.001128370116930455,1.4429652690887451
-0.5,eval,random,16,steer,c025,0.1402724583943685,-0.028028170267740876,0.001128370116930455,1.4429652690887451
-0.5,eval,random,16,steer,c029,0.40978240966796875,-0.033791542053222656,0.001128370116930455,1.4429652690887451
-0.5,eval,random,16,steer,c014,-0.15568002065022787,-0.031711896260579436,0.001128370116930455,1.4429652690887451
-0.5,eval,random,16,steer,c002,-0.026319503784179688,-0.031095504760742188,0.001128370116930455,1.4429652690887451
-0.5,eval,random,16,steer,c023,0.11461035410563152,-0.023751576741536454,0.001128370116930455,1.4429652690887451
-0.5,eval,random,16,steer,c046,0.18622398376464844,-0.030463218688964844,0.001128370116930455,1.4429652690887451
-0.5,eval,random,16,steer,c022,0.07667096455891927,-0.030595461527506515,0.001128370116930455,1.4429652690887451
-0.5,eval,random,16,steer,c050,-0.06425952911376953,-0.034015655517578125,0.001128370116930455,1.4429652690887451
0.0,eval,d,16,steer,c006,0.023834228515625,0.0,0.0,1.4399968385696411
0.0,eval,d,16,steer,c017,0.20912933349609375,0.0,0.0,1.4399968385696411
0.0,eval,d,16,steer,c039,0.015583992004394531,0.0,0.0,1.4399968385696411
0.0,eval,d,16,steer,c036,0.01639270782470703,0.0,0.0,1.4399968385696411
0.0,eval,d,16,steer,c009,-0.13782024383544922,0.0,0.0,1.4399968385696411
0.0,eval,d,16,steer,c000,0.15688133239746094,0.0,0.0,1.4399968385696411
0.0,eval,d,16,steer,c013,0.9827260971069336,0.0,0.0,1.4399968385696411
0.0,eval,d,16,steer,c049,0.5995044708251953,0.0,0.0,1.4399968385696411
0.0,eval,d,16,steer,c058,0.5011043548583984,0.0,0.0,1.4399968385696411
0.0,eval,d,16,steer,c024,0.33040523529052734,0.0,0.0,1.4399968385696411
0.0,eval,d,16,steer,c042,0.2417125701904297,0.0,0.0,1.4399968385696411
0.0,eval,d,16,steer,c047,0.35624027252197266,0.0,0.0,1.4399968385696411
0.0,eval,d,16,steer,c043,0.3845243453979492,0.0,0.0,1.4399968385696411
0.0,eval,d,16,steer,c003,-0.2762727737426758,0.0,0.0,1.4399968385696411
0.0,eval,d,16,steer,c041,0.3884315490722656,0.0,0.0,1.4399968385696411
0.0,eval,d,16,steer,c008,-0.169464111328125,0.0,0.0,1.4399968385696411
0.0,eval,d,16,steer,c045,0.7440652847290039,0.0,0.0,1.4399968385696411
0.0,eval,d,16,steer,c011,-0.06062030792236328,0.0,0.0,1.4399968385696411
0.0,eval,d,16,steer,c020,0.7721776962280273,0.0,0.0,1.4399968385696411
0.0,eval,d,16,steer,c044,0.8920345306396484,0.0,0.0,1.4399968385696411
0.0,eval,d,16,steer,c016,-0.10680770874023438,0.0,0.0,1.4399968385696411
0.0,eval,d,16,steer,c056,0.41636180877685547,0.0,0.0,1.4399968385696411
0.0,eval,d,16,steer,c025,0.2760810852050781,0.0,0.0,1.4399968385696411
0.0,eval,d,16,steer,c029,-0.1519927978515625,0.0,0.0,1.4399968385696411
0.0,eval,d,16,steer,c014,0.3949089050292969,0.0,0.0,1.4399968385696411
0.0,eval,d,16,steer,c002,-0.1383209228515625,0.0,0.0,1.4399968385696411
0.0,eval,d,16,steer,c023,-0.010395050048828125,0.0,0.0,1.4399968385696411
0.0,eval,d,16,steer,c046,0.21715545654296875,0.0,0.0,1.4399968385696411
0.0,eval,d,16,steer,c022,0.0367279052734375,0.0,0.0,1.4399968385696411
0.0,eval,d,16,steer,c050,0.44475364685058594,0.0,0.0,1.4399968385696411
0.0,eval,d,16,steer,c006,-0.25240325927734375,0.0,0.0,1.4399968385696411
0.0,eval,d,16,steer,c017,0.4105653762817383,0.0,0.0,1.4399968385696411
0.0,eval,d,16,steer,c039,0.2551393508911133,0.0,0.0,1.4399968385696411
0.0,eval,d,16,steer,c036,0.4336557388305664,0.0,0.0,1.4399968385696411
0.0,eval,d,16,steer,c009,0.059459686279296875,0.0,0.0,1.4399968385696411
0.0,eval,d,16,steer,c000,-0.28722667694091797,0.0,0.0,1.4399968385696411
0.0,eval,d,16,steer,c013,0.0103607177734375,0.0,0.0,1.4399968385696411
0.0,eval,d,16,steer,c049,-0.20309829711914062,0.0,0.0,1.4399968385696411
0.0,eval,d,16,steer,c058,-0.20080280303955078,0.0,0.0,1.4399968385696411
0.0,eval,d,16,steer,c024,0.026907920837402344,0.0,0.0,1.4399968385696411
0.0,eval,d,16,steer,c042,-0.017309188842773438,0.0,0.0,1.4399968385696411
0.0,eval,d,16,steer,c047,0.25055599212646484,0.0,0.0,1.4399968385696411
0.0,eval,d,16,steer,c043,0.08362293243408203,0.0,0.0,1.4399968385696411
0.0,eval,d,16,steer,c003,-0.26399993896484375,0.0,0.0,1.4399968385696411
0.0,eval,d,16,steer,c041,0.25718212127685547,0.0,0.0,1.4399968385696411
0.0,eval,d,16,steer,c008,0.06563949584960938,0.0,0.0,1.4399968385696411
0.0,eval,d,16,steer,c045,-0.10532569885253906,0.0,0.0,1.4399968385696411
0.0,eval,d,16,steer,c011,-0.12204265594482422,0.0,0.0,1.4399968385696411
0.0,eval,d,16,steer,c020,-0.1536846160888672,0.0,0.0,1.4399968385696411
0.0,eval,d,16,steer,c044,-0.06999397277832031,0.0,0.0,1.4399968385696411
0.0,eval,d,16,steer,c016,0.1812877655029297,0.0,0.0,1.4399968385696411
0.0,eval,d,16,steer,c056,0.22804832458496094,0.0,0.0,1.4399968385696411
0.0,eval,d,16,steer,c025,0.16830062866210938,0.0,0.0,1.4399968385696411
0.0,eval,d,16,steer,c029,0.4435739517211914,0.0,0.0,1.4399968385696411
0.0,eval,d,16,steer,c014,-0.12396812438964844,0.0,0.0,1.4399968385696411
0.0,eval,d,16,steer,c002,0.0047760009765625,0.0,0.0,1.4399968385696411
0.0,eval,d,16,steer,c023,0.13836193084716797,0.0,0.0,1.4399968385696411
0.0,eval,d,16,steer,c046,0.21668720245361328,0.0,0.0,1.4399968385696411
0.0,eval,d,16,steer,c022,0.10726642608642578,0.0,0.0,1.4399968385696411
0.0,eval,d,16,steer,c050,-0.030243873596191406,0.0,0.0,1.4399968385696411
0.0,deploy,d,16,steer,c006,-0.39644432067871094,0.0,0.0,1.4150861501693726
0.0,deploy,d,16,steer,c017,-0.17385005950927734,0.0,0.0,1.4150861501693726
0.0,deploy,d,16,steer,c039,-0.08927726745605469,0.0,0.0,1.4150861501693726
0.0,deploy,d,16,steer,c036,-0.03576087951660156,0.0,0.0,1.4150861501693726
0.0,deploy,d,16,steer,c009,-0.5340633392333984,0.0,0.0,1.4150861501693726
0.0,deploy,d,16,steer,c000,-0.39186763763427734,0.0,0.0,1.4150861501693726
0.0,deploy,d,16,steer,c013,-0.08072471618652344,0.0,0.0,1.4150861501693726
0.0,deploy,d,16,steer,c049,-0.561579704284668,0.0,0.0,1.4150861501693726
0.0,deploy,d,16,steer,c058,-0.6014337539672852,0.0,0.0,1.4150861501693726
0.0,deploy,d,16,steer,c024,-0.39653968811035156,0.0,0.0,1.4150861501693726
0.0,deploy,d,16,steer,c042,-0.5630865097045898,0.0,0.0,1.4150861501693726
0.0,deploy,d,16,steer,c047,-0.03818225860595703,0.0,0.0,1.4150861501693726
0.0,deploy,d,16,steer,c043,-0.3174610137939453,0.0,0.0,1.4150861501693726
0.0,deploy,d,16,steer,c003,-0.7640542984008789,0.0,0.0,1.4150861501693726
0.0,deploy,d,16,steer,c041,-0.0937814712524414,0.0,0.0,1.4150861501693726
0.0,deploy,d,16,steer,c008,-0.3429994583129883,0.0,0.0,1.4150861501693726
0.0,deploy,d,16,steer,c045,-0.6730327606201172,0.0,0.0,1.4150861501693726
0.0,deploy,d,16,steer,c011,-0.18209362030029297,0.0,0.0,1.4150861501693726
0.0,deploy,d,16,steer,c020,-0.25852012634277344,0.0,0.0,1.4150861501693726
0.0,deploy,d,16,steer,c044,-0.3375110626220703,0.0,0.0,1.4150861501693726
0.0,deploy,d,16,steer,c016,-0.08913612365722656,0.0,0.0,1.4150861501693726
0.0,deploy,d,16,steer,c056,0.013576507568359375,0.0,0.0,1.4150861501693726
0.0,deploy,d,16,steer,c025,-0.1779499053955078,0.0,0.0,1.4150861501693726
0.0,deploy,d,16,steer,c029,-0.7619876861572266,0.0,0.0,1.4150861501693726
0.0,deploy,d,16,steer,c014,-0.24795818328857422,0.0,0.0,1.4150861501693726
0.0,deploy,d,16,steer,c002,-0.2590599060058594,0.0,0.0,1.4150861501693726
0.0,deploy,d,16,steer,c023,-0.2696809768676758,0.0,0.0,1.4150861501693726
0.0,deploy,d,16,steer,c046,-0.06237983703613281,0.0,0.0,1.4150861501693726
0.0,deploy,d,16,steer,c022,-0.2744865417480469,0.0,0.0,1.4150861501693726
0.0,deploy,d,16,steer,c050,0.012198448181152344,0.0,0.0,1.4150861501693726
0.0,deploy,d,16,steer,c006,-0.5379972457885742,0.0,0.0,1.4150861501693726
0.0,deploy,d,16,steer,c017,-0.25501537322998047,0.0,0.0,1.4150861501693726
0.0,deploy,d,16,steer,c039,-0.1464395523071289,0.0,0.0,1.4150861501693726
0.0,deploy,d,16,steer,c036,-0.08058834075927734,0.0,0.0,1.4150861501693726
0.0,deploy,d,16,steer,c009,-0.48497962951660156,0.0,0.0,1.4150861501693726
0.0,deploy,d,16,steer,c000,-0.6107616424560547,0.0,0.0,1.4150861501693726
0.0,deploy,d,16,steer,c013,-0.08929824829101562,0.0,0.0,1.4150861501693726
0.0,deploy,d,16,steer,c049,-1.0802812576293945,0.0,0.0,1.4150861501693726
0.0,deploy,d,16,steer,c058,-0.5794334411621094,0.0,0.0,1.4150861501693726
0.0,deploy,d,16,steer,c024,-0.25170326232910156,0.0,0.0,1.4150861501693726
0.0,deploy,d,16,steer,c042,-0.47333526611328125,0.0,0.0,1.4150861501693726
0.0,deploy,d,16,steer,c047,-0.20174407958984375,0.0,0.0,1.4150861501693726
0.0,deploy,d,16,steer,c043,0.020255088806152344,0.0,0.0,1.4150861501693726
0.0,deploy,d,16,steer,c003,-0.505584716796875,0.0,0.0,1.4150861501693726
0.0,deploy,d,16,steer,c041,-0.4242734909057617,0.0,0.0,1.4150861501693726
0.0,deploy,d,16,steer,c008,-0.6077108383178711,0.0,0.0,1.4150861501693726
0.0,deploy,d,16,steer,c045,-0.17621135711669922,0.0,0.0,1.4150861501693726
0.0,deploy,d,16,steer,c011,-0.21634864807128906,0.0,0.0,1.4150861501693726
0.0,deploy,d,16,steer,c020,-0.26408863067626953,0.0,0.0,1.4150861501693726
0.0,deploy,d,16,steer,c044,-0.45630836486816406,0.0,0.0,1.4150861501693726
0.0,deploy,d,16,steer,c016,-0.08737754821777344,0.0,0.0,1.4150861501693726
0.0,deploy,d,16,steer,c056,0.175018310546875,0.0,0.0,1.4150861501693726
0.0,deploy,d,16,steer,c025,-0.2243337631225586,0.0,0.0,1.4150861501693726
0.0,deploy,d,16,steer,c029,-0.4060192108154297,0.0,0.0,1.4150861501693726
0.0,deploy,d,16,steer,c014,-0.3856334686279297,0.0,0.0,1.4150861501693726
0.0,deploy,d,16,steer,c002,-0.5090522766113281,0.0,0.0,1.4150861501693726
0.0,deploy,d,16,steer,c023,-0.6356210708618164,0.0,0.0,1.4150861501693726
0.0,deploy,d,16,steer,c046,-0.2714099884033203,0.0,0.0,1.4150861501693726
0.0,deploy,d,16,steer,c022,-0.27802181243896484,0.0,0.0,1.4150861501693726
0.0,deploy,d,16,steer,c050,-0.08949565887451172,0.0,0.0,1.4150861501693726
0.5,eval,d,16,steer,c006,-0.02538585662841797,-0.04922008514404297,0.0012132438132539392,1.4608930349349976
0.5,eval,d,16,steer,c017,0.1596670150756836,-0.049462318420410156,0.0012132438132539392,1.4608930349349976
0.5,eval,d,16,steer,c039,-0.02532672882080078,-0.04091072082519531,0.0012132438132539392,1.4608930349349976
0.5,eval,d,16,steer,c036,-0.04491615295410156,-0.061308860778808594,0.0012132438132539392,1.4608930349349976
0.5,eval,d,16,steer,c009,-0.17426013946533203,-0.03643989562988281,0.0012132438132539392,1.4608930349349976
0.5,eval,d,16,steer,c000,0.10714244842529297,-0.04973888397216797,0.0012132438132539392,1.4608930349349976
0.5,eval,d,16,steer,c013,0.9196882247924805,-0.06303787231445312,0.0012132438132539392,1.4608930349349976
0.5,eval,d,16,steer,c049,0.5525722503662109,-0.046932220458984375,0.0012132438132539392,1.4608930349349976
0.5,eval,d,16,steer,c058,0.4410409927368164,-0.06006336212158203,0.0012132438132539392,1.4608930349349976
0.5,eval,d,16,steer,c024,0.2738685607910156,-0.05653667449951172,0.0012132438132539392,1.4608930349349976
0.5,eval,d,16,steer,c042,0.18628787994384766,-0.05542469024658203,0.0012132438132539392,1.4608930349349976
0.5,eval,d,16,steer,c047,0.3006887435913086,-0.05555152893066406,0.0012132438132539392,1.4608930349349976
0.5,eval,d,16,steer,c043,0.3200521469116211,-0.06447219848632812,0.0012132438132539392,1.4608930349349976
0.5,eval,d,16,steer,c003,-0.3201169967651367,-0.04384422302246094,0.0012132438132539392,1.4608930349349976
0.5,eval,d,16,steer,c041,0.3366250991821289,-0.05180644989013672,0.0012132438132539392,1.4608930349349976
0.5,eval,d,16,steer,c008,-0.2053976058959961,-0.035933494567871094,0.0012132438132539392,1.4608930349349976
0.5,eval,d,16,steer,c045,0.6789150238037109,-0.06515026092529297,0.0012132438132539392,1.4608930349349976
0.5,eval,d,16,steer,c011,-0.10381603240966797,-0.04319572448730469,0.0012132438132539392,1.4608930349349976
0.5,eval,d,16,steer,c020,0.70660400390625,-0.06557369232177734,0.0012132438132539392,1.4608930349349976
0.5,eval,d,16,steer,c044,0.8245258331298828,-0.06750869750976562,0.0012132438132539392,1.4608930349349976
0.5,eval,d,16,steer,c016,-0.1537628173828125,-0.046955108642578125,0.0012132438132539392,1.4608930349349976
0.5,eval,d,16,steer,c056,0.35018444061279297,-0.0661773681640625,0.0012132438132539392,1.4608930349349976
0.5,eval,d,16,steer,c025,0.21484661102294922,-0.061234474182128906,0.0012132438132539392,1.4608930349349976
0.5,eval,d,16,steer,c029,-0.18942546844482422,-0.03743267059326172,0.0012132438132539392,1.4608930349349976
0.5,eval,d,16,steer,c014,0.3319082260131836,-0.06300067901611328,0.0012132438132539392,1.4608930349349976
0.5,eval,d,16,steer,c002,-0.18746662139892578,-0.04914569854736328,0.0012132438132539392,1.4608930349349976
0.5,eval,d,16,steer,c023,-0.057663917541503906,-0.04726886749267578,0.0012132438132539392,1.4608930349349976
0.5,eval,d,16,steer,c046,0.16598033905029297,-0.05117511749267578,0.0012132438132539392,1.4608930349349976
0.5,eval,d,16,steer,c022,-0.006480216979980469,-0.04320812225341797,0.0012132438132539392,1.4608930349349976
0.5,eval,d,16,steer,c050,0.39064788818359375,-0.05410575866699219,0.0012132438132539392,1.4608930349349976
0.5,eval,d,16,steer,c006,-0.29857826232910156,-0.04617500305175781,0.0012132438132539392,1.4608930349349976
0.5,eval,d,16,steer,c017,0.3620481491088867,-0.04851722717285156,0.0012132438132539392,1.4608930349349976
0.5,eval,d,16,steer,c039,0.2089061737060547,-0.046233177185058594,0.0012132438132539392,1.4608930349349976
0.5,eval,d,16,steer,c036,0.373016357421875,-0.060639381408691406,0.0012132438132539392,1.4608930349349976
0.5,eval,d,16,steer,c009,0.013472557067871094,-0.04598712921142578,0.0012132438132539392,1.4608930349349976
0.5,eval,d,16,steer,c000,-0.3282604217529297,-0.04103374481201172,0.0012132438132539392,1.4608930349349976
0.5,eval,d,16,steer,c013,-0.035378456115722656,-0.045739173889160156,0.0012132438132539392,1.4608930349349976
0.5,eval,d,16,steer,c049,-0.24013233184814453,-0.037034034729003906,0.0012132438132539392,1.4608930349349976
0.5,eval,d,16,steer,c058,-0.24549484252929688,-0.044692039489746094,0.0012132438132539392,1.4608930349349976
0.5,eval,d,16,steer,c024,-0.030388832092285156,-0.0572967529296875,0.0012132438132539392,1.4608930349349976
0.5,eval,d,16,steer,c042,-0.06281661987304688,-0.04550743103027344,0.0012132438132539392,1.4608930349349976
0.5,eval,d,16,steer,c047,0.1984844207763672,-0.052071571350097656,0.0012132438132539392,1.4608930349349976
0.5,eval,d,16,steer,c043,0.028817176818847656,-0.054805755615234375,0.0012132438132539392,1.4608930349349976
0.5,eval,d,16,steer,c003,-0.3121633529663086,-0.048163414001464844,0.0012132438132539392,1.4608930349349976
0.5,eval,d,16,steer,c041,0.2005443572998047,-0.05663776397705078,0.0012132438132539392,1.4608930349349976
0.5,eval,d,16,steer,c008,0.02054309844970703,-0.045096397399902344,0.0012132438132539392,1.4608930349349976
0.5,eval,d,16,steer,c045,-0.15436267852783203,-0.04903697967529297,0.0012132438132539392,1.4608930349349976
0.5,eval,d,16,steer,c011,-0.16658496856689453,-0.04454231262207031,0.0012132438132539392,1.4608930349349976
0.5,eval,d,16,steer,c020,-0.20519733428955078,-0.051512718200683594,0.0012132438132539392,1.4608930349349976
0.5,eval,d,16,steer,c044,-0.1181936264038086,-0.04819965362548828,0.0012132438132539392,1.4608930349349976
0.5,eval,d,16,steer,c016,0.1226816177368164,-0.05860614776611328,0.0012132438132539392,1.4608930349349976
0.5,eval,d,16,steer,c056,0.1683797836303711,-0.059668540954589844,0.0012132438132539392,1.4608930349349976
0.5,eval,d,16,steer,c025,0.1224966049194336,-0.04580402374267578,0.0012132438132539392,1.4608930349349976
0.5,eval,d,16,steer,c029,0.39548778533935547,-0.04808616638183594,0.0012132438132539392,1.4608930349349976
0.5,eval,d,16,steer,c014,-0.1631784439086914,-0.03921031951904297,0.0012132438132539392,1.4608930349349976
0.5,eval,d,16,steer,c002,-0.03806304931640625,-0.04283905029296875,0.0012132438132539392,1.4608930349349976
0.5,eval,d,16,steer,c023,0.0887451171875,-0.04961681365966797,0.0012132438132539392,1.4608930349349976
0.5,eval,d,16,steer,c046,0.16187572479248047,-0.05481147766113281,0.0012132438132539392,1.4608930349349976
0.5,eval,d,16,steer,c022,0.054737091064453125,-0.052529335021972656,0.0012132438132539392,1.4608930349349976
0.5,eval,d,16,steer,c050,-0.0744771957397461,-0.04423332214355469,0.0012132438132539392,1.4608930349349976
0.5,deploy,d,16,steer,c006,-0.43699169158935547,-0.04054737091064453,0.0011140150018036366,1.4352209568023682
0.5,deploy,d,16,steer,c017,-0.2232685089111328,-0.04941844940185547,0.0011140150018036366,1.4352209568023682
0.5,deploy,d,16,steer,c039,-0.13105392456054688,-0.04177665710449219,0.0011140150018036366,1.4352209568023682
0.5,deploy,d,16,steer,c036,-0.09569168090820312,-0.05993080139160156,0.0011140150018036366,1.4352209568023682
0.5,deploy,d,16,steer,c009,-0.5569553375244141,-0.022891998291015625,0.0011140150018036366,1.4352209568023682
0.5,deploy,d,16,steer,c000,-0.4277963638305664,-0.03592872619628906,0.0011140150018036366,1.4352209568023682
0.5,deploy,d,16,steer,c013,-0.12271976470947266,-0.04199504852294922,0.0011140150018036366,1.4352209568023682
0.5,deploy,d,16,steer,c049,-0.5710239410400391,-0.009444236755371094,0.0011140150018036366,1.4352209568023682
0.5,deploy,d,16,steer,c058,-0.6250009536743164,-0.02356719970703125,0.0011140150018036366,1.4352209568023682
0.5,deploy,d,16,steer,c024,-0.4406557083129883,-0.04411602020263672,0.0011140150018036366,1.4352209568023682
0.5,deploy,d,16,steer,c042,-0.6025667190551758,-0.03948020935058594,0.0011140150018036366,1.4352209568023682
0.5,deploy,d,16,steer,c047,-0.08907318115234375,-0.05089092254638672,0.0011140150018036366,1.4352209568023682
0.5,deploy,d,16,steer,c043,-0.35893726348876953,-0.04147624969482422,0.0011140150018036366,1.4352209568023682
0.5,deploy,d,16,steer,c003,-0.7967796325683594,-0.03272533416748047,0.0011140150018036366,1.4352209568023682
0.5,deploy,d,16,steer,c041,-0.14487457275390625,-0.051093101501464844,0.0011140150018036366,1.4352209568023682
0.5,deploy,d,16,steer,c008,-0.3817405700683594,-0.038741111755371094,0.0011140150018036366,1.4352209568023682
0.5,deploy,d,16,steer,c045,-0.7114076614379883,-0.038374900817871094,0.0011140150018036366,1.4352209568023682
0.5,deploy,d,16,steer,c011,-0.2269115447998047,-0.04481792449951172,0.0011140150018036366,1.4352209568023682
0.5,deploy,d,16,steer,c020,-0.30287837982177734,-0.044358253479003906,0.0011140150018036366,1.4352209568023682
0.5,deploy,d,16,steer,c044,-0.3879671096801758,-0.05045604705810547,0.0011140150018036366,1.4352209568023682
0.5,deploy,d,16,steer,c016,-0.13745880126953125,-0.04832267761230469,0.0011140150018036366,1.4352209568023682
0.5,deploy,d,16,steer,c056,-0.048915863037109375,-0.06249237060546875,0.0011140150018036366,1.4352209568023682
0.5,deploy,d,16,steer,c025,-0.21927833557128906,-0.04132843017578125,0.0011140150018036366,1.4352209568023682
0.5,deploy,d,16,steer,c029,-0.7818613052368164,-0.019873619079589844,0.0011140150018036366,1.4352209568023682
0.5,deploy,d,16,steer,c014,-0.2932014465332031,-0.045243263244628906,0.0011140150018036366,1.4352209568023682
0.5,deploy,d,16,steer,c002,-0.3039226531982422,-0.04486274719238281,0.0011140150018036366,1.4352209568023682
0.5,deploy,d,16,steer,c023,-0.3166084289550781,-0.046927452087402344,0.0011140150018036366,1.4352209568023682
0.5,deploy,d,16,steer,c046,-0.1145029067993164,-0.052123069763183594,0.0011140150018036366,1.4352209568023682
0.5,deploy,d,16,steer,c022,-0.3229236602783203,-0.04843711853027344,0.0011140150018036366,1.4352209568023682
0.5,deploy,d,16,steer,c050,-0.032703399658203125,-0.04490184783935547,0.0011140150018036366,1.4352209568023682
0.5,deploy,d,16,steer,c006,-0.5730085372924805,-0.03501129150390625,0.0011140150018036366,1.4352209568023682
0.5,deploy,d,16,steer,c017,-0.29378318786621094,-0.03876781463623047,0.0011140150018036366,1.4352209568023682
0.5,deploy,d,16,steer,c039,-0.17729568481445312,-0.03085613250732422,0.0011140150018036366,1.4352209568023682
0.5,deploy,d,16,steer,c036,-0.13262081146240234,-0.052032470703125,0.0011140150018036366,1.4352209568023682
0.5,deploy,d,16,steer,c009,-0.5164070129394531,-0.03142738342285156,0.0011140150018036366,1.4352209568023682
0.5,deploy,d,16,steer,c000,-0.6467275619506836,-0.035965919494628906,0.0011140150018036366,1.4352209568023682
0.5,deploy,d,16,steer,c013,-0.12983036041259766,-0.04053211212158203,0.0011140150018036366,1.4352209568023682
0.5,deploy,d,16,steer,c049,-1.079575538635254,0.000705718994140625,0.0011140150018036366,1.4352209568023682
0.5,deploy,d,16,steer,c058,-0.6107540130615234,-0.03132057189941406,0.0011140150018036366,1.4352209568023682
0.5,deploy,d,16,steer,c024,-0.30161571502685547,-0.049912452697753906,0.0011140150018036366,1.4352209568023682
0.5,deploy,d,16,steer,c042,-0.519719123840332,-0.04638385772705078,0.0011140150018036366,1.4352209568023682
0.5,deploy,d,16,steer,c047,-0.2516641616821289,-0.049920082092285156,0.0011140150018036366,1.4352209568023682
0.5,deploy,d,16,steer,c043,-0.03666400909423828,-0.056919097900390625,0.0011140150018036366,1.4352209568023682
0.5,deploy,d,16,steer,c003,-0.5450658798217773,-0.039481163024902344,0.0011140150018036366,1.4352209568023682
0.5,deploy,d,16,steer,c041,-0.46145057678222656,-0.037177085876464844,0.0011140150018036366,1.4352209568023682
0.5,deploy,d,16,steer,c008,-0.6337299346923828,-0.02601909637451172,0.0011140150018036366,1.4352209568023682
0.5,deploy,d,16,steer,c045,-0.22832584381103516,-0.05211448669433594,0.0011140150018036366,1.4352209568023682
0.5,deploy,d,16,steer,c011,-0.2591896057128906,-0.04284095764160156,0.0011140150018036366,1.4352209568023682
0.5,deploy,d,16,steer,c020,-0.31322574615478516,-0.049137115478515625,0.0011140150018036366,1.4352209568023682
0.5,deploy,d,16,steer,c044,-0.5000438690185547,-0.043735504150390625,0.0011140150018036366,1.4352209568023682
0.5,deploy,d,16,steer,c016,-0.13390445709228516,-0.04652690887451172,0.0011140150018036366,1.4352209568023682
0.5,deploy,d,16,steer,c056,0.11420822143554688,-0.060810089111328125,0.0011140150018036366,1.4352209568023682
0.5,deploy,d,16,steer,c025,-0.26755332946777344,-0.043219566345214844,0.0011140150018036366,1.4352209568023682
0.5,deploy,d,16,steer,c029,-0.44390296936035156,-0.037883758544921875,0.0011140150018036366,1.4352209568023682
0.5,deploy,d,16,steer,c014,-0.4381856918334961,-0.052552223205566406,0.0011140150018036366,1.4352209568023682
0.5,deploy,d,16,steer,c002,-0.5478858947753906,-0.0388336181640625,0.0011140150018036366,1.4352209568023682
0.5,deploy,d,16,steer,c023,-0.6751995086669922,-0.03957843780517578,0.0011140150018036366,1.4352209568023682
0.5,deploy,d,16,steer,c046,-0.30742359161376953,-0.03601360321044922,0.0011140150018036366,1.4352209568023682
0.5,deploy,d,16,steer,c022,-0.32450389862060547,-0.046482086181640625,0.0011140150018036366,1.4352209568023682
0.5,deploy,d,16,steer,c050,-0.12986183166503906,-0.040366172790527344,0.0011140150018036366,1.4352209568023682
0.5,eval,random,16,steer,c006,0.058155059814453125,0.034320831298828125,0.001257818463879327,1.4357904990514119
0.5,eval,random,16,steer,c017,0.24451382954915366,0.035384496053059905,0.001257818463879327,1.4357904990514119
0.5,eval,random,16,steer,c039,0.05440394083658854,0.03881994883219401,0.001257818463879327,1.4357904990514119
0.5,eval,random,16,steer,c036,0.060577710469563804,0.04418500264485677,0.001257818463879327,1.4357904990514119
0.5,eval,random,16,steer,c009,-0.1082305908203125,0.02958965301513672,0.001257818463879327,1.4357904990514119
0.5,eval,random,16,steer,c000,0.1916233698527018,0.034742037455240876,0.001257818463879327,1.4357904990514119
0.5,eval,random,16,steer,c013,1.0186770757039387,0.035950978597005134,0.001257818463879327,1.4357904990514119
0.5,eval,random,16,steer,c049,0.633734385172526,0.03422991434733069,0.001257818463879327,1.4357904990514119
0.5,eval,random,16,steer,c058,0.5337473551432291,0.03264300028483069,0.001257818463879327,1.4357904990514119
0.5,eval,random,16,steer,c024,0.36377716064453125,0.033371925354003906,0.001257818463879327,1.4357904990514119
0.5,eval,random,16,steer,c042,0.27568499247233075,0.03397242228190106,0.001257818463879327,1.4357904990514119
0.5,eval,random,16,steer,c047,0.3945252100626628,0.03828493754069012,0.001257818463879327,1.4357904990514119
0.5,eval,random,16,steer,c043,0.412445068359375,0.02792072296142578,0.001257818463879327,1.4357904990514119
0.5,eval,random,16,steer,c003,-0.24248695373535156,0.03378582000732422,0.001257818463879327,1.4357904990514119
0.5,eval,random,16,steer,c041,0.42403507232666016,0.03560352325439453,0.001257818463879327,1.4357904990514119
0.5,eval,random,16,steer,c008,-0.13509241739908853,0.03437169392903647,0.001257818463879327,1.4357904990514119
0.5,eval,random,16,steer,c045,0.7811911900838217,0.037125905354817745,0.001257818463879327,1.4357904990514119
0.5,eval,random,16,steer,c011,-0.03388754526774088,0.026732762654622398,0.001257818463879327,1.4357904990514119
0.5,eval,random,16,steer,c020,0.8073701858520508,0.03519248962402344,0.001257818463879327,1.4357904990514119
0.5,eval,random,16,steer,c044,0.9240226745605469,0.03198814392089844,0.001257818463879327,1.4357904990514119
0.5,eval,random,16,steer,c016,-0.06967798868815105,0.03712972005208333,0.001257818463879327,1.4357904990514119
0.5,eval,random,16,steer,c056,0.4603691101074219,0.044007301330566406,0.001257818463879327,1.4357904990514119
0.5,eval,random,16,steer,c025,0.31203492482503253,0.03595383961995441,0.001257818463879327,1.4357904990514119
0.5,eval,random,16,steer,c029,-0.12435372670491536,0.02763907114664714,0.001257818463879327,1.4357904990514119
0.5,eval,random,16,steer,c014,0.4246145884195964,0.029705683390299498,0.001257818463879327,1.4357904990514119
0.5,eval,random,16,steer,c002,-0.10282357533772786,0.03549734751383464,0.001257818463879327,1.4357904990514119
0.5,eval,random,16,steer,c023,0.020534197489420574,0.0309292475382487,0.001257818463879327,1.4357904990514119
0.5,eval,random,16,steer,c046,0.2507489522298177,0.03359349568684894,0.001257818463879327,1.4357904990514119
0.5,eval,random,16,steer,c022,0.06597359975179036,0.02924569447835286,0.001257818463879327,1.4357904990514119
0.5,eval,random,16,steer,c050,0.48446305592854816,0.03970940907796222,0.001257818463879327,1.4357904990514119
0.5,eval,random,16,steer,c006,-0.21680323282877603,0.03560002644856772,0.001257818463879327,1.4357904990514119
0.5,eval,random,16,steer,c017,0.4474293390909831,0.03686396280924481,0.001257818463879327,1.4357904990514119
0.5,eval,random,16,steer,c039,0.2928037643432617,0.03766441345214844,0.001257818463879327,1.4357904990514119
0.5,eval,random,16,steer,c036,0.4727312723795573,0.039075533548990904,0.001257818463879327,1.4357904990514119
0.5,eval,random,16,steer,c009,0.09883880615234375,0.039379119873046875,0.001257818463879327,1.4357904990514119
0.5,eval,random,16,steer,c000,-0.25336424509684247,0.0338624318440755,0.001257818463879327,1.4357904990514119
0.5,eval,random,16,steer,c013,0.04585838317871094,0.03549766540527344,0.001257818463879327,1.4357904990514119
0.5,eval,random,16,steer,c049,-0.1724249521891276,0.03067334493001303,0.001257818463879327,1.4357904990514119
0.5,eval,random,16,steer,c058,-0.17084376017252603,0.02995904286702475,0.001257818463879327,1.4357904990514119
0.5,eval,random,16,steer,c024,0.059254964192708336,0.03234704335530599,0.001257818463879327,1.4357904990514119
0.5,eval,random,16,steer,c042,0.014495213826497396,0.031804402669270836,0.001257818463879327,1.4357904990514119
0.5,eval,random,16,steer,c047,0.27990182240804035,0.029345830281575502,0.001257818463879327,1.4357904990514119
0.5,eval,random,16,steer,c043,0.11643250783284505,0.032809575398763016,0.001257818463879327,1.4357904990514119
0.5,eval,random,16,steer,c003,-0.22678756713867188,0.037212371826171875,0.001257818463879327,1.4357904990514119
0.5,eval,random,16,steer,c041,0.28877099355061847,0.031588872273763,0.001257818463879327,1.4357904990514119
0.5,eval,random,16,steer,c008,0.09886995951334636,0.033230463663736984,0.001257818463879327,1.4357904990514119
0.5,eval,random,16,steer,c045,-0.06797091166178386,0.037354787190755204,0.001257818463879327,1.4357904990514119
0.5,eval,random,16,steer,c011,-0.08804988861083984,0.033992767333984375,0.001257818463879327,1.4357904990514119
0.5,eval,random,16,steer,c020,-0.11636606852213542,0.037318547566731766,0.001257818463879327,1.4357904990514119
0.5,eval,random,16,steer,c044,-0.03979174296061198,0.030202229817708336,0.001257818463879327,1.4357904990514119
0.5,eval,random,16,steer,c016,0.21983559926350912,0.038547833760579436,0.001257818463879327,1.4357904990514119
0.5,eval,random,16,steer,c056,0.26520760854085285,0.03715928395589191,0.001257818463879327,1.4357904990514119
0.5,eval,random,16,steer,c025,0.1971569061279297,0.028856277465820312,0.001257818463879327,1.4357904990514119
0.5,eval,random,16,steer,c029,0.47729969024658203,0.033725738525390625,0.001257818463879327,1.4357904990514119
0.5,eval,random,16,steer,c014,-0.09241422017415364,0.031553904215494796,0.001257818463879327,1.4357904990514119
0.5,eval,random,16,steer,c002,0.03684552510579427,0.03206952412923177,0.001257818463879327,1.4357904990514119
0.5,eval,random,16,steer,c023,0.16357835133870444,0.025216420491536468,0.001257818463879327,1.4357904990514119
0.5,eval,random,16,steer,c046,0.2476978302001953,0.03101062774658203,0.001257818463879327,1.4357904990514119
0.5,eval,random,16,steer,c022,0.13943703969319662,0.03217061360677084,0.001257818463879327,1.4357904990514119
0.5,eval,random,16,steer,c050,0.004517555236816406,0.03476142883300781,0.001257818463879327,1.4357904990514119
1.0,eval,d,16,steer,c006,-0.07497310638427734,-0.09880733489990234,0.004690086003392935,1.4800376892089844
1.0,eval,d,16,steer,c017,0.11194324493408203,-0.09718608856201172,0.004690086003392935,1.4800376892089844
1.0,eval,d,16,steer,c039,-0.06743907928466797,-0.0830230712890625,0.004690086003392935,1.4800376892089844
1.0,eval,d,16,steer,c036,-0.10587120056152344,-0.12226390838623047,0.004690086003392935,1.4800376892089844
1.0,eval,d,16,steer,c009,-0.21092987060546875,-0.07310962677001953,0.004690086003392935,1.4800376892089844
1.0,eval,d,16,steer,c000,0.05677223205566406,-0.10010910034179688,0.004690086003392935,1.4800376892089844
1.0,eval,d,16,steer,c013,0.8574180603027344,-0.12530803680419922,0.004690086003392935,1.4800376892089844
1.0,eval,d,16,steer,c049,0.505279541015625,-0.09422492980957031,0.004690086003392935,1.4800376892089844
1.0,eval,d,16,steer,c058,0.38179492950439453,-0.1193094253540039,0.004690086003392935,1.4800376892089844
1.0,eval,d,16,steer,c024,0.21718120574951172,-0.11322402954101562,0.004690086003392935,1.4800376892089844
1.0,eval,d,16,steer,c042,0.13105297088623047,-0.11065959930419922,0.004690086003392935,1.4800376892089844
1.0,eval,d,16,steer,c047,0.2443370819091797,-0.11190319061279297,0.004690086003392935,1.4800376892089844
1.0,eval,d,16,steer,c043,0.2544221878051758,-0.13010215759277344,0.004690086003392935,1.4800376892089844
1.0,eval,d,16,steer,c003,-0.36313915252685547,-0.08686637878417969,0.004690086003392935,1.4800376892089844
1.0,eval,d,16,steer,c041,0.28250598907470703,-0.1059255599975586,0.004690086003392935,1.4800376892089844
1.0,eval,d,16,steer,c008,-0.24133014678955078,-0.07186603546142578,0.004690086003392935,1.4800376892089844
1.0,eval,d,16,steer,c045,0.6138763427734375,-0.1301889419555664,0.004690086003392935,1.4800376892089844
1.0,eval,d,16,steer,c011,-0.1464366912841797,-0.0858163833618164,0.004690086003392935,1.4800376892089844
1.0,eval,d,16,steer,c020,0.6423358917236328,-0.12984180450439453,0.004690086003392935,1.4800376892089844
1.0,eval,d,16,steer,c044,0.7567529678344727,-0.13528156280517578,0.004690086003392935,1.4800376892089844
1.0,eval,d,16,steer,c016,-0.20026111602783203,-0.09345340728759766,0.004690086003392935,1.4800376892089844
1.0,eval,d,16,steer,c056,0.2827625274658203,-0.13359928131103516,0.004690086003392935,1.4800376892089844
1.0,eval,d,16,steer,c025,0.15403175354003906,-0.12204933166503906,0.004690086003392935,1.4800376892089844
1.0,eval,d,16,steer,c029,-0.22687244415283203,-0.07487964630126953,0.004690086003392935,1.4800376892089844
1.0,eval,d,16,steer,c014,0.2681875228881836,-0.12672138214111328,0.004690086003392935,1.4800376892089844
1.0,eval,d,16,steer,c002,-0.23550128936767578,-0.09718036651611328,0.004690086003392935,1.4800376892089844
1.0,eval,d,16,steer,c023,-0.10443305969238281,-0.09403800964355469,0.004690086003392935,1.4800376892089844
1.0,eval,d,16,steer,c046,0.11531734466552734,-0.1018381118774414,0.004690086003392935,1.4800376892089844
1.0,eval,d,16,steer,c022,-0.04874897003173828,-0.08547687530517578,0.004690086003392935,1.4800376892089844
1.0,eval,d,16,steer,c050,0.3360624313354492,-0.10869121551513672,0.004690086003392935,1.4800376892089844
1.0,eval,d,16,steer,c006,-0.34353160858154297,-0.09112834930419922,0.004690086003392935,1.4800376892089844
1.0,eval,d,16,steer,c017,0.31363391876220703,-0.09693145751953125,0.004690086003392935,1.4800376892089844
1.0,eval,d,16,steer,c039,0.16087913513183594,-0.09426021575927734,0.004690086003392935,1.4800376892089844
1.0,eval,d,16,steer,c036,0.31145763397216797,-0.12219810485839844,0.004690086003392935,1.4800376892089844
1.0,eval,d,16,steer,c009,-0.033725738525390625,-0.0931854248046875,0.004690086003392935,1.4800376892089844
1.0,eval,d,16,steer,c000,-0.36888790130615234,-0.08166122436523438,0.004690086003392935,1.4800376892089844
1.0,eval,d,16,steer,c013,-0.08114147186279297,-0.09150218963623047,0.004690086003392935,1.4800376892089844
1.0,eval,d,16,steer,c049,-0.27764225006103516,-0.07454395294189453,0.004690086003392935,1.4800376892089844
1.0,eval,d,16,steer,c058,-0.28935813903808594,-0.08855533599853516,0.004690086003392935,1.4800376892089844
1.0,eval,d,16,steer,c024,-0.08761024475097656,-0.1145181655883789,0.004690086003392935,1.4800376892089844
1.0,eval,d,16,steer,c042,-0.10920143127441406,-0.09189224243164062,0.004690086003392935,1.4800376892089844
1.0,eval,d,16,steer,c047,0.14616775512695312,-0.10438823699951172,0.004690086003392935,1.4800376892089844
1.0,eval,d,16,steer,c043,-0.027151107788085938,-0.11077404022216797,0.004690086003392935,1.4800376892089844
1.0,eval,d,16,steer,c003,-0.35968017578125,-0.09568023681640625,0.004690086003392935,1.4800376892089844
1.0,eval,d,16,steer,c041,0.14260292053222656,-0.1145792007446289,0.004690086003392935,1.4800376892089844
1.0,eval,d,16,steer,c008,-0.0237274169921875,-0.08936691284179688,0.004690086003392935,1.4800376892089844
1.0,eval,d,16,steer,c045,-0.2037677764892578,-0.09844207763671875,0.004690086003392935,1.4800376892089844
1.0,eval,d,16,steer,c011,-0.2105875015258789,-0.08854484558105469,0.004690086003392935,1.4800376892089844
1.0,eval,d,16,steer,c020,-0.2554349899291992,-0.10175037384033203,0.004690086003392935,1.4800376892089844
1.0,eval,d,16,steer,c044,-0.16650009155273438,-0.09650611877441406,0.004690086003392935,1.4800376892089844
1.0,eval,d,16,steer,c016,0.0644826889038086,-0.1168050765991211,0.004690086003392935,1.4800376892089844
1.0,eval,d,16,steer,c056,0.10795783996582031,-0.12009048461914062,0.004690086003392935,1.4800376892089844
1.0,eval,d,16,steer,c025,0.07654953002929688,-0.0917510986328125,0.004690086003392935,1.4800376892089844
1.0,eval,d,16,steer,c029,0.3466968536376953,-0.0968770980834961,0.004690086003392935,1.4800376892089844
1.0,eval,d,16,steer,c014,-0.20263099670410156,-0.07866287231445312,0.004690086003392935,1.4800376892089844
1.0,eval,d,16,steer,c002,-0.08049201965332031,-0.08526802062988281,0.004690086003392935,1.4800376892089844
1.0,eval,d,16,steer,c023,0.03949165344238281,-0.09887027740478516,0.004690086003392935,1.4800376892089844
1.0,eval,d,16,steer,c046,0.10711669921875,-0.10957050323486328,0.004690086003392935,1.4800376892089844
1.0,eval,d,16,steer,c022,0.0024089813232421875,-0.1048574447631836,0.004690086003392935,1.4800376892089844
1.0,eval,d,16,steer,c050,-0.1181631088256836,-0.08791923522949219,0.004690086003392935,1.4800376892089844
1.0,deploy,d,16,steer,c006,-0.4771461486816406,-0.08070182800292969,0.004310392774641514,1.454224944114685
1.0,deploy,d,16,steer,c017,-0.27144908905029297,-0.09759902954101562,0.004310392774641514,1.454224944114685
1.0,deploy,d,16,steer,c039,-0.1741466522216797,-0.084869384765625,0.004310392774641514,1.454224944114685
1.0,deploy,d,16,steer,c036,-0.1557140350341797,-0.11995315551757812,0.004310392774641514,1.454224944114685
1.0,deploy,d,16,steer,c009,-0.5803613662719727,-0.04629802703857422,0.004310392774641514,1.454224944114685
1.0,deploy,d,16,steer,c000,-0.46291637420654297,-0.07104873657226562,0.004310392774641514,1.454224944114685
1.0,deploy,d,16,steer,c013,-0.16418933868408203,-0.0834646224975586,0.004310392774641514,1.454224944114685
1.0,deploy,d,16,steer,c049,-0.5813770294189453,-0.019797325134277344,0.004310392774641514,1.454224944114685
1.0,deploy,d,16,steer,c058,-0.6476726531982422,-0.04623889923095703,0.004310392774641514,1.454224944114685
1.0,deploy,d,16,steer,c024,-0.48488521575927734,-0.08834552764892578,0.004310392774641514,1.454224944114685
1.0,deploy,d,16,steer,c042,-0.6408672332763672,-0.07778072357177734,0.004310392774641514,1.454224944114685
1.0,deploy,d,16,steer,c047,-0.14029979705810547,-0.10211753845214844,0.004310392774641514,1.454224944114685
1.0,deploy,d,16,steer,c043,-0.40163516998291016,-0.08417415618896484,0.004310392774641514,1.454224944114685
1.0,deploy,d,16,steer,c003,-0.8286914825439453,-0.0646371841430664,0.004310392774641514,1.454224944114685
1.0,deploy,d,16,steer,c041,-0.1962594985961914,-0.10247802734375,0.004310392774641514,1.454224944114685
1.0,deploy,d,16,steer,c008,-0.4211893081665039,-0.07818984985351562,0.004310392774641514,1.454224944114685
1.0,deploy,d,16,steer,c045,-0.7494802474975586,-0.0764474868774414,0.004310392774641514,1.454224944114685
1.0,deploy,d,16,steer,c011,-0.27061939239501953,-0.08852577209472656,0.004310392774641514,1.454224944114685
1.0,deploy,d,16,steer,c020,-0.34606075286865234,-0.0875406265258789,0.004310392774641514,1.454224944114685
1.0,deploy,d,16,steer,c044,-0.43799400329589844,-0.10048294067382812,0.004310392774641514,1.454224944114685
1.0,deploy,d,16,steer,c016,-0.18465805053710938,-0.09552192687988281,0.004310392774641514,1.454224944114685
1.0,deploy,d,16,steer,c056,-0.11148452758789062,-0.12506103515625,0.004310392774641514,1.454224944114685
1.0,deploy,d,16,steer,c025,-0.26047801971435547,-0.08252811431884766,0.004310392774641514,1.454224944114685
1.0,deploy,d,16,steer,c029,-0.8014745712280273,-0.03948688507080078,0.004310392774641514,1.454224944114685
1.0,deploy,d,16,steer,c014,-0.3383445739746094,-0.09038639068603516,0.004310392774641514,1.454224944114685
1.0,deploy,d,16,steer,c002,-0.34796714782714844,-0.08890724182128906,0.004310392774641514,1.454224944114685
1.0,deploy,d,16,steer,c023,-0.36339664459228516,-0.09371566772460938,0.004310392774641514,1.454224944114685
1.0,deploy,d,16,steer,c046,-0.1665782928466797,-0.10419845581054688,0.004310392774641514,1.454224944114685
1.0,deploy,d,16,steer,c022,-0.37079524993896484,-0.09630870819091797,0.004310392774641514,1.454224944114685
1.0,deploy,d,16,steer,c050,-0.0772542953491211,-0.08945274353027344,0.004310392774641514,1.454224944114685
1.0,deploy,d,16,steer,c006,-0.6078176498413086,-0.06982040405273438,0.004310392774641514,1.454224944114685
1.0,deploy,d,16,steer,c017,-0.3320150375366211,-0.07699966430664062,0.004310392774641514,1.454224944114685
1.0,deploy,d,16,steer,c039,-0.20979881286621094,-0.06335926055908203,0.004310392774641514,1.454224944114685
1.0,deploy,d,16,steer,c036,-0.18534564971923828,-0.10475730895996094,0.004310392774641514,1.454224944114685
1.0,deploy,d,16,steer,c009,-0.5484619140625,-0.06348228454589844,0.004310392774641514,1.454224944114685
1.0,deploy,d,16,steer,c000,-0.6820802688598633,-0.0713186264038086,0.004310392774641514,1.454224944114685
1.0,deploy,d,16,steer,c013,-0.1700267791748047,-0.08072853088378906,0.004310392774641514,1.454224944114685
1.0,deploy,d,16,steer,c049,-1.0805692672729492,-0.0002880096435546875,0.004310392774641514,1.454224944114685
1.0,deploy,d,16,steer,c058,-0.641357421875,-0.061923980712890625,0.004310392774641514,1.454224944114685
1.0,deploy,d,16,steer,c024,-0.35076332092285156,-0.09906005859375,0.004310392774641514,1.454224944114685
1.0,deploy,d,16,steer,c042,-0.5653743743896484,-0.09203910827636719,0.004310392774641514,1.454224944114685
1.0,deploy,d,16,steer,c047,-0.3009777069091797,-0.09923362731933594,0.004310392774641514,1.454224944114685
1.0,deploy,d,16,steer,c043,-0.09535503387451172,-0.11561012268066406,0.004310392774641514,1.454224944114685
1.0,deploy,d,16,steer,c003,-0.5840749740600586,-0.0784902572631836,0.004310392774641514,1.454224944114685
1.0,deploy,d,16,steer,c041,-0.49839115142822266,-0.07411766052246094,0.004310392774641514,1.454224944114685
1.0,deploy,d,16,steer,c008,-0.6602668762207031,-0.05255603790283203,0.004310392774641514,1.454224944114685
1.0,deploy,d,16,steer,c045,-0.28119850158691406,-0.10498714447021484,0.004310392774641514,1.454224944114685
1.0,deploy,d,16,steer,c011,-0.30090808868408203,-0.08455944061279297,0.004310392774641514,1.454224944114685
1.0,deploy,d,16,steer,c020,-0.3617134094238281,-0.0976247787475586,0.004310392774641514,1.454224944114685
1.0,deploy,d,16,steer,c044,-0.5436553955078125,-0.08734703063964844,0.004310392774641514,1.454224944114685
1.0,deploy,d,16,steer,c016,-0.17957019805908203,-0.0921926498413086,0.004310392774641514,1.454224944114685
1.0,deploy,d,16,steer,c056,0.0521087646484375,-0.1229095458984375,0.004310392774641514,1.454224944114685
1.0,deploy,d,16,steer,c025,-0.31015491485595703,-0.08582115173339844,0.004310392774641514,1.454224944114685
1.0,deploy,d,16,steer,c029,-0.4822244644165039,-0.07620525360107422,0.004310392774641514,1.454224944114685
1.0,deploy,d,16,steer,c014,-0.4902381896972656,-0.10460472106933594,0.004310392774641514,1.454224944114685
1.0,deploy,d,16,steer,c002,-0.5859842300415039,-0.07693195343017578,0.004310392774641514,1.454224944114685
1.0,deploy,d,16,steer,c023,-0.7141351699829102,-0.07851409912109375,0.004310392774641514,1.454224944114685
1.0,deploy,d,16,steer,c046,-0.34238624572753906,-0.07097625732421875,0.004310392774641514,1.454224944114685
1.0,deploy,d,16,steer,c022,-0.3698863983154297,-0.09186458587646484,0.004310392774641514,1.454224944114685
1.0,deploy,d,16,steer,c050,-0.17006397247314453,-0.08056831359863281,0.004310392774641514,1.454224944114685
1.0,eval,random,16,steer,c006,0.09199460347493489,0.06816037495930989,0.005269548312450449,1.430074413617452
1.0,eval,random,16,steer,c017,0.27970123291015625,0.0705718994140625,0.005269548312450449,1.430074413617452
1.0,eval,random,16,steer,c039,0.09229882558186848,0.07671483357747395,0.005269548312450449,1.430074413617452
1.0,eval,random,16,steer,c036,0.10450935363769531,0.08811664581298828,0.005269548312450449,1.430074413617452
1.0,eval,random,16,steer,c009,-0.07822227478027344,0.05959796905517578,0.005269548312450449,1.430074413617452
1.0,eval,random,16,steer,c000,0.2259235382080078,0.06904220581054688,0.005269548312450449,1.430074413617452
1.0,eval,random,16,steer,c013,1.0530440012613933,0.07031790415445971,0.005269548312450449,1.430074413617452
1.0,eval,random,16,steer,c049,0.6672932306925455,0.06778875986735022,0.005269548312450449,1.430074413617452
1.0,eval,random,16,steer,c058,0.5655193328857422,0.06441497802734375,0.005269548312450449,1.430074413617452
1.0,eval,random,16,steer,c024,0.3977206548055013,0.06731541951497394,0.005269548312450449,1.430074413617452
1.0,eval,random,16,steer,c042,0.31016985575358075,0.06845728556315106,0.005269548312450449,1.430074413617452
1.0,eval,random,16,steer,c047,0.4321902592976888,0.07594998677571613,0.005269548312450449,1.430074413617452
1.0,eval,random,16,steer,c043,0.4397757848103841,0.05525143941243488,0.005269548312450449,1.430074413617452
1.0,eval,random,16,steer,c003,-0.20851421356201172,0.06775856018066406,0.005269548312450449,1.430074413617452
1.0,eval,random,16,steer,c041,0.4579782485961914,0.06954669952392578,0.005269548312450449,1.430074413617452
1.0,eval,random,16,steer,c008,-0.10084184010823567,0.06862227121988933,0.005269548312450449,1.430074413617452
1.0,eval,random,16,steer,c045,0.8169959386189779,0.072930653889974,0.005269548312450449,1.430074413617452
1.0,eval,random,16,steer,c011,-0.0072479248046875,0.05337238311767578,0.005269548312450449,1.430074413617452
1.0,eval,random,16,steer,c020,0.8424113591512045,0.07023366292317712,0.005269548312450449,1.430074413617452
1.0,eval,random,16,steer,c044,0.9547017415364584,0.06266721089680993,0.005269548312450449,1.430074413617452
1.0,eval,random,16,steer,c016,-0.031589508056640625,0.07521820068359375,0.005269548312450449,1.430074413617452
1.0,eval,random,16,steer,c056,0.5039491653442383,0.08758735656738281,0.005269548312450449,1.430074413617452
1.0,eval,random,16,steer,c025,0.3491414388020833,0.07306035359700519,0.005269548312450449,1.430074413617452
1.0,eval,random,16,steer,c029,-0.09651501973470052,0.055477778116861984,0.005269548312450449,1.430074413617452
1.0,eval,random,16,steer,c014,0.45257568359375,0.057666778564453125,0.005269548312450449,1.430074413617452
1.0,eval,random,16,steer,c002,-0.06689167022705078,0.07142925262451172,0.005269548312450449,1.430074413617452
1.0,eval,random,16,steer,c023,0.05203119913736979,0.062426249186197914,0.005269548312450449,1.430074413617452
1.0,eval,random,16,steer,c046,0.2848809560139974,0.06772549947102863,0.005269548312450449,1.430074413617452
1.0,eval,random,16,steer,c022,0.09642918904622395,0.059701283772786454,0.005269548312450449,1.430074413617452
1.0,eval,random,16,steer,c050,0.5240030288696289,0.07924938201904297,0.005269548312450449,1.430074413617452
1.0,eval,random,16,steer,c006,-0.18039067586263022,0.07201258341471353,0.005269548312450449,1.430074413617452
1.0,eval,random,16,steer,c017,0.4832944869995117,0.07272911071777344,0.005269548312450449,1.430074413617452
1.0,eval,random,16,steer,c039,0.33006032307942706,0.07492097218831378,0.005269548312450449,1.430074413617452
1.0,eval,random,16,steer,c036,0.5111923217773438,0.07753658294677734,0.005269548312450449,1.430074413617452
1.0,eval,random,16,steer,c009,0.13739808400472006,0.07793839772542319,0.005269548312450449,1.430074413617452
1.0,eval,random,16,steer,c000,-0.21867911020914713,0.06854756673177084,0.005269548312450449,1.430074413617452
1.0,eval,random,16,steer,c013,0.08083343505859375,0.07047271728515625,0.005269548312450449,1.430074413617452
1.0,eval,random,16,steer,c049,-0.1415217717488607,0.06157652537027994,0.005269548312450449,1.430074413617452
1.0,eval,random,16,steer,c058,-0.14095020294189453,0.05985260009765625,0.005269548312450449,1.430074413617452
1.0,eval,random,16,steer,c024,0.09182898203531902,0.06492106119791667,0.005269548312450449,1.430074413617452
1.0,eval,random,16,steer,c042,0.04578558603922526,0.06309477488199869,0.005269548312450449,1.430074413617452
1.0,eval,random,16,steer,c047,0.3096424738566081,0.05908648173014325,0.005269548312450449,1.430074413617452
1.0,eval,random,16,steer,c043,0.14891179402669272,0.06528886159261069,0.005269548312450449,1.430074413617452
1.0,eval,random,16,steer,c003,-0.18952020009358725,0.0744797388712565,0.005269548312450449,1.430074413617452
1.0,eval,random,16,steer,c041,0.3202095031738281,0.06302738189697266,0.005269548312450449,1.430074413617452
1.0,eval,random,16,steer,c008,0.13293011983235678,0.0672906239827474,0.005269548312450449,1.430074413617452
1.0,eval,random,16,steer,c045,-0.030084927876790363,0.0752407709757487,0.005269548312450449,1.430074413617452
1.0,eval,random,16,steer,c011,-0.0545813242594401,0.06746133168538412,0.005269548312450449,1.430074413617452
1.0,eval,random,16,steer,c020,-0.07816028594970703,0.07552433013916016,0.005269548312450449,1.430074413617452
1.0,eval,random,16,steer,c044,-0.008701960245768229,0.061292012532552086,0.005269548312450449,1.430074413617452
1.0,eval,random,16,steer,c016,0.2589912414550781,0.07770347595214844,0.005269548312450449,1.430074413617452
1.0,eval,random,16,steer,c056,0.30260499318440753,0.0745566685994466,0.005269548312450449,1.430074413617452
1.0,eval,random,16,steer,c025,0.22641372680664062,0.05811309814453125,0.005269548312450449,1.430074413617452
1.0,eval,random,16,steer,c029,0.5105975468953451,0.06702359517415368,0.005269548312450449,1.430074413617452
1.0,eval,random,16,steer,c014,-0.0614935557047526,0.062474568684895836,0.005269548312450449,1.430074413617452
1.0,eval,random,16,steer,c002,0.06923389434814453,0.06445789337158203,0.005269548312450449,1.430074413617452
1.0,eval,random,16,steer,c023,0.19000720977783203,0.05164527893066406,0.005269548312450449,1.430074413617452
1.0,eval,random,16,steer,c046,0.27883052825927734,0.06214332580566406,0.005269548312450449,1.430074413617452
1.0,eval,random,16,steer,c022,0.17269102732340494,0.06542460123697916,0.005269548312450449,1.430074413617452
1.0,eval,random,16,steer,c050,0.03932634989420573,0.06957022349039713,0.005269548312450449,1.430074413617452
2.0,eval,d,16,steer,c006,-0.17205524444580078,-0.19588947296142578,0.017380766570568085,1.5122401714324951
2.0,eval,d,16,steer,c017,0.0223541259765625,-0.18677520751953125,0.017380766570568085,1.5122401714324951
2.0,eval,d,16,steer,c039,-0.1530303955078125,-0.16861438751220703,0.017380766570568085,1.5122401714324951
2.0,eval,d,16,steer,c036,-0.22234153747558594,-0.23873424530029297,0.017380766570568085,1.5122401714324951
2.0,eval,d,16,steer,c009,-0.28365516662597656,-0.14583492279052734,0.017380766570568085,1.5122401714324951
2.0,eval,d,16,steer,c000,-0.04321098327636719,-0.20009231567382812,0.017380766570568085,1.5122401714324951
2.0,eval,d,16,steer,c013,0.7360067367553711,-0.2467193603515625,0.017380766570568085,1.5122401714324951
2.0,eval,d,16,steer,c049,0.41121482849121094,-0.18828964233398438,0.017380766570568085,1.5122401714324951
2.0,eval,d,16,steer,c058,0.26749420166015625,-0.2336101531982422,0.017380766570568085,1.5122401714324951
2.0,eval,d,16,steer,c024,0.10564804077148438,-0.22475719451904297,0.017380766570568085,1.5122401714324951
2.0,eval,d,16,steer,c042,0.022918701171875,-0.2187938690185547,0.017380766570568085,1.5122401714324951
2.0,eval,d,16,steer,c047,0.13175296783447266,-0.2244873046875,0.017380766570568085,1.5122401714324951
2.0,eval,d,16,steer,c043,0.1228933334350586,-0.2616310119628906,0.017380766570568085,1.5122401714324951
2.0,eval,d,16,steer,c003,-0.4435853958129883,-0.1673126220703125,0.017380766570568085,1.5122401714324951
2.0,eval,d,16,steer,c041,0.17034530639648438,-0.21808624267578125,0.017380766570568085,1.5122401714324951
2.0,eval,d,16,steer,c008,-0.3122587203979492,-0.14279460906982422,0.017380766570568085,1.5122401714324951
2.0,eval,d,16,steer,c045,0.4859304428100586,-0.2581348419189453,0.017380766570568085,1.5122401714324951
2.0,eval,d,16,steer,c011,-0.2276468276977539,-0.16702651977539062,0.017380766570568085,1.5122401714324951
2.0,eval,d,16,steer,c020,0.5187301635742188,-0.2534475326538086,0.017380766570568085,1.5122401714324951
2.0,eval,d,16,steer,c044,0.6224498748779297,-0.26958465576171875,0.017380766570568085,1.5122401714324951
2.0,eval,d,16,steer,c016,-0.28881359100341797,-0.1820058822631836,0.017380766570568085,1.5122401714324951
2.0,eval,d,16,steer,c056,0.1477375030517578,-0.26862430572509766,0.017380766570568085,1.5122401714324951
2.0,eval,d,16,steer,c025,0.03702735900878906,-0.23905372619628906,0.017380766570568085,1.5122401714324951
2.0,eval,d,16,steer,c029,-0.2990713119506836,-0.1470785140991211,0.017380766570568085,1.5122401714324951
2.0,eval,d,16,steer,c014,0.14084720611572266,-0.2540616989135742,0.017380766570568085,1.5122401714324951
2.0,eval,d,16,steer,c002,-0.3250102996826172,-0.1866893768310547,0.017380766570568085,1.5122401714324951
2.0,eval,d,16,steer,c023,-0.19421005249023438,-0.18381500244140625,0.017380766570568085,1.5122401714324951
2.0,eval,d,16,steer,c046,0.017366409301757812,-0.19978904724121094,0.017380766570568085,1.5122401714324951
2.0,eval,d,16,steer,c022,-0.12907981872558594,-0.16580772399902344,0.017380766570568085,1.5122401714324951
2.0,eval,d,16,steer,c050,0.22773456573486328,-0.21701908111572266,0.017380766570568085,1.5122401714324951
2.0,eval,d,16,steer,c006,-0.42696380615234375,-0.174560546875,0.017380766570568085,1.5122401714324951
2.0,eval,d,16,steer,c017,0.21846389770507812,-0.19210147857666016,0.017380766570568085,1.5122401714324951
2.0,eval,d,16,steer,c039,0.06216716766357422,-0.19297218322753906,0.017380766570568085,1.5122401714324951
2.0,eval,d,16,steer,c036,0.18802356719970703,-0.24563217163085938,0.017380766570568085,1.5122401714324951
2.0,eval,d,16,steer,c009,-0.12900066375732422,-0.1884603500366211,0.017380766570568085,1.5122401714324951
2.0,eval,d,16,steer,c000,-0.4464759826660156,-0.15924930572509766,0.017380766570568085,1.5122401714324951
2.0,eval,d,16,steer,c013,-0.17020511627197266,-0.18056583404541016,0.017380766570568085,1.5122401714324951
2.0,eval,d,16,steer,c049,-0.35137462615966797,-0.14827632904052734,0.017380766570568085,1.5122401714324951
2.0,eval,d,16,steer,c058,-0.3724336624145508,-0.171630859375,0.017380766570568085,1.5122401714324951
2.0,eval,d,16,steer,c024,-0.19764137268066406,-0.2245492935180664,0.017380766570568085,1.5122401714324951
2.0,eval,d,16,steer,c042,-0.20210552215576172,-0.18479633331298828,0.017380766570568085,1.5122401714324951
2.0,eval,d,16,steer,c047,0.04343891143798828,-0.20711708068847656,0.017380766570568085,1.5122401714324951
2.0,eval,d,16,steer,c043,-0.1393880844116211,-0.22301101684570312,0.017380766570568085,1.5122401714324951
2.0,eval,d,16,steer,c003,-0.44930458068847656,-0.1853046417236328,0.017380766570568085,1.5122401714324951
2.0,eval,d,16,steer,c041,0.025106430053710938,-0.23207569122314453,0.017380766570568085,1.5122401714324951
2.0,eval,d,16,steer,c008,-0.108154296875,-0.17379379272460938,0.017380766570568085,1.5122401714324951
2.0,eval,d,16,steer,c045,-0.30083656311035156,-0.1955108642578125,0.017380766570568085,1.5122401714324951
2.0,eval,d,16,steer,c011,-0.2941856384277344,-0.17214298248291016,0.017380766570568085,1.5122401714324951
2.0,eval,d,16,steer,c020,-0.3490314483642578,-0.19534683227539062,0.017380766570568085,1.5122401714324951
2.0,eval,d,16,steer,c044,-0.26117515563964844,-0.19118118286132812,0.017380766570568085,1.5122401714324951
2.0,eval,d,16,steer,c016,-0.047097206115722656,-0.22838497161865234,0.017380766570568085,1.5122401714324951
2.0,eval,d,16,steer,c056,-0.012217521667480469,-0.2402658462524414,0.017380766570568085,1.5122401714324951
2.0,eval,d,16,steer,c025,-0.012979507446289062,-0.18128013610839844,0.017380766570568085,1.5122401714324951
2.0,eval,d,16,steer,c029,0.24882888793945312,-0.19474506378173828,0.017380766570568085,1.5122401714324951
2.0,eval,d,16,steer,c014,-0.27998828887939453,-0.1560201644897461,0.017380766570568085,1.5122401714324951
2.0,eval,d,16,steer,c002,-0.16205692291259766,-0.16683292388916016,0.017380766570568085,1.5122401714324951
2.0,eval,d,16,steer,c023,-0.05562019348144531,-0.19398212432861328,0.017380766570568085,1.5122401714324951
2.0,eval,d,16,steer,c046,-9.918212890625e-05,-0.21678638458251953,0.017380766570568085,1.5122401714324951
2.0,eval,d,16,steer,c022,-0.09960460662841797,-0.20687103271484375,0.017380766570568085,1.5122401714324951
2.0,eval,d,16,steer,c050,-0.20146942138671875,-0.17122554779052734,0.017380766570568085,1.5122401714324951
2.0,deploy,d,16,steer,c006,-0.5535898208618164,-0.15714550018310547,0.01597776636481285,1.4876338243484497
2.0,deploy,d,16,steer,c017,-0.3612833023071289,-0.18743324279785156,0.01597776636481285,1.4876338243484497
2.0,deploy,d,16,steer,c039,-0.26206016540527344,-0.17278289794921875,0.01597776636481285,1.4876338243484497
2.0,deploy,d,16,steer,c036,-0.27303409576416016,-0.2372732162475586,0.01597776636481285,1.4876338243484497
2.0,deploy,d,16,steer,c009,-0.6269359588623047,-0.09287261962890625,0.01597776636481285,1.4876338243484497
2.0,deploy,d,16,steer,c000,-0.5286159515380859,-0.1367483139038086,0.01597776636481285,1.4876338243484497
2.0,deploy,d,16,steer,c013,-0.24395275115966797,-0.16322803497314453,0.01597776636481285,1.4876338243484497
2.0,deploy,d,16,steer,c049,-0.602900505065918,-0.04132080078125,0.01597776636481285,1.4876338243484497
2.0,deploy,d,16,steer,c058,-0.6887607574462891,-0.0873270034790039,0.01597776636481285,1.4876338243484497
2.0,deploy,d,16,steer,c024,-0.5704450607299805,-0.1739053726196289,0.01597776636481285,1.4876338243484497
2.0,deploy,d,16,steer,c042,-0.7112703323364258,-0.14818382263183594,0.01597776636481285,1.4876338243484497
2.0,deploy,d,16,steer,c047,-0.24048137664794922,-0.2022991180419922,0.01597776636481285,1.4876338243484497
2.0,deploy,d,16,steer,c043,-0.48717403411865234,-0.16971302032470703,0.01597776636481285,1.4876338243484497
2.0,deploy,d,16,steer,c003,-0.8867464065551758,-0.12269210815429688,0.01597776636481285,1.4876338243484497
2.0,deploy,d,16,steer,c041,-0.29778194427490234,-0.20400047302246094,0.01597776636481285,1.4876338243484497
2.0,deploy,d,16,steer,c008,-0.5001811981201172,-0.1571817398071289,0.01597776636481285,1.4876338243484497
2.0,deploy,d,16,steer,c045,-0.8218851089477539,-0.14885234832763672,0.01597776636481285,1.4876338243484497
2.0,deploy,d,16,steer,c011,-0.3518791198730469,-0.1697854995727539,0.01597776636481285,1.4876338243484497
2.0,deploy,d,16,steer,c020,-0.42707347869873047,-0.16855335235595703,0.01597776636481285,1.4876338243484497
2.0,deploy,d,16,steer,c044,-0.5332851409912109,-0.19577407836914062,0.01597776636481285,1.4876338243484497
2.0,deploy,d,16,steer,c016,-0.2733640670776367,-0.18422794342041016,0.01597776636481285,1.4876338243484497
2.0,deploy,d,16,steer,c056,-0.2333831787109375,-0.24695968627929688,0.01597776636481285,1.4876338243484497
2.0,deploy,d,16,steer,c025,-0.3403615951538086,-0.16241168975830078,0.01597776636481285,1.4876338243484497
2.0,deploy,d,16,steer,c029,-0.8383045196533203,-0.07631683349609375,0.01597776636481285,1.4876338243484497
2.0,deploy,d,16,steer,c014,-0.4254417419433594,-0.17748355865478516,0.01597776636481285,1.4876338243484497
2.0,deploy,d,16,steer,c002,-0.43164730072021484,-0.17258739471435547,0.01597776636481285,1.4876338243484497
2.0,deploy,d,16,steer,c023,-0.45409107208251953,-0.18441009521484375,0.01597776636481285,1.4876338243484497
2.0,deploy,d,16,steer,c046,-0.2677326202392578,-0.205352783203125,0.01597776636481285,1.4876338243484497
2.0,deploy,d,16,steer,c022,-0.46205615997314453,-0.18756961822509766,0.01597776636481285,1.4876338243484497
2.0,deploy,d,16,steer,c050,-0.16336631774902344,-0.17556476593017578,0.01597776636481285,1.4876338243484497
2.0,deploy,d,16,steer,c006,-0.6738786697387695,-0.1358814239501953,0.01597776636481285,1.4876338243484497
2.0,deploy,d,16,steer,c017,-0.4044218063354492,-0.14940643310546875,0.01597776636481285,1.4876338243484497
2.0,deploy,d,16,steer,c039,-0.2777748107910156,-0.13133525848388672,0.01597776636481285,1.4876338243484497
2.0,deploy,d,16,steer,c036,-0.29006195068359375,-0.2094736099243164,0.01597776636481285,1.4876338243484497
2.0,deploy,d,16,steer,c009,-0.6117515563964844,-0.1267719268798828,0.01597776636481285,1.4876338243484497
2.0,deploy,d,16,steer,c000,-0.7486209869384766,-0.13785934448242188,0.01597776636481285,1.4876338243484497
2.0,deploy,d,16,steer,c013,-0.24704360961914062,-0.157745361328125,0.01597776636481285,1.4876338243484497
2.0,deploy,d,16,steer,c049,-1.0844612121582031,-0.004179954528808594,0.01597776636481285,1.4876338243484497
2.0,deploy,d,16,steer,c058,-0.6989269256591797,-0.11949348449707031,0.01597776636481285,1.4876338243484497
2.0,deploy,d,16,steer,c024,-0.44391632080078125,-0.1922130584716797,0.01597776636481285,1.4876338243484497
2.0,deploy,d,16,steer,c042,-0.6515817642211914,-0.17824649810791016,0.01597776636481285,1.4876338243484497
2.0,deploy,d,16,steer,c047,-0.39505577087402344,-0.1933116912841797,0.01597776636481285,1.4876338243484497
2.0,deploy,d,16,steer,c043,-0.21467876434326172,-0.23493385314941406,0.01597776636481285,1.4876338243484497
2.0,deploy,d,16,steer,c003,-0.6579294204711914,-0.1523447036743164,0.01597776636481285,1.4876338243484497
2.0,deploy,d,16,steer,c041,-0.5692119598388672,-0.14493846893310547,0.01597776636481285,1.4876338243484497
2.0,deploy,d,16,steer,c008,-0.7131166458129883,-0.10540580749511719,0.01597776636481285,1.4876338243484497
2.0,deploy,d,16,steer,c045,-0.38617897033691406,-0.20996761322021484,0.01597776636481285,1.4876338243484497
2.0,deploy,d,16,steer,c011,-0.37796688079833984,-0.16161823272705078,0.01597776636481285,1.4876338243484497
2.0,deploy,d,16,steer,c020,-0.454742431640625,-0.19065380096435547,0.01597776636481285,1.4876338243484497
2.0,deploy,d,16,steer,c044,-0.627202033996582,-0.17089366912841797,0.01597776636481285,1.4876338243484497
2.0,deploy,d,16,steer,c016,-0.2655973434448242,-0.17821979522705078,0.01597776636481285,1.4876338243484497
2.0,deploy,d,16,steer,c056,-0.07246875762939453,-0.24748706817626953,0.01597776636481285,1.4876338243484497
2.0,deploy,d,16,steer,c025,-0.39058494567871094,-0.16625118255615234,0.01597776636481285,1.4876338243484497
2.0,deploy,d,16,steer,c029,-0.5573749542236328,-0.15135574340820312,0.01597776636481285,1.4876338243484497
2.0,deploy,d,16,steer,c014,-0.589634895324707,-0.20400142669677734,0.01597776636481285,1.4876338243484497
2.0,deploy,d,16,steer,c002,-0.6574831008911133,-0.14843082427978516,0.01597776636481285,1.4876338243484497
2.0,deploy,d,16,steer,c023,-0.786590576171875,-0.1509695053100586,0.01597776636481285,1.4876338243484497
2.0,deploy,d,16,steer,c046,-0.40730762481689453,-0.13589763641357422,0.01597776636481285,1.4876338243484497
2.0,deploy,d,16,steer,c022,-0.4548978805541992,-0.17687606811523438,0.01597776636481285,1.4876338243484497
2.0,deploy,d,16,steer,c050,-0.2482757568359375,-0.15878009796142578,0.01597776636481285,1.4876338243484497
2.0,eval,random,16,steer,c006,0.15577570597330728,0.13194147745768228,0.022613963733116787,1.4131111701329548
2.0,eval,random,16,steer,c017,0.3476403554280599,0.13851102193196613,0.022613963733116787,1.4131111701329548
2.0,eval,random,16,steer,c039,0.1630690892537435,0.14748509724934897,0.022613963733116787,1.4131111701329548
2.0,eval,random,16,steer,c036,0.1886148452758789,0.17222213745117188,0.022613963733116787,1.4131111701329548
2.0,eval,random,16,steer,c009,-0.017922401428222656,0.11989784240722656,0.022613963733116787,1.4131111701329548
2.0,eval,random,16,steer,c000,0.29053719838460285,0.1336558659871419,0.022613963733116787,1.4131111701329548
2.0,eval,random,16,steer,c013,1.1140225728352864,0.1312964757283528,0.022613963733116787,1.4131111701329548
2.0,eval,random,16,steer,c049,0.7306820551554362,0.13117758433024085,0.022613963733116787,1.4131111701329548
2.0,eval,random,16,steer,c058,0.6251834233601888,0.1240790685017904,0.022613963733116787,1.4131111701329548
2.0,eval,random,16,steer,c024,0.46558888753255206,0.13518365224202472,0.022613963733116787,1.4131111701329548
2.0,eval,random,16,steer,c042,0.3781277338663737,0.13641516367594403,0.022613963733116787,1.4131111701329548
2.0,eval,random,16,steer,c047,0.5034443537394205,0.14720408121744788,0.022613963733116787,1.4131111701329548
2.0,eval,random,16,steer,c043,0.4910726547241211,0.10654830932617188,0.022613963733116787,1.4131111701329548
2.0,eval,random,16,steer,c003,-0.1431598663330078,0.13311290740966797,0.022613963733116787,1.4131111701329548
2.0,eval,random,16,steer,c041,0.5189949671427408,0.13056341807047522,0.022613963733116787,1.4131111701329548
2.0,eval,random,16,steer,c008,-0.03387737274169922,0.13558673858642578,0.022613963733116787,1.4131111701329548
2.0,eval,random,16,steer,c045,0.882496198018392,0.13843091328938806,0.022613963733116787,1.4131111701329548
2.0,eval,random,16,steer,c011,0.0440521240234375,0.10467243194580078,0.022613963733116787,1.4131111701329548
2.0,eval,random,16,steer,c020,0.909430185953776,0.13725248972574866,0.022613963733116787,1.4131111701329548
2.0,eval,random,16,steer,c044,1.0101340611775715,0.1180995305379231,0.022613963733116787,1.4131111701329548
2.0,eval,random,16,steer,c016,0.044655164082845054,0.15146287282307944,0.022613963733116787,1.4131111701329548
2.0,eval,random,16,steer,c056,0.5876893997192383,0.1713275909423828,0.022613963733116787,1.4131111701329548
2.0,eval,random,16,steer,c025,0.42470677693684894,0.14862569173177081,0.022613963733116787,1.4131111701329548
2.0,eval,random,16,steer,c029,-0.0415350596110026,0.1104577382405599,0.022613963733116787,1.4131111701329548
2.0,eval,random,16,steer,c014,0.5016854604085287,0.10677655537923181,0.022613963733116787,1.4131111701329548
2.0,eval,random,16,steer,c002,0.003170013427734375,0.14149093627929688,0.022613963733116787,1.4131111701329548
2.0,eval,random,16,steer,c023,0.11475149790445964,0.12514654795328778,0.022613963733116787,1.4131111701329548
2.0,eval,random,16,steer,c046,0.35280577341715497,0.13565031687418622,0.022613963733116787,1.4131111701329548
2.0,eval,random,16,steer,c022,0.1591030756632487,0.12237517038981119,0.022613963733116787,1.4131111701329548
2.0,eval,random,16,steer,c050,0.6007811228434244,0.1560274759928385,0.022613963733116787,1.4131111701329548
2.0,eval,random,16,steer,c006,-0.10831578572591145,0.1440874735514323,0.022613963733116787,1.4131111701329548
2.0,eval,random,16,steer,c017,0.549335797627767,0.13877042134602868,0.022613963733116787,1.4131111701329548
2.0,eval,random,16,steer,c039,0.4018262227376302,0.1466868718465169,0.022613963733116787,1.4131111701329548
2.0,eval,random,16,steer,c036,0.5834522247314453,0.1497964859008789,0.022613963733116787,1.4131111701329548
2.0,eval,random,16,steer,c009,0.21024545033772787,0.150785764058431,0.022613963733116787,1.4131111701329548
2.0,eval,random,16,steer,c000,-0.14964516957600912,0.13758150736490884,0.022613963733116787,1.4131111701329548
2.0,eval,random,16,steer,c013,0.14690621693929037,0.13654549916585287,0.022613963733116787,1.4131111701329548
2.0,eval,random,16,steer,c049,-0.08062108357747395,0.12247721354166667,0.022613963733116787,1.4131111701329548
2.0,eval,random,16,steer,c058,-0.08311176300048828,0.1176910400390625,0.022613963733116787,1.4131111701329548
2.0,eval,random,16,steer,c024,0.15541203816731772,0.12850411732991537,0.022613963733116787,1.4131111701329548
2.0,eval,random,16,steer,c042,0.10538705190022786,0.1226962407430013,0.022613963733116787,1.4131111701329548
2.0,eval,random,16,steer,c047,0.36882750193277997,0.11827150980631512,0.022613963733116787,1.4131111701329548
2.0,eval,random,16,steer,c043,0.21071624755859375,0.12709331512451172,0.022613963733116787,1.4131111701329548
2.0,eval,random,16,steer,c003,-0.11786238352457683,0.1461375554402669,0.022613963733116787,1.4131111701329548
2.0,eval,random,16,steer,c041,0.3811219533284505,0.12393983205159503,0.022613963733116787,1.4131111701329548
2.0,eval,random,16,steer,c008,0.20252259572347006,0.1368830998738607,0.022613963733116787,1.4131111701329548
2.0,eval,random,16,steer,c045,0.044588724772135414,0.14991442362467447,0.022613963733116787,1.4131111701329548
2.0,eval,random,16,steer,c011,0.008652051289876303,0.13069470723470053,0.022613963733116787,1.4131111701329548
2.0,eval,random,16,steer,c020,-0.0023822784423828125,0.15130233764648438,0.022613963733116787,1.4131111701329548
2.0,eval,random,16,steer,c044,0.053931872049967446,0.12392584482828775,0.022613963733116787,1.4131111701329548
2.0,eval,random,16,steer,c016,0.33603986104329425,0.15475209554036456,0.022613963733116787,1.4131111701329548
2.0,eval,random,16,steer,c056,0.3757781982421875,0.14772987365722656,0.022613963733116787,1.4131111701329548
2.0,eval,random,16,steer,c025,0.2839530309041341,0.11565240224202472,0.022613963733116787,1.4131111701329548
2.0,eval,random,16,steer,c029,0.574670155843099,0.1310962041219076,0.022613963733116787,1.4131111701329548
2.0,eval,random,16,steer,c014,-0.0033464431762695312,0.1206216812133789,0.022613963733116787,1.4131111701329548
2.0,eval,random,16,steer,c002,0.1326580047607422,0.1278820037841797,0.022613963733116787,1.4131111701329548
2.0,eval,random,16,steer,c023,0.24495887756347656,0.1065969467163086,0.022613963733116787,1.4131111701329548
2.0,eval,random,16,steer,c046,0.3393300374348958,0.12264283498128253,0.022613963733116787,1.4131111701329548
2.0,eval,random,16,steer,c022,0.2406161626180013,0.13334973653157553,0.022613963733116787,1.4131111701329548
2.0,eval,random,16,steer,c050,0.10674063364664714,0.13698450724283856,0.022613963733116787,1.4131111701329548
4.0,eval,d,16,steer,c006,-0.3342323303222656,-0.3580665588378906,0.0584307536482811,1.5502644777297974
4.0,eval,d,16,steer,c017,-0.12768077850341797,-0.3368101119995117,0.0584307536482811,1.5502644777297974
4.0,eval,d,16,steer,c039,-0.3138246536254883,-0.3294086456298828,0.0584307536482811,1.5502644777297974
4.0,eval,d,16,steer,c036,-0.4087038040161133,-0.4250965118408203,0.0584307536482811,1.5502644777297974
4.0,eval,d,16,steer,c009,-0.41562557220458984,-0.2778053283691406,0.0584307536482811,1.5502644777297974
4.0,eval,d,16,steer,c000,-0.21817398071289062,-0.37505531311035156,0.0584307536482811,1.5502644777297974
4.0,eval,d,16,steer,c013,0.5148382186889648,-0.46788787841796875,0.0584307536482811,1.5502644777297974
4.0,eval,d,16,steer,c049,0.23559951782226562,-0.3639049530029297,0.0584307536482811,1.5502644777297974
4.0,eval,d,16,steer,c058,0.06610870361328125,-0.4349956512451172,0.0584307536482811,1.5502644777297974
4.0,eval,d,16,steer,c024,-0.08857154846191406,-0.4189767837524414,0.0584307536482811,1.5502644777297974
4.0,eval,d,16,steer,c042,-0.17040157318115234,-0.41211414337158203,0.0584307536482811,1.5502644777297974
4.0,eval,d,16,steer,c047,-0.07389354705810547,-0.4301338195800781,0.0584307536482811,1.5502644777297974
4.0,eval,d,16,steer,c043,-0.1208181381225586,-0.5053424835205078,0.0584307536482811,1.5502644777297974
4.0,eval,d,16,steer,c003,-0.5615167617797852,-0.2852439880371094,0.0584307536482811,1.5502644777297974
4.0,eval,d,16,steer,c041,-0.044226646423339844,-0.43265819549560547,0.0584307536482811,1.5502644777297974
4.0,eval,d,16,steer,c008,-0.4409332275390625,-0.2714691162109375,0.0584307536482811,1.5502644777297974
4.0,eval,d,16,steer,c045,0.2511863708496094,-0.49287891387939453,0.0584307536482811,1.5502644777297974
4.0,eval,d,16,steer,c011,-0.3611125946044922,-0.3004922866821289,0.0584307536482811,1.5502644777297974
4.0,eval,d,16,steer,c020,0.2978248596191406,-0.4743528366088867,0.0584307536482811,1.5502644777297974
4.0,eval,d,16,steer,c044,0.3721885681152344,-0.5198459625244141,0.0584307536482811,1.5502644777297974
4.0,eval,d,16,steer,c016,-0.4275970458984375,-0.3207893371582031,0.0584307536482811,1.5502644777297974
4.0,eval,d,16,steer,c056,-0.09367847442626953,-0.510040283203125,0.0584307536482811,1.5502644777297974
4.0,eval,d,16,steer,c025,-0.15754985809326172,-0.43363094329833984,0.0584307536482811,1.5502644777297974
4.0,eval,d,16,steer,c029,-0.41674232482910156,-0.26474952697753906,0.0584307536482811,1.5502644777297974
4.0,eval,d,16,steer,c014,-0.09383106231689453,-0.4887399673461914,0.0584307536482811,1.5502644777297974
4.0,eval,d,16,steer,c002,-0.4552440643310547,-0.3169231414794922,0.0584307536482811,1.5502644777297974
4.0,eval,d,16,steer,c023,-0.3409910202026367,-0.3305959701538086,0.0584307536482811,1.5502644777297974
4.0,eval,d,16,steer,c046,-0.15472030639648438,-0.3718757629394531,0.0584307536482811,1.5502644777297974
4.0,eval,d,16,steer,c022,-0.2651662826538086,-0.3018941879272461,0.0584307536482811,1.5502644777297974
4.0,eval,d,16,steer,c050,0.03399944305419922,-0.4107542037963867,0.0584307536482811,1.5502644777297974
4.0,eval,d,16,steer,c006,-0.5505657196044922,-0.29816246032714844,0.0584307536482811,1.5502644777297974
4.0,eval,d,16,steer,c017,0.040953636169433594,-0.3696117401123047,0.0584307536482811,1.5502644777297974
4.0,eval,d,16,steer,c039,-0.12714672088623047,-0.38228607177734375,0.0584307536482811,1.5502644777297974
4.0,eval,d,16,steer,c036,-0.04254341125488281,-0.4761991500854492,0.0584307536482811,1.5502644777297974
4.0,eval,d,16,steer,c009,-0.3034515380859375,-0.3629112243652344,0.0584307536482811,1.5502644777297974
4.0,eval,d,16,steer,c000,-0.5706052780151367,-0.28337860107421875,0.0584307536482811,1.5502644777297974
4.0,eval,d,16,steer,c013,-0.32143211364746094,-0.33179283142089844,0.0584307536482811,1.5502644777297974
4.0,eval,d,16,steer,c049,-0.4754629135131836,-0.27236461639404297,0.0584307536482811,1.5502644777297974
4.0,eval,d,16,steer,c058,-0.5058536529541016,-0.3050508499145508,0.0584307536482811,1.5502644777297974
4.0,eval,d,16,steer,c024,-0.3707160949707031,-0.39762401580810547,0.0584307536482811,1.5502644777297974
4.0,eval,d,16,steer,c042,-0.36829090118408203,-0.3509817123413086,0.0584307536482811,1.5502644777297974
4.0,eval,d,16,steer,c047,-0.1370706558227539,-0.38762664794921875,0.0584307536482811,1.5502644777297974
4.0,eval,d,16,steer,c043,-0.33782386779785156,-0.4214468002319336,0.0584307536482811,1.5502644777297974
4.0,eval,d,16,steer,c003,-0.5859966278076172,-0.32199668884277344,0.0584307536482811,1.5502644777297974
4.0,eval,d,16,steer,c041,-0.19369125366210938,-0.45087337493896484,0.0584307536482811,1.5502644777297974
4.0,eval,d,16,steer,c008,-0.25189781188964844,-0.3175373077392578,0.0584307536482811,1.5502644777297974
4.0,eval,d,16,steer,c045,-0.46825408935546875,-0.3629283905029297,0.0584307536482811,1.5502644777297974
4.0,eval,d,16,steer,c011,-0.4279031753540039,-0.3058605194091797,0.0584307536482811,1.5502644777297974
4.0,eval,d,16,steer,c020,-0.4880990982055664,-0.3344144821166992,0.0584307536482811,1.5502644777297974
4.0,eval,d,16,steer,c044,-0.42817211151123047,-0.35817813873291016,0.0584307536482811,1.5502644777297974
4.0,eval,d,16,steer,c016,-0.22600078582763672,-0.4072885513305664,0.0584307536482811,1.5502644777297974
4.0,eval,d,16,steer,c056,-0.2265949249267578,-0.45464324951171875,0.0584307536482811,1.5502644777297974
4.0,eval,d,16,steer,c025,-0.1663808822631836,-0.33468151092529297,0.0584307536482811,1.5502644777297974
4.0,eval,d,16,steer,c029,0.06316184997558594,-0.38041210174560547,0.0584307536482811,1.5502644777297974
4.0,eval,d,16,steer,c014,-0.41329097747802734,-0.2893228530883789,0.0584307536482811,1.5502644777297974
4.0,eval,d,16,steer,c002,-0.2969503402709961,-0.3017263412475586,0.0584307536482811,1.5502644777297974
4.0,eval,d,16,steer,c023,-0.21625232696533203,-0.3546142578125,0.0584307536482811,1.5502644777297974
4.0,eval,d,16,steer,c046,-0.18813323974609375,-0.40482044219970703,0.0584307536482811,1.5502644777297974
4.0,eval,d,16,steer,c022,-0.2767333984375,-0.3839998245239258,0.0584307536482811,1.5502644777297974
4.0,eval,d,16,steer,c050,-0.3364896774291992,-0.3062458038330078,0.0584307536482811,1.5502644777297974
4.0,deploy,d,16,steer,c006,-0.6741819381713867,-0.2777376174926758,0.053414780646562576,1.5313074588775635
4.0,deploy,d,16,steer,c017,-0.49730968475341797,-0.3234596252441406,0.053414780646562576,1.5313074588775635
4.0,deploy,d,16,steer,c039,-0.4263792037963867,-0.33710193634033203,0.053414780646562576,1.5313074588775635
4.0,deploy,d,16,steer,c036,-0.4761533737182617,-0.44039249420166016,0.053414780646562576,1.5313074588775635
4.0,deploy,d,16,steer,c009,-0.7065610885620117,-0.17249774932861328,0.053414780646562576,1.5313074588775635
4.0,deploy,d,16,steer,c000,-0.6295547485351562,-0.2376871109008789,0.053414780646562576,1.5313074588775635
4.0,deploy,d,16,steer,c013,-0.3794431686401367,-0.2987184524536133,0.053414780646562576,1.5313074588775635
4.0,deploy,d,16,steer,c049,-0.6353979110717773,-0.07381820678710938,0.053414780646562576,1.5313074588775635
4.0,deploy,d,16,steer,c058,-0.7443685531616211,-0.14293479919433594,0.053414780646562576,1.5313074588775635
4.0,deploy,d,16,steer,c024,-0.7067651748657227,-0.3102254867553711,0.053414780646562576,1.5313074588775635
4.0,deploy,d,16,steer,c042,-0.813481330871582,-0.2503948211669922,0.053414780646562576,1.5313074588775635
4.0,deploy,d,16,steer,c047,-0.4136219024658203,-0.3754396438598633,0.053414780646562576,1.5313074588775635
4.0,deploy,d,16,steer,c043,-0.6329231262207031,-0.3154621124267578,0.053414780646562576,1.5313074588775635
4.0,deploy,d,16,steer,c003,-0.9572477340698242,-0.1931934356689453,0.053414780646562576,1.5313074588775635
4.0,deploy,d,16,steer,c041,-0.4782876968383789,-0.3845062255859375,0.053414780646562576,1.5313074588775635
4.0,deploy,d,16,steer,c008,-0.643402099609375,-0.3004026412963867,0.053414780646562576,1.5313074588775635
4.0,deploy,d,16,steer,c045,-0.9331789016723633,-0.2601461410522461,0.053414780646562576,1.5313074588775635
4.0,deploy,d,16,steer,c011,-0.4750833511352539,-0.29298973083496094,0.053414780646562576,1.5313074588775635
4.0,deploy,d,16,steer,c020,-0.5539646148681641,-0.2954444885253906,0.053414780646562576,1.5313074588775635
4.0,deploy,d,16,steer,c044,-0.6831607818603516,-0.34564971923828125,0.053414780646562576,1.5313074588775635
4.0,deploy,d,16,steer,c016,-0.4136953353881836,-0.32455921173095703,0.053414780646562576,1.5313074588775635
4.0,deploy,d,16,steer,c056,-0.43723011016845703,-0.4508066177368164,0.053414780646562576,1.5313074588775635
4.0,deploy,d,16,steer,c025,-0.47095584869384766,-0.29300594329833984,0.053414780646562576,1.5313074588775635
4.0,deploy,d,16,steer,c029,-0.8897552490234375,-0.12776756286621094,0.053414780646562576,1.5313074588775635
4.0,deploy,d,16,steer,c014,-0.5692758560180664,-0.3213176727294922,0.053414780646562576,1.5313074588775635
4.0,deploy,d,16,steer,c002,-0.5642662048339844,-0.305206298828125,0.053414780646562576,1.5313074588775635
4.0,deploy,d,16,steer,c023,-0.6034135818481445,-0.33373260498046875,0.053414780646562576,1.5313074588775635
4.0,deploy,d,16,steer,c046,-0.4380970001220703,-0.3757171630859375,0.053414780646562576,1.5313074588775635
4.0,deploy,d,16,steer,c022,-0.6068792343139648,-0.33239269256591797,0.053414780646562576,1.5313074588775635
4.0,deploy,d,16,steer,c050,-0.30907154083251953,-0.3212699890136719,0.053414780646562576,1.5313074588775635
4.0,deploy,d,16,steer,c006,-0.7731571197509766,-0.23515987396240234,0.053414780646562576,1.5313074588775635
4.0,deploy,d,16,steer,c017,-0.5176420211791992,-0.26262664794921875,0.053414780646562576,1.5313074588775635
4.0,deploy,d,16,steer,c039,-0.4099454879760742,-0.2635059356689453,0.053414780646562576,1.5313074588775635
4.0,deploy,d,16,steer,c036,-0.4747161865234375,-0.39412784576416016,0.053414780646562576,1.5313074588775635
4.0,deploy,d,16,steer,c009,-0.7167797088623047,-0.23180007934570312,0.053414780646562576,1.5313074588775635
4.0,deploy,d,16,steer,c000,-0.8471269607543945,-0.23636531829833984,0.053414780646562576,1.5313074588775635
4.0,deploy,d,16,steer,c013,-0.37465476989746094,-0.2853565216064453,0.053414780646562576,1.5313074588775635
4.0,deploy,d,16,steer,c049,-1.0770692825317383,0.00321197509765625,0.053414780646562576,1.5313074588775635
4.0,deploy,d,16,steer,c058,-0.785761833190918,-0.2063283920288086,0.053414780646562576,1.5313074588775635
4.0,deploy,d,16,steer,c024,-0.5892734527587891,-0.3375701904296875,0.053414780646562576,1.5313074588775635
4.0,deploy,d,16,steer,c042,-0.7846441268920898,-0.3113088607788086,0.053414780646562576,1.5313074588775635
4.0,deploy,d,16,steer,c047,-0.5456743240356445,-0.3439302444458008,0.053414780646562576,1.5313074588775635
4.0,deploy,d,16,steer,c043,-0.43389415740966797,-0.4541492462158203,0.053414780646562576,1.5313074588775635
4.0,deploy,d,16,steer,c003,-0.7682933807373047,-0.2627086639404297,0.053414780646562576,1.5313074588775635
4.0,deploy,d,16,steer,c041,-0.6811790466308594,-0.25690555572509766,0.053414780646562576,1.5313074588775635
4.0,deploy,d,16,steer,c008,-0.8044700622558594,-0.19675922393798828,0.053414780646562576,1.5313074588775635
4.0,deploy,d,16,steer,c045,-0.5715227127075195,-0.3953113555908203,0.053414780646562576,1.5313074588775635
4.0,deploy,d,16,steer,c011,-0.49011802673339844,-0.2737693786621094,0.053414780646562576,1.5313074588775635
4.0,deploy,d,16,steer,c020,-0.6083717346191406,-0.3442831039428711,0.053414780646562576,1.5313074588775635
4.0,deploy,d,16,steer,c044,-0.7596426010131836,-0.30333423614501953,0.053414780646562576,1.5313074588775635
4.0,deploy,d,16,steer,c016,-0.3996267318725586,-0.31224918365478516,0.053414780646562576,1.5313074588775635
4.0,deploy,d,16,steer,c056,-0.2961311340332031,-0.4711494445800781,0.053414780646562576,1.5313074588775635
4.0,deploy,d,16,steer,c025,-0.5143251419067383,-0.2899913787841797,0.053414780646562576,1.5313074588775635
4.0,deploy,d,16,steer,c029,-0.6848745346069336,-0.2788553237915039,0.053414780646562576,1.5313074588775635
4.0,deploy,d,16,steer,c014,-0.7479887008666992,-0.36235523223876953,0.053414780646562576,1.5313074588775635
4.0,deploy,d,16,steer,c002,-0.7614870071411133,-0.25243473052978516,0.053414780646562576,1.5313074588775635
4.0,deploy,d,16,steer,c023,-0.8886079788208008,-0.2529869079589844,0.053414780646562576,1.5313074588775635
4.0,deploy,d,16,steer,c046,-0.5045785903930664,-0.2331686019897461,0.053414780646562576,1.5313074588775635
4.0,deploy,d,16,steer,c022,-0.5852327346801758,-0.30721092224121094,0.053414780646562576,1.5313074588775635
4.0,deploy,d,16,steer,c050,-0.3835868835449219,-0.29409122467041016,0.053414780646562576,1.5313074588775635
4.0,eval,random,16,steer,c006,0.24925835927327475,0.22542413075764975,0.09183179214596748,1.3564985990524292
4.0,eval,random,16,steer,c017,0.4545103708902995,0.24538103739420575,0.09183179214596748,1.3564985990524292
4.0,eval,random,16,steer,c039,0.26911195119222003,0.2535279591878255,0.09183179214596748,1.3564985990524292
4.0,eval,random,16,steer,c036,0.3191232681274414,0.3027305603027344,0.09183179214596748,1.3564985990524292
4.0,eval,random,16,steer,c009,0.09175523122151692,0.22957547505696613,0.09183179214596748,1.3564985990524292
4.0,eval,random,16,steer,c000,0.3861665725708008,0.22928524017333984,0.09183179214596748,1.3564985990524292
4.0,eval,random,16,steer,c013,1.1837104161580403,0.2009843190511067,0.09183179214596748,1.3564985990524292
4.0,eval,random,16,steer,c049,0.8271729151407877,0.2276684443155924,0.09183179214596748,1.3564985990524292
4.0,eval,random,16,steer,c058,0.7168788909912109,0.2157745361328125,0.09183179214596748,1.3564985990524292
4.0,eval,random,16,steer,c024,0.5852473576863607,0.25484212239583337,0.09183179214596748,1.3564985990524292
4.0,eval,random,16,steer,c042,0.4903891881306966,0.2486766179402669,0.09183179214596748,1.3564985990524292
4.0,eval,random,16,steer,c047,0.6117830276489258,0.2555427551269531,0.09183179214596748,1.3564985990524292
4.0,eval,random,16,steer,c043,0.5661598841349283,0.18163553873697913,0.09183179214596748,1.3564985990524292
4.0,eval,random,16,steer,c003,-0.04275067647298177,0.233522097269694,0.09183179214596748,1.3564985990524292
4.0,eval,random,16,steer,c041,0.5995601018269857,0.2111285527547201,0.09183179214596748,1.3564985990524292
4.0,eval,random,16,steer,c008,0.08116722106933594,0.25063133239746094,0.09183179214596748,1.3564985990524292
4.0,eval,random,16,steer,c045,0.9716196060180664,0.2275543212890625,0.09183179214596748,1.3564985990524292
4.0,eval,random,16,steer,c011,0.12251853942871094,0.18313884735107422,0.09183179214596748,1.3564985990524292
4.0,eval,random,16,steer,c020,1.0108648935953777,0.23868719736735033,0.09183179214596748,1.3564985990524292
4.0,eval,random,16,steer,c044,1.0809561411539714,0.188921610514323,0.09183179214596748,1.3564985990524292
4.0,eval,random,16,steer,c016,0.17458343505859375,0.2813911437988281,0.09183179214596748,1.3564985990524292
4.0,eval,random,16,steer,c056,0.7240308125813802,0.3076690038045248,0.09183179214596748,1.3564985990524292
4.0,eval,random,16,steer,c025,0.5627470016479492,0.2866659164428711,0.09183179214596748,1.3564985990524292
4.0,eval,random,16,steer,c029,0.05522982279459635,0.20722262064615884,0.09183179214596748,1.3564985990524292
4.0,eval,random,16,steer,c014,0.5598357518513998,0.1649268468221029,0.09183179214596748,1.3564985990524292
4.0,eval,random,16,steer,c002,0.11542987823486328,0.2537508010864258,0.09183179214596748,1.3564985990524292
4.0,eval,random,16,steer,c023,0.22385342915852866,0.23424847920735678,0.09183179214596748,1.3564985990524292
4.0,eval,random,16,steer,c046,0.4705772399902344,0.2534217834472656,0.09183179214596748,1.3564985990524292
4.0,eval,random,16,steer,c022,0.2738107045491536,0.23708279927571613,0.09183179214596748,1.3564985990524292
4.0,eval,random,16,steer,c050,0.7293189366658529,0.28456528981526696,0.09183179214596748,1.3564985990524292
4.0,eval,random,16,steer,c006,0.011874516805013021,0.26427777608235675,0.09183179214596748,1.3564985990524292
4.0,eval,random,16,steer,c017,0.6379019419352213,0.22733656565348304,0.09183179214596748,1.3564985990524292
4.0,eval,random,16,steer,c039,0.5213336944580078,0.26619434356689453,0.09183179214596748,1.3564985990524292
4.0,eval,random,16,steer,c036,0.6872949600219727,0.25363922119140625,0.09183179214596748,1.3564985990524292
4.0,eval,random,16,steer,c009,0.3251228332519531,0.26566314697265625,0.09183179214596748,1.3564985990524292
4.0,eval,random,16,steer,c000,-0.031678199768066406,0.25554847717285156,0.09183179214596748,1.3564985990524292
4.0,eval,random,16,steer,c013,0.2451000213623047,0.2347393035888672,0.09183179214596748,1.3564985990524292
4.0,eval,random,16,steer,c049,0.024915377298990887,0.2280136744181315,0.09183179214596748,1.3564985990524292
4.0,eval,random,16,steer,c058,0.013182957967122396,0.2139857610066732,0.09183179214596748,1.3564985990524292
4.0,eval,random,16,steer,c024,0.25954532623291016,0.2326374053955078,0.09183179214596748,1.3564985990524292
4.0,eval,random,16,steer,c042,0.19717788696289062,0.21448707580566406,0.09183179214596748,1.3564985990524292
4.0,eval,random,16,steer,c047,0.4687325159708659,0.21817652384440106,0.09183179214596748,1.3564985990524292
4.0,eval,random,16,steer,c043,0.3075682322184245,0.22394529978434247,0.09183179214596748,1.3564985990524292
4.0,eval,random,16,steer,c003,-0.0066986083984375,0.25730133056640625,0.09183179214596748,1.3564985990524292
4.0,eval,random,16,steer,c041,0.4831234614054362,0.22594134012858075,0.09183179214596748,1.3564985990524292
4.0,eval,random,16,steer,c008,0.33422311147054035,0.26858361562093097,0.09183179214596748,1.3564985990524292
4.0,eval,random,16,steer,c045,0.16945966084798178,0.27478535970052087,0.09183179214596748,1.3564985990524292
4.0,eval,random,16,steer,c011,0.10465017954508464,0.22669283548990887,0.09183179214596748,1.3564985990524292
4.0,eval,random,16,steer,c020,0.12439632415771484,0.27808094024658203,0.09183179214596748,1.3564985990524292
4.0,eval,random,16,steer,c044,0.16294987996419272,0.23294385274251303,0.09183179214596748,1.3564985990524292
4.0,eval,random,16,steer,c016,0.46020062764485675,0.27891286214192706,0.09183179214596748,1.3564985990524292
4.0,eval,random,16,steer,c056,0.4959818522135417,0.26793352762858075,0.09183179214596748,1.3564985990524292
4.0,eval,random,16,steer,c025,0.3795938491821289,0.21129322052001953,0.09183179214596748,1.3564985990524292
4.0,eval,random,16,steer,c029,0.6781959533691406,0.23462200164794922,0.09183179214596748,1.3564985990524292
4.0,eval,random,16,steer,c014,0.08337910970052083,0.20734723409016925,0.09183179214596748,1.3564985990524292
4.0,eval,random,16,steer,c002,0.23609034220377603,0.23131434122721353,0.09183179214596748,1.3564985990524292
4.0,eval,random,16,steer,c023,0.34538936614990234,0.20702743530273438,0.09183179214596748,1.3564985990524292
4.0,eval,random,16,steer,c046,0.4404643376668294,0.22377713521321613,0.09183179214596748,1.3564985990524292
4.0,eval,random,16,steer,c022,0.36358388264973956,0.2563174565633138,0.09183179214596748,1.3564985990524292
4.0,eval,random,16,steer,c050,0.21724541982014975,0.24748929341634116,0.09183179214596748,1.3564985990524292
6.0,eval,d,16,steer,c006,-0.4157075881958008,-0.4395418167114258,0.10925175249576569,1.563575029373169
6.0,eval,d,16,steer,c017,-0.22482013702392578,-0.43394947052001953,0.10925175249576569,1.563575029373169
6.0,eval,d,16,steer,c039,-0.4279470443725586,-0.4435310363769531,0.10925175249576569,1.563575029373169
6.0,eval,d,16,steer,c036,-0.505335807800293,-0.521728515625,0.10925175249576569,1.563575029373169
6.0,eval,d,16,steer,c009,-0.5086984634399414,-0.3708782196044922,0.10925175249576569,1.563575029373169
6.0,eval,d,16,steer,c000,-0.32091617584228516,-0.4777975082397461,0.10925175249576569,1.563575029373169
6.0,eval,d,16,steer,c013,0.3437662124633789,-0.6389598846435547,0.10925175249576569,1.563575029373169
6.0,eval,d,16,steer,c049,0.09225845336914062,-0.5072460174560547,0.10925175249576569,1.563575029373169
6.0,eval,d,16,steer,c058,-0.07924079895019531,-0.5803451538085938,0.10925175249576569,1.563575029373169
6.0,eval,d,16,steer,c024,-0.20273971557617188,-0.5331449508666992,0.10925175249576569,1.563575029373169
6.0,eval,d,16,steer,c042,-0.3025970458984375,-0.5443096160888672,0.10925175249576569,1.563575029373169
6.0,eval,d,16,steer,c047,-0.219085693359375,-0.5753259658813477,0.10925175249576569,1.563575029373169
6.0,eval,d,16,steer,c043,-0.2954978942871094,-0.6800222396850586,0.10925175249576569,1.563575029373169
6.0,eval,d,16,steer,c003,-0.5924825668334961,-0.3162097930908203,0.10925175249576569,1.563575029373169
6.0,eval,d,16,steer,c041,-0.19623088836669922,-0.5846624374389648,0.10925175249576569,1.563575029373169
6.0,eval,d,16,steer,c008,-0.5326128005981445,-0.36314868927001953,0.10925175249576569,1.563575029373169
6.0,eval,d,16,steer,c045,0.07575511932373047,-0.6683101654052734,0.10925175249576569,1.563575029373169
6.0,eval,d,16,steer,c011,-0.4324159622192383,-0.371795654296875,0.10925175249576569,1.563575029373169
6.0,eval,d,16,steer,c020,0.13057708740234375,-0.6416006088256836,0.10925175249576569,1.563575029373169
6.0,eval,d,16,steer,c044,0.1737833023071289,-0.7182512283325195,0.10925175249576569,1.563575029373169
6.0,eval,d,16,steer,c016,-0.48716259002685547,-0.3803548812866211,0.10925175249576569,1.563575029373169
6.0,eval,d,16,steer,c056,-0.2504749298095703,-0.6668367385864258,0.10925175249576569,1.563575029373169
6.0,eval,d,16,steer,c025,-0.2653322219848633,-0.5414133071899414,0.10925175249576569,1.563575029373169
6.0,eval,d,16,steer,c029,-0.48050498962402344,-0.32851219177246094,0.10925175249576569,1.563575029373169
6.0,eval,d,16,steer,c014,-0.2599811553955078,-0.6548900604248047,0.10925175249576569,1.563575029373169
6.0,eval,d,16,steer,c002,-0.4900226593017578,-0.3517017364501953,0.10925175249576569,1.563575029373169
6.0,eval,d,16,steer,c023,-0.4129495620727539,-0.4025545120239258,0.10925175249576569,1.563575029373169
6.0,eval,d,16,steer,c046,-0.26920032501220703,-0.4863557815551758,0.10925175249576569,1.563575029373169
6.0,eval,d,16,steer,c022,-0.34939002990722656,-0.38611793518066406,0.10925175249576569,1.563575029373169
6.0,eval,d,16,steer,c050,-0.09903335571289062,-0.5437870025634766,0.10925175249576569,1.563575029373169
6.0,eval,d,16,steer,c006,-0.5923967361450195,-0.3399934768676758,0.10925175249576569,1.563575029373169
6.0,eval,d,16,steer,c017,-0.09877300262451172,-0.50933837890625,0.10925175249576569,1.563575029373169
6.0,eval,d,16,steer,c039,-0.27186107635498047,-0.5270004272460938,0.10925175249576569,1.563575029373169
6.0,eval,d,16,steer,c036,-0.21397972106933594,-0.6476354598999023,0.10925175249576569,1.563575029373169
6.0,eval,d,16,steer,c009,-0.4250831604003906,-0.4845428466796875,0.10925175249576569,1.563575029373169
6.0,eval,d,16,steer,c000,-0.6285228729248047,-0.3412961959838867,0.10925175249576569,1.563575029373169
6.0,eval,d,16,steer,c013,-0.4099588394165039,-0.4203195571899414,0.10925175249576569,1.563575029373169
6.0,eval,d,16,steer,c049,-0.5404806137084961,-0.33738231658935547,0.10925175249576569,1.563575029373169
6.0,eval,d,16,steer,c058,-0.5757331848144531,-0.37493038177490234,0.10925175249576569,1.563575029373169
6.0,eval,d,16,steer,c024,-0.43439579010009766,-0.4613037109375,0.10925175249576569,1.563575029373169
6.0,eval,d,16,steer,c042,-0.470703125,-0.45339393615722656,0.10925175249576569,1.563575029373169
6.0,eval,d,16,steer,c047,-0.2546529769897461,-0.5052089691162109,0.10925175249576569,1.563575029373169
6.0,eval,d,16,steer,c043,-0.45438098907470703,-0.5380039215087891,0.10925175249576569,1.563575029373169
6.0,eval,d,16,steer,c003,-0.639286994934082,-0.3752870559692383,0.10925175249576569,1.563575029373169
6.0,eval,d,16,steer,c041,-0.3364267349243164,-0.5936088562011719,0.10925175249576569,1.563575029373169
6.0,eval,d,16,steer,c008,-0.3511695861816406,-0.41680908203125,0.10925175249576569,1.563575029373169
6.0,eval,d,16,steer,c045,-0.5673713684082031,-0.46204566955566406,0.10925175249576569,1.563575029373169
6.0,eval,d,16,steer,c011,-0.4962806701660156,-0.3742380142211914,0.10925175249576569,1.563575029373169
6.0,eval,d,16,steer,c020,-0.5329513549804688,-0.37926673889160156,0.10925175249576569,1.563575029373169
6.0,eval,d,16,steer,c044,-0.5344066619873047,-0.4644126892089844,0.10925175249576569,1.563575029373169
6.0,eval,d,16,steer,c016,-0.30910682678222656,-0.49039459228515625,0.10925175249576569,1.563575029373169
6.0,eval,d,16,steer,c056,-0.3641233444213867,-0.5921716690063477,0.10925175249576569,1.563575029373169
6.0,eval,d,16,steer,c025,-0.2596931457519531,-0.4279937744140625,0.10925175249576569,1.563575029373169
6.0,eval,d,16,steer,c029,-0.08814811706542969,-0.5317220687866211,0.10925175249576569,1.563575029373169
6.0,eval,d,16,steer,c014,-0.48997020721435547,-0.36600208282470703,0.10925175249576569,1.563575029373169
6.0,eval,d,16,steer,c002,-0.3676109313964844,-0.3723869323730469,0.10925175249576569,1.563575029373169
6.0,eval,d,16,steer,c023,-0.30992794036865234,-0.4482898712158203,0.10925175249576569,1.563575029373169
6.0,eval,d,16,steer,c046,-0.3024911880493164,-0.5191783905029297,0.10925175249576569,1.563575029373169
6.0,eval,d,16,steer,c022,-0.37848567962646484,-0.4857521057128906,0.10925175249576569,1.563575029373169
6.0,eval,d,16,steer,c050,-0.4015960693359375,-0.3713521957397461,0.10925175249576569,1.563575029373169
6.0,deploy,d,16,steer,c006,-0.7233047485351562,-0.3268604278564453,0.09969927370548248,1.5516144037246704
6.0,deploy,d,16,steer,c017,-0.55560302734375,-0.38175296783447266,0.09969927370548248,1.5516144037246704
6.0,deploy,d,16,steer,c039,-0.5432357788085938,-0.45395851135253906,0.09969927370548248,1.5516144037246704
6.0,deploy,d,16,steer,c036,-0.6018037796020508,-0.5660429000854492,0.09969927370548248,1.5516144037246704
6.0,deploy,d,16,steer,c009,-0.7450618743896484,-0.21099853515625,0.09969927370548248,1.5516144037246704
6.0,deploy,d,16,steer,c000,-0.673060417175293,-0.2811927795410156,0.09969927370548248,1.5516144037246704
6.0,deploy,d,16,steer,c013,-0.4611339569091797,-0.38040924072265625,0.09969927370548248,1.5516144037246704
6.0,deploy,d,16,steer,c049,-0.6345949172973633,-0.07301521301269531,0.09969927370548248,1.5516144037246704
6.0,deploy,d,16,steer,c058,-0.7490596771240234,-0.14762592315673828,0.09969927370548248,1.5516144037246704
6.0,deploy,d,16,steer,c024,-0.7575855255126953,-0.36104583740234375,0.09969927370548248,1.5516144037246704
6.0,deploy,d,16,steer,c042,-0.8438634872436523,-0.2807769775390625,0.09969927370548248,1.5516144037246704
6.0,deploy,d,16,steer,c047,-0.5194787979125977,-0.4812965393066406,0.09969927370548248,1.5516144037246704
6.0,deploy,d,16,steer,c043,-0.6980457305908203,-0.380584716796875,0.09969927370548248,1.5516144037246704
6.0,deploy,d,16,steer,c003,-0.9381065368652344,-0.17405223846435547,0.09969927370548248,1.5516144037246704
6.0,deploy,d,16,steer,c041,-0.5979900360107422,-0.5042085647583008,0.09969927370548248,1.5516144037246704
6.0,deploy,d,16,steer,c008,-0.7364473342895508,-0.3934478759765625,0.09969927370548248,1.5516144037246704
6.0,deploy,d,16,steer,c045,-0.9677963256835938,-0.29476356506347656,0.09969927370548248,1.5516144037246704
6.0,deploy,d,16,steer,c011,-0.5283269882202148,-0.3462333679199219,0.09969927370548248,1.5516144037246704
6.0,deploy,d,16,steer,c020,-0.6156864166259766,-0.3571662902832031,0.09969927370548248,1.5516144037246704
6.0,deploy,d,16,steer,c044,-0.7451257705688477,-0.40761470794677734,0.09969927370548248,1.5516144037246704
6.0,deploy,d,16,steer,c016,-0.47832202911376953,-0.38918590545654297,0.09969927370548248,1.5516144037246704
6.0,deploy,d,16,steer,c056,-0.5456676483154297,-0.5592441558837891,0.09969927370548248,1.5516144037246704
6.0,deploy,d,16,steer,c025,-0.5319299697875977,-0.35398006439208984,0.09969927370548248,1.5516144037246704
6.0,deploy,d,16,steer,c029,-0.8938150405883789,-0.13182735443115234,0.09969927370548248,1.5516144037246704
6.0,deploy,d,16,steer,c014,-0.6436281204223633,-0.39566993713378906,0.09969927370548248,1.5516144037246704
6.0,deploy,d,16,steer,c002,-0.6153535842895508,-0.3562936782836914,0.09969927370548248,1.5516144037246704
6.0,deploy,d,16,steer,c023,-0.6757001876831055,-0.4060192108154297,0.09969927370548248,1.5516144037246704
6.0,deploy,d,16,steer,c046,-0.5345649719238281,-0.4721851348876953,0.09969927370548248,1.5516144037246704
6.0,deploy,d,16,steer,c022,-0.6674747467041016,-0.3929882049560547,0.09969927370548248,1.5516144037246704
6.0,deploy,d,16,steer,c050,-0.39381885528564453,-0.4060173034667969,0.09969927370548248,1.5516144037246704
6.0,deploy,d,16,steer,c006,-0.7983875274658203,-0.2603902816772461,0.09969927370548248,1.5516144037246704
6.0,deploy,d,16,steer,c017,-0.567164421081543,-0.3121490478515625,0.09969927370548248,1.5516144037246704
6.0,deploy,d,16,steer,c039,-0.5057582855224609,-0.35931873321533203,0.09969927370548248,1.5516144037246704
6.0,deploy,d,16,steer,c036,-0.5898914337158203,-0.509303092956543,0.09969927370548248,1.5516144037246704
6.0,deploy,d,16,steer,c009,-0.7665529251098633,-0.2815732955932617,0.09969927370548248,1.5516144037246704
6.0,deploy,d,16,steer,c000,-0.8703336715698242,-0.25957202911376953,0.09969927370548248,1.5516144037246704
6.0,deploy,d,16,steer,c013,-0.44655418395996094,-0.3572559356689453,0.09969927370548248,1.5516144037246704
6.0,deploy,d,16,steer,c049,-1.0140256881713867,0.06625556945800781,0.09969927370548248,1.5516144037246704
6.0,deploy,d,16,steer,c058,-0.8142166137695312,-0.23478317260742188,0.09969927370548248,1.5516144037246704
6.0,deploy,d,16,steer,c024,-0.6462068557739258,-0.3945035934448242,0.09969927370548248,1.5516144037246704
6.0,deploy,d,16,steer,c042,-0.8352689743041992,-0.36193370819091797,0.09969927370548248,1.5516144037246704
6.0,deploy,d,16,steer,c047,-0.6178255081176758,-0.41608142852783203,0.09969927370548248,1.5516144037246704
6.0,deploy,d,16,steer,c043,-0.5758724212646484,-0.5961275100708008,0.09969927370548248,1.5516144037246704
6.0,deploy,d,16,steer,c003,-0.7960033416748047,-0.2904186248779297,0.09969927370548248,1.5516144037246704
6.0,deploy,d,16,steer,c041,-0.7256078720092773,-0.3013343811035156,0.09969927370548248,1.5516144037246704
6.0,deploy,d,16,steer,c008,-0.8492345809936523,-0.24152374267578125,0.09969927370548248,1.5516144037246704
6.0,deploy,d,16,steer,c045,-0.68438720703125,-0.5081758499145508,0.09969927370548248,1.5516144037246704
6.0,deploy,d,16,steer,c011,-0.5311985015869141,-0.314849853515625,0.09969927370548248,1.5516144037246704
6.0,deploy,d,16,steer,c020,-0.6817531585693359,-0.4176645278930664,0.09969927370548248,1.5516144037246704
6.0,deploy,d,16,steer,c044,-0.8158607482910156,-0.35955238342285156,0.09969927370548248,1.5516144037246704
6.0,deploy,d,16,steer,c016,-0.4609861373901367,-0.3736085891723633,0.09969927370548248,1.5516144037246704
6.0,deploy,d,16,steer,c056,-0.4405364990234375,-0.6155548095703125,0.09969927370548248,1.5516144037246704
6.0,deploy,d,16,steer,c025,-0.5606241226196289,-0.3362903594970703,0.09969927370548248,1.5516144037246704
6.0,deploy,d,16,steer,c029,-0.7554311752319336,-0.3494119644165039,0.09969927370548248,1.5516144037246704
6.0,deploy,d,16,steer,c014,-0.8204879760742188,-0.43485450744628906,0.09969927370548248,1.5516144037246704
6.0,deploy,d,16,steer,c002,-0.7791452407836914,-0.2700929641723633,0.09969927370548248,1.5516144037246704
6.0,deploy,d,16,steer,c023,-0.9010467529296875,-0.2654256820678711,0.09969927370548248,1.5516144037246704
6.0,deploy,d,16,steer,c046,-0.5432567596435547,-0.2718467712402344,0.09969927370548248,1.5516144037246704
6.0,deploy,d,16,steer,c022,-0.6348638534545898,-0.356842041015625,0.09969927370548248,1.5516144037246704
6.0,deploy,d,16,steer,c050,-0.46367835998535156,-0.37418270111083984,0.09969927370548248,1.5516144037246704
6.0,eval,random,16,steer,c006,0.2689778010050456,0.2451435724894206,0.1712754194935163,1.3010129928588867
6.0,eval,random,16,steer,c017,0.4794425964355469,0.2703132629394531,0.1712754194935163,1.3010129928588867
6.0,eval,random,16,steer,c039,0.2986303965250651,0.2830464045206706,0.1712754194935163,1.3010129928588867
6.0,eval,random,16,steer,c036,0.36043262481689453,0.3440399169921875,0.1712754194935163,1.3010129928588867
6.0,eval,random,16,steer,c009,0.1473391850789388,0.28515942891438806,0.1712754194935163,1.3010129928588867
6.0,eval,random,16,steer,c000,0.4087454477945964,0.25186411539713544,0.1712754194935163,1.3010129928588867
6.0,eval,random,16,steer,c013,1.1506153742472331,0.16788927714029955,0.1712754194935163,1.3010129928588867
6.0,eval,random,16,steer,c049,0.8347053527832031,0.2352008819580078,0.1712754194935163,1.3010129928588867
6.0,eval,random,16,steer,c058,0.7349344889322916,0.2338301340738932,0.1712754194935163,1.3010129928588867
6.0,eval,random,16,steer,c024,0.6382468541463217,0.3078416188557943,0.1712754194935163,1.3010129928588867
6.0,eval,random,16,steer,c042,0.5253845850626627,0.28367201487223304,0.1712754194935163,1.3010129928588867
6.0,eval,random,16,steer,c047,0.6331828435262045,0.2769425710042318,0.1712754194935163,1.3010129928588867
6.0,eval,random,16,steer,c043,0.5702050526936849,0.18568070729573571,0.1712754194935163,1.3010129928588867
6.0,eval,random,16,steer,c003,-0.0061410268147786455,0.27013174692789715,0.1712754194935163,1.3010129928588867
6.0,eval,random,16,steer,c041,0.5987176895141602,0.21028614044189453,0.1712754194935163,1.3010129928588867
6.0,eval,random,16,steer,c008,0.130281130472819,0.299745241800944,0.1712754194935163,1.3010129928588867
6.0,eval,random,16,steer,c045,0.9721533457438151,0.22808806101481116,0.1712754194935163,1.3010129928588867
6.0,eval,random,16,steer,c011,0.13758405049641928,0.19820435841878256,0.1712754194935163,1.3010129928588867
6.0,eval,random,16,steer,c020,1.022762616475423,0.25058492024739576,0.1712754194935163,1.3010129928588867
6.0,eval,random,16,steer,c044,1.0638287862141926,0.1717942555745442,0.1712754194935163,1.3010129928588867
6.0,eval,random,16,steer,c016,0.22657489776611328,0.33338260650634766,0.1712754194935163,1.3010129928588867
6.0,eval,random,16,steer,c056,0.7750940322875977,0.3587322235107422,0.1712754194935163,1.3010129928588867
6.0,eval,random,16,steer,c025,0.6381750106811523,0.3620939254760742,0.1712754194935163,1.3010129928588867
6.0,eval,random,16,steer,c029,0.11052735646565755,0.26252015431722003,0.1712754194935163,1.3010129928588867
6.0,eval,random,16,steer,c014,0.5366586049397787,0.1417496999104818,0.1712754194935163,1.3010129928588867
6.0,eval,random,16,steer,c002,0.1605997085571289,0.2989206314086914,0.1712754194935163,1.3010129928588867
6.0,eval,random,16,steer,c023,0.27406946818033856,0.2844645182291667,0.1712754194935163,1.3010129928588867
6.0,eval,random,16,steer,c046,0.5187447865804037,0.30158933003743493,0.1712754194935163,1.3010129928588867
6.0,eval,random,16,steer,c022,0.32863426208496094,0.29190635681152344,0.1712754194935163,1.3010129928588867
6.0,eval,random,16,steer,c050,0.7761634190877279,0.33140977223714196,0.1712754194935163,1.3010129928588867
6.0,eval,random,16,steer,c006,0.0666341781616211,0.31903743743896484,0.1712754194935163,1.3010129928588867
6.0,eval,random,16,steer,c017,0.627435048421224,0.21686967213948571,0.1712754194935163,1.3010129928588867
6.0,eval,random,16,steer,c039,0.5638081232706705,0.30866877237955725,0.1712754194935163,1.3010129928588867
6.0,eval,random,16,steer,c036,0.6942628224690756,0.26060708363850915,0.1712754194935163,1.3010129928588867
6.0,eval,random,16,steer,c009,0.36350536346435547,0.3040456771850586,0.1712754194935163,1.3010129928588867
6.0,eval,random,16,steer,c000,0.02580579121907552,0.31303246815999347,0.1712754194935163,1.3010129928588867
6.0,eval,random,16,steer,c013,0.26073328653971356,0.25037256876627606,0.1712754194935163,1.3010129928588867
6.0,eval,random,16,steer,c049,0.07700093587239583,0.28009923299153644,0.1712754194935163,1.3010129928588867
6.0,eval,random,16,steer,c058,0.06097539265950521,0.26177819569905597,0.1712754194935163,1.3010129928588867
6.0,eval,random,16,steer,c024,0.2981255849202474,0.27121766408284503,0.1712754194935163,1.3010129928588867
6.0,eval,random,16,steer,c042,0.2147531509399414,0.23206233978271484,0.1712754194935163,1.3010129928588867
6.0,eval,random,16,steer,c047,0.5016676584879557,0.25111166636149085,0.1712754194935163,1.3010129928588867
6.0,eval,random,16,steer,c043,0.3416767120361328,0.2580537796020508,0.1712754194935163,1.3010129928588867
6.0,eval,random,16,steer,c003,0.030426979064941406,0.29442691802978516,0.1712754194935163,1.3010129928588867
6.0,eval,random,16,steer,c041,0.5256805419921875,0.26849842071533203,0.1712754194935163,1.3010129928588867
6.0,eval,random,16,steer,c008,0.4052753448486328,0.33963584899902344,0.1712754194935163,1.3010129928588867
6.0,eval,random,16,steer,c045,0.21786022186279297,0.32318592071533203,0.1712754194935163,1.3010129928588867
6.0,eval,random,16,steer,c011,0.12948322296142578,0.25152587890625,0.1712754194935163,1.3010129928588867
6.0,eval,random,16,steer,c020,0.18213176727294922,0.3358163833618164,0.1712754194935163,1.3010129928588867
6.0,eval,random,16,steer,c044,0.20791943868001303,0.27791341145833337,0.1712754194935163,1.3010129928588867
6.0,eval,random,16,steer,c016,0.49825477600097656,0.3169670104980469,0.1712754194935163,1.3010129928588867
6.0,eval,random,16,steer,c056,0.5392452875773112,0.3111969629923502,0.1712754194935163,1.3010129928588867
6.0,eval,random,16,steer,c025,0.41586939493815106,0.24756876627604169,0.1712754194935163,1.3010129928588867
6.0,eval,random,16,steer,c029,0.7018988927205404,0.258324940999349,0.1712754194935163,1.3010129928588867
6.0,eval,random,16,steer,c014,0.10027503967285156,0.2242431640625,0.1712754194935163,1.3010129928588867
6.0,eval,random,16,steer,c002,0.2745517094930013,0.2697757085164388,0.1712754194935163,1.3010129928588867
6.0,eval,random,16,steer,c023,0.38254737854003906,0.2441854476928711,0.1712754194935163,1.3010129928588867
6.0,eval,random,16,steer,c046,0.48894214630126953,0.27225494384765625,0.1712754194935163,1.3010129928588867
6.0,eval,random,16,steer,c022,0.42471154530843097,0.3174451192220052,0.1712754194935163,1.3010129928588867
6.0,eval,random,16,steer,c050,0.2667042414347331,0.2969481150309245,0.1712754194935163,1.3010129928588867
8.0,eval,d,16,steer,c006,-0.3976306915283203,-0.4214649200439453,0.16113290190696716,1.5874333381652832
8.0,eval,d,16,steer,c017,-0.25183677673339844,-0.4609661102294922,0.16113290190696716,1.5874333381652832
8.0,eval,d,16,steer,c039,-0.466796875,-0.48238086700439453,0.16113290190696716,1.5874333381652832
8.0,eval,d,16,steer,c036,-0.5040731430053711,-0.5204658508300781,0.16113290190696716,1.5874333381652832
8.0,eval,d,16,steer,c009,-0.538517951965332,-0.4006977081298828,0.16113290190696716,1.5874333381652832
8.0,eval,d,16,steer,c000,-0.32692909240722656,-0.4838104248046875,0.16113290190696716,1.5874333381652832
8.0,eval,d,16,steer,c013,0.23873615264892578,-0.7439899444580078,0.16113290190696716,1.5874333381652832
8.0,eval,d,16,steer,c049,-0.0012025833129882812,-0.6007070541381836,0.16113290190696716,1.5874333381652832
8.0,eval,d,16,steer,c058,-0.15678119659423828,-0.6578855514526367,0.16113290190696716,1.5874333381652832
8.0,eval,d,16,steer,c024,-0.20491504669189453,-0.5353202819824219,0.16113290190696716,1.5874333381652832
8.0,eval,d,16,steer,c042,-0.3383140563964844,-0.5800266265869141,0.16113290190696716,1.5874333381652832
8.0,eval,d,16,steer,c047,-0.2725200653076172,-0.6287603378295898,0.16113290190696716,1.5874333381652832
8.0,eval,d,16,steer,c043,-0.35703563690185547,-0.7415599822998047,0.16113290190696716,1.5874333381652832
8.0,eval,d,16,steer,c003,-0.5280933380126953,-0.25182056427001953,0.16113290190696716,1.5874333381652832
8.0,eval,d,16,steer,c041,-0.24944019317626953,-0.6378717422485352,0.16113290190696716,1.5874333381652832
8.0,eval,d,16,steer,c008,-0.5625114440917969,-0.3930473327636719,0.16113290190696716,1.5874333381652832
8.0,eval,d,16,steer,c045,-0.0027074813842773438,-0.7467727661132812,0.16113290190696716,1.5874333381652832
8.0,eval,d,16,steer,c011,-0.42021751403808594,-0.35959720611572266,0.16113290190696716,1.5874333381652832
8.0,eval,d,16,steer,c020,0.046378135681152344,-0.725799560546875,0.16113290190696716,1.5874333381652832
8.0,eval,d,16,steer,c044,0.059456825256347656,-0.8325777053833008,0.16113290190696716,1.5874333381652832
8.0,eval,d,16,steer,c016,-0.4535388946533203,-0.34673118591308594,0.16113290190696716,1.5874333381652832
8.0,eval,d,16,steer,c056,-0.29903411865234375,-0.7153959274291992,0.16113290190696716,1.5874333381652832
8.0,eval,d,16,steer,c025,-0.2686910629272461,-0.5447721481323242,0.16113290190696716,1.5874333381652832
8.0,eval,d,16,steer,c029,-0.48082828521728516,-0.32883548736572266,0.16113290190696716,1.5874333381652832
8.0,eval,d,16,steer,c014,-0.3115806579589844,-0.7064895629882812,0.16113290190696716,1.5874333381652832
8.0,eval,d,16,steer,c002,-0.4208822250366211,-0.2825613021850586,0.16113290190696716,1.5874333381652832
8.0,eval,d,16,steer,c023,-0.3884468078613281,-0.3780517578125,0.16113290190696716,1.5874333381652832
8.0,eval,d,16,steer,c046,-0.29195213317871094,-0.5091075897216797,0.16113290190696716,1.5874333381652832
8.0,eval,d,16,steer,c022,-0.35556983947753906,-0.39229774475097656,0.16113290190696716,1.5874333381652832
8.0,eval,d,16,steer,c050,-0.15494060516357422,-0.5996942520141602,0.16113290190696716,1.5874333381652832
8.0,eval,d,16,steer,c006,-0.5402336120605469,-0.2878303527832031,0.16113290190696716,1.5874333381652832
8.0,eval,d,16,steer,c017,-0.16770172119140625,-0.5782670974731445,0.16113290190696716,1.5874333381652832
8.0,eval,d,16,steer,c039,-0.34503841400146484,-0.6001777648925781,0.16113290190696716,1.5874333381652832
8.0,eval,d,16,steer,c036,-0.28598785400390625,-0.7196435928344727,0.16113290190696716,1.5874333381652832
8.0,eval,d,16,steer,c009,-0.47164249420166016,-0.531102180480957,0.16113290190696716,1.5874333381652832
8.0,eval,d,16,steer,c000,-0.6003913879394531,-0.31316471099853516,0.16113290190696716,1.5874333381652832
8.0,eval,d,16,steer,c013,-0.41233158111572266,-0.42269229888916016,0.16113290190696716,1.5874333381652832
8.0,eval,d,16,steer,c049,-0.5261688232421875,-0.3230705261230469,0.16113290190696716,1.5874333381652832
8.0,eval,d,16,steer,c058,-0.571833610534668,-0.3710308074951172,0.16113290190696716,1.5874333381652832
8.0,eval,d,16,steer,c024,-0.3734922409057617,-0.40040016174316406,0.16113290190696716,1.5874333381652832
8.0,eval,d,16,steer,c042,-0.4786090850830078,-0.4612998962402344,0.16113290190696716,1.5874333381652832
8.0,eval,d,16,steer,c047,-0.28524303436279297,-0.5357990264892578,0.16113290190696716,1.5874333381652832
8.0,eval,d,16,steer,c043,-0.4596405029296875,-0.5432634353637695,0.16113290190696716,1.5874333381652832
8.0,eval,d,16,steer,c003,-0.6014204025268555,-0.3374204635620117,0.16113290190696716,1.5874333381652832
8.0,eval,d,16,steer,c041,-0.35669994354248047,-0.6138820648193359,0.16113290190696716,1.5874333381652832
8.0,eval,d,16,steer,c008,-0.39731884002685547,-0.46295833587646484,0.16113290190696716,1.5874333381652832
8.0,eval,d,16,steer,c045,-0.5689659118652344,-0.4636402130126953,0.16113290190696716,1.5874333381652832
8.0,eval,d,16,steer,c011,-0.48424530029296875,-0.36220264434814453,0.16113290190696716,1.5874333381652832
8.0,eval,d,16,steer,c020,-0.4689512252807617,-0.31526660919189453,0.16113290190696716,1.5874333381652832
8.0,eval,d,16,steer,c044,-0.543121337890625,-0.4731273651123047,0.16113290190696716,1.5874333381652832
8.0,eval,d,16,steer,c016,-0.2874889373779297,-0.4687767028808594,0.16113290190696716,1.5874333381652832
8.0,eval,d,16,steer,c056,-0.39226436614990234,-0.6203126907348633,0.16113290190696716,1.5874333381652832
8.0,eval,d,16,steer,c025,-0.27155590057373047,-0.43985652923583984,0.16113290190696716,1.5874333381652832
8.0,eval,d,16,steer,c029,-0.18420791625976562,-0.627781867980957,0.16113290190696716,1.5874333381652832
8.0,eval,d,16,steer,c014,-0.4833526611328125,-0.35938453674316406,0.16113290190696716,1.5874333381652832
8.0,eval,d,16,steer,c002,-0.35312461853027344,-0.35790061950683594,0.16113290190696716,1.5874333381652832
8.0,eval,d,16,steer,c023,-0.3117809295654297,-0.45014286041259766,0.16113290190696716,1.5874333381652832
8.0,eval,d,16,steer,c046,-0.31116771697998047,-0.5278549194335938,0.16113290190696716,1.5874333381652832
8.0,eval,d,16,steer,c022,-0.365203857421875,-0.4724702835083008,0.16113290190696716,1.5874333381652832
8.0,eval,d,16,steer,c050,-0.38044071197509766,-0.35019683837890625,0.16113290190696716,1.5874333381652832
8.0,deploy,d,16,steer,c006,-0.6835975646972656,-0.2871532440185547,0.14982199668884277,1.5845508575439453
8.0,deploy,d,16,steer,c017,-0.5307579040527344,-0.35690784454345703,0.14982199668884277,1.5845508575439453
8.0,deploy,d,16,steer,c039,-0.5866785049438477,-0.49740123748779297,0.14982199668884277,1.5845508575439453
8.0,deploy,d,16,steer,c036,-0.6206512451171875,-0.5848903656005859,0.14982199668884277,1.5845508575439453
8.0,deploy,d,16,steer,c009,-0.7225532531738281,-0.1884899139404297,0.14982199668884277,1.5845508575439453
8.0,deploy,d,16,steer,c000,-0.6469793319702148,-0.2551116943359375,0.14982199668884277,1.5845508575439453
8.0,deploy,d,16,steer,c013,-0.4608497619628906,-0.3801250457763672,0.14982199668884277,1.5845508575439453
8.0,deploy,d,16,steer,c049,-0.5934743881225586,-0.031894683837890625,0.14982199668884277,1.5845508575439453
8.0,deploy,d,16,steer,c058,-0.6923046112060547,-0.09087085723876953,0.14982199668884277,1.5845508575439453
8.0,deploy,d,16,steer,c024,-0.6985588073730469,-0.3020191192626953,0.14982199668884277,1.5845508575439453
8.0,deploy,d,16,steer,c042,-0.790369987487793,-0.22728347778320312,0.14982199668884277,1.5845508575439453
8.0,deploy,d,16,steer,c047,-0.5343551635742188,-0.4961729049682617,0.14982199668884277,1.5845508575439453
8.0,deploy,d,16,steer,c043,-0.6532697677612305,-0.33580875396728516,0.14982199668884277,1.5845508575439453
8.0,deploy,d,16,steer,c003,-0.8286504745483398,-0.06459617614746094,0.14982199668884277,1.5845508575439453
8.0,deploy,d,16,steer,c041,-0.6228046417236328,-0.5290231704711914,0.14982199668884277,1.5845508575439453
8.0,deploy,d,16,steer,c008,-0.7506952285766602,-0.4076957702636719,0.14982199668884277,1.5845508575439453
8.0,deploy,d,16,steer,c045,-0.9003400802612305,-0.22730731964111328,0.14982199668884277,1.5845508575439453
8.0,deploy,d,16,steer,c011,-0.5066051483154297,-0.3245115280151367,0.14982199668884277,1.5845508575439453
8.0,deploy,d,16,steer,c020,-0.596318244934082,-0.3377981185913086,0.14982199668884277,1.5845508575439453
8.0,deploy,d,16,steer,c044,-0.6952238082885742,-0.3577127456665039,0.14982199668884277,1.5845508575439453
8.0,deploy,d,16,steer,c016,-0.4442453384399414,-0.35510921478271484,0.14982199668884277,1.5845508575439453
8.0,deploy,d,16,steer,c056,-0.5382928848266602,-0.5518693923950195,0.14982199668884277,1.5845508575439453
8.0,deploy,d,16,steer,c025,-0.5091695785522461,-0.3312196731567383,0.14982199668884277,1.5845508575439453
8.0,deploy,d,16,steer,c029,-0.8404464721679688,-0.07845878601074219,0.14982199668884277,1.5845508575439453
8.0,deploy,d,16,steer,c014,-0.6271486282348633,-0.37919044494628906,0.14982199668884277,1.5845508575439453
8.0,deploy,d,16,steer,c002,-0.556147575378418,-0.2970876693725586,0.14982199668884277,1.5845508575439453
8.0,deploy,d,16,steer,c023,-0.6489391326904297,-0.3792581558227539,0.14982199668884277,1.5845508575439453
8.0,deploy,d,16,steer,c046,-0.5368261337280273,-0.47444629669189453,0.14982199668884277,1.5845508575439453
8.0,deploy,d,16,steer,c022,-0.618983268737793,-0.3444967269897461,0.14982199668884277,1.5845508575439453
8.0,deploy,d,16,steer,c050,-0.3998088836669922,-0.41200733184814453,0.14982199668884277,1.5845508575439453
8.0,deploy,d,16,steer,c006,-0.7334308624267578,-0.1954336166381836,0.14982199668884277,1.5845508575439453
8.0,deploy,d,16,steer,c017,-0.5358505249023438,-0.2808351516723633,0.14982199668884277,1.5845508575439453
8.0,deploy,d,16,steer,c039,-0.5382747650146484,-0.39183521270751953,0.14982199668884277,1.5845508575439453
8.0,deploy,d,16,steer,c036,-0.6073503494262695,-0.5267620086669922,0.14982199668884277,1.5845508575439453
8.0,deploy,d,16,steer,c009,-0.7479372024536133,-0.2629575729370117,0.14982199668884277,1.5845508575439453
8.0,deploy,d,16,steer,c000,-0.8012800216674805,-0.19051837921142578,0.14982199668884277,1.5845508575439453
8.0,deploy,d,16,steer,c013,-0.4430084228515625,-0.3537101745605469,0.14982199668884277,1.5845508575439453
8.0,deploy,d,16,steer,c049,-0.881535530090332,0.1987457275390625,0.14982199668884277,1.5845508575439453
8.0,deploy,d,16,steer,c058,-0.7682991027832031,-0.18886566162109375,0.14982199668884277,1.5845508575439453
8.0,deploy,d,16,steer,c024,-0.5906362533569336,-0.33893299102783203,0.14982199668884277,1.5845508575439453
8.0,deploy,d,16,steer,c042,-0.7851428985595703,-0.31180763244628906,0.14982199668884277,1.5845508575439453
8.0,deploy,d,16,steer,c047,-0.5915689468383789,-0.38982486724853516,0.14982199668884277,1.5845508575439453
8.0,deploy,d,16,steer,c043,-0.5998706817626953,-0.6201257705688477,0.14982199668884277,1.5845508575439453
8.0,deploy,d,16,steer,c003,-0.7248268127441406,-0.21924209594726562,0.14982199668884277,1.5845508575439453
8.0,deploy,d,16,steer,c041,-0.6815500259399414,-0.2572765350341797,0.14982199668884277,1.5845508575439453
8.0,deploy,d,16,steer,c008,-0.8230342864990234,-0.21532344818115234,0.14982199668884277,1.5845508575439453
8.0,deploy,d,16,steer,c045,-0.6855602264404297,-0.5093488693237305,0.14982199668884277,1.5845508575439453
8.0,deploy,d,16,steer,c011,-0.4936065673828125,-0.27725791931152344,0.14982199668884277,1.5845508575439453
8.0,deploy,d,16,steer,c020,-0.634486198425293,-0.37039756774902344,0.14982199668884277,1.5845508575439453
8.0,deploy,d,16,steer,c044,-0.7738056182861328,-0.31749725341796875,0.14982199668884277,1.5845508575439453
8.0,deploy,d,16,steer,c016,-0.44069385528564453,-0.3533163070678711,0.14982199668884277,1.5845508575439453
8.0,deploy,d,16,steer,c056,-0.47554492950439453,-0.6505632400512695,0.14982199668884277,1.5845508575439453
8.0,deploy,d,16,steer,c025,-0.519169807434082,-0.29483604431152344,0.14982199668884277,1.5845508575439453
8.0,deploy,d,16,steer,c029,-0.7490997314453125,-0.3430805206298828,0.14982199668884277,1.5845508575439453
8.0,deploy,d,16,steer,c014,-0.7853069305419922,-0.3996734619140625,0.14982199668884277,1.5845508575439453
8.0,deploy,d,16,steer,c002,-0.6976041793823242,-0.1885519027709961,0.14982199668884277,1.5845508575439453
8.0,deploy,d,16,steer,c023,-0.8123445510864258,-0.17672348022460938,0.14982199668884277,1.5845508575439453
8.0,deploy,d,16,steer,c046,-0.5175142288208008,-0.24610424041748047,0.14982199668884277,1.5845508575439453
8.0,deploy,d,16,steer,c022,-0.5780296325683594,-0.30000782012939453,0.14982199668884277,1.5845508575439453
8.0,deploy,d,16,steer,c050,-0.4637165069580078,-0.3742208480834961,0.14982199668884277,1.5845508575439453
8.0,eval,random,16,steer,c006,0.21091429392496744,0.18708006540934244,0.22384198009967804,1.3105154832204182
8.0,eval,random,16,steer,c017,0.3951101303100586,0.18598079681396484,0.22384198009967804,1.3105154832204182
8.0,eval,random,16,steer,c039,0.23873392740885416,0.22314993540445963,0.22384198009967804,1.3105154832204182
8.0,eval,random,16,steer,c036,0.29667917887369794,0.2802864710489909,0.22384198009967804,1.3105154832204182
8.0,eval,random,16,steer,c009,0.11199951171875,0.24981975555419922,0.22384198009967804,1.3105154832204182
8.0,eval,random,16,steer,c000,0.34752337137858075,0.1906420389811198,0.22384198009967804,1.3105154832204182
8.0,eval,random,16,steer,c013,0.9976139068603516,0.014887809753417969,0.22384198009967804,1.3105154832204182
8.0,eval,random,16,steer,c049,0.712482770284017,0.11297829945882165,0.22384198009967804,1.3105154832204182
8.0,eval,random,16,steer,c058,0.6405369440714518,0.13943258921305335,0.22384198009967804,1.3105154832204182
8.0,eval,random,16,steer,c024,0.5782670974731445,0.2478618621826172,0.22384198009967804,1.3105154832204182
8.0,eval,random,16,steer,c042,0.45023377736409503,0.20852120717366535,0.22384198009967804,1.3105154832204182
8.0,eval,random,16,steer,c047,0.5419445037841797,0.18570423126220703,0.22384198009967804,1.3105154832204182
8.0,eval,random,16,steer,c043,0.4779675801595052,0.09344323476155597,0.22384198009967804,1.3105154832204182
8.0,eval,random,16,steer,c003,-0.024541536966959637,0.2517312367757161,0.22384198009967804,1.3105154832204182
8.0,eval,random,16,steer,c041,0.5018450419108073,0.11341349283854163,0.22384198009967804,1.3105154832204182
8.0,eval,random,16,steer,c008,0.07347965240478516,0.24294376373291016,0.22384198009967804,1.3105154832204182
8.0,eval,random,16,steer,c045,0.8636913299560547,0.11962604522705078,0.22384198009967804,1.3105154832204182
8.0,eval,random,16,steer,c011,0.08017889658610027,0.14079920450846356,0.22384198009967804,1.3105154832204182
8.0,eval,random,16,steer,c020,0.9124682744344076,0.14029057820638025,0.22384198009967804,1.3105154832204182
8.0,eval,random,16,steer,c044,0.9320878982543945,0.040053367614746094,0.22384198009967804,1.3105154832204182
8.0,eval,random,16,steer,c016,0.1771844228108724,0.2839921315511068,0.22384198009967804,1.3105154832204182
8.0,eval,random,16,steer,c056,0.7034613291422526,0.2870995203653971,0.22384198009967804,1.3105154832204182
8.0,eval,random,16,steer,c025,0.6005573272705078,0.3244762420654297,0.22384198009967804,1.3105154832204182
8.0,eval,random,16,steer,c029,0.10920015970865886,0.2611929575602214,0.22384198009967804,1.3105154832204182
8.0,eval,random,16,steer,c014,0.4171444574991862,0.02223555246988934,0.22384198009967804,1.3105154832204182
8.0,eval,random,16,steer,c002,0.13358561197916666,0.27190653483072913,0.22384198009967804,1.3105154832204182
8.0,eval,random,16,steer,c023,0.2366755803426107,0.2470706303914388,0.22384198009967804,1.3105154832204182
8.0,eval,random,16,steer,c046,0.4572855631510417,0.24013010660807294,0.22384198009967804,1.3105154832204182
8.0,eval,random,16,steer,c022,0.29028956095377606,0.25356165568033856,0.22384198009967804,1.3105154832204182
8.0,eval,random,16,steer,c050,0.6915772755940756,0.24682362874348962,0.22384198009967804,1.3105154832204182
8.0,eval,random,16,steer,c006,0.04571247100830078,0.29811573028564453,0.22384198009967804,1.3105154832204182
8.0,eval,random,16,steer,c017,0.5006380081176758,0.0900726318359375,0.22384198009967804,1.3105154832204182
8.0,eval,random,16,steer,c039,0.4843810399373372,0.22924168904622394,0.22384198009967804,1.3105154832204182
8.0,eval,random,16,steer,c036,0.5817483266194662,0.14809258778889978,0.22384198009967804,1.3105154832204182
8.0,eval,random,16,steer,c009,0.2972450256347656,0.23778533935546875,0.22384198009967804,1.3105154832204182
8.0,eval,random,16,steer,c000,0.010996818542480469,0.29822349548339844,0.22384198009967804,1.3105154832204182
8.0,eval,random,16,steer,c013,0.18313280741373697,0.17277208964029947,0.22384198009967804,1.3105154832204182
8.0,eval,random,16,steer,c049,0.05396080017089844,0.25705909729003906,0.22384198009967804,1.3105154832204182
8.0,eval,random,16,steer,c058,0.043487866719563804,0.2442906697591146,0.22384198009967804,1.3105154832204182
8.0,eval,random,16,steer,c024,0.2503449122111003,0.22343699137369794,0.22384198009967804,1.3105154832204182
8.0,eval,random,16,steer,c042,0.14444192250569662,0.16175111134847006,0.22384198009967804,1.3105154832204182
8.0,eval,random,16,steer,c047,0.4381895065307617,0.18763351440429688,0.22384198009967804,1.3105154832204182
8.0,eval,random,16,steer,c043,0.2938334147135417,0.21021048227945965,0.22384198009967804,1.3105154832204182
8.0,eval,random,16,steer,c003,-0.006566365559895833,0.25743357340494794,0.22384198009967804,1.3105154832204182
8.0,eval,random,16,steer,c041,0.4705349604288737,0.21335283915201825,0.22384198009967804,1.3105154832204182
8.0,eval,random,16,steer,c008,0.3557860056559245,0.2901465098063151,0.22384198009967804,1.3105154832204182
8.0,eval,random,16,steer,c045,0.16525777180989584,0.27058347066243493,0.22384198009967804,1.3105154832204182
8.0,eval,random,16,steer,c011,0.07085037231445312,0.19289302825927734,0.22384198009967804,1.3105154832204182
8.0,eval,random,16,steer,c020,0.15878836313883463,0.3124729792277018,0.22384198009967804,1.3105154832204182
8.0,eval,random,16,steer,c044,0.1626288096110026,0.2326227823893229,0.22384198009967804,1.3105154832204182
8.0,eval,random,16,steer,c016,0.4289859135945638,0.2476981480916341,0.22384198009967804,1.3105154832204182
8.0,eval,random,16,steer,c056,0.47841930389404297,0.25037097930908203,0.22384198009967804,1.3105154832204182
8.0,eval,random,16,steer,c025,0.36595630645751953,0.19765567779541016,0.22384198009967804,1.3105154832204182
8.0,eval,random,16,steer,c029,0.6006364822387695,0.15706253051757812,0.22384198009967804,1.3105154832204182
8.0,eval,random,16,steer,c014,0.037798563639322914,0.16176668802897134,0.22384198009967804,1.3105154832204182
8.0,eval,random,16,steer,c002,0.22994327545166016,0.22516727447509766,0.22384198009967804,1.3105154832204182
8.0,eval,random,16,steer,c023,0.3163410822550456,0.17797915140787762,0.22384198009967804,1.3105154832204182
8.0,eval,random,16,steer,c046,0.45368289947509766,0.23699569702148438,0.22384198009967804,1.3105154832204182
8.0,eval,random,16,steer,c022,0.38469187418619794,0.27742544809977215,0.22384198009967804,1.3105154832204182
8.0,eval,random,16,steer,c050,0.23317241668701172,0.2634162902832031,0.22384198009967804,1.3105154832204182
