dst_cls,layer,region,source,content_id,delta,dist,a,b,kk
eval,9,task,samecls_samecont,c000,0.33687782287597656,1.562337040901184,109,46,109
eval,9,question,samecls_samecont,c000,-0.1770954132080078,0.9791171550750732,46,1,109
eval,9,final,samecls_samecont,c000,-0.2480792999267578,0.9880614876747131,1,0,109
eval,9,readout,samecls_samecont,c000,-0.3709754943847656,0.9793115854263306,46,0,109
eval,22,task,samecls_samecont,c000,0.009790420532226562,8.511920928955078,109,46,109
eval,22,question,samecls_samecont,c000,0.03867912292480469,7.571181297302246,46,1,109
eval,22,final,samecls_samecont,c000,0.110198974609375,3.386859655380249,1,0,109
eval,22,readout,samecls_samecont,c000,0.1497173309326172,7.480217933654785,46,0,109
eval,9,task,othercls_samecont,c000,0.24863052368164062,1.5795527696609497,108,46,108
eval,9,question,othercls_samecont,c000,-0.27017974853515625,0.9933780431747437,46,1,108
eval,9,final,othercls_samecont,c000,-0.11228561401367188,0.8597522377967834,1,0,108
eval,9,readout,othercls_samecont,c000,-0.33898162841796875,0.9904730319976807,46,0,108
eval,22,task,othercls_samecont,c000,-0.005161285400390625,9.446516990661621,108,46,108
eval,22,question,othercls_samecont,c000,0.010059356689453125,8.431428909301758,46,1,108
eval,22,final,othercls_samecont,c000,-0.011930465698242188,3.2029905319213867,1,0,108
eval,22,readout,othercls_samecont,c000,-0.003406524658203125,8.317767143249512,46,0,108
eval,9,task,samecls_diffcont,c000,-0.01453399658203125,1.5144803524017334,79,46,79
eval,9,question,samecls_diffcont,c000,-0.2330799102783203,1.021429419517517,46,1,79
eval,9,final,samecls_diffcont,c000,-0.024145126342773438,0.9916155934333801,1,0,79
eval,9,readout,samecls_diffcont,c000,-0.27582359313964844,1.0207812786102295,46,0,79
eval,22,task,samecls_diffcont,c000,-0.008710861206054688,11.393989562988281,79,46,79
eval,22,question,samecls_diffcont,c000,0.027887344360351562,8.8316068649292,46,1,79
eval,22,final,samecls_diffcont,c000,-0.0030975341796875,4.036459445953369,1,0,79
eval,22,readout,samecls_diffcont,c000,0.019788742065429688,8.727365493774414,46,0,79
eval,9,task,othercls_diffcont,c000,0.10668563842773438,1.4013400077819824,79,46,79
eval,9,question,othercls_diffcont,c000,-0.2748374938964844,1.1289074420928955,46,1,79
eval,9,final,othercls_diffcont,c000,-0.09684944152832031,0.7689508199691772,1,0,79
eval,9,readout,othercls_diffcont,c000,-0.3367290496826172,1.1210823059082031,46,0,79
eval,22,task,othercls_diffcont,c000,-0.005451202392578125,12.063199996948242,79,46,79
eval,22,question,othercls_diffcont,c000,0.00772857666015625,9.932762145996094,46,1,79
eval,22,final,othercls_diffcont,c000,-0.03370094299316406,3.904967784881592,1,0,79
eval,22,readout,othercls_diffcont,c000,-0.02740478515625,9.80172348022461,46,0,79
eval,9,task,samecls_samecont,c002,-0.021270751953125,1.6798862218856812,102,46,102
eval,9,question,samecls_samecont,c002,-0.12235069274902344,0.9751504063606262,46,1,102
eval,9,final,samecls_samecont,c002,0.00273895263671875,1.0173490047454834,1,0,102
eval,9,readout,samecls_samecont,c002,-0.12351608276367188,0.9760677218437195,46,0,102
eval,22,task,samecls_samecont,c002,0.0086212158203125,10.107832908630371,102,46,102
eval,22,question,samecls_samecont,c002,-0.024929046630859375,7.624457359313965,46,1,102
eval,22,final,samecls_samecont,c002,0.053218841552734375,4.034917831420898,1,0,102
eval,22,readout,samecls_samecont,c002,0.025310516357421875,7.54642391204834,46,0,102
eval,9,task,othercls_samecont,c002,0.0794830322265625,1.6751166582107544,102,46,102
eval,9,question,othercls_samecont,c002,0.05753326416015625,0.9283618330955505,46,1,102
eval,9,final,othercls_samecont,c002,-0.046352386474609375,0.9863517880439758,1,0,102
eval,9,readout,othercls_samecont,c002,0.0063686370849609375,0.92962247133255,46,0,102
eval,22,task,othercls_samecont,c002,0.001495361328125,10.48002815246582,102,46,102
eval,22,question,othercls_samecont,c002,-0.019733428955078125,7.803444862365723,46,1,102
eval,22,final,othercls_samecont,c002,-0.017633438110351562,3.763963460922241,1,0,102
eval,22,readout,othercls_samecont,c002,-0.04061698913574219,7.715630531311035,46,0,102
eval,9,task,samecls_diffcont,c002,-0.09823417663574219,1.5900977849960327,79,46,79
eval,9,question,samecls_diffcont,c002,0.088836669921875,0.9957541823387146,46,1,79
eval,9,final,samecls_diffcont,c002,0.15659332275390625,1.3076545000076294,1,0,79
eval,9,readout,samecls_diffcont,c002,0.2337779998779297,1.0025346279144287,46,0,79
eval,22,task,samecls_diffcont,c002,0.022785186767578125,12.688726425170898,79,46,79
eval,22,question,samecls_diffcont,c002,-0.0045108795166015625,8.765931129455566,46,1,79
eval,22,final,samecls_diffcont,c002,-0.30990028381347656,4.5262556076049805,1,0,79
eval,22,readout,samecls_diffcont,c002,-0.3196582794189453,8.6737642288208,46,0,79
eval,9,task,othercls_diffcont,c002,0.19552040100097656,1.5415103435516357,79,46,79
eval,9,question,othercls_diffcont,c002,0.06920242309570312,1.1644400358200073,46,1,79
eval,9,final,othercls_diffcont,c002,-0.0146331787109375,1.1676411628723145,1,0,79
eval,9,readout,othercls_diffcont,c002,0.06953620910644531,1.1645097732543945,46,0,79
eval,22,task,othercls_diffcont,c002,0.0070953369140625,11.818853378295898,79,46,79
eval,22,question,othercls_diffcont,c002,-0.024103164672851562,9.719225883483887,46,1,79
eval,22,final,othercls_diffcont,c002,-0.15188026428222656,4.066995620727539,1,0,79
eval,22,readout,othercls_diffcont,c002,-0.1820697784423828,9.596351623535156,46,0,79
eval,9,task,samecls_samecont,c003,0.2659473419189453,1.4804118871688843,107,46,107
eval,9,question,samecls_samecont,c003,-0.24654579162597656,0.7415235042572021,46,1,107
eval,9,final,samecls_samecont,c003,-0.01961517333984375,1.0197839736938477,1,0,107
eval,9,readout,samecls_samecont,c003,-0.2807273864746094,0.7475727200508118,46,0,107
eval,22,task,samecls_samecont,c003,-0.0025463104248046875,8.729273796081543,107,46,107
eval,22,question,samecls_samecont,c003,0.0074062347412109375,6.975596904754639,46,1,107
eval,22,final,samecls_samecont,c003,0.10156059265136719,2.706496477127075,1,0,107
eval,22,readout,samecls_samecont,c003,0.10919761657714844,6.8827900886535645,46,0,107
eval,9,task,othercls_samecont,c003,0.3214225769042969,2.028282880783081,105,46,105
eval,9,question,othercls_samecont,c003,-0.08303260803222656,1.1078217029571533,46,1,105
eval,9,final,othercls_samecont,c003,-0.12539291381835938,1.2096797227859497,1,0,105
eval,9,readout,othercls_samecont,c003,-0.17479515075683594,1.110036015510559,46,0,105
eval,22,task,othercls_samecont,c003,-0.00997161865234375,13.395125389099121,105,46,105
eval,22,question,othercls_samecont,c003,-0.018442153930664062,10.293679237365723,46,1,105
eval,22,final,othercls_samecont,c003,0.1619873046875,3.3736765384674072,1,0,105
eval,22,readout,othercls_samecont,c003,0.14234352111816406,10.143243789672852,46,0,105
eval,9,task,samecls_diffcont,c003,0.05713844299316406,1.5601742267608643,79,46,79
eval,9,question,samecls_diffcont,c003,-0.26129722595214844,1.0378663539886475,46,1,79
eval,9,final,samecls_diffcont,c003,-0.20973587036132812,1.073037028312683,1,0,79
eval,9,readout,samecls_diffcont,c003,-0.4530048370361328,1.0386308431625366,46,0,79
eval,22,task,samecls_diffcont,c003,-0.015361785888671875,12.781728744506836,79,46,79
eval,22,question,samecls_diffcont,c003,0.008844375610351562,8.6414794921875,46,1,79
eval,22,final,samecls_diffcont,c003,0.13793373107910156,4.592583179473877,1,0,79
eval,22,readout,samecls_diffcont,c003,0.1446208953857422,8.553460121154785,46,0,79
eval,9,task,othercls_diffcont,c003,0.1856517791748047,1.5829660892486572,79,46,79
eval,9,question,othercls_diffcont,c003,-0.30599403381347656,1.0143625736236572,46,1,79
eval,9,final,othercls_diffcont,c003,-0.2853412628173828,1.1431686878204346,1,0,79
eval,9,readout,othercls_diffcont,c003,-0.5528144836425781,1.0171626806259155,46,0,79
eval,22,task,othercls_diffcont,c003,-0.011165618896484375,13.008744239807129,79,46,79
eval,22,question,othercls_diffcont,c003,0.009151458740234375,9.415790557861328,46,1,79
eval,22,final,othercls_diffcont,c003,-0.18688011169433594,3.9461820125579834,1,0,79
eval,22,readout,othercls_diffcont,c003,-0.17730140686035156,9.29688549041748,46,0,79
eval,9,task,samecls_samecont,c006,-0.24338531494140625,1.499200701713562,125,46,125
eval,9,question,samecls_samecont,c006,0.0002593994140625,0.8094354271888733,46,1,125
eval,9,final,samecls_samecont,c006,-0.12273788452148438,0.7730315327644348,1,0,125
eval,9,readout,samecls_samecont,c006,-0.11103248596191406,0.8086441159248352,46,0,125
eval,22,task,samecls_samecont,c006,-0.009794235229492188,8.797734260559082,125,46,125
eval,22,question,samecls_samecont,c006,0.008924484252929688,6.754974842071533,46,1,125
eval,22,final,samecls_samecont,c006,-0.18341064453125,3.8175125122070312,1,0,125
eval,22,readout,samecls_samecont,c006,-0.17498779296875,6.691116809844971,46,0,125
eval,9,task,othercls_samecont,c006,0.002307891845703125,1.4331003427505493,123,46,123
eval,9,question,othercls_samecont,c006,-0.2434368133544922,0.9350824952125549,46,1,123
eval,9,final,othercls_samecont,c006,-0.09663009643554688,0.8097910284996033,1,0,123
eval,9,readout,othercls_samecont,c006,-0.2993144989013672,0.9323588013648987,46,0,123
eval,22,task,othercls_samecont,c006,-0.0006160736083984375,9.430662155151367,123,46,123
eval,22,question,othercls_samecont,c006,0.0016078948974609375,8.11845874786377,46,1,123
eval,22,final,othercls_samecont,c006,-0.32531166076660156,3.4818787574768066,1,0,123
eval,22,readout,othercls_samecont,c006,-0.32268333435058594,8.017663955688477,46,0,123
eval,9,task,samecls_diffcont,c006,-0.03650665283203125,3.721435070037842,59,46,59
eval,9,question,samecls_diffcont,c006,-0.4657115936279297,2.1085095405578613,46,1,59
eval,9,final,samecls_diffcont,c006,0.36030006408691406,2.0410869121551514,1,0,59
eval,9,readout,samecls_diffcont,c006,-0.2064037322998047,2.107043743133545,46,0,59
eval,22,task,samecls_diffcont,c006,0.0085296630859375,23.08209991455078,59,46,59
eval,22,question,samecls_diffcont,c006,0.003040313720703125,16.329225540161133,46,1,59
eval,22,final,samecls_diffcont,c006,-0.23182106018066406,9.571118354797363,1,0,59
eval,22,readout,samecls_diffcont,c006,-0.2442607879638672,16.182310104370117,46,0,59
eval,9,task,othercls_diffcont,c006,-0.2510089874267578,3.9089062213897705,59,46,59
eval,9,question,othercls_diffcont,c006,-0.6356582641601562,2.404789686203003,46,1,59
eval,9,final,othercls_diffcont,c006,0.20139122009277344,2.1584551334381104,1,0,59
eval,9,readout,othercls_diffcont,c006,-0.4430999755859375,2.3994345664978027,46,0,59
eval,22,task,othercls_diffcont,c006,0.0054798126220703125,24.389162063598633,59,46,59
eval,22,question,othercls_diffcont,c006,-0.050445556640625,17.745616912841797,46,1,59
eval,22,final,othercls_diffcont,c006,-0.7136249542236328,9.751914978027344,1,0,59
eval,22,readout,othercls_diffcont,c006,-0.7852649688720703,17.571840286254883,46,0,59
eval,9,task,samecls_samecont,c008,0.06160926818847656,2.6763768196105957,73,46,73
eval,9,question,samecls_samecont,c008,0.2408924102783203,1.053452491760254,46,1,73
eval,9,final,samecls_samecont,c008,-0.04640960693359375,0.9680993556976318,1,0,73
eval,9,readout,samecls_samecont,c008,0.2224140167236328,1.051596999168396,46,0,73
eval,22,task,samecls_samecont,c008,0.00042724609375,16.09983253479004,73,46,73
eval,22,question,samecls_samecont,c008,-0.021451950073242188,7.714488506317139,46,1,73
eval,22,final,samecls_samecont,c008,1.2630748748779297,5.98161506652832,1,0,73
eval,22,readout,samecls_samecont,c008,1.2361679077148438,7.676817417144775,46,0,73
eval,9,task,othercls_samecont,c008,-0.12171554565429688,1.8588706254959106,73,46,73
eval,9,question,othercls_samecont,c008,-0.14786338806152344,0.8165104985237122,46,1,73
eval,9,final,othercls_samecont,c008,-0.11386680603027344,0.8571758270263672,1,0,73
eval,9,readout,othercls_samecont,c008,-0.26010894775390625,0.8173946142196655,46,0,73
eval,22,task,othercls_samecont,c008,-0.0019626617431640625,12.406060218811035,73,46,73
eval,22,question,othercls_samecont,c008,-0.056003570556640625,8.238329887390137,46,1,73
eval,22,final,othercls_samecont,c008,-0.4822196960449219,3.6127471923828125,1,0,73
eval,22,readout,othercls_samecont,c008,-0.5455760955810547,8.137773513793945,46,0,73
eval,9,task,samecls_diffcont,c008,-0.049365997314453125,3.0807530879974365,60,46,60
eval,9,question,samecls_diffcont,c008,0.1812896728515625,1.493287444114685,46,1,60
eval,9,final,samecls_diffcont,c008,0.12542343139648438,1.6366554498672485,1,0,60
eval,9,readout,samecls_diffcont,c008,0.27747344970703125,1.4964042901992798,46,0,60
eval,22,task,samecls_diffcont,c008,-0.0124969482421875,18.54563331604004,60,46,60
eval,22,question,samecls_diffcont,c008,0.010675430297851562,13.314144134521484,46,1,60
eval,22,final,samecls_diffcont,c008,0.01493072509765625,6.475247859954834,1,0,60
eval,22,readout,samecls_diffcont,c008,0.019945144653320312,13.165473937988281,46,0,60
eval,9,task,othercls_diffcont,c008,-0.12192153930664062,3.411210298538208,60,46,60
eval,9,question,othercls_diffcont,c008,-0.0333251953125,1.4414784908294678,46,1,60
eval,9,final,othercls_diffcont,c008,0.16991424560546875,1.7226178646087646,1,0,60
eval,9,readout,othercls_diffcont,c008,0.1074676513671875,1.4475902318954468,46,0,60
eval,22,task,othercls_diffcont,c008,-0.014585494995117188,19.481800079345703,60,46,60
eval,22,question,othercls_diffcont,c008,-0.008302688598632812,12.836686134338379,46,1,60
eval,22,final,othercls_diffcont,c008,0.008052825927734375,6.401937007904053,1,0,60
eval,22,readout,othercls_diffcont,c008,-0.0003795623779296875,12.69680118560791,46,0,60
eval,9,task,samecls_samecont,c009,-8.0108642578125e-05,1.9974583387374878,73,46,73
eval,9,question,samecls_samecont,c009,-0.22717666625976562,0.9421058893203735,46,1,73
eval,9,final,samecls_samecont,c009,-0.05386161804199219,0.7563121318817139,1,0,73
eval,9,readout,samecls_samecont,c009,-0.2795543670654297,0.938066840171814,46,0,73
eval,22,task,samecls_samecont,c009,-0.0050106048583984375,10.757452964782715,73,46,73
eval,22,question,samecls_samecont,c009,-0.0012664794921875,7.283204555511475,46,1,73
eval,22,final,samecls_samecont,c009,0.5390911102294922,4.680319786071777,1,0,73
eval,22,readout,samecls_samecont,c009,0.536895751953125,7.226619720458984,46,0,73
eval,9,task,othercls_samecont,c009,-0.043247222900390625,2.405000925064087,72,46,72
eval,9,question,othercls_samecont,c009,-0.20192337036132812,0.8419271111488342,46,1,72
eval,9,final,othercls_samecont,c009,0.04194068908691406,0.6977088451385498,1,0,72
eval,9,readout,othercls_samecont,c009,-0.17856216430664062,0.8387919068336487,46,0,72
eval,22,task,othercls_samecont,c009,-0.009042739868164062,15.04775333404541,72,46,72
eval,22,question,othercls_samecont,c009,-0.013948440551757812,8.396060943603516,46,1,72
eval,22,final,othercls_samecont,c009,0.0016002655029296875,3.9571049213409424,1,0,72
eval,22,readout,othercls_samecont,c009,-0.009744644165039062,8.29956340789795,46,0,72
eval,9,task,samecls_diffcont,c009,-0.3235645294189453,3.9113612174987793,59,46,59
eval,9,question,samecls_diffcont,c009,0.4813995361328125,2.06762433052063,46,1,59
eval,9,final,samecls_diffcont,c009,-0.4103813171386719,2.768376350402832,1,0,59
eval,9,readout,samecls_diffcont,c009,0.20000648498535156,2.0828583240509033,46,0,59
eval,22,task,samecls_diffcont,c009,-0.0006961822509765625,21.273649215698242,59,46,59
eval,22,question,samecls_diffcont,c009,-0.0128173828125,14.473039627075195,46,1,59
eval,22,final,samecls_diffcont,c009,-0.5112380981445312,11.910754203796387,1,0,59
eval,22,readout,samecls_diffcont,c009,-0.5172309875488281,14.417337417602539,46,0,59
eval,9,task,othercls_diffcont,c009,-0.17108917236328125,3.8782942295074463,59,46,59
eval,9,question,othercls_diffcont,c009,0.47069549560546875,1.968625783920288,46,1,59
eval,9,final,othercls_diffcont,c009,-0.23602676391601562,2.523263692855835,1,0,59
eval,9,readout,othercls_diffcont,c009,0.31169891357421875,1.9806830883026123,46,0,59
eval,22,task,othercls_diffcont,c009,-0.0020008087158203125,20.85956573486328,59,46,59
eval,22,question,othercls_diffcont,c009,-0.028448104858398438,14.385248184204102,46,1,59
eval,22,final,othercls_diffcont,c009,0.39628028869628906,11.703365325927734,1,0,59
eval,22,readout,othercls_diffcont,c009,0.3620643615722656,14.326947212219238,46,0,59
eval,9,task,samecls_samecont,c011,0.2836132049560547,1.1504778861999512,125,46,125
eval,9,question,samecls_samecont,c011,-0.15346527099609375,0.6856745481491089,46,1,125
eval,9,final,samecls_samecont,c011,0.023134231567382812,0.9022067189216614,1,0,125
eval,9,readout,samecls_samecont,c011,-0.138946533203125,0.6903817653656006,46,0,125
eval,22,task,samecls_samecont,c011,-0.004337310791015625,7.120591640472412,125,46,125
eval,22,question,samecls_samecont,c011,-0.015645980834960938,5.849108695983887,46,1,125
eval,22,final,samecls_samecont,c011,0.21143150329589844,3.548013925552368,1,0,125
eval,22,readout,samecls_samecont,c011,0.19577407836914062,5.799084186553955,46,0,125
eval,9,task,othercls_samecont,c011,0.42955970764160156,1.3162537813186646,124,46,124
eval,9,question,othercls_samecont,c011,0.037593841552734375,0.837184488773346,46,1,124
eval,9,final,othercls_samecont,c011,0.35550498962402344,0.7800558805465698,1,0,124
eval,9,readout,othercls_samecont,c011,0.3713569641113281,0.8359425663948059,46,0,124
eval,22,task,othercls_samecont,c011,-0.001079559326171875,7.829562664031982,124,46,124
eval,22,question,othercls_samecont,c011,-0.01822662353515625,6.069528579711914,46,1,124
eval,22,final,othercls_samecont,c011,0.8965015411376953,4.45959997177124,1,0,124
eval,22,readout,othercls_samecont,c011,0.8738784790039062,6.034530162811279,46,0,124
eval,9,task,samecls_diffcont,c011,0.34894371032714844,1.1954909563064575,79,46,79
eval,9,question,samecls_diffcont,c011,-0.016351699829101562,1.4302524328231812,46,1,79
eval,9,final,samecls_diffcont,c011,0.13294410705566406,1.018246054649353,1,0,79
eval,9,readout,samecls_diffcont,c011,0.06580734252929688,1.4212956428527832,46,0,79
eval,22,task,samecls_diffcont,c011,-0.009990692138671875,9.894942283630371,79,46,79
eval,22,question,samecls_diffcont,c011,-0.01840972900390625,12.031610488891602,46,1,79
eval,22,final,samecls_diffcont,c011,0.8465652465820312,4.573404312133789,1,0,79
eval,22,readout,samecls_diffcont,c011,0.8286933898925781,11.869476318359375,46,0,79
eval,9,task,othercls_diffcont,c011,0.2783679962158203,1.397419810295105,79,46,79
eval,9,question,othercls_diffcont,c011,0.10127639770507812,0.976818859577179,46,1,79
eval,9,final,othercls_diffcont,c011,0.3952808380126953,1.1634924411773682,1,0,79
eval,9,readout,othercls_diffcont,c011,0.4820880889892578,0.9808769226074219,46,0,79
eval,22,task,othercls_diffcont,c011,0.0018138885498046875,11.263311386108398,79,46,79
eval,22,question,othercls_diffcont,c011,-0.02089691162109375,8.842597007751465,46,1,79
eval,22,final,othercls_diffcont,c011,0.8596324920654297,5.344244956970215,1,0,79
eval,22,readout,othercls_diffcont,c011,0.8424854278564453,8.766546249389648,46,0,79
eval,9,task,samecls_samecont,c013,0.2380847930908203,1.7416542768478394,122,46,122
eval,9,question,samecls_samecont,c013,0.009372711181640625,1.4879815578460693,46,1,122
eval,9,final,samecls_samecont,c013,-0.10477638244628906,0.8846064209938049,1,0,122
eval,9,readout,samecls_samecont,c013,-0.05551719665527344,1.4748646020889282,46,0,122
eval,22,task,samecls_samecont,c013,0.014581680297851562,9.597445487976074,122,46,122
eval,22,question,samecls_samecont,c013,0.0231170654296875,11.695425033569336,46,1,122
eval,22,final,samecls_samecont,c013,-0.18651771545410156,4.382291793823242,1,0,122
eval,22,readout,samecls_samecont,c013,-0.1691722869873047,11.536443710327148,46,0,122
eval,9,task,othercls_samecont,c013,0.008749008178710938,1.2581958770751953,122,46,122
eval,9,question,othercls_samecont,c013,-0.06976509094238281,1.4489935636520386,46,1,122
eval,9,final,othercls_samecont,c013,0.21978759765625,0.7737926244735718,1,0,122
eval,9,readout,othercls_samecont,c013,0.1945171356201172,1.4343154430389404,46,0,122
eval,22,task,othercls_samecont,c013,0.012964248657226562,8.445035934448242,122,46,122
eval,22,question,othercls_samecont,c013,0.0031795501708984375,12.018911361694336,46,1,122
eval,22,final,othercls_samecont,c013,0.021219253540039062,4.974343776702881,1,0,122
eval,22,readout,othercls_samecont,c013,0.016908645629882812,11.865769386291504,46,0,122
eval,9,task,samecls_diffcont,c013,0.1588897705078125,1.2206227779388428,79,46,79
eval,9,question,samecls_diffcont,c013,-0.00262451171875,1.818480372428894,46,1,79
eval,9,final,samecls_diffcont,c013,0.3646965026855469,1.0804206132888794,1,0,79
eval,9,readout,samecls_diffcont,c013,0.27033424377441406,1.8024358749389648,46,0,79
eval,22,task,samecls_diffcont,c013,0.01502227783203125,9.923944473266602,79,46,79
eval,22,question,samecls_diffcont,c013,-0.022289276123046875,13.70587158203125,46,1,79
eval,22,final,samecls_diffcont,c013,1.2304553985595703,6.335275650024414,1,0,79
eval,22,readout,samecls_diffcont,c013,1.1963062286376953,13.54564094543457,46,0,79
eval,9,task,othercls_diffcont,c013,-0.14264678955078125,1.2199050188064575,79,46,79
eval,9,question,othercls_diffcont,c013,-0.10763168334960938,1.4842932224273682,46,1,79
eval,9,final,othercls_diffcont,c013,0.10769844055175781,0.7337510585784912,1,0,79
eval,9,readout,othercls_diffcont,c013,-0.00641632080078125,1.4679771661758423,46,0,79
eval,22,task,othercls_diffcont,c013,0.01483917236328125,10.346481323242188,79,46,79
eval,22,question,othercls_diffcont,c013,-0.0018253326416015625,12.454028129577637,46,1,79
eval,22,final,othercls_diffcont,c013,-0.4728069305419922,4.732847690582275,1,0,79
eval,22,readout,othercls_diffcont,c013,-0.4830951690673828,12.286177635192871,46,0,79
eval,9,task,samecls_samecont,c014,-0.7827301025390625,1.4081909656524658,123,46,123
eval,9,question,samecls_samecont,c014,-0.6266040802001953,1.2617939710617065,46,1,123
eval,9,final,samecls_samecont,c014,-0.22298622131347656,1.0704420804977417,1,0,123
eval,9,readout,samecls_samecont,c014,-0.9288425445556641,1.257634162902832,46,0,123
eval,22,task,samecls_samecont,c014,0.013669967651367188,9.898045539855957,123,46,123
eval,22,question,samecls_samecont,c014,0.0313873291015625,11.304930686950684,46,1,123
eval,22,final,samecls_samecont,c014,-2.0853519439697266,7.568477630615234,1,0,123
eval,22,readout,samecls_samecont,c014,-2.0576305389404297,11.223703384399414,46,0,123
eval,9,task,othercls_samecont,c014,-0.44814491271972656,1.3136636018753052,122,46,122
eval,9,question,othercls_samecont,c014,-0.4697723388671875,1.2874219417572021,46,1,122
eval,9,final,othercls_samecont,c014,-0.11205673217773438,0.970224916934967,1,0,122
eval,9,readout,othercls_samecont,c014,-0.6552600860595703,1.2805262804031372,46,0,122
eval,22,task,othercls_samecont,c014,-0.001529693603515625,8.579419136047363,122,46,122
eval,22,question,othercls_samecont,c014,0.0176239013671875,10.18881607055664,46,1,122
eval,22,final,othercls_samecont,c014,-1.6993675231933594,5.549785614013672,1,0,122
eval,22,readout,othercls_samecont,c014,-1.6815376281738281,10.087967872619629,46,0,122
eval,9,task,samecls_diffcont,c014,-0.21799850463867188,1.4974802732467651,79,46,79
eval,9,question,samecls_diffcont,c014,-0.4153308868408203,1.5922136306762695,46,1,79
eval,9,final,samecls_diffcont,c014,-0.1820068359375,1.2556736469268799,1,0,79
eval,9,readout,samecls_diffcont,c014,-0.6859226226806641,1.5848976373672485,46,0,79
eval,22,task,samecls_diffcont,c014,0.003780364990234375,12.201728820800781,79,46,79
eval,22,question,samecls_diffcont,c014,0.06266021728515625,12.094704627990723,46,1,79
eval,22,final,samecls_diffcont,c014,-1.4187812805175781,6.462279796600342,1,0,79
eval,22,readout,samecls_diffcont,c014,-1.3540840148925781,11.972260475158691,46,0,79
eval,9,task,othercls_diffcont,c014,-0.2519702911376953,1.5142884254455566,79,46,79
eval,9,question,othercls_diffcont,c014,-0.3806896209716797,1.318382978439331,46,1,79
eval,9,final,othercls_diffcont,c014,-0.04863166809082031,1.2765668630599976,1,0,79
eval,9,readout,othercls_diffcont,c014,-0.45626258850097656,1.3174740076065063,46,0,79
eval,22,task,othercls_diffcont,c014,-0.0074291229248046875,12.084733009338379,79,46,79
eval,22,question,othercls_diffcont,c014,0.024868011474609375,10.319162368774414,46,1,79
eval,22,final,othercls_diffcont,c014,-1.4371986389160156,5.80891752243042,1,0,79
eval,22,readout,othercls_diffcont,c014,-1.4092178344726562,10.221113204956055,46,0,79
eval,9,task,samecls_samecont,c016,-0.3453388214111328,1.7402063608169556,112,46,112
eval,9,question,samecls_samecont,c016,0.19043350219726562,0.9234695434570312,46,1,112
eval,9,final,samecls_samecont,c016,0.13532447814941406,1.085240364074707,1,0,112
eval,9,readout,samecls_samecont,c016,0.32624244689941406,0.9269863367080688,46,0,112
eval,22,task,samecls_samecont,c016,0.00933837890625,12.239080429077148,112,46,112
eval,22,question,samecls_samecont,c016,-0.016361236572265625,9.209426879882812,46,1,112
eval,22,final,samecls_samecont,c016,0.05299186706542969,4.174839019775391,1,0,112
eval,22,readout,samecls_samecont,c016,0.03820228576660156,9.099979400634766,46,0,112
eval,9,task,othercls_samecont,c016,-0.11455535888671875,1.7717156410217285,112,46,112
eval,9,question,othercls_samecont,c016,0.09927558898925781,1.0048528909683228,46,1,112
eval,9,final,othercls_samecont,c016,0.07995223999023438,0.8686622977256775,1,0,112
eval,9,readout,othercls_samecont,c016,0.1631317138671875,1.0018922090530396,46,0,112
eval,22,task,othercls_samecont,c016,-0.013132095336914062,13.094500541687012,112,46,112
eval,22,question,othercls_samecont,c016,-0.03760528564453125,8.317047119140625,46,1,112
eval,22,final,othercls_samecont,c016,-0.016668319702148438,3.7460641860961914,1,0,112
eval,22,readout,othercls_samecont,c016,-0.05623054504394531,8.21767807006836,46,0,112
eval,9,task,samecls_diffcont,c016,0.19530868530273438,1.464957356452942,79,46,79
eval,9,question,samecls_diffcont,c016,0.10089683532714844,0.896223783493042,46,1,79
eval,9,final,samecls_diffcont,c016,-0.0055522918701171875,0.933326780796051,1,0,79
eval,9,readout,samecls_diffcont,c016,0.10526084899902344,0.8970303535461426,46,0,79
eval,22,task,samecls_diffcont,c016,-0.00534820556640625,12.357735633850098,79,46,79
eval,22,question,samecls_diffcont,c016,-0.026704788208007812,8.68982219696045,46,1,79
eval,22,final,samecls_diffcont,c016,0.8470306396484375,4.445119380950928,1,0,79
eval,22,readout,samecls_diffcont,c016,0.8199653625488281,8.597546577453613,46,0,79
eval,9,task,othercls_diffcont,c016,0.04271888732910156,1.4689552783966064,79,46,79
eval,9,question,othercls_diffcont,c016,0.08736991882324219,1.0732362270355225,46,1,79
eval,9,final,othercls_diffcont,c016,0.09120750427246094,0.9703988432884216,1,0,79
eval,9,readout,othercls_diffcont,c016,0.14463043212890625,1.0710006952285767,46,0,79
eval,22,task,othercls_diffcont,c016,-0.001796722412109375,11.61130142211914,79,46,79
eval,22,question,othercls_diffcont,c016,-0.04106903076171875,8.570401191711426,46,1,79
eval,22,final,othercls_diffcont,c016,0.4356346130371094,4.327879428863525,1,0,79
eval,22,readout,othercls_diffcont,c016,0.3905029296875,8.478172302246094,46,0,79
eval,9,task,samecls_samecont,c017,-0.6261558532714844,1.2390433549880981,144,46,144
eval,9,question,samecls_samecont,c017,0.3664817810058594,0.9599143266677856,46,1,144
eval,9,final,samecls_samecont,c017,0.03278541564941406,0.909259557723999,1,0,144
eval,9,readout,samecls_samecont,c017,0.4004230499267578,0.9588130712509155,46,0,144
eval,22,task,samecls_samecont,c017,0.000972747802734375,7.732545375823975,144,46,144
eval,22,question,samecls_samecont,c017,-0.003719329833984375,7.397536754608154,46,1,144
eval,22,final,samecls_samecont,c017,0.24291229248046875,3.282285213470459,1,0,144
eval,22,readout,samecls_samecont,c017,0.23792648315429688,7.308074474334717,46,0,144
eval,9,task,othercls_samecont,c017,-0.026144027709960938,1.5940507650375366,142,46,142
eval,9,question,othercls_samecont,c017,-0.07000541687011719,0.8259953260421753,46,1,142
eval,9,final,othercls_samecont,c017,0.09607887268066406,1.0716042518615723,1,0,142
eval,9,readout,othercls_samecont,c017,0.0077362060546875,0.83133465051651,46,0,142
eval,22,task,othercls_samecont,c017,0.0044841766357421875,11.535621643066406,142,46,142
eval,22,question,othercls_samecont,c017,-0.015634536743164062,8.26904296875,46,1,142
eval,22,final,othercls_samecont,c017,-0.41794586181640625,3.837786912918091,1,0,142
eval,22,readout,othercls_samecont,c017,-0.429718017578125,8.172711372375488,46,0,142
eval,9,task,samecls_diffcont,c017,-0.20174598693847656,1.871964931488037,79,46,79
eval,9,question,samecls_diffcont,c017,0.021148681640625,1.6856889724731445,46,1,79
eval,9,final,samecls_diffcont,c017,-0.14349937438964844,1.545892596244812,1,0,79
eval,9,readout,samecls_diffcont,c017,-0.03501319885253906,1.6826497316360474,46,0,79
eval,22,task,samecls_diffcont,c017,-0.014085769653320312,15.417003631591797,79,46,79
eval,22,question,samecls_diffcont,c017,0.0024280548095703125,12.295270919799805,46,1,79
eval,22,final,samecls_diffcont,c017,-0.9580726623535156,6.157854080200195,1,0,79
eval,22,readout,samecls_diffcont,c017,-0.9665870666503906,12.161848068237305,46,0,79
eval,9,task,othercls_diffcont,c017,-0.11567497253417969,1.8526819944381714,79,46,79
eval,9,question,othercls_diffcont,c017,-0.07174110412597656,1.0442441701889038,46,1,79
eval,9,final,othercls_diffcont,c017,-0.025823593139648438,1.3100783824920654,1,0,79
eval,9,readout,othercls_diffcont,c017,-0.09214591979980469,1.0500233173370361,46,0,79
eval,22,task,othercls_diffcont,c017,-0.01318359375,14.904251098632812,79,46,79
eval,22,question,othercls_diffcont,c017,-0.006435394287109375,9.68025016784668,46,1,79
eval,22,final,othercls_diffcont,c017,-0.9777622222900391,4.90607213973999,1,0,79
eval,22,readout,othercls_diffcont,c017,-0.9826412200927734,9.57646369934082,46,0,79
eval,9,task,samecls_samecont,c020,-0.23448944091796875,1.5469753742218018,103,46,103
eval,9,question,samecls_samecont,c020,-0.243011474609375,1.540087342262268,46,1,103
eval,9,final,samecls_samecont,c020,0.1902599334716797,1.0622105598449707,1,0,103
eval,9,readout,samecls_samecont,c020,-0.08559608459472656,1.5296987295150757,46,0,103
eval,22,task,samecls_samecont,c020,-0.0059185028076171875,9.171175956726074,103,46,103
eval,22,question,samecls_samecont,c020,0.016635894775390625,10.994872093200684,46,1,103
eval,22,final,samecls_samecont,c020,-0.15529823303222656,5.676450252532959,1,0,103
eval,22,readout,samecls_samecont,c020,-0.14518165588378906,10.879253387451172,46,0,103
eval,9,task,othercls_samecont,c020,0.3113689422607422,1.4162088632583618,102,46,102
eval,9,question,othercls_samecont,c020,-0.3155841827392578,1.4918450117111206,46,1,102
eval,9,final,othercls_samecont,c020,0.14137649536132812,0.7892214059829712,1,0,102
eval,9,readout,othercls_samecont,c020,-0.14980506896972656,1.4765706062316895,46,0,102
eval,22,task,othercls_samecont,c020,-0.0040149688720703125,7.526882648468018,102,46,102
eval,22,question,othercls_samecont,c020,0.001739501953125,11.42226791381836,46,1,102
eval,22,final,othercls_samecont,c020,-0.0115814208984375,4.553238868713379,1,0,102
eval,22,readout,othercls_samecont,c020,-0.018077850341796875,11.272941589355469,46,0,102
eval,9,task,samecls_diffcont,c020,0.1406993865966797,1.065720558166504,79,46,79
eval,9,question,samecls_diffcont,c020,-0.2782878875732422,1.4387508630752563,46,1,79
eval,9,final,samecls_diffcont,c020,0.10899925231933594,1.089301347732544,1,0,79
eval,9,readout,samecls_diffcont,c020,-0.09390068054199219,1.4311541318893433,46,0,79
eval,22,task,samecls_diffcont,c020,0.004718780517578125,14.015618324279785,79,46,79
eval,22,question,samecls_diffcont,c020,-0.0008869171142578125,12.313065528869629,46,1,79
eval,22,final,samecls_diffcont,c020,0.20463943481445312,4.933443069458008,1,0,79
eval,22,readout,samecls_diffcont,c020,0.19807815551757812,12.15263843536377,46,0,79
eval,9,task,othercls_diffcont,c020,-0.13926315307617188,1.1171886920928955,79,46,79
eval,9,question,othercls_diffcont,c020,-0.2196674346923828,1.487552523612976,46,1,79
eval,9,final,othercls_diffcont,c020,0.28910064697265625,0.8497306108474731,1,0,79
eval,9,readout,othercls_diffcont,c020,0.1543560028076172,1.473686933517456,46,0,79
eval,22,task,othercls_diffcont,c020,0.0022029876708984375,13.513961791992188,79,46,79
eval,22,question,othercls_diffcont,c020,-0.012584686279296875,12.517023086547852,46,1,79
eval,22,final,othercls_diffcont,c020,-0.2192707061767578,4.834644317626953,1,0,79
eval,22,readout,othercls_diffcont,c020,-0.2382030487060547,12.350015640258789,46,0,79
eval,9,task,samecls_samecont,c022,0.07152557373046875,1.5885400772094727,107,46,107
eval,9,question,samecls_samecont,c022,-0.138885498046875,1.6814483404159546,46,1,107
eval,9,final,samecls_samecont,c022,0.06435966491699219,1.1265217065811157,1,0,107
eval,9,readout,samecls_samecont,c022,-0.014093399047851562,1.6693847179412842,46,0,107
eval,22,task,samecls_samecont,c022,0.00203704833984375,10.06885051727295,107,46,107
eval,22,question,samecls_samecont,c022,-0.026197433471679688,10.704703330993652,46,1,107
eval,22,final,samecls_samecont,c022,0.8318538665771484,5.475665092468262,1,0,107
eval,22,readout,samecls_samecont,c022,0.7879657745361328,10.591028213500977,46,0,107
eval,9,task,othercls_samecont,c022,-0.1939678192138672,1.224550485610962,106,46,106
eval,9,question,othercls_samecont,c022,0.07758331298828125,0.607007622718811,46,1,106
eval,9,final,othercls_samecont,c022,0.16547012329101562,0.8874713778495789,1,0,106
eval,9,readout,othercls_samecont,c022,0.20900726318359375,0.6131047010421753,46,0,106
eval,22,task,othercls_samecont,c022,-0.0007801055908203125,8.384398460388184,106,46,106
eval,22,question,othercls_samecont,c022,-0.01241302490234375,7.217763423919678,46,1,106
eval,22,final,othercls_samecont,c022,-0.42816734313964844,3.5172741413116455,1,0,106
eval,22,readout,othercls_samecont,c022,-0.4380626678466797,7.137317657470703,46,0,106
eval,9,task,samecls_diffcont,c022,-0.3366432189941406,1.3393148183822632,79,46,79
eval,9,question,samecls_diffcont,c022,-0.3109874725341797,1.0555170774459839,46,1,79
eval,9,final,samecls_diffcont,c022,0.11727333068847656,1.0479727983474731,1,0,79
eval,9,readout,samecls_diffcont,c022,-0.19742584228515625,1.055353045463562,46,0,79
eval,22,task,samecls_diffcont,c022,-0.0052776336669921875,14.321414947509766,79,46,79
eval,22,question,samecls_diffcont,c022,-0.0010318756103515625,10.528334617614746,46,1,79
eval,22,final,samecls_diffcont,c022,-0.3408527374267578,4.817213535308838,1,0,79
eval,22,readout,samecls_diffcont,c022,-0.33876991271972656,10.404179573059082,46,0,79
eval,9,task,othercls_diffcont,c022,-0.22191238403320312,1.3313721418380737,79,46,79
eval,9,question,othercls_diffcont,c022,-0.07769584655761719,0.8219877481460571,46,1,79
eval,9,final,othercls_diffcont,c022,0.01779937744140625,1.0111857652664185,1,0,79
eval,9,readout,othercls_diffcont,c022,-0.06579971313476562,0.8261007070541382,46,0,79
eval,22,task,othercls_diffcont,c022,-0.000324249267578125,14.424515724182129,79,46,79
eval,22,question,othercls_diffcont,c022,0.0024700164794921875,9.419428825378418,46,1,79
eval,22,final,othercls_diffcont,c022,-0.7591438293457031,3.9272918701171875,1,0,79
eval,22,readout,othercls_diffcont,c022,-0.7523918151855469,9.300034523010254,46,0,79
eval,9,task,samecls_samecont,c023,0.5083656311035156,1.357292890548706,101,46,101
eval,9,question,samecls_samecont,c023,0.2189769744873047,1.0108389854431152,46,1,101
eval,9,final,samecls_samecont,c023,-0.10105133056640625,0.7919885516166687,1,0,101
eval,9,readout,samecls_samecont,c023,0.118927001953125,1.0060813426971436,46,0,101
eval,22,task,samecls_samecont,c023,-0.0056324005126953125,10.0081148147583,101,46,101
eval,22,question,samecls_samecont,c023,0.0255584716796875,8.061055183410645,46,1,101
eval,22,final,samecls_samecont,c023,1.2211647033691406,4.227022171020508,1,0,101
eval,22,readout,samecls_samecont,c023,1.245168685913086,7.977706432342529,46,0,101
eval,9,task,othercls_samecont,c023,0.13872337341308594,1.5473442077636719,100,46,100
eval,9,question,othercls_samecont,c023,0.11798286437988281,0.9378095269203186,46,1,100
eval,9,final,othercls_samecont,c023,-0.11026763916015625,0.5738550424575806,1,0,100
eval,9,readout,othercls_samecont,c023,0.016092300415039062,0.9298974871635437,46,0,100
eval,22,task,othercls_samecont,c023,-0.0069522857666015625,10.309270858764648,100,46,100
eval,22,question,othercls_samecont,c023,0.0034542083740234375,7.931662559509277,46,1,100
eval,22,final,othercls_samecont,c023,-0.4158668518066406,3.690054416656494,1,0,100
eval,22,readout,othercls_samecont,c023,-0.4135761260986328,7.83945369720459,46,0,100
eval,9,task,samecls_diffcont,c023,0.21683311462402344,1.5117511749267578,79,46,79
eval,9,question,samecls_diffcont,c023,0.2926197052001953,1.2442798614501953,46,1,79
eval,9,final,samecls_diffcont,c023,-0.2328357696533203,0.7867498397827148,1,0,79
eval,9,readout,samecls_diffcont,c023,0.05965614318847656,1.2343335151672363,46,0,79
eval,22,task,samecls_diffcont,c023,-0.003902435302734375,13.208165168762207,79,46,79
eval,22,question,samecls_diffcont,c023,0.009733200073242188,10.55311107635498,46,1,79
eval,22,final,samecls_diffcont,c023,0.5891399383544922,5.001695156097412,1,0,79
eval,22,readout,samecls_diffcont,c023,0.6027317047119141,10.432428359985352,46,0,79
eval,9,task,othercls_diffcont,c023,0.2532482147216797,1.4251967668533325,79,46,79
eval,9,question,othercls_diffcont,c023,-0.03418540954589844,1.069838047027588,46,1,79
eval,9,final,othercls_diffcont,c023,-0.10889434814453125,0.7327723503112793,1,0,79
eval,9,readout,othercls_diffcont,c023,-0.13263702392578125,1.0625104904174805,46,0,79
eval,22,task,othercls_diffcont,c023,-0.00420379638671875,13.03502082824707,79,46,79
eval,22,question,othercls_diffcont,c023,0.00859832763671875,9.23531436920166,46,1,79
eval,22,final,othercls_diffcont,c023,-0.3396492004394531,4.1633219718933105,1,0,79
eval,22,readout,othercls_diffcont,c023,-0.32967185974121094,9.125053405761719,46,0,79
eval,9,task,samecls_samecont,c024,-0.213134765625,1.455999732017517,117,46,117
eval,9,question,samecls_samecont,c024,-0.24474143981933594,1.0806444883346558,46,1,117
eval,9,final,samecls_samecont,c024,0.2922382354736328,1.128448486328125,1,0,117
eval,9,readout,samecls_samecont,c024,0.08260917663574219,1.0816837549209595,46,0,117
eval,22,task,samecls_samecont,c024,0.006786346435546875,9.721270561218262,117,46,117
eval,22,question,samecls_samecont,c024,-0.015413284301757812,9.896825790405273,46,1,117
eval,22,final,samecls_samecont,c024,-0.6417560577392578,5.769137859344482,1,0,117
eval,22,readout,samecls_samecont,c024,-0.65777587890625,9.807092666625977,46,0,117
eval,9,task,othercls_samecont,c024,0.10971450805664062,1.4275951385498047,116,46,116
eval,9,question,othercls_samecont,c024,-0.46791648864746094,1.1735090017318726,46,1,116
eval,9,final,othercls_samecont,c024,0.11586380004882812,0.5751302242279053,1,0,116
eval,9,readout,othercls_samecont,c024,-0.3523712158203125,1.1605008840560913,46,0,116
eval,22,task,othercls_samecont,c024,-0.0057659149169921875,8.398636817932129,116,46,116
eval,22,question,othercls_samecont,c024,0.0022563934326171875,10.188329696655273,46,1,116
eval,22,final,othercls_samecont,c024,-0.9314308166503906,3.6785292625427246,1,0,116
eval,22,readout,othercls_samecont,c024,-0.9275894165039062,10.046813011169434,46,0,116
eval,9,task,samecls_diffcont,c024,-0.0030879974365234375,1.2359333038330078,79,46,79
eval,9,question,samecls_diffcont,c024,0.21229934692382812,0.5601001381874084,46,1,79
eval,9,final,samecls_diffcont,c024,-0.015497207641601562,0.48947298526763916,1,0,79
eval,9,readout,samecls_diffcont,c024,0.19371604919433594,0.5585647225379944,46,0,79
eval,22,task,samecls_diffcont,c024,-0.000591278076171875,9.936933517456055,79,46,79
eval,22,question,samecls_diffcont,c024,0.0049114227294921875,5.689898490905762,46,1,79
eval,22,final,samecls_diffcont,c024,-0.2527599334716797,2.9767518043518066,1,0,79
eval,22,readout,samecls_diffcont,c024,-0.24950027465820312,5.630917072296143,46,0,79
eval,9,task,othercls_diffcont,c024,-0.09150886535644531,1.4681886434555054,79,46,79
eval,9,question,othercls_diffcont,c024,-0.2912425994873047,1.1239492893218994,46,1,79
eval,9,final,othercls_diffcont,c024,0.21327781677246094,0.6745166778564453,1,0,79
eval,9,readout,othercls_diffcont,c024,-0.07183074951171875,1.114179015159607,46,0,79
eval,22,task,othercls_diffcont,c024,0.005641937255859375,11.473770141601562,79,46,79
eval,22,question,othercls_diffcont,c024,0.001186370849609375,10.026263236999512,46,1,79
eval,22,final,othercls_diffcont,c024,-0.7857913970947266,4.420534610748291,1,0,79
eval,22,readout,othercls_diffcont,c024,-0.7845230102539062,9.904399871826172,46,0,79
eval,9,task,samecls_samecont,c025,-0.7960777282714844,1.6228742599487305,113,46,113
eval,9,question,samecls_samecont,c025,-0.22780990600585938,1.380092740058899,46,1,113
eval,9,final,samecls_samecont,c025,-0.21777915954589844,0.8037923574447632,1,0,113
eval,9,readout,samecls_samecont,c025,-0.4815692901611328,1.3675644397735596,46,0,113
eval,22,task,samecls_samecont,c025,0.0015048980712890625,8.879508972167969,113,46,113
eval,22,question,samecls_samecont,c025,0.0036640167236328125,10.338032722473145,46,1,113
eval,22,final,samecls_samecont,c025,-1.47821044921875,5.194642543792725,1,0,113
eval,22,readout,samecls_samecont,c025,-1.4777393341064453,10.226219177246094,46,0,113
eval,9,task,othercls_samecont,c025,0.2066478729248047,1.441806674003601,111,46,111
eval,9,question,othercls_samecont,c025,-0.33153724670410156,1.126965045928955,46,1,111
eval,9,final,othercls_samecont,c025,0.22455787658691406,0.6140283346176147,1,0,111
eval,9,readout,othercls_samecont,c025,-0.103363037109375,1.1158140897750854,46,0,111
eval,22,task,othercls_samecont,c025,-0.00188446044921875,9.46150016784668,111,46,111
eval,22,question,othercls_samecont,c025,-0.0017070770263671875,10.17335033416748,46,1,111
eval,22,final,othercls_samecont,c025,-0.5344619750976562,3.745912551879883,1,0,111
eval,22,readout,othercls_samecont,c025,-0.5351448059082031,10.033622741699219,46,0,111
eval,9,task,samecls_diffcont,c025,0.15707969665527344,3.9450185298919678,59,46,59
eval,9,question,samecls_diffcont,c025,-0.1358661651611328,1.9633961915969849,46,1,59
eval,9,final,samecls_diffcont,c025,0.6940288543701172,2.392310619354248,1,0,59
eval,9,readout,samecls_diffcont,c025,0.5472755432128906,1.9727206230163574,46,0,59
eval,22,task,samecls_diffcont,c025,0.0057373046875,21.03236198425293,59,46,59
eval,22,question,samecls_diffcont,c025,0.0049839019775390625,14.672626495361328,46,1,59
eval,22,final,samecls_diffcont,c025,1.301462173461914,9.915313720703125,1,0,59
eval,22,readout,samecls_diffcont,c025,1.298370361328125,14.569207191467285,46,0,59
eval,9,task,othercls_diffcont,c025,0.11330223083496094,3.8551859855651855,59,46,59
eval,9,question,othercls_diffcont,c025,-0.6981048583984375,1.9326484203338623,46,1,59
eval,9,final,othercls_diffcont,c025,0.6338901519775391,2.1717569828033447,1,0,59
eval,9,readout,othercls_diffcont,c025,0.00743865966796875,1.937846302986145,46,0,59
eval,22,task,othercls_diffcont,c025,-0.002838134765625,21.570833206176758,59,46,59
eval,22,question,othercls_diffcont,c025,0.0007495880126953125,15.872742652893066,46,1,59
eval,22,final,othercls_diffcont,c025,-0.20889663696289062,9.514729499816895,1,0,59
eval,22,readout,othercls_diffcont,c025,-0.21774864196777344,15.734526634216309,46,0,59
eval,9,task,samecls_samecont,c029,-0.4571247100830078,2.8039357662200928,73,46,73
eval,9,question,samecls_samecont,c029,-0.2655982971191406,1.2656152248382568,46,1,73
eval,9,final,samecls_samecont,c029,-0.05345916748046875,1.2556300163269043,1,0,73
eval,9,readout,samecls_samecont,c029,-0.29146575927734375,1.2653981447219849,46,0,73
eval,22,task,samecls_samecont,c029,-0.0076656341552734375,14.65797233581543,73,46,73
eval,22,question,samecls_samecont,c029,0.0048160552978515625,8.589237213134766,46,1,73
eval,22,final,samecls_samecont,c029,-0.4516792297363281,4.534008026123047,1,0,73
eval,22,readout,samecls_samecont,c029,-0.4497566223144531,8.501079559326172,46,0,73
eval,9,task,othercls_samecont,c029,-0.3372974395751953,2.865854024887085,72,46,72
eval,9,question,othercls_samecont,c029,-0.7768707275390625,1.4596903324127197,46,1,72
eval,9,final,othercls_samecont,c029,-0.08232688903808594,1.1231034994125366,1,0,72
eval,9,readout,othercls_samecont,c029,-0.7972297668457031,1.4523733854293823,46,0,72
eval,22,task,othercls_samecont,c029,-0.0066738128662109375,15.439279556274414,72,46,72
eval,22,question,othercls_samecont,c029,-0.0021572113037109375,10.481103897094727,46,1,72
eval,22,final,othercls_samecont,c029,-1.4939022064208984,6.105339527130127,1,0,72
eval,22,readout,othercls_samecont,c029,-1.5011672973632812,10.385978698730469,46,0,72
eval,9,task,samecls_diffcont,c029,0.040622711181640625,3.6775381565093994,59,46,59
eval,9,question,samecls_diffcont,c029,0.2544689178466797,1.399038314819336,46,1,59
eval,9,final,samecls_diffcont,c029,-0.3448905944824219,1.7214419841766357,1,0,59
eval,9,readout,samecls_diffcont,c029,-0.15183448791503906,1.4060471057891846,46,0,59
eval,22,task,samecls_diffcont,c029,-0.011457443237304688,19.803489685058594,59,46,59
eval,22,question,samecls_diffcont,c029,-0.011770248413085938,11.19957447052002,46,1,59
eval,22,final,samecls_diffcont,c029,-1.0862197875976562,8.354068756103516,1,0,59
eval,22,readout,samecls_diffcont,c029,-1.113962173461914,11.137715339660645,46,0,59
eval,9,task,othercls_diffcont,c029,-0.10355567932128906,3.7204160690307617,59,46,59
eval,9,question,othercls_diffcont,c029,-0.20481491088867188,1.6972177028656006,46,1,59
eval,9,final,othercls_diffcont,c029,-0.4386119842529297,1.9201948642730713,1,0,59
eval,9,readout,othercls_diffcont,c029,-0.7124195098876953,1.7020649909973145,46,0,59
eval,22,task,othercls_diffcont,c029,-0.014131546020507812,20.891883850097656,59,46,59
eval,22,question,othercls_diffcont,c029,-0.02109527587890625,13.552812576293945,46,1,59
eval,22,final,othercls_diffcont,c029,-1.5648880004882812,8.639318466186523,1,0,59
eval,22,readout,othercls_diffcont,c029,-1.6052818298339844,13.44599723815918,46,0,59
eval,9,task,samecls_samecont,c036,-0.1953296661376953,1.8236318826675415,116,46,116
eval,9,question,samecls_samecont,c036,-0.36248016357421875,0.9142531752586365,46,1,116
eval,9,final,samecls_samecont,c036,0.07517433166503906,0.7381560802459717,1,0,116
eval,9,readout,samecls_samecont,c036,-0.27210044860839844,0.9104249477386475,46,0,116
eval,22,task,samecls_samecont,c036,-0.020465850830078125,11.355162620544434,116,46,116
eval,22,question,samecls_samecont,c036,-0.012088775634765625,8.073238372802734,46,1,116
eval,22,final,samecls_samecont,c036,-0.5821094512939453,4.515838623046875,1,0,116
eval,22,readout,samecls_samecont,c036,-0.5998706817626953,7.995903968811035,46,0,116
eval,9,task,othercls_samecont,c036,0.023099899291992188,1.3541499376296997,117,46,117
eval,9,question,othercls_samecont,c036,-0.44725799560546875,0.6711441874504089,46,1,117
eval,9,final,othercls_samecont,c036,-0.0635223388671875,0.47715434432029724,1,0,117
eval,9,readout,othercls_samecont,c036,-0.4997596740722656,0.6669269800186157,46,0,117
eval,22,task,othercls_samecont,c036,-0.008211135864257812,8.184269905090332,117,46,117
eval,22,question,othercls_samecont,c036,-0.011373519897460938,6.095340251922607,46,1,117
eval,22,final,othercls_samecont,c036,-0.48018646240234375,2.1980931758880615,1,0,117
eval,22,readout,othercls_samecont,c036,-0.492431640625,6.010618209838867,46,0,117
eval,9,task,samecls_diffcont,c036,0.01409149169921875,3.738236427307129,59,46,59
eval,9,question,samecls_diffcont,c036,-0.07973098754882812,2.0100717544555664,46,1,59
eval,9,final,samecls_diffcont,c036,0.151031494140625,2.304445505142212,1,0,59
eval,9,readout,samecls_diffcont,c036,0.06821250915527344,2.0164716243743896,46,0,59
eval,22,task,samecls_diffcont,c036,-0.0044708251953125,20.938478469848633,59,46,59
eval,22,question,samecls_diffcont,c036,0.024600982666015625,12.355403900146484,46,1,59
eval,22,final,samecls_diffcont,c036,0.09686851501464844,9.67626953125,1,0,59
eval,22,readout,samecls_diffcont,c036,0.11293220520019531,12.297162055969238,46,0,59
eval,9,task,othercls_diffcont,c036,0.017644882202148438,3.8294572830200195,59,46,59
eval,9,question,othercls_diffcont,c036,-1.1991996765136719,2.0938446521759033,46,1,59
eval,9,final,othercls_diffcont,c036,0.3635292053222656,1.9817380905151367,1,0,59
eval,9,readout,othercls_diffcont,c036,-0.8772640228271484,2.091407537460327,46,0,59
eval,22,task,othercls_diffcont,c036,-0.002689361572265625,21.543903350830078,59,46,59
eval,22,question,othercls_diffcont,c036,-0.0068874359130859375,12.833630561828613,46,1,59
eval,22,final,othercls_diffcont,c036,-0.6454048156738281,8.552505493164062,1,0,59
eval,22,readout,othercls_diffcont,c036,-0.6544303894042969,12.740562438964844,46,0,59
eval,9,task,samecls_samecont,c039,0.11508750915527344,2.3703432083129883,75,46,75
eval,9,question,samecls_samecont,c039,0.001316070556640625,1.0816504955291748,46,1,75
eval,9,final,samecls_samecont,c039,0.06247711181640625,1.2520748376846313,1,0,75
eval,9,readout,samecls_samecont,c039,0.07256698608398438,1.0853554010391235,46,0,75
eval,22,task,samecls_samecont,c039,0.011577606201171875,14.876535415649414,75,46,75
eval,22,question,samecls_samecont,c039,-0.025133132934570312,8.418434143066406,46,1,75
eval,22,final,samecls_samecont,c039,0.6042232513427734,5.336908340454102,1,0,75
eval,22,readout,samecls_samecont,c039,0.5782070159912109,8.35144329071045,46,0,75
eval,9,task,othercls_samecont,c039,-0.011859893798828125,2.049835443496704,74,46,74
eval,9,question,othercls_samecont,c039,-0.7677268981933594,1.1865180730819702,46,1,74
eval,9,final,othercls_samecont,c039,0.14957809448242188,1.3304108381271362,1,0,74
eval,9,readout,othercls_samecont,c039,-0.6212139129638672,1.1896462440490723,46,0,74
eval,22,task,othercls_samecont,c039,0.003936767578125,14.433506965637207,74,46,74
eval,22,question,othercls_samecont,c039,-0.030164718627929688,8.823369026184082,46,1,74
eval,22,final,othercls_samecont,c039,-0.7450027465820312,5.600946426391602,1,0,74
eval,22,readout,othercls_samecont,c039,-0.7799968719482422,8.753316879272461,46,0,74
eval,9,task,samecls_diffcont,c039,0.13287353515625,3.8168246746063232,59,46,59
eval,9,question,samecls_diffcont,c039,0.5594215393066406,2.1757235527038574,46,1,59
eval,9,final,samecls_diffcont,c039,-0.19130516052246094,2.2705328464508057,1,0,59
eval,9,readout,samecls_diffcont,c039,0.4933185577392578,2.1777844429016113,46,0,59
eval,22,task,samecls_diffcont,c039,0.0032939910888671875,21.123085021972656,59,46,59
eval,22,question,samecls_diffcont,c039,-0.01207733154296875,13.632712364196777,46,1,59
eval,22,final,samecls_diffcont,c039,-0.3295021057128906,9.316222190856934,1,0,59
eval,22,readout,samecls_diffcont,c039,-0.3559722900390625,13.5388765335083,46,0,59
eval,9,task,othercls_diffcont,c039,0.3177623748779297,3.9195470809936523,59,46,59
eval,9,question,othercls_diffcont,c039,0.4415016174316406,2.0982067584991455,46,1,59
eval,9,final,othercls_diffcont,c039,-0.15027618408203125,2.462467908859253,1,0,59
eval,9,readout,othercls_diffcont,c039,0.4299163818359375,2.106125593185425,46,0,59
eval,22,task,othercls_diffcont,c039,0.0047321319580078125,20.190425872802734,59,46,59
eval,22,question,othercls_diffcont,c039,-0.03203773498535156,15.006157875061035,46,1,59
eval,22,final,othercls_diffcont,c039,-0.04824066162109375,8.78109359741211,1,0,59
eval,22,readout,othercls_diffcont,c039,-0.09297561645507812,14.870831489562988,46,0,59
eval,9,task,samecls_samecont,c041,0.16011810302734375,1.4938247203826904,126,46,126
eval,9,question,samecls_samecont,c041,-0.17792510986328125,1.6187841892242432,46,1,126
eval,9,final,samecls_samecont,c041,-0.1307544708251953,0.9739384055137634,1,0,126
eval,9,readout,samecls_samecont,c041,-0.26009368896484375,1.6047658920288086,46,0,126
eval,22,task,samecls_samecont,c041,0.008899688720703125,10.529141426086426,126,46,126
eval,22,question,samecls_samecont,c041,0.007852554321289062,10.199715614318848,46,1,126
eval,22,final,samecls_samecont,c041,0.6368026733398438,5.400689125061035,1,0,126
eval,22,readout,samecls_samecont,c041,0.6386375427246094,10.095388412475586,46,0,126
eval,9,task,othercls_samecont,c041,0.039295196533203125,1.737292766571045,125,46,125
eval,9,question,othercls_samecont,c041,0.11934089660644531,1.3811184167861938,46,1,125
eval,9,final,othercls_samecont,c041,-0.008325576782226562,0.8086721897125244,1,0,125
eval,9,readout,othercls_samecont,c041,0.13614845275878906,1.3686739206314087,46,0,125
eval,22,task,othercls_samecont,c041,0.014007568359375,10.33999252319336,125,46,125
eval,22,question,othercls_samecont,c041,-0.013864517211914062,11.072452545166016,46,1,125
eval,22,final,othercls_samecont,c041,0.2847576141357422,3.6749086380004883,1,0,125
eval,22,readout,othercls_samecont,c041,0.2653160095214844,10.911637306213379,46,0,125
eval,9,task,samecls_diffcont,c041,0.05958747863769531,1.6955310106277466,79,46,79
eval,9,question,samecls_diffcont,c041,-0.19010543823242188,1.1986281871795654,46,1,79
eval,9,final,samecls_diffcont,c041,0.07581901550292969,1.185774803161621,1,0,79
eval,9,readout,samecls_diffcont,c041,-0.07156562805175781,1.1983487606048584,46,0,79
eval,22,task,samecls_diffcont,c041,0.00791168212890625,13.777978897094727,79,46,79
eval,22,question,samecls_diffcont,c041,-0.016590118408203125,10.773906707763672,46,1,79
eval,22,final,samecls_diffcont,c041,-0.12113761901855469,5.034189701080322,1,0,79
eval,22,readout,samecls_diffcont,c041,-0.14188575744628906,10.649131774902344,46,0,79
eval,9,task,othercls_diffcont,c041,0.16362762451171875,1.6817556619644165,79,46,79
eval,9,question,othercls_diffcont,c041,-0.28692054748535156,1.3184216022491455,46,1,79
eval,9,final,othercls_diffcont,c041,0.10174179077148438,1.021023154258728,1,0,79
eval,9,readout,othercls_diffcont,c041,-0.15787696838378906,1.311956524848938,46,0,79
eval,22,task,othercls_diffcont,c041,0.010274887084960938,13.557706832885742,79,46,79
eval,22,question,othercls_diffcont,c041,0.0002288818359375,10.242472648620605,46,1,79
eval,22,final,othercls_diffcont,c041,-0.02643585205078125,4.183160305023193,1,0,79
eval,22,readout,othercls_diffcont,c041,-0.028669357299804688,10.110748291015625,46,0,79
eval,9,task,samecls_samecont,c042,0.20765113830566406,1.3594400882720947,109,46,109
eval,9,question,samecls_samecont,c042,-0.10923385620117188,0.7672643065452576,46,1,109
eval,9,final,samecls_samecont,c042,-0.12348556518554688,0.6099058985710144,1,0,109
eval,9,readout,samecls_samecont,c042,-0.2369384765625,0.7638434767723083,46,0,109
eval,22,task,samecls_samecont,c042,0.00997161865234375,8.337888717651367,109,46,109
eval,22,question,samecls_samecont,c042,0.03180885314941406,9.144562721252441,46,1,109
eval,22,final,samecls_samecont,c042,-0.4796142578125,3.774667978286743,1,0,109
eval,22,readout,samecls_samecont,c042,-0.4493293762207031,9.027825355529785,46,0,109
eval,9,task,othercls_samecont,c042,0.3431072235107422,1.4706597328186035,107,46,107
eval,9,question,othercls_samecont,c042,-0.08407974243164062,1.0299396514892578,46,1,107
eval,9,final,othercls_samecont,c042,0.044734954833984375,0.7058088183403015,1,0,107
eval,9,readout,othercls_samecont,c042,-0.023983001708984375,1.0228931903839111,46,0,107
eval,22,task,othercls_samecont,c042,0.0013427734375,8.011178016662598,107,46,107
eval,22,question,othercls_samecont,c042,0.016082763671875,9.514941215515137,46,1,107
eval,22,final,othercls_samecont,c042,0.10295295715332031,3.4390954971313477,1,0,107
eval,22,readout,othercls_samecont,c042,0.11698341369628906,9.382857322692871,46,0,107
eval,9,task,samecls_diffcont,c042,0.05971336364746094,1.6575294733047485,79,46,79
eval,9,question,samecls_diffcont,c042,0.13684844970703125,1.540221095085144,46,1,79
eval,9,final,samecls_diffcont,c042,-0.06546592712402344,1.163297414779663,1,0,79
eval,9,readout,samecls_diffcont,c042,0.0594482421875,1.532027244567871,46,0,79
eval,22,task,samecls_diffcont,c042,-0.00690460205078125,15.016148567199707,79,46,79
eval,22,question,samecls_diffcont,c042,-0.030260086059570312,12.61546516418457,46,1,79
eval,22,final,samecls_diffcont,c042,1.6998519897460938,6.048056602478027,1,0,79
eval,22,readout,samecls_diffcont,c042,1.6718673706054688,12.47269344329834,46,0,79
eval,9,task,othercls_diffcont,c042,0.1642322540283203,1.6631897687911987,79,46,79
eval,9,question,othercls_diffcont,c042,0.08594322204589844,1.0492175817489624,46,1,79
eval,9,final,othercls_diffcont,c042,-0.06795120239257812,1.0827081203460693,1,0,79
eval,9,readout,othercls_diffcont,c042,0.04063606262207031,1.0499457120895386,46,0,79
eval,22,task,othercls_diffcont,c042,-0.0014362335205078125,13.653923034667969,79,46,79
eval,22,question,othercls_diffcont,c042,0.012617111206054688,10.15690803527832,46,1,79
eval,22,final,othercls_diffcont,c042,0.42609214782714844,4.6278181076049805,1,0,79
eval,22,readout,othercls_diffcont,c042,0.431884765625,10.036710739135742,46,0,79
eval,9,task,samecls_samecont,c043,-0.24218177795410156,1.3711341619491577,109,46,109
eval,9,question,samecls_samecont,c043,-0.7218437194824219,1.495772123336792,46,1,109
eval,9,final,samecls_samecont,c043,0.019342422485351562,0.9521892666816711,1,0,109
eval,9,readout,samecls_samecont,c043,-0.6934909820556641,1.4839550256729126,46,0,109
eval,22,task,samecls_samecont,c043,0.006557464599609375,9.418699264526367,109,46,109
eval,22,question,samecls_samecont,c043,0.020069122314453125,10.928472518920898,46,1,109
eval,22,final,samecls_samecont,c043,-1.4282455444335938,5.490011215209961,1,0,109
eval,22,readout,samecls_samecont,c043,-1.4037666320800781,10.8102445602417,46,0,109
eval,9,task,othercls_samecont,c043,-0.14603042602539062,1.643375039100647,108,46,108
eval,9,question,othercls_samecont,c043,-0.6822071075439453,1.2405160665512085,46,1,108
eval,9,final,othercls_samecont,c043,0.08410835266113281,0.8092085719108582,1,0,108
eval,9,readout,othercls_samecont,c043,-0.5755672454833984,1.231139898300171,46,0,108
eval,22,task,othercls_samecont,c043,0.00091552734375,11.986967086791992,108,46,108
eval,22,question,othercls_samecont,c043,0.03406333923339844,11.42570686340332,46,1,108
eval,22,final,othercls_samecont,c043,-1.2697906494140625,5.624051570892334,1,0,108
eval,22,readout,othercls_samecont,c043,-1.2364006042480469,11.299583435058594,46,0,108
eval,9,task,samecls_diffcont,c043,0.09734153747558594,1.5959866046905518,79,46,79
eval,9,question,samecls_diffcont,c043,-0.5045433044433594,1.958084225654602,46,1,79
eval,9,final,samecls_diffcont,c043,-0.1981658935546875,0.8807247877120972,1,0,79
eval,9,readout,samecls_diffcont,c043,-0.6700782775878906,1.9346634149551392,46,0,79
eval,22,task,samecls_diffcont,c043,0.0014801025390625,13.687766075134277,79,46,79
eval,22,question,samecls_diffcont,c043,0.040767669677734375,15.217233657836914,46,1,79
eval,22,final,samecls_diffcont,c043,-1.0438194274902344,6.747872829437256,1,0,79
eval,22,readout,samecls_diffcont,c043,-1.0119705200195312,15.033117294311523,46,0,79
eval,9,task,othercls_diffcont,c043,0.05423736572265625,1.5971945524215698,79,46,79
eval,9,question,othercls_diffcont,c043,-0.9776153564453125,1.5160759687423706,46,1,79
eval,9,final,othercls_diffcont,c043,0.10695266723632812,0.9779044389724731,1,0,79
eval,9,readout,othercls_diffcont,c043,-0.8656787872314453,1.5043766498565674,46,0,79
eval,22,task,othercls_diffcont,c043,0.011119842529296875,14.465442657470703,79,46,79
eval,22,question,othercls_diffcont,c043,0.029474258422851562,13.112805366516113,46,1,79
eval,22,final,othercls_diffcont,c043,-1.292734146118164,5.7569260597229,1,0,79
eval,22,readout,othercls_diffcont,c043,-1.2594337463378906,12.952895164489746,46,0,79
eval,9,task,samecls_samecont,c044,0.09128379821777344,1.1805649995803833,131,46,131
eval,9,question,samecls_samecont,c044,-0.2880897521972656,1.276068925857544,46,1,131
eval,9,final,samecls_samecont,c044,0.1962909698486328,0.6590376496315002,1,0,131
eval,9,readout,samecls_samecont,c044,-0.10705757141113281,1.2626551389694214,46,0,131
eval,22,task,samecls_samecont,c044,0.01036834716796875,6.067018985748291,131,46,131
eval,22,question,samecls_samecont,c044,0.01251983642578125,10.032093048095703,46,1,131
eval,22,final,samecls_samecont,c044,-0.4085559844970703,3.7901155948638916,1,0,131
eval,22,readout,samecls_samecont,c044,-0.39438819885253906,9.896398544311523,46,0,131
eval,9,task,othercls_samecont,c044,0.18916702270507812,1.8795497417449951,128,46,128
eval,9,question,othercls_samecont,c044,-0.4283027648925781,1.4751092195510864,46,1,128
eval,9,final,othercls_samecont,c044,0.20026016235351562,0.7804213166236877,1,0,128
eval,9,readout,othercls_samecont,c044,-0.22057723999023438,1.4600071907043457,46,0,128
eval,22,task,othercls_samecont,c044,0.0022716522216796875,10.005668640136719,128,46,128
eval,22,question,othercls_samecont,c044,0.0026645660400390625,11.701643943786621,46,1,128
eval,22,final,othercls_samecont,c044,-0.2472076416015625,4.3355560302734375,1,0,128
eval,22,readout,othercls_samecont,c044,-0.24815940856933594,11.541511535644531,46,0,128
eval,9,task,samecls_diffcont,c044,0.019762039184570312,1.1682829856872559,79,46,79
eval,9,question,samecls_diffcont,c044,-0.09963417053222656,0.6680008769035339,46,1,79
eval,9,final,samecls_diffcont,c044,-0.11574172973632812,0.6194265484809875,1,0,79
eval,9,readout,samecls_diffcont,c044,-0.21540260314941406,0.6669448614120483,46,0,79
eval,22,task,samecls_diffcont,c044,-0.0025806427001953125,10.185152053833008,79,46,79
eval,22,question,samecls_diffcont,c044,0.022918701171875,6.732402801513672,46,1,79
eval,22,final,samecls_diffcont,c044,-0.4738178253173828,3.722181797027588,1,0,79
eval,22,readout,samecls_diffcont,c044,-0.4543895721435547,6.66696310043335,46,0,79
eval,9,task,othercls_diffcont,c044,0.13056564331054688,1.315835952758789,79,46,79
eval,9,question,othercls_diffcont,c044,-0.23960304260253906,1.5165659189224243,46,1,79
eval,9,final,othercls_diffcont,c044,0.14668846130371094,0.8038080930709839,1,0,79
eval,9,readout,othercls_diffcont,c044,-0.07086563110351562,1.5010712146759033,46,0,79
eval,22,task,othercls_diffcont,c044,0.005908966064453125,11.773858070373535,79,46,79
eval,22,question,othercls_diffcont,c044,0.021345138549804688,13.490774154663086,46,1,79
eval,22,final,othercls_diffcont,c044,-0.3701610565185547,5.51417875289917,1,0,79
eval,22,readout,othercls_diffcont,c044,-0.3524951934814453,13.31736946105957,46,0,79
eval,9,task,samecls_samecont,c045,0.3017559051513672,1.7841796875,109,46,109
eval,9,question,samecls_samecont,c045,0.016382217407226562,1.5252553224563599,46,1,109
eval,9,final,samecls_samecont,c045,0.04204368591308594,1.0075565576553345,1,0,109
eval,9,readout,samecls_samecont,c045,0.09926795959472656,1.5140008926391602,46,0,109
eval,22,task,samecls_samecont,c045,0.005153656005859375,10.318500518798828,109,46,109
eval,22,question,samecls_samecont,c045,0.027791976928710938,11.264452934265137,46,1,109
eval,22,final,samecls_samecont,c045,0.3522491455078125,4.543076038360596,1,0,109
eval,22,readout,samecls_samecont,c045,0.3715705871582031,11.11833667755127,46,0,109
eval,9,task,othercls_samecont,c045,0.19548606872558594,1.450274109840393,108,46,108
eval,9,question,othercls_samecont,c045,-0.004360198974609375,1.518712043762207,46,1,108
eval,9,final,othercls_samecont,c045,0.23979949951171875,0.85599684715271,1,0,108
eval,9,readout,othercls_samecont,c045,0.2256145477294922,1.504305124282837,46,0,108
eval,22,task,othercls_samecont,c045,0.0037288665771484375,8.607991218566895,108,46,108
eval,22,question,othercls_samecont,c045,0.00641632080078125,11.868696212768555,46,1,108
eval,22,final,othercls_samecont,c045,0.10694313049316406,4.636895179748535,1,0,108
eval,22,readout,othercls_samecont,c045,0.10106849670410156,11.711483001708984,46,0,108
eval,9,task,samecls_diffcont,c045,-0.28084373474121094,1.2759431600570679,79,46,79
eval,9,question,samecls_diffcont,c045,-0.4717445373535156,1.7554622888565063,46,1,79
eval,9,final,samecls_diffcont,c045,0.1638927459716797,1.1940579414367676,1,0,79
eval,9,readout,samecls_diffcont,c045,-0.3407249450683594,1.7432578802108765,46,0,79
eval,22,task,samecls_diffcont,c045,0.005950927734375,11.04841136932373,79,46,79
eval,22,question,samecls_diffcont,c045,0.008365631103515625,13.26087474822998,46,1,79
eval,22,final,samecls_diffcont,c045,0.3243064880371094,5.798114776611328,1,0,79
eval,22,readout,samecls_diffcont,c045,0.3108787536621094,13.098640441894531,46,0,79
eval,9,task,othercls_diffcont,c045,-0.08958244323730469,1.2196162939071655,79,46,79
eval,9,question,othercls_diffcont,c045,0.05257225036621094,1.8271629810333252,46,1,79
eval,9,final,othercls_diffcont,c045,0.10817146301269531,0.8915138244628906,1,0,79
eval,9,readout,othercls_diffcont,c045,0.12134933471679688,1.8068228960037231,46,0,79
eval,22,task,othercls_diffcont,c045,0.007762908935546875,11.03349494934082,79,46,79
eval,22,question,othercls_diffcont,c045,-0.04031944274902344,15.364547729492188,46,1,79
eval,22,final,othercls_diffcont,c045,0.28847312927246094,5.851844787597656,1,0,79
eval,22,readout,othercls_diffcont,c045,0.2235126495361328,15.15775203704834,46,0,79
eval,9,task,samecls_samecont,c046,0.16410446166992188,1.3799464702606201,111,46,111
eval,9,question,samecls_samecont,c046,0.1905059814453125,1.3621056079864502,46,1,111
eval,9,final,samecls_samecont,c046,-0.032222747802734375,1.0627772808074951,1,0,111
eval,9,readout,samecls_samecont,c046,0.12344932556152344,1.3555983304977417,46,0,111
eval,22,task,samecls_samecont,c046,0.0007305145263671875,8.670258522033691,111,46,111
eval,22,question,samecls_samecont,c046,-0.0460052490234375,10.022469520568848,46,1,111
eval,22,final,samecls_samecont,c046,0.9624233245849609,5.141454219818115,1,0,111
eval,22,readout,samecls_samecont,c046,0.9198532104492188,9.916358947753906,46,0,111
eval,9,task,othercls_samecont,c046,0.176025390625,1.4944463968276978,109,46,109
eval,9,question,othercls_samecont,c046,0.2757072448730469,0.9991849064826965,46,1,109
eval,9,final,othercls_samecont,c046,0.06609725952148438,0.8569319248199463,1,0,109
eval,9,readout,othercls_samecont,c046,0.27593994140625,0.9960924386978149,46,0,109
eval,22,task,othercls_samecont,c046,0.0015697479248046875,8.770174026489258,109,46,109
eval,22,question,othercls_samecont,c046,-0.043331146240234375,10.517424583435059,46,1,109
eval,22,final,othercls_samecont,c046,-0.04299736022949219,3.8332488536834717,1,0,109
eval,22,readout,othercls_samecont,c046,-0.08984947204589844,10.372117042541504,46,0,109
eval,9,task,samecls_diffcont,c046,0.031414031982421875,1.7908269166946411,79,46,79
eval,9,question,samecls_diffcont,c046,0.04336357116699219,1.2697737216949463,46,1,79
eval,9,final,samecls_diffcont,c046,0.2088642120361328,1.1813726425170898,1,0,79
eval,9,readout,samecls_diffcont,c046,0.23186683654785156,1.2678519487380981,46,0,79
eval,22,task,samecls_diffcont,c046,-0.0009307861328125,14.820635795593262,79,46,79
eval,22,question,samecls_diffcont,c046,0.0033416748046875,9.955875396728516,46,1,79
eval,22,final,samecls_diffcont,c046,0.1485614776611328,4.695244789123535,1,0,79
eval,22,readout,samecls_diffcont,c046,0.14656829833984375,9.841514587402344,46,0,79
eval,9,task,othercls_diffcont,c046,0.2144012451171875,1.8170970678329468,79,46,79
eval,9,question,othercls_diffcont,c046,-0.15340423583984375,1.1651698350906372,46,1,79
eval,9,final,othercls_diffcont,c046,0.15444374084472656,1.015418291091919,1,0,79
eval,9,readout,othercls_diffcont,c046,-0.017030715942382812,1.1619142293930054,46,0,79
eval,22,task,othercls_diffcont,c046,-0.002742767333984375,13.959267616271973,79,46,79
eval,22,question,othercls_diffcont,c046,0.0023517608642578125,10.086702346801758,46,1,79
eval,22,final,othercls_diffcont,c046,-0.27333641052246094,5.076117992401123,1,0,79
eval,22,readout,othercls_diffcont,c046,-0.2875175476074219,9.977777481079102,46,0,79
eval,9,task,samecls_samecont,c047,0.6679248809814453,1.571956992149353,130,46,130
eval,9,question,samecls_samecont,c047,-0.09716415405273438,0.9256235957145691,46,1,130
eval,9,final,samecls_samecont,c047,0.07570648193359375,0.935169517993927,1,0,130
eval,9,readout,samecls_samecont,c047,-0.04950904846191406,0.9258310794830322,46,0,130
eval,22,task,samecls_samecont,c047,-0.001491546630859375,8.899749755859375,130,46,130
eval,22,question,samecls_samecont,c047,0.017230987548828125,8.486215591430664,46,1,130
eval,22,final,samecls_samecont,c047,0.8339881896972656,3.859623908996582,1,0,130
eval,22,readout,samecls_samecont,c047,0.8513126373291016,8.385637283325195,46,0,130
eval,9,task,othercls_samecont,c047,0.5156040191650391,1.4884567260742188,128,46,128
eval,9,question,othercls_samecont,c047,-0.2849445343017578,1.0021785497665405,46,1,128
eval,9,final,othercls_samecont,c047,0.029741287231445312,0.7547087073326111,1,0,128
eval,9,readout,othercls_samecont,c047,-0.27284812927246094,0.9967988133430481,46,0,128
eval,22,task,othercls_samecont,c047,-0.0121002197265625,9.24642276763916,128,46,128
eval,22,question,othercls_samecont,c047,-0.00201416015625,7.998819351196289,46,1,128
eval,22,final,othercls_samecont,c047,-0.4322662353515625,3.470107078552246,1,0,128
eval,22,readout,othercls_samecont,c047,-0.43456077575683594,7.900369167327881,46,0,128
eval,9,task,samecls_diffcont,c047,0.15418052673339844,3.5958962440490723,59,46,59
eval,9,question,samecls_diffcont,c047,-0.35582923889160156,2.0079431533813477,46,1,59
eval,9,final,samecls_diffcont,c047,0.4222221374511719,1.7885892391204834,1,0,59
eval,9,readout,samecls_diffcont,c047,0.1790790557861328,2.0031745433807373,46,0,59
eval,22,task,samecls_diffcont,c047,0.003490447998046875,21.192644119262695,59,46,59
eval,22,question,samecls_diffcont,c047,-0.033695220947265625,15.736061096191406,46,1,59
eval,22,final,samecls_diffcont,c047,0.5391082763671875,8.439216613769531,1,0,59
eval,22,readout,samecls_diffcont,c047,0.49143409729003906,15.577435493469238,46,0,59
eval,9,task,othercls_diffcont,c047,-0.025146484375,4.125844955444336,59,46,59
eval,9,question,othercls_diffcont,c047,-1.047769546508789,1.8910447359085083,46,1,59
eval,9,final,othercls_diffcont,c047,0.6767463684082031,1.8612191677093506,1,0,59
eval,9,readout,othercls_diffcont,c047,-0.43623924255371094,1.890396237373352,46,0,59
eval,22,task,othercls_diffcont,c047,0.0028629302978515625,22.097333908081055,59,46,59
eval,22,question,othercls_diffcont,c047,-0.026330947875976562,14.812987327575684,46,1,59
eval,22,final,othercls_diffcont,c047,-0.5408382415771484,8.648255348205566,1,0,59
eval,22,readout,othercls_diffcont,c047,-0.5687122344970703,14.678971290588379,46,0,59
eval,9,task,samecls_samecont,c049,-0.36861610412597656,2.0210907459259033,74,46,74
eval,9,question,samecls_samecont,c049,-1.2351913452148438,1.6268811225891113,46,1,74
eval,9,final,samecls_samecont,c049,0.3247108459472656,1.2652028799057007,1,0,74
eval,9,readout,samecls_samecont,c049,-0.9140625,1.6190185546875,46,0,74
eval,22,task,samecls_samecont,c049,0.011882781982421875,12.08409595489502,74,46,74
eval,22,question,samecls_samecont,c049,0.025598526000976562,11.728453636169434,46,1,74
eval,22,final,samecls_samecont,c049,-0.8642387390136719,9.13770580291748,1,0,74
eval,22,readout,samecls_samecont,c049,-0.8488979339599609,11.67213249206543,46,0,74
eval,9,task,othercls_samecont,c049,0.05946540832519531,3.050137519836426,73,46,73
eval,9,question,othercls_samecont,c049,-1.2318668365478516,1.8752058744430542,46,1,73
eval,9,final,othercls_samecont,c049,0.20664215087890625,1.055174469947815,1,0,73
eval,9,readout,othercls_samecont,c049,-1.1023521423339844,1.8573790788650513,46,0,73
eval,22,task,othercls_samecont,c049,-0.0034885406494140625,12.860589027404785,73,46,73
eval,22,question,othercls_samecont,c049,0.0220947265625,12.40245246887207,46,1,73
eval,22,final,othercls_samecont,c049,-1.0874824523925781,6.71150016784668,1,0,73
eval,22,readout,othercls_samecont,c049,-1.074502944946289,12.278735160827637,46,0,73
eval,9,task,samecls_diffcont,c049,0.10930633544921875,3.9147870540618896,59,46,59
eval,9,question,samecls_diffcont,c049,-0.2792949676513672,2.0190885066986084,46,1,59
eval,9,final,samecls_diffcont,c049,-0.6460590362548828,1.8557124137878418,1,0,59
eval,9,readout,samecls_diffcont,c049,-0.8108329772949219,2.0155367851257324,46,0,59
eval,22,task,samecls_diffcont,c049,-0.0041751861572265625,23.895381927490234,59,46,59
eval,22,question,samecls_diffcont,c049,0.030519485473632812,16.217554092407227,46,1,59
eval,22,final,samecls_diffcont,c049,-0.4624156951904297,8.858367919921875,1,0,59
eval,22,readout,samecls_diffcont,c049,-0.43831825256347656,16.057571411132812,46,0,59
eval,9,task,othercls_diffcont,c049,0.19495773315429688,3.8213210105895996,59,46,59
eval,9,question,othercls_diffcont,c049,-0.7388248443603516,2.0411674976348877,46,1,59
eval,9,final,othercls_diffcont,c049,-0.5204219818115234,1.9825905561447144,1,0,59
eval,9,readout,othercls_diffcont,c049,-1.1103858947753906,2.0398941040039062,46,0,59
eval,22,task,othercls_diffcont,c049,-0.0028209686279296875,22.640167236328125,59,46,59
eval,22,question,othercls_diffcont,c049,0.0469818115234375,15.314722061157227,46,1,59
eval,22,final,othercls_diffcont,c049,-1.1451377868652344,9.027792930603027,1,0,59
eval,22,readout,othercls_diffcont,c049,-1.1038970947265625,15.17805004119873,46,0,59
eval,9,task,samecls_samecont,c050,-0.1525440216064453,1.8416376113891602,142,46,142
eval,9,question,samecls_samecont,c050,-0.40717315673828125,0.7290735840797424,46,1,142
eval,9,final,samecls_samecont,c050,-0.016798019409179688,0.7283269762992859,1,0,142
eval,9,readout,samecls_samecont,c050,-0.4338207244873047,0.7290573120117188,46,0,142
eval,22,task,samecls_samecont,c050,0.0014095306396484375,11.729205131530762,142,46,142
eval,22,question,samecls_samecont,c050,0.019176483154296875,7.067690849304199,46,1,142
eval,22,final,samecls_samecont,c050,-0.7169170379638672,4.703155994415283,1,0,142
eval,22,readout,samecls_samecont,c050,-0.6991062164306641,7.016287803649902,46,0,142
eval,9,task,othercls_samecont,c050,0.169830322265625,1.6634634733200073,142,46,142
eval,9,question,othercls_samecont,c050,-0.6743736267089844,0.7172267436981201,46,1,142
eval,9,final,othercls_samecont,c050,0.0359649658203125,0.5288357138633728,1,0,142
eval,9,readout,othercls_samecont,c050,-0.6249561309814453,0.713131308555603,46,0,142
eval,22,task,othercls_samecont,c050,0.0037689208984375,11.150784492492676,142,46,142
eval,22,question,othercls_samecont,c050,0.01461029052734375,6.958937644958496,46,1,142
eval,22,final,othercls_samecont,c050,-0.6856861114501953,3.749025583267212,1,0,142
eval,22,readout,othercls_samecont,c050,-0.6691989898681641,6.889156818389893,46,0,142
eval,9,task,samecls_diffcont,c050,0.16260337829589844,1.6133432388305664,79,46,79
eval,9,question,samecls_diffcont,c050,0.3906536102294922,0.7688365578651428,46,1,79
eval,9,final,samecls_diffcont,c050,0.15590476989746094,0.7314228415489197,1,0,79
eval,9,readout,samecls_diffcont,c050,0.5115833282470703,0.7680231928825378,46,0,79
eval,22,task,samecls_diffcont,c050,0.0075359344482421875,14.198044776916504,79,46,79
eval,22,question,samecls_diffcont,c050,0.012201309204101562,6.757425308227539,46,1,79
eval,22,final,samecls_diffcont,c050,0.3309040069580078,4.960599422454834,1,0,79
eval,22,readout,samecls_diffcont,c050,0.34319496154785156,6.7183637619018555,46,0,79
eval,9,task,othercls_diffcont,c050,0.12513351440429688,1.7700773477554321,79,46,79
eval,9,question,othercls_diffcont,c050,-0.2922344207763672,1.1375259160995483,46,1,79
eval,9,final,othercls_diffcont,c050,0.09707450866699219,0.8953621983528137,1,0,79
eval,9,readout,othercls_diffcont,c050,-0.1951465606689453,1.1322615146636963,46,0,79
eval,22,task,othercls_diffcont,c050,0.0031890869140625,15.960517883300781,79,46,79
eval,22,question,othercls_diffcont,c050,0.003265380859375,11.046656608581543,46,1,79
eval,22,final,othercls_diffcont,c050,-0.7776699066162109,5.401358604431152,1,0,79
eval,22,readout,othercls_diffcont,c050,-0.7746562957763672,10.923933029174805,46,0,79
eval,9,task,samecls_samecont,c056,0.12794876098632812,1.192649006843567,109,46,109
eval,9,question,samecls_samecont,c056,-0.4682579040527344,0.7458301782608032,46,1,109
eval,9,final,samecls_samecont,c056,-0.027334213256835938,0.6450845003128052,1,0,109
eval,9,readout,samecls_samecont,c056,-0.49446868896484375,0.7436400651931763,46,0,109
eval,22,task,samecls_samecont,c056,-0.00887298583984375,8.610187530517578,109,46,109
eval,22,question,samecls_samecont,c056,0.016263961791992188,7.212763786315918,46,1,109
eval,22,final,samecls_samecont,c056,-0.7143840789794922,3.9963793754577637,1,0,109
eval,22,readout,samecls_samecont,c056,-0.6967391967773438,7.1428422927856445,46,0,109
eval,9,task,othercls_samecont,c056,-0.26241302490234375,0.9946960210800171,110,46,110
eval,9,question,othercls_samecont,c056,-0.5466976165771484,0.7185488343238831,46,1,110
eval,9,final,othercls_samecont,c056,-0.05315971374511719,0.5382195115089417,1,0,110
eval,9,readout,othercls_samecont,c056,-0.6046199798583984,0.7146286368370056,46,0,110
eval,22,task,othercls_samecont,c056,-0.005596160888671875,8.818167686462402,110,46,110
eval,22,question,othercls_samecont,c056,-0.009494781494140625,7.645447254180908,46,1,110
eval,22,final,othercls_samecont,c056,-1.1131782531738281,4.235353946685791,1,0,110
eval,22,readout,othercls_samecont,c056,-1.1220932006835938,7.571314811706543,46,0,110
eval,9,task,samecls_diffcont,c056,0.24245834350585938,3.7264838218688965,59,46,59
eval,9,question,samecls_diffcont,c056,-0.23586654663085938,1.712287425994873,46,1,59
eval,9,final,samecls_diffcont,c056,0.44580078125,1.7745506763458252,1,0,59
eval,9,readout,samecls_diffcont,c056,0.10068321228027344,1.7136409282684326,46,0,59
eval,22,task,samecls_diffcont,c056,-0.005886077880859375,22.075199127197266,59,46,59
eval,22,question,samecls_diffcont,c056,-0.0024890899658203125,12.577816009521484,46,1,59
eval,22,final,samecls_diffcont,c056,-0.3705768585205078,8.342162132263184,1,0,59
eval,22,readout,samecls_diffcont,c056,-0.3774280548095703,12.485735893249512,46,0,59
eval,9,task,othercls_diffcont,c056,0.5312442779541016,4.075804710388184,59,46,59
eval,9,question,othercls_diffcont,c056,-0.6105098724365234,1.98916494846344,46,1,59
eval,9,final,othercls_diffcont,c056,0.35284423828125,1.9160922765731812,1,0,59
eval,9,readout,othercls_diffcont,c056,-0.31366920471191406,1.9875763654708862,46,0,59
eval,22,task,othercls_diffcont,c056,-0.003902435302734375,22.777183532714844,59,46,59
eval,22,question,othercls_diffcont,c056,-0.015741348266601562,14.81751823425293,46,1,59
eval,22,final,othercls_diffcont,c056,-0.8232231140136719,8.953757286071777,1,0,59
eval,22,readout,othercls_diffcont,c056,-0.8359603881835938,14.690045356750488,46,0,59
eval,9,task,samecls_samecont,c058,-0.019840240478515625,2.3150832653045654,81,46,81
eval,9,question,samecls_samecont,c058,0.25527191162109375,1.2718889713287354,46,1,81
eval,9,final,samecls_samecont,c058,-0.06094169616699219,1.6916190385818481,1,0,81
eval,9,readout,samecls_samecont,c058,0.2659168243408203,1.2810136079788208,46,0,81
eval,22,task,samecls_samecont,c058,0.0006866455078125,9.763197898864746,81,46,81
eval,22,question,samecls_samecont,c058,-0.012891769409179688,9.95805835723877,46,1,81
eval,22,final,samecls_samecont,c058,-0.6381607055664062,5.009936809539795,1,0,81
eval,22,readout,samecls_samecont,c058,-0.65716552734375,9.85049057006836,46,0,81
eval,9,task,othercls_samecont,c058,0.247467041015625,1.7515631914138794,79,46,79
eval,9,question,othercls_samecont,c058,-0.016082763671875,1.1910319328308105,46,1,79
eval,9,final,othercls_samecont,c058,-0.03810882568359375,0.996040940284729,1,0,79
eval,9,readout,othercls_samecont,c058,-0.07362174987792969,1.1867929697036743,46,0,79
eval,22,task,othercls_samecont,c058,0.0038585662841796875,7.984025478363037,79,46,79
eval,22,question,othercls_samecont,c058,-0.009134292602539062,9.442852973937988,46,1,79
eval,22,final,othercls_samecont,c058,-0.4381847381591797,4.191254615783691,1,0,79
eval,22,readout,othercls_samecont,c058,-0.44910240173339844,9.328688621520996,46,0,79
eval,9,task,samecls_diffcont,c058,0.30579376220703125,3.6133358478546143,59,46,59
eval,9,question,samecls_diffcont,c058,0.3208885192871094,1.8531434535980225,46,1,59
eval,9,final,samecls_diffcont,c058,-0.2821216583251953,1.699172854423523,1,0,59
eval,9,readout,samecls_diffcont,c058,0.0027561187744140625,1.8497962951660156,46,0,59
eval,22,task,samecls_diffcont,c058,-0.00087738037109375,21.37055206298828,59,46,59
eval,22,question,samecls_diffcont,c058,0.0015316009521484375,14.185845375061035,46,1,59
eval,22,final,samecls_diffcont,c058,-0.3161334991455078,7.569845676422119,1,0,59
eval,22,readout,samecls_diffcont,c058,-0.3190479278564453,14.042019844055176,46,0,59
eval,9,task,othercls_diffcont,c058,0.4121513366699219,3.7253663539886475,59,46,59
eval,9,question,othercls_diffcont,c058,0.08004951477050781,1.7153031826019287,46,1,59
eval,9,final,othercls_diffcont,c058,-0.3355236053466797,1.8943500518798828,1,0,59
eval,9,readout,othercls_diffcont,c058,-0.3256492614746094,1.7191954851150513,46,0,59
eval,22,task,othercls_diffcont,c058,-0.0013370513916015625,20.565921783447266,59,46,59
eval,22,question,othercls_diffcont,c058,0.0052127838134765625,13.676426887512207,46,1,59
eval,22,final,othercls_diffcont,c058,-0.3300151824951172,8.100693702697754,1,0,59
eval,22,readout,othercls_diffcont,c058,-0.3262805938720703,13.555215835571289,46,0,59
deploy,9,task,samecls_samecont,c000,-0.09218788146972656,1.3941818475723267,109,46,109
deploy,9,question,samecls_samecont,c000,-0.10553169250488281,0.6877861022949219,46,1,109
deploy,9,final,samecls_samecont,c000,0.02440643310546875,0.5207439661026001,1,0,109
deploy,9,readout,samecls_samecont,c000,-0.08602333068847656,0.684154748916626,46,0,109
deploy,22,task,samecls_samecont,c000,0.0036258697509765625,7.509422779083252,109,46,109
deploy,22,question,samecls_samecont,c000,0.027141571044921875,6.479384899139404,46,1,109
deploy,22,final,samecls_samecont,c000,-0.2188739776611328,2.2834882736206055,1,0,109
deploy,22,readout,samecls_samecont,c000,-0.1936817169189453,6.38817024230957,46,0,109
deploy,9,task,othercls_samecont,c000,-0.3130149841308594,1.5795527696609497,108,46,108
deploy,9,question,othercls_samecont,c000,0.07476997375488281,0.9933780431747437,46,1,108
deploy,9,final,othercls_samecont,c000,0.032451629638671875,0.8597522377967834,1,0,108
deploy,9,readout,othercls_samecont,c000,0.16092872619628906,0.9904730319976807,46,0,108
deploy,22,task,othercls_samecont,c000,0.0043506622314453125,9.446516990661621,108,46,108
deploy,22,question,othercls_samecont,c000,-0.008119583129882812,8.431428909301758,46,1,108
deploy,22,final,othercls_samecont,c000,0.013166427612304688,3.2029905319213867,1,0,108
deploy,22,readout,othercls_samecont,c000,0.0034465789794921875,8.317767143249512,46,0,108
deploy,9,task,samecls_diffcont,c000,-0.13357925415039062,1.1843554973602295,79,46,79
deploy,9,question,samecls_diffcont,c000,-0.009187698364257812,0.7919741868972778,46,1,79
deploy,9,final,samecls_diffcont,c000,0.01727294921875,0.6959941983222961,1,0,79
deploy,9,readout,samecls_diffcont,c000,0.021697998046875,0.7898876070976257,46,0,79
deploy,22,task,samecls_diffcont,c000,-0.0060882568359375,10.223102569580078,79,46,79
deploy,22,question,samecls_diffcont,c000,0.0005970001220703125,7.898928642272949,46,1,79
deploy,22,final,samecls_diffcont,c000,-0.023244857788085938,2.4795148372650146,1,0,79
deploy,22,readout,samecls_diffcont,c000,-0.022693634033203125,7.781115531921387,46,0,79
deploy,9,task,othercls_diffcont,c000,-0.25679969787597656,1.6019420623779297,79,46,79
deploy,9,question,othercls_diffcont,c000,-0.22381019592285156,1.093986988067627,46,1,79
deploy,9,final,othercls_diffcont,c000,0.05231285095214844,1.2281794548034668,1,0,79
deploy,9,readout,othercls_diffcont,c000,-0.1899871826171875,1.0969042778015137,46,0,79
deploy,22,task,othercls_diffcont,c000,-0.0096282958984375,11.310394287109375,79,46,79
deploy,22,question,othercls_diffcont,c000,0.022991180419921875,8.448675155639648,46,1,79
deploy,22,final,othercls_diffcont,c000,0.0076541900634765625,4.219822406768799,1,0,79
deploy,22,readout,othercls_diffcont,c000,0.023731231689453125,8.356743812561035,46,0,79
deploy,9,task,samecls_samecont,c002,-0.04689598083496094,1.6677480936050415,100,46,100
deploy,9,question,samecls_samecont,c002,-0.21291542053222656,0.956260621547699,46,1,100
deploy,9,final,samecls_samecont,c002,-0.08913993835449219,0.7371029853820801,1,0,100
deploy,9,readout,samecls_samecont,c002,-0.3029003143310547,0.9514963626861572,46,0,100
deploy,22,task,samecls_samecont,c002,-0.0047760009765625,10.54578685760498,100,46,100
deploy,22,question,samecls_samecont,c002,0.024591445922851562,8.989787101745605,46,1,100
deploy,22,final,samecls_samecont,c002,-0.40612220764160156,2.988415241241455,1,0,100
deploy,22,readout,samecls_samecont,c002,-0.3812274932861328,8.859321594238281,46,0,100
deploy,9,task,othercls_samecont,c002,-0.162933349609375,1.6751166582107544,102,46,102
deploy,9,question,othercls_samecont,c002,-0.19242286682128906,0.9283618330955505,46,1,102
deploy,9,final,othercls_samecont,c002,0.048542022705078125,0.9863517880439758,1,0,102
deploy,9,readout,othercls_samecont,c002,-0.15291595458984375,0.92962247133255,46,0,102
deploy,22,task,othercls_samecont,c002,-0.001842498779296875,10.48002815246582,102,46,102
deploy,22,question,othercls_samecont,c002,0.022378921508789062,7.803444862365723,46,1,102
deploy,22,final,othercls_samecont,c002,0.022958755493164062,3.763963460922241,1,0,102
deploy,22,readout,othercls_samecont,c002,0.04201316833496094,7.715630531311035,46,0,102
deploy,9,task,samecls_diffcont,c002,0.0331573486328125,1.1518878936767578,79,46,79
deploy,9,question,samecls_diffcont,c002,-0.04300498962402344,0.8167837262153625,46,1,79
deploy,9,final,samecls_diffcont,c002,0.0055084228515625,0.6777803301811218,1,0,79
deploy,9,readout,samecls_diffcont,c002,-0.013586044311523438,0.8137618899345398,46,0,79
deploy,22,task,samecls_diffcont,c002,0.0050754547119140625,10.745307922363281,79,46,79
deploy,22,question,samecls_diffcont,c002,-0.008190155029296875,8.329815864562988,46,1,79
deploy,22,final,samecls_diffcont,c002,-0.13243675231933594,3.3592727184295654,1,0,79
deploy,22,readout,samecls_diffcont,c002,-0.14180564880371094,8.221760749816895,46,0,79
deploy,9,task,othercls_diffcont,c002,-0.23506927490234375,1.4574081897735596,79,46,79
deploy,9,question,othercls_diffcont,c002,-0.05341529846191406,0.954555332660675,46,1,79
deploy,9,final,othercls_diffcont,c002,0.17090606689453125,1.1497855186462402,1,0,79
deploy,9,readout,othercls_diffcont,c002,0.12597084045410156,0.9587995409965515,46,0,79
deploy,22,task,othercls_diffcont,c002,0.018932342529296875,12.724308013916016,79,46,79
deploy,22,question,othercls_diffcont,c002,0.0117645263671875,9.74443531036377,46,1,79
deploy,22,final,othercls_diffcont,c002,-0.2910022735595703,3.882765531539917,1,0,79
deploy,22,readout,othercls_diffcont,c002,-0.28148460388183594,9.6170072555542,46,0,79
deploy,9,task,samecls_samecont,c003,-0.08585357666015625,1.153738260269165,106,46,106
deploy,9,question,samecls_samecont,c003,0.03468513488769531,0.5953252911567688,46,1,106
deploy,9,final,samecls_samecont,c003,0.1341991424560547,0.39724200963974,1,0,106
deploy,9,readout,samecls_samecont,c003,0.17767333984375,0.5910191535949707,46,0,106
deploy,22,task,samecls_samecont,c003,-0.0065670013427734375,8.438050270080566,106,46,106
deploy,22,question,samecls_samecont,c003,0.018903732299804688,6.426360607147217,46,1,106
deploy,22,final,samecls_samecont,c003,0.387603759765625,2.7661569118499756,1,0,106
deploy,22,readout,samecls_samecont,c003,0.4056854248046875,6.3467912673950195,46,0,106
deploy,9,task,othercls_samecont,c003,-0.281982421875,2.028282880783081,105,46,105
deploy,9,question,othercls_samecont,c003,0.0005359649658203125,1.1078217029571533,46,1,105
deploy,9,final,othercls_samecont,c003,0.08056259155273438,1.2096797227859497,1,0,105
deploy,9,readout,othercls_samecont,c003,0.12149429321289062,1.110036015510559,46,0,105
deploy,22,task,othercls_samecont,c003,0.01244354248046875,13.395125389099121,105,46,105
deploy,22,question,othercls_samecont,c003,0.021127700805664062,10.293679237365723,46,1,105
deploy,22,final,othercls_samecont,c003,-0.15956687927246094,3.3736765384674072,1,0,105
deploy,22,readout,othercls_samecont,c003,-0.1394329071044922,10.143243789672852,46,0,105
deploy,9,task,samecls_diffcont,c003,-0.07012939453125,1.1996405124664307,79,46,79
deploy,9,question,samecls_diffcont,c003,-0.15900802612304688,0.8851369023323059,46,1,79
deploy,9,final,samecls_diffcont,c003,-0.16884422302246094,0.6406239867210388,1,0,79
deploy,9,readout,samecls_diffcont,c003,-0.3134746551513672,0.8798214197158813,46,0,79
deploy,22,task,samecls_diffcont,c003,0.0013751983642578125,10.53640079498291,79,46,79
deploy,22,question,samecls_diffcont,c003,0.02599334716796875,9.719575881958008,46,1,79
deploy,22,final,samecls_diffcont,c003,-0.34876060485839844,2.804960250854492,1,0,79
deploy,22,readout,samecls_diffcont,c003,-0.3206920623779297,9.569258689880371,46,0,79
deploy,9,task,othercls_diffcont,c003,-0.16138076782226562,1.63191819190979,79,46,79
deploy,9,question,othercls_diffcont,c003,-0.2932281494140625,1.28338623046875,46,1,79
deploy,9,final,othercls_diffcont,c003,-0.09136581420898438,1.1242773532867432,1,0,79
deploy,9,readout,othercls_diffcont,c003,-0.31479835510253906,1.2799272537231445,46,0,79
deploy,22,task,othercls_diffcont,c003,-0.003131866455078125,13.185070991516113,79,46,79
deploy,22,question,othercls_diffcont,c003,0.025730133056640625,11.6386137008667,46,1,79
deploy,22,final,othercls_diffcont,c003,-0.025983810424804688,4.254372596740723,1,0,79
deploy,22,readout,othercls_diffcont,c003,-0.001384735107421875,11.478087425231934,46,0,79
deploy,9,task,samecls_samecont,c006,-0.015506744384765625,1.0016721487045288,124,46,124
deploy,9,question,samecls_samecont,c006,0.045040130615234375,0.44189003109931946,46,1,124
deploy,9,final,samecls_samecont,c006,0.04255867004394531,0.35451188683509827,1,0,124
deploy,9,readout,samecls_samecont,c006,0.09097480773925781,0.43999049067497253,46,0,124
deploy,22,task,samecls_samecont,c006,0.0017871856689453125,6.417930603027344,124,46,124
deploy,22,question,samecls_samecont,c006,0.00189208984375,4.497638702392578,46,1,124
deploy,22,final,samecls_samecont,c006,0.24661827087402344,1.8557653427124023,1,0,124
deploy,22,readout,samecls_samecont,c006,0.24895668029785156,4.440207004547119,46,0,124
deploy,9,task,othercls_samecont,c006,0.008844375610351562,1.4331003427505493,123,46,123
deploy,9,question,othercls_samecont,c006,0.011224746704101562,0.9350824952125549,46,1,123
deploy,9,final,othercls_samecont,c006,0.05972099304199219,0.8097910284996033,1,0,123
deploy,9,readout,othercls_samecont,c006,0.12047576904296875,0.9323588013648987,46,0,123
deploy,22,task,othercls_samecont,c006,0.0005817413330078125,9.430662155151367,123,46,123
deploy,22,question,othercls_samecont,c006,-0.00229644775390625,8.11845874786377,46,1,123
deploy,22,final,othercls_samecont,c006,0.3219585418701172,3.4818787574768066,1,0,123
deploy,22,readout,othercls_samecont,c006,0.32060813903808594,8.017663955688477,46,0,123
deploy,9,task,samecls_diffcont,c006,-0.2705268859863281,3.9468705654144287,59,46,59
deploy,9,question,samecls_diffcont,c006,-0.43730926513671875,2.2950870990753174,46,1,59
deploy,9,final,samecls_diffcont,c006,0.24789810180664062,2.4077117443084717,1,0,59
deploy,9,readout,samecls_diffcont,c006,-0.13975906372070312,2.2975351810455322,46,0,59
deploy,22,task,samecls_diffcont,c006,0.007966995239257812,23.40036392211914,59,46,59
deploy,22,question,samecls_diffcont,c006,-0.05730628967285156,17.80084800720215,46,1,59
deploy,22,final,samecls_diffcont,c006,-0.4001350402832031,9.835803031921387,1,0,59
deploy,22,readout,samecls_diffcont,c006,-0.470977783203125,17.627695083618164,46,0,59
deploy,9,task,othercls_diffcont,c006,0.04604339599609375,3.767331123352051,59,46,59
deploy,9,question,othercls_diffcont,c006,-0.3485107421875,1.9948827028274536,46,1,59
deploy,9,final,othercls_diffcont,c006,0.37048912048339844,2.3362762928009033,1,0,59
deploy,9,readout,othercls_diffcont,c006,-0.00173187255859375,2.0023043155670166,46,0,59
deploy,22,task,othercls_diffcont,c006,0.011278152465820312,22.79340934753418,59,46,59
deploy,22,question,othercls_diffcont,c006,-0.0008449554443359375,16.239870071411133,46,1,59
deploy,22,final,othercls_diffcont,c006,0.07924270629882812,9.692154884338379,1,0,59
deploy,22,readout,othercls_diffcont,c006,0.06973648071289062,16.0975284576416,46,0,59
deploy,9,task,samecls_samecont,c008,0.40674591064453125,2.5690078735351562,71,46,71
deploy,9,question,samecls_samecont,c008,-0.14565658569335938,1.3594216108322144,46,1,71
deploy,9,final,samecls_samecont,c008,0.07175827026367188,1.0358339548110962,1,0,71
deploy,9,readout,samecls_samecont,c008,-0.08694267272949219,1.3523869514465332,46,0,71
deploy,22,task,samecls_samecont,c008,0.00223541259765625,13.821789741516113,71,46,71
deploy,22,question,samecls_samecont,c008,0.10972213745117188,11.564659118652344,46,1,71
deploy,22,final,samecls_samecont,c008,0.3285541534423828,5.7222747802734375,1,0,71
deploy,22,readout,samecls_samecont,c008,0.42197608947753906,11.437649726867676,46,0,71
deploy,9,task,othercls_samecont,c008,0.030872344970703125,1.8588706254959106,73,46,73
deploy,9,question,othercls_samecont,c008,0.0705108642578125,0.8165104985237122,46,1,73
deploy,9,final,othercls_samecont,c008,0.11974716186523438,0.8571758270263672,1,0,73
deploy,9,readout,othercls_samecont,c008,0.1910724639892578,0.8173946142196655,46,0,73
deploy,22,task,othercls_samecont,c008,0.0028591156005859375,12.406060218811035,73,46,73
deploy,22,question,othercls_samecont,c008,0.06357002258300781,8.238329887390137,46,1,73
deploy,22,final,othercls_samecont,c008,0.48828887939453125,3.6127471923828125,1,0,73
deploy,22,readout,othercls_samecont,c008,0.5449142456054688,8.137773513793945,46,0,73
deploy,9,task,samecls_diffcont,c008,0.0001506805419921875,3.378145694732666,60,46,60
deploy,9,question,samecls_diffcont,c008,0.04727745056152344,1.4967659711837769,46,1,60
deploy,9,final,samecls_diffcont,c008,0.2954425811767578,1.7434667348861694,1,0,60
deploy,9,readout,samecls_diffcont,c008,0.377044677734375,1.502129077911377,46,0,60
deploy,22,task,samecls_diffcont,c008,-0.01088714599609375,19.147663116455078,60,46,60
deploy,22,question,samecls_diffcont,c008,0.05457496643066406,13.672066688537598,46,1,60
deploy,22,final,samecls_diffcont,c008,0.5076408386230469,6.544326305389404,1,0,60
deploy,22,readout,samecls_diffcont,c008,0.5452651977539062,13.517114639282227,46,0,60
deploy,9,task,othercls_diffcont,c008,0.04109764099121094,3.074615955352783,60,46,60
deploy,9,question,othercls_diffcont,c008,0.21016693115234375,1.5937825441360474,46,1,60
deploy,9,final,othercls_diffcont,c008,0.2649707794189453,1.6890181303024292,1,0,60
deploy,9,readout,othercls_diffcont,c008,0.5018367767333984,1.5958530902862549,46,0,60
deploy,22,task,othercls_diffcont,c008,-0.009172439575195312,18.881502151489258,60,46,60
deploy,22,question,othercls_diffcont,c008,0.07428169250488281,14.549242973327637,46,1,60
deploy,22,final,othercls_diffcont,c008,0.5131435394287109,6.733550548553467,1,0,60
deploy,22,readout,othercls_diffcont,c008,0.5639057159423828,14.379337310791016,46,0,60
deploy,9,task,samecls_samecont,c009,-0.05920982360839844,2.5164647102355957,72,46,72
deploy,9,question,samecls_samecont,c009,-0.2262859344482422,0.7980290651321411,46,1,72
deploy,9,final,samecls_samecont,c009,0.0019817352294921875,0.6707214713096619,1,0,72
deploy,9,readout,samecls_samecont,c009,-0.22326087951660156,0.795261561870575,46,0,72
deploy,22,task,samecls_samecont,c009,0.0009613037109375,14.691407203674316,72,46,72
deploy,22,question,samecls_samecont,c009,-0.016561508178710938,8.800621032714844,46,1,72
deploy,22,final,samecls_samecont,c009,-0.2353515625,3.7803843021392822,1,0,72
deploy,22,readout,samecls_samecont,c009,-0.24944686889648438,8.691485404968262,46,0,72
deploy,9,task,othercls_samecont,c009,0.05900382995605469,2.405000925064087,72,46,72
deploy,9,question,othercls_samecont,c009,0.13352394104003906,0.8419271111488342,46,1,72
deploy,9,final,othercls_samecont,c009,-0.021730422973632812,0.6977088451385498,1,0,72
deploy,9,readout,othercls_samecont,c009,0.0960235595703125,0.8387919068336487,46,0,72
deploy,22,task,othercls_samecont,c009,0.007476806640625,15.04775333404541,72,46,72
deploy,22,question,othercls_samecont,c009,0.011735916137695312,8.396060943603516,46,1,72
deploy,22,final,othercls_samecont,c009,0.00254058837890625,3.9571049213409424,1,0,72
deploy,22,readout,othercls_samecont,c009,0.017070770263671875,8.29956340789795,46,0,72
deploy,9,task,samecls_diffcont,c009,-0.052211761474609375,4.064590930938721,59,46,59
deploy,9,question,samecls_diffcont,c009,0.7201366424560547,1.9578508138656616,46,1,59
deploy,9,final,samecls_diffcont,c009,-0.2757396697998047,2.356933355331421,1,0,59
deploy,9,readout,samecls_diffcont,c009,0.5275459289550781,1.9665265083312988,46,0,59
deploy,22,task,samecls_diffcont,c009,0.000102996826171875,20.935049057006836,59,46,59
deploy,22,question,samecls_diffcont,c009,-0.023752212524414062,13.221882820129395,46,1,59
deploy,22,final,samecls_diffcont,c009,0.3956642150878906,10.481619834899902,1,0,59
deploy,22,readout,samecls_diffcont,c009,0.37038230895996094,13.162312507629395,46,0,59
deploy,9,task,othercls_diffcont,c009,-0.22769737243652344,4.218939781188965,59,46,59
deploy,9,question,othercls_diffcont,c009,0.7885837554931641,2.185965061187744,46,1,59
deploy,9,final,othercls_diffcont,c009,-0.4232349395751953,2.6895930767059326,1,0,59
deploy,9,readout,othercls_diffcont,c009,0.4566192626953125,2.196913242340088,46,0,59
deploy,22,task,othercls_diffcont,c009,0.0015926361083984375,21.786273956298828,59,46,59
deploy,22,question,othercls_diffcont,c009,-0.0042266845703125,14.49631118774414,46,1,59
deploy,22,final,othercls_diffcont,c009,-0.5064945220947266,11.419425010681152,1,0,59
deploy,22,readout,othercls_diffcont,c009,-0.5044231414794922,14.429422378540039,46,0,59
deploy,9,task,samecls_samecont,c011,-0.3829612731933594,1.2361505031585693,124,46,124
deploy,9,question,samecls_samecont,c011,0.046726226806640625,0.5410244464874268,46,1,124
deploy,9,final,samecls_samecont,c011,-0.04662513732910156,0.48833799362182617,1,0,124
deploy,9,readout,samecls_samecont,c011,0.00714111328125,0.5398790836334229,46,0,124
deploy,22,task,samecls_samecont,c011,-0.0092315673828125,8.433212280273438,124,46,124
deploy,22,question,samecls_samecont,c011,-0.000690460205078125,6.625267028808594,46,1,124
deploy,22,final,samecls_samecont,c011,-0.5258369445800781,2.8908493518829346,1,0,124
deploy,22,readout,samecls_samecont,c011,-0.5279464721679688,6.544084548950195,46,0,124
deploy,9,task,othercls_samecont,c011,-0.3802528381347656,1.3162537813186646,124,46,124
deploy,9,question,othercls_samecont,c011,-0.023424148559570312,0.837184488773346,46,1,124
deploy,9,final,othercls_samecont,c011,-0.35025787353515625,0.7800558805465698,1,0,124
deploy,9,readout,othercls_samecont,c011,-0.40584564208984375,0.8359425663948059,46,0,124
deploy,22,task,othercls_samecont,c011,0.0013675689697265625,7.829562664031982,124,46,124
deploy,22,question,othercls_samecont,c011,0.02310943603515625,6.069528579711914,46,1,124
deploy,22,final,othercls_samecont,c011,-0.8944244384765625,4.45959997177124,1,0,124
deploy,22,readout,othercls_samecont,c011,-0.8760147094726562,6.034530162811279,46,0,124
deploy,9,task,samecls_diffcont,c011,-0.03965950012207031,1.2312335968017578,79,46,79
deploy,9,question,samecls_diffcont,c011,0.022006988525390625,0.7558727860450745,46,1,79
deploy,9,final,samecls_diffcont,c011,0.049774169921875,0.7517133951187134,1,0,79
deploy,9,readout,samecls_diffcont,c011,0.09534645080566406,0.755782425403595,46,0,79
deploy,22,task,samecls_diffcont,c011,0.0032501220703125,10.749005317687988,79,46,79
deploy,22,question,samecls_diffcont,c011,0.0054035186767578125,7.83642053604126,46,1,79
deploy,22,final,samecls_diffcont,c011,-0.03638267517089844,3.2539665699005127,1,0,79
deploy,22,readout,samecls_diffcont,c011,-0.03154563903808594,7.736801624298096,46,0,79
deploy,9,task,othercls_diffcont,c011,0.028043746948242188,1.2558064460754395,79,46,79
deploy,9,question,othercls_diffcont,c011,-0.104248046875,1.5002790689468384,46,1,79
deploy,9,final,othercls_diffcont,c011,-0.24692916870117188,0.85207200050354,1,0,79
deploy,9,readout,othercls_diffcont,c011,-0.3047981262207031,1.4861876964569092,46,0,79
deploy,22,task,othercls_diffcont,c011,-0.010679244995117188,10.40383529663086,79,46,79
deploy,22,question,othercls_diffcont,c011,0.01337432861328125,12.625443458557129,46,1,79
deploy,22,final,othercls_diffcont,c011,-0.04741668701171875,4.8901214599609375,1,0,79
deploy,22,readout,othercls_diffcont,c011,-0.04822731018066406,12.457284927368164,46,0,79
deploy,9,task,samecls_samecont,c013,0.10863494873046875,1.132765293121338,123,46,123
deploy,9,question,samecls_samecont,c013,-0.19622230529785156,0.4928572475910187,46,1,123
deploy,9,final,samecls_samecont,c013,0.053234100341796875,0.4849100708961487,1,0,123
deploy,9,readout,samecls_samecont,c013,-0.14429664611816406,0.4926844537258148,46,0,123
deploy,22,task,samecls_samecont,c013,0.001415252685546875,8.00092601776123,123,46,123
deploy,22,question,samecls_samecont,c013,0.01016998291015625,6.375648498535156,46,1,123
deploy,22,final,samecls_samecont,c013,-0.1693859100341797,1.9650981426239014,1,0,123
deploy,22,readout,samecls_samecont,c013,-0.15981101989746094,6.279767036437988,46,0,123
deploy,9,task,othercls_samecont,c013,-0.09686851501464844,1.2581958770751953,122,46,122
deploy,9,question,othercls_samecont,c013,-0.08645820617675781,1.4489935636520386,46,1,122
deploy,9,final,othercls_samecont,c013,-0.2709369659423828,0.7737926244735718,1,0,122
deploy,9,readout,othercls_samecont,c013,-0.3160686492919922,1.4343154430389404,46,0,122
deploy,22,task,othercls_samecont,c013,-0.01091766357421875,8.445035934448242,122,46,122
deploy,22,question,othercls_samecont,c013,0.0070590972900390625,12.018911361694336,46,1,122
deploy,22,final,othercls_samecont,c013,-0.015636444091796875,4.974343776702881,1,0,122
deploy,22,readout,othercls_samecont,c013,-0.015819549560546875,11.865769386291504,46,0,122
deploy,9,task,samecls_diffcont,c013,-0.07490348815917969,1.1339985132217407,79,46,79
deploy,9,question,samecls_diffcont,c013,-0.03182411193847656,0.5826274156570435,46,1,79
deploy,9,final,samecls_diffcont,c013,-0.15332603454589844,0.6214454770088196,1,0,79
deploy,9,readout,samecls_diffcont,c013,-0.19827651977539062,0.5834712982177734,46,0,79
deploy,22,task,samecls_diffcont,c013,0.00058746337890625,10.05754280090332,79,46,79
deploy,22,question,samecls_diffcont,c013,-0.010728836059570312,6.9740376472473145,46,1,79
deploy,22,final,samecls_diffcont,c013,-0.49036598205566406,3.11013126373291,1,0,79
deploy,22,readout,samecls_diffcont,c013,-0.4997062683105469,6.890039920806885,46,0,79
deploy,9,task,othercls_diffcont,c013,0.18532180786132812,1.3840546607971191,79,46,79
deploy,9,question,othercls_diffcont,c013,0.3646888732910156,1.4635884761810303,46,1,79
deploy,9,final,othercls_diffcont,c013,-0.0162506103515625,1.0294809341430664,1,0,79
deploy,9,readout,othercls_diffcont,c013,0.3676910400390625,1.4541512727737427,46,0,79
deploy,22,task,othercls_diffcont,c013,0.000537872314453125,11.663278579711914,79,46,79
deploy,22,question,othercls_diffcont,c013,-0.025411605834960938,11.844954490661621,46,1,79
deploy,22,final,othercls_diffcont,c013,1.2142887115478516,5.01701545715332,1,0,79
deploy,22,readout,othercls_diffcont,c013,1.183950424194336,11.696520805358887,46,0,79
deploy,9,task,samecls_samecont,c014,0.09923553466796875,1.952738881111145,121,46,121
deploy,9,question,samecls_samecont,c014,0.13274765014648438,0.9714549779891968,46,1,121
deploy,9,final,samecls_samecont,c014,0.13403701782226562,0.6909138560295105,1,0,121
deploy,9,readout,samecls_samecont,c014,0.23665618896484375,0.9653562307357788,46,0,121
deploy,22,task,samecls_samecont,c014,0.0036106109619140625,10.847278594970703,121,46,121
deploy,22,question,samecls_samecont,c014,-0.030284881591796875,7.9255547523498535,46,1,121
deploy,22,final,samecls_samecont,c014,0.6260719299316406,3.2541630268096924,1,0,121
deploy,22,readout,samecls_samecont,c014,0.5949611663818359,7.824002265930176,46,0,121
deploy,9,task,othercls_samecont,c014,0.3427886962890625,1.3136636018753052,122,46,122
deploy,9,question,othercls_samecont,c014,0.1426868438720703,1.2874219417572021,46,1,122
deploy,9,final,othercls_samecont,c014,0.112152099609375,0.970224916934967,1,0,122
deploy,9,readout,othercls_samecont,c014,0.2351703643798828,1.2805262804031372,46,0,122
deploy,22,task,othercls_samecont,c014,0.001049041748046875,8.579419136047363,122,46,122
deploy,22,question,othercls_samecont,c014,-0.01784515380859375,10.18881607055664,46,1,122
deploy,22,final,othercls_samecont,c014,1.7021846771240234,5.549785614013672,1,0,122
deploy,22,readout,othercls_samecont,c014,1.6846561431884766,10.087967872619629,46,0,122
deploy,9,task,samecls_diffcont,c014,0.11818504333496094,1.3342657089233398,79,46,79
deploy,9,question,samecls_diffcont,c014,-0.003681182861328125,0.7988330125808716,46,1,79
deploy,9,final,samecls_diffcont,c014,0.054897308349609375,0.775046706199646,1,0,79
deploy,9,readout,samecls_diffcont,c014,0.04580497741699219,0.7983159422874451,46,0,79
deploy,22,task,samecls_diffcont,c014,-0.008584976196289062,11.858633995056152,79,46,79
deploy,22,question,samecls_diffcont,c014,0.009548187255859375,7.738204002380371,46,1,79
deploy,22,final,samecls_diffcont,c014,0.26145172119140625,4.025269985198975,1,0,79
deploy,22,readout,samecls_diffcont,c014,0.2713584899902344,7.657487869262695,46,0,79
deploy,9,task,othercls_diffcont,c014,0.078857421875,1.4469122886657715,79,46,79
deploy,9,question,othercls_diffcont,c014,0.027753829956054688,0.8993180990219116,46,1,79
deploy,9,final,othercls_diffcont,c014,-0.063812255859375,0.9426119923591614,1,0,79
deploy,9,readout,othercls_diffcont,c014,-0.0596923828125,0.900259256362915,46,0,79
deploy,22,task,othercls_diffcont,c014,0.002590179443359375,12.278614044189453,79,46,79
deploy,22,question,othercls_diffcont,c014,0.04530143737792969,9.471274375915527,46,1,79
deploy,22,final,othercls_diffcont,c014,0.2822151184082031,3.802140712738037,1,0,79
deploy,22,readout,othercls_diffcont,c014,0.32748985290527344,9.348031997680664,46,0,79
deploy,9,task,samecls_samecont,c016,0.0073146820068359375,1.1907241344451904,113,46,113
deploy,9,question,samecls_samecont,c016,-0.3119373321533203,0.5403181910514832,46,1,113
deploy,9,final,samecls_samecont,c016,0.0810394287109375,0.485807329416275,1,0,113
deploy,9,readout,samecls_samecont,c016,-0.23275184631347656,0.5391332507133484,46,0,113
deploy,22,task,samecls_samecont,c016,0.008642196655273438,10.087271690368652,113,46,113
deploy,22,question,samecls_samecont,c016,0.014764785766601562,4.9381022453308105,46,1,113
deploy,22,final,samecls_samecont,c016,-0.3913307189941406,2.374603033065796,1,0,113
deploy,22,readout,samecls_samecont,c016,-0.3778209686279297,4.882373809814453,46,0,113
deploy,9,task,othercls_samecont,c016,0.11643218994140625,1.7717156410217285,112,46,112
deploy,9,question,othercls_samecont,c016,-0.16300201416015625,1.0048528909683228,46,1,112
deploy,9,final,othercls_samecont,c016,-0.025051116943359375,0.8686622977256775,1,0,112
deploy,9,readout,othercls_samecont,c016,-0.19954872131347656,1.0018922090530396,46,0,112
deploy,22,task,othercls_samecont,c016,0.010595321655273438,13.094500541687012,112,46,112
deploy,22,question,othercls_samecont,c016,0.038726806640625,8.317047119140625,46,1,112
deploy,22,final,othercls_samecont,c016,0.017822265625,3.7460641860961914,1,0,112
deploy,22,readout,othercls_samecont,c016,0.05464363098144531,8.21767807006836,46,0,112
deploy,9,task,samecls_diffcont,c016,0.11048507690429688,1.3861570358276367,79,46,79
deploy,9,question,samecls_diffcont,c016,-0.11465263366699219,1.0479904413223267,46,1,79
deploy,9,final,samecls_diffcont,c016,0.02315521240234375,0.8428691029548645,1,0,79
deploy,9,readout,samecls_diffcont,c016,-0.08488845825195312,1.0435312986373901,46,0,79
deploy,22,task,samecls_diffcont,c016,0.010034561157226562,11.415548324584961,79,46,79
deploy,22,question,samecls_diffcont,c016,-0.00440216064453125,8.211196899414062,46,1,79
deploy,22,final,samecls_diffcont,c016,0.45416259765625,3.8899378776550293,1,0,79
deploy,22,readout,samecls_diffcont,c016,0.4474315643310547,8.117256164550781,46,0,79
deploy,9,task,othercls_diffcont,c016,0.2835521697998047,1.5656179189682007,79,46,79
deploy,9,question,othercls_diffcont,c016,-0.011949539184570312,1.1530064344406128,46,1,79
deploy,9,final,othercls_diffcont,c016,0.0071258544921875,1.2437269687652588,1,0,79
deploy,9,readout,othercls_diffcont,c016,0.020494461059570312,1.154978632926941,46,0,79
deploy,22,task,othercls_diffcont,c016,0.0068073272705078125,12.970377922058105,79,46,79
deploy,22,question,othercls_diffcont,c016,0.009479522705078125,9.231169700622559,46,1,79
deploy,22,final,othercls_diffcont,c016,0.8664894104003906,4.790063858032227,1,0,79
deploy,22,readout,othercls_diffcont,c016,0.8755760192871094,9.134625434875488,46,0,79
deploy,9,task,samecls_samecont,c017,-0.18572616577148438,1.042668104171753,143,46,143
deploy,9,question,samecls_samecont,c017,0.13835716247558594,0.4913172721862793,46,1,143
deploy,9,final,samecls_samecont,c017,0.04013824462890625,0.45507508516311646,1,0,143
deploy,9,readout,samecls_samecont,c017,0.19227981567382812,0.4905293881893158,46,0,143
deploy,22,task,samecls_samecont,c017,-0.0040035247802734375,5.491461277008057,143,46,143
deploy,22,question,samecls_samecont,c017,0.006832122802734375,4.547322750091553,46,1,143
deploy,22,final,samecls_samecont,c017,0.08850860595703125,1.5569665431976318,1,0,143
deploy,22,readout,samecls_samecont,c017,0.09562873840332031,4.482314586639404,46,0,143
deploy,9,task,othercls_samecont,c017,0.0629119873046875,1.5940507650375366,142,46,142
deploy,9,question,othercls_samecont,c017,0.15365982055664062,0.8259953260421753,46,1,142
deploy,9,final,othercls_samecont,c017,-0.0077972412109375,1.0716042518615723,1,0,142
deploy,9,readout,othercls_samecont,c017,0.12801551818847656,0.83133465051651,46,0,142
deploy,22,task,othercls_samecont,c017,-0.004985809326171875,11.535621643066406,142,46,142
deploy,22,question,othercls_samecont,c017,0.012317657470703125,8.26904296875,46,1,142
deploy,22,final,othercls_samecont,c017,0.4127788543701172,3.837786912918091,1,0,142
deploy,22,readout,othercls_samecont,c017,0.4288291931152344,8.172711372375488,46,0,142
deploy,9,task,samecls_diffcont,c017,0.005832672119140625,1.5901309251785278,79,46,79
deploy,9,question,samecls_diffcont,c017,0.0296783447265625,0.8440524339675903,46,1,79
deploy,9,final,samecls_diffcont,c017,-0.1445751190185547,0.8898943662643433,1,0,79
deploy,9,readout,samecls_diffcont,c017,-0.09850502014160156,0.8450490832328796,46,0,79
deploy,22,task,samecls_diffcont,c017,-0.0177001953125,12.461640357971191,79,46,79
deploy,22,question,samecls_diffcont,c017,0.008886337280273438,6.966277599334717,46,1,79
deploy,22,final,samecls_diffcont,c017,-0.5596179962158203,3.232471227645874,1,0,79
deploy,22,readout,samecls_diffcont,c017,-0.5526046752929688,6.885107517242432,46,0,79
deploy,9,task,othercls_diffcont,c017,-0.10305023193359375,1.681382179260254,79,46,79
deploy,9,question,othercls_diffcont,c017,0.1960468292236328,1.6829756498336792,46,1,79
deploy,9,final,othercls_diffcont,c017,-0.27503395080566406,1.132314682006836,1,0,79
deploy,9,readout,othercls_diffcont,c017,-0.010557174682617188,1.6710047721862793,46,0,79
deploy,22,task,othercls_diffcont,c017,-0.019077301025390625,13.26423454284668,79,46,79
deploy,22,question,othercls_diffcont,c017,0.018106460571289062,12.885780334472656,46,1,79
deploy,22,final,othercls_diffcont,c017,-0.5429401397705078,5.774328231811523,1,0,79
deploy,22,readout,othercls_diffcont,c017,-0.5383472442626953,12.731184005737305,46,0,79
deploy,9,task,samecls_samecont,c020,-0.23256683349609375,1.3046027421951294,102,46,102
deploy,9,question,samecls_samecont,c020,0.10657882690429688,0.6482948064804077,46,1,102
deploy,9,final,samecls_samecont,c020,0.024530410766601562,0.4850063920021057,1,0,102
deploy,9,readout,samecls_samecont,c020,0.1423015594482422,0.6447449922561646,46,0,102
deploy,22,task,samecls_samecont,c020,0.00687408447265625,8.337532997131348,102,46,102
deploy,22,question,samecls_samecont,c020,0.0036468505859375,6.010587692260742,46,1,102
deploy,22,final,samecls_samecont,c020,-0.06416893005371094,2.4232544898986816,1,0,102
deploy,22,readout,samecls_samecont,c020,-0.058986663818359375,5.932602405548096,46,0,102
deploy,9,task,othercls_samecont,c020,-0.3696022033691406,1.4162088632583618,102,46,102
deploy,9,question,othercls_samecont,c020,0.08346366882324219,1.4918450117111206,46,1,102
deploy,9,final,othercls_samecont,c020,-0.1680583953857422,0.7892214059829712,1,0,102
deploy,9,readout,othercls_samecont,c020,-0.06990432739257812,1.4765706062316895,46,0,102
deploy,22,task,othercls_samecont,c020,0.002288818359375,7.526882648468018,102,46,102
deploy,22,question,othercls_samecont,c020,0.0061435699462890625,11.42226791381836,46,1,102
deploy,22,final,othercls_samecont,c020,0.016279220581054688,4.553238868713379,1,0,102
deploy,22,readout,othercls_samecont,c020,0.013528823852539062,11.272941589355469,46,0,102
deploy,9,task,samecls_diffcont,c020,-0.1795673370361328,1.115493893623352,79,46,79
deploy,9,question,samecls_diffcont,c020,0.03696632385253906,0.7009528875350952,46,1,79
deploy,9,final,samecls_diffcont,c020,0.18109893798828125,0.6814005374908447,1,0,79
deploy,9,readout,samecls_diffcont,c020,0.20913314819335938,0.7005278468132019,46,0,79
deploy,22,task,samecls_diffcont,c020,0.0014400482177734375,12.579647064208984,79,46,79
deploy,22,question,samecls_diffcont,c020,-0.012964248657226562,8.156207084655762,46,1,79
deploy,22,final,samecls_diffcont,c020,-0.20783424377441406,2.8683273792266846,1,0,79
deploy,22,readout,samecls_diffcont,c020,-0.22098731994628906,8.041253089904785,46,0,79
deploy,9,task,othercls_diffcont,c020,0.07975959777832031,1.097089171409607,79,46,79
deploy,9,question,othercls_diffcont,c020,-0.03696250915527344,0.7494136095046997,46,1,79
deploy,9,final,othercls_diffcont,c020,0.042331695556640625,0.8831299543380737,1,0,79
deploy,9,readout,othercls_diffcont,c020,-0.002838134765625,0.7523204684257507,46,0,79
deploy,22,task,othercls_diffcont,c020,0.0042705535888671875,13.296385765075684,79,46,79
deploy,22,question,othercls_diffcont,c020,-0.0028285980224609375,9.634234428405762,46,1,79
deploy,22,final,othercls_diffcont,c020,0.21624755859375,3.829564094543457,1,0,79
deploy,22,readout,othercls_diffcont,c020,0.21579360961914062,9.50804615020752,46,0,79
deploy,9,task,samecls_samecont,c022,0.5980148315429688,1.623189926147461,105,46,105
deploy,9,question,samecls_samecont,c022,-0.13475799560546875,0.7453452348709106,46,1,105
deploy,9,final,samecls_samecont,c022,-0.1035614013671875,0.664375901222229,1,0,105
deploy,9,readout,samecls_samecont,c022,-0.21384048461914062,0.7435849905014038,46,0,105
deploy,22,task,samecls_samecont,c022,0.00428009033203125,9.727717399597168,105,46,105
deploy,22,question,samecls_samecont,c022,-0.0033931732177734375,6.977909564971924,46,1,105
deploy,22,final,samecls_samecont,c022,0.5438728332519531,3.076383352279663,1,0,105
deploy,22,readout,samecls_samecont,c022,0.5373058319091797,6.893094062805176,46,0,105
deploy,9,task,othercls_samecont,c022,0.19017982482910156,1.224550485610962,106,46,106
deploy,9,question,othercls_samecont,c022,-0.03424835205078125,0.607007622718811,46,1,106
deploy,9,final,othercls_samecont,c022,-0.09097671508789062,0.8874713778495789,1,0,106
deploy,9,readout,othercls_samecont,c022,-0.1597442626953125,0.6131047010421753,46,0,106
deploy,22,task,othercls_samecont,c022,0.0013332366943359375,8.384398460388184,106,46,106
deploy,22,question,othercls_samecont,c022,0.010568618774414062,7.217763423919678,46,1,106
deploy,22,final,othercls_samecont,c022,0.4254341125488281,3.5172741413116455,1,0,106
deploy,22,readout,othercls_samecont,c022,0.4387073516845703,7.137317657470703,46,0,106
deploy,9,task,samecls_diffcont,c022,0.0065059661865234375,1.2652016878128052,79,46,79
deploy,9,question,samecls_diffcont,c022,-0.09006881713867188,0.7239872217178345,46,1,79
deploy,9,final,samecls_diffcont,c022,-0.15073204040527344,0.6505663990974426,1,0,79
deploy,9,readout,samecls_diffcont,c022,-0.23595237731933594,0.7223911285400391,46,0,79
deploy,22,task,samecls_diffcont,c022,0.00159454345703125,13.791027069091797,79,46,79
deploy,22,question,samecls_diffcont,c022,0.016538619995117188,7.70975399017334,46,1,79
deploy,22,final,samecls_diffcont,c022,-0.329437255859375,3.0048370361328125,1,0,79
deploy,22,readout,samecls_diffcont,c022,-0.3135395050048828,7.607473850250244,46,0,79
deploy,9,task,othercls_diffcont,c022,-0.12421035766601562,1.268280267715454,79,46,79
deploy,9,question,othercls_diffcont,c022,-0.3449440002441406,0.983485758304596,46,1,79
deploy,9,final,othercls_diffcont,c022,-0.07159614562988281,0.7200477123260498,1,0,79
deploy,9,readout,othercls_diffcont,c022,-0.4177970886230469,0.9777588248252869,46,0,79
deploy,22,task,othercls_diffcont,c022,-0.0021228790283203125,13.295897483825684,79,46,79
deploy,22,question,othercls_diffcont,c022,0.014490127563476562,8.914711952209473,46,1,79
deploy,22,final,othercls_diffcont,c022,0.0890045166015625,4.148674011230469,1,0,79
deploy,22,readout,othercls_diffcont,c022,0.10125732421875,8.811101913452148,46,0,79
deploy,9,task,samecls_samecont,c023,0.3357982635498047,1.2684876918792725,101,46,101
deploy,9,question,samecls_samecont,c023,0.06279754638671875,0.5533574223518372,46,1,101
deploy,9,final,samecls_samecont,c023,0.060855865478515625,0.37482377886772156,1,0,101
deploy,9,readout,samecls_samecont,c023,0.12889671325683594,0.5494762659072876,46,0,101
deploy,22,task,samecls_samecont,c023,-0.0018157958984375,8.386185646057129,101,46,101
deploy,22,question,samecls_samecont,c023,-0.013158798217773438,5.508416652679443,46,1,101
deploy,22,final,samecls_samecont,c023,0.45339393615722656,2.0877978801727295,1,0,101
deploy,22,readout,samecls_samecont,c023,0.441650390625,5.434055328369141,46,0,101
deploy,9,task,othercls_samecont,c023,-0.14282989501953125,1.5473442077636719,100,46,100
deploy,9,question,othercls_samecont,c023,-0.24108123779296875,0.9378095269203186,46,1,100
deploy,9,final,othercls_samecont,c023,0.10731887817382812,0.5738550424575806,1,0,100
deploy,9,readout,othercls_samecont,c023,-0.12391853332519531,0.9298974871635437,46,0,100
deploy,22,task,othercls_samecont,c023,0.008245468139648438,10.309270858764648,100,46,100
deploy,22,question,othercls_samecont,c023,-0.0020122528076171875,7.931662559509277,46,1,100
deploy,22,final,othercls_samecont,c023,0.41861724853515625,3.690054416656494,1,0,100
deploy,22,readout,othercls_samecont,c023,0.4153900146484375,7.83945369720459,46,0,100
deploy,9,task,samecls_diffcont,c023,0.11757278442382812,1.2124769687652588,79,46,79
deploy,9,question,samecls_diffcont,c023,-0.0785064697265625,0.626737117767334,46,1,79
deploy,9,final,samecls_diffcont,c023,0.0064945220947265625,0.5178166627883911,1,0,79
deploy,9,readout,samecls_diffcont,c023,-0.0771026611328125,0.6243692636489868,46,0,79
deploy,22,task,samecls_diffcont,c023,-0.007966995239257812,10.464513778686523,79,46,79
deploy,22,question,samecls_diffcont,c023,0.00672149658203125,6.771971225738525,46,1,79
deploy,22,final,samecls_diffcont,c023,0.07513046264648438,2.472637414932251,1,0,79
deploy,22,readout,samecls_diffcont,c023,0.08288002014160156,6.6785078048706055,46,0,79
deploy,9,task,othercls_diffcont,c023,0.1292400360107422,1.506779432296753,79,46,79
deploy,9,question,othercls_diffcont,c023,0.03714561462402344,1.1502807140350342,46,1,79
deploy,9,final,othercls_diffcont,c023,-0.1399860382080078,0.6705805063247681,1,0,79
deploy,9,readout,othercls_diffcont,c023,-0.10041236877441406,1.1398526430130005,46,0,79
deploy,22,task,othercls_diffcont,c023,-0.007598876953125,12.306652069091797,79,46,79
deploy,22,question,othercls_diffcont,c023,0.0049648284912109375,10.51492691040039,46,1,79
deploy,22,final,othercls_diffcont,c023,1.0052032470703125,4.353942394256592,1,0,79
deploy,22,readout,othercls_diffcont,c023,1.0129451751708984,10.38099193572998,46,0,79
deploy,9,task,samecls_samecont,c024,-0.18178749084472656,1.3999451398849487,116,46,116
deploy,9,question,samecls_samecont,c024,0.0078125,0.5552762150764465,46,1,116
deploy,9,final,samecls_samecont,c024,0.05103111267089844,0.4883235991001129,1,0,116
deploy,9,readout,samecls_samecont,c024,0.061588287353515625,0.553820788860321,46,0,116
deploy,22,task,samecls_samecont,c024,0.012224197387695312,8.977210998535156,116,46,116
deploy,22,question,samecls_samecont,c024,-0.0156707763671875,6.58684778213501,46,1,116
deploy,22,final,samecls_samecont,c024,0.061252593994140625,2.276414632797241,1,0,116
deploy,22,readout,samecls_samecont,c024,0.04543304443359375,6.493142127990723,46,0,116
deploy,9,task,othercls_samecont,c024,-0.11332321166992188,1.4275951385498047,116,46,116
deploy,9,question,othercls_samecont,c024,0.08653450012207031,1.1735090017318726,46,1,116
deploy,9,final,othercls_samecont,c024,-0.15802001953125,0.5751302242279053,1,0,116
deploy,9,readout,othercls_samecont,c024,-0.07185935974121094,1.1605008840560913,46,0,116
deploy,22,task,othercls_samecont,c024,0.0064792633056640625,8.398636817932129,116,46,116
deploy,22,question,othercls_samecont,c024,-0.0039386749267578125,10.188329696655273,46,1,116
deploy,22,final,othercls_samecont,c024,0.9314346313476562,3.6785292625427246,1,0,116
deploy,22,readout,othercls_samecont,c024,0.9288883209228516,10.046813011169434,46,0,116
deploy,9,task,samecls_diffcont,c024,-0.08276176452636719,1.183861255645752,79,46,79
deploy,9,question,samecls_diffcont,c024,0.03215599060058594,0.6223680377006531,46,1,79
deploy,9,final,samecls_diffcont,c024,0.10141181945800781,0.5856454372406006,1,0,79
deploy,9,readout,samecls_diffcont,c024,0.11903572082519531,0.6215696930885315,46,0,79
deploy,22,task,samecls_diffcont,c024,0.00389862060546875,10.278301239013672,79,46,79
deploy,22,question,samecls_diffcont,c024,-0.0009403228759765625,7.025332450866699,46,1,79
deploy,22,final,samecls_diffcont,c024,0.14183616638183594,2.777313232421875,1,0,79
deploy,22,readout,samecls_diffcont,c024,0.14283370971679688,6.9329833984375,46,0,79
deploy,9,task,othercls_diffcont,c024,-0.047115325927734375,1.424909234046936,79,46,79
deploy,9,question,othercls_diffcont,c024,0.2096710205078125,1.3786259889602661,46,1,79
deploy,9,final,othercls_diffcont,c024,-0.16437911987304688,0.7964879274368286,1,0,79
deploy,9,readout,othercls_diffcont,c024,0.03928184509277344,1.3659708499908447,46,0,79
deploy,22,task,othercls_diffcont,c024,-0.00121307373046875,11.946481704711914,79,46,79
deploy,22,question,othercls_diffcont,c024,-0.0012226104736328125,12.776703834533691,46,1,79
deploy,22,final,othercls_diffcont,c024,0.6766185760498047,4.42003059387207,1,0,79
deploy,22,readout,othercls_diffcont,c024,0.6782798767089844,12.595037460327148,46,0,79
deploy,9,task,samecls_samecont,c025,0.0073719024658203125,1.1763365268707275,113,46,113
deploy,9,question,samecls_samecont,c025,0.0810699462890625,0.37556329369544983,46,1,113
deploy,9,final,samecls_samecont,c025,0.032299041748046875,0.2998742461204529,1,0,113
deploy,9,readout,samecls_samecont,c025,0.117706298828125,0.3739178776741028,46,0,113
deploy,22,task,samecls_samecont,c025,-0.0028839111328125,7.4254150390625,113,46,113
deploy,22,question,samecls_samecont,c025,-0.0028400421142578125,4.227445602416992,46,1,113
deploy,22,final,samecls_samecont,c025,0.026720046997070312,1.866389274597168,1,0,113
deploy,22,readout,samecls_samecont,c025,0.024202346801757812,4.176117897033691,46,0,113
deploy,9,task,othercls_samecont,c025,-0.12620162963867188,1.441806674003601,111,46,111
deploy,9,question,othercls_samecont,c025,0.17125892639160156,1.126965045928955,46,1,111
deploy,9,final,othercls_samecont,c025,-0.22709274291992188,0.6140283346176147,1,0,111
deploy,9,readout,othercls_samecont,c025,-0.053745269775390625,1.1158140897750854,46,0,111
deploy,22,task,othercls_samecont,c025,0.00177764892578125,9.46150016784668,111,46,111
deploy,22,question,othercls_samecont,c025,0.000644683837890625,10.17335033416748,46,1,111
deploy,22,final,othercls_samecont,c025,0.5330619812011719,3.745912551879883,1,0,111
deploy,22,readout,othercls_samecont,c025,0.5347309112548828,10.033622741699219,46,0,111
deploy,9,task,samecls_diffcont,c025,0.16967201232910156,3.7771477699279785,59,46,59
deploy,9,question,samecls_diffcont,c025,-0.30968666076660156,1.6374640464782715,46,1,59
deploy,9,final,samecls_diffcont,c025,0.38489532470703125,1.9377176761627197,1,0,59
deploy,9,readout,samecls_diffcont,c025,0.069976806640625,1.643991231918335,46,0,59
deploy,22,task,samecls_diffcont,c025,-0.0030956268310546875,21.548677444458008,59,46,59
deploy,22,question,samecls_diffcont,c025,0.001956939697265625,12.78918170928955,46,1,59
deploy,22,final,samecls_diffcont,c025,0.31919097900390625,7.854328155517578,1,0,59
deploy,22,readout,samecls_diffcont,c025,0.31382179260253906,12.681902885437012,46,0,59
deploy,9,task,othercls_diffcont,c025,0.23997879028320312,3.8923535346984863,59,46,59
deploy,9,question,othercls_diffcont,c025,-0.13479042053222656,1.7418466806411743,46,1,59
deploy,9,final,othercls_diffcont,c025,0.4120063781738281,2.121232032775879,1,0,59
deploy,9,readout,othercls_diffcont,c025,0.25433349609375,1.7500941753387451,46,0,59
deploy,22,task,othercls_diffcont,c025,0.00594329833984375,21.195823669433594,59,46,59
deploy,22,question,othercls_diffcont,c025,0.012224197387695312,12.723917961120605,46,1,59
deploy,22,final,othercls_diffcont,c025,1.8267955780029297,9.335749626159668,1,0,59
deploy,22,readout,othercls_diffcont,c025,1.8265933990478516,12.650260925292969,46,0,59
deploy,9,task,samecls_samecont,c029,-0.11555099487304688,2.110759735107422,72,46,72
deploy,9,question,samecls_samecont,c029,0.04689979553222656,1.1299777030944824,46,1,72
deploy,9,final,samecls_samecont,c029,-0.04596710205078125,0.8656638860702515,1,0,72
deploy,9,readout,samecls_samecont,c029,-0.00540924072265625,1.1242316961288452,46,0,72
deploy,22,task,samecls_samecont,c029,0.0020160675048828125,12.25084400177002,72,46,72
deploy,22,question,samecls_samecont,c029,-0.011676788330078125,10.85628604888916,46,1,72
deploy,22,final,samecls_samecont,c029,-0.08294677734375,3.7636003494262695,1,0,72
deploy,22,readout,samecls_samecont,c029,-0.09654045104980469,10.702096939086914,46,0,72
deploy,9,task,othercls_samecont,c029,0.1781158447265625,2.865854024887085,72,46,72
deploy,9,question,othercls_samecont,c029,0.2107677459716797,1.4596903324127197,46,1,72
deploy,9,final,othercls_samecont,c029,-0.012914657592773438,1.1231034994125366,1,0,72
deploy,9,readout,othercls_samecont,c029,0.21774673461914062,1.4523733854293823,46,0,72
deploy,22,task,othercls_samecont,c029,0.0073070526123046875,15.439279556274414,72,46,72
deploy,22,question,othercls_samecont,c029,0.007633209228515625,10.481103897094727,46,1,72
deploy,22,final,othercls_samecont,c029,1.508291244506836,6.105339527130127,1,0,72
deploy,22,readout,othercls_samecont,c029,1.5105972290039062,10.385978698730469,46,0,72
deploy,9,task,samecls_diffcont,c029,0.1580047607421875,3.813390016555786,59,46,59
deploy,9,question,samecls_diffcont,c029,0.6924610137939453,1.8464323282241821,46,1,59
deploy,9,final,samecls_diffcont,c029,-0.37185096740722656,1.9113681316375732,1,0,59
deploy,9,readout,samecls_diffcont,c029,0.29712867736816406,1.8478440046310425,46,0,59
deploy,22,task,samecls_diffcont,c029,-0.003582000732421875,22.021427154541016,59,46,59
deploy,22,question,samecls_diffcont,c029,-0.018270492553710938,14.971513748168945,46,1,59
deploy,22,final,samecls_diffcont,c029,-0.07933425903320312,7.998327255249023,1,0,59
deploy,22,readout,samecls_diffcont,c029,-0.11293601989746094,14.81992244720459,46,0,59
deploy,9,task,othercls_diffcont,c029,0.2625465393066406,3.880690097808838,59,46,59
deploy,9,question,othercls_diffcont,c029,0.7097969055175781,1.928462028503418,46,1,59
deploy,9,final,othercls_diffcont,c029,-0.3091259002685547,1.848679780960083,1,0,59
deploy,9,readout,othercls_diffcont,c029,0.4270477294921875,1.9267276525497437,46,0,59
deploy,22,task,othercls_diffcont,c029,-0.000316619873046875,22.00699806213379,59,46,59
deploy,22,question,othercls_diffcont,c029,-0.006893157958984375,14.476105690002441,46,1,59
deploy,22,final,othercls_diffcont,c029,0.4027137756347656,8.370332717895508,1,0,59
deploy,22,readout,othercls_diffcont,c029,0.38137245178222656,14.34337043762207,46,0,59
deploy,9,task,samecls_samecont,c036,0.13505935668945312,1.273661494255066,115,46,115
deploy,9,question,samecls_samecont,c036,-0.11627578735351562,0.5870248675346375,46,1,115
deploy,9,final,samecls_samecont,c036,0.00698089599609375,0.48914021253585815,1,0,115
deploy,9,readout,samecls_samecont,c036,-0.09964179992675781,0.5848969221115112,46,0,115
deploy,22,task,samecls_samecont,c036,-0.0074062347412109375,8.3152494430542,115,46,115
deploy,22,question,samecls_samecont,c036,0.0144805908203125,6.95202112197876,46,1,115
deploy,22,final,samecls_samecont,c036,-0.09410476684570312,2.3813087940216064,1,0,115
deploy,22,readout,samecls_samecont,c036,-0.07918357849121094,6.852657794952393,46,0,115
deploy,9,task,othercls_samecont,c036,0.05802345275878906,1.3541499376296997,117,46,117
deploy,9,question,othercls_samecont,c036,0.04860687255859375,0.6711441874504089,46,1,117
deploy,9,final,othercls_samecont,c036,0.0528411865234375,0.47715434432029724,1,0,117
deploy,9,readout,othercls_samecont,c036,0.10250091552734375,0.6669269800186157,46,0,117
deploy,22,task,othercls_samecont,c036,0.008932113647460938,8.184269905090332,117,46,117
deploy,22,question,othercls_samecont,c036,0.012491226196289062,6.095340251922607,46,1,117
deploy,22,final,othercls_samecont,c036,0.484588623046875,2.1980931758880615,1,0,117
deploy,22,readout,othercls_samecont,c036,0.4962806701660156,6.010618209838867,46,0,117
deploy,9,task,samecls_diffcont,c036,0.000789642333984375,3.7491953372955322,59,46,59
deploy,9,question,samecls_diffcont,c036,-0.8395118713378906,2.093747854232788,46,1,59
deploy,9,final,samecls_diffcont,c036,0.4446544647216797,2.0597476959228516,1,0,59
deploy,9,readout,samecls_diffcont,c036,-0.5339565277099609,2.0930089950561523,46,0,59
deploy,22,task,samecls_diffcont,c036,0.0007457733154296875,21.01249122619629,59,46,59
deploy,22,question,samecls_diffcont,c036,0.00402069091796875,12.732007026672363,46,1,59
deploy,22,final,samecls_diffcont,c036,-0.15616798400878906,8.203119277954102,1,0,59
deploy,22,readout,samecls_diffcont,c036,-0.15460205078125,12.633552551269531,46,0,59
deploy,9,task,othercls_diffcont,c036,0.038219451904296875,3.700660228729248,59,46,59
deploy,9,question,othercls_diffcont,c036,-0.17463302612304688,2.1301987171173096,46,1,59
deploy,9,final,othercls_diffcont,c036,0.19328689575195312,2.3728225231170654,1,0,59
deploy,9,readout,othercls_diffcont,c036,-0.08539390563964844,2.1354730129241943,46,0,59
deploy,22,task,othercls_diffcont,c036,-0.0010395050048828125,20.354305267333984,59,46,59
deploy,22,question,othercls_diffcont,c036,0.039936065673828125,13.552412033081055,46,1,59
deploy,22,final,othercls_diffcont,c036,0.5930118560791016,9.568726539611816,1,0,59
deploy,22,readout,othercls_diffcont,c036,0.6200218200683594,13.46580982208252,46,0,59
deploy,9,task,samecls_samecont,c039,-0.1772594451904297,2.2830474376678467,73,46,73
deploy,9,question,samecls_samecont,c039,0.25247955322265625,0.8671865463256836,46,1,73
deploy,9,final,samecls_samecont,c039,-0.020597457885742188,0.8516451716423035,1,0,73
deploy,9,readout,samecls_samecont,c039,0.24346160888671875,0.8668486475944519,46,0,73
deploy,22,task,samecls_samecont,c039,-0.0026531219482421875,13.44478988647461,73,46,73
deploy,22,question,samecls_samecont,c039,-0.00421142578125,8.07296371459961,46,1,73
deploy,22,final,samecls_samecont,c039,-0.21783828735351562,2.9221577644348145,1,0,73
deploy,22,readout,samecls_samecont,c039,-0.2233257293701172,7.9609904289245605,46,0,73
deploy,9,task,othercls_samecont,c039,0.03327178955078125,2.049835443496704,74,46,74
deploy,9,question,othercls_samecont,c039,0.5682849884033203,1.1865180730819702,46,1,74
deploy,9,final,othercls_samecont,c039,-0.10501480102539062,1.3304108381271362,1,0,74
deploy,9,readout,othercls_samecont,c039,0.43396759033203125,1.1896462440490723,46,0,74
deploy,22,task,othercls_samecont,c039,-0.0045986175537109375,14.433506965637207,74,46,74
deploy,22,question,othercls_samecont,c039,0.03483009338378906,8.823369026184082,46,1,74
deploy,22,final,othercls_samecont,c039,0.7644062042236328,5.600946426391602,1,0,74
deploy,22,readout,othercls_samecont,c039,0.7943019866943359,8.753316879272461,46,0,74
deploy,9,task,samecls_diffcont,c039,0.36956024169921875,3.989973545074463,59,46,59
deploy,9,question,samecls_diffcont,c039,1.2996063232421875,2.182610511779785,46,1,59
deploy,9,final,samecls_diffcont,c039,-0.2439403533935547,2.1727514266967773,1,0,59
deploy,9,readout,samecls_diffcont,c039,1.0160408020019531,2.182396173477173,46,0,59
deploy,22,task,samecls_diffcont,c039,0.001842498779296875,21.04888916015625,59,46,59
deploy,22,question,samecls_diffcont,c039,-0.0037326812744140625,15.913414001464844,46,1,59
deploy,22,final,samecls_diffcont,c039,0.6956768035888672,7.655128479003906,1,0,59
deploy,22,readout,samecls_diffcont,c039,0.6877613067626953,15.733885765075684,46,0,59
deploy,9,task,othercls_diffcont,c039,0.2050952911376953,3.8896594047546387,59,46,59
deploy,9,question,othercls_diffcont,c039,1.3987312316894531,2.3218562602996826,46,1,59
deploy,9,final,othercls_diffcont,c039,-0.29593849182128906,2.009608030319214,1,0,59
deploy,9,readout,othercls_diffcont,c039,1.0192127227783203,2.315068006515503,46,0,59
deploy,22,task,othercls_diffcont,c039,0.000911712646484375,21.83380126953125,59,46,59
deploy,22,question,othercls_diffcont,c039,0.014326095581054688,14.600508689880371,46,1,59
deploy,22,final,othercls_diffcont,c039,0.41767311096191406,8.132011413574219,1,0,59
deploy,22,readout,othercls_diffcont,c039,0.4279136657714844,14.45988941192627,46,0,59
deploy,9,task,samecls_samecont,c041,0.11578750610351562,1.427155613899231,127,46,127
deploy,9,question,samecls_samecont,c041,-0.205902099609375,0.952154815196991,46,1,127
deploy,9,final,samecls_samecont,c041,-0.0057086944580078125,0.46804267168045044,1,0,127
deploy,9,readout,samecls_samecont,c041,-0.2117767333984375,0.9416306614875793,46,0,127
deploy,22,task,samecls_samecont,c041,-0.009099960327148438,8.56943130493164,127,46,127
deploy,22,question,samecls_samecont,c041,0.019702911376953125,9.054828643798828,46,1,127
deploy,22,final,samecls_samecont,c041,-0.2916450500488281,3.089905261993408,1,0,127
deploy,22,readout,samecls_samecont,c041,-0.27500343322753906,8.925156593322754,46,0,127
deploy,9,task,othercls_samecont,c041,-0.04541969299316406,1.737292766571045,125,46,125
deploy,9,question,othercls_samecont,c041,-0.10640716552734375,1.3811184167861938,46,1,125
deploy,9,final,othercls_samecont,c041,-0.036266326904296875,0.8086721897125244,1,0,125
deploy,9,readout,othercls_samecont,c041,-0.10077857971191406,1.3686739206314087,46,0,125
deploy,22,task,othercls_samecont,c041,-0.014341354370117188,10.33999252319336,125,46,125
deploy,22,question,othercls_samecont,c041,0.019969940185546875,11.072452545166016,46,1,125
deploy,22,final,othercls_samecont,c041,-0.2801799774169922,3.6749086380004883,1,0,125
deploy,22,readout,othercls_samecont,c041,-0.26583290100097656,10.911637306213379,46,0,125
deploy,9,task,samecls_diffcont,c041,0.0503997802734375,1.4839991331100464,79,46,79
deploy,9,question,samecls_diffcont,c041,-0.29743003845214844,1.071334958076477,46,1,79
deploy,9,final,samecls_diffcont,c041,0.2076282501220703,0.7893744707107544,1,0,79
deploy,9,readout,samecls_diffcont,c041,-0.14570236206054688,1.0652053356170654,46,0,79
deploy,22,task,samecls_diffcont,c041,-0.0013027191162109375,12.864075660705566,79,46,79
deploy,22,question,samecls_diffcont,c041,0.016420364379882812,10.23635482788086,46,1,79
deploy,22,final,samecls_diffcont,c041,-0.3105335235595703,3.065829277038574,1,0,79
deploy,22,readout,samecls_diffcont,c041,-0.2951202392578125,10.080473899841309,46,0,79
deploy,9,task,othercls_diffcont,c041,-0.10420608520507812,1.7716681957244873,79,46,79
deploy,9,question,othercls_diffcont,c041,-0.24603652954101562,1.320435643196106,46,1,79
deploy,9,final,othercls_diffcont,c041,0.24211502075195312,1.0917601585388184,1,0,79
deploy,9,readout,othercls_diffcont,c041,-0.0975189208984375,1.3154646158218384,46,0,79
deploy,22,task,othercls_diffcont,c041,-0.0032939910888671875,14.112706184387207,79,46,79
deploy,22,question,othercls_diffcont,c041,0.0029201507568359375,11.908349990844727,46,1,79
deploy,22,final,othercls_diffcont,c041,-0.4065113067626953,4.642124176025391,1,0,79
deploy,22,readout,othercls_diffcont,c041,-0.4088420867919922,11.750389099121094,46,0,79
deploy,9,task,samecls_samecont,c042,0.05042266845703125,1.4695416688919067,108,46,108
deploy,9,question,samecls_samecont,c042,0.10549354553222656,0.6895304322242737,46,1,108
deploy,9,final,samecls_samecont,c042,-0.049472808837890625,0.4931008517742157,1,0,108
deploy,9,readout,samecls_samecont,c042,0.048328399658203125,0.6852601766586304,46,0,108
deploy,22,task,samecls_samecont,c042,-0.0047550201416015625,8.417815208435059,108,46,108
deploy,22,question,samecls_samecont,c042,0.0020923614501953125,7.022235870361328,46,1,108
deploy,22,final,samecls_samecont,c042,0.35506629943847656,3.149805784225464,1,0,108
deploy,22,readout,samecls_samecont,c042,0.3573799133300781,6.938052654266357,46,0,108
deploy,9,task,othercls_samecont,c042,-0.2506675720214844,1.4706597328186035,107,46,107
deploy,9,question,othercls_samecont,c042,-0.00750732421875,1.0299396514892578,46,1,107
deploy,9,final,othercls_samecont,c042,-0.031095504760742188,0.7058088183403015,1,0,107
deploy,9,readout,othercls_samecont,c042,-0.03553581237792969,1.0228931903839111,46,0,107
deploy,22,task,othercls_samecont,c042,-0.001163482666015625,8.011178016662598,107,46,107
deploy,22,question,othercls_samecont,c042,-0.014516830444335938,9.514941215515137,46,1,107
deploy,22,final,othercls_samecont,c042,-0.09878349304199219,3.4390954971313477,1,0,107
deploy,22,readout,othercls_samecont,c042,-0.11539840698242188,9.382857322692871,46,0,107
deploy,9,task,samecls_diffcont,c042,0.0032749176025390625,1.5038434267044067,79,46,79
deploy,9,question,samecls_diffcont,c042,0.1520557403564453,0.9699779748916626,46,1,79
deploy,9,final,samecls_diffcont,c042,-0.1043548583984375,0.7818339467048645,1,0,79
deploy,9,readout,samecls_diffcont,c042,0.028623580932617188,0.9658879041671753,46,0,79
deploy,22,task,samecls_diffcont,c042,-0.0068340301513671875,12.077607154846191,79,46,79
deploy,22,question,samecls_diffcont,c042,-0.0052280426025390625,8.654239654541016,46,1,79
deploy,22,final,samecls_diffcont,c042,0.32183265686035156,3.431131362915039,1,0,79
deploy,22,readout,samecls_diffcont,c042,0.3145885467529297,8.540694236755371,46,0,79
deploy,9,task,othercls_diffcont,c042,-0.09060478210449219,1.6592388153076172,79,46,79
deploy,9,question,othercls_diffcont,c042,0.29631996154785156,1.5532914400100708,46,1,79
deploy,9,final,othercls_diffcont,c042,-0.13315773010253906,0.9708712697029114,1,0,79
deploy,9,readout,othercls_diffcont,c042,0.15012550354003906,1.5406302213668823,46,0,79
deploy,22,task,othercls_diffcont,c042,-0.012239456176757812,15.21370792388916,79,46,79
deploy,22,question,othercls_diffcont,c042,-0.043338775634765625,13.631668090820312,46,1,79
deploy,22,final,othercls_diffcont,c042,1.5894756317138672,6.245953559875488,1,0,79
deploy,22,readout,othercls_diffcont,c042,1.5547294616699219,13.471109390258789,46,0,79
deploy,9,task,samecls_samecont,c043,-0.06519508361816406,1.3691003322601318,109,46,109
deploy,9,question,samecls_samecont,c043,0.22518157958984375,0.9906768798828125,46,1,109
deploy,9,final,samecls_samecont,c043,-0.08626365661621094,0.5351549386978149,1,0,109
deploy,9,readout,samecls_samecont,c043,0.1352100372314453,0.9807742834091187,46,0,109
deploy,22,task,samecls_samecont,c043,0.011972427368164062,8.43004035949707,109,46,109
deploy,22,question,samecls_samecont,c043,-0.018480300903320312,8.71850872039795,46,1,109
deploy,22,final,samecls_samecont,c043,0.13385772705078125,2.546976089477539,1,0,109
deploy,22,readout,samecls_samecont,c043,0.11359405517578125,8.584343910217285,46,0,109
deploy,9,task,othercls_samecont,c043,-0.07334136962890625,1.643375039100647,108,46,108
deploy,9,question,othercls_samecont,c043,0.4103260040283203,1.2405160665512085,46,1,108
deploy,9,final,othercls_samecont,c043,-0.10624504089355469,0.8092085719108582,1,0,108
deploy,9,readout,othercls_samecont,c043,0.33672523498535156,1.231139898300171,46,0,108
deploy,22,task,othercls_samecont,c043,0.0005321502685546875,11.986967086791992,108,46,108
deploy,22,question,othercls_samecont,c043,-0.03418731689453125,11.42570686340332,46,1,108
deploy,22,final,othercls_samecont,c043,1.2721691131591797,5.624051570892334,1,0,108
deploy,22,readout,othercls_samecont,c043,1.2381763458251953,11.299583435058594,46,0,108
deploy,9,task,samecls_diffcont,c043,-0.0009937286376953125,1.396304965019226,79,46,79
deploy,9,question,samecls_diffcont,c043,-0.1751079559326172,0.7376000285148621,46,1,79
deploy,9,final,samecls_diffcont,c043,0.006969451904296875,0.6245656609535217,1,0,79
deploy,9,readout,samecls_diffcont,c043,-0.1613616943359375,0.7351427674293518,46,0,79
deploy,22,task,samecls_diffcont,c043,0.0037708282470703125,11.102766990661621,79,46,79
deploy,22,question,samecls_diffcont,c043,0.00363922119140625,6.590100288391113,46,1,79
deploy,22,final,samecls_diffcont,c043,-0.02384185791015625,2.684699058532715,1,0,79
deploy,22,readout,samecls_diffcont,c043,-0.02179718017578125,6.505200386047363,46,0,79
deploy,9,task,othercls_diffcont,c043,-0.01345062255859375,1.5687958002090454,79,46,79
deploy,9,question,othercls_diffcont,c043,0.05865478515625,1.590092420578003,46,1,79
deploy,9,final,othercls_diffcont,c043,-0.24628067016601562,0.8999693989753723,1,0,79
deploy,9,readout,othercls_diffcont,c043,-0.17668533325195312,1.5750898122787476,46,0,79
deploy,22,task,othercls_diffcont,c043,-0.002773284912109375,12.753817558288574,79,46,79
deploy,22,question,othercls_diffcont,c043,0.0041065216064453125,12.846123695373535,46,1,79
deploy,22,final,othercls_diffcont,c043,0.22880172729492188,4.790516376495361,1,0,79
deploy,22,readout,othercls_diffcont,c043,0.22430801391601562,12.671002388000488,46,0,79
deploy,9,task,samecls_samecont,c044,0.13405609130859375,1.487797737121582,130,46,130
deploy,9,question,samecls_samecont,c044,0.16847801208496094,0.6210150122642517,46,1,130
deploy,9,final,samecls_samecont,c044,0.021493911743164062,0.48000577092170715,1,0,130
deploy,9,readout,samecls_samecont,c044,0.202972412109375,0.6179496049880981,46,0,130
deploy,22,task,samecls_samecont,c044,-0.00466156005859375,8.054484367370605,130,46,130
deploy,22,question,samecls_samecont,c044,0.008464813232421875,6.106574058532715,46,1,130
deploy,22,final,samecls_samecont,c044,0.3692798614501953,2.1134121417999268,1,0,130
deploy,22,readout,samecls_samecont,c044,0.3773307800292969,6.019766330718994,46,0,130
deploy,9,task,othercls_samecont,c044,-0.2077312469482422,1.8795497417449951,128,46,128
deploy,9,question,othercls_samecont,c044,0.21140289306640625,1.4751092195510864,46,1,128
deploy,9,final,othercls_samecont,c044,-0.2123737335205078,0.7804213166236877,1,0,128
deploy,9,readout,othercls_samecont,c044,-0.002819061279296875,1.4600071907043457,46,0,128
deploy,22,task,othercls_samecont,c044,-0.0037860870361328125,10.005668640136719,128,46,128
deploy,22,question,othercls_samecont,c044,0.00121307373046875,11.701643943786621,46,1,128
deploy,22,final,othercls_samecont,c044,0.2477588653564453,4.3355560302734375,1,0,128
deploy,22,readout,othercls_samecont,c044,0.24480438232421875,11.541511535644531,46,0,128
deploy,9,task,samecls_diffcont,c044,0.059368133544921875,1.1620374917984009,79,46,79
deploy,9,question,samecls_diffcont,c044,0.1673755645751953,0.7575181722640991,46,1,79
deploy,9,final,samecls_diffcont,c044,-0.026861190795898438,0.5599683523178101,1,0,79
deploy,9,readout,samecls_diffcont,c044,0.1504344940185547,0.7532235980033875,46,0,79
deploy,22,task,samecls_diffcont,c044,-0.001224517822265625,9.631124496459961,79,46,79
deploy,22,question,samecls_diffcont,c044,0.0188751220703125,7.900141716003418,46,1,79
deploy,22,final,samecls_diffcont,c044,-0.12330055236816406,2.9917514324188232,1,0,79
deploy,22,readout,samecls_diffcont,c044,-0.10482978820800781,7.793437957763672,46,0,79
deploy,9,task,othercls_diffcont,c044,-0.03704071044921875,1.3741679191589355,79,46,79
deploy,9,question,othercls_diffcont,c044,0.17240524291992188,1.6537309885025024,46,1,79
deploy,9,final,othercls_diffcont,c044,-0.2557544708251953,0.9612545371055603,1,0,79
deploy,9,readout,othercls_diffcont,c044,-0.08813667297363281,1.6386772394180298,46,0,79
deploy,22,task,othercls_diffcont,c044,-0.009578704833984375,11.923768997192383,79,46,79
deploy,22,question,othercls_diffcont,c044,0.026456832885742188,13.077506065368652,46,1,79
deploy,22,final,othercls_diffcont,c044,-0.221038818359375,5.078458309173584,1,0,79
deploy,22,readout,othercls_diffcont,c044,-0.20986175537109375,12.903613090515137,46,0,79
deploy,9,task,samecls_samecont,c045,-0.1453113555908203,1.2471898794174194,110,46,110
deploy,9,question,samecls_samecont,c045,0.09013175964355469,0.9303617477416992,46,1,110
deploy,9,final,samecls_samecont,c045,-0.0340423583984375,0.426970899105072,1,0,110
deploy,9,readout,samecls_samecont,c045,0.06475257873535156,0.9194185137748718,46,0,110
deploy,22,task,samecls_samecont,c045,0.0027599334716796875,7.238142013549805,110,46,110
deploy,22,question,samecls_samecont,c045,-0.024143218994140625,8.66952133178711,46,1,110
deploy,22,final,samecls_samecont,c045,0.2548484802246094,2.5154497623443604,1,0,110
deploy,22,readout,samecls_samecont,c045,0.229217529296875,8.535737037658691,46,0,110
deploy,9,task,othercls_samecont,c045,-0.19630050659179688,1.450274109840393,108,46,108
deploy,9,question,othercls_samecont,c045,-0.06853675842285156,1.518712043762207,46,1,108
deploy,9,final,othercls_samecont,c045,-0.21068382263183594,0.85599684715271,1,0,108
deploy,9,readout,othercls_samecont,c045,-0.28689002990722656,1.504305124282837,46,0,108
deploy,22,task,othercls_samecont,c045,-0.0032958984375,8.607991218566895,108,46,108
deploy,22,question,othercls_samecont,c045,0.0056629180908203125,11.868696212768555,46,1,108
deploy,22,final,othercls_samecont,c045,-0.09690284729003906,4.636895179748535,1,0,108
deploy,22,readout,othercls_samecont,c045,-0.10460853576660156,11.711483001708984,46,0,108
deploy,9,task,samecls_diffcont,c045,-0.12755393981933594,1.1828645467758179,79,46,79
deploy,9,question,samecls_diffcont,c045,0.11602973937988281,1.0931785106658936,46,1,79
deploy,9,final,samecls_diffcont,c045,-0.13477706909179688,0.683919370174408,1,0,79
deploy,9,readout,samecls_diffcont,c045,-0.025897979736328125,1.08428156375885,46,0,79
deploy,22,task,samecls_diffcont,c045,-0.0024394989013671875,9.19430160522461,79,46,79
deploy,22,question,samecls_diffcont,c045,-0.0491943359375,11.132115364074707,46,1,79
deploy,22,final,samecls_diffcont,c045,0.1754913330078125,3.49102520942688,1,0,79
deploy,22,readout,samecls_diffcont,c045,0.12211036682128906,10.966004371643066,46,0,79
deploy,9,task,othercls_diffcont,c045,-0.24361038208007812,1.3469839096069336,79,46,79
deploy,9,question,othercls_diffcont,c045,-0.28629112243652344,1.142906904220581,46,1,79
deploy,9,final,othercls_diffcont,c045,-0.092926025390625,0.9247922897338867,1,0,79
deploy,9,readout,othercls_diffcont,c045,-0.38896751403808594,1.1381652355194092,46,0,79
deploy,22,task,othercls_diffcont,c045,-0.0046749114990234375,11.069548606872559,79,46,79
deploy,22,question,othercls_diffcont,c045,0.0011272430419921875,10.765640258789062,46,1,79
deploy,22,final,othercls_diffcont,c045,0.22014999389648438,4.547605991363525,1,0,79
deploy,22,readout,othercls_diffcont,c045,0.20916366577148438,10.630465507507324,46,0,79
deploy,9,task,samecls_samecont,c046,0.14484024047851562,1.3341888189315796,111,46,111
deploy,9,question,samecls_samecont,c046,-0.22958946228027344,0.9393212199211121,46,1,111
deploy,9,final,samecls_samecont,c046,-0.0445404052734375,0.5105620622634888,1,0,111
deploy,9,readout,samecls_samecont,c046,-0.27262115478515625,0.930000364780426,46,0,111
deploy,22,task,samecls_samecont,c046,-0.011075973510742188,7.086485862731934,111,46,111
deploy,22,question,samecls_samecont,c046,0.0282745361328125,8.30913257598877,46,1,111
deploy,22,final,samecls_samecont,c046,-0.40412139892578125,2.8174116611480713,1,0,111
deploy,22,readout,samecls_samecont,c046,-0.37772560119628906,8.189746856689453,46,0,111
deploy,9,task,othercls_samecont,c046,-0.08489036560058594,1.4944463968276978,109,46,109
deploy,9,question,othercls_samecont,c046,-0.21855735778808594,0.9991849064826965,46,1,109
deploy,9,final,othercls_samecont,c046,0.05056190490722656,0.8569319248199463,1,0,109
deploy,9,readout,othercls_samecont,c046,-0.22785186767578125,0.9960924386978149,46,0,109
deploy,22,task,othercls_samecont,c046,-0.001834869384765625,8.770174026489258,109,46,109
deploy,22,question,othercls_samecont,c046,0.04793357849121094,10.517424583435059,46,1,109
deploy,22,final,othercls_samecont,c046,0.0460205078125,3.8332488536834717,1,0,109
deploy,22,readout,othercls_samecont,c046,0.09049034118652344,10.372117042541504,46,0,109
deploy,9,task,samecls_diffcont,c046,-0.02111053466796875,1.6193197965621948,79,46,79
deploy,9,question,samecls_diffcont,c046,-0.2577037811279297,1.2848031520843506,46,1,79
deploy,9,final,samecls_diffcont,c046,0.1372852325439453,0.8962159752845764,1,0,79
deploy,9,readout,samecls_diffcont,c046,-0.1508941650390625,1.2763556241989136,46,0,79
deploy,22,task,samecls_diffcont,c046,-0.000820159912109375,13.056788444519043,79,46,79
deploy,22,question,samecls_diffcont,c046,0.04290199279785156,11.437972068786621,46,1,79
deploy,22,final,samecls_diffcont,c046,-0.23773956298828125,4.3340840339660645,1,0,79
deploy,22,readout,samecls_diffcont,c046,-0.19611358642578125,11.283539772033691,46,0,79
deploy,9,task,othercls_diffcont,c046,-0.1303234100341797,1.7128409147262573,79,46,79
deploy,9,question,othercls_diffcont,c046,-0.2298603057861328,1.3645358085632324,46,1,79
deploy,9,final,othercls_diffcont,c046,0.07799339294433594,1.007470965385437,1,0,79
deploy,9,readout,othercls_diffcont,c046,-0.15357398986816406,1.3567736148834229,46,0,79
deploy,22,task,othercls_diffcont,c046,0.0007171630859375,13.517640113830566,79,46,79
deploy,22,question,othercls_diffcont,c046,0.04574394226074219,11.990764617919922,46,1,79
deploy,22,final,othercls_diffcont,c046,0.19394302368164062,4.270681858062744,1,0,79
deploy,22,readout,othercls_diffcont,c046,0.23805618286132812,11.82293701171875,46,0,79
deploy,9,task,samecls_samecont,c047,-0.325439453125,1.5154305696487427,128,46,128
deploy,9,question,samecls_samecont,c047,0.08823776245117188,0.5424743890762329,46,1,128
deploy,9,final,samecls_samecont,c047,0.021209716796875,0.4789513647556305,1,0,128
deploy,9,readout,samecls_samecont,c047,0.1103057861328125,0.5410934686660767,46,0,128
deploy,22,task,samecls_samecont,c047,0.008312225341796875,10.001052856445312,128,46,128
deploy,22,question,samecls_samecont,c047,0.0019626617431640625,7.499125003814697,46,1,128
deploy,22,final,samecls_samecont,c047,-0.3750286102294922,2.5843393802642822,1,0,128
deploy,22,readout,samecls_samecont,c047,-0.37348365783691406,7.392282009124756,46,0,128
deploy,9,task,othercls_samecont,c047,-0.292449951171875,1.4884567260742188,128,46,128
deploy,9,question,othercls_samecont,c047,0.36444091796875,1.0021785497665405,46,1,128
deploy,9,final,othercls_samecont,c047,-0.04639625549316406,0.7547087073326111,1,0,128
deploy,9,readout,othercls_samecont,c047,0.30047035217285156,0.9967988133430481,46,0,128
deploy,22,task,othercls_samecont,c047,0.011754989624023438,9.24642276763916,128,46,128
deploy,22,question,othercls_samecont,c047,0.002834320068359375,7.998819351196289,46,1,128
deploy,22,final,othercls_samecont,c047,0.43194007873535156,3.470107078552246,1,0,128
deploy,22,readout,othercls_samecont,c047,0.43454933166503906,7.900369167327881,46,0,128
deploy,9,task,samecls_diffcont,c047,-0.17236328125,4.127273082733154,59,46,59
deploy,9,question,samecls_diffcont,c047,-0.8234729766845703,1.7452480792999268,46,1,59
deploy,9,final,samecls_diffcont,c047,0.6837196350097656,1.8686249256134033,1,0,59
deploy,9,readout,samecls_diffcont,c047,-0.20327186584472656,1.7479301691055298,46,0,59
deploy,22,task,samecls_diffcont,c047,0.0045337677001953125,21.82240867614746,59,46,59
deploy,22,question,samecls_diffcont,c047,-0.024438858032226562,13.947976112365723,46,1,59
deploy,22,final,samecls_diffcont,c047,-0.11253166198730469,8.283902168273926,1,0,59
deploy,22,readout,samecls_diffcont,c047,-0.1337261199951172,13.824845314025879,46,0,59
deploy,9,task,othercls_diffcont,c047,0.013521194458007812,3.622572660446167,59,46,59
deploy,9,question,othercls_diffcont,c047,-0.3661365509033203,1.931747317314148,46,1,59
deploy,9,final,othercls_diffcont,c047,0.4204826354980469,1.870100498199463,1,0,59
deploy,9,readout,othercls_diffcont,c047,0.18419837951660156,1.930407166481018,46,0,59
deploy,22,task,othercls_diffcont,c047,0.005146026611328125,21.647235870361328,59,46,59
deploy,22,question,othercls_diffcont,c047,-0.03607368469238281,15.763261795043945,46,1,59
deploy,22,final,othercls_diffcont,c047,0.9628791809082031,8.524551391601562,1,0,59
deploy,22,readout,othercls_diffcont,c047,0.9280071258544922,15.6058988571167,46,0,59
deploy,9,task,samecls_samecont,c049,-0.09303092956542969,2.8266632556915283,74,46,74
deploy,9,question,samecls_samecont,c049,0.5347805023193359,0.9494123458862305,46,1,74
deploy,9,final,samecls_samecont,c049,-0.10335731506347656,0.7618017196655273,1,0,74
deploy,9,readout,samecls_samecont,c049,0.4577369689941406,0.9453338384628296,46,0,74
deploy,22,task,samecls_samecont,c049,-0.0065479278564453125,15.48105525970459,74,46,74
deploy,22,question,samecls_samecont,c049,-0.0049839019775390625,8.585638046264648,46,1,74
deploy,22,final,samecls_samecont,c049,0.5113410949707031,4.29271936416626,1,0,74
deploy,22,readout,samecls_samecont,c049,0.5030059814453125,8.492313385009766,46,0,74
deploy,9,task,othercls_samecont,c049,-0.24030685424804688,3.050137519836426,73,46,73
deploy,9,question,othercls_samecont,c049,0.7815418243408203,1.8752058744430542,46,1,73
deploy,9,final,othercls_samecont,c049,-0.08306121826171875,1.055174469947815,1,0,73
deploy,9,readout,othercls_samecont,c049,0.6529903411865234,1.8573790788650513,46,0,73
deploy,22,task,othercls_samecont,c049,0.0019683837890625,12.860589027404785,73,46,73
deploy,22,question,othercls_samecont,c049,-0.013568878173828125,12.40245246887207,46,1,73
deploy,22,final,othercls_samecont,c049,1.0943794250488281,6.71150016784668,1,0,73
deploy,22,readout,othercls_samecont,c049,1.0706539154052734,12.278735160827637,46,0,73
deploy,9,task,samecls_diffcont,c049,0.23168182373046875,4.350583076477051,59,46,59
deploy,9,question,samecls_diffcont,c049,0.45548248291015625,1.9045608043670654,46,1,59
deploy,9,final,samecls_diffcont,c049,-0.39896583557128906,1.9210124015808105,1,0,59
deploy,9,readout,samecls_diffcont,c049,-0.06032371520996094,1.9049185514450073,46,0,59
deploy,22,task,samecls_diffcont,c049,-0.0012569427490234375,23.12714958190918,59,46,59
deploy,22,question,samecls_diffcont,c049,0.027116775512695312,14.017616271972656,46,1,59
deploy,22,final,samecls_diffcont,c049,-0.05769157409667969,8.051203727722168,1,0,59
deploy,22,readout,samecls_diffcont,c049,-0.031703948974609375,13.88791275024414,46,0,59
deploy,9,task,othercls_diffcont,c049,0.2079601287841797,4.490772724151611,59,46,59
deploy,9,question,othercls_diffcont,c049,0.8344783782958984,2.0590782165527344,46,1,59
deploy,9,final,othercls_diffcont,c049,-0.4298553466796875,1.840471863746643,1,0,59
deploy,9,readout,othercls_diffcont,c049,0.18519973754882812,2.054325819015503,46,0,59
deploy,22,task,othercls_diffcont,c049,-0.001964569091796875,24.483417510986328,59,46,59
deploy,22,question,othercls_diffcont,c049,0.0071430206298828125,16.165630340576172,46,1,59
deploy,22,final,othercls_diffcont,c049,0.6251602172851562,8.981672286987305,1,0,59
deploy,22,readout,othercls_diffcont,c049,0.6326065063476562,16.009458541870117,46,0,59
deploy,9,task,samecls_samecont,c050,0.1325664520263672,1.7319015264511108,141,46,141
deploy,9,question,samecls_samecont,c050,0.18390655517578125,0.7137356996536255,46,1,141
deploy,9,final,samecls_samecont,c050,-0.0213623046875,0.6952887773513794,1,0,141
deploy,9,readout,samecls_samecont,c050,0.16436004638671875,0.7133346796035767,46,0,141
deploy,22,task,samecls_samecont,c050,0.0060787200927734375,8.830543518066406,141,46,141
deploy,22,question,samecls_samecont,c050,-0.001575469970703125,6.751686096191406,46,1,141
deploy,22,final,samecls_samecont,c050,0.20230674743652344,2.7709603309631348,1,0,141
deploy,22,readout,samecls_samecont,c050,0.20122146606445312,6.665148735046387,46,0,141
deploy,9,task,othercls_samecont,c050,-0.11722564697265625,1.6634634733200073,142,46,142
deploy,9,question,othercls_samecont,c050,0.4160652160644531,0.7172267436981201,46,1,142
deploy,9,final,othercls_samecont,c050,-0.07496833801269531,0.5288357138633728,1,0,142
deploy,9,readout,othercls_samecont,c050,0.34093666076660156,0.713131308555603,46,0,142
deploy,22,task,othercls_samecont,c050,-0.00174713134765625,11.150784492492676,142,46,142
deploy,22,question,othercls_samecont,c050,-0.017347335815429688,6.958937644958496,46,1,142
deploy,22,final,othercls_samecont,c050,0.6845664978027344,3.749025583267212,1,0,142
deploy,22,readout,othercls_samecont,c050,0.6692104339599609,6.889156818389893,46,0,142
deploy,9,task,samecls_diffcont,c050,-0.02455902099609375,1.681267261505127,79,46,79
deploy,9,question,samecls_diffcont,c050,0.42330360412597656,0.9109159708023071,46,1,79
deploy,9,final,samecls_diffcont,c050,0.03997611999511719,0.882654070854187,1,0,79
deploy,9,readout,samecls_diffcont,c050,0.45659828186035156,0.9103015661239624,46,0,79
deploy,22,task,samecls_diffcont,c050,-0.0025157928466796875,15.463485717773438,79,46,79
deploy,22,question,samecls_diffcont,c050,-0.0125274658203125,8.789826393127441,46,1,79
deploy,22,final,samecls_diffcont,c050,-0.08638572692871094,5.070572376251221,1,0,79
deploy,22,readout,samecls_diffcont,c050,-0.10291862487792969,8.70897388458252,46,0,79
deploy,9,task,othercls_diffcont,c050,0.03529930114746094,1.621147632598877,79,46,79
deploy,9,question,othercls_diffcont,c050,0.8020553588867188,1.036516785621643,46,1,79
deploy,9,final,othercls_diffcont,c050,0.09857559204101562,0.7799749374389648,1,0,79
deploy,9,readout,othercls_diffcont,c050,0.8731479644775391,1.0309398174285889,46,0,79
deploy,22,task,othercls_diffcont,c050,0.0026454925537109375,15.20502758026123,79,46,79
deploy,22,question,othercls_diffcont,c050,-0.00379180908203125,8.95545482635498,46,1,79
deploy,22,final,othercls_diffcont,c050,1.0191097259521484,6.682956695556641,1,0,79
deploy,22,readout,othercls_diffcont,c050,1.0143375396728516,8.90605354309082,46,0,79
deploy,9,task,samecls_samecont,c056,0.0407257080078125,0.8983120322227478,109,46,109
deploy,9,question,samecls_samecont,c056,-0.04689598083496094,0.4964504539966583,46,1,109
deploy,9,final,samecls_samecont,c056,0.00453948974609375,0.6186849474906921,1,0,109
deploy,9,readout,samecls_samecont,c056,-0.03365325927734375,0.4991077482700348,46,0,109
deploy,22,task,samecls_samecont,c056,0.008764266967773438,9.067203521728516,109,46,109
deploy,22,question,samecls_samecont,c056,0.016870498657226562,6.037298679351807,46,1,109
deploy,22,final,samecls_samecont,c056,0.11601638793945312,2.4843926429748535,1,0,109
deploy,22,readout,samecls_samecont,c056,0.13239669799804688,5.960061073303223,46,0,109
deploy,9,task,othercls_samecont,c056,0.23964691162109375,0.9946960210800171,110,46,110
deploy,9,question,othercls_samecont,c056,0.31067466735839844,0.7185488343238831,46,1,110
deploy,9,final,othercls_samecont,c056,0.03434944152832031,0.5382195115089417,1,0,110
deploy,9,readout,othercls_samecont,c056,0.34606170654296875,0.7146286368370056,46,0,110
deploy,22,task,othercls_samecont,c056,0.00568389892578125,8.818167686462402,110,46,110
deploy,22,question,othercls_samecont,c056,0.008554458618164062,7.645447254180908,46,1,110
deploy,22,final,othercls_samecont,c056,1.1087932586669922,4.235353946685791,1,0,110
deploy,22,readout,othercls_samecont,c056,1.1179676055908203,7.571314811706543,46,0,110
deploy,9,task,samecls_diffcont,c056,0.48587608337402344,4.080110549926758,59,46,59
deploy,9,question,samecls_diffcont,c056,-0.21108627319335938,1.871734619140625,46,1,59
deploy,9,final,samecls_diffcont,c056,0.2014007568359375,2.1476175785064697,1,0,59
deploy,9,readout,samecls_diffcont,c056,0.05755043029785156,1.8777320384979248,46,0,59
deploy,22,task,samecls_diffcont,c056,-0.0040740966796875,21.922969818115234,59,46,59
deploy,22,question,samecls_diffcont,c056,-0.008085250854492188,14.577775955200195,46,1,59
deploy,22,final,samecls_diffcont,c056,0.28843116760253906,7.31539249420166,1,0,59
deploy,22,readout,samecls_diffcont,c056,0.280120849609375,14.419898986816406,46,0,59
deploy,9,task,othercls_diffcont,c056,0.2209339141845703,3.7431206703186035,59,46,59
deploy,9,question,othercls_diffcont,c056,0.13786888122558594,1.6886210441589355,46,1,59
deploy,9,final,othercls_diffcont,c056,0.2859649658203125,1.9511663913726807,1,0,59
deploy,9,readout,othercls_diffcont,c056,0.42511749267578125,1.6943283081054688,46,0,59
deploy,22,task,othercls_diffcont,c056,-0.0071048736572265625,21.109819412231445,59,46,59
deploy,22,question,othercls_diffcont,c056,0.005046844482421875,12.769755363464355,46,1,59
deploy,22,final,othercls_diffcont,c056,0.7401180267333984,7.267280578613281,1,0,59
deploy,22,readout,othercls_diffcont,c056,0.7376232147216797,12.65013599395752,46,0,59
deploy,9,task,samecls_samecont,c058,0.2880840301513672,2.109802722930908,80,46,80
deploy,9,question,samecls_samecont,c058,-0.056758880615234375,0.9854055047035217,46,1,80
deploy,9,final,samecls_samecont,c058,0.08658981323242188,0.7663240432739258,1,0,80
deploy,9,readout,samecls_samecont,c058,0.012845993041992188,0.9806427955627441,46,0,80
deploy,22,task,samecls_samecont,c058,0.002544403076171875,10.387992858886719,80,46,80
deploy,22,question,samecls_samecont,c058,0.05539703369140625,8.27859115600586,46,1,80
deploy,22,final,samecls_samecont,c058,0.3424854278564453,5.994138240814209,1,0,80
deploy,22,readout,samecls_samecont,c058,0.3956947326660156,8.22892951965332,46,0,80
deploy,9,task,othercls_samecont,c058,-0.20422744750976562,1.7515631914138794,79,46,79
deploy,9,question,othercls_samecont,c058,0.13899803161621094,1.1910319328308105,46,1,79
deploy,9,final,othercls_samecont,c058,0.09291267395019531,0.996040940284729,1,0,79
deploy,9,readout,othercls_samecont,c058,0.2268543243408203,1.1867929697036743,46,0,79
deploy,22,task,othercls_samecont,c058,-0.00388336181640625,7.984025478363037,79,46,79
deploy,22,question,othercls_samecont,c058,0.01122283935546875,9.442852973937988,46,1,79
deploy,22,final,othercls_samecont,c058,0.44083595275878906,4.191254615783691,1,0,79
deploy,22,readout,othercls_samecont,c058,0.4504852294921875,9.328688621520996,46,0,79
deploy,9,task,samecls_diffcont,c058,0.21849632263183594,3.999429225921631,59,46,59
deploy,9,question,samecls_diffcont,c058,0.3428955078125,1.7914092540740967,46,1,59
deploy,9,final,samecls_diffcont,c058,-0.21198272705078125,2.032102346420288,1,0,59
deploy,9,readout,samecls_diffcont,c058,0.0015888214111328125,1.7966415882110596,46,0,59
deploy,22,task,samecls_diffcont,c058,-0.002071380615234375,21.256635665893555,59,46,59
deploy,22,question,samecls_diffcont,c058,0.011775970458984375,14.29003620147705,46,1,59
deploy,22,final,samecls_diffcont,c058,0.10822105407714844,8.080300331115723,1,0,59
deploy,22,readout,samecls_diffcont,c058,0.12395668029785156,14.155041694641113,46,0,59
deploy,9,task,othercls_diffcont,c058,0.14933395385742188,3.924952507019043,59,46,59
deploy,9,question,othercls_diffcont,c058,0.4254188537597656,2.0973455905914307,46,1,59
deploy,9,final,othercls_diffcont,c058,-0.182373046875,1.8369944095611572,1,0,59
deploy,9,readout,othercls_diffcont,c058,0.17370223999023438,2.0916855335235596,46,0,59
deploy,22,task,othercls_diffcont,c058,-0.0016632080078125,22.135286331176758,59,46,59
deploy,22,question,othercls_diffcont,c058,0.008209228515625,15.839515686035156,46,1,59
deploy,22,final,othercls_diffcont,c058,0.1231842041015625,8.1642484664917,1,0,59
deploy,22,readout,othercls_diffcont,c058,0.13051605224609375,15.672662734985352,46,0,59
